# Blender 5.1.2
# www.blender.org
mtllib Rook_cleaned.mtl
o 3DModel
v 0.058623654 0.047330048 0.031582174
v 0.034108158 0.231340361 0.062466919
v 0.039507319 0.008355699 -0.054292566
v 0.052308850 0.007102419 -0.045925623
v -0.020346500 0.014485992 -0.064505151
v 0.055992245 0.192901229 0.023033753
v 0.036579152 0.181256668 -0.009031566
v 0.069376206 0.044147033 0.008008055
v 0.060901746 0.026601789 0.023639853
v 0.062210453 0.255887878 0.010175718
v 0.046500191 0.018858645 -0.050377330
v 0.063949318 0.251218132 0.015736224
v 0.064233056 0.253746510 0.016398485
v 0.027971540 0.009581210 -0.060682147
v 0.019991255 0.257576975 0.069606598
v 0.035087903 0.221768054 0.059514609
v -0.013369468 0.141115791 -0.010467921
v -0.000141777 0.265051709 -0.007966718
v -0.036024201 0.262813727 0.022324761
v 0.043136411 0.269354017 -0.004269477
v 0.042564977 0.236398454 -0.015431457
v 0.022623043 0.258053912 0.069250651
v 0.012366824 0.230623820 0.065325585
v 0.040208314 0.228783694 0.057858074
v 0.010274605 0.210994285 0.061887625
v -0.028437210 0.223249927 0.040255668
v -0.019097080 0.196611869 0.045251886
v -0.020305979 0.201377795 0.046282500
v -0.010005143 0.142109156 -0.012976970
v -0.007546327 0.140227594 -0.015799063
v -0.007862616 0.243639654 -0.018481732
v -0.063915487 0.017251123 -0.004129670
v -0.063125047 0.017296390 0.000809198
v 0.011565883 0.135039080 0.037759773
v 0.039650698 0.184728389 0.042710661
v 0.010683277 0.188798949 0.055341399
v 0.038086584 0.143481225 -0.003979014
v 0.032372735 0.077959492 -0.039894408
v 0.064893976 0.048608494 -0.022476054
v 0.036846796 0.171862835 0.033320187
v 0.033770535 0.171648885 0.035843871
v 0.052293907 0.072105783 0.023612176
v 0.042594740 0.164306707 0.009933041
v 0.016787053 0.220699684 0.063180068
v 0.016464985 0.233880825 0.066447809
v 0.024455225 0.269450739 -0.008773969
v -0.025756408 0.199117495 0.001762723
v -0.027712207 0.205960262 0.002660198
v -0.011095906 0.267610127 0.001253754
v 0.065030224 0.027658009 -0.016728344
v 0.061696934 0.031302665 -0.023829545
v 0.063094687 0.031374308 -0.019138765
v 0.062182224 0.244498242 0.011065235
v -0.027527425 0.199860833 0.005738988
v -0.049223564 0.005080745 0.032122701
v -0.061797644 0.021842966 -0.000037199
v 0.061445998 0.229432357 0.011216986
v 0.045879945 0.177184281 0.024282751
v -0.027518209 0.068524891 -0.048483713
v 0.014082923 0.128706559 -0.024845274
v -0.039544295 0.084818547 -0.021838423
v -0.043389723 0.076665253 -0.024861766
v -0.032592827 0.089730294 -0.029287327
v -0.036658452 0.085893415 -0.027020576
v -0.033529267 0.093342950 -0.025093910
v -0.023123013 0.098705774 -0.031645593
v -0.026078771 0.097027468 -0.030414522
v -0.029769529 0.098760575 -0.025861411
v -0.012682709 0.124668700 -0.021144292
v 0.001364375 0.174565467 -0.013941418
v 0.002301501 0.178465018 -0.015160129
v -0.021316662 0.142246133 0.002121379
v -0.024239417 0.135043705 0.002572880
v -0.023146010 0.139581896 0.004401662
v -0.017491715 0.147521681 -0.001560620
v -0.024202796 0.130277003 -0.002464929
v -0.022757420 0.114489468 -0.019169372
v -0.020448523 0.134748324 -0.005356361
v -0.024980771 0.125556574 -0.005876684
v 0.019938406 0.251355255 0.046583191
v 0.042626282 0.255794828 0.028389546
v 0.042990920 0.259453182 0.045326769
v 0.023208481 0.257929900 0.054162247
v 0.024373420 0.260489177 0.057312414
v 0.018614482 0.256113834 0.053091107
v 0.031340354 0.257414829 0.051370998
v 0.034653010 0.251754078 0.039330709
v 0.034755364 0.250977478 0.034037395
v 0.036846520 0.254360340 0.043215195
v 0.035521765 0.253205959 0.042716904
v 0.036198466 0.256944099 0.048562373
v 0.035087342 0.254571846 0.045883987
v 0.037851902 0.256320044 0.046026016
v 0.038548967 0.258181614 0.048712091
v 0.047650265 0.260947361 0.034587043
v 0.042956647 0.258465830 0.041751144
v 0.025316487 0.272078752 -0.014985559
v 0.024685778 0.247391503 -0.023967238
v 0.039183636 0.253102724 0.024319016
v 0.029389095 0.242107096 -0.022784649
v 0.026606242 0.238974884 -0.023296141
v 0.008432059 0.225784260 -0.025731378
v 0.005249762 0.215769572 -0.027692728
v -0.052488729 0.014506487 0.023917003
v 0.014018176 0.250258419 -0.024046296
v -0.003447146 0.254475896 -0.019465330
v 0.001072979 0.253695229 -0.020856081
v -0.002257161 0.179540993 -0.013449913
v 0.002874832 0.213726277 -0.026794490
v 0.000442051 0.215622575 -0.026189514
v -0.008877818 0.219656779 -0.020950558
v -0.018918687 0.207700174 -0.010040348
v -0.019502750 0.197573644 -0.006559644
v -0.013937326 0.247167524 -0.015045744
v -0.011805124 0.239134218 -0.017262673
v -0.024286043 0.025035283 0.045494239
v -0.027090308 0.223610901 -0.000023735
v -0.010731233 0.234228745 -0.018406957
v -0.010500149 0.236559192 -0.018449219
v -0.010367212 0.267382334 -0.016537658
v -0.010125594 0.263437522 -0.016918766
v -0.014985979 0.256216589 -0.014062093
v -0.017661471 0.242580090 -0.012619354
v -0.028195081 0.259986994 -0.002117068
v 0.038743303 0.009983124 0.045668702
v -0.035205184 0.241163718 0.011907959
v -0.032128893 0.268094913 0.004975481
v -0.026499152 0.270270006 -0.001265569
v -0.025284080 0.270920368 -0.000127994
v 0.030659216 0.038639461 -0.055357215
v -0.003152862 0.012489326 -0.067393671
v 0.045910091 0.042744817 0.044924242
v 0.050698531 0.055725156 0.038587373
v -0.050809177 0.006753069 0.030091872
v -0.048573968 0.006839487 0.031223617
v -0.029422938 0.257369569 -0.000392176
v -0.032492088 0.258536544 0.003550266
v -0.030942838 0.268559861 0.002527786
v -0.034119905 0.256686642 0.006621341
v -0.014166928 0.219916824 -0.016769832
v -0.002456341 0.225562182 -0.023140669
v -0.003491110 0.223338522 -0.023345250
v -0.005149412 0.226330673 -0.021904247
v 0.000543438 0.238602625 -0.022425830
v -0.022674321 0.247918878 -0.007741030
v -0.020815010 0.253329905 -0.009644794
v -0.012875918 0.250572427 -0.015424227
v 0.008588203 0.232671843 -0.024338993
v 0.013570947 0.243435066 -0.024080400
v 0.029065046 0.249659772 0.015580940
v 0.032426977 0.250274009 0.017941050
v 0.028259319 0.248205921 0.020742303
v 0.025560151 0.247689632 0.018918648
v 0.046257864 0.259724684 0.013033703
v 0.030590158 0.270975186 -0.015432591
v 0.028216824 0.247942164 0.028964716
v 0.033706650 0.252587587 0.043256259
v 0.031052537 0.249069910 0.023000184
v 0.032472955 0.250152910 0.034298796
v 0.014318575 0.245565464 0.022474446
v -0.033173569 0.112287885 -0.005870627
v -0.015374744 0.115414562 -0.025175277
v -0.036471720 0.095262036 -0.016971072
v -0.033160080 0.108911964 -0.010837649
v -0.036441910 0.104296204 -0.006565588
v -0.016889061 0.141488416 -0.006180131
v -0.012938589 0.147713261 -0.007601105
v -0.006347008 0.153682130 -0.011360806
v -0.003230103 0.152694821 -0.013790980
v -0.006488638 0.147299966 -0.013515742
v 0.001385358 0.163557629 -0.013781591
v -0.002244443 0.158317745 -0.012809116
v -0.034266616 0.083371849 -0.032570685
v -0.002776969 0.132910400 -0.022044209
v -0.001389633 0.128497041 -0.024806154
v -0.026142117 0.115168672 -0.015007015
v -0.016117735 0.120227268 -0.021142226
v -0.017308438 0.124930928 -0.016738959
v -0.020799184 0.126029606 -0.011980706
v -0.021858002 0.120042688 -0.015695550
v -0.029895810 0.078298117 -0.040204933
v -0.025082413 0.080549925 -0.041720943
v -0.021391338 0.150963608 0.008476190
v -0.017518126 0.160096294 0.002530700
v -0.012959320 0.161135242 -0.003852928
v -0.006609409 0.159435285 -0.009889383
v -0.012425251 0.168962712 -0.004500642
v -0.015897336 0.173007039 -0.001392444
v -0.017520091 0.170205710 0.001527122
v 0.044577625 0.258079284 0.032867621
v 0.058851732 0.266112315 0.015099942
v 0.058744473 0.265839735 0.011819044
v -0.055878250 0.016684711 -0.040169223
v -0.044906436 0.015107367 -0.055546514
v -0.049182347 0.014668720 -0.052699762
v 0.040801318 0.269631403 -0.005503480
v 0.033251713 0.269319728 -0.016321024
v 0.014641176 0.237863570 -0.024327439
v 0.009378982 0.242537931 -0.023625708
v 0.022390603 0.248031094 0.038984535
v -0.019866840 0.147761661 0.002784254
v -0.015797217 0.155817827 -0.001066265
v -0.018419933 0.153384462 0.002385923
v 0.041401782 0.183119077 -0.005222424
v -0.013418943 0.176024826 -0.004785096
v 0.033720624 0.216083819 0.058150936
v 0.056767449 0.082578156 0.004325522
v -0.028484648 0.207592757 0.036065863
v 0.061111756 0.005255820 0.022227284
v 0.039200047 0.157365668 0.000326860
v 0.053748522 0.189341687 0.011365394
v 0.052062758 0.185625240 0.014181752
v 0.043371243 0.007340461 0.042332271
v -0.056221346 0.021884521 -0.028685849
v 0.028426853 0.006635785 -0.063672887
v 0.025283318 0.006816471 -0.064834834
v -0.054976515 0.011372712 -0.052985411
v 0.015392590 0.014334739 -0.064590299
v -0.042147375 0.012858136 -0.059476363
v -0.008903154 0.008466444 -0.070066807
v -0.041588820 0.009775881 -0.063695965
v -0.032093472 0.013822955 -0.062273739
v -0.033276765 0.012333843 -0.063505030
v -0.030377282 0.012858823 -0.063860044
v -0.013339914 0.013931278 -0.065810684
v -0.013611358 0.016775465 -0.064556978
v -0.026251279 0.011056695 -0.066960013
v 0.013509069 0.018030892 -0.064990523
v -0.060205315 0.020977576 -0.017278480
v -0.060131663 0.019268133 -0.020133345
v 0.034148263 0.019764152 -0.058585463
v 0.024807087 0.025833722 -0.062042634
v 0.033432693 0.023213587 -0.058792082
v 0.037505186 0.023752905 -0.056385911
v -0.011003025 0.018347450 -0.064954382
v -0.010934163 0.015628037 -0.065918765
v -0.009851974 0.012980546 -0.066865801
v -0.017153142 0.017575626 -0.063901272
v -0.012377564 0.027271716 -0.063160207
v -0.036643931 0.025354012 -0.052366175
v -0.056119145 0.018207010 -0.035458645
v -0.051163774 0.015727305 -0.048702416
v -0.041034571 0.017169488 -0.055241268
v 0.029405721 0.031645454 -0.058214983
v -0.002858341 0.035428322 -0.062430603
v -0.001486183 0.030949463 -0.063913075
v -0.029308770 0.032393549 -0.054762107
v -0.032794091 0.034577757 -0.052077083
v -0.035691473 0.030852539 -0.051197290
v -0.037265654 0.034534762 -0.049020805
v -0.034556300 0.036796989 -0.050266469
v -0.022253469 0.035465018 -0.057449319
v -0.028931194 0.024709055 -0.057741468
v -0.026993512 0.020643450 -0.059929720
v 0.001211025 0.034755967 -0.062894730
v 0.003240172 0.044613664 -0.061351274
v -0.045844455 0.023418328 -0.044873465
v -0.046311561 0.028275817 -0.042149766
v -0.051039491 0.018253911 -0.044355121
v -0.045857842 0.021172885 -0.046100440
v -0.048537150 0.030779184 -0.038561851
v -0.040666842 0.044604693 -0.045566980
v 0.041745275 0.051455323 -0.050202319
v 0.003144223 0.268481179 -0.012166019
v -0.032537265 0.073881145 -0.041717132
v -0.060537108 0.028971712 -0.004331633
v -0.059657011 0.035087862 -0.006107030
v -0.058418926 0.016085145 -0.036300585
v -0.057885151 0.020009833 -0.026630755
v -0.067222594 0.011167303 -0.015284730
v -0.060588828 0.025379862 -0.010122473
v -0.017168259 0.215314462 0.050465195
v -0.066238007 0.010746696 -0.035847970
v -0.053842476 0.013277573 -0.050207963
v -0.065542795 0.009565083 -0.046019241
v -0.060648576 0.013680893 -0.038954220
v -0.057937247 0.011828717 -0.048576012
v -0.068571397 0.009548715 -0.039918854
v -0.062462339 0.011374272 -0.043628375
v -0.068505178 0.009469361 -0.030079238
v -0.069274539 0.008906504 -0.025311100
v -0.065251181 0.011639131 -0.028926540
v -0.068835052 0.009144183 -0.019083085
v -0.065828973 0.013609013 -0.011988726
v -0.064565262 0.016488289 -0.008549191
v -0.066293271 0.012872418 -0.007529563
v 0.045229060 0.041633673 -0.046593955
v 0.021331994 0.008756868 -0.063612303
v 0.011561419 0.011872121 -0.065153004
v 0.008180663 0.014031233 -0.065667255
v -0.033550690 0.031504325 0.039620710
v 0.011659557 0.008838449 -0.066173679
v 0.049350287 0.008169757 -0.048327421
v 0.030901137 0.006256990 -0.059378656
v -0.056470104 0.009866617 0.021064857
v -0.055929841 0.006576934 0.024865818
v -0.044854194 0.005706899 0.033546921
v -0.065684846 0.007300082 0.005706979
v -0.014811671 0.186152245 -0.006680469
v -0.048185864 0.008077277 0.030614122
v 0.049353582 0.258823693 0.054299627
v 0.048191464 0.251794281 0.056170796
v 0.055757083 0.215462191 0.037142275
v 0.058111359 0.207951047 0.034111095
v 0.056330457 0.053641546 0.032512384
v 0.048113580 0.002302367 0.038183451
v 0.034814948 0.001622292 0.046911744
v 0.048711617 0.016322616 0.039354137
v 0.044548827 0.007152556 -0.051874929
v 0.031940648 0.076247354 0.042696683
v -0.036040600 0.262089997 0.012520910
v 0.044195971 0.013294490 -0.051706251
v -0.000201727 0.235656492 -0.022501159
v 0.031720794 0.011761660 -0.059018042
v 0.029612265 0.016237594 -0.060606330
v 0.002552522 0.009848650 -0.067809226
v -0.000393341 0.011426831 -0.067597110
v 0.001906396 0.011790197 -0.066899796
v -0.020843535 0.019315417 0.047902741
v -0.042303214 0.021113482 -0.049968444
v -0.017650867 0.012650032 0.049274302
v -0.039274787 0.009739003 0.036886239
v -0.045868475 0.010586246 0.031541000
v 0.060683870 0.261418532 0.035793320
v 0.064121751 0.238546481 0.017521036
v 0.061145866 0.207528853 0.009195557
v -0.001158269 0.014274725 -0.066571172
v 0.058668619 0.222913756 0.006714032
v 0.066307879 0.055559706 0.013567413
v 0.068198112 0.054958446 -0.008576462
v -0.022920098 0.017495165 -0.062188618
v 0.069053318 0.055140540 -0.003942306
v 0.067908268 0.043652379 -0.013478433
v 0.067182206 0.025836155 -0.007944660
v 0.065776233 0.029749950 -0.011537285
v 0.067037332 0.034402036 -0.008286164
v 0.069296449 0.021194030 -0.006656899
v 0.066184434 0.030373889 0.010747277
v 0.068533274 0.051122824 0.010799147
v 0.066616547 0.051251919 0.016458994
v 0.070164435 0.050633903 0.000690085
v 0.068691845 0.012315744 0.007496970
v 0.070106001 0.044409540 -0.003146052
v 0.061995524 0.029487552 0.021806154
v 0.063622995 0.000000000 0.016213745
v 0.056248298 0.009536284 -0.040503138
v 0.004910986 0.034608507 -0.062932278
v -0.052758390 0.031707303 0.023411964
v -0.020426218 0.016797536 -0.063432513
v 0.054209507 0.265662925 0.002885343
v 0.060406806 0.200522997 0.016201575
v 0.028196347 0.021531488 -0.061444699
v 0.056914480 0.220824062 0.003506354
v 0.048434849 0.012730068 -0.048383151
v 0.056302163 0.210257146 -0.002044247
v 0.011759866 0.051486667 -0.060750263
v 0.034521219 0.040466194 -0.053363067
v 0.055849009 0.223725677 0.000474088
v 0.051718116 0.095211186 -0.013145157
v 0.035163134 0.008784344 -0.056581227
v 0.061175694 0.054091075 -0.028735855
v 0.060786261 0.038815644 -0.027955336
v 0.038323146 0.038653110 -0.051079813
v 0.062451185 0.035785897 -0.022913424
v 0.055122976 0.015375619 -0.041895515
v 0.055976313 0.048299808 0.035217826
v 0.062278300 0.044398534 -0.027015287
v 0.038409762 0.049322758 0.050226145
v 0.052027987 0.048084749 0.039588993
v 0.004268220 0.030204301 0.053777621
v 0.045563447 0.014650677 0.041822139
v 0.052179792 0.029872500 0.036144066
v 0.041664147 0.017173602 0.044836340
v 0.056368069 0.019486441 -0.040113621
v 0.058249820 0.004399628 -0.038223152
v 0.059113488 0.003763893 -0.034671800
v 0.024438922 0.008492642 -0.062542563
v -0.035866196 0.074562210 0.026881200
v -0.039320569 0.021078910 -0.052393421
v -0.031723170 0.023690578 0.041648942
v 0.064467273 0.002492416 -0.019139282
v -0.008096048 0.024494913 0.051102038
v -0.016241618 0.031726851 0.048351923
v 0.008698382 0.030179825 0.054489634
v 0.064959244 0.005050543 -0.018444236
v -0.039851421 0.030292872 0.035549700
v -0.032640876 0.049453232 0.042141715
v 0.063999750 0.006190720 -0.023220680
v -0.053888619 0.024985420 0.020938934
v -0.053786535 0.019257187 0.021611593
v -0.062248096 0.016704683 -0.019256538
v -0.048233952 0.023183878 0.027924117
v -0.051274355 0.024425448 0.024593061
v -0.062808674 0.008768322 0.010561420
v -0.060636107 0.027589723 0.004490884
v -0.059054829 0.029354403 0.009991224
v -0.062288966 0.017975730 -0.015265822
v -0.027718837 0.012540009 0.045230009
v -0.055194506 0.036018835 0.019939087
v -0.056821896 0.038691926 0.016277462
v -0.037936640 0.069459358 0.027462896
v -0.035381678 0.055478544 -0.048813232
v -0.041825068 0.079272988 0.012774415
v -0.045642471 0.047635012 0.032478361
v -0.011775776 0.073495985 -0.050371160
v -0.030072258 0.071165471 -0.045263872
v 0.009337582 0.067405648 -0.056400286
v 0.005509687 0.079722820 -0.047184878
v -0.017072268 0.079952408 -0.044676588
v -0.010176751 0.078090024 -0.047033985
v -0.014128969 0.076224736 -0.048044301
v -0.005307817 0.073398248 -0.051480299
v 0.022461565 0.077104272 -0.045849724
v -0.007853719 0.065068366 -0.056331465
v -0.028502765 0.064338807 -0.049985585
v -0.008618257 0.068636645 -0.054277204
v -0.028067309 0.060847137 -0.051566148
v -0.037734712 0.080256518 -0.030841977
v 0.031485363 0.056898470 -0.054922121
v 0.018038290 0.053921180 -0.059686986
v 0.013932352 0.056760787 -0.059798236
v 0.019114295 0.066170648 -0.055154153
v 0.023027056 0.062813342 -0.055643402
v -0.028094735 0.046329427 -0.053260668
v 0.025936907 0.053589376 -0.057771812
v 0.041868703 0.045844944 -0.049784458
v -0.003149377 0.060503544 -0.058995888
v -0.025303488 0.051006057 -0.054032068
v 0.032843143 0.053037769 -0.055070143
v 0.019708966 0.059738602 -0.058025025
v -0.004525898 0.050363497 -0.060565667
v -0.007050304 0.062165090 -0.057601045
v -0.009127575 0.056678429 -0.058724219
v -0.002206671 0.055297000 -0.060198197
v -0.025757573 0.056085123 -0.053357018
v -0.018542546 0.055479625 -0.056321852
v -0.054504925 0.056588926 -0.022909089
v 0.044918372 0.053283756 -0.047567023
v 0.015369867 0.082498364 -0.044279087
v 0.028185492 0.091910645 -0.036173995
v 0.024729433 0.090262207 -0.038104158
v 0.020291543 0.082137104 -0.043094404
v 0.024175835 0.098658361 -0.036386711
v 0.022282593 0.100019557 -0.036554097
v 0.022372665 0.102297831 -0.035870208
v 0.031303178 0.094350001 -0.033972889
v 0.036152544 0.089292367 -0.031786735
v 0.033791910 0.097043259 -0.032003392
v 0.034669538 0.092704692 -0.032277460
v 0.030884749 0.108855883 -0.029414968
v 0.026056892 0.100371439 -0.035028307
v 0.029738013 0.099336460 -0.033778795
v 0.036418298 0.104401069 -0.027620062
v 0.025092264 0.114394132 -0.029410920
v 0.045346463 0.085876857 -0.024913466
v 0.044115812 0.083117044 -0.027515662
v 0.043321651 0.202370205 -0.015414847
v 0.042250982 0.142562005 0.006608693
v 0.030054967 0.165747948 -0.009642897
v 0.037709935 0.148102237 -0.003530662
v 0.031555857 0.154611828 -0.008820289
v -0.004114988 0.169708629 -0.010684689
v -0.009671457 0.147918909 -0.010783993
v 0.009056476 0.178425202 -0.016837413
v 0.033235019 0.165476846 -0.007295375
v 0.031335513 0.180365600 -0.012940699
v 0.031395190 0.174952927 -0.010897370
v 0.028716592 0.169253767 -0.011090964
v 0.037682487 0.194771229 -0.016338138
v 0.034519170 0.187777257 -0.014858455
v 0.038588468 0.200720653 -0.018203792
v 0.025848578 0.145926865 -0.014394785
v 0.023176733 0.156308270 -0.013467857
v 0.034682774 0.152960002 -0.006451979
v 0.027341041 0.155731283 -0.011451660
v 0.029140495 0.149257837 -0.011403534
v 0.025310880 0.150730772 -0.013320439
v 0.030080350 0.160571179 -0.009462716
v 0.025242489 0.158065155 -0.012231515
v 0.023814766 0.161029758 -0.012715180
v 0.036011820 0.119884478 -0.018914440
v 0.020973640 0.132028007 -0.021940169
v 0.019644502 0.106983619 -0.034797844
v 0.017235067 0.114396937 -0.031810159
v 0.010252340 0.133840260 -0.023307185
v 0.017783782 0.130727069 -0.023335867
v 0.025345795 0.121672727 -0.025258777
v 0.039142365 0.111638963 -0.021673314
v 0.028918009 0.143964201 -0.012977975
v 0.027100755 0.135399078 -0.017306018
v 0.027415210 0.137919053 -0.015989619
v 0.031802112 0.130957791 -0.016126003
v 0.037495521 0.121806113 -0.016128527
v -0.006640705 0.178780021 -0.010787311
v -0.008984315 0.133180892 -0.018617443
v -0.054245398 0.064228879 -0.009134295
v -0.050910488 0.069390859 -0.011642011
v -0.053845840 0.062835365 -0.017575920
v -0.052865329 0.062873926 -0.021571452
v -0.042291375 0.086274179 -0.001390113
v -0.036251099 0.091656615 -0.021581786
v -0.038650591 0.089085118 -0.018076901
v -0.041497707 0.087404426 -0.007462300
v -0.050806352 0.062487429 -0.027853805
v -0.047838993 0.065597489 -0.030550681
v -0.046816235 0.066841671 -0.031786726
v -0.043781904 0.073766172 -0.028931461
v -0.040623819 0.079472978 -0.026576510
v -0.043096656 0.078952789 -0.021040713
v -0.039079162 0.091167247 -0.013397763
v -0.017795050 0.133337468 -0.010325777
v -0.027659176 0.100070642 -0.026999684
v -0.037494858 0.071168419 -0.039880236
v -0.029268741 0.100655914 -0.024889947
v -0.027589629 0.081861812 -0.039247531
v -0.019658687 0.084505465 -0.041084118
v -0.032648197 0.067932463 -0.046004743
v -0.042213917 0.067834490 -0.037985956
v -0.029790510 0.083340720 -0.036567518
v -0.025673634 0.072384611 -0.047009957
v -0.005015572 0.080762661 -0.045548195
v 0.011168791 0.087514381 -0.042475439
v 0.015970726 0.085252659 -0.042654147
v 0.015775874 0.089537826 -0.041091678
v -0.004804811 0.083518522 -0.043750409
v 0.001239368 0.089177894 -0.042222137
v -0.009365498 0.082799735 -0.043700790
v -0.007256231 0.086610178 -0.042057350
v -0.012295739 0.086059883 -0.041466375
v -0.019963233 0.089702195 -0.037595385
v -0.010418026 0.091047062 -0.039273718
v -0.000680303 0.086175448 -0.043244683
v -0.003328597 0.091099117 -0.040912038
v -0.021806288 0.093085303 -0.034858431
v -0.025353334 0.089885040 -0.035185057
v -0.016263485 0.086071735 -0.040970142
v -0.014539142 0.094422822 -0.036939447
v -0.000207116 0.096562122 -0.039714947
v 0.013865908 0.100715524 -0.038555819
v -0.021025506 0.103304281 -0.030615824
v -0.020978695 0.111067609 -0.023989849
v -0.012695412 0.133710068 -0.015459378
v -0.026169961 0.093807436 -0.032531792
v -0.022517589 0.095482296 -0.033465890
v -0.030111269 0.088207739 -0.033030268
v -0.029305730 0.093164147 -0.030283302
v -0.030762194 0.095327048 -0.027115335
v -0.013093430 0.110550607 -0.030459233
v -0.006029430 0.107440704 -0.035002371
v -0.024094960 0.102062063 -0.029005882
v -0.018858004 0.095892873 -0.034709987
v 0.003045350 0.105057416 -0.037521983
v -0.010446891 0.095295566 -0.037956684
v 0.002675188 0.099787449 -0.038968496
v 0.017738297 0.102551770 -0.037047646
v 0.013887190 0.107354752 -0.035948533
v 0.006725645 0.099382987 -0.039389161
v 0.012428864 0.121497609 -0.028784425
v 0.016485828 0.119865566 -0.028968209
v 0.001034172 0.118394488 -0.031022172
v -0.004406980 0.113516957 -0.032682866
v -0.001028820 0.114535983 -0.032907592
v -0.005926603 0.117499118 -0.029912766
v -0.005087701 0.126489118 -0.024643307
v 0.003252832 0.112618903 -0.034311187
v 0.001119021 0.140208539 -0.020135925
v 0.000570340 0.146870794 -0.017574166
v -0.008572049 0.112124245 -0.031921558
v -0.009160860 0.120034167 -0.026740497
v -0.002497039 0.118533334 -0.030379435
v -0.004065057 0.122566612 -0.027407546
v 0.004175955 0.127035955 -0.026395463
v -0.007346614 0.129011914 -0.022112492
v 0.000610942 0.123603462 -0.027922526
v 0.005359437 0.120673705 -0.029814806
v 0.012996312 0.146997201 -0.018631625
v 0.010072969 0.149067911 -0.018289466
v -0.019751280 0.156069104 0.006283294
v 0.006726785 0.139633822 -0.021155176
v 0.009204421 0.154098286 -0.017216981
v 0.002941233 0.151078660 -0.016973345
v 0.001648468 0.190632080 -0.018853698
v 0.005288699 0.167865237 -0.015008400
v 0.001002888 0.169288383 -0.013286275
v 0.005180417 0.174586649 -0.015386352
v 0.012719402 0.151371786 -0.017608004
v -0.013341591 0.153341405 -0.005035706
v -0.029170007 0.104135267 -0.022459497
v 0.005632416 0.147836460 -0.018376853
v 0.009605189 0.144833961 -0.019601523
v 0.005168851 0.132176375 -0.024049445
v 0.013254456 0.143393515 -0.019564340
v 0.010247519 0.141944355 -0.020308236
v 0.012784416 0.138856489 -0.021207539
v -0.029053159 0.108742305 -0.017889604
v -0.038523644 0.100195614 0.000324014
v -0.039399572 0.095459497 -0.005064251
v -0.028177145 0.125425720 0.001537407
v -0.035477528 0.109646821 -0.000305140
v -0.020985327 0.138403062 -0.001585107
v -0.024172927 0.138469027 0.006686698
v -0.026651999 0.130710774 0.005751065
v -0.025759378 0.133768694 0.009709530
v -0.025468918 0.110006343 -0.020638467
v -0.030619097 0.115648924 -0.007527423
v -0.024397135 0.122471782 -0.010102156
v -0.027782463 0.118084252 -0.009709154
v -0.030171471 0.111992716 -0.012999544
v -0.030903616 0.105186197 -0.019207442
v -0.037188824 0.097426064 -0.012263948
v -0.031979279 0.106383716 -0.015957812
v -0.034918861 0.102184387 -0.013951555
v -0.056679217 0.054262045 -0.017474401
v -0.055831608 0.059646830 -0.013673350
v -0.052795128 0.045610253 -0.030033485
v -0.045425380 0.039690147 -0.041158773
v -0.042849523 0.063672278 -0.040201493
v -0.049768144 0.058541297 -0.032259734
v -0.044906205 0.061302199 -0.038679008
v -0.046695869 0.063721140 -0.034754456
v -0.043448474 0.052018336 -0.042614608
v -0.017220632 0.150788783 0.022431676
v -0.018912775 0.146357808 0.020171971
v 0.019700696 0.156482949 0.037824063
v 0.006351519 0.138837210 0.036835870
v 0.023160578 0.133096111 0.036455587
v 0.024981211 0.113024345 0.040275101
v 0.027648190 0.129421267 0.034814371
v 0.022397273 0.141431429 0.036137500
v 0.026767358 0.137833237 0.034198276
v 0.025111318 0.144952347 0.034819685
v 0.024022770 0.167081319 0.039147108
v 0.031106097 0.158844027 0.032493303
v 0.031437403 0.165366147 0.034267383
v 0.025674452 0.156932566 0.035588650
v 0.032897840 0.154294148 0.030002345
v 0.050756840 0.189169227 0.003489728
v 0.052741856 0.189395637 0.007586998
v 0.034638876 0.159437137 0.029310414
v 0.040492238 0.194003386 0.049524448
v 0.028577295 0.183866887 0.048391658
v 0.029570832 0.178688269 0.043788325
v 0.022677150 0.191540234 0.055000703
v 0.016808428 0.185203246 0.052497281
v 0.024082960 0.185667488 0.051180098
v 0.018243880 0.198837892 0.058892406
v 0.019532124 0.195265991 0.057368263
v 0.023386626 0.196409915 0.056900739
v 0.012917633 0.203207786 0.060976906
v 0.045779315 0.220301808 0.051343852
v 0.049129416 0.217956410 0.047317821
v 0.050531146 0.201982266 0.044781723
v 0.050620421 0.230246840 0.050457485
v 0.048019827 0.230159937 0.053295884
v 0.046188714 0.234650735 0.055641427
v 0.048429627 0.257186735 0.055725384
v 0.046531637 0.249450484 0.056915466
v 0.046708482 0.245096247 0.056728742
v 0.051842641 0.236959793 0.051041916
v 0.048531115 0.261820557 0.050860611
v 0.046816070 0.260055111 0.054377153
v 0.046204987 0.257623592 0.056109758
v 0.045744191 0.261782960 0.052564316
v 0.052065465 0.255843331 0.053531544
v 0.046503595 0.239241533 0.056566203
v 0.047111762 0.258501018 0.055177180
v 0.047643051 0.241418850 0.055718872
v 0.054387058 0.247565511 0.049977748
v 0.053754145 0.258876250 0.050255762
v 0.055512167 0.255160744 0.049194196
v 0.054974797 0.261292892 0.044008303
v 0.055547255 0.258679280 0.048087864
v 0.055819739 0.259875404 0.046323970
v 0.054380763 0.260069352 0.048332081
v 0.050338939 0.260568596 0.052255164
v 0.056652286 0.261303919 0.041245907
v 0.057476365 0.256824381 0.045719651
v 0.059982876 0.259154523 0.040528310
v 0.060562198 0.256275501 0.040299583
v 0.048025995 0.254585652 0.056511047
v 0.048843839 0.238850445 0.054611030
v 0.052117576 0.221650606 0.044740676
v 0.052594787 0.229757500 0.047601676
v 0.050060468 0.252742269 0.055088410
v 0.059637699 0.253861000 0.042357530
v 0.049580898 0.224475631 0.049146180
v 0.048830885 0.207632414 0.047291125
v 0.050275354 0.197193928 0.042728015
v 0.052775288 0.199790629 0.040867830
v 0.054699602 0.220534063 0.040196866
v 0.055573152 0.236391159 0.045348923
v 0.052576503 0.207768759 0.042992592
v 0.057812268 0.201011834 0.030687796
v 0.057916192 0.212532593 0.033456210
v 0.059578779 0.206175778 0.028678447
v 0.056178578 0.204617344 0.037533987
v 0.058811819 0.216913464 0.030464926
v 0.057208768 0.216199216 0.034072309
v 0.056612984 0.210805653 0.036679908
v 0.061505697 0.204952021 0.015512710
v 0.058579689 0.197222938 0.020507935
v 0.060405889 0.206773033 0.023540327
v 0.060773611 0.204130061 0.019688381
v 0.060755754 0.212974839 0.019660221
v 0.059788627 0.215509568 0.025891453
v 0.060171801 0.218692231 0.013265430
v 0.059126387 0.257927149 0.042762783
v 0.058844966 0.264035342 0.029128880
v 0.058921473 0.261925969 0.036364909
v 0.057729084 0.231355457 0.039473288
v 0.055068447 0.226745176 0.042426070
v 0.054667078 0.261955163 0.041160868
v 0.056739723 0.267152694 0.013252609
v 0.060746062 0.219526348 0.018588548
v 0.061040541 0.214975249 0.016611172
v 0.055675547 0.207882308 0.038744735
v 0.051244640 0.216935511 0.044549154
v 0.053004163 0.216443552 0.041943595
v 0.054231423 0.211815771 0.040111627
v 0.054019110 0.205020024 0.040985391
v 0.053987035 0.202405867 0.040342351
v 0.052663960 0.196326355 0.038233440
v 0.052304276 0.069164061 0.025455280
v 0.056097263 0.057487198 0.030714750
v 0.053935990 0.055171529 0.035207883
v 0.055614326 0.051996957 0.034667448
v 0.052884851 0.035741588 0.036850878
v 0.056792548 0.008275618 0.029535607
v 0.052094992 0.005673937 0.034550975
v 0.054285361 0.042810567 0.037077330
v 0.059371990 0.202061954 0.025112449
v 0.057554185 0.044527962 0.033092607
v 0.051002412 0.190382248 0.034232853
v 0.059966347 0.049565892 0.029124462
v 0.055711622 0.061912194 0.027147870
v 0.059127840 0.044210690 0.031039328
v 0.052508700 0.188838432 0.028372898
v 0.055030976 0.195639609 0.031974418
v 0.057119860 0.193884552 0.014733237
v 0.060757043 0.045387305 0.028622574
v 0.062734681 0.048785662 0.024842286
v 0.058674695 0.039847762 0.030894621
v 0.048869921 0.191883286 0.039812071
v 0.058342588 0.052804532 0.030311641
v 0.059539663 0.031217079 0.026718688
v 0.055972124 0.017506753 0.031265694
v 0.060423630 0.053467364 0.027077414
v 0.062450720 0.053469315 0.023134385
v 0.061429791 0.208416596 0.016503145
v 0.059760084 0.199623486 0.011791482
v 0.057320403 0.197288272 0.026548651
v 0.054703485 0.189502661 0.019002921
v 0.062926938 0.257079309 0.035261949
v 0.062385445 0.244339599 0.034706880
v 0.064734087 0.248054775 0.029804744
v 0.064707327 0.254996994 0.030898107
v 0.063246627 0.259132869 0.032874159
v 0.062026558 0.259726629 0.035813683
v 0.051684789 0.250526461 0.053671974
v 0.056842423 0.261980914 0.038504243
v 0.057495746 0.259719917 0.044409323
v 0.061691739 0.257774377 0.038022511
v 0.059657580 0.247512858 0.040845818
v 0.061157855 0.263714271 0.023907802
v 0.061191698 0.209278592 0.020140532
v 0.060873213 0.223190175 0.016509388
v 0.063583680 0.246858524 0.014967734
v 0.062455841 0.262171312 0.016343784
v 0.062480135 0.262934173 0.021904126
v 0.061709549 0.263417899 0.019129829
v 0.062778905 0.232026786 0.027217783
v 0.063901297 0.240317512 0.029129558
v 0.064704572 0.238600032 0.023491509
v 0.061362736 0.225135349 0.024982774
v 0.060648924 0.219968716 0.022904476
v 0.063141686 0.230778253 0.022416341
v 0.064166644 0.243155476 0.016531661
v 0.063127125 0.240291249 0.013867430
v 0.062975883 0.233531242 0.014887720
v 0.064550564 0.249264499 0.017389155
v 0.064699594 0.246901820 0.017422184
v 0.065250609 0.246854824 0.020847548
v 0.063902574 0.234386776 0.020081936
v 0.063575530 0.233955149 0.017668306
v 0.064569687 0.251988449 0.017030929
v 0.065379402 0.245594907 0.025795223
v 0.062321950 0.252754759 0.037073492
v 0.063828352 0.250236005 0.033015280
v 0.065555255 0.251418400 0.026036294
v 0.063486988 0.259696712 0.016976340
v 0.063386796 0.261091538 0.020058203
v 0.065008379 0.252696904 0.019148317
v 0.062839888 0.257016787 0.012445674
v 0.063341096 0.252194906 0.012801723
v 0.060432886 0.211009902 0.024127142
v 0.063110585 0.243320989 0.014092470
v 0.061471452 0.238829827 0.010689365
v 0.060027575 0.219996265 0.026844093
v 0.062535064 0.236134229 0.012629757
v 0.060056687 0.245869887 0.006749624
v 0.061776922 0.259561721 0.010772649
v 0.057429455 0.259414745 0.002270153
v 0.060850027 0.252027585 0.007148613
v 0.060496554 0.224075896 0.013238952
v 0.063109294 0.259979710 0.013881384
v 0.061201391 0.263179503 0.011949751
v 0.060090811 0.240604109 0.007076150
v 0.059813050 0.206959835 0.004770459
v 0.061579755 0.207913915 0.012213113
v 0.061879151 0.233330635 0.011737901
v 0.061190357 0.211350744 0.017264107
v 0.063727580 0.055731919 0.019220767
v 0.060167718 0.265138961 0.018832654
v 0.058824084 0.203677675 0.003772715
v 0.061357901 0.211443506 0.014700044
v 0.057948127 0.263556978 0.005242380
v 0.060928418 0.213216667 0.012103663
v 0.059766581 0.216077415 0.008305403
v 0.060730922 0.210883035 0.008520101
v 0.060543862 0.234789577 0.008120512
v 0.059755841 0.224775748 0.009397356
v 0.059135617 0.222565765 0.008860055
v 0.059279996 0.221085756 0.009584416
v 0.065215333 0.059013496 0.010942661
v 0.060418831 0.208278461 0.007000451
v 0.065660485 0.057888085 -0.014025730
v 0.064130803 0.062926444 -0.009511286
v 0.056875363 0.202433522 0.001332063
v 0.067623644 0.057387667 -0.006137184
v 0.067187222 0.058766011 -0.003875686
v 0.065698218 0.061407993 -0.005516527
v 0.067304141 0.058628461 -0.001293302
v 0.066667291 0.058809909 -0.008771504
v 0.067962927 0.047641482 -0.013876056
v 0.070023805 0.045188992 -0.007584584
v 0.066637090 0.047535490 -0.017318797
v 0.068568577 0.055712702 -0.006230018
v 0.068111754 0.036287479 -0.004307522
v 0.069505507 0.040486286 -0.005115508
v 0.068150987 0.021246760 -0.011545559
v 0.067163035 0.032385983 -0.004017751
v 0.068794633 0.047529274 -0.010971009
v 0.065330059 0.031757222 -0.012338687
v 0.066104146 0.032285534 -0.010344747
v 0.068393869 0.015866252 -0.013706245
v 0.065954904 0.034236851 -0.012374670
v 0.066293836 0.025993743 -0.014152516
v 0.066981781 0.025058150 -0.011351039
v 0.067395318 0.023819584 -0.008919942
v 0.069331653 0.041968415 -0.009291794
v 0.066077178 0.028314769 -0.013942369
v 0.067885517 0.025122969 -0.006664287
v 0.068727771 0.021411784 0.001999026
v 0.069126146 0.021374498 -0.002177550
v 0.066367197 0.027968387 -0.008710143
v 0.066572341 0.027213507 -0.012008207
v 0.067451053 0.027717516 -0.004460932
v 0.069931711 0.050480759 -0.006725062
v 0.068513123 0.037364891 -0.007058842
v 0.068376523 0.024169334 -0.004420715
v 0.067607540 0.022759212 0.006526999
v 0.067140607 0.029144443 0.005508871
v 0.067352648 0.034118010 0.007205461
v 0.066587973 0.025844830 0.009723995
v 0.062655072 0.033662666 0.021596428
v 0.066492101 0.020931313 0.012193259
v 0.064563170 0.050961785 0.020679836
v 0.067488914 0.030189503 -0.000113132
v 0.067973615 0.025494433 0.000607355
v 0.066012860 0.060597898 0.002427469
v 0.065335787 0.026126401 0.013606188
v 0.065257002 0.038673298 0.018888085
v 0.061836516 0.037186184 0.024628830
v 0.068156617 0.042672855 0.012763637
v 0.068674514 0.039479462 0.007206750
v 0.068064009 0.035531053 0.001278103
v 0.070050028 0.043876046 0.001541114
v 0.068895766 0.018775361 0.004697854
v 0.069299154 0.051733599 0.005944663
v 0.069174452 0.053220963 0.003617203
v 0.067651687 0.056210385 0.007066643
v 0.070539743 0.047062659 -0.003014126
v 0.069744885 0.018490339 -0.004926787
v 0.069793137 0.048203310 0.006318107
v 0.067416449 0.004209420 -0.009486177
v 0.067520727 0.002925780 -0.001959563
v 0.068667522 0.006532527 0.001007227
v 0.065954430 0.002791828 -0.012855375
v 0.065613564 0.007319093 -0.018173954
v 0.069482990 0.017986153 -0.008818595
v 0.035174472 0.203481691 -0.020742549
v 0.068023732 0.009544763 -0.012423399
v 0.069742953 0.014233109 -0.006303499
v 0.069646298 0.017266565 -0.000281299
v 0.069816422 0.014451446 -0.002131096
v 0.067318869 0.003769847 0.004107369
v 0.067172669 0.001413254 0.002815446
v 0.069090078 0.015321393 0.004668064
v 0.069427510 0.010226851 0.001031394
v 0.069228193 0.011901179 0.004390376
v 0.069024777 0.008724439 -0.004767764
v 0.068366688 0.007828149 0.006260000
v 0.067605163 0.010717392 0.011061160
v 0.066531198 0.014635578 0.013211889
v 0.060569133 0.067418298 0.008990813
v 0.061006861 0.064402306 0.013671828
v 0.063212880 0.062519014 0.011228058
v 0.067811148 0.047687396 0.014383833
v 0.061688269 0.065554612 0.009673813
v 0.061858869 0.066733538 -0.008414337
v 0.062456466 0.065216358 -0.010684217
v 0.061015006 0.067010938 -0.011696560
v 0.065147071 0.037313954 -0.017248023
v 0.066749899 0.003909824 0.007593246
v 0.061928169 0.059437662 0.019333717
v 0.064342172 0.025992870 0.016292726
v 0.065146177 0.008800376 0.015870724
v 0.062958135 0.042685348 0.024511385
v 0.064261967 0.030669986 0.016703609
v 0.064764631 0.022864022 0.015791315
v 0.059413863 0.022644765 0.025986122
v 0.063034408 0.012246696 0.020441546
v 0.064770431 0.016990431 0.017118450
v 0.062305716 0.017324293 0.021791217
v 0.065890280 0.004039142 0.011312679
v 0.060263232 0.013676976 0.025301848
v 0.060029779 0.062751379 0.018669141
v 0.059899166 0.058734137 0.023736178
v 0.054634575 0.001858070 0.030967883
v 0.062848442 0.024153112 0.019835939
v 0.062420491 0.066746517 -0.004444179
v 0.060540887 0.069508549 0.002723783
v 0.059210702 0.071024027 -0.008408539
v 0.056245771 0.074331814 -0.013746730
v 0.057674587 0.076540728 -0.004281977
v 0.055856456 0.078713186 -0.008629994
v 0.059423633 0.068446840 0.011076042
v 0.057846321 0.076642679 0.002444772
v 0.057315219 0.076861600 0.006201269
v 0.058307715 0.075120168 -0.000257429
v 0.060633268 0.067655263 0.007727343
v 0.055768583 0.083807937 0.010045414
v 0.055059499 0.074316448 0.016163134
v 0.056802455 0.071901299 0.014287629
v 0.057483895 0.068041509 0.016993239
v 0.058148133 0.072485172 0.009070411
v 0.055931766 0.065364960 0.023204626
v 0.054493407 0.069269751 0.021571561
v 0.055846857 0.075441116 0.013726210
v 0.053127292 0.081771420 0.018074008
v 0.054902908 0.079863395 0.014267598
v 0.057299635 0.080419540 0.000084529
v 0.052598296 0.087164107 0.019331929
v 0.055157730 0.096877062 0.010473081
v 0.053496220 0.099573652 0.014854194
v 0.051566454 0.105664038 0.015389600
v 0.055014513 0.100691775 0.005829826
v 0.045480536 0.267519031 0.002600847
v 0.055258517 0.194869043 0.005551618
v 0.053837195 0.102434649 0.011285221
v 0.052698120 0.106631900 0.009378335
v 0.051930404 0.265919020 0.000694324
v 0.053626671 0.263311795 -0.000252174
v 0.049786154 0.267176209 0.000560682
v 0.052908378 0.267314042 0.010536379
v 0.047748369 0.267521272 0.003902754
v 0.058452436 0.265077018 0.008241695
v 0.051203589 0.267980554 0.004335077
v 0.052773384 0.264872587 0.000166441
v 0.052884033 0.266210597 0.001906639
v 0.055716762 0.261340085 0.000908098
v 0.065089828 0.062680198 -0.001867637
v 0.053560462 0.252770509 -0.002022431
v 0.057357136 0.244079612 0.003349023
v 0.059147631 0.228244375 0.006143552
v 0.054216910 0.091517883 0.014711624
v 0.056220073 0.093901576 0.005863389
v 0.058631319 0.211796493 0.003282997
v 0.056522498 0.087846296 0.001604100
v 0.056371851 0.087768941 0.006104586
v 0.056069332 0.095218502 0.001993210
v 0.055595556 0.091774486 -0.003071061
v 0.055017534 0.086474554 -0.006898938
v 0.055375215 0.082492991 -0.007389361
v 0.056086806 0.083344835 -0.003799890
v 0.059517106 0.071959933 -0.002689948
v 0.054387268 0.214791338 -0.003239702
v 0.054418722 0.218456629 -0.001882209
v 0.053075709 0.210315873 -0.006792480
v 0.055588693 0.226657354 -0.000125348
v 0.053971773 0.225596128 -0.002463242
v 0.054564666 0.229777978 -0.001848421
v 0.057444600 0.219141019 0.005037401
v 0.057614167 0.217390741 0.004577158
v 0.051016347 0.267475788 0.002748889
v 0.054156868 0.236779771 -0.000909288
v 0.051591139 0.220985757 -0.005441799
v 0.050704228 0.226053600 -0.006160059
v 0.051161598 0.260998594 -0.003803235
v 0.052256224 0.234695689 -0.003074182
v 0.053030402 0.221589108 -0.003293748
v 0.057954314 0.207234111 0.000740853
v 0.050024415 0.217011066 -0.009323620
v 0.052623317 0.207029933 -0.007463313
v 0.049588818 0.221530569 -0.007332845
v 0.056692543 0.229521690 0.001541824
v 0.055502442 0.233561146 0.000102825
v 0.052409350 0.229431261 -0.004200239
v 0.050086641 0.231911340 -0.006032272
v 0.049605438 0.260490775 -0.005975878
v 0.049165267 0.257647093 -0.007643558
v 0.048636844 0.263647251 -0.005586266
v 0.047649115 0.198526303 -0.009983444
v 0.044905629 0.237753766 -0.012918670
v 0.049781223 0.195691216 -0.005313754
v 0.054390761 0.096219883 -0.005474186
v 0.054785560 0.100054443 -0.000957903
v 0.054380077 0.092012882 -0.007225675
v 0.053122966 0.095967988 -0.009351519
v 0.053949573 0.079197988 -0.013945933
v 0.058991106 0.030672398 -0.030012660
v 0.057336057 0.032880822 -0.031375963
v 0.057904845 0.028595984 -0.033252533
v 0.055443874 0.032854191 -0.034456424
v 0.058757776 0.052282573 -0.033618038
v 0.058289786 0.042152154 -0.033148390
v 0.058938312 0.047368584 -0.033634300
v 0.058317562 0.038505808 -0.031966932
v 0.052805557 0.060149575 -0.037536722
v 0.052685920 0.076397831 -0.019686718
v 0.062207497 0.063397796 -0.015997895
v 0.053724412 0.065720810 -0.031241622
v 0.057434978 0.060874749 -0.030547835
v 0.058148103 0.056844239 -0.032708555
v 0.061946066 0.049125090 -0.028696205
v 0.062102370 0.058310525 -0.024165207
v 0.058433848 0.035763715 -0.030439472
v 0.054612051 0.054232078 -0.038215485
v 0.056056992 0.049645319 -0.037458373
v 0.063489843 0.041038918 -0.023335710
v 0.060920616 0.044699316 -0.030157812
v 0.055657770 0.068395319 -0.024505377
v 0.058455049 0.068776060 -0.016848863
v 0.058748969 0.064321764 -0.024138637
v 0.067565271 0.051341280 -0.013814909
v 0.063655185 0.052800539 -0.024132488
v 0.065543605 0.051100705 -0.019426209
v 0.063903132 0.045500109 -0.024527116
v 0.065611308 0.044205891 -0.020048249
v 0.065103345 0.054144045 -0.019390310
v 0.066230263 0.015530641 -0.020312279
v 0.066077878 0.020572998 -0.018946536
v 0.066355745 0.011225918 -0.018880578
v 0.059318260 0.033254182 -0.027943324
v 0.063652251 0.023269086 -0.024342707
v 0.061762650 0.022905092 -0.029445561
v 0.062105196 0.017257687 -0.030571512
v 0.064311626 0.018661490 -0.024790491
v 0.061215292 0.028193142 -0.027397872
v 0.061225369 0.012339724 -0.032048934
v 0.064018894 0.026569528 -0.021199889
v 0.052491042 0.034493845 -0.038770186
v 0.056302103 0.035789573 -0.033381410
v 0.055920179 0.038973276 -0.035552491
v 0.053233107 0.029431606 -0.040376852
v 0.053958596 0.031578150 -0.037910374
v 0.051842669 0.049626160 -0.041834227
v 0.054115703 0.011430034 -0.042805038
v 0.053042472 0.008788365 -0.044186324
v 0.068180664 0.038512191 -0.010438646
v 0.058968963 0.005901390 -0.034938514
v 0.056720063 0.005306512 -0.041445330
v 0.054729518 0.007419874 -0.043042662
v 0.061105660 0.008528490 -0.031299317
v 0.054485518 0.004657183 -0.045454828
v 0.060712294 0.004587673 -0.031088401
v 0.064636642 0.004678070 -0.020582336
v 0.057797145 0.006301760 -0.038466008
v 0.062262278 0.004167573 -0.026962059
v 0.065834285 0.004799713 -0.015234317
v 0.059535649 0.015497169 -0.035658277
v 0.056779849 0.007131957 -0.040297698
v 0.058480051 0.009768470 -0.036694285
v 0.056943260 0.013251343 -0.039592011
v 0.062382119 0.006932071 -0.027501317
v -0.059997273 0.034144215 -0.000420711
v -0.057143226 0.019943350 -0.028598288
v -0.029072967 0.263663975 0.042974449
v -0.013020644 0.263203887 0.056875524
v -0.010320643 0.263950049 0.055300645
v -0.004944814 0.261254821 0.051972211
v -0.007525193 0.262135193 0.051703802
v -0.007326187 0.263439646 0.053910150
v -0.022410338 0.266264754 0.031032855
v -0.021434130 0.265757131 0.027799794
v -0.021652753 0.266688929 0.022128659
v -0.027612147 0.269584826 0.023489101
v -0.027957655 0.269326560 0.027800734
v -0.030380583 0.265958198 0.037038321
v -0.030720438 0.267807498 0.031339008
v -0.014312950 0.259915434 0.019351605
v -0.018541927 0.260682453 0.036014031
v -0.016117695 0.258044075 0.034670064
v -0.019416092 0.261793452 0.033290278
v -0.013343291 0.257252625 0.025692243
v -0.011825922 0.256298511 0.024913219
v -0.009430405 0.253803893 0.030118703
v -0.006163716 0.252151899 0.033503238
v -0.006959963 0.252809250 0.031434553
v -0.007238231 0.253637117 0.027638320
v -0.007582088 0.252767158 0.034170111
v -0.009078443 0.253316258 0.034970182
v -0.008628426 0.253332587 0.036844794
v -0.013026583 0.258123958 0.043475169
v -0.013355380 0.262185382 0.047180407
v -0.008208103 0.253299765 0.038523477
v -0.006600586 0.259945124 0.049358647
v -0.006834931 0.253320697 0.040233334
v -0.003172980 0.262182772 0.054168311
v -0.003371213 0.257800329 0.048589708
v 0.000121074 0.256470073 0.049131166
v -0.009483012 0.263026194 0.059493209
v -0.012904552 0.255696735 0.039339613
v -0.014893798 0.257613405 0.039863852
v -0.014022839 0.256410833 0.039831863
v -0.015712429 0.257876595 0.037733583
v -0.018613549 0.261855240 0.040511896
v -0.014150941 0.260076200 0.044807230
v -0.014723087 0.258578129 0.043021173
v -0.015830284 0.262506950 0.056818217
v 0.005561612 0.245482671 0.067678069
v 0.017440028 0.253542868 0.050145709
v 0.027028495 0.249002637 0.039874142
v 0.039653025 0.255509045 0.040740505
v 0.012135530 0.248792710 0.041818785
v 0.008068106 0.248744878 0.040298526
v 0.007507465 0.250726160 0.044982310
v 0.003191051 0.248869214 0.032766999
v 0.011396570 0.247317650 0.037069266
v 0.023732918 0.246934050 0.033592013
v 0.005060649 0.249076922 0.021155752
v 0.007436152 0.247266498 0.023841333
v 0.005582597 0.247555008 0.027866940
v 0.017436738 0.245195829 0.023702316
v 0.012294671 0.245609461 0.027201184
v 0.010031600 0.246154916 0.024422949
v 0.011995204 0.246164617 0.031657833
v 0.018722058 0.245974844 0.032070872
v 0.006396282 0.247749268 0.035172441
v 0.003424878 0.249377453 0.038190285
v 0.018930467 0.246946493 0.036502298
v 0.032317554 0.249558352 0.027202771
v 0.020480874 0.237382733 0.067590503
v 0.027055467 0.240121907 0.067299194
v 0.024417143 0.247537295 0.069239468
v 0.024119306 0.219447688 0.061707303
v 0.039896427 0.234992757 0.057937531
v 0.035403446 0.250923006 0.028549353
v 0.032385397 0.249772487 0.031736766
v 0.036480965 0.245890334 0.061727873
v 0.042214014 0.243961020 0.058019321
v 0.038110450 0.246400767 0.060117274
v 0.021085821 0.261292334 0.059639999
v 0.027089661 0.262249846 0.063311280
v 0.018820125 0.261557832 0.067058139
v 0.013830183 0.262343152 0.066330010
v 0.018644477 0.262272791 0.065035232
v 0.009868953 0.262836382 0.062169521
v 0.011990237 0.262012015 0.060659021
v 0.015613903 0.260759194 0.059206739
v 0.023516925 0.262388597 0.061783600
v 0.010300294 0.263033412 0.065023719
v 0.004136848 0.263312104 0.064314573
v 0.016247335 0.262346902 0.062307080
v 0.000974950 0.263473756 0.063270637
v -0.005097616 0.263711103 0.059131714
v 0.002105566 0.263590710 0.061231687
v -0.000612269 0.263047499 0.057312973
v 0.017477791 0.250296854 0.069787732
v -0.004456320 0.253535477 0.043003961
v 0.013559172 0.251348030 0.047086651
v 0.004055102 0.255398913 0.049984115
v 0.001347938 0.252966331 0.045686665
v 0.009555808 0.253215611 0.049498874
v 0.008054028 0.256027509 0.052546217
v 0.008414401 0.259724814 0.056380165
v 0.012305175 0.258983894 0.056572857
v 0.013834067 0.255583778 0.053075644
v 0.018650399 0.258971222 0.056668969
v 0.001430156 0.250700665 0.022832868
v -0.001865598 0.251071595 0.036744502
v -0.004685677 0.252044704 0.038131398
v -0.001664266 0.251525797 0.040612588
v -0.005038697 0.252558146 0.040051171
v -0.002693041 0.251870278 0.028923821
v 0.003085149 0.261336331 0.056077493
v -0.001533703 0.260052488 0.052005048
v 0.014967970 0.258725113 0.056525802
v 0.028256334 0.259922358 0.055056229
v 0.038674957 0.262104862 0.056009090
v 0.035318060 0.261039146 0.054609231
v 0.044774075 0.259354198 0.038772430
v 0.046375790 0.261983609 0.047187411
v 0.040872060 0.261149122 0.052913061
v 0.040788330 0.259843584 0.049545565
v 0.038367842 0.260087569 0.052129279
v 0.044730199 0.260192062 0.043009746
v 0.046071397 0.261170928 0.043854668
v 0.039346860 0.254002326 0.035513247
v 0.042094007 0.259657820 0.047539980
v 0.041703483 0.257459653 0.042613446
v 0.029064185 0.255564240 0.049999759
v 0.033003420 0.256244084 0.049471008
v 0.027935021 0.257708917 0.052616201
v 0.023364379 0.254565377 0.050178874
v 0.032493840 0.259519062 0.053200057
v 0.036677668 0.258646429 0.050555006
v 0.042123169 0.253982778 0.057827690
v 0.044536046 0.253395959 0.057032032
v 0.037495951 0.253794581 0.040911660
v 0.031293620 0.250824131 0.041566484
v 0.031853985 0.254236879 0.047530274
v 0.037080285 0.255115855 0.044694529
v 0.030543250 0.255049187 0.048805645
v 0.044831630 0.257329320 0.022356410
v 0.040632576 0.254425729 0.017800745
v 0.038084700 0.252510715 0.030102412
v 0.021418238 0.263540198 -0.005354910
v 0.033245201 0.263929756 -0.002034311
v 0.036248842 0.269889639 -0.006705089
v 0.044866526 0.268206462 -0.006591976
v 0.047004168 0.266975747 -0.004761710
v 0.038815484 0.269657191 -0.005790387
v 0.037546875 0.268867064 -0.004988301
v 0.035092318 0.268278036 -0.004870232
v 0.035357370 0.265095622 -0.002384947
v 0.036961955 0.265712337 -0.002187558
v -0.003094521 0.269224115 -0.010749664
v -0.003153273 0.269374409 -0.006833442
v -0.001585141 0.267032867 -0.006649252
v -0.004921253 0.264059587 0.001022431
v 0.000690270 0.260648838 0.001158561
v -0.010700201 0.253933949 -0.016469635
v -0.008437750 0.250411519 -0.017641033
v -0.006023897 0.248977552 -0.018583092
v 0.008719513 0.257275445 0.002396833
v 0.013167832 0.263085564 -0.005710700
v 0.000152870 0.264777500 -0.005953424
v 0.002601480 0.263525921 -0.005253209
v 0.005650827 0.264430297 -0.007006467
v 0.009021726 0.262373512 -0.004799159
v 0.005200573 0.261296523 -0.002438666
v 0.011279423 0.263234808 -0.023205300
v -0.005256262 0.254234165 -0.018715416
v 0.007357014 0.245191035 -0.022967908
v 0.004101503 0.245416063 -0.022135815
v 0.005036874 0.240025097 -0.023038143
v -0.003397447 0.259652098 -0.019598379
v -0.001673107 0.263539662 -0.020077165
v 0.003524213 0.268647953 -0.019702890
v 0.002545833 0.269469783 -0.013406201
v 0.002688976 0.269581707 -0.018594072
v 0.015654673 0.269807656 -0.021901308
v 0.010175491 0.270490096 -0.012662964
v -0.002285034 0.268721144 -0.011839696
v -0.004425724 0.270521713 -0.011047819
v -0.004520435 0.270064562 -0.014214920
v -0.005160435 0.271010861 -0.013793313
v -0.003776529 0.269616814 -0.013747873
v -0.004822352 0.270651114 -0.014820326
v 0.012266758 0.272406630 -0.015418497
v 0.006721099 0.270645648 -0.018808440
v 0.008339646 0.270988809 -0.018814427
v 0.011561439 0.268774657 -0.010422019
v 0.011136426 0.272293017 -0.017143852
v 0.019203014 0.271626053 -0.012386698
v 0.016912565 0.270747747 -0.021658288
v 0.013715364 0.269928561 -0.021728140
v 0.017748294 0.271908803 -0.020603036
v 0.025627176 0.271160052 -0.018788417
v 0.023971188 0.271673828 -0.011671837
v 0.013290117 0.271716193 -0.013302048
v 0.017091763 0.272656846 -0.014992417
v 0.023736776 0.272123767 -0.015971857
v 0.023304799 0.272261736 -0.014106577
v 0.022301918 0.270757861 -0.021241556
v 0.020751378 0.269312966 -0.022152825
v 0.014147005 0.271876323 -0.020130494
v 0.018325796 0.272207989 -0.019012924
v 0.021409373 0.271780398 -0.019635398
v 0.022946690 0.271643515 -0.018786969
v 0.029219438 0.270299112 -0.017061609
v 0.027992684 0.262796974 -0.023246177
v 0.031313760 0.264260753 -0.021878061
v 0.033872209 0.271444790 -0.011816364
v 0.026303216 0.271675988 -0.015887965
v 0.034433455 0.270905052 -0.008908437
v 0.036950276 0.268345952 -0.014717983
v 0.036704065 0.269375504 -0.014179881
v 0.037081654 0.267469731 -0.015607748
v 0.038917899 0.268453890 -0.013343165
v 0.031062841 0.269705747 -0.017019432
v 0.024593748 0.269156887 -0.022058724
v 0.033006005 0.267444018 -0.019379532
v 0.041184757 0.268163869 -0.011503950
v 0.043354119 0.266480517 -0.010672520
v 0.037078821 0.258489504 -0.019449511
v 0.022246018 0.260917958 -0.024354205
v 0.019995277 0.265961864 -0.023549611
v 0.039326685 0.260441722 -0.017048926
v 0.038770536 0.266082301 -0.015507346
v 0.037949997 0.264263694 -0.016967172
v 0.043762127 0.261617118 -0.012312788
v 0.041354156 0.262530451 -0.015014306
v 0.041982754 0.257610225 -0.015488468
v 0.033394579 0.240829065 -0.021498464
v 0.037107645 0.238260425 -0.019487110
v 0.033524761 0.235090213 -0.021154650
v 0.026246587 0.242838141 -0.023488920
v 0.009079115 0.211588108 -0.027849988
v 0.027219397 0.255891521 -0.023777203
v 0.039909590 0.249862718 -0.017793832
v 0.036063470 0.251270733 -0.020314368
v 0.029002826 0.250342498 -0.023228923
v 0.016898659 0.257370776 -0.024384474
v 0.047171261 0.260926907 -0.009139526
v 0.055616455 0.258361020 0.000258129
v 0.023704846 0.255244842 0.003332586
v 0.027258865 0.257413179 0.001389147
v 0.037329618 0.254450462 0.010928714
v 0.040453187 0.258290080 0.006416705
v 0.044804059 0.260176170 0.009003060
v 0.037158866 0.253521899 0.013569086
v 0.053022087 0.264191746 0.023813633
v 0.040874490 0.255511355 0.013407119
v 0.047078768 0.259643124 0.017535063
v 0.042055809 0.256974679 0.010703281
v 0.039210675 0.255224769 0.011150926
v 0.035766021 0.251310796 0.021208313
v 0.032840710 0.251547416 0.013982209
v 0.024886867 0.246789478 0.023758762
v 0.022176840 0.252377954 0.007354510
v 0.027655847 0.254243019 0.005649906
v 0.031830353 0.253476599 0.008508930
v 0.042062851 0.232064806 -0.015710721
v 0.040150215 0.236512403 -0.017343591
v 0.043395530 0.234327511 -0.014160282
v 0.042570894 0.227632663 -0.014823373
v 0.043811827 0.220941885 -0.014358977
v 0.044723774 0.217267941 -0.014663247
v 0.041476915 0.220070215 -0.016792372
v 0.046631338 0.214172483 -0.013089906
v 0.037605318 0.227388031 -0.018621530
v 0.036731140 0.213320262 -0.021843439
v 0.033211021 0.213332790 -0.023575384
v 0.030760142 0.212447408 -0.025034141
v 0.038439557 0.210997442 -0.020539797
v 0.035142851 0.211098679 -0.022357844
v 0.039464822 0.207895230 -0.019128931
v -0.000807768 0.223615526 -0.024258392
v 0.029406693 0.231822953 -0.022567726
v 0.031458524 0.210806689 -0.024306849
v 0.030973708 0.227460767 -0.022287595
v 0.027905112 0.227061924 -0.023808686
v 0.024524745 0.226086910 -0.024883460
v 0.032377355 0.224074203 -0.022605026
v 0.035716111 0.206254803 -0.021471128
v 0.036263207 0.209102052 -0.021265152
v 0.032804651 0.208387934 -0.022961910
v 0.021809027 0.226528534 -0.025536795
v 0.018163110 0.218813349 -0.027994938
v 0.023863308 0.213667053 -0.027485881
v 0.018452782 0.210252158 -0.027836756
v 0.029100858 0.210640576 -0.025096563
v 0.027128521 0.213359096 -0.026530104
v 0.024687315 0.210921843 -0.026939864
v 0.021928350 0.210464382 -0.027367783
v 0.022795923 0.216089730 -0.027772644
v 0.020321831 0.214727096 -0.028268957
v 0.006621934 0.227292610 -0.025270921
v 0.028275858 0.246109753 -0.023158694
v 0.022796931 0.229103207 -0.024546856
v 0.025698941 0.234000358 -0.023530559
v 0.015586708 0.232887827 -0.024584535
v 0.015949407 0.230258434 -0.025012348
v 0.004712351 0.228959923 -0.024391532
v 0.000276254 0.232644440 -0.023067084
v 0.032317459 0.253470147 -0.022127196
v -0.000913917 0.244131583 -0.021049820
v 0.009736681 0.228330436 -0.025121300
v -0.007802602 0.258249658 -0.017784621
v -0.002340012 0.256440333 -0.019750072
v 0.016477685 0.227405861 -0.025583729
v 0.007947711 0.228544976 -0.024883350
v 0.010999566 0.225385906 -0.026322549
v 0.005580209 0.224379736 -0.025985722
v 0.006507792 0.230083894 -0.024496151
v 0.006793967 0.219913886 -0.027389828
v 0.013823756 0.210889644 -0.028017092
v 0.014671076 0.220085547 -0.027768826
v 0.016103807 0.215304387 -0.028391119
v 0.014846159 0.198779583 -0.024473107
v 0.009793030 0.196945338 -0.023340284
v 0.011220028 0.205234212 -0.026581891
v 0.002236633 0.220389021 -0.026339138
v 0.003750541 0.226734955 -0.024755176
v 0.005239532 0.205388799 -0.025572191
v 0.001205590 0.211026914 -0.025959039
v -0.003680720 0.218914978 -0.024029524
v -0.002027041 0.241043639 -0.021118742
v 0.017654279 0.245785492 0.020683465
v 0.020555938 0.245864531 0.021727924
v 0.010520275 0.246399223 -0.023485984
v 0.001366988 0.252182970 0.018143085
v -0.002421803 0.253172598 0.021259439
v 0.011082736 0.249298171 0.015395205
v 0.020719241 0.246820850 0.018191256
v 0.016820003 0.246989474 0.017419780
v 0.013839970 0.246876161 0.018742485
v 0.020361202 0.248088829 0.014816777
v 0.022383017 0.249843282 0.011746455
v 0.010022500 0.251799263 0.011466753
v 0.004334128 0.251850900 0.015279577
v 0.007701815 0.250364591 0.015584012
v -0.002220731 0.254585620 0.016676209
v -0.006629530 0.257815022 0.013414982
v 0.000457652 0.254852862 0.012532962
v 0.000700190 0.257662344 0.006204296
v 0.005543705 0.250424804 -0.022363141
v 0.013647111 0.256180781 0.002442686
v 0.016868314 0.255457357 0.002982473
v 0.019697443 0.255129036 0.003226118
v 0.021487326 0.257390576 0.000415122
v 0.018244420 0.259177762 -0.001855514
v 0.009962085 0.258054698 -0.023357263
v -0.002006567 0.250886829 -0.019895355
v 0.004752047 0.254701350 -0.021949949
v 0.004913836 0.257711963 -0.022180390
v 0.003889764 0.260816628 -0.021771364
v 0.001334220 0.257332949 -0.021124926
v -0.007972160 0.229186943 -0.020403610
v -0.007856698 0.226019412 -0.020916432
v -0.007831105 0.223800288 -0.021075438
v -0.015168956 0.230309978 -0.015218606
v -0.009693976 0.181207991 -0.009431893
v -0.010624241 0.195479776 -0.014282711
v -0.003677749 0.190748721 -0.016592382
v -0.021976918 0.202743941 -0.005162484
v -0.016557516 0.191979322 -0.007516089
v -0.011955857 0.187045504 -0.009549570
v -0.021145978 0.212824728 -0.008046212
v -0.025171598 0.207093463 -0.001595912
v -0.012477290 0.209232802 -0.017314819
v -0.010578376 0.225367988 -0.019144797
v -0.023254979 0.220455327 -0.005440937
v -0.017563864 0.216812089 -0.012964283
v -0.010327737 0.249626920 -0.016755547
v -0.016575440 0.250859746 -0.013114738
v -0.015228315 0.244697654 -0.014381990
v -0.019333112 0.223566155 -0.010854179
v -0.023792627 0.230199727 -0.005370572
v -0.020478136 0.235735078 -0.009829977
v -0.013208908 0.236113344 -0.016680227
v -0.031732518 0.216110489 0.009746828
v -0.034021899 0.229537370 0.011322803
v -0.031041899 0.223422203 0.006529598
v -0.029575077 0.230392104 0.002944544
v -0.028101906 0.236922851 -0.000143347
v -0.025993396 0.230230146 -0.002355207
v -0.005208127 0.255240032 0.018526458
v -0.028186414 0.269511038 0.000186480
v -0.032515443 0.268786646 0.018060169
v -0.035194648 0.251719930 0.009066395
v -0.021757148 0.269012811 0.012698124
v -0.030758954 0.270064599 0.007342598
v -0.029326567 0.270240019 0.007273285
v -0.031720631 0.269756686 0.009686965
v -0.024454953 0.270966239 0.008677135
v -0.025264027 0.270534568 0.012276800
v -0.032203461 0.269157017 0.013469944
v -0.028224460 0.270043668 0.015632480
v -0.030357643 0.269916008 0.011279190
v -0.030814711 0.269173391 0.017246303
v -0.031377912 0.269347503 0.014657887
v -0.025499552 0.269951357 0.017042261
v -0.025112208 0.269543944 0.022960174
v -0.021871663 0.267534113 0.018109409
v -0.023358614 0.269993010 0.013062408
v -0.014276706 0.261607403 0.014052379
v -0.020611845 0.266226053 0.018890538
v -0.009699983 0.259988176 0.012300626
v -0.015996130 0.261594028 0.016833877
v -0.008487888 0.264253980 0.003444498
v -0.004657323 0.260855365 0.005281695
v -0.015355217 0.263928055 0.010686002
v -0.012667976 0.259157679 -0.015427022
v -0.012323474 0.263396944 -0.015649992
v -0.008067705 0.262512654 0.005530816
v -0.008814105 0.271301569 -0.004388131
v -0.006269038 0.271816779 -0.014166320
v -0.018908488 0.265806024 -0.011062580
v -0.012956172 0.272917088 -0.006441095
v -0.011648286 0.271777992 -0.014219297
v -0.012242498 0.270068876 -0.015005362
v -0.014737631 0.267968252 -0.013887275
v -0.014362771 0.272661982 -0.010086118
v -0.014417436 0.272895378 -0.008261098
v -0.022074078 0.270829204 -0.006030990
v -0.015876519 0.272811457 -0.006718473
v -0.015017102 0.272304193 -0.002370276
v -0.006849691 0.263120010 -0.018261067
v -0.005831038 0.266659377 -0.018287503
v -0.019651655 0.270127997 -0.009479197
v -0.022360702 0.269596977 -0.007433903
v -0.026712391 0.253133554 -0.003326715
v -0.025295765 0.242904512 -0.004481918
v -0.029657120 0.251776340 0.000104719
v -0.030935519 0.258050522 0.001390778
v -0.032451245 0.249577650 0.004438746
v -0.034570561 0.262025846 0.007480387
v -0.031671509 0.264622627 0.002664218
v -0.032565902 0.266527163 0.004647396
v -0.024663744 0.271316240 0.000999100
v -0.026729776 0.271005783 0.004859489
v -0.031570109 0.269416895 0.005942891
v -0.026766673 0.270621818 0.000187335
v -0.019436616 0.272329899 -0.004980431
v -0.026376646 0.269378121 -0.002632131
v -0.020419368 0.271676412 0.004130598
v -0.018857430 0.272414866 -0.000022552
v -0.014090594 0.271970342 -0.012123713
v -0.016145614 0.270886891 -0.012399596
v -0.017864013 0.272571289 -0.006334160
v -0.016090349 0.272601467 -0.008089277
v -0.022685753 0.271527946 -0.002754598
v -0.019799016 0.271895787 -0.006551040
v -0.024064820 0.269563946 -0.005058920
v -0.024713263 0.270637136 -0.002742186
v 0.016241772 0.069979297 0.050544601
v 0.029854090 0.135504004 -0.015532073
v -0.041821429 0.085307036 0.004521121
v -0.015040573 0.099853863 -0.034691215
v -0.053031753 0.053815110 -0.028068567
v -0.000562428 0.205177550 -0.023658201
v -0.028792929 0.267639758 -0.000739136
v -0.013666414 0.270920904 -0.013665864
v -0.029329259 0.208848044 0.007181523
v -0.010274493 0.245860970 -0.017133177
v 0.041535013 0.224011660 -0.015713128
v 0.052349005 0.243142291 -0.001948306
v 0.013850510 0.268972383 -0.010535833
v 0.030955639 0.268179369 -0.006000724
v 0.013873011 0.259712023 0.069092573
v 0.011626292 0.261442045 0.068343989
v 0.041513012 0.256543055 0.057686948
v 0.035961625 0.260929888 0.061871811
v 0.035892605 0.258424521 0.064525274
v 0.020248607 0.258670993 0.069067837
v 0.037078156 0.256004231 0.063637712
v 0.036116449 0.248472375 0.063280146
v 0.042916424 0.111371865 -0.018081195
v 0.046154962 0.256284847 0.056638137
v 0.038525988 0.060142063 -0.049804819
v -0.027117558 0.058483271 -0.052489561
v 0.000219574 0.226821257 0.061743660
v 0.026470666 0.260226918 0.066752586
v -0.015159053 0.221407193 0.052891312
v -0.023638176 0.228694022 0.047577564
v -0.018360579 0.259191929 0.057798124
v 0.008771129 0.262302843 0.067725923
v -0.033398880 0.230901313 0.031636612
v -0.036082149 0.258528484 0.025522366
v -0.033342851 0.266317486 0.030804528
v -0.016204912 0.261187420 0.058940226
v -0.023081989 0.264747716 0.042158851
v -0.023601071 0.260318021 0.052247511
v -0.032885060 0.263231724 0.034031228
v -0.033741571 0.049115643 -0.050212000
v 0.006122147 0.048133801 -0.061470615
v 0.037749386 0.035027944 -0.052264375
v 0.041442363 0.100960704 -0.024717902
v 0.050298824 0.064784776 -0.036700088
v 0.051453794 0.056327558 -0.040862947
v 0.035796385 0.099203750 -0.029769936
v 0.042756166 0.088333040 -0.026999843
v 0.041664841 0.081173586 -0.031008002
v 0.040305162 0.084580371 -0.029904623
v 0.041113106 0.078576527 -0.032983674
v -0.028707078 0.081267001 0.031856982
v -0.033189796 0.079909160 0.027615919
v 0.041220669 0.106777081 -0.022438527
v 0.046250582 0.110979059 -0.013668577
v 0.050660744 0.106623870 -0.008917871
v 0.048689209 0.116393534 0.007679528
v 0.045281418 0.126592253 0.004246713
v 0.047458278 0.118354005 -0.001463417
v 0.035527098 0.217593762 -0.021852857
v 0.045612343 0.106833092 -0.017539703
v 0.041770639 0.131046122 -0.003510313
v 0.039214046 0.133209216 -0.007016477
v 0.044242071 0.123986511 -0.004424270
v 0.054964848 0.206925025 -0.004012959
v 0.047173029 0.202424687 -0.012104077
v 0.040584187 0.146862735 0.017037181
v 0.045677414 0.177036708 0.007293811
v 0.041174140 0.152072440 0.005408263
v 0.042175064 0.165739731 0.006955210
v 0.041592086 0.161843686 0.006874571
v 0.040516308 0.141908870 0.000498406
v 0.019804870 0.161094327 -0.014479943
v 0.015781083 0.176454102 -0.016392737
v 0.057705806 0.203901314 0.033738471
v 0.016648862 0.156860232 -0.015867946
v 0.026547869 0.182377136 -0.015813603
v 0.029047403 0.118808893 -0.024960465
v 0.046220771 0.118108166 -0.006125879
v 0.019427444 0.168561623 -0.014779002
v -0.041010649 0.083662883 0.009919801
v -0.055773709 0.060321209 0.001915222
v -0.044223760 0.078907135 0.004906245
v -0.043016645 0.079148447 0.008831085
v 0.022200011 0.124976557 -0.024686394
v 0.014796921 0.094654497 -0.039733004
v 0.027458350 0.096549978 -0.035434425
v 0.008984448 0.184068620 -0.018182812
v -0.027245645 0.119071644 0.014473532
v -0.023431449 0.119064897 0.019253769
v -0.021564544 0.146516751 0.016000069
v -0.023395504 0.142081886 0.012488069
v -0.006496530 0.133758207 0.032854926
v -0.025113934 0.097976373 0.029284415
v -0.031885434 0.092280093 0.024745050
v -0.043115199 0.070896500 0.019200739
v -0.043800052 0.074426077 0.013350159
v -0.060837327 0.028228767 -0.000132344
v -0.046153352 0.064820207 0.021075876
v -0.014882831 0.067744055 0.044612331
v -0.031080561 0.040391977 0.042706700
v -0.039068159 0.050781226 0.037607922
v -0.041261156 0.076166582 0.016666892
v -0.038366178 0.060063569 0.033948724
v -0.009823141 0.066977256 0.047160646
v 0.007494344 0.077635789 0.049194685
v -0.028397038 0.093950771 0.028086748
v -0.032752951 0.071940924 0.031602594
v -0.015753624 0.106508648 0.033290888
v -0.031080059 0.098652516 0.022822410
v 0.013864055 0.100692064 0.046961540
v -0.048460609 0.069211850 0.010660676
v -0.026793572 0.125246446 0.012553925
v -0.011978328 0.175206335 0.036573907
v -0.013353751 0.165968924 0.030427721
v -0.014142305 0.169675789 0.031184030
v -0.012724813 0.159465292 0.029187029
v -0.023709326 0.135696139 0.014328585
v -0.006253548 0.150430451 0.033459274
v -0.020581835 0.271974094 -0.003901339
v -0.001200410 0.117169517 0.039653667
v 0.034897690 0.166090951 0.031715959
v 0.005277647 0.170761700 0.043528171
v 0.004495582 0.166516916 0.041544664
v -0.019517968 0.179445222 0.029597029
v 0.010863180 0.159348125 0.039515311
v -0.011633723 0.128294754 0.030448120
v -0.009797274 0.134334076 0.031058623
v 0.004618021 0.176931575 0.046849800
v -0.010431622 0.087527800 0.043046179
v -0.003323627 0.120235519 0.037461877
v 0.000612355 0.112364571 0.042142183
v 0.009451715 0.107820006 0.044949716
v -0.012689393 0.120747974 0.031004196
v 0.003167737 0.123551314 0.038431837
v -0.013998477 0.101843960 0.036583668
v -0.005995078 0.106117145 0.041456047
v -0.038939289 0.087346076 0.012054729
v 0.037778406 0.110545500 0.033374733
v 0.042288508 0.057568173 0.044662724
v 0.016690199 0.168410235 0.042000784
v 0.012210950 0.165567295 0.041362396
v 0.008462484 0.168394497 0.042615481
v 0.042032730 0.162873430 0.016848541
v 0.039993780 0.177605708 -0.003202415
v 0.041910154 0.155812969 0.010329643
v 0.013240788 0.182170116 -0.017790317
v 0.046802160 0.176809232 0.012355849
v 0.043765676 0.170440675 0.008502389
v 0.043900129 0.168824119 0.016470136
v 0.045867176 0.183907434 0.034726713
v 0.043436858 0.176022839 0.028025689
v 0.032793224 0.149368390 0.029446843
v 0.040219764 0.122650205 0.025635784
v 0.035455087 0.129803301 0.028749183
v 0.040962145 0.139552143 0.017580154
v 0.028044055 0.106179546 0.041533869
v 0.040201926 0.129638650 0.022827684
v 0.040794093 0.150827195 0.015846949
v 0.047213599 0.120915429 0.006094527
v 0.050621868 0.110292370 0.012282294
v 0.051430038 0.101467472 0.018861291
v 0.054261093 0.084531118 0.015195101
v 0.045390176 0.078725376 0.031171027
v 0.054306633 0.072786505 0.019288861
v 0.057168030 0.075205487 -0.008398198
v 0.049675463 0.072374805 0.027449959
v 0.047925071 0.082566035 0.027542534
v 0.042325465 0.090340521 0.034728678
v 0.039481322 0.081574799 0.037050666
v 0.026904747 0.070721140 0.046603853
v -0.001318405 0.086867937 0.046910744
v 0.059359209 0.211214621 0.029670898
v 0.002979268 0.088887984 0.047756856
v -0.008586688 0.054159635 0.052157590
v -0.007025159 0.048684909 0.053275856
v -0.010200127 0.094112194 0.042053217
v -0.033273807 0.265226210 0.033262502
v -0.034768684 0.265569519 0.024548746
v -0.021590836 0.261667474 0.054119638
v -0.004588245 0.188434196 0.051567741
v 0.008996574 0.173972461 0.045461195
v 0.010491957 0.115232132 0.042369718
v -0.003197374 0.166243456 0.039130489
v 0.005973777 0.189392370 0.055531483
v 0.007863597 0.163949739 0.040885766
v 0.004608541 0.160595072 0.039540466
v 0.032588241 0.201702799 0.055842556
v -0.005355905 0.195532116 0.055588509
v -0.004360806 0.201073912 0.058055824
v -0.004449927 0.182580126 0.047196772
v -0.023520060 0.081743420 0.035950740
v -0.003347526 0.268382712 -0.004711694
v 0.004628201 0.269901042 -0.013087642
v -0.004575942 0.270549454 -0.012962335
v -0.010972287 0.231117566 -0.018476182
v -0.016762876 0.272768057 -0.004206284
v -0.014919012 0.271309337 -0.000073984
v -0.017553344 0.271561304 0.001770392
v -0.026180878 0.262460904 -0.004195068
v -0.025737057 0.266820696 -0.004643874
v 0.005001178 0.270046666 -0.018662362
v -0.010055765 0.270463521 -0.015787226
v -0.002969732 0.269139409 -0.017616170
v -0.012059355 0.273061518 -0.009750898
v -0.008827304 0.272914030 -0.012242475
v -0.008948823 0.272961534 -0.009450712
v -0.008303348 0.272307776 -0.006805665
v -0.030034901 0.269454277 0.014058148
v -0.027439701 0.269836833 0.020367953
v -0.034693936 0.265787721 0.010414978
v -0.033881060 0.268131164 0.016013728
v -0.034643271 0.266790038 0.013744641
v -0.028752630 0.270086188 0.011777869
v -0.026349870 0.270753570 0.009566779
v 0.005883860 0.254502749 0.008885146
v -0.005844984 0.222277206 -0.022279901
v -0.001204306 0.228721188 -0.023139061
v -0.012903846 0.269988707 0.000197698
v -0.018582589 0.258945465 -0.011544895
v -0.022915464 0.262142922 -0.007692729
v -0.001820371 0.237892590 -0.022126819
v -0.004902171 0.237566476 -0.020835233
v 0.019542290 0.231745671 -0.024531121
v -0.002352036 0.257624622 0.009074108
v -0.008179632 0.256543013 0.019057824
v 0.012643840 0.259716058 -0.002126971
v 0.018110733 0.249659425 0.011957347
v 0.013552980 0.250851103 0.011270491
v 0.029902551 0.251132072 0.012304811
v 0.026479043 0.251346916 0.009936737
v -0.015484086 0.259600497 0.023745414
v 0.009247708 0.247724081 0.019968848
v 0.011722405 0.246608702 0.020822858
v 0.005330867 0.232950149 -0.023863796
v 0.002173245 0.225298560 -0.024936057
v 0.032582860 0.194816087 -0.019305059
v 0.025320309 0.193602030 -0.021184200
v 0.029633722 0.224296975 -0.023805712
v 0.026956094 0.223064521 -0.025154217
v 0.015563670 0.190276816 -0.020891596
v 0.028232064 0.234216617 -0.022935291
v 0.029554322 0.236601791 -0.022522862
v 0.043401868 0.208176638 -0.016754785
v 0.041540624 0.205103316 -0.017340482
v 0.038172691 0.204830192 -0.019556447
v 0.037875636 0.220669707 -0.019601107
v -0.007040721 0.245677301 -0.018691025
v 0.037898726 0.233623704 -0.018805191
v 0.036114447 0.234193664 -0.019702170
v 0.038767034 0.225069547 -0.017796999
v 0.034361442 0.258811537 0.002623816
v 0.041699347 0.244726713 -0.016453059
v 0.024653713 0.248806514 0.014635878
v 0.038755050 0.261912867 0.001888503
v 0.019792309 0.226521987 -0.025575933
v 0.014943633 0.268333513 -0.022430199
v 0.017835248 0.268518526 -0.022683151
v 0.032547779 0.230579282 -0.021283757
v 0.033854709 0.227941828 -0.020880619
v 0.035093345 0.231437306 -0.020061911
v 0.016001840 0.262900031 -0.024016199
v 0.032192556 0.266200039 -0.020700169
v 0.034824910 0.265592926 -0.018933898
v 0.034354049 0.268044250 -0.017623831
v 0.006740537 0.268523072 -0.020830035
v 0.010832308 0.271043154 -0.019997549
v 0.034831943 0.270439996 -0.013875808
v 0.043473086 0.257372260 -0.013138673
v 0.046885142 0.267974268 -0.001043559
v 0.026478936 0.270816585 -0.009842845
v 0.024185628 0.266320722 -0.023352323
v 0.020735887 0.272250355 -0.017160194
v 0.013897341 0.270858910 -0.021098985
v 0.014706878 0.272632608 -0.018669991
v 0.011024885 0.271801432 -0.018646514
v -0.003471890 0.269501649 -0.015047689
v -0.000948601 0.269201515 -0.016056961
v -0.004505701 0.268227037 -0.018052898
v 0.006160120 0.270131550 -0.012985283
v -0.006398908 0.271400823 -0.005717575
v -0.005898741 0.271927706 -0.009248848
v -0.005114438 0.271165030 -0.007261317
v 0.001468445 0.270244686 -0.016248451
v -0.000517434 0.269348794 -0.017009624
v 0.003496728 0.270406151 -0.017437931
v 0.001595304 0.269778579 -0.017679064
v -0.000030578 0.269558076 -0.015804780
v -0.003425430 0.269897675 -0.009059644
v -0.002254667 0.268127640 -0.009271990
v -0.002778704 0.268748868 -0.009873173
v 0.000099584 0.260217144 -0.020713697
v -0.016938070 0.272039025 -0.009527054
v 0.011955791 0.270208354 -0.021036733
v 0.009360454 0.265585321 -0.022551231
v 0.001190491 0.269771993 -0.014559598
v 0.008786617 0.265137658 -0.007934509
v -0.002323791 0.262981054 0.000153899
v 0.011385373 0.253745422 0.006988424
v -0.027988685 0.270289929 0.008386099
v 0.031426491 0.269842800 -0.007600230
v -0.001425323 0.265804759 -0.004645293
v -0.001592272 0.266755125 -0.008590361
v 0.035484564 0.266590481 -0.003262985
v 0.033631427 0.266425671 -0.003554860
v 0.042035658 0.268790684 -0.002754133
v 0.045633615 0.268493519 -0.003355348
v 0.029187844 0.271711023 -0.010996212
v 0.032480259 0.267753904 -0.005488130
v 0.031892647 0.258875733 0.001455799
v 0.022733477 0.260472758 -0.002684086
v 0.039196166 0.269751716 -0.011093404
v 0.016879529 0.257249827 0.000497615
v 0.004210351 0.258173630 0.002978184
v 0.045380833 0.248672451 -0.012603444
v 0.043313275 0.254089590 -0.014457170
v 0.043842742 0.250641156 -0.014239715
v 0.042323158 0.251578350 -0.015928619
v 0.009168112 0.246412887 0.029496833
v 0.015266125 0.246335968 0.033900537
v 0.045204763 0.261226743 0.045865662
v 0.029082990 0.261340938 0.056908266
v -0.003444159 0.263288610 0.062332220
v -0.004237951 0.253169589 0.024940375
v -0.001581543 0.252008198 0.024743513
v 0.003697706 0.249823673 0.040948573
v 0.003972324 0.258434701 0.053042948
v 0.006568542 0.262613065 0.059905212
v 0.011903113 0.260822025 0.058771731
v 0.008774964 0.261629826 0.058966858
v 0.035152167 0.262402732 0.056833570
v 0.030766162 0.261584331 0.063581368
v 0.041575600 0.251098435 0.058239135
v 0.045307855 0.244765457 0.057009603
v 0.028610013 0.253483278 0.047734614
v 0.031734799 0.260589047 0.064658942
v 0.037371972 0.255300262 0.008760469
v 0.030860674 0.246282067 0.067150557
v 0.041824912 0.236231859 0.056959639
v 0.038202659 0.243105236 0.059559394
v 0.030892821 0.239212264 0.065491562
v 0.033333789 0.245697684 0.065324691
v 0.038670500 0.203734321 0.054017427
v 0.006046422 0.240103546 0.066757853
v 0.014775632 0.237055507 0.066976218
v 0.010830211 0.234158155 0.066313727
v 0.014984614 0.247497239 0.038200578
v 0.023168017 0.246349740 0.027909781
v 0.017958677 0.248809801 0.041961188
v 0.003253696 0.249113264 0.025348411
v -0.003005914 0.251574369 0.065609928
v -0.000433435 0.250629989 0.033094200
v 0.026712142 0.261993376 0.059073383
v 0.034639210 0.250656372 0.024530906
v -0.006853374 0.252952478 0.038313487
v -0.007076119 0.252555150 0.036286746
v -0.005506305 0.252057106 0.035397232
v 0.003285314 0.197741378 -0.022329055
v -0.012653506 0.245951405 0.060119074
v -0.020606526 0.262965428 0.053114296
v -0.017367359 0.259546798 0.036638837
v -0.019802234 0.264635237 0.043577974
v -0.016307404 0.260227466 0.043312984
v -0.017708706 0.261882329 0.042307233
v -0.014030273 0.256699736 0.038567906
v -0.011030541 0.258985888 0.045893769
v 0.001009783 0.250240110 0.038910913
v -0.007803129 0.254939574 0.023188895
v -0.011323371 0.254879332 0.038317950
v -0.013522788 0.256065313 0.036384628
v -0.014955206 0.258188190 0.026391984
v -0.016831408 0.259959774 0.026485636
v -0.029233813 0.264590321 0.041028716
v -0.027830939 0.267183572 0.035312680
v -0.027663642 0.264712304 0.041163230
v -0.026267160 0.265839604 0.038632504
v -0.026538825 0.264921222 0.041894013
v -0.022444226 0.265262911 0.034584766
v -0.022932829 0.264969541 0.038793835
v -0.025670209 0.266130493 0.037626157
v -0.023782567 0.266036153 0.036218345
v -0.022722843 0.265852757 0.033097249
v -0.024581256 0.268774436 0.028626905
v -0.030335364 0.268775790 0.026404392
v -0.031982893 0.268229339 0.023552750
v -0.031411165 0.268607335 0.020196708
v -0.029732510 0.269333296 0.022224037
v -0.020567998 0.265185563 0.021805615
v -0.020263390 0.263255411 0.039549974
v -0.028441426 0.266677346 0.036455274
v -0.028852153 0.266691378 0.036267122
v -0.027406882 0.266329014 0.037575576
v -0.004090667 0.263720056 0.057366048
v -0.014210626 0.264448571 0.051676549
v -0.011587420 0.264282584 0.051881389
v -0.011123631 0.263212077 0.050292202
v -0.021539274 0.264598388 0.047362668
v -0.024956001 0.264605540 0.043022173
v -0.025647115 0.264489175 0.044093334
v -0.016934722 0.259747820 0.040088505
v -0.018761348 0.263611087 0.052369455
v -0.014884174 0.264620090 0.048548583
v -0.017990778 0.264492875 0.049974966
v -0.018780290 0.264822535 0.046513129
v -0.016761901 0.263801990 0.045496310
v -0.016866318 0.262848900 0.044654041
v -0.019065447 0.261578292 0.037781571
v -0.019297594 0.261355675 0.035429265
v -0.023697602 0.265191222 0.040412683
v -0.029144266 0.260521826 0.042565420
v -0.023785010 0.264029430 0.047946453
v -0.026462910 0.204557113 0.038924893
v 0.000484599 0.190318702 0.055028636
v 0.052417650 0.096855868 0.018376883
v 0.039230686 0.171907318 0.030674841
v 0.019255234 0.137695049 0.037189837
v 0.014593450 0.153353212 0.038319949
v -0.008397973 0.141653746 0.031590645
v -0.018196406 0.185248349 0.036459151
v -0.017541056 0.206507415 0.049965731
v -0.005453169 0.157901889 0.035190077
v -0.014665152 0.081332424 0.041501304
v 0.007067415 0.060644340 0.053890032
v -0.029682956 0.068973461 0.035634446
v -0.052959477 0.056800014 0.018831086
v -0.052639558 0.053831629 0.021573648
v -0.021299430 0.161918739 0.014474702
v -0.025409150 0.113518723 0.019230671
v -0.016823005 0.142393687 0.023775445
v -0.030199107 0.121874147 0.006986695
v -0.056879734 0.051505962 0.011270495
v -0.037299507 0.089120788 0.015792696
v 0.035505363 0.172451033 -0.006139846
v 0.029482285 0.127323135 -0.019585842
v 0.047107866 0.084003619 -0.023219456
v 0.050197139 0.090234302 -0.016941817
v 0.052242266 0.083824998 -0.014789211
v -0.019289540 0.100980916 -0.032878067
v -0.056191064 0.046389568 -0.021944506
v 0.037058866 0.055739152 -0.052419076
v -0.026558791 0.264073215 0.044682873
v -0.024920985 0.265497233 0.039278220
v -0.024275079 0.193882129 0.032973869
v -0.034471044 0.221481393 0.017900836
v -0.017653536 0.182530603 -0.002119441
v 0.004004565 0.194843159 0.058422475
v -0.008399711 0.186264082 0.047201130
v -0.031268102 0.263730181 0.038352721
v -0.013444881 0.261000275 0.060781958
v -0.011862107 0.262037793 0.060485037
v -0.015839828 0.261874070 0.044915795
v -0.020001352 0.263639546 0.028465910
v -0.025694592 0.267835326 0.033448521
v -0.003289219 0.262373870 0.064912103
v -0.026562110 0.265420638 0.039749193
v -0.023625257 0.267379094 0.031897663
v -0.033512198 0.267194115 0.027465586
v -0.022896298 0.267532903 0.029298086
v -0.018363430 0.261910838 0.027069644
v -0.006923485 0.256397359 0.045358523
v 0.003239382 0.259927092 0.068230135
v -0.015573342 0.258611392 0.041729597
v -0.016706350 0.262292918 0.043847357
v -0.001477293 0.232064669 0.061883543
v -0.033905032 0.255527762 0.031753583
v -0.031854804 0.256672652 0.036386381
v -0.019221761 0.263439996 0.041903629
v -0.023350084 0.263030101 0.051043071
v -0.022417821 0.252409493 0.053134487
v -0.028353246 0.253147426 0.044537250
v -0.018105716 0.220862835 0.050754457
v -0.025120962 0.218540406 0.043676778
v -0.016578689 0.229705863 0.053826871
v -0.009794301 0.234229889 0.058625548
v -0.016560554 0.247318044 0.057417239
v 0.025777435 0.200620431 0.057481427
v -0.025111819 0.246978403 0.049406405
v -0.021335006 0.246629383 0.053469890
v -0.007048438 0.230970189 0.058860705
v -0.006479890 0.235827022 0.060405855
v -0.017446699 0.234708900 0.054509209
v -0.010550887 0.253678146 0.062177161
v -0.014777430 0.253296766 0.059328983
v 0.008313907 0.246446480 0.068569730
v 0.001805399 0.254044881 0.067533443
v -0.004025065 0.255757710 0.065803094
v 0.005122177 0.243082857 0.067270946
v 0.007045189 0.243702707 0.068016013
v -0.003946723 0.246159542 0.064616316
v -0.003312913 0.239314507 0.063034274
v 0.038533024 0.151939246 -0.001640091
v 0.044752302 0.204087788 0.050563258
v 0.019981477 0.213449095 0.060858025
v -0.012570008 0.202743086 0.053466719
v 0.002360253 0.217710930 0.061814806
v -0.012920543 0.241020068 0.058822905
v 0.010576732 0.238918780 0.067119006
v -0.005521009 0.219071019 0.058156461
v 0.007594383 0.228624590 0.064561256
v 0.013708612 0.213918072 0.061964873
v 0.014042719 0.208637444 0.061445372
v 0.029333955 0.234179844 0.065267420
v 0.040456706 0.239112001 0.057901551
v 0.042650814 0.238101475 0.056795284
v 0.043969955 0.236757560 0.056477926
v 0.036442779 0.226805715 0.060106768
v 0.045157979 0.197390305 0.048024078
v -0.011802605 0.227623114 0.055746057
v 0.043117268 0.260422881 0.055393441
v 0.037868710 0.232846572 0.058856863
v 0.043912312 0.240443971 0.057211679
v 0.043912914 0.251167269 0.057270462
v 0.033245056 0.259166819 0.065367523
v 0.028490711 0.261099155 0.065284435
v 0.028810840 0.257285896 0.068312965
v 0.037881008 0.257694145 0.061518621
v 0.036918626 0.259564942 0.062123816
v 0.033407995 0.257640513 0.066352357
v 0.039254775 0.261240379 0.057408609
v 0.016469765 0.257176426 0.069890262
v 0.031760032 0.262094821 0.057174038
v 0.033100144 0.262049711 0.061761143
v 0.018520755 0.259458239 0.069370021
v 0.001440607 0.261986013 0.066738608
v 0.004976258 0.262817293 0.066319590
v 0.020462102 0.249683158 0.069551349
v 0.026064626 0.253458817 0.069316781
v 0.045780267 0.251606998 0.056626412
v 0.003093172 0.249146101 0.027533166
v 0.050580719 0.261624252 0.049269495
v 0.030549088 0.265900414 -0.004326201
v 0.029201240 0.261706503 -0.002036780
v 0.012787557 0.266709584 -0.008337948
v 0.007692195 0.266593553 -0.009147938
v 0.012463303 0.267798540 -0.009597671
v 0.009115068 0.267667467 -0.022035556
v -0.034455239 0.225110016 0.026840397
v -0.002241991 0.268369613 -0.008074017
v 0.000415723 0.268952616 -0.018419935
v 0.015493115 0.270477481 -0.011342219
v 0.020599502 0.222103795 -0.026945520
v 0.012099432 0.268786169 -0.021787713
v 0.016706128 0.266363512 -0.023285457
v 0.048070988 0.254465575 -0.009054554
v 0.047110963 0.241597774 -0.009812125
v 0.044983844 0.244292028 -0.013304905
v 0.048234561 0.205325567 -0.012189582
v 0.036624052 0.232294324 -0.019478427
v 0.046263408 0.228097080 -0.011022413
v 0.023829867 0.222219166 -0.026422112
v 0.002065882 0.229215601 -0.024015958
v 0.007632994 0.263075720 -0.022542639
v -0.011422569 0.214414084 -0.019273421
v -0.033216077 0.268696951 0.012332579
v -0.022633673 0.268770137 0.016547146
v -0.022096685 0.267491277 -0.008057579
v -0.016800678 0.263370509 0.014523394
v 0.025916318 0.163459366 0.036986033
v 0.041393448 0.198915565 0.051291476
v 0.023558210 0.119254149 0.038897207
v 0.033009356 0.143074792 0.029056944
v 0.012863178 0.170754331 0.043508769
v 0.014381120 0.176939897 0.046941298
v 0.030860042 0.147731747 0.031196241
v 0.031257670 0.152277082 0.031208202
v 0.028878363 0.151719178 0.032963667
v -0.037314172 0.103264079 0.005755828
v 0.005091752 0.119132587 0.040394724
v 0.028622240 0.162582378 0.035223131
v -0.033719080 0.113157067 -0.002333902
v -0.031125764 0.118382141 -0.002541559
v 0.000889141 0.154264752 -0.015355523
v -0.010303447 0.158538067 -0.006980635
v -0.041930770 0.037133296 -0.044916483
v -0.051299590 0.036653981 -0.033266660
v -0.051773275 0.029595796 -0.033869388
v -0.046279819 0.075293688 0.003286623
v -0.038890190 0.094614494 -0.009171765
v 0.015527495 0.149112915 -0.017619047
v -0.015111379 0.147631574 -0.005092016
v -0.003297367 0.146847064 -0.015724702
v 0.006473611 0.189631595 -0.019701321
v 0.028798809 0.114896547 0.037895263
v -0.046162911 0.077246964 -0.001490235
v 0.020494146 0.120277201 -0.027895560
v 0.016424472 0.171265452 -0.015661963
v 0.005259416 0.155338956 -0.016566235
v 0.004446019 0.161112338 -0.015318391
v 0.001161952 0.159536401 -0.014280566
v 0.023250042 0.138658100 -0.018094521
v 0.017546289 0.141103114 -0.019349623
v 0.018916625 0.136592714 -0.020479226
v -0.011055488 0.105021010 -0.034260482
v -0.010884086 0.098835714 -0.036813880
v -0.002152269 0.102566560 -0.037631813
v 0.009592899 0.113643151 -0.033437888
v -0.044827978 0.068927926 -0.033018617
v -0.041065428 0.072464218 -0.035054216
v -0.001528665 0.109536176 -0.035257871
v -0.015326423 0.104585501 -0.032756354
v -0.025207942 0.085098818 -0.038576059
v -0.000007662 0.081888493 -0.045487486
v 0.021751555 0.086920077 -0.040273762
v 0.019830641 0.091844656 -0.039254101
v -0.007268088 0.102066724 -0.036728915
v -0.006414869 0.096724011 -0.038619653
v -0.047347962 0.068625243 -0.028472152
v -0.046596610 0.072910063 -0.022911602
v -0.049837478 0.067468239 -0.023689308
v -0.042222663 0.082987813 -0.015204050
v -0.051873568 0.068416470 -0.005172818
v 0.007798317 0.086108042 -0.043378773
v 0.006058154 0.083451825 -0.044861952
v 0.023273888 0.128595286 -0.022484059
v 0.019447534 0.128347691 -0.023931695
v -0.052577560 0.065588552 0.005763471
v -0.043994303 0.081059442 0.000691744
v 0.029639681 0.123338339 -0.021936303
v 0.018968692 0.150199879 -0.016374298
v 0.012111128 0.176123037 -0.016603984
v 0.017695207 0.123946588 -0.026583276
v 0.026394421 0.141456293 -0.015456757
v 0.022884843 0.148187132 -0.015150761
v 0.021857146 0.144065585 -0.016957028
v 0.035540498 0.111027855 -0.025093907
v 0.009188985 0.172650720 -0.016102494
v 0.023583737 0.172417837 -0.013879106
v 0.026538194 0.159768064 -0.011444671
v 0.012972006 0.156378395 -0.016597693
v 0.014130621 0.163688853 -0.015854173
v 0.032027207 0.170642100 -0.009275821
v 0.020565245 0.175934019 -0.015431943
v 0.015516788 0.133683504 -0.022590378
v 0.008466409 0.127225336 -0.026138085
v -0.019172992 0.117264299 -0.020608699
v 0.031073838 0.120365899 -0.022603534
v 0.037062544 0.155574170 -0.003411665
v 0.022951011 0.165590517 -0.013241413
v -0.039780011 0.094474305 0.005814714
v -0.040716252 0.091421266 0.001199266
v 0.042973705 0.136144452 0.004348903
v 0.042052405 0.200423794 -0.015858867
v 0.022766219 0.185161277 -0.018076395
v 0.020593900 0.189381468 -0.020143252
v 0.048661578 0.086070591 -0.020027868
v 0.018992239 0.097478322 -0.038192922
v 0.038030288 0.093706827 -0.029484078
v -0.012538632 0.063760660 -0.055713666
v -0.015320650 0.069609448 -0.052344391
v -0.021216030 0.066257694 -0.052367205
v 0.014273688 0.059914456 -0.059016150
v 0.009372749 0.045466457 -0.061160825
v -0.029081957 0.053405818 -0.052265377
v -0.032470160 0.041966474 -0.051336821
v 0.010210445 0.059779824 -0.059658364
v -0.023735594 0.059653995 -0.053729523
v -0.023996577 0.062680222 -0.052700602
v -0.014513887 0.059391717 -0.056752134
v -0.018791174 0.061173087 -0.054850618
v 0.005523282 0.052082292 -0.061062898
v 0.006835560 0.063875209 -0.058465606
v 0.025250985 0.072099066 -0.048684998
v 0.000566390 0.052277021 -0.060995409
v 0.009046469 0.055584554 -0.060603316
v 0.016060684 0.071686351 -0.052264963
v -0.021386953 0.081135503 -0.042908166
v -0.000676337 0.077745446 -0.048403717
v 0.005469366 0.068515552 -0.055916534
v -0.019214057 0.050446274 -0.056635432
v -0.021396214 0.046338234 -0.056360841
v -0.021301051 0.071084936 -0.049611786
v -0.019371685 0.175424195 0.002534022
v -0.018353324 0.166429924 0.003480907
v -0.018859604 0.170524417 0.003697625
v 0.011797719 0.262386017 0.067330688
v -0.017663399 0.263153479 0.043625057
v -0.025509241 0.263440375 0.048072039
v 0.035441304 0.186750505 0.047475081
v 0.006830445 0.220506657 0.063244276
v -0.033201654 0.106707471 0.013881033
v 0.052605649 0.037608211 -0.039128670
v 0.054762692 0.043661943 -0.038690810
v 0.041768669 0.193133992 -0.012133822
v 0.048544003 0.262684096 0.011226405
v 0.046585327 0.263071909 0.007864136
v 0.047933464 0.262415051 -0.007812377
v 0.050806418 0.239246872 -0.003711496
v 0.045412580 0.254444133 -0.011754372
v 0.045787791 0.263890401 -0.009333789
v 0.047385536 0.246917518 -0.009909716
v 0.046031131 0.258138412 -0.010832311
v 0.049083592 0.250172584 -0.007506659
v 0.052442006 0.257335519 -0.003213774
v 0.050683944 0.253779265 -0.005466572
v 0.045256851 0.251671589 -0.012812521
v 0.045864146 0.193870914 -0.008542603
v 0.049381459 0.201124758 -0.009255392
v 0.051372763 0.202663663 -0.007836670
v 0.048813713 0.201231638 -0.009734331
v 0.050244213 0.207976716 -0.010387626
v 0.044709355 0.212319900 -0.015941437
v 0.047801748 0.210397838 -0.012865688
v 0.048131434 0.216460616 -0.011402393
v 0.049919151 0.211513356 -0.010711196
v 0.054642321 0.221175933 -0.000444095
v 0.055349471 0.247693022 0.000734155
v 0.052415229 0.246753607 -0.001803592
v 0.052601553 0.237683286 -0.002184180
v 0.049382599 0.265341219 -0.003321756
v 0.051130924 0.265207247 -0.001031728
v 0.051372510 0.249814975 -0.004157592
v 0.055757503 0.250630115 0.000446274
v 0.053648931 0.239743313 -0.000887707
v 0.056918576 0.254178185 0.001303502
v 0.051304978 0.217917757 -0.006673363
v 0.050992069 0.214453197 -0.008590089
v 0.055953442 0.217446758 0.001212666
v 0.057009747 0.238190264 0.002518274
v 0.054521143 0.244738856 0.000135569
v 0.054697149 0.242053724 0.000770414
v 0.053562240 0.249585144 -0.001330167
v 0.053541641 0.260749581 -0.001461312
v 0.057228328 0.257112695 0.002002761
v 0.052920805 0.266869186 0.003706738
v 0.055263804 0.267272316 0.007886053
v 0.051638897 0.267325075 0.003922689
v 0.052367988 0.268037633 0.006604709
v 0.052478725 0.267540203 0.005114489
v 0.055808291 0.265808556 0.004889829
v 0.051705893 0.262957693 -0.002291137
v 0.055565716 0.264076906 0.002401190
v 0.053544651 0.264936045 0.001328280
v 0.047904470 0.190710154 -0.002987716
v 0.052102599 0.194020339 0.000289456
v 0.051237319 0.265319983 0.011462826
v 0.045412216 0.268352842 0.000290119
v 0.049857071 0.267534409 0.005579451
v 0.053130539 0.265643689 0.014300077
v 0.049488053 0.265300985 0.008497233
v 0.045266738 0.263471302 0.006155591
v 0.046604226 0.265348822 0.005410581
v 0.046124679 0.268368118 -0.000281733
v 0.049925754 0.267887913 0.002871924
v 0.047908694 0.268210528 0.001973389
v 0.051763786 0.266874460 0.001757538
v 0.056658082 0.199369623 0.002935479
v 0.054459008 0.199876313 -0.001538762
v 0.057885935 0.232609050 0.003358756
v 0.058477452 0.199823766 0.007273210
v 0.059446824 0.265550903 0.016843627
v 0.057357222 0.261944138 0.003242461
v 0.059048145 0.260559460 0.004955512
v 0.059054106 0.256930627 0.004286093
v 0.063887560 0.256944383 0.015422082
v 0.064733676 0.257130601 0.020107094
v 0.060579358 0.264749181 0.015841938
v 0.048882762 0.261146860 0.025759807
v 0.060913094 0.233122772 0.033621105
v 0.061578915 0.261349978 0.033812977
v 0.063730880 0.259172301 0.030296804
v 0.056708136 0.194738677 0.010045697
v 0.046755322 0.194107750 0.044385240
v 0.053362791 0.187947548 0.023114508
v 0.049289859 0.181953346 0.023702654
v 0.050059673 0.262330679 0.033582687
v 0.055342411 0.263721221 0.032986440
v 0.054647984 0.262885281 0.036052570
v 0.049849945 0.262503323 0.038580948
v 0.047093945 0.261425031 0.040433682
v 0.049180666 0.262013560 0.036446116
v 0.049744965 0.262487121 0.014971613
v 0.051234731 0.264341923 0.013562042
v 0.051660949 0.263339881 0.022721464
v 0.050057189 0.262089852 0.021195335
v 0.053749092 0.265262745 0.017183565
v 0.059253461 0.264467582 0.026411883
v 0.052342617 0.263751327 0.027827255
v 0.051416275 0.263387426 0.018177053
v 0.052271250 0.264529885 0.015905524
v 0.055272590 0.266607529 0.016663936
v 0.048758549 0.261325306 0.030252298
v 0.050330611 0.262444424 0.030973662
v 0.051708319 0.263228332 0.031419319
v 0.053604722 0.264007838 0.030911493
v 0.059709883 0.262412442 0.034157192
v 0.057266280 0.262788779 0.035032796
v 0.058328744 0.263621218 0.031638724
v 0.060914556 0.264167089 0.021336547
v 0.053783972 0.264703215 0.020492497
v 0.056560878 0.265854343 0.023031199
v 0.059513550 0.265469377 0.021565704
v 0.058282101 0.266495476 0.017921673
v 0.059067616 0.264971732 0.023767177
v 0.056360446 0.264684595 0.028826348
v 0.062445748 0.261271798 0.031134297
v 0.060694244 0.263012820 0.029412469
v 0.057435855 0.222556551 0.035772970
v 0.059999961 0.224376386 0.029809768
v 0.050952701 0.212678238 0.044782017
v 0.057107081 0.244404673 0.044598059
v 0.047053271 0.262043134 0.044233833
v 0.051988727 0.263029686 0.034878650
v 0.052656174 0.262621848 0.039311141
v 0.053345067 0.261032141 0.047265999
v 0.050913847 0.244973041 0.053671078
v 0.051162089 0.262196938 0.046490959
v 0.051947122 0.262396770 0.043045328
v 0.049356871 0.262514313 0.042130001
v 0.047831249 0.262469221 0.048908529
v 0.048879140 0.262542597 0.045462014
v 0.048389376 0.244016081 0.055551309
v 0.048792820 0.248542328 0.055920564
v -0.050884396 0.056909008 0.023718800
v -0.047308504 0.056347553 -0.037121423
v -0.062193090 0.021810550 -0.006123661
v -0.063505503 0.017280252 -0.011801208
v -0.064310756 0.014708180 -0.016174872
v -0.048800320 0.012105754 -0.057031982
v -0.056298901 0.014116447 -0.045194517
v -0.056836810 0.019601207 -0.031254945
v -0.053224278 0.019762856 -0.038830370
v -0.018028125 0.107485675 -0.029396644
v -0.021477050 0.106045221 -0.028035936
v 0.008913128 0.160915385 -0.016296119
v 0.011031697 0.159268049 -0.016477531
v 0.008706610 0.166851493 -0.015868394
v -0.065576384 0.012515362 -0.001770959
v -0.064347703 0.013456811 -0.021892469
v -0.060872035 0.016862121 -0.023401539
v 0.021438267 0.069895996 -0.051940839
v -0.056633432 0.058931732 -0.005965849
v -0.037519520 0.016531407 -0.057226065
v -0.063347477 0.012655895 -0.034725329
v -0.010890395 0.031392888 -0.062418777
v 0.009522990 0.072097855 -0.053193845
v -0.012531162 0.042037055 -0.059471237
v -0.017462756 0.039915629 -0.058366882
v -0.004082262 0.043044591 -0.060880204
v -0.024617971 0.028217469 -0.058906416
v -0.031166976 0.015817009 -0.060663909
v -0.030453526 0.019475076 -0.058611837
v 0.004089930 0.039528143 -0.061582257
v -0.008565893 0.028681282 -0.063553146
v -0.008812088 0.022615319 -0.064497661
v -0.026869503 0.016927330 -0.061443892
v -0.040383752 0.031968708 -0.047141468
v -0.000418431 0.025101125 -0.065126186
v 0.004561656 0.029613940 -0.064413741
v 0.003765567 0.022993693 -0.065446722
v 0.026232905 0.066145890 -0.052628258
v 0.031073695 0.049728584 -0.055980065
v -0.023939655 0.020291494 -0.061225506
v -0.011670831 0.008593213 -0.069651222
v -0.060553371 0.010430724 -0.049095790
v -0.043714037 0.017919672 -0.052485302
v -0.040259760 0.025703552 -0.049339759
v -0.043919659 0.022753409 -0.047363664
v -0.047754476 0.009622091 -0.061544662
v -0.053466437 0.010002101 -0.057528041
v -0.040038874 0.076320849 -0.031787907
v -0.052860705 0.049372823 0.022950279
v -0.026913843 0.051228410 0.045122667
v -0.025848483 0.057301314 0.043205272
v -0.021539724 0.048542630 0.048367033
v 0.008345313 0.036000023 0.055036830
v -0.043473161 0.033077134 0.033060763
v -0.059469641 0.018257411 -0.026158088
v 0.009685025 0.035195527 -0.062467998
v -0.035421336 0.014111337 -0.060644792
v -0.030603729 0.011135595 -0.065817482
v -0.056851268 0.029337005 0.015859040
v -0.058440819 0.041358649 -0.012879960
v 0.042247264 0.037384233 -0.048439622
v -0.001497318 0.038335065 -0.061749330
v 0.054145449 0.035603196 -0.036582690
v -0.001026958 0.009121888 -0.068420278
v -0.050350515 0.018661661 0.025759503
v 0.020847147 0.015502389 -0.063538149
v 0.027077164 0.044875418 0.055573891
v -0.017341702 0.074191221 -0.048795923
v -0.050336222 0.007891466 0.029295894
v -0.003763112 0.009935034 -0.068252159
v -0.023233492 0.015206665 -0.063631018
v 0.032809014 0.006788412 -0.058268047
v 0.021804906 0.007535523 -0.064261368
v 0.046704346 0.208173834 -0.013954270
v 0.049812000 0.183451319 0.009687263
v -0.023512740 0.268460261 -0.006259059
v -0.027529079 0.270527672 0.003267619
v -0.019353737 0.270331970 0.006092601
v -0.022355340 0.271674552 -0.000440699
v -0.024514218 0.271212710 0.003006275
v -0.033520510 0.267232833 0.007094310
v -0.019760802 0.272254395 -0.002504384
v -0.015810848 0.270006895 0.002801694
v -0.013702011 0.269071651 0.001688827
v -0.017163599 0.269091910 -0.011932544
v -0.009054423 0.269537577 -0.002133022
v -0.011603520 0.272708033 -0.012380890
v -0.011996950 0.265509481 0.004370153
v -0.014237409 0.267841163 0.003718443
v -0.014665388 0.265638609 0.006605702
v -0.017482756 0.266549665 0.009248898
v -0.017732814 0.265093727 0.012055149
v -0.019108265 0.265204668 0.015559849
v -0.020789430 0.267090275 0.016123804
v -0.022749585 0.271743638 0.003834497
v -0.011923518 0.271387522 -0.002238957
v -0.019496653 0.268571813 0.009028348
v -0.016936907 0.268313364 0.006113044
v -0.020747494 0.268729106 0.010990258
v -0.019937219 0.267453660 0.012663527
v -0.036366614 0.257338682 0.011767850
v -0.036648177 0.250223755 0.013118071
v -0.029800123 0.270178010 0.005570989
v -0.025681455 0.271033173 0.005824997
v -0.011137460 0.259794789 0.014355968
v -0.009826192 0.238734741 -0.018358757
v -0.025793936 0.213189940 -0.001009828
v -0.007599828 0.185825224 -0.012433448
v -0.008784756 0.210102522 -0.020679780
v -0.005919503 0.202947981 -0.020388680
v -0.032023968 0.212353829 0.013299855
v -0.035462276 0.233483348 0.014295880
v -0.033716661 0.216758726 0.025449332
v 0.016545886 0.253279138 0.006193019
v -0.008256682 0.247841235 -0.017783432
v 0.016657548 0.204719475 -0.026729115
v -0.004702655 0.231823615 -0.021664475
v 0.000602449 0.241925787 -0.021908186
v -0.010787402 0.204528121 -0.017495036
v 0.022170925 0.224564883 -0.026098001
v 0.020924695 0.225159608 -0.026210904
v 0.009216879 0.222292931 -0.026992362
v 0.017208022 0.223354531 -0.026898528
v 0.028811843 0.212209562 -0.025733103
v 0.023676768 0.207931441 -0.026404626
v 0.021028177 0.218044600 -0.027917781
v 0.034819661 0.215315144 -0.022687325
v 0.031243841 0.215784603 -0.024634991
v 0.027956093 0.216944485 -0.026032254
v 0.026342685 0.219294632 -0.026217881
v 0.029757954 0.220323722 -0.024440847
v 0.035764380 0.224625134 -0.019945597
v 0.025222390 0.216200235 -0.026803074
v 0.025992652 0.229617630 -0.023757908
v 0.037695860 0.217640301 -0.020142649
v 0.033677851 0.220532231 -0.022498768
v 0.041453876 0.210411718 -0.018154582
v 0.040797635 0.216522137 -0.018251929
v 0.036451904 0.229434997 -0.019069898
v 0.040297177 0.213229662 -0.019265867
v 0.037371918 0.215795916 -0.020716943
v 0.039970533 0.222242120 -0.017407032
v 0.046000309 0.220397182 -0.012348675
v 0.048711176 0.213879841 -0.011273723
v 0.045801645 0.226710714 -0.011886620
v 0.048832097 0.219668710 -0.009497373
v 0.048204952 0.266927325 -0.002138712
v 0.044462601 0.230180580 -0.012948574
v 0.048574474 0.238967526 -0.006925479
v 0.047501193 0.231199388 -0.009469443
v 0.047281156 0.236875467 -0.009344857
v 0.047330531 0.224448227 -0.010102404
v 0.048548235 0.235107637 -0.007632118
v 0.039015664 0.230192440 -0.017548988
v 0.034434047 0.253283648 0.011156715
v 0.033604259 0.256487249 0.004556507
v 0.047077642 0.251046996 -0.010650558
v 0.034703637 0.260826470 0.000742412
v 0.021146029 0.253128103 -0.024509535
v 0.035305757 0.255564592 -0.020704851
v 0.010889572 0.217232313 -0.028214033
v -0.057724963 0.055020966 -0.001394023
v 0.018298375 0.236934376 -0.024200145
v 0.037474732 0.244980852 -0.019674475
v 0.049791244 0.235787183 -0.005358642
v 0.039792860 0.241166678 -0.017946946
v 0.043453181 0.241960167 -0.014774146
v 0.043132680 0.248380717 -0.015197174
v 0.042431587 0.260178704 -0.014524641
v 0.037903420 0.254300913 -0.019098966
v 0.042241788 0.240135706 -0.016026740
v 0.049688483 0.244722966 -0.005634405
v 0.043842625 0.259630995 -0.012791043
v 0.032310414 0.246884876 -0.022104106
v 0.021663619 0.267153982 -0.007870119
v 0.017694627 0.266851887 -0.008150008
v 0.035370494 0.262992803 -0.019834478
v 0.032540523 0.259690486 -0.021974816
v 0.026731102 0.269199024 -0.021104164
v 0.032715540 0.269941597 -0.015643836
v 0.041586473 0.264784672 -0.013653443
v 0.040275528 0.266896044 -0.013463239
v 0.031050685 0.269094609 -0.018805727
v 0.028213648 0.267046075 -0.022308415
v 0.028633516 0.270323865 -0.018402656
v 0.029732538 0.268130740 -0.020390152
v 0.015511994 0.272677769 -0.017087806
v 0.024206254 0.271541348 -0.017365732
v 0.020275672 0.271260141 -0.020506729
v 0.018624222 0.269641480 -0.009923242
v 0.011972386 0.270173611 -0.011601691
v 0.008347396 0.271911428 -0.015853460
v 0.007788714 0.270990748 -0.013972564
v -0.006172493 0.272089538 -0.011897553
v -0.002404941 0.269016920 -0.016295573
v -0.003314607 0.269758570 -0.012429753
v -0.006967378 0.269456086 -0.016923048
v -0.004899000 0.270541372 -0.016062598
v 0.007067244 0.271384556 -0.017561504
v -0.001073775 0.267374833 -0.019213795
v 0.007141121 0.269985528 -0.019821283
v 0.009471850 0.269694209 -0.021139443
v 0.004606595 0.265740858 -0.021357521
v -0.009378928 0.241297608 -0.018450832
v 0.024537693 0.270816085 -0.020496914
v 0.012837768 0.266427382 -0.022959785
v 0.022218837 0.270308643 -0.010227391
v 0.008971961 0.268635388 -0.011091020
v 0.007050034 0.269618267 -0.012513054
v 0.014719970 0.265421865 -0.007697462
v 0.014625951 0.267481703 -0.009136789
v 0.001663824 0.266980223 -0.010990307
v 0.004375771 0.270841864 -0.015200303
v -0.002004897 0.268177183 -0.010527525
v -0.001473166 0.267160613 -0.009946804
v -0.001137312 0.268544815 -0.014716794
v 0.010527284 0.266728065 -0.009395553
v 0.016751680 0.264373611 -0.006563601
v 0.011485991 0.265140870 -0.007523330
v 0.009547896 0.263955461 -0.006568990
v 0.000288446 0.263376719 -0.003005337
v 0.005083511 0.267728502 -0.010502512
v 0.000965617 0.268351577 -0.012867224
v -0.002773449 0.268387547 -0.013387085
v -0.006043835 0.270018493 -0.004283870
v -0.005540470 0.268123811 -0.002763921
v -0.004614334 0.270258756 -0.005741760
v -0.011454277 0.272276456 -0.004610967
v 0.005231858 0.269298511 -0.012288062
v 0.004335780 0.268546616 -0.012207307
v -0.000192528 0.265979706 -0.009776302
v -0.001031364 0.267260004 -0.012031460
v 0.002258884 0.265548746 -0.008942452
v -0.003361028 0.265483787 -0.002283971
v 0.037376374 0.267399988 -0.003342751
v 0.025059860 0.264160898 -0.004780877
v 0.027448970 0.266031440 -0.005591901
v 0.025589081 0.267720412 -0.007138168
v 0.028834860 0.268166961 -0.006311959
v 0.019231323 0.264697828 -0.006343852
v 0.016065124 0.268969463 -0.009736275
v 0.027241588 0.269393705 -0.008122637
v 0.041006979 0.268003276 -0.002088158
v 0.039833397 0.268711809 -0.003660962
v 0.045569953 0.266455694 -0.007612442
v 0.043180960 0.268115155 -0.008792287
v 0.042274786 0.269434226 -0.006962810
v 0.044115325 0.263441166 0.005004937
v 0.052871775 0.262157929 -0.001290688
v 0.027805486 0.264329627 -0.004180225
v 0.037334738 0.263906995 -0.000495703
v 0.037466732 0.259542170 0.003424566
v 0.043860661 0.255422483 0.056891295
v 0.045544133 0.254985018 0.056579654
v 0.039632594 0.253529473 0.059406974
v 0.044112108 0.258363117 0.056010485
v 0.044271186 0.256861927 0.056828954
v 0.040830286 0.259253866 0.057427960
v 0.043121793 0.261860340 0.052625929
v 0.041898677 0.261691116 0.054655258
v 0.037855739 0.261427872 0.054715869
v 0.039590009 0.266476361 -0.001440767
v 0.030721240 0.262775437 0.059780245
v 0.031581863 0.261146450 0.055498578
v 0.001472150 0.249813287 0.029603007
v 0.017125122 0.260609832 0.068030526
v 0.015131323 0.261780556 0.067645769
v 0.008785308 0.260258653 0.068674920
v 0.009092259 0.256090816 0.069303437
v 0.001878841 0.257484969 0.067887429
v -0.001071564 0.259059744 0.067177686
v 0.020263554 0.260537076 0.067890968
v 0.035693618 0.262506304 0.058674114
v 0.034256268 0.260621926 0.063704099
v 0.032683723 0.261218837 0.063438698
v 0.026278180 0.258822865 0.068239988
v 0.023276238 0.259913269 0.067741175
v 0.023283996 0.261404513 0.066158447
v 0.039420555 0.258049374 0.059198462
v 0.038092915 0.259926544 0.059935249
v 0.036600862 0.261660611 0.059840722
v 0.039192986 0.256187219 0.059783346
v 0.035049076 0.255620472 0.065723612
v 0.038086087 0.255028571 0.061634997
v 0.043861701 0.261392467 0.049364808
v 0.025842427 0.256499024 0.069169776
v 0.021204658 0.254245358 0.069960196
v 0.028546675 0.255340517 0.068833659
v 0.020877177 0.259252707 0.068369202
v 0.035224668 0.246715105 0.064128937
v 0.034391639 0.248588073 0.065252691
v 0.036070780 0.241206084 0.062198955
v 0.034983101 0.239958592 0.063448125
v 0.032864762 0.242206041 0.065060950
v 0.033700909 0.251942295 0.066499159
v 0.029497931 0.252095358 0.068507267
v 0.033146219 0.234533157 0.063901983
v 0.035110345 0.243671085 0.063576114
v 0.035095918 0.229982234 0.061203956
v 0.033124800 0.238365957 0.063977165
v 0.035449617 0.233204910 0.061123862
v 0.039967052 0.232198752 0.057771530
v 0.045462941 0.246327125 0.057364808
v 0.040145116 0.246883442 0.058768548
v 0.043734641 0.248716501 0.057638767
v 0.038168958 0.249570304 0.060563049
v 0.037694168 0.252524486 0.061813447
v 0.036818156 0.253680092 0.064088108
v 0.045661972 0.244125893 0.057050912
v 0.024979183 0.251804871 0.046406399
v 0.031586589 0.252676704 0.045423991
v 0.042692151 0.232683197 0.056685491
v 0.043555871 0.225438141 0.055056332
v 0.046519388 0.212493808 0.049343618
v 0.042295483 0.214675939 0.053004302
v 0.038548628 0.217629445 0.056197598
v 0.039498340 0.223257946 0.057512542
v 0.034574016 0.236557367 0.062598536
v 0.044989413 0.229941300 0.055371326
v 0.041856209 0.219850842 0.054600880
v 0.034055378 0.228477761 0.061750445
v 0.037055199 0.230341850 0.059862962
v 0.042890109 0.229299168 0.056244967
v 0.033953996 0.229845943 0.061986421
v 0.032037430 0.229934134 0.063260354
v 0.032643858 0.225649134 0.062272797
v 0.029830357 0.221105190 0.061150868
v 0.027507222 0.214992186 0.059599447
v 0.032413047 0.209233914 0.057029281
v 0.021209086 0.229771325 0.065539979
v 0.026403746 0.226815997 0.063951544
v 0.036293264 0.243170450 0.061533182
v 0.036842609 0.241499179 0.061001416
v 0.013719440 0.243798808 0.068258410
v 0.015619404 0.247228144 0.069191809
v 0.025006382 0.233647912 0.066098293
v 0.001996027 0.243892252 0.066092486
v 0.004959070 0.235987687 0.065728134
v 0.018347129 0.245208663 0.068827084
v 0.001733640 0.237283094 0.064767034
v 0.004033253 0.232969558 0.064639942
v 0.003438901 0.224152912 0.063074600
v -0.000817455 0.221477222 0.060633530
v 0.010061464 0.215780587 0.062808854
v 0.016101013 0.229531708 0.065645791
v 0.007673540 0.210564604 0.062398546
v 0.000665436 0.210464089 0.060951797
v -0.002725781 0.214541409 0.059469442
v 0.011731512 0.224281629 0.064204569
v 0.036784129 0.237980637 0.060119541
v 0.003102602 0.228996932 0.063426407
v 0.012242918 0.249358498 0.069277571
v 0.016036399 0.245185165 0.027959535
v 0.020051492 0.245523983 0.025603828
v 0.002009361 0.249629955 0.036145196
v 0.031583886 0.255685310 0.067520140
v 0.000063316 0.249437758 0.066522346
v 0.009848696 0.243626955 0.068066573
v 0.015657704 0.253556094 0.070066807
v -0.005364917 0.225634603 0.058622031
v -0.009285032 0.240871992 0.061028814
v -0.013742031 0.235640520 0.056842632
v -0.019862572 0.231019384 0.051583467
v -0.020283148 0.237819095 0.052876465
v -0.033167074 0.238983601 0.033020968
v -0.031149103 0.245315696 0.038104787
v -0.031082478 0.232839153 0.037033221
v -0.027835128 0.238105902 0.043989959
v -0.019891124 0.225103536 0.050627044
v -0.016754994 0.224623083 0.052831203
v -0.018069487 0.254084825 0.057481672
v -0.021627899 0.218676129 0.047343879
v -0.011103815 0.218839874 0.054991940
v -0.026720330 0.211934982 0.040504185
v -0.023882739 0.212986289 0.044055731
v -0.032352079 0.215176959 0.029993528
v 0.007396588 0.235031970 0.065953932
v -0.013446511 0.212127593 0.053019168
v -0.008397429 0.212346091 0.056379127
v -0.024140023 0.239298096 0.049422562
v 0.005222049 0.213586577 0.062460077
v -0.031480452 0.222963734 0.033956040
v -0.030815119 0.253111897 0.039006110
v -0.024696270 0.255751228 0.050940645
v -0.026053896 0.260119153 0.048455960
v -0.019969763 0.261127402 0.056096291
v -0.034178479 0.247716312 0.030937111
v -0.032230927 0.252146230 0.035016050
v -0.030664799 0.257249428 0.040065193
v -0.021361022 0.258077565 0.054754985
v -0.018351739 0.261419327 0.057472231
v -0.020182829 0.262381188 0.054863940
v -0.013477709 0.262168980 0.059032155
v -0.009421412 0.261524235 0.062530091
v -0.015524744 0.263642819 0.053985998
v -0.013266469 0.256431746 0.060914646
v -0.015397705 0.258619276 0.060131633
v -0.010137665 0.257886293 0.063059919
v -0.009433773 0.262641915 0.060704614
v 0.005611702 0.249549672 0.068343959
v -0.008210664 0.262472487 0.061506300
v -0.007247007 0.260708669 0.064411954
v -0.017215982 0.261742307 0.057213577
v -0.009162287 0.254197461 0.039685963
v -0.006568887 0.262310025 0.063300043
v -0.007939665 0.254480035 0.041772851
v -0.014081083 0.256557831 0.041461720
v -0.032219676 0.260482006 0.035028844
v -0.034926350 0.259395305 0.029768167
v -0.011492025 0.261532104 0.061851534
v -0.010869353 0.255709322 0.041754099
v -0.011559774 0.255494173 0.039615359
v -0.009243353 0.253830855 0.032662371
v -0.010994934 0.254554270 0.034966741
v -0.004092567 0.251802241 0.033344914
v -0.010968406 0.257089876 0.021413816
v -0.010452544 0.258164503 0.017742692
v -0.014674722 0.257487283 0.028711632
v -0.036053938 0.234147192 0.021845633
v -0.035627521 0.253958840 0.027182982
v -0.035545422 0.257186524 0.028062522
v -0.013514327 0.256650442 0.027435307
v -0.013982298 0.256600434 0.031396696
v -0.019202501 0.261904576 0.030107703
v -0.016680878 0.258557097 0.032153821
v -0.021154131 0.264339293 0.031977137
v -0.036080779 0.247949170 0.025798196
v -0.018128699 0.260162987 0.034098588
v -0.017539716 0.261520015 0.023882046
v -0.036596726 0.253565132 0.023679925
v -0.034222204 0.265567626 0.029128262
v -0.032450521 0.266737763 0.032790612
v -0.023785844 0.266435484 0.034126295
v -0.032637567 0.266990443 0.030656270
v -0.022820788 0.267857104 0.025089283
v -0.021314699 0.266102610 0.024356868
v -0.022629722 0.267918217 0.020473460
v -0.017973013 0.262778470 0.019777157
v -0.018055259 0.260326826 0.031593188
v -0.018347732 0.260843876 0.032976242
v -0.019680886 0.263808132 0.024605966
v -0.010033328 0.261433148 0.049089126
v -0.022171528 0.264533565 0.044635264
v -0.028257868 0.268250107 0.032191887
v -0.020892102 0.263964086 0.050399235
v -0.018337057 0.262462125 0.055378992
v -0.021006038 0.263525245 0.036192092
v -0.024114687 0.264257227 0.045372696
v -0.025803092 0.266792313 0.035852047
v -0.021363556 0.264398440 0.041208391
v -0.026394020 0.264416284 0.043035069
v 0.044700987 0.268661980 -0.005127856
v 0.032935266 0.269000314 -0.017419463
v 0.042210382 0.264864195 0.002154683
v 0.042967362 0.267655311 -0.000329526
v 0.044569966 0.268775872 -0.001663474
v 0.056204895 0.204035051 -0.001205365
v 0.044511261 0.224277458 -0.013107662
v 0.044858524 0.221800521 -0.013414507
v 0.063219888 0.261076304 0.028276861
v 0.061774910 0.262770253 0.026553453
v 0.001958737 0.264408846 -0.007158195
v -0.022606234 0.270896689 0.008460445
v -0.021377798 0.269690374 0.010168799
v -0.035243418 0.266026719 0.018807630
v -0.008683885 0.272094535 -0.014979931
v 0.019006120 0.144282056 0.037173494
v 0.020899078 0.205678457 -0.026645082
v 0.019877053 0.197924549 -0.023932885
v 0.024355821 0.202507439 -0.024694702
v 0.012346450 0.234237100 -0.024432947
v 0.040267271 0.255403266 -0.017017766
v -0.007031834 0.266681034 -0.000492740
v 0.020170148 0.245759236 0.029297941
v 0.041279389 0.261351271 0.004201165
v 0.043813434 0.261510289 0.006561065
v 0.040562085 0.227769825 -0.016071583
v 0.017849533 0.261943852 -0.004486511
v -0.002833786 0.255346377 0.046499951
v 0.014253800 0.248462594 0.015306528
v 0.012036321 0.247699668 0.018052820
v -0.009591404 0.253775752 0.037654218
v 0.005888697 0.253411208 0.048473014
v 0.023755774 0.249729445 0.043082292
v -0.015729132 0.240686751 0.057061655
v -0.003714399 0.258958116 0.066192533
v -0.007791707 0.249452340 0.063434798
v -0.016402563 0.260871523 0.021662827
v -0.013654329 0.257910905 0.023656887
v -0.033954026 0.267549196 0.021534076
v -0.005482298 0.242378327 -0.020012566
v -0.002986883 0.243576174 -0.020329400
v -0.007676738 0.170900255 0.038346951
v -0.004360794 0.162717316 0.037271125
v 0.012630021 0.170673782 -0.016097312
v -0.021907987 0.144935333 0.005776783
v -0.021469719 0.041220951 -0.056301655
v -0.026170395 0.037965687 -0.054833524
v -0.026996816 0.042278826 -0.053939544
v -0.030542394 0.037882658 -0.052734353
v 0.021746037 0.110493418 -0.032620710
v 0.032754347 0.135053481 -0.013160297
v 0.026992627 0.208742206 -0.025821730
v 0.029953993 0.208403355 -0.024330124
v 0.003459556 0.058107920 -0.060265258
v -0.019616486 0.133101143 0.021846509
v -0.034441728 0.070052388 -0.043112297
v -0.033088452 0.060156576 -0.049240666
v -0.030715659 0.056611073 -0.050972522
v 0.015329134 0.152786251 -0.016946847
v -0.067793440 0.010584677 -0.010742776
v -0.069499236 0.008173791 -0.009904887
v -0.052165462 0.022514535 -0.036228913
v -0.050764996 0.020700609 -0.041759902
v 0.041391336 0.269369627 -0.004051183
v 0.038438953 0.270460768 -0.008059865
v 0.042304795 0.007199245 -0.052832736
v 0.018453025 0.008329179 -0.064140814
v 0.034812083 0.006570723 -0.057195255
v -0.048015061 0.021508215 -0.043721055
v -0.046111257 0.073552770 0.008970712
v -0.049325010 0.069837550 0.007066748
v -0.017703746 0.260555734 0.028911733
v -0.016260626 0.258723687 0.029275121
v -0.038983715 0.051862558 -0.046656648
v -0.038851498 0.057885547 -0.046000513
v 0.044569837 0.243676376 0.057104309
v 0.035907284 0.260027683 0.063273662
v 0.060175057 0.260785746 0.038206325
v 0.061503241 0.224441574 0.020532528
v 0.052959418 0.052123277 0.037537837
v 0.057723562 0.050576140 0.032151825
v 0.060869492 0.204588821 0.008783898
v 0.061222254 0.203520075 0.013055011
v 0.063386606 0.059821305 0.015240214
v 0.064672948 0.031288664 -0.014775839
v 0.065933205 0.046150118 0.019235024
v 0.069579064 0.013449355 0.000862070
v 0.069599872 0.012201502 -0.002217744
v -0.059904735 0.023548613 -0.015037468
v -0.060898572 0.020839903 -0.014443375
v -0.061444111 0.019086856 -0.017600958
v 0.054390771 0.083034159 -0.010255604
v 0.061071369 0.034721733 -0.025378155
v -0.011614030 0.034808677 -0.061269328
v 0.064531108 0.258749284 0.027930606
v -0.003050930 0.069374747 -0.054657395
v -0.031083619 0.066166462 -0.047998968
v -0.001438675 0.173108964 -0.012413324
v -0.004046632 0.138256621 -0.018942590
v -0.033280001 0.100106288 -0.020245821
v -0.030811012 0.099508926 -0.024241472
v -0.022555156 0.150685221 0.012002333
v -0.032563664 0.117137525 0.001610432
v -0.022205046 0.128949069 -0.007408665
v -0.027774810 0.122475866 -0.004454471
v -0.026309441 0.122221910 -0.007031373
v -0.029830260 0.213968286 0.035651244
v -0.007869176 0.164325588 0.035495247
v -0.010716071 0.255038168 0.027869401
v -0.011179632 0.254760465 0.031351951
v 0.030688557 0.249399055 0.035835630
v 0.000839845 0.263106776 0.064838495
v 0.042024751 0.256893442 0.038824067
v 0.040360428 0.257711391 0.045470847
v 0.034502608 0.258129875 0.051420692
v 0.035153463 0.257535973 0.049966415
v 0.035669669 0.259554621 0.052464786
v 0.038458103 0.255382228 0.043398556
v 0.034520198 0.269683064 -0.015336109
v 0.035077995 0.268673551 -0.015814869
v 0.043691994 0.257145236 0.014322402
v 0.010655450 0.238306728 -0.024125786
v 0.014003472 0.224514485 -0.026620890
v 0.012846444 0.229232125 -0.024988311
v 0.012042796 0.221956966 -0.027378054
v 0.005061646 0.211490741 -0.027259560
v 0.007666144 0.208981969 -0.027131864
v 0.001850479 0.243939805 -0.021759680
v 0.000860274 0.247193511 -0.020971207
v -0.008243734 0.234177555 -0.019999581
v -0.003847570 0.211645392 -0.023996416
v -0.007489247 0.215136557 -0.022172790
v -0.016071499 0.202924693 -0.012094502
v -0.021944852 0.193194374 -0.001770528
v -0.016156868 0.211838539 -0.014190230
v -0.012705501 0.243245266 -0.016232109
v -0.014459911 0.241091366 -0.015372291
v -0.007965493 0.237908274 -0.019195597
v -0.006772704 0.239910604 -0.019857473
v -0.032821625 0.217010423 0.012640023
v -0.032755926 0.221281459 0.011351193
v -0.032449846 0.237926562 0.006586941
v -0.015686837 0.262597228 -0.013581516
v -0.006854171 0.252700053 -0.018170925
v -0.024921377 0.256923115 -0.005612847
v -0.030469935 0.261265912 0.000765503
v -0.029299586 0.270108755 0.003078841
v -0.051302581 0.021718398 -0.039200222
v 0.030528805 0.000000000 0.048669397
v 0.052236253 0.080191858 -0.017034174
v 0.051538015 0.081936454 -0.017447995
v -0.027438018 0.019300095 0.044960633
v 0.068197086 0.023061044 -0.007537259
v 0.064014965 0.012098333 -0.025967963
v -0.025214639 0.008441045 0.046321332
v -0.016321382 0.002013872 0.049335486
v 0.037254738 0.006858064 -0.055627314
v 0.054875229 0.072009783 -0.020477121
v 0.059530507 0.021772934 -0.034736809
v 0.055887560 0.026189147 -0.038502761
v 0.051620963 0.106703082 -0.005835523
v 0.052884668 0.102017252 -0.006645615
v 0.052453398 0.106705700 -0.002746663
v 0.039954899 0.168400637 0.000595771
v 0.043341972 0.115576967 -0.013989750
v 0.048849056 0.105638092 -0.013341740
v 0.055787303 0.091264347 0.009243588
v 0.040451164 0.163245330 0.002661350
v 0.056254142 0.077523456 0.010489194
v 0.055562263 0.200709038 0.036467814
v 0.057391795 0.225262027 0.002760574
v 0.041781120 0.168540242 0.004267536
v 0.050751687 0.111451491 -0.000555167
v 0.052904268 0.107430143 0.003176178
v 0.050457156 0.097850009 0.022396291
v -0.028778838 0.264149204 -0.001092692
v -0.035340511 0.264979264 0.012970289
v 0.002306694 0.234310666 -0.023247073
v -0.002101401 0.234372659 -0.022279981
v -0.003325995 0.246084406 -0.019915900
v 0.022808933 0.239151322 -0.023901730
v 0.018623493 0.243791798 -0.024237804
v 0.027192821 0.270794387 -0.017157369
v 0.028354999 0.271930146 -0.013863235
v 0.004301598 0.252584629 -0.021824779
v 0.050489232 0.084365957 -0.018027388
v -0.010739681 0.262244457 0.008776123
v 0.001017955 0.250347582 0.026469161
v 0.028165690 0.250972470 0.044202252
v 0.055083927 0.192719641 0.026923932
v 0.027290206 0.006567950 -0.062460157
v 0.066306021 0.024062722 -0.015567437
v 0.066936865 0.029701729 -0.006221356
v 0.063887650 0.062845671 0.007119667
v 0.045636735 0.173572030 0.015600548
v 0.068296909 0.016528585 0.008861476
v -0.008421977 0.165017121 -0.007782295
v -0.040656528 0.091750006 -0.002498197
v -0.009825957 0.153661213 -0.008546141
v -0.027687002 0.075244779 -0.043870133
v -0.022284531 0.076378738 -0.045781705
v -0.015610568 0.165642132 -0.000498599
v -0.015421804 0.160511702 -0.000777986
v 0.068992147 0.046905786 0.010562125
v 0.057973443 0.219525706 0.006474298
v 0.066642084 0.035633980 0.012418563
v 0.066370899 0.031135873 -0.008039062
v 0.068651213 0.055531694 0.001308845
v -0.002221534 0.210490635 0.059630087
v -0.004633534 0.209788957 0.058603210
v -0.002872181 0.207828032 0.059369312
v 0.015144187 0.193342714 0.057444563
v 0.027931264 0.205225680 0.057788122
v 0.008441983 0.194596352 0.058661407
v 0.011626315 0.198445997 0.059949363
v 0.005932933 0.201138972 0.061150338
v -0.000516358 0.204239035 0.060153259
v 0.004382885 0.207592466 0.062118442
v 0.026128942 0.209863173 0.058868406
v 0.008861561 0.206619571 0.061991077
v 0.020828141 0.205470586 0.059573658
v 0.045934631 0.207894127 0.049827624
v 0.043293765 0.209281932 0.051805834
v 0.038588514 0.211182425 0.054785651
v 0.041495583 0.206787580 0.052907868
v -0.008187543 0.200552095 0.055888265
v -0.006882254 0.205494416 0.057359834
v -0.016079658 0.199246042 0.049679233
v 0.028941014 0.195866042 0.055250308
v -0.000036681 0.198181703 0.058934541
v -0.020192578 0.192964004 0.040930568
v 0.029795445 0.189945856 0.052089273
v -0.014711128 0.192011327 0.046460187
v 0.035992839 0.195816314 0.052748787
v 0.017507292 0.173233761 0.044193384
v -0.000093052 0.181188188 0.048288332
v 0.060767006 0.257814109 0.007597468
v 0.058097119 0.248959107 0.003499692
v 0.027510139 0.269981732 -0.019858985
v 0.060227392 0.262025685 0.008024900
v 0.065261477 0.256391769 0.025427001
v 0.065451112 0.253226589 0.022339282
v 0.063533656 0.260793903 0.024351006
v 0.060540659 0.215644994 0.021160406
v 0.052437533 0.260615058 0.049448348
v 0.060845567 0.262628387 0.032111592
v 0.058137867 0.260112365 0.042189904
v -0.006698395 0.056878607 0.052091219
v -0.003960355 0.054987382 0.053319238
v 0.039059987 0.149996588 0.020257588
v 0.001330599 0.057413608 0.053976769
v 0.020094329 0.065506443 0.051204934
v 0.016496782 0.063315286 0.052882120
v 0.001683290 0.062961473 0.052205682
v 0.013122342 0.060439730 0.054198185
v 0.017415883 0.057732431 0.054939049
v 0.011279936 0.066525828 0.052136990
v 0.022720839 0.069358596 0.048892416
v 0.022482138 0.060252914 0.052992130
v 0.019356819 0.076658942 0.048267758
v 0.014583904 0.076709694 0.049247137
v 0.004496429 0.069782973 0.050537642
v 0.010603907 0.073396112 0.050191929
v 0.007625836 0.099767089 0.047155830
v 0.036944154 0.100908924 0.037464940
v 0.040177895 0.098079646 0.035405707
v 0.037140987 0.092977026 0.038817840
v 0.038292781 0.075122595 0.038455213
v 0.041553090 0.071409734 0.036971101
v 0.038645708 0.087616900 0.037935483
v 0.037176880 0.071129281 0.040434038
v 0.042924879 0.061516702 0.041756644
v 0.046573669 0.057448778 0.041422735
v 0.043844327 0.052883127 0.045304398
v 0.038621389 0.060382989 0.045835357
v 0.038622848 0.066123051 0.042067804
v 0.029643342 0.066361822 0.047100903
v 0.034924467 0.073759867 0.041077719
v 0.035331639 0.078338560 0.040408370
v 0.033718889 0.058123096 0.049792375
v 0.032146904 0.071030145 0.043734832
v 0.033692197 0.062507506 0.047074585
v 0.024359961 0.064481017 0.050350084
v 0.028557160 0.061062118 0.050565701
v 0.030142294 0.080879014 0.043479916
v 0.028194943 0.075389722 0.044924786
v 0.024827961 0.081107054 0.045994290
v 0.019547196 0.095471632 0.047118677
v 0.026084591 0.097797565 0.044792494
v 0.030233735 0.089788686 0.043698057
v 0.032975669 0.079723385 0.041930415
v 0.032612801 0.099792445 0.041054286
v 0.035046059 0.084882920 0.040807462
v 0.045508983 0.063927883 0.037942071
v 0.042365941 0.076577157 0.034763708
v 0.045838747 0.072857236 0.032121799
v 0.042912091 0.081896503 0.033868445
v 0.045201865 0.084750029 0.031340324
v 0.050884982 0.076447388 0.023923773
v 0.045099721 0.068294289 0.035316962
v 0.047993167 0.076301829 0.028446579
v 0.049205691 0.068903437 0.029855207
v 0.046249769 0.060909957 0.039557008
v 0.049201772 0.065057946 0.033084246
v 0.052522871 0.065530397 0.028235036
v 0.050378013 0.060069261 0.036028446
v 0.052771848 0.062358099 0.031052202
v 0.051306780 0.082193082 0.022056342
v 0.053607780 0.077377338 0.018360888
v 0.050143510 0.090204533 0.024070748
v 0.052224830 0.092458036 0.019924860
v 0.046812073 0.100816370 0.027183812
v 0.046713560 0.092069078 0.029465800
v 0.048684343 0.096178419 0.025964445
v 0.043325657 0.128614080 0.015680064
v 0.042452583 0.118572802 0.024395336
v 0.041339324 0.124009783 0.023214083
v 0.043136888 0.123074493 0.020464199
v 0.043205984 0.126265892 0.018364148
v 0.048395780 0.100352525 0.024711959
v 0.048435879 0.106198956 0.022053663
v 0.044595501 0.107094707 0.027552013
v 0.042637728 0.113201060 0.027336822
v 0.043406604 0.100509459 0.031410508
v 0.041234638 0.108770400 0.030739543
v 0.039329477 0.104307052 0.034402737
v 0.036973612 0.151593839 0.024317648
v -0.061210416 0.014467292 -0.033652676
v 0.036914349 0.141572331 0.024460108
v 0.037814006 0.124482335 0.027841555
v 0.039786125 0.159657428 0.021417954
v 0.037220361 0.157847494 0.025419528
v 0.037436814 0.164376645 0.027777842
v 0.022065598 0.178031867 0.046127493
v 0.035057499 0.147065713 0.026737504
v 0.041082744 0.165061091 0.021438265
v 0.042143225 0.190735921 0.045981044
v -0.046307637 0.018837932 -0.048572890
v 0.044155755 0.187456258 0.041033916
v 0.037246670 0.146983667 0.023547360
v 0.039539625 0.178158573 0.036224779
v 0.040497473 0.168441753 0.025844048
v 0.039105680 0.162977350 0.024485046
v 0.042127191 0.177616261 0.032451872
v 0.038986212 0.145072099 0.020945418
v 0.045559791 0.174401434 0.019401758
v 0.043074078 0.171227668 0.022889830
v 0.041614538 0.152974769 0.012480015
v 0.042942734 0.168037054 0.018952146
v 0.042420263 0.138389876 0.013369075
v 0.039207837 0.141333860 0.020752809
v 0.040185435 0.143299070 0.018371630
v 0.041758401 0.158000357 0.013302152
v 0.038628777 0.154696025 0.021833464
v 0.041459881 0.143286955 0.014817166
v 0.039447089 0.137123181 0.021471389
v 0.037903915 0.136088646 0.024171847
v 0.035561360 0.136072096 0.027023138
v 0.025937138 0.149828842 0.034554095
v 0.034800093 0.153142281 0.027586065
v 0.034793138 0.178512067 0.040623738
v 0.030382984 0.173455560 0.039320555
v 0.021090044 0.170980416 0.042000215
v 0.025893505 0.172565656 0.040969017
v 0.020263034 0.166333796 0.040274821
v 0.022064696 0.162409571 0.038410196
v 0.016059719 0.133797263 0.037910346
v 0.039073582 0.116987898 0.029521022
v 0.032321612 0.129734875 0.031443186
v 0.031490097 0.136282411 0.030975794
v 0.029724409 0.132239284 0.032986541
v 0.030815257 0.127334153 0.033223776
v 0.031721658 0.103985735 0.040163879
v 0.034172451 0.115276311 0.034339256
v 0.034244558 0.106771719 0.037671129
v 0.030363856 0.122277378 0.034808541
v 0.025742233 0.124237928 0.036882598
v 0.034339453 0.123421848 0.031548998
v -0.015207012 0.124973913 0.027530279
v -0.023084385 0.109380909 0.023912650
v -0.017887991 0.111750391 0.028600221
v -0.017196456 0.118355616 0.026822736
v -0.009968014 0.108710060 0.037951728
v -0.019547650 0.125452662 0.022406144
v 0.001354301 0.125667347 0.036992677
v 0.028702694 0.144435366 0.032657062
v 0.019891474 0.121398438 0.039398571
v 0.021211855 0.115389567 0.040725970
v 0.022807732 0.110047391 0.042213446
v -0.013306695 0.114000024 0.032745392
v -0.009929040 0.100826114 0.040211267
v -0.004795979 0.100434861 0.043415730
v 0.020819417 0.104885271 0.044721104
v 0.014950484 0.111587554 0.043350952
v 0.016604873 0.126560392 0.038893461
v 0.017309295 0.118054130 0.040768246
v 0.013164176 0.120292760 0.040723248
v 0.005894370 0.114572660 0.042234324
v -0.004475035 0.113063141 0.040013514
v -0.001824594 0.106779094 0.043255863
v 0.002322771 0.117936005 0.040122659
v 0.000113862 0.120560616 0.038331968
v -0.008426004 0.128199710 0.032603187
v -0.004389698 0.126816648 0.034895431
v 0.019312715 0.111927587 0.042464048
v 0.021407494 0.126253363 0.038068300
v 0.019305216 0.131527093 0.037723944
v 0.021921427 0.149600251 0.036400067
v 0.006242300 0.126949205 0.038147186
v 0.011175737 0.127866435 0.038760242
v 0.007771450 0.153622826 0.038280509
v -0.000382687 0.124491248 0.036931601
v 0.001597541 0.143164423 0.035691212
v 0.010082825 0.141534263 0.037569691
v -0.002956236 0.152473896 0.035412813
v -0.001816636 0.156893606 0.036758656
v -0.000752231 0.100544884 0.045187331
v 0.003490068 0.105595064 0.045098159
v 0.006617759 0.132289196 0.037244827
v 0.011198675 0.147778059 0.037849732
v 0.014023298 0.130650335 0.038362125
v 0.014869805 0.141168988 0.037667270
v 0.001612805 0.135991639 0.035580745
v 0.016081165 0.150332674 0.037810186
v 0.009124975 0.181472888 0.050320619
v 0.012525320 0.153328053 0.038364741
v -0.012173000 0.183732973 0.042076652
v -0.000359074 0.160957206 0.038509881
v 0.000347051 0.166043670 0.040506847
v 0.001113001 0.172545806 0.043520533
v -0.010516062 0.177657965 0.039739349
v -0.014007360 0.180109271 0.038010968
v -0.009535140 0.160176077 0.032516556
v 0.002706266 0.154723118 0.037716725
v -0.002277792 0.147424058 0.034919748
v 0.014969446 0.156171773 0.038705350
v 0.030717591 0.008232359 -0.059362477
v 0.016745338 0.162307696 0.039789800
v 0.028650593 0.167680949 0.037052874
v 0.008166198 0.121589161 0.040134279
v 0.005746906 0.146961789 0.037069392
v -0.002522346 0.132970509 0.034471440
v 0.001749091 0.128605796 0.036422411
v 0.000369039 0.150237717 0.036304059
v -0.014586231 0.152894751 0.026154771
v -0.008529109 0.119841969 0.034801797
v -0.003357870 0.140427469 0.033879225
v -0.020763760 0.138401635 0.019167988
v -0.019417271 0.165061826 0.020771435
v -0.017735577 0.158528182 0.021552112
v -0.010329107 0.150891797 0.030418436
v -0.019176552 0.153346605 0.019060553
v -0.015847834 0.163667911 0.025961058
v -0.019358632 0.169968045 0.023433143
v -0.022017616 0.171465894 0.018431483
v -0.012561178 0.140409808 0.028420639
v -0.022829220 0.129904415 0.017591619
v 0.055397828 0.026170056 0.031861352
v -0.030405493 0.208687621 0.032338033
v 0.048476653 0.183465165 0.029318323
v -0.003106388 0.171330229 0.041330237
v -0.007097494 0.178438841 0.042881540
v 0.045004479 0.112498630 0.024345137
v -0.019966956 0.105989503 0.029186801
v -0.020066518 0.100434412 0.032114679
v 0.058896590 0.239100854 0.039876025
v 0.062580129 0.229279987 0.017146461
v -0.032951108 0.101029546 0.018705009
v -0.024435764 0.123289797 0.016656920
v -0.028891103 0.106292103 0.020159444
v -0.024804867 0.102939702 0.026206290
v -0.021017749 0.114647405 0.023384329
v 0.058656818 0.261021915 0.040246434
v 0.057430289 0.251086907 0.045863057
v -0.033668284 0.095062777 0.020870939
v -0.039432602 0.082533390 0.015556122
v -0.035371964 0.090635503 0.019442968
v -0.040770668 0.074239570 0.019872207
v -0.039319275 0.072944147 0.023336834
v -0.036487762 0.079229720 0.023828340
v -0.031145220 0.086812127 0.027654402
v -0.034125054 0.086637443 0.023772250
v -0.023417250 0.095040835 0.032219605
v -0.027105300 0.099044372 0.026584930
v -0.017250376 0.086585000 0.039200448
v -0.028528727 0.087235985 0.030376328
v -0.024153059 0.088508156 0.033842483
v -0.036909224 0.084552384 0.019927936
v -0.028513005 0.100319837 0.024670979
v 0.018472872 0.088422078 0.047781522
v 0.023279214 0.089700793 0.046470403
v 0.020342432 0.083692951 0.047415372
v 0.011403072 0.080802044 0.048825392
v 0.007061367 0.085278850 0.048429826
v 0.016198198 0.082513440 0.048373906
v 0.006063745 0.092941427 0.047924944
v 0.009681150 0.093864294 0.048124365
v 0.013795828 0.090157999 0.048350424
v 0.002123709 0.095464056 0.047016808
v -0.004480567 0.092732455 0.045229450
v -0.016741749 0.095142527 0.037374154
v -0.025887988 0.074183027 0.036384408
v -0.010721403 0.072733499 0.045050535
v -0.019777204 0.079473972 0.038875079
v 0.001119697 0.082224234 0.047726283
v 0.046121697 0.242543572 0.056592991
v -0.003422236 0.065723261 0.050004085
v -0.002883663 0.081207322 0.046707104
v -0.008081216 0.081035596 0.044755399
v -0.017999698 0.072924007 0.041506628
v -0.015080414 0.063273205 0.046271856
v -0.019785070 0.054206026 0.047700715
v -0.018594576 0.059108023 0.046384023
v -0.011044996 0.059011768 0.049865627
v -0.003466204 0.059522894 0.052166443
v -0.003138426 0.074529468 0.047665398
v 0.003301336 0.077862916 0.048553404
v 0.024070875 0.074232988 0.047079584
v -0.020089661 0.063819048 0.043550756
v -0.040931460 0.055817917 0.034179458
v -0.034140502 0.057740721 0.038351534
v -0.045464851 0.052564018 0.031693283
v -0.044949211 0.058231353 0.029079773
v -0.040239775 0.065845470 0.027310740
v -0.038524407 0.064712302 0.030289399
v -0.047703847 0.060824537 0.023811344
v -0.043369587 0.063130064 0.026126703
v -0.026634251 0.065464362 0.039215207
v -0.041705459 0.067561641 0.024091627
v -0.033480176 0.064587101 0.035055035
v -0.050943038 0.061699226 0.018233892
v -0.049038724 0.053996325 0.027514970
v -0.051383162 0.052763624 0.024779180
v -0.054944916 0.044520291 0.020151491
v -0.058327018 0.045693112 0.007348984
v -0.043608266 0.059106760 -0.041011637
v -0.050595657 0.052382290 -0.032941997
v -0.048810005 0.046221623 -0.036543584
v -0.057774045 0.049236006 -0.014787311
v -0.057600817 0.054649059 -0.011344450
v -0.053339691 0.064947847 -0.014033810
v -0.057699061 0.052330822 0.004725998
v -0.050083808 0.024455426 -0.038822417
v -0.057654625 0.043755503 0.012728320
v -0.059440535 0.042518163 0.001572855
v -0.035819266 0.097041664 0.015896084
v -0.030807336 0.115623908 0.011320395
v -0.029189062 0.113291757 0.014953981
v -0.034390167 0.109890005 0.008443846
v -0.037009233 0.100671466 0.010152567
v -0.026954462 0.116240069 0.016245584
v -0.020671519 0.170167526 0.007027786
v 0.000558840 0.184248232 -0.016163874
v -0.015865715 0.132117345 0.026165050
v -0.001289299 0.198002878 -0.020698711
v -0.020174331 0.151105226 0.005117687
v 0.001593587 0.133949141 -0.022922891
v 0.001923915 0.129127269 -0.025164825
v 0.008376585 0.105369130 -0.037342709
v 0.001712438 0.092144472 -0.041241960
v -0.015092047 0.090046206 -0.038697359
v -0.022327824 0.084765794 -0.040020019
v 0.004678959 0.094923537 -0.040539554
v 0.005722518 0.089915975 -0.042174609
v 0.003947964 0.086705545 -0.043345456
v 0.011686861 0.083867195 -0.044092686
v -0.038070077 0.066839076 -0.042940818
v -0.024733624 0.105672872 -0.025401821
v -0.035817340 0.077075015 -0.036091111
v -0.044061964 0.081588210 -0.003591841
v -0.050824086 0.068145386 -0.018121638
v -0.046540109 0.075250401 -0.016070863
v -0.054519985 0.063603793 -0.003338761
v -0.038332681 0.092955101 0.011168923
v -0.039097299 0.077938195 0.020050978
v -0.050986826 0.065459980 0.011847317
v -0.054700848 0.058610059 0.011603957
v -0.053185085 0.065834615 0.000046198
v -0.049418898 0.071599017 0.000302555
v -0.035119347 0.110354801 0.003983608
v -0.046509043 0.076767783 -0.007481590
v -0.055150918 0.051245792 0.017535814
v -0.047442524 0.068075230 0.014964474
v 0.034284534 0.137422496 -0.010793811
v 0.039737720 0.137910472 -0.003255614
v 0.036870749 0.138678263 -0.007549375
v -0.004696238 0.174602313 -0.010868974
v 0.040188160 0.120693212 -0.013953025
v 0.036806151 0.126146798 -0.014074466
v 0.029233470 0.133698864 -0.016661027
v 0.033768688 0.116996644 -0.022706644
v 0.030596994 0.114419327 -0.026445006
v 0.026677383 0.130615902 -0.019868645
v 0.032740646 0.121216606 -0.020791305
v 0.033614716 0.124670774 -0.018000738
v 0.027749236 0.133045460 -0.017991859
v 0.024100719 0.134360232 -0.019424682
v 0.026296600 0.126361143 -0.022125707
v 0.035277910 0.146369511 -0.006770601
v 0.033952892 0.141478428 -0.009973497
v 0.022142844 0.151835037 -0.014697987
v 0.031889350 0.145134534 -0.010558170
v 0.020079891 0.155309847 -0.014963799
v 0.004920939 0.182565530 -0.017063858
v 0.018655558 0.182665753 -0.017692707
v 0.034121034 0.200680977 -0.020576651
v 0.027821113 0.174486529 -0.012791052
v 0.030861183 0.139528244 -0.012970421
v 0.025788624 0.168805970 -0.012442472
v 0.010949758 0.166031728 -0.016015522
v 0.026679687 0.164245505 -0.011479753
v 0.030549169 0.203063507 -0.023120759
v 0.010674088 0.188357561 -0.019816733
v -0.008940988 0.174294899 -0.007977310
v -0.003123786 0.164160477 -0.011365356
v -0.020679950 0.156535930 0.009960792
v 0.037314642 0.159887231 -0.002453862
v 0.033606737 0.175043498 -0.009087088
v 0.034724748 0.159328436 -0.005762082
v 0.041212654 0.146783790 0.003881822
v 0.042456203 0.162426449 0.012612145
v 0.042098634 0.149572394 0.008400540
v 0.041886128 0.134081747 0.017061970
v 0.041610746 0.154652713 0.007994316
v 0.043342408 0.132580966 0.011616417
v 0.040641867 0.155596718 0.017331629
v 0.041761744 0.153446019 0.009734974
v 0.042227560 0.143244161 0.010610071
v 0.043942701 0.168290878 0.013259653
v 0.049486995 0.181037476 0.017858334
v 0.043139635 0.173186245 0.004920146
v 0.040982752 0.157207006 0.004967661
v 0.041692241 0.148001453 0.013120189
v 0.038752569 0.161444586 -0.000442737
v 0.041043258 0.172642070 0.001228160
v 0.038615964 0.171085045 -0.002112133
v 0.040337091 0.152284299 0.001941917
v 0.045898348 0.185264914 -0.000739068
v 0.044103183 0.188893098 -0.006454900
v 0.036682928 0.151308586 -0.004450876
v 0.039515925 0.142464856 -0.001637738
v 0.037596522 0.165192274 -0.002740966
v 0.045018626 0.205321708 -0.014547235
v 0.032490906 0.149793732 -0.008806494
v 0.043634003 0.177744149 0.002155524
v 0.041041344 0.197955774 -0.015396227
v 0.043217825 0.132071278 0.000660176
v 0.043895597 0.131138367 0.003333378
v 0.041751955 0.136600216 0.000433347
v 0.016744711 0.145594388 -0.018303819
v 0.036240186 0.132493135 -0.010978303
v 0.039545358 0.146665769 -0.000517647
v 0.042923382 0.137441063 0.008782901
v 0.041740019 0.140919069 0.003193683
v 0.050710415 0.111697326 0.008109817
v 0.043640827 0.128145571 -0.001346495
v 0.040515017 0.126525869 -0.009095191
v 0.043500447 0.120196164 -0.009464447
v 0.046308680 0.114888978 -0.009616577
v 0.047663234 0.212307016 -0.012773287
v 0.048374006 0.110472264 -0.010086367
v 0.038548929 0.119356967 -0.016928730
v 0.039353111 0.115910240 -0.018659311
v 0.049451686 0.111989728 -0.005585877
v 0.049372680 0.115279453 0.003639838
v 0.047076157 0.120310591 0.009997120
v 0.048114842 0.183624607 0.004962743
v 0.047077511 0.120896388 0.002366216
v 0.045348276 0.124844849 0.000077176
v 0.044446419 0.128606738 0.001372418
v 0.048322276 0.115555786 0.012610026
v 0.045268392 0.122584814 0.014817439
v 0.049036129 0.111168930 0.016461658
v 0.043979456 0.131701062 0.006898957
v 0.045303645 0.126036720 0.009672783
v 0.046005640 0.116105837 0.019316992
v 0.052971825 0.218780803 -0.004279071
v 0.051422921 0.100928904 -0.011426821
v 0.049125993 0.099154582 -0.016382605
v 0.048561029 0.081052814 -0.022969679
v 0.049235061 0.083033685 -0.020990999
v 0.048992328 0.077874222 -0.024385757
v 0.050405408 0.080597087 -0.019978711
v 0.053110044 0.089463458 -0.011463575
v 0.046881674 0.095651227 -0.020761568
v 0.046440062 0.089338785 -0.022607644
v 0.042959049 0.094771184 -0.025013678
v 0.044293037 0.098285957 -0.022928413
v 0.036871243 0.113824806 -0.022276147
v 0.047669996 0.103416044 -0.016680952
v 0.045635762 0.101453855 -0.020174124
v 0.038988889 0.098674610 -0.027699600
v 0.032148915 0.102643457 -0.031274568
v 0.032433195 0.090136186 -0.034287681
v 0.033921093 0.086005467 -0.034338834
v 0.021723329 0.098320914 -0.036990244
v 0.010695143 0.098207989 -0.039425295
v 0.023822139 0.094803300 -0.037338074
v 0.020567197 0.100098840 -0.036981482
v 0.026719699 0.080028986 -0.041755518
v 0.010173304 0.092960741 -0.040782882
v 0.028377865 0.087214184 -0.037237612
v 0.025608059 0.083755724 -0.040074347
v 0.028895389 0.075045089 -0.044346950
v 0.046635670 0.080462406 -0.025835466
v 0.030817013 0.082673503 -0.037725344
v 0.037016329 0.080968150 -0.034683643
v 0.043759541 0.069474686 -0.038974255
v 0.033742294 0.073639544 -0.042660754
v 0.039596935 0.069208596 -0.042797875
v 0.050738265 0.054175172 -0.042202902
v 0.051214970 0.072490432 -0.026842240
v 0.047690244 0.069675238 -0.034779311
v 0.036793411 0.075151558 -0.039009573
v 0.041430254 0.074552964 -0.036003942
v 0.045085549 0.077269243 -0.030104383
v 0.039214374 0.088307576 -0.029867271
v 0.037657901 0.085786307 -0.031919283
v 0.026919574 0.060220636 -0.055556915
v -0.023562900 0.013257445 0.047175371
v 0.041932891 0.056737167 -0.048920672
v 0.036404137 0.049451632 -0.053238339
v -0.054967970 0.059380760 -0.018876997
v -0.021568424 0.030304411 0.046081477
v 0.047480183 0.057016013 -0.044441966
v 0.042126657 0.062178946 -0.046371129
v 0.046618217 0.052844580 -0.045986488
v 0.046595169 0.064726007 -0.040685298
v 0.037162445 0.064778021 -0.047947301
v 0.033082382 0.061921525 -0.052023565
v 0.013370517 0.068133674 -0.055366512
v 0.001076971 0.065655447 -0.057550153
v 0.032414673 0.069064258 -0.047666460
v -0.035097546 0.063972924 -0.046706384
v -0.013856115 0.088247854 -0.039915439
v 0.026144006 0.105919729 -0.033128553
v 0.006048201 0.076270219 -0.049959519
v 0.019982472 0.074019766 -0.049181353
v 0.001916613 0.072096833 -0.053297199
v -0.004394962 0.065387875 -0.056765535
v 0.013511660 0.078418250 -0.047407332
v -0.039949562 0.061907996 -0.043853698
v -0.058790230 0.047422443 -0.003892893
v -0.013049959 0.048419578 -0.058937564
v -0.011129531 0.029911974 0.049962431
v -0.053747348 0.025125033 -0.031790640
v -0.019720402 0.162080435 0.007458478
v -0.036175753 0.262828993 0.016523544
v -0.012966027 0.181293457 -0.006679144
v -0.061424343 0.021478471 0.004778476
v -0.059653131 0.036242180 0.005471558
v 0.014988128 0.233033900 0.066045087
v 0.022293971 0.181244462 -0.016623292
v -0.042530944 0.043981921 0.035385180
v 0.014705970 0.007561237 -0.067226778
v -0.067881971 0.008056825 -0.001140612
v -0.014276291 0.009342454 -0.068410831
v -0.019456342 0.009326930 -0.068755083
v -0.017238761 0.013059709 -0.065721390
v 0.018289300 0.007137340 -0.065486474
v 0.024469617 0.007330955 -0.063561142
v 0.027450207 0.007446652 -0.061104793
v 0.025862528 0.007073371 -0.062590014
v 0.040252312 0.006127590 -0.054712939
v 0.043445583 0.005758664 -0.053346898
v -0.052346122 0.007361577 0.028282249
v -0.052891958 0.005408924 0.029145466
v 0.047170323 0.006141289 -0.051284994
v 0.050981855 0.005564220 -0.048728442
v 0.022084196 0.009984832 0.051780777
v -0.060756598 0.006453556 0.017252862
v 0.033645254 0.006400120 -0.057723641
v 0.048381716 0.009579617 0.038824797
v 0.038496545 0.002422205 0.044987640
v 0.042839274 0.009467024 -0.052290201
v -0.024484730 0.185255877 0.010074343
v -0.033364033 0.006164558 0.041703420
v -0.036326846 0.003668756 0.039695283
v -0.063082502 0.015402069 0.004332018
v 0.035004039 0.037610098 -0.053277590
v -0.067861032 0.010056027 -0.006733592
v -0.064454545 0.010587667 0.004388083
v 0.001323180 0.048232134 -0.061401490
v 0.043812583 0.199180923 -0.013537752
v -0.040146247 0.088666613 0.008693208
v -0.011235212 0.197246860 0.052757823
v -0.023284780 0.143469443 0.009252456
v -0.033396893 0.268353517 0.009593553
v -0.034572577 0.262974549 0.029155751
v -0.036962074 0.254841529 0.015908199
v -0.036934053 0.257144203 0.020474179
v -0.032032811 0.053128311 0.041554006
v -0.021748101 0.176756511 0.022767142
v -0.029413677 0.201267139 0.020418854
v -0.032271283 0.209800832 0.026558118
v -0.023385611 0.186612626 0.025609554
v -0.016368080 0.171742207 0.028842918
v 0.041950805 0.159187405 0.009648547
v 0.023204928 0.218879122 -0.027197641
v 0.036093494 0.266500784 -0.017636195
v 0.022307641 0.001712588 0.051011330
v 0.028035171 0.006481098 0.049831208
v 0.008839286 0.000000000 0.054416818
v 0.014818704 0.004412102 0.052823423
v 0.025139770 0.018398369 0.052209497
v 0.030267465 0.016078305 0.050434994
v 0.034211396 0.006986041 0.047622368
v 0.015621624 0.010378117 0.053080258
v 0.018905203 0.018385190 0.053326011
v -0.028931395 0.007792412 0.044412086
v -0.011934269 0.169627343 0.033533428
v -0.025242628 0.003677467 0.046333898
v -0.020544256 0.006071030 0.048012676
v 0.003918664 0.183587466 0.051139658
v -0.008977360 0.192359019 0.051561477
v -0.014205137 0.006173433 0.049985451
v -0.002805834 0.176964867 0.044527517
v -0.023402671 0.199061981 0.040687870
v -0.028280064 0.202397427 0.032755191
v -0.007370044 0.006923345 0.051848060
v -0.003807614 0.001683352 0.052926657
v 0.004783183 0.002698822 0.054494698
v 0.001447797 0.003933227 0.053945840
v -0.002743691 0.260575750 0.066435554
v -0.011541147 0.011979712 0.050996909
v 0.005537164 0.261579282 0.067774688
v 0.009995910 0.006788811 0.053799598
v -0.000939613 0.008628179 0.053400228
v 0.030133637 0.259031098 0.066701200
v 0.005465243 0.010331802 0.054090484
v 0.036452490 0.250921281 0.063838059
v 0.036425073 0.017203074 0.047851638
v 0.048134404 0.197694719 0.045335897
v 0.046372303 0.009460513 -0.050438398
v 0.013055014 0.216617706 0.062834674
v 0.052456757 0.013613980 0.035490608
v 0.040466345 0.018527227 -0.054708744
v 0.008757399 0.023146788 0.054192433
v -0.012146244 0.207503272 0.054176383
v 0.038778588 0.012341156 -0.054912808
v 0.001846911 0.016128350 0.053871675
v -0.015537165 0.177319907 0.034116527
v -0.015917614 0.015494908 -0.064776723
v 0.025079456 0.011706003 -0.062000334
v 0.019729442 0.010808254 -0.063789892
v -0.029465821 0.014475680 -0.062530830
v -0.000031501 0.023394094 0.053150567
v -0.032533249 0.014469872 0.042106644
v -0.022182303 0.012048009 -0.066185856
v -0.036765373 0.247381108 0.021325451
v -0.032335470 0.022399105 -0.056540096
v -0.049590253 0.022264898 -0.040990655
v -0.047450249 0.025078894 -0.041900240
v -0.020833406 0.211738462 0.047013676
v 0.012059466 0.014808954 0.053899730
v 0.008969851 0.009384775 -0.066682751
v 0.015249552 0.009389969 -0.065099885
v 0.002980294 0.008169098 -0.069441901
v 0.016210557 0.012385421 -0.064729395
v 0.022501700 0.009804014 -0.063337333
v -0.051723012 0.009996324 0.026604175
v -0.043825258 0.016342617 0.032585404
v -0.032527653 0.009431993 -0.067991260
v -0.036509462 0.010947482 -0.063963716
v -0.016698760 0.010596984 -0.067360237
v -0.009059415 0.009960963 -0.068557395
v -0.018983946 0.011288240 -0.066958826
v -0.027239607 0.262900951 0.045805655
v -0.011575715 0.259706704 0.062296639
v -0.006604833 0.258284271 0.064589382
v -0.010109575 0.262229438 0.061112953
v -0.023680191 0.009874929 -0.068431382
v -0.027624704 0.009589950 -0.068746097
v -0.036581688 0.240865672 0.016620185
v -0.034994250 0.239065004 0.027318592
v -0.006183011 0.012546924 -0.067559663
v -0.013352590 0.011459712 -0.067012017
v 0.004255078 0.012926927 -0.066464034
v 0.006588615 0.010845109 -0.066627885
v 0.005790889 0.008662547 -0.068046568
v 0.016346110 0.007764814 -0.065144898
v 0.009489566 0.007819606 -0.067900273
v 0.006097797 0.007882526 -0.069940834
v 0.051498425 0.010757089 -0.045754525
v 0.052095249 0.017710396 -0.045180821
v 0.042740399 0.024519711 -0.052622112
v 0.047688135 0.025349162 -0.048132652
v 0.052318874 0.026251468 -0.043214360
v 0.035206333 0.015812306 -0.057692269
v 0.021236778 0.021262855 -0.063558260
v 0.032735937 0.046423851 -0.054996723
v 0.017352962 0.025513628 -0.063958905
v 0.017601775 0.030586123 -0.062716433
v 0.009640115 0.023778348 -0.065158146
v 0.022053085 0.029923955 -0.061628060
v -0.007699161 0.016691121 -0.065840324
v -0.018181598 0.015371341 -0.064272942
v 0.001625117 0.014407232 -0.066445318
v -0.000125956 0.018483788 -0.065910272
v 0.005651267 0.017653987 -0.065730112
v -0.004330265 0.020704725 -0.065505986
v -0.032978425 0.026314634 -0.054760351
v -0.037661560 0.019348847 -0.055174134
v -0.016716153 0.026644328 -0.062094603
v -0.054687562 0.020988839 -0.033580140
v -0.033991629 0.016826821 -0.058535921
v -0.034367203 0.019385230 -0.056627153
v -0.026897235 0.013230792 -0.064533825
v -0.003652485 0.015729747 -0.066643275
v 0.020428153 0.033704401 -0.060632523
v 0.026864281 0.029786193 -0.060178652
v 0.032791855 0.032176012 -0.056265381
v 0.038872333 0.028038585 -0.054348857
v 0.037190149 0.031950131 -0.053852062
v 0.039381172 0.033350380 -0.051673856
v 0.032469517 0.027605611 -0.058413468
v 0.029561305 0.034765898 -0.056935918
v 0.014993014 0.038116538 -0.060840608
v 0.022546649 0.035820009 -0.058914449
v 0.031123555 0.042985260 -0.055669200
v 0.019306225 0.042352902 -0.059793282
v 0.025319693 0.041020446 -0.057799367
v 0.033971013 0.035167643 -0.054537064
v 0.025035353 0.033499311 -0.059037936
v 0.025956224 0.046350992 -0.057725024
v 0.019989808 0.037752271 -0.059660737
v 0.015674471 0.034235661 -0.061886143
v 0.011975304 0.041297804 -0.061145349
v 0.017490065 0.047860225 -0.060270549
v 0.012552287 0.029691826 -0.063791155
v -0.021053947 0.024154748 -0.061505124
v -0.020153899 0.019479212 -0.062591257
v -0.005076079 0.027164419 -0.064444511
v -0.015041922 0.021661884 -0.063529177
v -0.035518868 0.022378466 -0.054545142
v -0.006971281 0.033807891 -0.062583579
v -0.019397287 0.030535941 -0.060305142
v -0.017001156 0.043762112 -0.057985670
v 0.013003054 0.063659252 -0.057894553
v -0.004954104 0.037919009 -0.061154550
v -0.009454567 0.038357408 -0.060452481
v -0.037594495 0.039068265 -0.048291003
v -0.025278181 0.023563895 -0.059883543
v -0.015570420 0.036324920 -0.059500292
v -0.014795245 0.031586351 -0.061571638
v 0.025435154 0.037330830 -0.057529823
v -0.048555575 0.038151392 -0.037381566
v -0.044112032 0.026765202 -0.045247753
v -0.060266393 0.019761365 0.008534010
v -0.054488685 0.036793943 -0.026871397
v -0.053948059 0.030406469 -0.029313926
v -0.055370412 0.031396009 -0.025625292
v -0.051436067 0.025971798 -0.035625001
v -0.044491088 0.031977866 -0.043205414
v -0.047512736 0.019765845 -0.045842268
v -0.013522088 0.082356425 -0.043542699
v 0.041380108 0.041427431 -0.050002709
v 0.036833063 0.043494505 -0.052676833
v 0.046529088 0.048883714 -0.046479195
v 0.042689569 0.031739123 -0.049877955
v 0.039762653 0.035233925 -0.050132293
v 0.038394145 0.033587302 -0.052509583
v 0.051007108 0.032963516 -0.041050908
v 0.045431655 0.036279019 -0.046602511
v 0.048127474 0.032131625 -0.045362619
v 0.049839710 0.044356997 -0.043363004
v 0.049443301 0.038330436 -0.042841857
v 0.048812439 0.052366456 -0.044395769
v -0.023304293 0.206294373 0.044189356
v 0.050075439 0.044270684 0.041604865
v 0.047760438 0.048168339 0.043611536
v 0.034986964 0.044958454 0.052393988
v 0.043358308 0.046904765 0.047056577
v 0.049268259 0.052434057 0.041363902
v 0.021731381 0.055320665 0.055241576
v 0.022769319 0.049823370 0.056316489
v 0.038728519 0.055569903 0.048139867
v 0.027575839 0.055657340 0.053604032
v 0.033605160 0.053259960 0.051746694
v 0.033495133 0.049195223 0.052743489
v 0.029292013 0.050089057 0.054445492
v 0.039530102 0.040492915 0.049450485
v 0.030995139 0.045947883 0.054142702
v 0.038810285 0.024640769 0.046906177
v 0.044420925 0.037122494 0.044997162
v 0.031207272 0.038905039 0.053497684
v 0.034334622 0.028142022 0.049704824
v 0.025594755 0.039557118 0.055292156
v -0.013608419 0.018357810 0.050197244
v 0.023348718 0.024849132 0.053207595
v 0.025665271 0.032345319 0.053848089
v 0.030011896 0.031676951 0.052313788
v 0.028411284 0.025313573 0.051904880
v 0.041049787 0.031770338 0.046294444
v 0.045811367 0.021513433 0.041776167
v 0.047111761 0.030694292 0.041205552
v 0.050927394 0.022726458 0.037018548
v 0.055565549 0.032516111 0.032592431
v 0.049525856 0.039241192 0.041275171
v 0.042490790 0.025736511 0.044500658
v -0.016572326 0.025871082 0.048480667
v -0.026316757 0.035135279 0.044291474
v -0.019137888 0.035903772 0.047845313
v -0.027801542 0.028903586 0.043414950
v -0.048667683 0.014357794 0.028187345
v -0.048195952 0.031645139 0.028586757
v -0.047026342 0.019024543 0.029294680
v -0.038110207 0.022003639 0.037083644
v -0.044225964 0.025092142 0.031837656
v -0.028224067 0.024359285 0.043611153
v -0.005643996 0.015811530 0.052431750
v 0.014458524 0.021195790 0.054005758
v 0.017755432 0.028724537 0.054486229
v 0.004726926 0.041676210 0.055368276
v -0.004111193 0.031706093 0.051935280
v 0.002420512 0.036013678 0.053886802
v 0.021394464 0.037352154 0.055692164
v 0.015425340 0.040293878 0.056520862
v 0.012051483 0.031858453 0.054953693
v -0.011257381 0.035932518 0.050581459
v -0.011192503 0.042383458 0.051755032
v -0.003776416 0.040706092 0.053452784
v -0.015543706 0.045612063 0.050720337
v 0.009547154 0.046767208 0.056549991
v 0.009778106 0.041593540 0.056112488
v 0.019226524 0.045858444 0.056871726
v 0.021938741 0.043281605 0.056506149
v -0.000593690 0.052273689 0.054551299
v 0.001395609 0.047343673 0.055247833
v 0.018409484 0.053061128 0.056206378
v 0.012608164 0.054434592 0.056037697
v 0.016316619 0.048753326 0.056968944
v 0.005585978 0.053513927 0.055518453
v -0.014230595 0.051674716 0.050729718
v -0.016352062 0.040558217 0.049844004
v -0.022765229 0.041999458 0.047412222
v -0.028550899 0.046299402 0.044761467
v -0.035948199 0.045179911 0.040163798
v -0.039060330 0.038350424 0.037376094
v -0.044610316 0.037991933 0.032824043
v -0.052473792 0.041412069 0.024506890
v -0.050635343 0.036575944 0.026635490
v -0.049771811 0.048690280 0.027745746
v -0.048037404 0.041491325 0.029957262
v -0.041672263 0.058030715 -0.043455482
v -0.055980404 0.026251053 -0.025667292
v -0.056801980 0.032964227 -0.020614366
v -0.059051792 0.029941242 -0.013875623
v -0.058290230 0.023710641 -0.019938352
v -0.057250389 0.022040449 -0.024336089
v -0.055066463 0.028468352 0.019179710
v -0.059012341 0.019874616 -0.023320544
v -0.058550219 0.017059165 -0.032563271
v -0.058179349 0.018372277 -0.028853554
v -0.061066586 0.015688057 -0.028035679
v -0.062044751 0.020625938 -0.011581976
v -0.069756151 0.008921404 -0.032445999
v -0.058245161 0.021247062 0.013318961
v -0.055882157 0.022639648 0.017910305
v -0.054447793 0.012044693 0.022361467
v -0.056537745 0.015184808 0.017932756
v -0.059281355 0.010377727 0.015472750
v -0.060765704 0.013768224 0.010683311
v -0.056172356 0.045451259 0.016782231
v -0.058358814 0.049444948 -0.009504701
v -0.058132854 0.053413195 -0.006150091
v -0.033434762 0.003218983 0.041853782
v -0.036055791 0.003439526 0.039910467
v -0.069084122 0.007186257 -0.001708215
v -0.006169385 0.001488894 0.052218361
v 0.018183321 0.000000000 0.052145899
v 0.051786390 0.000000000 0.034335204
v 0.032684225 0.006161001 -0.058710174
v 0.033444919 0.006095121 -0.058119903
v -0.037438202 0.009521592 -0.066183887
v -0.069359873 0.009259732 -0.038026754
v -0.042232635 0.003948668 0.035504421
v -0.064694798 0.006358116 0.009631203
v -0.044744372 0.004137990 0.034021154
v -0.046025150 0.004206537 0.033751750
v -0.044015435 0.004090250 0.034314225
v 0.052203857 0.000000000 0.033815359
v 0.002759756 0.008041377 -0.069761412
v 0.040890321 0.005618357 -0.055210143
v 0.038792963 0.005750028 -0.055986637
v 0.037226476 0.005859977 -0.056771752
v -0.002165886 0.008208759 -0.069080942
v -0.000263264 0.008142770 -0.069319785
v 0.009739714 0.007671578 -0.068394697
v 0.056826555 0.000000000 0.027900368
v 0.054735208 0.000000000 0.030913160
v 0.046259078 0.005256139 -0.052793747
v -0.070028877 0.008759355 -0.028711467
v -0.059016343 0.009682669 -0.053110038
v -0.025614217 0.002642470 0.046240112
v -0.070080075 0.008501122 -0.024137341
v -0.070067663 0.008610829 -0.026072614
v -0.053911980 0.004813807 0.028868383
v 0.036697667 0.000000000 0.045946815
v 0.043557227 0.000000000 0.041764288
v 0.041871839 0.000000000 0.042788673
v 0.042951249 0.005473159 -0.054165745
v 0.061913165 0.003194968 -0.028043846
v 0.000266560 0.008122170 -0.069346480
v 0.044069598 0.005391065 -0.053549435
v 0.048348539 0.005097911 -0.051554502
v 0.050070500 0.004952509 -0.050258052
v 0.065368854 0.002312143 -0.015041678
v 0.065677879 0.002215387 -0.013566296
v 0.065242651 0.000000000 0.011477883
v -0.019065534 0.008947323 -0.069619948
v -0.014832075 0.008761719 -0.069463121
v -0.017728844 0.008880673 -0.069430682
v -0.021251500 0.009046025 -0.069742235
v -0.036760179 0.003497744 0.039398681
v -0.055958662 0.005024926 0.026660618
v -0.052735737 0.004710370 0.029825110
v -0.057993514 0.005263979 0.023952999
v 0.051340694 0.000000000 0.034776685
v 0.045157809 0.000000000 0.040461625
v 0.047968832 0.000000000 0.038484662
v 0.048891750 0.000000000 0.037369946
v -0.005358529 0.008373273 -0.069618475
v -0.006669805 0.008429918 -0.069653084
v 0.061089552 0.003354415 -0.030247331
v 0.001871917 0.008063019 -0.069486742
v 0.036045260 0.005939097 -0.057283851
v 0.063245001 0.002981446 -0.025265837
v 0.060507776 0.003469813 -0.031835902
v 0.034295454 0.006033029 -0.057654885
v 0.062620098 0.003075905 -0.026463024
v 0.057957881 0.004021441 -0.039671201
v 0.058662528 0.003885183 -0.037794247
v -0.055979807 0.009712475 -0.055861358
v 0.029657160 0.000000000 0.049026668
v -0.036348743 0.003462761 0.039715959
v -0.003772508 0.000000000 0.052996678
v 0.023546202 0.000000000 0.050834223
v -0.004095326 0.001364359 0.052884382
v -0.067730296 0.006948915 0.001465363
v -0.066214552 0.006641573 0.005753568
v 0.038853531 0.000000000 0.044795183
v 0.057251143 0.004159803 -0.041587298
v 0.016496699 0.007325456 -0.067278524
v 0.020579853 0.007099483 -0.066309011
v 0.058257296 0.000000000 0.025941786
v 0.051585225 0.004813028 -0.048917976
v 0.066283379 0.000000000 0.007682354
v 0.066388536 0.000000000 0.007251017
v 0.067236241 0.001391632 -0.000198817
v 0.061254206 0.000000000 0.021259130
v -0.069168229 0.009387313 -0.040419245
v -0.060244136 0.009656187 -0.051727124
v -0.069434110 0.009337258 -0.039334886
v -0.028066138 0.009312197 -0.069412102
v -0.023904771 0.002533354 0.046910160
v -0.020908964 0.002341297 0.048072538
v 0.030784054 0.000000000 0.048607086
v -0.063993702 0.006235078 0.011280282
v -0.062002266 0.005886526 0.015947170
v 0.013512335 0.000000000 0.053353993
v 0.031880691 0.000000000 0.048108095
v 0.063844171 0.002832884 -0.023094054
v 0.014939153 0.007412868 -0.067675147
v 0.064086701 0.002772117 -0.022196044
v 0.067205834 0.001520647 -0.002463389
v 0.067145076 0.000000000 0.002732019
v -0.069842552 0.009133545 -0.035442318
v -0.011134186 0.001779579 0.050752651
v -0.030002120 0.002958546 0.043906655
v 0.004486713 0.000000000 0.054831567
v 0.002587712 0.000000000 0.054494223
v -0.070283384 0.008078774 -0.016545292
v -0.070254509 0.007747130 -0.010728295
v -0.003174111 0.000000000 0.053166894
v -0.039685204 0.003742489 0.037245788
v -0.064453795 0.006309864 0.010306379
v 0.000771153 0.000000000 0.054278581
v -0.029444355 0.002915408 0.044256453
v -0.028225867 0.002829907 0.044864983
v 0.035054934 0.000000000 0.046801652
v 0.013653484 0.007479044 -0.067885378
v 0.014395615 0.007450707 -0.067933585
v -0.002747989 0.008236234 -0.069130691
v 0.029030198 0.006454980 -0.061188243
v 0.057721398 0.000000000 0.026783533
v 0.066616515 0.002007372 -0.010593604
v 0.065990122 0.002137443 -0.012417154
v 0.067094921 0.001638345 -0.004449179
v 0.066942465 0.001864689 -0.008316171
v 0.066474532 0.000000000 0.006765425
v -0.040315559 0.009559176 -0.064720037
v -0.041743809 0.009591615 -0.064237020
v -0.053924513 0.009749637 -0.058029063
v -0.023654114 0.009160517 -0.069988551
v -0.026114382 0.009243123 -0.069619732
v -0.010321324 0.001733848 0.050971604
v -0.069922628 0.007606119 -0.008482971
v -0.070539743 0.008279100 -0.019877545
v 0.021156625 0.000000000 0.051444137
v -0.049156440 0.004410168 0.032473607
v -0.047814921 0.004323649 0.033004185
v -0.050338114 0.004500199 0.031767782
v -0.060346100 0.005616705 0.019474873
v -0.061356153 0.005763302 0.017648277
v 0.055097144 0.004426325 -0.044700736
v 0.063656591 0.000000000 0.015935472
v 0.063898201 0.000000000 0.015182268
v 0.029553508 0.006422544 -0.061015166
v 0.063092835 0.000000000 0.017284029
v 0.063530275 0.000000000 0.016309557
v 0.054619352 0.004493841 -0.045541164
v 0.033748079 0.006066857 -0.057847065
v 0.054168471 0.004539835 -0.046004146
v 0.066915065 0.000000000 0.004161758
v -0.019703205 0.008964589 -0.069447012
vn -0.0694 0.8351 0.5457
vn -0.1784 0.7594 0.6256
vn -0.0658 0.8799 0.4705
vn -0.4043 -0.0511 0.9132
vn -0.4836 -0.0077 0.8752
vn -0.4955 -0.0225 0.8683
vn -0.3543 -0.7089 0.6098
vn -0.3171 -0.7112 0.6274
vn -0.3999 0.0007 0.9166
vn -0.2651 0.0494 0.9630
vn -0.1679 0.0420 0.9849
vn -0.1806 -0.0294 0.9831
vn -0.4669 0.0688 0.8816
vn -0.4699 0.0954 0.8775
vn -0.5514 0.0738 0.8310
vn -0.5835 0.0283 0.8116
vn -0.3242 0.0508 0.9446
vn -0.3452 0.0636 0.9364
vn -0.2696 0.0362 0.9623
vn -0.2239 -0.0065 0.9746
vn -0.2623 0.0267 0.9646
vn -0.3030 -0.7108 0.6348
vn -0.3213 -0.0426 0.9460
vn -0.2387 -0.7447 0.6233
vn -0.2792 -0.0667 0.9579
vn -0.5675 0.0148 0.8232
vn -0.6155 0.0308 0.7875
vn -0.8801 0.4744 -0.0174
vn -0.8710 0.4835 0.0867
vn -0.9080 0.4007 0.1222
vn -0.3744 -0.0151 0.9272
vn -0.3024 -0.0359 0.9525
vn -0.2558 -0.0451 0.9657
vn -0.2490 -0.0458 0.9674
vn 0.2356 -0.7341 0.6369
vn 0.3371 -0.0639 0.9393
vn 0.1800 -0.7065 0.6844
vn -0.8423 0.5174 0.1511
vn -0.8221 0.5684 0.0329
vn -0.7060 0.6996 0.1101
vn -0.9522 -0.2785 0.1252
vn -0.7756 0.5699 0.2714
vn -0.9528 -0.2972 0.0627
vn -0.9838 -0.1670 -0.0658
vn -0.5965 0.8017 0.0385
vn -0.4546 0.8874 0.0760
vn -0.9949 -0.0426 -0.0916
vn -0.9676 -0.2524 -0.0079
vn -0.9893 -0.1455 -0.0098
vn -0.8836 0.4171 0.2127
vn -0.8604 0.3758 0.3442
vn -0.7791 0.6254 -0.0427
vn -0.0302 -0.0321 0.9990
vn -0.9259 0.3417 0.1609
vn -0.9133 0.2561 0.3168
vn -0.8294 0.5557 -0.0570
vn 0.1388 -0.7320 0.6671
vn 0.1229 -0.7107 0.6927
vn 0.2506 -0.0542 0.9666
vn -0.4861 -0.6566 0.5767
vn -0.5857 0.0764 0.8069
vn -0.4842 -0.6908 0.5370
vn -0.2593 -0.6771 0.6886
vn -0.2804 -0.6913 0.6660
vn 0.1467 -0.7100 0.6887
vn -0.2714 -0.7414 0.6138
vn -0.2842 -0.7055 0.6493
vn -0.1294 -0.0178 0.9914
vn -0.0269 0.0798 0.9965
vn -0.4093 0.4201 0.8099
vn -0.4589 0.2153 0.8620
vn -0.3570 0.5161 0.7786
vn -0.5147 0.3733 0.7718
vn -0.4349 0.5593 0.7057
vn -0.4169 -0.5660 0.7112
vn -0.3592 -0.5759 0.7344
vn -0.7193 -0.0272 0.6942
vn -0.7436 0.0417 0.6673
vn -0.7118 0.0331 0.7016
vn -0.8407 -0.4729 0.2637
vn -0.8102 0.4223 0.4064
vn -0.7762 0.5229 0.3522
vn -0.8458 -0.4758 0.2415
vn -0.6444 0.3590 0.6751
vn -0.6276 0.1548 0.7630
vn -0.7501 0.3708 0.5475
vn -0.8124 0.3561 0.4617
vn -0.6943 0.5862 0.4175
vn -0.7466 0.2799 0.6036
vn -0.7703 0.1546 0.6186
vn -0.8353 0.1645 0.5246
vn -0.8741 0.2383 0.4233
vn -0.2978 -0.6227 0.7236
vn -0.3313 -0.5897 0.7366
vn -0.7723 -0.0260 0.6348
vn -0.4872 0.4768 0.7317
vn -0.5887 0.5039 0.6320
vn -0.6994 0.1228 0.7041
vn -0.8798 -0.4087 0.2429
vn -0.6118 0.0544 0.7892
vn -0.5464 0.4994 0.6723
vn -0.8084 0.0460 0.5868
vn -0.8651 0.0392 0.5001
vn -0.6306 0.5460 0.5516
vn -0.6638 0.0421 0.7467
vn -0.5881 -0.4920 0.6419
vn -0.5871 -0.4919 0.6429
vn -0.6807 -0.4275 0.5949
vn -0.7127 -0.4140 0.5662
vn -0.8313 -0.3756 0.4097
vn -0.6668 -0.0260 0.7448
vn -0.8376 -0.0089 0.5463
vn -0.2106 -0.6816 0.7008
vn -0.8727 -0.3721 0.3162
vn -0.8176 -0.4873 0.3066
vn -0.8569 -0.3625 0.3664
vn -0.9041 0.0884 0.4181
vn -0.9201 0.1489 0.3624
vn -0.1603 -0.6864 0.7094
vn -0.3976 0.0962 0.9125
vn -0.3782 -0.7269 0.5732
vn -0.4991 -0.6845 0.5314
vn -0.6767 -0.1643 0.7177
vn -0.6889 -0.0807 0.7203
vn -0.6013 -0.1014 0.7925
vn -0.5412 -0.5217 0.6595
vn -0.5301 -0.4990 0.6855
vn -0.6256 -0.4938 0.6040
vn -0.7846 -0.0312 0.6192
vn -0.7782 0.0644 0.6247
vn -0.6672 0.0291 0.7443
vn -0.3276 -0.1467 0.9334
vn -0.3430 -0.2134 0.9148
vn -0.3619 -0.2208 0.9057
vn -0.7465 -0.1354 0.6514
vn -0.7661 -0.2465 0.5936
vn -0.8288 -0.1733 0.5320
vn -0.6310 -0.4664 0.6199
vn -0.7874 -0.4058 0.4641
vn -0.8348 0.1131 0.5388
vn -0.8295 0.0797 0.5528
vn -0.9148 -0.0870 0.3944
vn -0.8945 -0.1097 0.4333
vn -0.8471 -0.0992 0.5221
vn -0.5046 -0.1297 0.8536
vn -0.4075 -0.1890 0.8934
vn -0.5195 -0.2226 0.8250
vn -0.5043 -0.2064 0.8385
vn -0.4510 -0.2093 0.8676
vn -0.5243 -0.2060 0.8263
vn -0.3205 -0.3158 0.8931
vn -0.4657 -0.3080 0.8296
vn -0.3750 -0.2441 0.8943
vn -0.2864 -0.1091 0.9519
vn -0.3649 -0.1483 0.9192
vn -0.3538 -0.0581 0.9335
vn -0.2928 -0.1879 0.9375
vn -0.2319 -0.2381 0.9431
vn -0.8295 -0.3427 0.4411
vn -0.9013 -0.3706 0.2242
vn -0.8853 -0.3893 0.2543
vn 0.3743 -0.2092 0.9034
vn 0.2699 -0.0816 0.9594
vn 0.2299 -0.2092 0.9505
vn -0.7202 -0.3071 0.6220
vn -0.7636 -0.2327 0.6024
vn -0.8010 -0.3006 0.5178
vn -0.4370 -0.2579 0.8617
vn -0.4880 -0.2557 0.8345
vn -0.4198 -0.2907 0.8598
vn -0.2586 0.8607 0.4386
vn -0.1634 0.9246 0.3441
vn -0.5920 0.5941 0.5446
vn -0.2793 0.8607 0.4257
vn -0.2005 0.8560 0.4765
vn -0.1568 0.9308 0.3303
vn -0.8521 -0.2393 0.4655
vn -0.9419 -0.1112 0.3170
vn -0.4302 0.2884 0.8554
vn -0.5978 0.2474 0.7626
vn -0.4863 0.2128 0.8475
vn -0.4748 0.0650 0.8777
vn -0.4907 0.4725 0.7321
vn -0.5589 -0.0360 0.8284
vn -0.7880 0.1139 0.6050
vn -0.6980 0.3292 0.6360
vn -0.9261 -0.1982 0.3209
vn -0.0507 0.9703 0.2364
vn 0.3059 0.9223 -0.2361
vn 0.0974 0.9952 -0.0076
vn -0.6252 -0.2859 0.7262
vn -0.6650 -0.1964 0.7205
vn -0.9498 -0.0022 0.3129
vn -0.9297 -0.0084 0.3682
vn -0.9129 -0.0087 0.4082
vn -0.9106 0.3761 0.1713
vn -0.8139 0.3256 0.4812
vn -0.8444 0.2237 0.4868
vn -0.6777 0.2501 0.6915
vn -0.6607 0.2827 0.6954
vn 0.6143 0.7622 0.2043
vn 0.3523 0.9271 0.1279
vn 0.7053 0.6964 0.1328
vn 0.2090 0.9667 0.1474
vn 0.4211 0.8683 0.2621
vn -0.8780 -0.0579 0.4751
vn -0.8799 -0.2076 0.4274
vn 0.0783 0.9794 0.1862
vn -0.0866 0.9895 0.1160
vn -0.1717 0.9845 0.0360
vn -0.1879 0.9820 0.0211
vn 0.0337 0.9813 0.1894
vn 0.2708 0.9202 0.2827
vn -0.1446 0.9883 0.0487
vn -0.2110 0.9775 -0.0066
vn -0.3061 0.9454 -0.1117
vn -0.1693 0.9816 0.0878
vn -0.1432 0.9835 0.1109
vn -0.0112 0.9937 0.1113
vn -0.2486 0.9684 -0.0212
vn -0.1829 0.9809 0.0656
vn -0.0262 0.9934 0.1113
vn -0.0356 0.9793 0.1994
vn -0.1429 0.9836 0.1099
vn -0.2431 0.9698 -0.0203
vn -0.1912 0.9762 0.1027
vn -0.2631 0.9590 0.1050
vn -0.3997 0.8738 -0.2769
vn -0.1858 0.9737 0.1320
vn -0.9758 0.1028 0.1930
vn -0.9832 0.0231 0.1809
vn -0.4803 0.7978 -0.3644
vn -0.1302 0.9826 0.1326
vn -0.3442 0.9256 0.1574
vn -0.1542 0.9821 0.1084
vn -0.1395 0.9871 0.0787
vn -0.1369 0.9803 0.1421
vn -0.2298 0.9669 0.1110
vn -0.5974 0.4857 -0.6381
vn -0.5463 0.7554 -0.3620
vn -0.3594 0.9223 -0.1423
vn -0.4307 0.8482 -0.3084
vn -0.4434 0.8763 -0.1884
vn -0.6820 0.5107 -0.5234
vn -0.6618 0.5151 -0.5447
vn -0.6532 0.4357 -0.6192
vn -0.2889 0.9573 -0.0063
vn -0.2495 0.9679 -0.0293
vn -0.6277 0.6637 -0.4067
vn -0.3589 0.9228 0.1400
vn -0.2973 0.9192 0.2584
vn -0.3213 0.9358 0.1449
vn -0.2550 0.9663 -0.0366
vn -0.6331 0.7552 -0.1700
vn -0.5998 0.7860 0.1500
vn -0.7658 0.5961 0.2411
vn -0.4881 0.8462 0.2140
vn -0.6659 0.1545 -0.7298
vn -0.7199 0.2903 -0.6305
vn -0.7298 0.1750 -0.6609
vn -0.6291 0.1239 -0.7674
vn -0.7652 0.2620 -0.5881
vn -0.3614 0.9261 0.1088
vn -0.3946 0.9174 0.0519
vn -0.6594 0.7514 0.0235
vn -0.9295 0.3226 0.1790
vn -0.9152 0.3785 0.1382
vn -0.6604 0.7394 0.1306
vn -0.6799 0.7307 0.0613
vn -0.6871 0.0718 -0.7230
vn -0.9555 0.1214 0.2688
vn -0.9027 0.4271 0.0518
vn -0.7569 0.4569 -0.4673
vn -0.8957 0.3567 -0.2656
vn -0.7859 0.6117 -0.0905
vn -0.7382 0.0702 -0.6709
vn -0.9661 0.2257 0.1255
vn -0.9850 0.1725 -0.0087
vn -0.9558 0.2537 -0.1483
vn -0.9561 0.1690 0.2394
vn -0.9291 0.3174 -0.1901
vn -0.8835 0.4674 -0.0304
vn -0.9396 0.3354 -0.0682
vn -0.6199 0.0659 -0.7819
vn -0.5566 0.0784 -0.8271
vn -0.7718 0.1021 -0.6277
vn -0.8289 0.1220 -0.5460
vn -0.9758 0.2184 -0.0136
vn -0.7268 0.0388 -0.6857
vn -0.6721 0.0561 -0.7383
vn -0.8174 0.4792 -0.3199
vn -0.8743 0.2101 -0.4375
vn -0.9723 0.1713 -0.1591
vn -0.9950 0.0859 0.0502
vn -0.9172 0.1136 -0.3819
vn -0.9957 -0.0213 0.0905
vn -0.7561 0.0447 -0.6530
vn -0.7567 0.0172 -0.6535
vn -0.5238 0.0641 -0.8495
vn -0.5743 0.0865 -0.8140
vn -0.7917 0.0728 -0.6066
vn -0.8502 0.0293 -0.5257
vn -0.7925 0.0267 -0.6093
vn -0.7691 0.0215 -0.6387
vn -0.9949 -0.0425 -0.0919
vn -0.9934 -0.0614 0.0965
vn -0.8804 0.0141 -0.4739
vn -0.7935 -0.0079 -0.6086
vn -0.8495 -0.0290 -0.5267
vn -0.9066 -0.0205 -0.4215
vn -0.8750 -0.0371 -0.4828
vn 0.2673 -0.0136 0.9635
vn 0.3234 -0.0095 0.9462
vn 0.2005 -0.0058 0.9797
vn -0.1373 -0.1115 0.9842
vn -0.1835 -0.0870 0.9792
vn -0.0524 -0.0694 0.9962
vn -0.0313 -0.1713 0.9847
vn 0.1276 -0.1313 0.9831
vn 0.0574 -0.0724 0.9957
vn -0.9322 -0.0434 -0.3593
vn 0.3046 0.9379 -0.1662
vn 0.5534 0.7050 -0.4436
vn 0.6257 0.6378 -0.4492
vn -0.9696 -0.0200 -0.2437
vn -0.9979 0.0532 -0.0378
vn -0.9615 0.0703 -0.2657
vn 0.2535 0.1215 0.9597
vn 0.3293 0.1842 0.9261
vn 0.4135 0.1417 0.8994
vn 0.3564 0.2562 0.8985
vn 0.3161 0.2698 0.9095
vn 0.4144 0.2350 0.8792
vn 0.4978 0.1005 0.8615
vn 0.5370 0.1648 0.8273
vn 0.5825 0.0888 0.8080
vn 0.5094 0.0211 0.8603
vn -0.6705 0.4982 -0.5498
vn -0.7557 0.4941 -0.4297
vn -0.7414 0.4591 -0.4894
vn -0.6617 0.2255 0.7151
vn -0.6160 0.4436 0.6510
vn -0.7037 0.2553 0.6631
vn -0.4999 0.4779 -0.7223
vn -0.5407 0.5004 -0.6762
vn -0.5959 0.4594 -0.6587
vn -0.9671 -0.1833 -0.1764
vn -0.7958 -0.1751 -0.5797
vn -0.8603 -0.0832 -0.5029
vn -0.8568 0.5154 -0.0130
vn -0.8663 0.4719 -0.1639
vn -0.8224 0.5573 -0.1144
vn 0.2020 -0.0000 0.9794
vn 0.2033 0.0704 0.9766
vn 0.3558 0.0629 0.9324
vn -0.8661 0.2177 -0.4500
vn -0.9188 0.1783 -0.3521
vn -0.8714 0.0993 -0.4804
vn 0.1416 0.7716 -0.6201
vn 0.0526 0.8476 -0.5281
vn 0.0344 0.7913 -0.6105
vn -0.8274 0.5083 -0.2388
vn -0.7703 0.5293 -0.3558
vn -0.7749 0.5283 -0.3470
vn 0.0083 0.9996 0.0281
vn -0.1370 0.9265 -0.3504
vn -0.0297 0.9952 -0.0930
vn 0.1153 0.2600 0.9587
vn 0.2156 0.2791 0.9357
vn 0.1911 0.2237 0.9558
vn -0.1067 0.9236 -0.3683
vn -0.0753 0.8926 -0.4445
vn 0.0994 0.9388 0.3297
vn 0.1008 0.9651 0.2416
vn -0.1552 0.8516 -0.5007
vn -0.8747 0.4604 -0.1512
vn -0.8605 0.5013 -0.0908
vn -0.8252 0.5460 -0.1444
vn -0.0763 0.8186 -0.5692
vn -0.1781 0.8698 -0.4601
vn -0.8430 0.5175 -0.1470
vn -0.7024 0.5315 -0.4734
vn -0.7606 0.5520 -0.3418
vn -0.5602 0.5038 -0.6576
vn -0.5244 0.5392 -0.6591
vn -0.6389 0.5221 -0.5649
vn -0.8343 0.4786 -0.2737
vn 0.1606 0.8922 -0.4221
vn 0.0685 0.9711 -0.2288
vn 0.1592 0.7309 0.6636
vn 0.1440 0.7977 0.5857
vn 0.2213 0.8942 0.3892
vn 0.2354 0.9443 0.2297
vn -0.6589 0.4767 -0.5820
vn -0.5979 0.5090 -0.6193
vn -0.6015 0.5009 -0.6223
vn 0.1371 0.9766 -0.1658
vn 0.1900 0.9224 -0.3364
vn 0.0952 0.9954 -0.0119
vn -0.6925 0.4017 -0.5993
vn -0.7939 0.3763 -0.4776
vn -0.6707 0.5102 -0.5384
vn -0.8305 -0.0830 -0.5508
vn -0.7688 -0.0971 -0.6321
vn -0.3002 0.4715 -0.8292
vn -0.3181 0.5202 -0.7926
vn -0.4260 0.5008 -0.7535
vn -0.8612 -0.0998 -0.4984
vn -0.2222 0.5012 -0.8363
vn -0.2653 0.5446 -0.7956
vn -0.1202 -0.2345 0.9647
vn -0.1271 -0.2352 0.9636
vn -0.0693 -0.2513 0.9654
vn 0.1273 0.9885 -0.0820
vn 0.0008 0.9830 0.1835
vn -0.0251 0.9823 0.1858
vn 0.1329 0.9415 0.3096
vn 0.0939 0.9857 0.1399
vn 0.2846 0.8081 -0.5157
vn 0.3384 0.7454 -0.5744
vn 0.3080 0.8208 -0.4810
vn -0.8052 0.0017 -0.5930
vn -0.8689 -0.0371 -0.4936
vn 0.0464 0.4826 0.8746
vn -0.0697 0.2191 0.9732
vn -0.0075 0.3145 0.9492
vn -0.7159 0.6921 -0.0919
vn -0.7839 0.6087 -0.1227
vn -0.7825 0.5954 -0.1824
vn 0.0771 -0.1796 0.9807
vn 0.1468 -0.1468 0.9782
vn 0.1896 -0.1624 0.9683
vn -0.7418 0.1227 -0.6593
vn -0.8107 0.1992 -0.5505
vn -0.8144 0.0998 -0.5717
vn -0.8252 0.5621 -0.0560
vn -0.4061 0.4337 -0.8043
vn -0.9461 0.0214 -0.3231
vn -0.6698 0.1894 -0.7179
vn -0.6061 0.0793 -0.7915
vn -0.5701 0.2044 -0.7957
vn -0.7420 0.2449 -0.6240
vn 0.1959 0.0748 0.9778
vn 0.1614 0.8197 -0.5496
vn -0.0300 0.9570 -0.2887
vn -0.0997 0.8978 -0.4289
vn -0.1110 0.8559 -0.5051
vn -0.8655 0.2735 -0.4197
vn -0.8135 0.3086 -0.4930
vn -0.6538 0.2702 -0.7068
vn -0.7021 0.4464 -0.5547
vn -0.7537 0.3850 -0.5327
vn -0.6613 0.4036 -0.6323
vn 0.0988 0.6348 0.7663
vn -0.9448 0.1778 -0.2751
vn -0.8978 0.2400 -0.3693
vn -0.9272 0.2400 -0.2876
vn -0.8552 0.3538 -0.3787
vn -0.4745 0.0557 -0.8785
vn 0.2260 0.8295 -0.5107
vn 0.0949 0.8943 0.4374
vn 0.0928 0.4517 0.8873
vn -0.9002 0.4323 0.0519
vn -0.8636 0.4933 0.1038
vn -0.9009 0.4120 0.1369
vn -0.6950 0.3370 -0.6352
vn -0.6191 0.3453 -0.7053
vn -0.5614 0.2939 -0.7736
vn -0.9787 0.1415 0.1489
vn -0.9841 0.1143 0.1358
vn -0.9833 0.1795 0.0290
vn -0.1589 0.4535 -0.8770
vn -0.1040 0.4834 -0.8692
vn -0.9017 0.2969 -0.3142
vn 0.2543 0.7507 -0.6098
vn -0.0173 0.7600 0.6497
vn 0.2459 0.9154 -0.3189
vn -0.7605 0.3346 -0.5565
vn -0.5583 -0.0502 0.8281
vn -0.5723 -0.1344 0.8090
vn -0.5038 -0.1533 0.8501
vn -0.0617 -0.1543 0.9861
vn -0.1499 -0.1687 0.9742
vn 0.2215 -0.2254 0.9487
vn 0.2198 0.9128 0.3441
vn 0.1900 0.9378 0.2906
vn 0.4722 0.8781 0.0777
vn -0.4517 0.2117 0.8667
vn -0.3908 0.1885 0.9010
vn -0.3898 0.0809 0.9173
vn 0.6499 0.7440 -0.1555
vn 0.4076 0.9057 -0.1163
vn -0.8509 0.4570 -0.2591
vn -0.8874 0.4291 -0.1684
vn -0.9648 -0.1340 0.2262
vn 0.7038 0.1031 -0.7029
vn 0.7811 0.0949 -0.6172
vn 0.7730 0.0441 -0.6329
vn -0.4289 -0.3489 0.8332
vn -0.9384 -0.2011 0.2810
vn -0.8491 -0.3236 0.4175
vn -0.1436 -0.1540 0.9776
vn -0.2515 -0.1233 0.9600
vn -0.2845 -0.3829 0.8789
vn -0.9222 -0.1014 -0.3731
vn -0.9640 -0.2618 0.0454
vn -0.0128 0.9794 0.2015
vn -0.1370 0.9256 0.3528
vn -0.6825 -0.1281 0.7196
vn -0.7560 -0.1350 0.6405
vn -0.6595 -0.1595 0.7346
vn -0.7232 -0.0385 0.6896
vn -0.8172 0.3899 -0.4244
vn -0.4189 -0.4261 0.8019
vn -0.5877 -0.3733 0.7178
vn -0.5471 0.3538 -0.7587
vn -0.5201 0.4186 -0.7445
vn -0.5822 0.4052 -0.7049
vn 0.3457 -0.2332 0.9089
vn 0.0457 0.9784 0.2017
vn -0.5350 -0.1485 0.8317
vn -0.5714 -0.1898 0.7984
vn -0.5146 -0.2355 0.8245
vn -0.4495 0.8238 -0.3455
vn -0.3770 0.8176 -0.4353
vn -0.4543 0.8004 -0.3911
vn 0.5093 0.8605 0.0156
vn 0.6807 0.7326 0.0071
vn 0.6657 0.7382 -0.1087
vn -0.4586 0.3666 -0.8095
vn -0.6688 -0.4133 0.6180
vn -0.6218 -0.4302 0.6544
vn -0.1097 0.5271 -0.8427
vn 0.5454 0.8169 0.1877
vn 0.7373 0.6754 0.0174
vn 0.5048 0.8565 0.1079
vn -0.8229 0.1039 0.5586
vn -0.7859 0.1578 0.5978
vn -0.7690 0.0918 0.6326
vn -0.5246 -0.4629 0.7145
vn 0.7088 0.7013 -0.0759
vn 0.7526 0.6569 -0.0450
vn 0.6135 0.7856 0.0803
vn -0.8901 0.3516 -0.2900
vn -0.0700 0.1584 0.9849
vn 0.1146 0.1396 0.9835
vn 0.0104 0.0895 0.9959
vn -0.9272 0.3292 -0.1788
vn -0.7775 0.4227 -0.4657
vn -0.7371 0.1827 0.6506
vn -0.6844 0.1670 0.7097
vn -0.7197 0.1041 0.6864
vn -0.6457 -0.0211 0.7633
vn -0.6390 0.3005 0.7081
vn 0.0106 0.1635 0.9865
vn 0.0273 0.0611 0.9978
vn -0.0689 0.1117 0.9914
vn 0.5563 0.8017 0.2186
vn -0.0869 0.9061 0.4140
vn 0.2758 0.9426 0.1881
vn -0.8970 -0.0618 0.4378
vn -0.7829 0.0709 0.6181
vn 0.7410 0.6652 0.0919
vn 0.6944 0.7186 0.0366
vn 0.3862 0.9032 -0.1874
vn 0.7113 0.7014 -0.0462
vn -0.2833 -0.2365 0.9294
vn -0.3367 -0.2638 0.9039
vn -0.1748 -0.2501 0.9523
vn 0.2642 0.9203 0.2884
vn 0.2095 0.9692 0.1296
vn 0.8682 0.4953 0.0302
vn 0.8135 0.5730 0.1000
vn 0.8458 0.5272 0.0822
vn 0.3265 0.8653 0.3804
vn 0.7639 0.6206 0.1772
vn -0.9327 -0.2842 0.2220
vn -0.5178 -0.1018 0.8494
vn -0.5775 -0.0323 0.8158
vn -0.9640 0.2470 0.0983
vn 0.1307 -0.0472 0.9903
vn -0.6649 -0.0719 0.7435
vn -0.7437 0.2015 0.6374
vn -0.4880 -0.0423 0.8718
vn -0.5256 0.0895 0.8460
vn -0.1551 0.9221 0.3546
vn 0.2644 0.2453 0.9327
vn 0.5521 0.5993 0.5797
vn 0.5436 0.6761 0.4974
vn 0.4603 0.6914 0.5568
vn -0.1520 0.7752 -0.6132
vn -0.1413 0.8440 -0.5174
vn 0.1438 0.9852 -0.0930
vn 0.7977 0.6009 0.0498
vn 0.6572 0.6192 0.4297
vn 0.5447 0.7250 0.4216
vn -0.9463 0.2758 0.1686
vn 0.7465 0.6195 0.2428
vn 0.8211 0.5449 0.1702
vn -0.7541 0.4773 -0.4511
vn 0.7022 0.7036 -0.1092
vn -0.4588 -0.1391 0.8776
vn -0.4309 -0.1464 0.8905
vn -0.6699 0.5968 -0.4417
vn -0.5830 0.5733 -0.5757
vn -0.6490 0.5865 -0.4846
vn -0.4316 0.5318 -0.7286
vn -0.8700 0.3941 -0.2963
vn -0.8026 0.4573 -0.3831
vn -0.3099 0.5378 -0.7841
vn -0.3534 0.4897 -0.7971
vn -0.7144 0.5263 -0.4611
vn -0.6931 0.4911 -0.5277
vn 0.0917 0.9808 0.1720
vn 0.7688 0.5944 0.2359
vn -0.1393 0.9580 -0.2505
vn -0.0145 0.9999 -0.0031
vn -0.2901 0.9534 -0.0826
vn -0.4272 0.5240 -0.7369
vn 0.2821 0.8411 0.4615
vn -0.1686 0.7578 0.6303
vn -0.8636 0.4699 -0.1829
vn 0.5841 0.2222 0.7807
vn 0.4615 0.2215 0.8590
vn 0.5553 0.2381 0.7969
vn -0.9169 0.3832 -0.1117
vn -0.8570 0.3726 -0.3561
vn -0.7944 0.5213 -0.3118
vn -0.8142 0.4413 -0.3774
vn 0.3738 0.8022 0.4655
vn 0.7093 0.7044 0.0269
vn -0.8449 0.2688 -0.4625
vn -0.8042 0.1967 -0.5609
vn -0.8494 0.1562 -0.5041
vn 0.0204 -0.2491 0.9683
vn 0.2262 -0.2440 0.9430
vn 0.1349 -0.1991 0.9706
vn -0.7250 0.5470 -0.4186
vn -0.7549 0.4968 -0.4282
vn -0.6191 0.4976 -0.6076
vn -0.3936 0.8549 -0.3379
vn -0.2210 0.9350 -0.2773
vn -0.3374 0.9272 -0.1624
vn -0.8931 0.4491 -0.0250
vn 0.4604 0.7614 0.4564
vn -0.6611 -0.1144 0.7415
vn -0.6441 -0.1031 0.7579
vn -0.5321 0.5424 -0.6501
vn -0.6408 0.5678 -0.5167
vn -0.6440 0.5277 -0.5539
vn -0.7090 0.5608 -0.4276
vn -0.4525 0.5729 -0.6834
vn -0.4666 0.0380 0.8836
vn 0.5797 0.6721 0.4606
vn 0.3369 0.8490 -0.4070
vn -0.9370 0.3475 -0.0354
vn -0.1956 0.9636 -0.1824
vn 0.3945 -0.2115 0.8942
vn 0.2063 0.0912 0.9742
vn 0.3728 0.1135 0.9210
vn 0.2413 0.2167 0.9459
vn -0.9263 0.3610 0.1076
vn -0.8840 0.3453 0.3152
vn -0.9360 0.3150 0.1574
vn 0.7440 0.5351 -0.4002
vn 0.7369 0.6260 -0.2551
vn 0.6279 0.6958 -0.3487
vn -0.5824 0.5332 -0.6136
vn -0.2834 0.9504 0.1285
vn -0.6521 0.5788 -0.4896
vn -0.7152 0.5513 -0.4296
vn -0.2728 0.2579 0.9269
vn -0.2720 0.3130 0.9100
vn -0.2559 0.2675 0.9290
vn 0.2461 0.8986 0.3632
vn -0.5722 0.5148 -0.6384
vn -0.3428 0.2853 0.8950
vn -0.2603 0.2658 0.9282
vn -0.3654 0.2731 0.8899
vn -0.5999 0.5586 -0.5728
vn -0.5794 0.5963 -0.5557
vn -0.9300 0.3636 -0.0545
vn -0.9569 0.1996 0.2110
vn -0.9510 0.0701 0.3012
vn -0.9123 0.0040 0.4095
vn -0.8652 -0.0314 0.5004
vn -0.8090 -0.0628 0.5845
vn -0.7136 -0.0852 0.6954
vn 0.0806 -0.0901 0.9927
vn -0.0648 -0.2443 0.9675
vn -0.0977 -0.2336 0.9674
vn -0.5281 -0.0593 0.8471
vn -0.5918 -0.0734 0.8027
vn -0.1826 0.8090 -0.5587
vn -0.6344 -0.0433 0.7718
vn -0.9833 0.0875 -0.1597
vn -0.9913 0.1067 -0.0771
vn -0.9784 0.1091 -0.1758
vn -0.2274 0.8649 -0.4475
vn -0.0964 0.9811 0.1676
vn -0.8299 0.4609 -0.3145
vn -0.9115 0.3672 -0.1851
vn 0.0921 0.1751 0.9802
vn 0.0598 0.0284 0.9978
vn -0.8238 0.5302 -0.2006
vn -0.8617 0.4538 -0.2269
vn -0.8257 0.5125 -0.2357
vn 0.2261 0.1764 0.9580
vn -0.5866 0.1602 0.7939
vn -0.1080 -0.0367 0.9935
vn -0.1266 -0.1672 0.9778
vn -0.8989 0.1950 -0.3925
vn 0.2797 0.9164 -0.2865
vn 0.0210 -0.1795 0.9835
vn -0.0305 -0.2327 0.9721
vn -0.6279 0.5531 -0.5476
vn -0.9500 0.2621 -0.1696
vn -0.9873 0.1362 -0.0813
vn -0.9620 0.1651 -0.2175
vn 0.3253 -0.1444 0.9345
vn 0.1562 -0.0749 0.9849
vn -0.3152 0.0695 0.9465
vn -0.1977 0.0376 0.9795
vn -0.2997 0.0409 0.9532
vn 0.0772 -0.0431 0.9961
vn -0.0352 0.9947 0.0965
vn 0.1048 0.9837 0.1463
vn -0.9406 0.3219 -0.1085
vn -0.9495 0.3138 -0.0068
vn -0.1854 0.5440 -0.8184
vn -0.0669 -0.2392 0.9687
vn -0.0110 -0.1746 0.9846
vn -0.1049 -0.1671 0.9803
vn 0.4642 -0.0069 0.8857
vn -0.5464 0.5851 -0.5993
vn 0.0522 -0.1127 0.9923
vn 0.5190 0.1155 0.8469
vn 0.4945 0.2326 0.8375
vn -0.8628 0.4045 -0.3032
vn 0.0447 0.2308 0.9720
vn -0.3931 0.2641 0.8808
vn 0.2783 0.0177 0.9603
vn -0.8121 0.5360 -0.2305
vn -0.7586 0.6340 -0.1504
vn 0.1258 0.1194 0.9848
vn 0.1804 0.2245 0.9576
vn 0.4745 0.7315 -0.4896
vn 0.2714 0.9587 -0.0852
vn -0.1235 0.9517 0.2810
vn -0.0189 0.9679 0.2505
vn -0.1382 0.9303 0.3399
vn -0.8891 0.0944 -0.4479
vn -0.9192 0.0933 -0.3825
vn -0.9463 0.0949 -0.3090
vn -0.4445 0.1766 0.8782
vn -0.5445 0.2164 0.8104
vn -0.4969 0.1720 0.8506
vn -0.1712 -0.2236 0.9595
vn -0.0781 -0.2648 0.9611
vn -0.9245 0.3322 -0.1870
vn -0.5700 0.5767 -0.5853
vn -0.7729 0.4992 -0.3917
vn 0.0062 0.9890 0.1477
vn 0.1615 0.9229 0.3494
vn -0.5532 0.5819 -0.5961
vn 0.7624 0.6256 -0.1655
vn -0.0573 -0.2628 0.9632
vn -0.3893 0.3188 0.8642
vn -0.9235 0.3715 -0.0959
vn -0.9526 0.2095 -0.2206
vn -0.9668 0.2373 -0.0943
vn -0.7008 0.4731 -0.5339
vn -0.6200 0.4904 -0.6125
vn -0.9013 0.3844 -0.1997
vn -0.9210 0.3794 -0.0880
vn -0.8655 0.4316 -0.2541
vn -0.9117 0.2475 -0.3280
vn -0.7122 0.5311 -0.4590
vn -0.2352 -0.2528 0.9385
vn -0.9165 0.3371 -0.2155
vn 0.1169 -0.2256 0.9672
vn -0.7242 0.5602 0.4021
vn -0.7932 0.4751 0.3809
vn -0.8019 0.5226 0.2895
vn -0.8885 0.4232 -0.1772
vn -0.8363 0.5212 -0.1701
vn -0.6142 0.5119 -0.6006
vn -0.8998 0.3588 -0.2482
vn -0.7661 0.5851 -0.2662
vn -0.7969 0.5642 -0.2160
vn -0.8049 0.5504 -0.2219
vn -0.9316 -0.0710 -0.3565
vn -0.9683 -0.0681 -0.2402
vn -0.9900 0.1384 0.0290
vn -0.9904 0.1375 -0.0123
vn -0.9765 0.2084 -0.0540
vn -0.3137 0.1648 0.9351
vn -0.2328 0.1115 0.9661
vn -0.1654 0.2323 0.9585
vn -0.4259 0.3004 0.8534
vn -0.4086 0.3144 0.8568
vn -0.1069 -0.0610 0.9924
vn 0.0491 -0.0465 0.9977
vn -0.0445 -0.1112 0.9928
vn 0.5310 0.7960 0.2905
vn -0.9776 0.1492 0.1487
vn -0.9674 0.2245 0.1173
vn 0.3811 0.7626 -0.5227
vn 0.3477 0.7368 -0.5798
vn 0.4434 0.6935 -0.5678
vn -0.2862 0.9577 -0.0309
vn -0.0731 -0.2452 0.9667
vn -0.3960 -0.0375 0.9175
vn -0.3446 -0.0825 0.9351
vn -0.3774 -0.1814 0.9081
vn 0.1591 0.9541 0.2538
vn -0.1066 0.9925 -0.0596
vn -0.2412 -0.0947 0.9659
vn -0.2889 -0.0547 0.9558
vn -0.7984 0.4411 -0.4099
vn 0.7521 0.4402 -0.4906
vn -0.9493 0.1151 -0.2926
vn 0.5344 0.6098 -0.5853
vn 0.4141 0.0851 0.9062
vn 0.2098 0.9620 0.1748
vn -0.0216 0.3795 -0.9249
vn -0.2217 0.4037 -0.8876
vn 0.8583 -0.1762 0.4819
vn 0.8531 -0.1290 0.5056
vn 0.8063 -0.1552 0.5708
vn -0.7436 0.4770 0.4685
vn -0.6864 0.4518 0.5698
vn -0.7610 0.3625 0.5380
vn -0.9416 0.3337 0.0447
vn -0.8327 0.5528 0.0325
vn -0.8153 0.5644 0.1297
vn -0.8249 0.3898 0.4095
vn -0.8766 0.3200 0.3595
vn -0.8615 0.3721 0.3455
vn -0.6320 0.4515 0.6299
vn -0.6680 0.4589 0.5858
vn -0.6237 0.5266 0.5776
vn -0.8223 0.0065 0.5690
vn -0.7752 0.0596 0.6289
vn -0.8658 0.1060 0.4890
vn -0.6012 0.7988 -0.0219
vn -0.0670 -0.0731 0.9951
vn -0.1733 -0.2406 0.9550
vn -0.6979 -0.0156 -0.7160
vn 0.1487 0.1310 0.9802
vn 0.3219 0.3015 0.8975
vn -0.0018 0.9340 0.3572
vn -0.8791 -0.0191 0.4762
vn -0.8830 0.2192 0.4150
vn -0.8768 0.3364 0.3436
vn -0.9179 0.2111 0.3359
vn -0.8330 0.1579 0.5303
vn 0.7721 0.4620 -0.4364
vn 0.8799 0.3011 -0.3676
vn 0.8539 0.1986 -0.4810
vn -0.8685 0.4275 -0.2509
vn 0.8987 0.0968 -0.4277
vn 0.8537 0.4719 -0.2202
vn 0.7201 0.6385 -0.2716
vn 0.6428 0.7555 -0.1265
vn 0.8715 -0.1716 0.4594
vn -0.2720 0.7382 0.6173
vn 0.8098 -0.0213 0.5863
vn 0.7253 0.0781 0.6840
vn -0.2002 0.9763 -0.0823
vn 0.0143 0.8380 -0.5454
vn -0.5195 0.5942 -0.6141
vn -0.5684 0.5153 -0.6414
vn -0.9544 0.2964 -0.0347
vn 0.1563 0.8082 0.5678
vn 0.1748 0.6320 0.7550
vn 0.1420 0.6036 0.7845
vn 0.2557 0.6777 0.6895
vn 0.3046 0.5039 0.8083
vn 0.3442 0.5383 0.7692
vn 0.1943 0.8344 0.5157
vn -0.1860 0.6985 0.6910
vn -0.2099 0.7660 0.6077
vn -0.2297 0.7779 0.5849
vn -0.1339 0.7067 0.6947
vn -0.0787 0.7141 0.6956
vn -0.1694 0.6812 0.7122
vn -0.1482 0.7993 -0.5823
vn 0.2025 0.6720 0.7124
vn 0.2076 0.4903 0.8465
vn 0.6332 0.1686 0.7554
vn 0.1495 0.0132 0.9887
vn 0.2710 0.0958 0.9578
vn 0.6215 0.1171 0.7746
vn 0.5796 0.1320 0.8041
vn -0.2347 0.1430 0.9615
vn -0.2447 0.2728 0.9304
vn -0.2825 0.2407 0.9286
vn -0.2370 0.9245 0.2985
vn 0.0176 0.2714 0.9623
vn -0.0900 0.2486 0.9644
vn -0.0482 0.1581 0.9863
vn 0.7233 0.5290 -0.4438
vn 0.0677 0.0506 0.9964
vn -0.2234 0.6965 0.6819
vn -0.8767 0.3870 -0.2858
vn 0.6392 0.0479 0.7675
vn -0.3043 0.8399 0.4493
vn -0.4705 0.5238 -0.7101
vn -0.3847 0.8921 0.2370
vn -0.6579 0.5417 0.5232
vn -0.0825 0.0199 0.9964
vn 0.7194 0.1344 0.6815
vn 0.7345 0.1320 -0.6656
vn 0.7601 0.1091 -0.6406
vn 0.7093 0.1174 -0.6950
vn -0.1707 0.0184 0.9852
vn -0.1134 0.0498 0.9923
vn 0.3437 0.2357 0.9090
vn 0.1371 0.3205 0.9373
vn -0.8334 0.4336 -0.3426
vn -0.7454 -0.4008 0.5326
vn -0.6827 -0.4200 0.5979
vn 0.6841 0.3271 0.6519
vn 0.5971 0.6423 0.4806
vn 0.5124 0.7296 0.4530
vn -0.7549 0.6263 -0.1946
vn -0.6830 0.7200 -0.1231
vn 0.3528 0.6797 0.6430
vn 0.5221 0.7253 0.4487
vn 0.2924 0.9325 0.2122
vn -0.0281 0.9983 0.0514
vn -0.3262 0.4324 -0.8406
vn -0.2467 0.4196 -0.8735
vn -0.4873 0.4628 -0.7406
vn -0.8225 0.5118 -0.2481
vn -0.7315 -0.0454 0.6803
vn -0.6895 0.0534 0.7223
vn -0.5597 0.4949 -0.6647
vn -0.9683 0.2386 0.0734
vn -0.9146 0.3816 0.1339
vn -0.9306 0.3660 0.0018
vn -0.3599 0.4756 -0.8027
vn -0.3648 0.4414 -0.8198
vn 0.4548 0.8276 0.3289
vn 0.3703 0.8687 0.3291
vn -0.1473 0.2184 0.9647
vn -0.1809 0.1064 0.9777
vn 0.8059 0.2424 0.5402
vn 0.4847 0.6161 0.6209
vn -0.8828 0.4675 0.0453
vn -0.8476 0.5202 0.1050
vn -0.2535 0.7449 0.6171
vn -0.3353 0.8043 0.4906
vn -0.4400 0.6910 0.5735
vn -0.2324 0.8325 0.5030
vn -0.3554 0.6365 0.6845
vn -0.2977 0.6470 0.7019
vn -0.3049 0.8716 0.3840
vn -0.3316 0.8756 0.3512
vn -0.7896 0.5306 0.3082
vn -0.7549 0.5197 0.4000
vn -0.6251 0.5453 0.5585
vn -0.2309 0.6465 0.7272
vn -0.8337 0.5149 0.1996
vn -0.8818 0.4240 0.2067
vn -0.7635 -0.0717 0.6419
vn 0.7528 0.6479 -0.1160
vn -0.5978 0.6605 0.4543
vn -0.5259 0.7628 0.3762
vn -0.5681 0.5637 0.5996
vn -0.4159 0.8483 0.3276
vn -0.5711 0.4193 0.7057
vn -0.5866 0.3295 0.7398
vn 0.8421 0.0781 0.5337
vn 0.8709 -0.0802 0.4848
vn -0.8968 0.3718 0.2397
vn -0.9524 0.2171 0.2139
vn -0.2336 0.3800 -0.8950
vn -0.3226 0.3837 -0.8653
vn -0.7829 0.5771 0.2325
vn -0.8391 0.5082 0.1939
vn -0.7931 0.4102 0.4503
vn -0.9653 0.1066 0.2385
vn -0.8911 0.0701 0.4484
vn 0.1061 0.1485 0.9832
vn -0.1079 0.5126 0.8518
vn -0.1654 0.1601 0.9731
vn -0.0342 0.0764 0.9965
vn 0.7374 0.6724 0.0639
vn 0.7876 0.5975 0.1507
vn 0.7920 0.5991 0.1173
vn 0.8140 0.5739 0.0899
vn -0.1407 -0.0318 0.9895
vn -0.9355 0.1035 0.3378
vn -0.5303 0.1510 0.8343
vn -0.5673 0.2517 0.7841
vn -0.9004 0.1573 -0.4057
vn -0.9340 0.1377 -0.3298
vn -0.3716 0.8703 -0.3232
vn 0.0041 0.8393 -0.5437
vn -0.2570 0.4538 -0.8533
vn -0.1671 0.5070 -0.8456
vn -0.0790 0.9077 0.4122
vn -0.2184 0.7500 0.6244
vn -0.1604 0.6222 0.7662
vn -0.0599 0.9981 0.0151
vn -0.1830 0.9753 -0.1235
vn -0.1811 0.9813 -0.0649
vn -0.0115 0.9940 0.1085
vn -0.2831 -0.1114 0.9526
vn -0.0163 0.8845 0.4663
vn 0.0705 0.9791 0.1909
vn -0.2521 -0.1236 0.9598
vn 0.2189 0.9228 0.3171
vn -0.3365 0.2290 0.9134
vn -0.3084 0.1476 0.9397
vn -0.0728 0.9973 -0.0033
vn -0.7932 0.4653 -0.3928
vn -0.7322 0.5296 -0.4283
vn 0.3657 0.8338 0.4136
vn 0.2344 0.9162 0.3251
vn -0.3205 -0.1684 0.9322
vn 0.3915 0.7744 0.4970
vn -0.3349 -0.0568 0.9405
vn -0.2690 -0.1530 0.9509
vn -0.2598 -0.0189 0.9655
vn -0.3314 0.2959 0.8959
vn -0.2878 0.1505 0.9458
vn 0.2270 -0.1630 0.9602
vn 0.3288 -0.1623 0.9304
vn 0.3172 -0.1683 0.9333
vn -0.0053 0.9859 0.1674
vn -0.0960 0.9580 0.2704
vn -0.2822 0.2598 -0.9235
vn -0.1683 0.4931 -0.8536
vn 0.3721 0.7651 0.5256
vn -0.5369 0.1573 -0.8289
vn -0.4619 0.4846 -0.7428
vn -0.4537 0.3379 -0.8246
vn -0.3193 0.8547 -0.4093
vn -0.5169 0.5314 -0.6712
vn -0.6217 0.1933 -0.7590
vn -0.3952 0.1965 -0.8973
vn -0.8882 0.0930 0.4500
vn -0.3421 -0.1880 0.9207
vn -0.2968 -0.1825 0.9373
vn 0.4447 0.8382 0.3156
vn 0.3940 0.8149 0.4251
vn 0.4673 0.8148 0.3430
vn 0.5892 0.5442 0.5972
vn -0.2903 0.3681 -0.8833
vn 0.4204 0.8740 0.2437
vn 0.4291 0.8996 0.0813
vn -0.3586 0.4345 -0.8262
vn -0.2045 0.8700 0.4487
vn -0.1665 0.8948 0.4142
vn 0.5136 0.7293 0.4520
vn -0.3043 0.7374 -0.6030
vn -0.4913 0.4878 -0.7216
vn 0.3507 0.8196 0.4530
vn -0.3043 0.2402 0.9218
vn -0.2863 0.1462 0.9469
vn 0.3352 0.7649 0.5500
vn -0.0793 0.1672 0.9827
vn -0.1830 0.0026 0.9831
vn 0.3629 0.8483 0.3857
vn -0.7297 0.0342 -0.6829
vn -0.2556 0.8081 0.5307
vn -0.1382 0.9125 0.3850
vn 0.7310 0.1949 -0.6539
vn -0.2361 0.8626 0.4474
vn 0.7515 0.4059 -0.5201
vn 0.7030 0.3872 -0.5966
vn 0.7370 0.2359 -0.6334
vn 0.2795 0.8861 0.3696
vn 0.7382 0.0903 -0.6685
vn -0.2955 -0.0648 0.9531
vn -0.4236 -0.0365 0.9051
vn -0.3842 -0.1353 0.9133
vn 0.7553 0.0935 -0.6487
vn 0.8008 0.2344 -0.5512
vn 0.5024 0.8304 0.2410
vn 0.7935 -0.0233 -0.6081
vn -0.2557 0.8428 0.4736
vn 0.3095 0.9361 0.1669
vn 0.7380 0.2143 -0.6398
vn 0.7231 0.3562 -0.5919
vn -0.3193 0.6479 0.6916
vn -0.1312 0.2929 0.9471
vn -0.1189 0.2622 0.9576
vn -0.1975 0.2900 0.9364
vn -0.2282 0.3017 0.9257
vn -0.2185 0.3221 0.9211
vn -0.3555 0.5721 0.7391
vn -0.7454 0.4097 0.5259
vn -0.4413 -0.0760 0.8941
vn -0.4041 0.2580 0.8776
vn 0.6991 0.6288 -0.3403
vn 0.7284 0.4933 -0.4755
vn 0.2039 0.7561 0.6219
vn -0.2129 0.0763 0.9741
vn -0.2111 0.2059 0.9555
vn -0.1571 0.7662 -0.6231
vn -0.3517 -0.1410 0.9255
vn -0.2253 0.8390 0.4953
vn -0.2132 0.8541 0.4744
vn 0.7784 0.3162 -0.5424
vn -0.2696 0.3470 0.8983
vn -0.2046 0.0743 0.9760
vn -0.1952 -0.0590 0.9790
vn 0.7208 0.5352 -0.4403
vn 0.6125 0.5103 -0.6037
vn 0.6863 0.3427 -0.6416
vn -0.1875 -0.1376 0.9726
vn -0.5278 0.7682 0.3623
vn -0.3264 0.4232 -0.8452
vn 0.6978 0.2333 -0.6773
vn 0.6940 0.4742 -0.5417
vn -0.7681 -0.4562 0.4494
vn -0.7147 -0.3973 0.5757
vn -0.0546 -0.2731 0.9604
vn 0.0771 -0.3215 0.9438
vn -0.0139 0.2603 0.9654
vn 0.5969 0.7039 -0.3850
vn 0.2860 -0.1524 0.9460
vn 0.2346 0.7978 0.5555
vn 0.0380 -0.2010 0.9789
vn 0.1027 -0.2717 0.9569
vn 0.0981 -0.3003 0.9488
vn -0.9373 0.0326 0.3470
vn -0.7657 -0.1525 0.6248
vn -0.7404 -0.2325 0.6307
vn -0.6585 -0.0859 0.7477
vn -0.8891 0.2616 0.3756
vn 0.2156 -0.1565 0.9638
vn -0.3447 0.3084 0.8866
vn 0.6525 0.2671 0.7092
vn -0.9209 0.0874 0.3798
vn 0.2078 0.4995 0.8410
vn 0.2140 0.4658 0.8586
vn -0.4672 0.1195 0.8760
vn -0.8395 0.3273 0.4337
vn -0.2849 0.0087 0.9585
vn -0.2165 -0.0459 0.9752
vn -0.3569 0.0923 -0.9296
vn -0.4296 0.0575 -0.9012
vn -0.1848 -0.1657 0.9687
vn -0.2344 -0.1662 0.9578
vn -0.2018 -0.1759 0.9635
vn -0.4006 0.5144 -0.7582
vn -0.3322 0.4879 -0.8072
vn -0.2752 0.5399 -0.7955
vn -0.0836 0.0305 0.9960
vn -0.3337 0.1333 0.9332
vn -0.4046 0.8033 0.4371
vn -0.2693 0.8607 0.4321
vn -0.4968 0.0616 -0.8657
vn 0.1655 -0.1279 0.9779
vn -0.3155 0.0613 0.9469
vn -0.3462 0.1828 0.9202
vn 0.4708 0.6743 0.5689
vn 0.4370 0.7492 0.4977
vn 0.4796 0.6941 0.5369
vn 0.3810 0.7606 0.5257
vn 0.4483 0.6892 0.5692
vn 0.2937 0.8000 0.5232
vn 0.3185 0.8153 0.4836
vn 0.2319 0.7951 0.5604
vn 0.2934 0.8177 0.4952
vn 0.2428 0.8112 0.5320
vn -0.8984 0.1381 0.4169
vn -0.9382 -0.0685 0.3393
vn 0.1626 -0.3427 0.9253
vn 0.4302 0.7919 0.4334
vn 0.3697 0.7989 0.4744
vn -0.1991 0.9382 0.2832
vn 0.2106 -0.0532 0.9761
vn -0.7416 0.5729 -0.3489
vn -0.1746 0.2112 0.9617
vn -0.1238 0.1050 0.9867
vn -0.8755 0.4825 -0.0253
vn -0.4583 0.0894 0.8843
vn -0.4502 0.2057 0.8689
vn -0.4068 0.0478 0.9123
vn -0.4008 0.2602 0.8784
vn -0.9240 0.0260 0.3814
vn -0.6606 0.5219 0.5396
vn -0.8487 0.0846 0.5221
vn -0.9794 0.2016 -0.0087
vn -0.9176 0.2811 -0.2809
vn -0.9232 0.2083 -0.3229
vn -0.8834 0.3845 -0.2678
vn -0.4512 0.7890 0.4170
vn 0.5002 0.7767 0.3828
vn -0.8697 0.4382 -0.2271
vn 0.4171 0.6957 -0.5849
vn -0.8975 0.0209 0.4405
vn -0.8009 0.2928 0.5223
vn 0.4219 0.8587 0.2909
vn -0.5024 0.3377 0.7959
vn 0.8558 0.1550 0.4936
vn 0.7114 0.4966 0.4973
vn 0.3816 0.7373 -0.5575
vn -0.2200 0.5724 0.7899
vn -0.1292 0.6295 0.7662
vn -0.1549 0.6990 0.6982
vn 0.3621 0.8410 -0.4020
vn 0.3185 0.7849 -0.5315
vn -0.2642 0.9032 0.3382
vn -0.1083 0.9329 0.3434
vn -0.4411 0.3221 0.8377
vn 0.3765 0.8856 -0.2721
vn 0.3961 0.8237 -0.4057
vn 0.3533 0.8319 -0.4280
vn -0.7846 0.5687 -0.2469
vn 0.3336 0.7135 -0.6162
vn 0.3531 0.7355 -0.5782
vn 0.3573 0.6995 -0.6189
vn 0.3475 0.7098 -0.6128
vn 0.3643 0.9032 -0.2268
vn -0.9926 0.1211 -0.0084
vn -0.9299 0.2773 -0.2415
vn 0.3301 0.9102 -0.2501
vn 0.3114 0.8202 -0.4799
vn 0.4107 0.9091 0.0697
vn 0.3940 0.9036 0.1684
vn 0.2835 0.9511 0.1224
vn -0.8072 0.2488 0.5353
vn 0.3352 0.7265 -0.5998
vn 0.3759 0.7047 -0.6018
vn 0.4771 0.6099 -0.6328
vn 0.6570 0.6853 0.3143
vn 0.4017 0.8199 0.4079
vn 0.4390 0.8062 0.3966
vn 0.1144 0.9826 0.1462
vn 0.2050 0.9682 0.1436
vn 0.2775 0.9355 0.2188
vn 0.2681 0.9182 -0.2916
vn 0.3534 0.9301 -0.0999
vn 0.3535 0.9291 -0.1084
vn 0.3961 0.9180 -0.0214
vn -0.7453 0.5762 0.3354
vn 0.4844 0.7903 0.3751
vn 0.4609 0.7792 0.4248
vn 0.2328 0.7449 -0.6252
vn 0.5022 0.8462 0.1782
vn -0.0082 0.2723 0.9622
vn 0.5667 0.7702 0.2927
vn 0.4835 0.8030 0.3484
vn 0.5301 0.8408 0.1098
vn 0.7440 0.6221 0.2438
vn 0.7240 0.6584 0.2059
vn 0.4899 0.8667 0.0936
vn 0.0444 0.8051 -0.5915
vn 0.4345 0.8319 0.3453
vn 0.4249 0.8395 0.3385
vn 0.3725 0.8706 0.3214
vn 0.2774 0.9226 0.2679
vn 0.4163 0.8608 0.2927
vn 0.4909 0.8196 0.2953
vn 0.4849 0.8451 0.2252
vn 0.4497 0.8248 0.3426
vn 0.2665 0.8008 -0.5364
vn -0.1143 0.7963 -0.5940
vn -0.1263 0.9920 0.0049
vn 0.4402 0.8524 0.2823
vn 0.4745 0.8573 0.1996
vn 0.6271 0.6376 0.4474
vn -0.1886 0.2745 0.9429
vn 0.1874 0.9820 0.0222
vn 0.2875 0.9576 -0.0199
vn 0.1643 0.9797 -0.1151
vn 0.1384 0.9698 -0.2008
vn 0.0656 0.9835 -0.1684
vn 0.4699 0.8768 0.1024
vn 0.4212 0.9015 0.0997
vn 0.3563 0.9161 0.1837
vn 0.7008 0.5770 0.4195
vn 0.2866 0.9528 -0.1007
vn 0.4447 0.8956 0.0082
vn -0.1585 0.7727 -0.6146
vn 0.3619 0.9224 -0.1347
vn 0.3294 0.9391 -0.0977
vn 0.6624 0.7139 0.2272
vn 0.6996 0.7115 -0.0655
vn 0.7582 0.6510 -0.0361
vn 0.6873 0.7264 0.0052
vn 0.4969 0.8545 0.1513
vn 0.6260 0.7319 0.2692
vn 0.2978 0.9545 0.0175
vn 0.3108 0.9426 0.1222
vn -0.0979 0.9670 0.2352
vn -0.0864 0.9805 0.1766
vn 0.5183 0.7719 -0.3681
vn -0.1905 0.7751 -0.6024
vn -0.2440 0.8015 -0.5460
vn 0.7060 0.7003 0.1054
vn 0.7858 0.6071 0.1182
vn 0.7662 0.6397 0.0614
vn 0.1903 0.8890 -0.4166
vn 0.1563 0.9626 0.2212
vn 0.4439 0.8561 -0.2647
vn 0.3747 0.9132 -0.1604
vn -0.0016 0.9354 -0.3535
vn 0.0834 0.9377 -0.3373
vn 0.0419 0.8826 -0.4683
vn 0.5296 -0.1490 0.8350
vn 0.3671 0.9285 -0.0552
vn 0.7887 0.6018 0.1254
vn 0.7438 0.6440 0.1787
vn 0.6833 0.6382 0.3546
vn 0.5398 0.8401 0.0527
vn 0.5431 0.8343 0.0953
vn 0.5924 0.7990 0.1035
vn 0.1383 0.8318 -0.5376
vn 0.3869 0.8942 0.2250
vn -0.4612 0.8274 -0.3204
vn -0.5365 0.7961 -0.2801
vn -0.5239 0.8337 -0.1745
vn 0.6821 0.6864 0.2522
vn 0.4343 0.8988 -0.0596
vn 0.7689 0.6059 -0.2042
vn 0.5216 0.6394 -0.5649
vn 0.5044 0.8601 -0.0764
vn 0.4369 0.8985 -0.0426
vn -0.1495 0.8117 -0.5646
vn -0.0992 0.8009 -0.5906
vn -0.0557 0.8324 -0.5513
vn 0.5804 -0.0104 0.8143
vn 0.5984 0.7444 0.2962
vn 0.4847 0.8051 0.3418
vn -0.0475 0.8692 -0.4922
vn 0.3318 0.9177 -0.2183
vn 0.0465 0.9661 -0.2538
vn 0.3948 0.2660 0.8794
vn -0.0921 0.8462 -0.5249
vn 0.4729 0.8734 -0.1167
vn -0.2561 0.7986 -0.5446
vn 0.4678 0.7224 0.5092
vn 0.7828 0.6222 0.0049
vn -0.0320 0.9750 -0.2199
vn 0.7956 0.3555 0.4905
vn 0.6811 0.7318 0.0245
vn 0.7454 0.6637 -0.0623
vn -0.2716 0.8601 -0.4318
vn 0.7303 0.6809 -0.0557
vn -0.4265 0.8574 -0.2880
vn 0.6046 0.7480 0.2737
vn 0.6708 0.7011 0.2418
vn 0.5764 0.7937 0.1944
vn 0.4909 0.8688 0.0641
vn 0.7780 0.6002 0.1858
vn 0.7516 0.6254 0.2095
vn 0.7881 0.5903 0.1745
vn -0.3683 0.8768 -0.3091
vn -0.1949 0.9566 -0.2166
vn -0.0722 0.9224 -0.3794
vn -0.1743 0.8964 -0.4076
vn 0.1878 0.9467 -0.2617
vn 0.8137 0.5573 0.1650
vn 0.7202 0.6891 0.0801
vn -0.1582 0.7606 -0.6297
vn 0.4289 0.8876 0.1678
vn 0.1663 0.7828 0.5997
vn 0.7110 0.6835 0.1653
vn 0.3571 0.8994 0.2523
vn 0.7907 0.6026 0.1078
vn 0.0531 0.9979 -0.0360
vn -0.0819 0.9645 -0.2511
vn 0.7859 0.6112 0.0938
vn -0.4236 0.8954 -0.1372
vn 0.4415 -0.1817 0.8787
vn -0.1567 0.9867 0.0431
vn -0.1745 0.9642 0.1995
vn -0.0095 0.9924 0.1225
vn -0.1962 0.9744 -0.1097
vn -0.3579 0.9336 -0.0190
vn -0.3030 0.9530 0.0039
vn -0.3078 0.9470 -0.0917
vn -0.3037 0.9219 -0.2405
vn 0.8043 0.5687 0.1723
vn 0.5939 0.8035 0.0401
vn -0.3604 0.9322 0.0348
vn -0.4349 0.8981 -0.0655
vn -0.2656 0.9595 0.0939
vn -0.2363 0.9717 -0.0012
vn -0.1306 0.9902 -0.0488
vn -0.0470 0.9895 -0.1368
vn -0.3633 0.9310 -0.0347
vn 0.6680 0.7292 0.1486
vn 0.3372 0.9414 -0.0056
vn -0.4146 0.9074 0.0687
vn -0.3459 0.9334 0.0949
vn -0.3974 0.5762 -0.7142
vn 0.3753 0.9181 -0.1273
vn 0.2051 0.9696 0.1335
vn 0.5094 0.8507 -0.1299
vn 0.0322 0.9380 0.3451
vn 0.0194 0.9167 0.3991
vn 0.2230 0.9734 -0.0531
vn 0.1757 0.9720 0.1559
vn -0.1033 0.7470 0.6567
vn 0.0318 0.9578 0.2858
vn 0.3639 0.7508 -0.5512
vn 0.4736 0.7065 -0.5258
vn 0.4757 0.6926 -0.5422
vn 0.4328 0.8628 -0.2614
vn -0.2534 0.7781 0.5747
vn 0.3477 0.8085 -0.4747
vn -0.2355 0.9354 0.2638
vn 0.5014 0.8617 -0.0776
vn 0.3285 0.8784 -0.3472
vn 0.5291 0.6378 -0.5597
vn 0.2635 0.8881 -0.3766
vn 0.6041 0.5129 -0.6099
vn 0.6113 0.4545 -0.6479
vn 0.5217 0.6460 -0.5573
vn -0.3037 0.9367 0.1740
vn -0.3615 0.9050 0.2241
vn 0.3881 0.8441 -0.3699
vn -0.4263 0.9043 0.0218
vn 0.4788 0.6054 -0.6358
vn 0.5047 0.6984 -0.5074
vn 0.3069 0.8050 -0.5077
vn 0.3481 0.8675 -0.3553
vn 0.6033 0.7216 -0.3397
vn 0.5916 0.4699 -0.6551
vn 0.7332 0.1444 -0.6645
vn 0.0151 0.9484 0.3167
vn 0.1421 0.3032 0.9423
vn 0.0116 0.2667 0.9637
vn -0.2259 0.7739 -0.5917
vn -0.3256 0.8081 -0.4908
vn -0.2045 0.8013 -0.5622
vn -0.3411 0.8059 -0.4839
vn -0.2980 0.8196 -0.4893
vn -0.3872 0.8250 -0.4117
vn -0.4936 0.8162 -0.3003
vn -0.4615 0.8384 -0.2900
vn 0.1510 -0.2959 0.9432
vn -0.2662 0.3979 -0.8779
vn 0.1177 0.8186 0.5622
vn 0.0913 0.7864 0.6110
vn 0.0629 0.7539 0.6540
vn -0.1413 0.7933 0.5922
vn -0.0715 0.7740 0.6291
vn 0.2179 0.8257 0.5203
vn -0.0200 0.8203 0.5715
vn 0.0210 0.7866 0.6171
vn 0.2959 0.8237 0.4838
vn 0.2091 0.8411 0.4989
vn 0.0965 0.8968 0.4318
vn -0.1048 0.9289 0.3552
vn -0.8644 0.4217 -0.2739
vn -0.1421 0.8471 0.5120
vn 0.2877 0.8447 0.4513
vn 0.0981 0.8392 0.5349
vn -0.1674 0.8995 0.4035
vn -0.0523 0.8560 0.5144
vn -0.0239 0.8872 0.4608
vn 0.1979 0.8894 0.4120
vn 0.0474 -0.7204 0.6919
vn 0.2814 0.8965 0.3423
vn -0.1138 0.6457 0.7550
vn -0.2439 0.8755 0.4172
vn -0.2640 0.9091 0.3223
vn 0.7000 0.6890 0.1879
vn 0.8012 0.5757 0.1630
vn 0.7397 0.6208 0.2598
vn -0.2173 0.6298 0.7457
vn -0.0785 0.6149 0.7847
vn 0.5752 0.7669 0.2845
vn 0.6743 0.5842 0.4516
vn 0.4522 0.7528 0.4783
vn -0.2159 0.5592 0.8004
vn -0.3089 0.5550 0.7724
vn -0.2062 0.5574 0.8042
vn 0.2255 0.7913 0.5684
vn -0.0464 0.7285 0.6835
vn 0.1040 0.9155 0.3885
vn 0.8308 -0.0488 -0.5544
vn 0.7980 0.0389 -0.6014
vn -0.3796 0.0993 0.9198
vn 0.1623 -0.3492 0.9229
vn -0.3578 0.9310 -0.0718
vn -0.5002 0.8504 -0.1629
vn -0.5547 0.8050 -0.2103
vn -0.5353 0.8352 -0.1264
vn -0.4760 0.8756 -0.0820
vn -0.5576 0.8193 -0.1336
vn -0.5658 0.8007 -0.1970
vn -0.2170 0.9756 0.0342
vn -0.3948 0.9182 -0.0333
vn -0.6277 0.7645 -0.1467
vn -0.6087 0.7853 -0.1131
vn -0.6189 0.7769 -0.1154
vn -0.5726 0.7988 -0.1845
vn -0.5565 0.8286 -0.0611
vn -0.4173 0.9074 0.0505
vn -0.6249 0.7775 -0.0704
vn -0.5640 0.8214 -0.0843
vn -0.5275 0.8493 -0.0227
vn -0.5229 0.8506 0.0559
vn -0.4256 0.8949 0.1342
vn -0.6096 0.7923 -0.0246
vn -0.3237 0.8840 0.3373
vn -0.6132 0.7885 0.0473
vn -0.5081 0.8497 0.1411
vn -0.5304 0.8374 0.1321
vn -0.6120 0.7893 0.0506
vn -0.5580 0.8286 0.0457
vn -0.3838 0.8832 0.2697
vn -0.4670 0.8508 0.2408
vn 0.7963 0.5622 0.2233
vn 0.7266 0.6687 0.1579
vn 0.5899 0.7448 0.3119
vn -0.6005 0.7839 0.1577
vn -0.6261 0.7706 0.1192
vn -0.5865 0.7885 0.1853
vn -0.8638 0.1115 -0.4913
vn -0.6378 0.7372 0.2230
vn -0.6270 0.7188 0.3003
vn -0.6366 0.6734 0.3758
vn 0.4811 0.6253 0.6144
vn 0.5255 0.6531 0.5452
vn 0.5366 0.5886 0.6047
vn 0.2411 0.9705 0.0026
vn 0.4135 0.9033 -0.1143
vn 0.0546 0.9714 0.2310
vn -0.7799 0.2909 -0.5542
vn -0.4476 -0.0935 0.8894
vn -0.4558 -0.1463 0.8780
vn -0.4735 -0.0626 0.8786
vn -0.6108 0.7918 0.0032
vn -0.0743 0.9085 0.4112
vn -0.0138 0.9315 0.3636
vn -0.8923 0.1524 0.4250
vn -0.4299 -0.2368 0.8713
vn -0.4516 -0.1524 0.8791
vn -0.3613 -0.1725 0.9164
vn -0.6340 0.7268 0.2642
vn -0.0923 0.9433 0.3187
vn -0.6292 0.6783 0.3795
vn -0.5885 0.6527 0.4771
vn -0.6016 0.7646 0.2314
vn 0.4010 -0.1514 0.9035
vn 0.7940 -0.1109 -0.5977
vn -0.1791 0.9232 0.3401
vn -0.0916 0.9194 0.3824
vn -0.1439 0.8639 0.4826
vn -0.2318 0.5048 0.8315
vn -0.2258 0.5249 0.8207
vn -0.2338 0.5341 0.8125
vn 0.2326 -0.3851 0.8931
vn -0.4998 0.6075 0.6174
vn -0.5897 0.5950 0.5461
vn -0.0495 -0.2259 0.9729
vn -0.3696 0.7515 0.5465
vn -0.1488 -0.1671 0.9746
vn -0.8641 0.4103 0.2915
vn -0.5559 0.5771 0.5983
vn -0.6123 0.7210 0.3245
vn -0.4974 0.5591 0.6633
vn -0.4061 0.7256 0.5555
vn -0.3520 0.7063 0.6142
vn -0.3833 0.6313 0.6742
vn 0.7011 0.7067 0.0954
vn 0.3603 0.9137 0.1878
vn -0.5460 0.5468 0.6348
vn -0.0708 0.7767 0.6258
vn -0.4957 0.5590 0.6647
vn 0.0294 0.9124 0.4083
vn -0.1832 0.6876 0.7026
vn -0.2434 0.6419 0.7271
vn 0.7310 -0.0575 -0.6799
vn 0.7155 0.6714 0.1931
vn 0.7288 0.6422 0.2376
vn 0.2383 0.9145 0.3270
vn 0.6102 0.7394 0.2846
vn 0.7609 0.6207 0.1890
vn 0.8185 0.5579 0.1370
vn 0.1438 0.9888 -0.0394
vn 0.7073 0.6388 0.3029
vn -0.1220 0.6168 0.7776
vn 0.0077 0.6803 0.7329
vn -0.0711 0.6173 0.7835
vn 0.6409 0.6941 0.3278
vn 0.6351 0.7234 0.2709
vn 0.6060 0.5986 0.5239
vn 0.4902 0.7361 0.4668
vn 0.2294 0.8515 0.4715
vn -0.3826 -0.2245 0.8962
vn -0.0856 0.5513 0.8299
vn -0.1122 0.5252 0.8436
vn -0.0862 0.5805 0.8097
vn -0.3696 0.7288 0.5765
vn 0.4625 0.6192 0.6345
vn -0.8175 -0.0349 0.5749
vn -0.8082 -0.0798 0.5835
vn -0.7193 -0.0931 0.6884
vn 0.7679 0.3265 -0.5512
vn 0.0294 0.7490 0.6619
vn 0.0207 0.6578 0.7529
vn -0.5187 0.5236 0.6759
vn -0.3601 0.5832 0.7281
vn 0.2022 0.8879 0.4133
vn 0.6289 0.6576 0.4149
vn -0.9613 0.2681 0.0634
vn -0.9503 0.2523 0.1823
vn -0.1949 0.5897 0.7838
vn -0.1662 0.9748 0.1485
vn 0.4593 0.6277 0.6285
vn -0.0152 0.0045 0.9999
vn -0.7585 -0.1305 0.6384
vn -0.7375 -0.0997 0.6679
vn 0.5304 0.5898 0.6089
vn -0.8291 -0.1203 0.5459
vn -0.4541 -0.1146 0.8836
vn -0.7464 -0.1477 0.6489
vn -0.3856 -0.2679 0.8829
vn -0.3660 -0.2192 0.9044
vn -0.7193 0.0605 0.6921
vn -0.9761 -0.0740 0.2046
vn -0.9888 -0.1175 0.0922
vn -0.9916 -0.0095 0.1287
vn 0.4234 0.6265 0.6544
vn -0.4177 0.5572 0.7177
vn -0.9879 -0.1325 -0.0801
vn -0.9377 -0.0563 0.3429
vn -0.9640 -0.0306 0.2641
vn -0.2548 0.5286 0.8097
vn -0.2943 0.5862 0.7549
vn 0.4935 0.8274 0.2682
vn -0.9648 -0.0296 0.2613
vn -0.8570 0.0441 0.5134
vn 0.4166 0.6290 0.6564
vn 0.4660 0.5525 0.6911
vn -0.4184 0.5190 0.7454
vn -0.4160 0.0541 0.9077
vn -0.4783 0.1368 0.8674
vn -0.5211 -0.1676 0.8369
vn -0.5067 -0.1262 0.8528
vn -0.3358 -0.1505 0.9298
vn -0.3468 -0.0987 0.9327
vn -0.9566 -0.2912 -0.0088
vn -0.4505 -0.1474 0.8805
vn -0.7103 0.2816 0.6451
vn -0.6446 -0.3062 0.7005
vn -0.4069 -0.2979 0.8635
vn -0.9334 -0.0023 0.3588
vn -0.9485 -0.0155 0.3163
vn -0.6219 -0.1376 0.7709
vn -0.5900 -0.1358 0.7959
vn -0.0046 0.0546 0.9985
vn -0.4381 -0.0442 0.8978
vn -0.2337 0.5752 0.7839
vn 0.2537 0.3239 0.9114
vn -0.4273 -0.2448 0.8703
vn -0.4388 -0.5340 0.7227
vn -0.6372 0.0976 0.7645
vn -0.5220 -0.0282 0.8525
vn 0.2100 -0.0541 0.9762
vn -0.4186 -0.5483 0.7240
vn -0.5067 -0.2503 0.8250
vn -0.5730 -0.3769 0.7278
vn -0.4177 -0.4354 0.7975
vn -0.8557 -0.2332 0.4620
vn 0.3639 -0.0302 0.9310
vn -0.6489 -0.1741 0.7407
vn -0.5357 0.0533 0.8427
vn -0.8874 -0.1901 0.4199
vn 0.6457 0.5312 0.5485
vn 0.1958 0.2512 0.9479
vn 0.0700 0.1619 0.9843
vn -0.8822 -0.0235 0.4702
vn 0.5845 0.7277 0.3588
vn 0.3728 -0.0561 0.9262
vn -0.9205 0.0077 0.3907
vn -0.5949 -0.2129 0.7751
vn -0.7527 0.2531 0.6078
vn 0.3379 -0.3287 0.8819
vn 0.2406 0.3454 0.9071
vn -0.9317 -0.0202 0.3626
vn 0.0985 0.2811 0.9546
vn -0.0270 0.6299 0.7762
vn 0.0061 0.6915 0.7224
vn 0.1106 0.7337 0.6704
vn 0.7588 0.6497 -0.0458
vn -0.5344 -0.1533 0.8312
vn -0.5881 -0.1677 0.7912
vn 0.8424 0.0312 -0.5380
vn -0.5350 0.2322 0.8123
vn 0.0033 0.6630 0.7486
vn -0.9306 -0.0142 0.3657
vn -0.9176 0.0347 0.3959
vn -0.4013 -0.4951 0.7706
vn -0.4879 -0.0891 0.8684
vn -0.5676 -0.0336 0.8226
vn -0.5730 -0.2114 0.7918
vn -0.6423 -0.1809 0.7448
vn -0.1253 0.5605 0.8186
vn -0.7198 0.2598 0.6437
vn 0.7493 0.0664 0.6589
vn -0.8396 0.0322 0.5422
vn -0.5106 -0.0263 0.8594
vn 0.1258 0.8903 0.4376
vn 0.7662 -0.0157 -0.6424
vn -0.1898 0.5379 0.8214
vn -0.0365 0.5602 0.8276
vn -0.8556 -0.0819 0.5111
vn -0.7306 0.2732 0.6257
vn -0.7250 0.3407 0.5986
vn -0.8952 0.3229 0.3071
vn -0.6868 0.3241 0.6506
vn -0.6716 0.4053 0.6202
vn -0.6633 0.3410 0.6661
vn -0.6611 0.3576 0.6596
vn -0.9018 0.2824 0.3271
vn -0.8070 0.3509 0.4750
vn -0.6129 0.2671 0.7436
vn -0.7820 0.3508 0.5152
vn 0.7147 -0.1106 -0.6906
vn -0.9187 0.1964 0.3427
vn -0.7261 0.3288 0.6039
vn -0.6345 0.3882 0.6684
vn -0.5502 0.3853 0.7408
vn -0.8823 0.2477 0.4002
vn -0.6101 0.4048 0.6811
vn -0.6052 0.3471 0.7164
vn -0.6223 0.3796 0.6846
vn -0.9246 0.2166 0.3134
vn -0.9046 0.2487 0.3463
vn -0.9048 0.2260 0.3609
vn -0.6417 0.3220 0.6961
vn -0.7268 0.2479 0.6405
vn -0.7204 0.3039 0.6234
vn -0.6004 0.2062 0.7727
vn -0.8729 0.2147 0.4381
vn -0.4894 0.2773 0.8268
vn -0.6750 0.2714 0.6861
vn -0.6103 0.3787 0.6958
vn -0.8266 0.2418 0.5082
vn -0.7596 0.2405 0.6043
vn -0.7331 0.2082 0.6474
vn -0.8076 0.2313 0.5425
vn -0.8560 0.2785 0.4356
vn -0.6506 0.2072 0.7306
vn -0.5698 0.1799 0.8018
vn -0.5962 0.2900 0.7486
vn -0.6693 0.2118 0.7122
vn -0.7840 0.2847 0.5516
vn -0.4834 0.3152 0.8167
vn -0.5497 0.2411 0.7998
vn -0.5111 0.1556 0.8453
vn -0.6938 0.3958 0.6017
vn -0.5566 0.3256 0.7643
vn -0.9377 0.2934 0.1862
vn -0.1717 -0.0919 0.9808
vn -0.5149 -0.1874 0.8365
vn -0.0952 0.5806 0.8086
vn -0.9124 -0.0146 0.4090
vn 0.0104 0.6910 0.7228
vn 0.0932 0.7405 0.6656
vn 0.2339 0.9708 0.0526
vn 0.3079 0.9401 0.1464
vn 0.5849 0.8111 -0.0063
vn 0.4300 0.8971 -0.1017
vn -0.3242 0.8981 0.2971
vn 0.4306 0.8389 -0.3331
vn 0.1446 0.9872 -0.0676
vn 0.4184 0.8787 -0.2299
vn -0.3103 0.9185 0.2451
vn 0.6070 0.7129 -0.3512
vn 0.5781 0.6940 -0.4290
vn 0.4547 0.8519 -0.2598
vn 0.4275 0.8587 -0.2825
vn 0.0776 0.9884 0.1304
vn 0.7686 0.0506 -0.6377
vn 0.7808 0.1329 -0.6105
vn -0.3491 0.8535 0.3869
vn 0.1723 0.9818 -0.0801
vn -0.3308 0.7654 0.5520
vn 0.5902 0.7607 -0.2703
vn 0.5984 0.6301 -0.4948
vn 0.6880 0.5585 -0.4634
vn 0.1186 0.9859 0.1180
vn -0.5720 0.7912 0.2165
vn 0.7193 0.2685 -0.6407
vn 0.6770 0.3111 -0.6670
vn 0.7253 0.0926 -0.6822
vn 0.6161 0.5942 -0.5172
vn 0.5296 0.6849 -0.5004
vn 0.6112 0.6058 -0.5094
vn 0.6611 0.4229 -0.6197
vn 0.6820 0.5050 -0.5289
vn 0.4546 0.8205 -0.3465
vn 0.5843 0.6997 -0.4111
vn 0.4657 0.8472 -0.2556
vn 0.6442 -0.2730 0.7145
vn 0.6704 -0.1102 0.7338
vn 0.7405 -0.1954 0.6430
vn 0.3175 0.2706 0.9088
vn 0.3605 0.3878 0.8483
vn 0.6068 0.3203 0.7274
vn 0.5726 0.3132 0.7577
vn 0.5845 0.1875 0.7894
vn 0.1520 -0.5235 0.8383
vn 0.1562 -0.4271 0.8906
vn 0.2584 -0.4953 0.8294
vn 0.6350 0.2373 0.7352
vn 0.6648 0.1920 0.7219
vn 0.2300 -0.1478 0.9619
vn 0.4242 -0.1443 0.8940
vn 0.2416 -0.1674 0.9558
vn 0.6821 0.2937 0.6697
vn 0.6811 0.4003 0.6131
vn 0.4472 -0.4198 0.7898
vn 0.4103 -0.5623 0.7179
vn 0.3382 -0.5306 0.7772
vn 0.7445 0.3299 0.5804
vn 0.6890 0.4298 0.5836
vn 0.7349 0.4242 0.5292
vn 0.7618 -0.3550 0.5418
vn 0.7048 -0.4973 0.5059
vn 0.6507 -0.3867 0.6535
vn 0.5759 -0.0624 0.8151
vn 0.6393 -0.1085 0.7612
vn 0.5528 -0.1378 0.8218
vn 0.5366 -0.3625 0.7620
vn 0.5922 -0.2401 0.7692
vn 0.3632 -0.3976 0.8426
vn 0.7498 0.2471 0.6138
vn 0.8131 0.2476 0.5269
vn 0.6983 0.2278 0.6785
vn 0.6028 -0.5196 0.6055
vn 0.7383 -0.1243 0.6629
vn 0.5229 -0.2116 0.8257
vn 0.6642 -0.2298 0.7114
vn 0.4250 0.3484 0.8355
vn 0.4285 0.4245 0.7977
vn 0.5624 0.4060 0.7203
vn 0.4936 0.3979 0.7733
vn 0.8945 -0.1020 0.4352
vn 0.8750 -0.2230 0.4297
vn 0.8453 -0.1615 0.5094
vn 0.2629 -0.3889 0.8830
vn 0.7072 -0.2342 0.6671
vn 0.6552 -0.4026 0.6392
vn 0.7131 -0.4514 0.5364
vn 0.2154 -0.5976 0.7723
vn 0.2814 -0.6169 0.7350
vn 0.2020 -0.5855 0.7851
vn 0.7293 -0.2534 0.6355
vn 0.5069 -0.3061 0.8058
vn 0.3302 0.3576 0.8735
vn 0.5031 0.2198 0.8358
vn 0.5460 0.2619 0.7958
vn 0.5623 0.1027 0.8205
vn 0.5900 -0.2853 0.7553
vn 0.5764 -0.1981 0.7928
vn 0.7107 -0.0908 0.6976
vn 0.6269 -0.0744 0.7755
vn 0.6065 0.4346 0.6658
vn 0.6095 0.4042 0.6820
vn 0.5300 0.3781 0.7591
vn 0.6104 -0.5381 0.5813
vn 0.6859 -0.5654 0.4581
vn 0.3291 -0.6214 0.7111
vn 0.4193 -0.3064 0.8546
vn 0.3147 -0.3081 0.8978
vn 0.5846 -0.0440 0.8101
vn 0.7049 -0.1072 0.7011
vn 0.5899 -0.1445 0.7944
vn 0.8950 -0.0177 0.4457
vn 0.9182 0.0386 0.3942
vn 0.9266 -0.0292 0.3748
vn 0.7924 -0.0535 0.6077
vn 0.7940 -0.1369 0.5923
vn 0.8290 -0.0868 0.5524
vn 0.2626 -0.2147 0.9407
vn 0.1574 -0.3209 0.9340
vn 0.4877 -0.2929 0.8224
vn 0.4135 -0.3475 0.8416
vn 0.0990 -0.2047 0.9738
vn 0.1287 -0.1298 0.9831
vn 0.7854 0.1956 0.5873
vn 0.8463 0.1625 0.5073
vn 0.7305 0.1955 0.6543
vn 0.0213 -0.1904 0.9815
vn 0.0265 -0.1928 0.9809
vn 0.8270 -0.2276 0.5140
vn 0.8438 -0.3096 0.4384
vn 0.5494 -0.0962 0.8300
vn 0.3956 -0.1831 0.9000
vn 0.6581 -0.1985 0.7263
vn 0.5897 -0.2236 0.7760
vn 0.4998 -0.1309 0.8562
vn 0.3893 -0.2337 0.8910
vn 0.4443 -0.2107 0.8707
vn 0.6615 0.3434 0.6667
vn 0.8741 -0.1915 0.4465
vn 0.3787 -0.1250 0.9171
vn 0.5432 -0.1588 0.8245
vn 0.5218 -0.5714 0.6334
vn 0.4989 -0.6275 0.5978
vn 0.5987 -0.6067 0.5229
vn 0.4192 0.3528 0.8365
vn 0.6143 0.1407 0.7764
vn 0.5774 -0.0310 0.8159
vn 0.5274 0.0440 0.8485
vn 0.4266 0.2059 0.8807
vn 0.3305 -0.0999 0.9385
vn 0.7760 -0.0644 0.6274
vn 0.9429 0.0107 0.3329
vn 0.7685 -0.2074 0.6053
vn 0.6501 -0.2855 0.7042
vn 0.5533 -0.2782 0.7851
vn 0.4686 -0.2251 0.8542
vn 0.4781 -0.1916 0.8572
vn 0.6777 0.1018 0.7283
vn 0.7745 -0.1585 0.6124
vn 0.7023 -0.1735 0.6905
vn 0.5697 -0.0889 0.8170
vn 0.6483 -0.1558 0.7453
vn 0.9699 0.2257 -0.0919
vn 0.9750 0.1735 -0.1391
vn 0.9817 0.1893 0.0214
vn 0.9252 0.2636 -0.2731
vn 0.9940 0.1018 0.0408
vn 0.9498 0.2610 -0.1725
vn 0.9049 0.3018 -0.3001
vn 0.8945 0.4457 0.0353
vn 0.6870 0.7133 0.1385
vn 0.8009 0.5811 0.1445
vn 0.9842 -0.1721 0.0415
vn 0.9876 -0.1271 0.0924
vn 0.9409 -0.2026 0.2715
vn 0.4226 0.8813 0.2114
vn 0.5693 0.7993 0.1926
vn 0.9321 0.0742 0.3546
vn 0.9678 0.0257 0.2504
vn 0.9183 0.3002 0.2582
vn 0.2960 -0.0942 0.9505
vn 0.2737 0.0075 0.9618
vn 0.3045 -0.1278 0.9439
vn 0.4419 -0.1134 0.8899
vn 0.4571 0.0743 0.8863
vn 0.4475 -0.0335 0.8937
vn 0.7272 -0.1816 0.6620
vn 0.2934 0.0251 0.9557
vn 0.5650 -0.0457 0.8238
vn 0.5970 0.0395 0.8013
vn 0.3126 -0.1486 0.9382
vn 0.6385 -0.1686 0.7509
vn 0.5415 -0.1142 0.8329
vn 0.7964 -0.0833 0.5990
vn 0.7888 -0.1814 0.5872
vn 0.5698 -0.1376 0.8102
vn 0.8254 -0.1160 0.5525
vn 0.4232 -0.1919 0.8855
vn 0.2343 -0.1729 0.9567
vn 0.4271 -0.2178 0.8776
vn 0.5295 -0.1967 0.8252
vn 0.7964 -0.2690 0.5416
vn 0.7920 -0.2572 0.5537
vn 0.8402 -0.2603 0.4757
vn 0.7413 0.1746 0.6480
vn 0.6889 -0.1521 0.7087
vn 0.3700 -0.0790 0.9257
vn 0.2536 -0.2373 0.9377
vn 0.4649 -0.1055 0.8791
vn 0.4682 -0.1255 0.8746
vn 0.8424 -0.2061 0.4980
vn 0.8923 -0.2405 0.3820
vn 0.8896 -0.1636 0.4265
vn 0.9432 -0.1543 0.2942
vn 0.8668 -0.0255 0.4980
vn 0.8280 -0.0189 0.5604
vn 0.8846 -0.0044 0.4664
vn 0.9257 0.0646 0.3728
vn 0.8819 0.0342 0.4701
vn 0.8791 0.0965 0.4667
vn 0.8821 -0.3408 0.3252
vn 0.9153 0.3315 0.2289
vn 0.8888 0.3089 0.3386
vn 0.9048 0.2736 0.3262
vn 0.9376 0.3110 0.1553
vn 0.9503 0.2284 0.2116
vn 0.9745 0.2186 0.0512
vn 0.3399 -0.3126 0.8870
vn 0.3275 0.1156 0.9378
vn 0.4286 0.0784 0.9001
vn 0.5182 0.2520 0.8173
vn 0.4397 -0.2250 0.8695
vn 0.9730 0.0211 0.2299
vn 0.9938 -0.0083 0.1108
vn 0.9751 -0.0022 0.2218
vn 0.8494 -0.1280 0.5120
vn 0.6369 0.2330 0.7349
vn 0.6052 0.0783 0.7922
vn 0.7031 -0.1654 0.6916
vn 0.7939 0.2042 0.5727
vn 0.3885 0.1137 0.9144
vn 0.4472 -0.5071 0.7368
vn 0.4704 -0.3428 0.8131
vn 0.3486 -0.4317 0.8319
vn 0.7232 -0.3129 0.6157
vn 0.7431 -0.2810 0.6073
vn 0.5165 -0.5174 0.6823
vn 0.8555 -0.2174 0.4700
vn 0.8578 0.1112 0.5018
vn 0.8705 0.2539 0.4216
vn 0.9092 0.1060 0.4027
vn 0.5321 -0.1844 0.8263
vn 0.7116 -0.1929 0.6756
vn 0.1743 -0.1607 0.9715
vn 0.7189 -0.1091 0.6865
vn 0.7340 -0.1540 0.6615
vn 0.7273 -0.2274 0.6476
vn 0.6539 -0.1701 0.7372
vn 0.6489 0.1795 0.7394
vn 0.7234 0.1603 0.6715
vn 0.4727 -0.0419 0.8802
vn 0.3732 -0.0098 0.9277
vn 0.4495 -0.6203 0.6428
vn 0.6934 0.0577 0.7183
vn 0.8363 0.2368 0.4945
vn 0.9412 0.0663 0.3313
vn 0.9201 0.0089 0.3915
vn 0.8792 -0.0931 0.4672
vn 0.9158 -0.0278 0.4007
vn 0.4315 0.2172 0.8756
vn 0.4530 -0.1806 0.8730
vn 0.5226 -0.1809 0.8332
vn 0.5375 0.0713 0.8402
vn 0.4618 -0.0867 0.8827
vn 0.7538 -0.5529 0.3551
vn 0.7801 -0.4860 0.3940
vn 0.8024 0.0869 0.5904
vn 0.5405 -0.2665 0.7981
vn 0.6139 -0.2143 0.7597
vn 0.3636 -0.2744 0.8902
vn 0.8006 -0.1357 0.5836
vn 0.8434 0.1917 0.5019
vn 0.8489 -0.0338 0.5275
vn 0.7890 -0.0756 0.6097
vn 0.8166 0.0221 0.5768
vn 0.5103 -0.0512 0.8585
vn 0.4637 -0.0516 0.8845
vn 0.6483 -0.0490 0.7598
vn 0.7631 0.0254 0.6458
vn 0.8335 0.2550 0.4902
vn 0.5775 -0.2184 0.7866
vn 0.6132 -0.1453 0.7764
vn 0.6666 -0.2195 0.7124
vn 0.6808 -0.1094 0.7242
vn 0.7124 -0.0384 0.7007
vn 0.5354 -0.1502 0.8311
vn 0.7264 -0.0641 0.6843
vn 0.7389 -0.1076 0.6651
vn 0.5820 -0.6014 0.5473
vn 0.7207 -0.0501 0.6914
vn 0.8474 -0.0462 0.5289
vn 0.7891 -0.0953 0.6069
vn 0.6283 0.0375 0.7771
vn 0.8841 0.2810 0.3734
vn 0.8553 0.2326 0.4629
vn 0.6352 -0.0430 0.7711
vn 0.7115 0.0034 0.7027
vn 0.5132 -0.1043 0.8519
vn 0.5291 -0.2662 0.8057
vn 0.5317 -0.1915 0.8250
vn 0.6748 -0.6035 0.4248
vn 0.7776 -0.0531 0.6265
vn 0.9952 0.0622 0.0752
vn 0.9974 0.0482 -0.0539
vn 0.7823 0.1961 0.5912
vn 0.7202 0.0252 0.6933
vn 0.5771 0.0016 0.8167
vn 0.7390 0.1344 0.6602
vn 0.7089 0.2099 0.6733
vn 0.7195 0.4294 0.5458
vn 0.5806 -0.0506 0.8126
vn 0.4985 0.0992 0.8612
vn 0.7636 0.0183 0.6454
vn 0.6822 -0.0408 0.7301
vn 0.2161 -0.0023 0.9764
vn 0.2598 0.0170 0.9655
vn 0.3520 0.0067 0.9360
vn 0.1985 0.2364 0.9512
vn 0.2696 0.0036 0.9630
vn 0.1858 0.0936 0.9781
vn 0.2736 0.5843 0.7640
vn 0.3051 0.3688 0.8780
vn 0.2388 0.4939 0.8361
vn 0.1073 0.0261 0.9939
vn 0.3678 -0.0136 0.9298
vn 0.3533 -0.0475 0.9343
vn 0.9261 -0.1452 0.3482
vn 0.4801 0.4390 0.7594
vn 0.5850 -0.0656 0.8084
vn 0.4385 0.2742 0.8559
vn 0.4236 0.0611 0.9038
vn 0.9914 0.0715 0.1096
vn 0.9891 0.1415 -0.0416
vn 0.8021 0.0887 0.5905
vn 0.2107 0.4339 0.8760
vn 0.9523 -0.0406 0.3023
vn 0.9374 0.0026 0.3483
vn 0.9808 0.0020 0.1952
vn 0.8505 -0.1532 0.5032
vn 0.8655 -0.0384 0.4995
vn 0.2767 -0.2759 0.9205
vn 0.3034 -0.2128 0.9288
vn 0.3041 -0.2667 0.9145
vn 0.8031 -0.2132 0.5564
vn 0.8686 -0.0084 0.4954
vn 0.7447 -0.1506 0.6502
vn 0.7674 0.0208 0.6408
vn 0.1970 -0.5019 0.8422
vn 0.2680 -0.3966 0.8780
vn 0.2238 -0.3750 0.8996
vn 0.1109 -0.5886 0.8008
vn 0.0921 -0.5780 0.8108
vn 0.1164 -0.2351 0.9650
vn 0.8399 -0.0644 -0.5389
vn 0.7847 -0.0860 -0.6139
vn 0.8710 -0.0360 -0.4899
vn 0.5789 -0.4031 0.7088
vn 0.4239 -0.0984 0.9004
vn 0.6261 0.7790 0.0327
vn 0.6807 0.7303 0.0575
vn 0.8879 0.2117 0.4085
vn 0.9610 -0.0378 -0.2740
vn 0.9519 -0.0603 -0.3004
vn 0.9404 -0.0445 -0.3371
vn 0.3774 -0.0963 0.9210
vn 0.6778 -0.5852 0.4451
vn 0.9531 -0.0459 -0.2990
vn 0.9594 -0.0323 -0.2801
vn 0.6052 -0.2299 0.7622
vn 0.7926 0.6097 -0.0064
vn 0.7917 0.1586 0.5900
vn 0.7915 0.0135 0.6110
vn 0.8697 -0.2324 0.4354
vn 0.1873 -0.2392 0.9527
vn 0.1584 -0.1528 0.9755
vn 0.2173 -0.2042 0.9545
vn -0.0862 0.9707 0.2243
vn 0.4717 0.8574 0.2059
vn 0.3848 -0.5951 0.7055
vn 0.7753 -0.2002 0.5990
vn 0.5698 -0.2004 0.7970
vn 0.6942 0.7157 0.0764
vn 0.2881 -0.5279 0.7990
vn 0.5479 -0.1220 0.8276
vn 0.4475 -0.1395 0.8833
vn 0.4951 -0.1620 0.8536
vn 0.2356 -0.2062 0.9497
vn 0.5999 -0.1320 0.7891
vn 0.6376 -0.0745 0.7668
vn 0.2185 -0.3067 0.9264
vn 0.9854 0.0144 -0.1698
vn 0.9917 -0.0766 -0.1034
vn 0.2368 -0.2711 0.9330
vn 0.1887 -0.3062 0.9331
vn 0.1288 -0.1510 0.9801
vn -0.1387 -0.3178 0.9380
vn -0.0431 -0.3714 0.9275
vn -0.1321 -0.4041 0.9051
vn 0.9231 0.0207 0.3839
vn 0.9617 0.0343 0.2720
vn 0.0841 -0.1682 0.9822
vn 0.9195 0.0639 -0.3880
vn 0.9431 -0.0299 -0.3311
vn 0.2526 -0.2026 0.9461
vn 0.9969 0.0197 -0.0762
vn 0.7994 0.5969 0.0677
vn 0.9176 -0.0610 -0.3927
vn 0.9433 -0.0070 0.3319
vn 0.9647 0.1862 0.1862
vn 0.9728 0.2221 0.0658
vn 0.1541 -0.2357 0.9595
vn 0.4066 0.8791 0.2487
vn 0.8895 -0.2195 0.4008
vn 0.9014 -0.2354 0.3634
vn 0.8425 0.1683 0.5117
vn 0.9670 0.0387 -0.2518
vn 0.9547 -0.0125 -0.2973
vn 0.9766 -0.1018 -0.1896
vn 0.6606 0.7244 0.1971
vn 0.9421 -0.2554 0.2173
vn 0.9331 -0.2372 0.2704
vn 0.9564 -0.2566 0.1392
vn 0.7738 -0.1426 0.6172
vn 0.8191 0.0509 0.5715
vn 0.9102 0.2196 0.3512
vn 0.9368 0.1988 0.2879
vn 0.8429 0.1419 0.5191
vn -0.4861 0.8702 0.0802
vn 0.9046 -0.0980 0.4148
vn 0.5961 -0.1043 0.7961
vn 0.5148 -0.1132 0.8498
vn 0.9636 0.2654 -0.0335
vn 0.9605 0.2417 0.1380
vn 0.9520 0.3021 0.0485
vn 0.7674 -0.2133 0.6047
vn 0.6232 -0.2144 0.7521
vn 0.7402 -0.2066 0.6399
vn 0.7906 -0.2402 0.5633
vn 0.8975 -0.1854 0.4001
vn 0.1191 -0.4805 0.8689
vn 0.1846 -0.4139 0.8914
vn 0.0229 -0.5688 0.8221
vn 0.9757 0.1386 0.1697
vn 0.9713 0.0884 0.2207
vn 0.9489 0.0046 0.3154
vn 0.0668 -0.4922 0.8679
vn -0.0190 -0.5384 0.8425
vn -0.0263 -0.4511 0.8921
vn -0.1249 -0.4860 0.8650
vn 0.0502 -0.3885 0.9201
vn 0.0049 -0.2804 0.9599
vn 0.7971 -0.5463 0.2573
vn 0.8516 -0.4826 0.2045
vn 0.8338 -0.4689 0.2915
vn -0.0869 -0.2095 0.9739
vn 0.5700 -0.1493 0.8080
vn 0.6706 -0.0863 0.7367
vn 0.6528 -0.1590 0.7406
vn 0.8054 -0.4238 0.4144
vn 0.8473 -0.4470 0.2870
vn 0.7453 -0.5530 0.3725
vn 0.9777 0.1830 -0.1028
vn 0.9562 0.2713 -0.1101
vn 0.9210 0.3869 -0.0455
vn 0.9637 -0.2643 0.0385
vn 0.9783 -0.1971 -0.0638
vn 0.8761 0.1017 0.4713
vn 0.8921 0.1804 0.4144
vn 0.9084 -0.4176 0.0208
vn 0.8606 -0.4811 0.1670
vn 0.9262 -0.3587 0.1164
vn 0.9373 0.1196 0.3273
vn 0.8824 0.3978 -0.2514
vn 0.9161 0.3846 -0.1133
vn 0.9356 0.3156 -0.1583
vn 0.9369 0.0842 -0.3393
vn 0.9712 0.0786 -0.2250
vn 0.9307 0.2489 0.2681
vn 0.8279 -0.5463 0.1271
vn 0.9875 -0.0487 0.1502
vn 0.9148 0.1782 -0.3625
vn 0.9552 -0.1300 0.2659
vn 0.8918 0.1306 0.4332
vn 0.8866 0.0247 0.4619
vn 0.9114 0.0101 0.4115
vn 0.9377 0.2446 -0.2466
vn 0.8596 0.4027 -0.3145
vn 0.8691 0.3562 -0.3433
vn 0.9151 0.3646 -0.1719
vn 0.9227 0.0627 0.3805
vn 0.9908 0.1107 -0.0779
vn 0.9460 0.2843 0.1558
vn 0.9856 -0.1352 0.1017
vn 0.9981 -0.0615 0.0036
vn 0.9687 0.2060 -0.1385
vn 0.9465 0.3227 -0.0040
vn 0.7297 -0.1470 0.6678
vn 0.8396 0.0671 0.5390
vn -0.0328 -0.5971 0.8015
vn 0.9022 0.4184 0.1052
vn 0.8613 0.5067 -0.0381
vn 0.9210 0.3889 -0.0232
vn 0.9632 0.2681 -0.0216
vn 0.8695 0.4923 0.0412
vn 0.9202 0.3040 0.2466
vn 0.8790 0.4592 0.1286
vn 0.9553 0.1362 0.2625
vn 0.6756 -0.0821 0.7327
vn 0.2869 -0.7605 0.5825
vn 0.4927 -0.1006 0.8644
vn 0.2543 -0.7582 0.6003
vn 0.2357 -0.7530 0.6143
vn 0.4027 -0.7728 0.4905
vn 0.4792 -0.7209 0.5007
vn 0.7479 -0.5877 0.3086
vn 0.3775 -0.7638 0.5235
vn 0.3262 -0.7708 0.5472
vn 0.7727 -0.1150 0.6243
vn 0.9690 0.1307 -0.2098
vn 0.5075 -0.7531 0.4186
vn 0.3407 -0.7492 0.5680
vn 0.5001 -0.7782 0.3799
vn 0.4814 -0.7773 0.4050
vn 0.9032 -0.0585 0.4253
vn 0.8830 -0.0064 0.4694
vn 0.9206 0.3198 0.2242
vn 0.9400 0.3225 0.1117
vn 0.4562 -0.7801 0.4282
vn 0.9332 0.3592 -0.0097
vn 0.9243 0.3632 0.1177
vn 0.9397 0.0885 0.3304
vn 0.8056 -0.5659 0.1752
vn 0.7892 -0.5566 0.2595
vn 0.9401 -0.2682 0.2103
vn 0.9302 0.3111 -0.1946
vn 0.4102 -0.0459 0.9108
vn 0.9700 0.0399 0.2396
vn 0.9648 -0.1014 0.2427
vn 0.9057 -0.0115 0.4237
vn 0.9411 -0.2370 0.2413
vn 0.7898 -0.1518 0.5943
vn 0.9398 -0.1845 0.2875
vn 0.9004 -0.2113 0.3802
vn -0.3595 -0.0592 0.9312
vn -0.4052 -0.0356 0.9135
vn 0.7869 -0.0982 0.6092
vn 0.0445 -0.1339 0.9900
vn -0.1607 -0.5498 0.8197
vn -0.1807 -0.5930 0.7847
vn -0.2857 -0.5420 0.7903
vn -0.1678 -0.4694 0.8669
vn -0.2919 -0.3756 0.8796
vn -0.1826 -0.1542 0.9710
vn -0.2644 -0.4788 0.8372
vn -0.4607 -0.0203 0.8873
vn -0.4055 -0.0703 0.9114
vn -0.3104 -0.5577 0.7699
vn 0.1041 -0.3599 0.9272
vn -0.0827 -0.3016 0.9498
vn -0.0040 -0.4736 0.8807
vn -0.3345 -0.1733 0.9263
vn -0.4139 -0.2467 0.8762
vn -0.1146 -0.5742 0.8107
vn 0.9456 0.3154 -0.0800
vn 0.7983 0.4172 -0.4343
vn 0.8475 -0.5307 0.0105
vn 0.8526 -0.5226 0.0059
vn 0.9771 0.0697 0.2011
vn 0.8728 0.2936 -0.3899
vn 0.8204 0.3398 0.4599
vn 0.8159 0.4752 0.3293
vn 0.8623 0.4233 0.2778
vn 0.8328 0.3990 0.3838
vn 0.8687 -0.1380 0.4758
vn 0.8701 0.0627 0.4890
vn 0.8570 -0.0573 0.5121
vn 0.8155 0.4108 0.4078
vn 0.7922 0.4646 0.3957
vn 0.7898 0.3849 0.4775
vn 0.7743 0.4333 0.4612
vn 0.7823 0.3352 0.5250
vn 0.8865 0.3097 0.3438
vn 0.7909 0.2247 0.5692
vn 0.8268 0.2460 0.5059
vn 0.7599 0.3557 0.5441
vn 0.9028 0.2054 0.3779
vn 0.8485 0.2429 0.4702
vn 0.8524 0.3059 0.4241
vn 0.9048 -0.0575 0.4219
vn 0.9062 0.1647 0.3894
vn 0.8751 0.1573 0.4577
vn 0.9242 0.1816 0.3361
vn 0.7492 0.4314 0.5026
vn 0.8297 0.5258 0.1874
vn 0.8631 0.4534 0.2226
vn 0.8347 0.4325 0.3408
vn 0.7737 0.1886 0.6048
vn 0.8686 0.4298 0.2465
vn 0.8905 0.3290 0.3144
vn 0.8396 0.4871 0.2404
vn 0.9434 -0.0031 0.3317
vn 0.8430 0.4643 0.2716
vn 0.7921 0.2539 0.5550
vn 0.7396 0.3025 0.6012
vn 0.8357 0.0988 0.5402
vn 0.8627 0.4728 0.1794
vn 0.9088 0.3705 0.1921
vn 0.8192 0.0196 0.5732
vn 0.8109 0.1492 0.5658
vn 0.9698 -0.0297 0.2420
vn 0.9516 0.1738 0.2535
vn 0.8141 -0.0985 0.5724
vn 0.8879 -0.4309 -0.1610
vn 0.8277 -0.4936 -0.2669
vn 0.8393 -0.5277 -0.1309
vn 0.9914 -0.0321 0.1269
vn 0.9660 -0.2141 0.1451
vn 0.9967 -0.0350 0.0732
vn 0.9389 -0.0196 -0.3436
vn 0.9567 -0.1887 -0.2214
vn 0.9893 0.0287 -0.1429
vn 0.9532 -0.0226 -0.3016
vn 0.9128 -0.0346 -0.4070
vn 0.9320 -0.0495 -0.3590
vn 0.9578 -0.1486 -0.2463
vn 0.9331 -0.0512 -0.3559
vn 0.7943 0.0691 -0.6036
vn 0.8630 -0.0270 -0.5044
vn 0.8928 -0.0289 -0.4496
vn 0.9828 -0.1613 0.0902
vn 0.9939 -0.0320 0.1056
vn 0.9965 -0.0760 -0.0341
vn 0.9976 0.0667 0.0182
vn 0.7577 -0.0308 -0.6519
vn 0.9775 -0.1336 0.1635
vn 0.9860 0.0014 0.1668
vn 0.9577 -0.2549 -0.1334
vn 0.9354 -0.1759 -0.3066
vn 0.9999 -0.0027 0.0100
vn 0.9746 -0.1884 -0.1207
vn 0.9388 -0.2386 -0.2485
vn 0.9763 -0.0064 -0.2164
vn 0.9973 -0.0064 -0.0730
vn 0.9311 -0.0890 -0.3538
vn 0.9719 -0.2349 -0.0181
vn 0.8257 -0.5212 -0.2156
vn 0.8591 -0.5051 -0.0826
vn 0.9629 0.1219 -0.2407
vn 0.9378 -0.1827 -0.2952
vn 0.9983 0.0183 -0.0550
vn 0.9853 0.1247 -0.1167
vn 0.9987 0.0509 -0.0025
vn 0.9046 -0.0896 -0.4167
vn 0.9928 0.0433 0.1114
vn 0.9715 -0.1781 -0.1563
vn 0.9219 -0.3853 0.0401
vn 0.9014 -0.4215 0.0988
vn 0.9694 -0.0025 0.2453
vn 0.9826 -0.0453 0.1799
vn 0.9662 -0.1506 0.2090
vn 0.9413 -0.2955 0.1633
vn 0.9653 -0.1766 0.1926
vn 0.9956 0.0420 0.0838
vn 0.8869 -0.4243 -0.1825
vn 0.9904 0.0838 -0.1103
vn 0.9945 0.0398 0.0965
vn 0.8561 0.0089 -0.5167
vn 0.9401 0.1682 -0.2966
vn 0.9871 -0.1470 0.0630
vn 0.8864 -0.4204 0.1937
vn 0.9648 -0.2446 -0.0960
vn 0.8685 -0.4777 0.1328
vn 0.8325 -0.4926 -0.2537
vn 0.8507 -0.3980 -0.3434
vn 0.9869 0.1591 0.0257
vn 0.9969 -0.0349 0.0712
vn 0.9541 0.2780 0.1114
vn 0.8882 -0.3798 0.2586
vn 0.9280 -0.1193 0.3529
vn 0.7820 -0.3705 0.5012
vn 0.8810 0.4666 -0.0779
vn 0.7516 0.3483 -0.5602
vn 0.7900 0.4018 -0.4630
vn 0.8364 0.3173 -0.4470
vn 0.9217 0.3132 0.2288
vn 0.9260 -0.1521 -0.3454
vn 0.8875 -0.0865 -0.4527
vn 0.8994 0.0377 -0.4355
vn 0.9530 0.0872 -0.2901
vn 0.9044 -0.0738 -0.4202
vn 0.9710 -0.1955 0.1377
vn 0.9608 -0.2487 0.1222
vn 0.7539 -0.4750 -0.4540
vn 0.7099 -0.4826 -0.5130
vn 0.7189 -0.4368 -0.5406
vn 0.8780 0.4502 -0.1626
vn 0.8715 0.4130 -0.2645
vn 0.9066 0.3676 -0.2072
vn 0.9551 0.1429 -0.2594
vn 0.9775 0.0805 -0.1951
vn 0.7650 -0.4882 -0.4200
vn 0.7980 -0.4798 -0.3648
vn 0.8011 -0.5054 -0.3208
vn 0.9372 0.2196 -0.2710
vn 0.9121 0.3242 -0.2510
vn 0.8503 0.1245 -0.5113
vn 0.8890 0.1271 -0.4399
vn 0.9179 0.0984 -0.3845
vn 0.9911 -0.0289 0.1298
vn 0.9291 -0.0244 -0.3689
vn 0.8724 -0.2795 -0.4009
vn 0.8842 -0.0414 -0.4653
vn 0.8252 -0.0977 -0.5564
vn 0.8593 0.1210 -0.4969
vn 0.7995 0.2818 -0.5305
vn 0.7981 -0.3847 -0.4638
vn 0.7375 -0.4480 -0.5053
vn 0.7922 -0.4600 -0.4011
vn 0.7915 0.5794 0.1945
vn 0.8828 0.3240 -0.3401
vn 0.8419 0.3904 -0.3726
vn 0.9071 0.1957 -0.3727
vn 0.8205 -0.2421 -0.5179
vn 0.9459 0.0343 -0.3225
vn 0.9009 -0.3595 0.2433
vn 0.8460 -0.3848 0.3690
vn 0.9491 -0.0891 0.3020
vn 0.8451 -0.0211 0.5341
vn 0.8727 0.0476 0.4859
vn 0.8318 0.0136 0.5549
vn 0.9151 -0.2515 0.3152
vn 0.9298 -0.0597 0.3633
vn 0.8459 -0.2159 0.4877
vn 0.8370 -0.1288 0.5318
vn 0.8746 -0.0731 0.4793
vn 0.7799 -0.0495 0.6239
vn 0.7989 -0.1364 0.5858
vn 0.8091 -0.2762 0.5188
vn 0.8709 -0.1964 0.4506
vn 0.9102 -0.0961 0.4028
vn 0.9143 0.0456 0.4024
vn 0.7110 -0.1224 0.6925
vn 0.4067 0.5336 0.7415
vn 0.5824 0.2661 0.7681
vn 0.7212 0.3863 0.5751
vn 0.5103 0.6437 0.5703
vn -0.5817 0.8129 -0.0274
vn -0.5006 0.8654 0.0219
vn 0.7303 0.1521 0.6660
vn 0.0669 0.9529 0.2957
vn -0.1809 0.9709 0.1571
vn 0.1167 0.9586 0.2596
vn -0.4248 0.9039 0.0500
vn 0.8084 -0.4194 -0.4129
vn 0.8545 -0.4175 -0.3090
vn 0.7773 -0.3775 -0.5033
vn 0.8921 0.2208 -0.3942
vn 0.8376 0.1930 -0.5110
vn 0.8171 0.1922 -0.5435
vn 0.8534 0.2036 -0.4798
vn 0.8151 0.2778 -0.5083
vn 0.8919 0.2994 -0.3388
vn 0.9315 0.1533 -0.3300
vn 0.9328 0.2591 -0.2504
vn -0.3882 0.9160 0.1007
vn 0.9489 0.2803 -0.1448
vn 0.9854 -0.0979 -0.1391
vn 0.9744 -0.2248 0.0022
vn 0.9996 -0.0209 -0.0201
vn 0.8219 -0.3243 -0.4683
vn 0.8207 0.4239 -0.3832
vn 0.0335 0.9754 0.2177
vn 0.6448 0.6478 0.4056
vn 0.8243 0.3194 0.4675
vn 0.7331 0.6138 0.2929
vn 0.5303 0.8156 0.2314
vn 0.3840 0.8625 0.3297
vn 0.3418 0.8759 0.3405
vn 0.5897 0.7341 0.3367
vn 0.8554 0.3696 0.3628
vn 0.8998 0.1758 -0.3994
vn 0.2273 0.9203 0.3184
vn 0.2880 0.9153 0.2816
vn 0.3548 0.9009 0.2500
vn 0.9552 0.0895 -0.2821
vn 0.9323 0.1358 -0.3353
vn 0.7829 0.1703 -0.5984
vn 0.7851 0.1579 -0.5989
vn 0.9479 0.0905 -0.3056
vn 0.5110 0.7726 0.3768
vn 0.7396 0.2781 -0.6130
vn 0.8840 0.1651 -0.4373
vn 0.9572 0.1442 -0.2509
vn 0.8894 0.1793 -0.4205
vn 0.8613 0.2445 -0.4454
vn 0.9433 -0.1510 -0.2957
vn 0.7830 0.2564 -0.5667
vn 0.8569 0.0041 -0.5155
vn 0.8338 0.3009 -0.4628
vn 0.8569 0.3049 -0.4156
vn 0.9781 -0.1473 0.1472
vn -0.1617 0.6689 0.7256
vn -0.0964 0.7692 0.6317
vn -0.4435 -0.1944 -0.8749
vn -0.3528 -0.2386 -0.9048
vn -0.3625 -0.1723 -0.9159
vn -0.3876 0.0896 -0.9175
vn -0.4229 0.1016 -0.9005
vn -0.4409 0.0773 -0.8942
vn -0.3904 0.0436 -0.9196
vn -0.3801 0.0614 -0.9229
vn -0.3027 -0.0368 -0.9524
vn -0.3403 -0.1546 -0.9275
vn -0.5909 -0.2454 -0.7685
vn -0.7029 -0.1660 -0.6917
vn -0.6195 -0.2008 -0.7589
vn -0.0547 0.5358 -0.8426
vn 0.0367 0.5206 -0.8530
vn 0.0094 0.4797 -0.8774
vn -0.2944 -0.0888 -0.9515
vn -0.4229 0.0307 -0.9057
vn -0.3810 -0.0977 -0.9194
vn 0.9169 0.2273 -0.3281
vn 0.9498 0.1478 -0.2756
vn -0.9420 -0.1223 -0.3124
vn -0.8676 0.0155 -0.4970
vn -0.9109 -0.0462 -0.4100
vn -0.5010 0.1400 -0.8540
vn 0.6103 0.1810 -0.7712
vn 0.6890 0.1938 -0.6984
vn 0.6612 0.0993 -0.7436
vn -0.4245 0.1696 -0.8894
vn -0.4864 0.0972 -0.8683
vn -0.1858 0.0793 -0.9794
vn -0.0745 -0.0772 -0.9942
vn -0.2341 -0.1331 -0.9631
vn -0.6716 -0.1822 -0.7181
vn -0.6798 -0.2271 -0.6974
vn -0.6273 -0.2262 -0.7452
vn 0.7643 -0.2539 -0.5927
vn -0.2466 0.9006 -0.3579
vn -0.2379 0.9713 -0.0019
vn -0.2966 0.2321 -0.9264
vn -0.4429 0.1802 -0.8783
vn -0.5093 0.1572 -0.8461
vn -0.5065 0.1673 -0.8459
vn -0.5969 -0.1872 -0.7802
vn -0.5849 -0.0922 -0.8059
vn -0.2298 0.8491 -0.4757
vn -0.2456 0.7555 -0.6073
vn -0.2311 0.8229 -0.5191
vn -0.4999 0.0083 -0.8660
vn -0.4549 -0.0866 -0.8863
vn -0.6900 -0.2228 -0.6886
vn -0.4308 0.1544 -0.8892
vn -0.4710 0.1776 -0.8640
vn -0.4271 0.1733 -0.8874
vn -0.6647 0.0760 -0.7432
vn 0.6921 0.1379 -0.7085
vn 0.7151 0.1803 -0.6754
vn 0.6706 0.1833 -0.7188
vn -0.3484 0.1313 -0.9281
vn -0.3141 0.0895 -0.9452
vn -0.2959 0.1905 -0.9360
vn -0.4879 -0.2440 -0.8381
vn -0.3833 -0.2877 -0.8777
vn -0.4462 -0.2677 -0.8539
vn -0.8447 -0.0305 -0.5343
vn 0.4795 0.2111 -0.8517
vn 0.4318 0.2391 -0.8697
vn 0.4108 0.2342 -0.8811
vn -0.6806 -0.1100 -0.7244
vn -0.3540 0.0728 -0.9324
vn -0.2371 -0.2127 -0.9479
vn -0.3822 0.1798 -0.9064
vn -0.4631 0.1576 -0.8722
vn -0.4609 0.1525 -0.8742
vn -0.4533 -0.0937 -0.8864
vn -0.3604 -0.2370 -0.9022
vn -0.3230 -0.2869 -0.9019
vn 0.5448 0.0669 -0.8359
vn 0.6223 0.1094 -0.7751
vn 0.5683 0.1613 -0.8069
vn -0.8797 -0.0542 -0.4724
vn -0.9490 -0.0598 -0.3096
vn -0.8014 0.0025 -0.5981
vn -0.7416 0.0344 -0.6700
vn -0.7717 0.0412 -0.6347
vn 0.6505 -0.2014 -0.7323
vn 0.6850 -0.2679 -0.6775
vn 0.7872 0.3650 -0.4971
vn 0.4487 0.2824 -0.8479
vn 0.5564 0.2324 -0.7978
vn 0.5822 0.2543 -0.7723
vn 0.5116 0.3294 -0.7936
vn 0.9353 0.0465 -0.3507
vn 0.8855 0.0277 -0.4638
vn 0.9659 -0.0125 -0.2586
vn 0.7105 0.4110 -0.5712
vn 0.7478 0.4482 -0.4898
vn -0.3853 0.1992 -0.9010
vn -0.4071 0.2253 -0.8852
vn -0.3276 0.2211 -0.9186
vn 0.7899 -0.0892 -0.6067
vn 0.8151 0.0971 -0.5711
vn 0.5626 0.4621 -0.6856
vn 0.5740 0.4547 -0.6810
vn 0.6085 0.4583 -0.6479
vn 0.5113 0.4688 -0.7203
vn 0.5471 0.4532 -0.7038
vn -0.8078 -0.0073 -0.5894
vn -0.7698 0.0257 -0.6378
vn -0.7395 -0.0490 -0.6713
vn 0.7468 -0.0510 -0.6631
vn 0.6015 0.4298 -0.6734
vn 0.5999 0.3730 -0.7078
vn 0.6837 0.4067 -0.6059
vn 0.8847 0.1511 -0.4409
vn 0.8501 0.1850 -0.4930
vn 0.8204 0.1579 -0.5496
vn -0.4577 0.1304 -0.8795
vn -0.3555 0.1422 -0.9238
vn 0.8302 -0.1344 -0.5411
vn 0.8671 -0.0156 -0.4978
vn 0.8032 0.2290 -0.5500
vn 0.7692 0.1226 -0.6271
vn 0.8006 0.1671 -0.5754
vn 0.7107 0.1776 -0.6807
vn 0.7840 0.2238 -0.5790
vn 0.7559 0.1045 -0.6462
vn 0.7591 0.0794 -0.6461
vn 0.6902 0.0878 -0.7183
vn -0.8192 0.0116 -0.5734
vn -0.0455 0.7232 0.6891
vn 0.6492 -0.3734 -0.6626
vn 0.6446 -0.2523 -0.7217
vn 0.4771 0.4533 -0.7529
vn -0.1622 0.5957 -0.7867
vn -0.1331 0.6693 -0.7310
vn -0.1411 0.4661 -0.8734
vn 0.5870 0.3375 -0.7359
vn -0.1946 0.9492 0.2475
vn -0.1945 0.9460 -0.2593
vn 0.8309 0.0626 -0.5529
vn 0.7840 -0.0519 -0.6186
vn 0.6486 -0.2510 -0.7185
vn 0.6181 -0.1628 -0.7691
vn 0.5516 -0.2219 -0.8041
vn 0.7110 0.0360 -0.7023
vn 0.6353 0.4136 -0.6522
vn 0.6502 0.4566 -0.6073
vn 0.6634 0.3439 -0.6646
vn -0.7684 -0.0832 -0.6346
vn -0.5755 0.1183 -0.8092
vn -0.5816 0.1328 -0.8026
vn 0.6644 0.2782 -0.6937
vn 0.7080 0.2227 -0.6702
vn 0.6836 0.1851 -0.7060
vn 0.7057 0.1894 -0.6828
vn 0.7215 0.1668 -0.6720
vn 0.8620 0.0718 -0.5019
vn 0.7507 0.0410 -0.6594
vn 0.7797 0.1207 -0.6144
vn 0.5913 0.4622 -0.6609
vn 0.5644 0.4104 -0.7163
vn 0.9639 -0.1042 -0.2451
vn 0.9137 -0.0766 -0.3992
vn 0.9378 -0.1904 -0.2903
vn 0.6526 0.4737 -0.5913
vn -0.5345 -0.2308 -0.8130
vn 0.9178 -0.2812 -0.2804
vn 0.9024 -0.1720 -0.3951
vn 0.8607 -0.2918 -0.4172
vn -0.0534 0.6317 0.7734
vn -0.0362 0.8404 0.5407
vn -0.0983 0.7018 0.7056
vn 0.7072 0.1929 -0.6802
vn 0.4851 0.4560 -0.7461
vn -0.9181 -0.0959 -0.3845
vn -0.9659 -0.0909 -0.2424
vn 0.5680 0.1857 -0.8018
vn -0.1307 0.8403 0.5261
vn -0.5639 0.0948 -0.8204
vn -0.5383 0.1068 -0.8360
vn -0.7937 -0.1098 -0.5983
vn -0.8560 -0.2079 -0.4733
vn -0.8281 -0.0544 -0.5580
vn -0.1860 0.8100 -0.5562
vn 0.6140 0.1990 -0.7638
vn 0.5762 0.2215 -0.7867
vn -0.1927 0.7867 -0.5864
vn -0.1969 0.8085 -0.5546
vn 0.8701 0.2290 -0.4365
vn -0.6733 0.0745 -0.7356
vn -0.8225 -0.0189 -0.5684
vn -0.8115 -0.0154 -0.5842
vn -0.5177 -0.1880 -0.8347
vn 0.9896 -0.0946 -0.1087
vn 0.9642 -0.2000 -0.1742
vn 0.7774 0.0875 -0.6229
vn 0.7212 0.1198 -0.6823
vn 0.7232 0.4372 -0.5346
vn -0.2392 -0.2607 -0.9353
vn 0.7019 0.3272 -0.6327
vn -0.5172 -0.1122 -0.8485
vn -0.3544 0.2487 -0.9014
vn -0.4309 0.1448 -0.8907
vn -0.3863 0.2351 -0.8919
vn 0.7224 0.1141 -0.6820
vn 0.7615 0.0088 -0.6481
vn 0.7130 -0.0465 -0.6996
vn 0.7232 0.0431 -0.6893
vn 0.9474 -0.3173 -0.0428
vn 0.6532 0.4441 -0.6133
vn 0.7628 0.0676 -0.6431
vn 0.7817 0.0437 -0.6221
vn -0.1810 0.6048 -0.7755
vn 0.6133 -0.3341 -0.7157
vn -0.1409 0.5483 0.8244
vn -0.9552 -0.1877 -0.2290
vn -0.2820 0.5128 -0.8109
vn -0.1863 0.3843 -0.9042
vn -0.2597 0.2907 -0.9209
vn -0.0807 0.4609 -0.8838
vn -0.0134 0.4029 -0.9152
vn -0.0978 0.3943 -0.9138
vn 0.6424 -0.4511 -0.6195
vn 0.5939 -0.4133 -0.6903
vn 0.6258 0.2320 -0.7446
vn -0.7419 -0.1792 -0.6461
vn -0.8225 -0.2398 -0.5158
vn 0.6118 0.2237 -0.7587
vn -0.0881 0.8443 0.5286
vn 0.5095 0.0205 -0.8602
vn 0.4927 -0.0204 -0.8700
vn 0.3742 -0.0050 -0.9273
vn 0.6987 -0.0996 -0.7084
vn 0.6914 0.1333 -0.7101
vn 0.9162 0.1497 -0.3718
vn 0.6736 -0.0216 -0.7388
vn 0.5832 -0.0358 -0.8115
vn 0.5794 -0.0113 -0.8150
vn 0.7367 0.0420 -0.6749
vn 0.6464 0.2097 -0.7336
vn 0.8361 -0.0451 -0.5467
vn 0.7647 0.0100 -0.6443
vn 0.7759 0.2375 -0.5844
vn 0.7097 -0.1510 -0.6882
vn 0.9756 -0.2187 0.0187
vn 0.5164 0.1949 -0.8339
vn 0.5901 0.2026 -0.7815
vn 0.7386 -0.3312 -0.5872
vn 0.7101 -0.1926 -0.6772
vn 0.6333 -0.3645 -0.6827
vn 0.8095 0.2939 -0.5083
vn 0.7773 0.2428 -0.5804
vn 0.6706 0.2292 -0.7055
vn 0.7522 0.0958 -0.6520
vn 0.9881 0.0058 -0.1536
vn 0.9744 0.0336 -0.2224
vn -0.4745 0.2360 -0.8480
vn -0.1513 0.5665 0.8101
vn -0.4181 0.1542 -0.8952
vn 0.8376 -0.0264 -0.5456
vn -0.5775 0.1260 -0.8066
vn 0.8237 0.0930 -0.5593
vn 0.9014 0.0813 -0.4253
vn 0.8371 0.1670 -0.5209
vn -0.0814 0.5780 0.8119
vn -0.1085 0.5838 0.8046
vn 0.6971 0.1068 -0.7090
vn 0.7858 0.0913 -0.6117
vn 0.7386 0.1701 -0.6523
vn 0.8370 -0.0607 -0.5438
vn 0.8529 -0.0414 -0.5205
vn 0.7663 0.0433 -0.6410
vn 0.7899 0.1178 -0.6018
vn 0.8520 0.0011 -0.5235
vn 0.7634 0.1337 -0.6319
vn 0.7136 0.1574 -0.6827
vn 0.5958 -0.0049 -0.8031
vn 0.6344 0.1338 -0.7613
vn 0.8349 -0.2433 -0.4937
vn -0.2151 0.5407 0.8132
vn 0.6959 0.0181 -0.7179
vn 0.7368 0.0543 -0.6739
vn 0.7221 0.1007 -0.6844
vn 0.8335 0.0882 -0.5454
vn 0.5225 0.0051 -0.8526
vn 0.4997 0.1234 -0.8574
vn 0.4666 -0.0134 -0.8844
vn 0.3971 -0.0115 -0.9177
vn 0.4457 -0.0191 -0.8950
vn 0.6344 0.2058 -0.7451
vn 0.7846 0.0790 -0.6149
vn 0.4128 0.0435 -0.9098
vn 0.6413 -0.0036 -0.7673
vn 0.6425 -0.0473 -0.7649
vn 0.7323 0.0111 -0.6809
vn 0.3221 0.0850 -0.9429
vn 0.2788 0.0219 -0.9601
vn -0.6017 0.0979 -0.7927
vn -0.7752 0.0065 -0.6317
vn 0.7588 -0.0698 -0.6476
vn 0.6474 0.0256 -0.7617
vn 0.5964 0.0465 -0.8013
vn 0.7385 0.1423 -0.6591
vn 0.6630 0.0862 -0.7437
vn -0.6588 0.0070 -0.7523
vn -0.6792 -0.1194 -0.7242
vn 0.4877 -0.1496 -0.8601
vn -0.1288 0.6799 0.7219
vn -0.1374 0.5735 0.8076
vn -0.1108 0.6262 0.7717
vn -0.5547 0.1232 -0.8229
vn -0.5268 0.0383 -0.8491
vn 0.7773 -0.0279 -0.6285
vn 0.8493 0.0283 -0.5271
vn 0.4822 -0.3931 -0.7829
vn -0.6899 0.0747 -0.7200
vn 0.5732 -0.0294 -0.8189
vn -0.4605 0.1957 -0.8658
vn 0.4890 -0.3065 -0.8167
vn 0.7401 -0.0319 -0.6717
vn 0.6589 -0.0683 -0.7491
vn 0.8035 -0.0631 -0.5919
vn 0.7022 0.0456 -0.7105
vn -0.3511 0.0461 -0.9352
vn -0.3246 0.0615 -0.9439
vn -0.2967 0.0510 -0.9536
vn -0.2562 0.0802 -0.9633
vn -0.1826 0.6226 0.7609
vn 0.9565 0.0708 -0.2831
vn -0.2924 0.0913 -0.9519
vn -0.2763 0.0410 -0.9602
vn -0.3349 0.0257 -0.9419
vn -0.8492 -0.0250 -0.5274
vn 0.7194 -0.0094 -0.6945
vn -0.2986 0.0307 -0.9539
vn -0.2487 0.1191 -0.9612
vn -0.2215 0.1462 -0.9641
vn 0.8945 0.1474 -0.4220
vn -0.2495 0.0457 -0.9673
vn 0.5535 -0.0463 -0.8316
vn -0.2775 0.1743 -0.9448
vn -0.2875 0.0746 -0.9549
vn 0.7728 -0.0097 -0.6346
vn 0.0852 0.7292 -0.6790
vn 0.1432 0.9489 -0.2812
vn 0.2668 0.8385 -0.4751
vn -0.3414 0.0398 -0.9391
vn 0.2101 0.9682 -0.1360
vn 0.2314 0.9573 -0.1735
vn 0.2781 0.9442 -0.1764
vn -0.1217 0.8447 -0.5212
vn 0.0043 0.6117 -0.7911
vn 0.1364 0.9876 -0.0783
vn 0.3936 0.7785 -0.4889
vn 0.3910 0.6475 -0.6541
vn 0.3661 0.7721 -0.5194
vn -0.2778 0.1481 -0.9491
vn -0.1872 0.0705 -0.9798
vn 0.6621 -0.0730 -0.7458
vn 0.4906 0.2012 -0.8478
vn 0.4220 0.1942 -0.8856
vn 0.5887 -0.1038 -0.8016
vn -0.2015 0.4446 -0.8728
vn 0.5772 -0.0618 -0.8143
vn 0.5371 -0.1069 -0.8367
vn 0.6761 -0.1677 -0.7175
vn 0.6102 -0.1725 -0.7733
vn 0.5085 -0.3551 -0.7844
vn 0.5633 -0.1607 -0.8105
vn 0.5386 -0.1128 -0.8350
vn 0.4348 -0.2465 -0.8661
vn 0.4497 -0.2302 -0.8630
vn 0.4857 -0.2500 -0.8376
vn 0.5176 -0.1757 -0.8374
vn 0.6052 -0.1967 -0.7714
vn 0.5565 -0.3524 -0.7524
vn 0.5743 -0.2858 -0.7672
vn 0.7036 -0.0331 -0.7098
vn 0.3678 -0.3368 -0.8668
vn 0.6015 0.0941 -0.7933
vn -0.1212 0.6766 0.7263
vn -0.0585 0.8758 0.4791
vn 0.4593 -0.0567 -0.8865
vn 0.3573 0.0122 -0.9339
vn 0.5856 0.0553 -0.8087
vn 0.6399 0.1037 -0.7614
vn -0.0836 0.9591 0.2704
vn 0.0336 0.9726 0.2301
vn 0.0391 0.9990 0.0210
vn 0.6315 0.1818 -0.7538
vn 0.5877 0.1293 -0.7987
vn 0.4860 0.0302 -0.8734
vn 0.8049 -0.1653 -0.5699
vn 0.6681 0.2674 -0.6944
vn 0.8586 -0.0257 -0.5120
vn 0.1362 0.9751 -0.1751
vn 0.1797 0.5475 -0.8173
vn -0.3912 0.1409 -0.9094
vn 0.8202 -0.0057 -0.5720
vn 0.8624 -0.1227 -0.4912
vn -0.5031 0.1323 -0.8540
vn 0.0478 0.9872 0.1522
vn 0.4806 0.0529 -0.8753
vn 0.6669 -0.4619 -0.5847
vn -0.3188 0.1860 -0.9294
vn -0.3657 0.2461 -0.8976
vn 0.1485 0.9769 -0.1538
vn 0.1361 0.9859 -0.0975
vn 0.4771 0.5725 -0.6668
vn 0.4823 0.4280 -0.7643
vn 0.6212 0.3109 -0.7193
vn 0.5777 0.2368 -0.7811
vn 0.2669 0.9313 -0.2480
vn 0.2182 0.9274 -0.3037
vn 0.6849 -0.4138 -0.5997
vn 0.2904 0.8992 -0.3274
vn 0.5379 -0.0810 -0.8391
vn -0.1695 0.9702 0.1731
vn -0.2004 0.8646 -0.4608
vn 0.1619 0.9844 -0.0691
vn -0.2234 0.6017 -0.7668
vn 0.3402 0.9143 -0.2197
vn 0.5966 0.6457 -0.4766
vn -0.1218 0.9906 -0.0627
vn -0.0356 0.9824 -0.1834
vn -0.1611 -0.2054 -0.9653
vn 0.5885 0.3699 -0.7189
vn -0.1087 0.3050 -0.9461
vn -0.1120 0.4558 -0.8830
vn -0.1703 0.7164 0.6766
vn -0.1858 0.9188 -0.3483
vn 0.3636 0.6697 -0.6475
vn -0.9570 -0.2401 -0.1627
vn 0.3150 0.4145 -0.8538
vn -0.5681 -0.1314 -0.8124
vn 0.4126 0.2203 -0.8839
vn 0.3999 0.0979 -0.9113
vn -0.2619 -0.2965 -0.9184
vn -0.1922 0.2213 -0.9561
vn -0.0608 0.3139 -0.9475
vn 0.1060 0.8381 -0.5351
vn 0.0656 0.5269 -0.8474
vn 0.0978 0.8096 -0.5787
vn -0.2178 0.9493 -0.2265
vn 0.1064 0.2955 -0.9494
vn 0.0231 0.2890 -0.9571
vn -0.1209 0.5026 -0.8560
vn -0.1397 0.4269 -0.8934
vn 0.2367 0.1398 -0.9615
vn 0.3681 0.0365 -0.9291
vn 0.8052 0.0849 -0.5869
vn 0.4785 0.4108 -0.7761
vn 0.3821 0.3912 -0.8372
vn 0.3614 0.4641 -0.8087
vn 0.2542 0.0039 -0.9671
vn 0.1989 0.0232 -0.9798
vn -0.4200 0.1248 -0.8989
vn -0.3653 0.1825 -0.9128
vn 0.2101 0.0788 -0.9745
vn 0.2526 0.0393 -0.9668
vn 0.5276 0.0577 -0.8475
vn 0.5788 0.1898 -0.7931
vn 0.1080 -0.1302 -0.9856
vn 0.0255 -0.0059 -0.9997
vn -0.0043 -0.0944 -0.9955
vn 0.0285 0.3094 -0.9505
vn -0.0141 0.2651 -0.9641
vn 0.0057 0.2252 -0.9743
vn 0.5538 0.1635 -0.8165
vn 0.5152 0.1407 -0.8454
vn 0.2203 0.2633 -0.9392
vn 0.2541 0.2860 -0.9239
vn 0.1420 0.2900 -0.9464
vn 0.6437 0.1573 -0.7489
vn -0.1339 0.4617 -0.8769
vn -0.2136 0.4190 -0.8825
vn -0.1472 0.3749 -0.9153
vn 0.0142 0.0410 -0.9991
vn -0.0836 0.0908 -0.9924
vn -0.1254 0.0571 -0.9905
vn 0.4455 0.1312 -0.8856
vn 0.4198 0.2006 -0.8852
vn -0.1740 0.1036 -0.9793
vn -0.0881 0.4387 -0.8943
vn 0.4071 0.3420 -0.8470
vn 0.5068 0.2863 -0.8131
vn 0.5121 0.3488 -0.7849
vn 0.0462 0.2207 -0.9743
vn 0.1459 0.2131 -0.9661
vn 0.0860 0.0016 -0.9963
vn 0.5889 0.2846 -0.7565
vn -0.2867 0.1528 -0.9457
vn -0.1867 -0.2983 -0.9360
vn -0.4027 0.2275 -0.8866
vn -0.2897 0.1837 -0.9393
vn -0.3716 0.2945 -0.8804
vn -0.0544 0.1183 -0.9915
vn -0.0941 0.3040 -0.9480
vn -0.0335 0.2775 -0.9601
vn -0.1233 0.5241 -0.8427
vn -0.0747 0.3486 -0.9343
vn -0.0094 0.3305 -0.9438
vn 0.0382 0.3720 -0.9275
vn 0.2365 0.3060 -0.9222
vn 0.0424 0.3385 -0.9400
vn 0.1876 0.3742 -0.9082
vn 0.6823 0.2362 -0.6919
vn 0.6690 0.2747 -0.6906
vn 0.1051 -0.2798 -0.9543
vn 0.1745 -0.3432 -0.9229
vn 0.2001 -0.2773 -0.9397
vn -0.1531 0.3187 -0.9354
vn -0.0838 0.3496 -0.9332
vn 0.4808 -0.1120 -0.8696
vn 0.4609 -0.1287 -0.8781
vn 0.5314 0.4262 -0.7321
vn 0.1048 0.4938 -0.8633
vn 0.1287 0.5030 -0.8547
vn 0.1089 0.2521 -0.9616
vn 0.0214 0.2893 -0.9570
vn 0.0033 0.2155 -0.9765
vn 0.4601 -0.1302 -0.8782
vn 0.4339 -0.1595 -0.8867
vn 0.4733 -0.0078 -0.8809
vn 0.5493 0.2043 -0.8103
vn 0.6279 0.2399 -0.7405
vn 0.3870 0.2929 -0.8743
vn -0.1088 -0.2407 -0.9645
vn -0.1185 0.3176 -0.9408
vn -0.2919 0.3538 -0.8886
vn 0.1034 0.3162 -0.9430
vn 0.0235 0.3216 -0.9466
vn 0.0891 0.3024 -0.9490
vn 0.0652 0.4079 -0.9107
vn 0.0429 0.0797 -0.9959
vn 0.0201 0.1374 -0.9903
vn -0.0116 0.0848 -0.9963
vn 0.1466 0.0702 -0.9867
vn 0.0131 0.0624 -0.9980
vn -0.1429 0.0809 -0.9864
vn 0.0818 0.1690 -0.9822
vn -0.0674 0.1540 -0.9858
vn -0.2915 0.2389 -0.9263
vn -0.2316 0.2107 -0.9497
vn -0.1971 0.1990 -0.9600
vn -0.1726 0.1831 -0.9678
vn -0.1769 0.1646 -0.9704
vn -0.4830 0.3180 -0.8158
vn 0.4493 -0.0408 -0.8924
vn 0.5552 0.0335 -0.8310
vn -0.1471 0.5281 -0.8363
vn -0.1440 0.5677 -0.8106
vn -0.1362 0.2445 -0.9600
vn 0.5118 0.3827 -0.7692
vn 0.5293 0.3611 -0.7677
vn -0.2022 0.1293 -0.9708
vn -0.2665 0.1404 -0.9536
vn 0.2288 -0.2052 -0.9516
vn 0.3161 -0.1890 -0.9297
vn 0.2338 -0.2760 -0.9323
vn 0.5810 0.1460 -0.8007
vn 0.2982 -0.3090 -0.9031
vn 0.4117 -0.2135 -0.8860
vn 0.3372 -0.2394 -0.9105
vn -0.1011 -0.3094 -0.9455
vn -0.0212 -0.2309 -0.9727
vn -0.2072 0.2498 -0.9459
vn 0.0407 0.3301 -0.9431
vn 0.1958 -0.1646 -0.9667
vn 0.3165 -0.1594 -0.9351
vn 0.2540 0.0130 -0.9671
vn 0.3276 0.4288 -0.8419
vn 0.2515 0.4363 -0.8639
vn 0.2122 0.4113 -0.8865
vn -0.1473 0.3566 -0.9226
vn -0.1945 0.3306 -0.9235
vn 0.3855 -0.1853 -0.9039
vn 0.3667 -0.0673 -0.9279
vn 0.4225 -0.0513 -0.9049
vn 0.2718 0.2801 -0.9207
vn 0.3052 0.3626 -0.8805
vn 0.2528 0.2620 -0.9314
vn 0.2068 0.4841 -0.8502
vn 0.2521 0.4239 -0.8699
vn 0.1611 0.4430 -0.8820
vn -0.1370 -0.3173 -0.9384
vn -0.0073 -0.3323 -0.9432
vn 0.3868 0.3082 -0.8691
vn 0.3381 0.2618 -0.9040
vn 0.2437 -0.0170 -0.9697
vn 0.1644 -0.1322 -0.9775
vn -0.4085 0.1556 -0.8994
vn -0.1326 0.1800 -0.9747
vn -0.1509 0.2584 -0.9542
vn -0.0356 0.1225 -0.9918
vn -0.0897 0.1720 -0.9810
vn -0.1069 0.1167 -0.9874
vn 0.6017 0.1185 -0.7899
vn 0.4867 0.1353 -0.8630
vn 0.4731 0.4123 -0.7786
vn 0.4349 0.4475 -0.7814
vn 0.0845 0.3253 -0.9418
vn 0.2779 0.3202 -0.9057
vn 0.1586 0.3224 -0.9332
vn 0.3370 0.2389 -0.9107
vn 0.3358 0.2555 -0.9066
vn 0.3990 0.2350 -0.8863
vn -0.1153 -0.1354 -0.9841
vn 0.1790 0.2763 -0.9443
vn 0.2073 0.3458 -0.9151
vn 0.0743 0.3334 -0.9399
vn 0.2307 0.3587 -0.9045
vn 0.0149 0.2405 -0.9705
vn 0.0235 0.3407 -0.9399
vn 0.0651 0.3237 -0.9439
vn 0.2756 0.2674 -0.9233
vn 0.0056 -0.2453 -0.9694
vn -0.0389 -0.0979 -0.9944
vn 0.0530 -0.1168 -0.9917
vn 0.2766 -0.0423 -0.9601
vn 0.1716 -0.0360 -0.9845
vn -0.1606 0.1549 -0.9748
vn 0.1656 0.4473 -0.8789
vn 0.0573 0.1584 -0.9857
vn 0.5647 0.3646 -0.7404
vn 0.4907 0.3773 -0.7854
vn -0.0486 0.3844 -0.9219
vn -0.0743 0.3272 -0.9420
vn 0.4329 -0.1286 -0.8922
vn -0.1025 -0.2485 -0.9632
vn 0.2356 -0.1383 -0.9620
vn 0.3380 0.0005 -0.9411
vn -0.1059 0.3366 -0.9357
vn 0.2890 0.4558 -0.8419
vn -0.0808 0.0689 -0.9943
vn -0.0846 0.1525 -0.9847
vn 0.4519 0.0676 -0.8895
vn 0.4292 0.0534 -0.9016
vn 0.4234 0.2691 -0.8651
vn 0.2575 0.2695 -0.9280
vn 0.1496 0.3314 -0.9316
vn 0.1761 0.2280 -0.9576
vn 0.3284 0.2479 -0.9114
vn 0.3012 0.1254 -0.9453
vn 0.3372 0.1954 -0.9209
vn 0.3714 0.1495 -0.9164
vn 0.0670 0.1171 -0.9909
vn 0.2588 0.1727 -0.9504
vn 0.1209 0.1768 -0.9768
vn 0.3877 -0.0437 -0.9208
vn 0.3892 0.4798 -0.7863
vn -0.1776 0.5009 -0.8471
vn 0.2517 0.3052 -0.9184
vn 0.3192 0.2342 -0.9183
vn -0.0670 0.3993 -0.9144
vn 0.1518 0.3659 -0.9182
vn -0.1557 0.1286 -0.9794
vn 0.0887 0.4057 -0.9097
vn 0.0721 0.4703 -0.8795
vn -0.0174 0.4385 -0.8986
vn -0.0800 0.3153 -0.9456
vn -0.1939 0.1504 -0.9694
vn -0.2834 0.2053 -0.9367
vn 0.4340 0.1484 -0.8886
vn 0.4604 0.2071 -0.8632
vn 0.4144 0.1974 -0.8884
vn -0.0124 0.4905 -0.8714
vn 0.2121 0.0530 -0.9758
vn 0.1890 0.0042 -0.9820
vn 0.1325 0.0122 -0.9911
vn 0.2294 0.0017 -0.9733
vn 0.2149 0.2244 -0.9505
vn 0.2741 0.2896 -0.9171
vn -0.2599 0.3262 -0.9089
vn 0.1014 -0.3311 -0.9381
vn 0.1493 -0.2373 -0.9599
vn 0.3408 0.0767 -0.9370
vn -0.0786 0.2908 -0.9535
vn -0.0669 0.3571 -0.9317
vn 0.2019 0.4071 -0.8908
vn 0.2276 -0.3302 -0.9161
vn -0.1904 0.2258 -0.9554
vn -0.2264 0.1847 -0.9564
vn -0.2698 0.2079 -0.9402
vn 0.1007 -0.3407 -0.9348
vn 0.6533 0.3285 -0.6821
vn -0.1177 0.2421 -0.9631
vn -0.0036 0.0524 -0.9986
vn 0.5517 0.2545 -0.7942
vn -0.3062 0.0693 -0.9494
vn -0.1372 -0.0282 -0.9901
vn 0.4806 0.2724 -0.8336
vn -0.0658 0.2599 -0.9634
vn -0.2900 0.2181 -0.9318
vn -0.2180 0.2103 -0.9530
vn 0.4022 -0.1448 -0.9040
vn 0.3696 0.1717 -0.9132
vn 0.1138 0.0406 -0.9927
vn 0.0298 0.0309 -0.9991
vn 0.2626 0.2086 -0.9421
vn 0.2727 0.1120 -0.9556
vn 0.2949 0.3938 -0.8706
vn -0.1645 0.3104 -0.9363
vn -0.2434 0.2870 -0.9265
vn 0.3892 -0.1175 -0.9136
vn -0.2390 0.4867 -0.8402
vn 0.3245 0.4728 -0.8193
vn 0.3728 0.4261 -0.8243
vn 0.2549 0.2759 -0.9268
vn 0.4504 0.1140 -0.8855
vn 0.2759 0.4845 -0.8302
vn 0.1808 0.5023 -0.8456
vn 0.2426 0.1795 -0.9534
vn 0.2101 0.4895 -0.8463
vn 0.1127 0.2838 -0.9522
vn 0.4143 0.4007 -0.8172
vn -0.2456 0.3027 -0.9209
vn -0.0394 -0.3243 -0.9451
vn 0.0112 0.2864 -0.9580
vn -0.0254 0.3748 -0.9268
vn -0.1236 0.3116 -0.9421
vn 0.9108 0.1679 -0.3772
vn 0.8654 0.3671 -0.3410
vn 0.9254 0.2284 -0.3023
vn 0.7004 -0.0075 -0.7137
vn 0.6122 0.1464 -0.7770
vn 0.6216 -0.0511 -0.7817
vn 0.7700 0.5373 -0.3441
vn 0.7303 0.5326 -0.4277
vn 0.7994 0.5002 -0.3328
vn 0.8259 0.5070 -0.2466
vn 0.4010 0.4377 -0.8047
vn 0.4780 0.4403 -0.7600
vn 0.4014 0.5465 -0.7350
vn 0.0399 0.6714 -0.7401
vn 0.0989 0.6437 -0.7589
vn -0.0272 0.6398 -0.7681
vn 0.4705 0.5555 -0.6856
vn 0.8398 0.2987 -0.4533
vn 0.8967 0.2014 -0.3941
vn 0.8627 0.1818 -0.4718
vn 0.9427 0.1514 -0.2974
vn 0.9633 -0.0099 -0.2682
vn 0.9434 0.0107 -0.3314
vn 0.4941 0.5856 -0.6425
vn 0.5682 0.5714 -0.5921
vn 0.5094 0.5895 -0.6269
vn 0.9929 0.1104 0.0451
vn 0.9834 -0.1710 0.0607
vn 0.9996 -0.0238 -0.0124
vn 0.8333 0.5223 -0.1811
vn 0.8230 0.4157 -0.3872
vn -0.0887 0.6421 -0.7615
vn -0.0510 0.6566 -0.7525
vn 0.6409 0.5702 -0.5139
vn 0.6735 0.5186 -0.5268
vn 0.6105 0.4967 -0.6170
vn 0.8031 0.4945 -0.3323
vn 0.8488 0.4705 -0.2411
vn 0.7234 0.5233 -0.4503
vn 0.8758 0.4779 -0.0671
vn 0.8972 0.4409 -0.0250
vn 0.4600 0.6167 -0.6388
vn 0.3078 0.6094 -0.7307
vn 0.4038 0.6092 -0.6825
vn 0.3870 -0.2333 -0.8921
vn 0.3973 0.6311 -0.6662
vn 0.3449 0.7238 -0.5977
vn 0.4313 -0.2405 -0.8695
vn 0.4298 0.1252 -0.8942
vn 0.4897 0.0207 -0.8717
vn 0.3879 0.0199 -0.9215
vn 0.6488 -0.0632 -0.7584
vn -0.0438 -0.2654 -0.9631
vn -0.0392 0.6075 -0.7933
vn 0.0449 -0.2579 -0.9651
vn 0.0251 0.1589 -0.9870
vn 0.0820 0.1283 -0.9883
vn 0.0336 0.1796 -0.9832
vn 0.9455 0.0213 -0.3249
vn 0.9027 -0.1692 -0.3957
vn 0.9057 -0.2202 -0.3623
vn 0.9173 0.0980 -0.3860
vn 0.4173 0.5829 -0.6972
vn 0.7766 0.4471 -0.4438
vn 0.8835 0.0282 -0.4675
vn 0.8918 -0.1157 -0.4374
vn 0.8780 -0.1514 -0.4540
vn 0.9412 0.0609 0.3323
vn 0.2980 0.3218 -0.8987
vn 0.2600 0.0821 -0.9621
vn 0.2242 0.3762 -0.8990
vn 0.8426 0.5112 -0.1695
vn 0.3524 -0.0061 -0.9358
vn 0.3353 0.1572 -0.9289
vn 0.2530 0.0539 -0.9660
vn 0.1772 0.8554 -0.4867
vn 0.1698 0.6256 -0.7614
vn 0.9894 -0.0952 -0.1100
vn 0.9521 -0.1949 -0.2356
vn 0.1271 0.3944 -0.9101
vn 0.4822 0.1139 -0.8686
vn 0.4618 0.3364 -0.8207
vn 0.3599 -0.5072 -0.7831
vn 0.5314 0.2276 -0.8160
vn 0.4995 -0.4810 -0.7205
vn 0.9540 0.0560 0.2947
vn 0.9724 0.1241 0.1975
vn 0.8890 0.2436 -0.3878
vn 0.9268 0.2319 -0.2954
vn 0.9242 0.1886 -0.3320
vn -0.1416 0.4201 -0.8964
vn 0.9504 0.2481 -0.1874
vn 0.9805 0.1479 -0.1294
vn 0.9418 0.2612 -0.2116
vn 0.3581 0.0824 -0.9300
vn 0.2639 0.0351 -0.9639
vn 0.2323 0.0798 -0.9694
vn 0.6296 -0.0118 -0.7768
vn 0.6534 0.1242 -0.7468
vn 0.6994 0.0387 -0.7137
vn 0.7071 0.4089 -0.5769
vn -0.0757 0.2692 -0.9601
vn -0.0883 0.3501 -0.9325
vn -0.1244 0.2790 -0.9522
vn 0.3198 0.8328 -0.4519
vn 0.5397 -0.1100 -0.8346
vn 0.2383 0.5002 -0.8325
vn 0.1864 0.8792 -0.4385
vn 0.2069 0.7313 -0.6499
vn 0.4369 0.4225 -0.7941
vn -0.0785 0.6231 -0.7782
vn -0.0783 0.6438 -0.7612
vn -0.0964 0.5862 -0.8044
vn -0.1505 0.5534 -0.8192
vn 0.9673 -0.2496 -0.0451
vn 0.7228 0.0861 -0.6857
vn 0.7095 0.0757 -0.7006
vn 0.7464 0.0417 -0.6642
vn 0.8619 0.4835 -0.1528
vn 0.8938 0.4153 -0.1693
vn 0.9298 0.0368 -0.3663
vn 0.9432 0.0207 -0.3317
vn 0.9223 -0.1458 -0.3580
vn 0.3265 0.0183 -0.9450
vn 0.4206 -0.0144 -0.9071
vn 0.8492 0.5147 -0.1179
vn 0.8566 -0.2008 -0.4753
vn 0.8533 -0.1389 -0.5026
vn 0.9955 -0.0499 0.0807
vn 0.9862 -0.0960 0.1349
vn 0.9824 -0.1825 0.0396
vn 0.0204 0.6471 -0.7621
vn 0.0199 0.6658 -0.7459
vn -0.0644 0.5588 -0.8268
vn 0.5719 0.4561 -0.6818
vn 0.6357 0.3234 -0.7009
vn -0.1868 0.3627 -0.9130
vn -0.1884 0.2708 -0.9440
vn -0.0314 0.2028 -0.9787
vn 0.7049 -0.4785 -0.5235
vn 0.6993 0.5335 -0.4757
vn 0.8475 0.3046 -0.4347
vn 0.7439 -0.4796 -0.4653
vn 0.2668 0.6392 -0.7213
vn 0.1680 0.6197 -0.7667
vn 0.9677 -0.2348 -0.0923
vn 0.9534 -0.3000 0.0308
vn 0.2940 0.5135 -0.8062
vn 0.2109 0.4470 -0.8693
vn 0.3279 0.3762 -0.8666
vn -0.1279 0.4768 -0.8697
vn -0.0572 0.4844 -0.8730
vn -0.1732 0.1371 -0.9753
vn -0.2442 0.1483 -0.9583
vn -0.2157 0.2469 -0.9447
vn 0.4487 0.2790 -0.8490
vn 0.4565 0.1442 -0.8780
vn 0.7362 0.1803 -0.6523
vn 0.1829 0.5638 -0.8054
vn 0.1739 0.4476 -0.8772
vn 0.1039 0.5458 -0.8314
vn -0.1249 0.1172 -0.9852
vn 0.0845 0.3134 -0.9459
vn 0.0679 0.1893 -0.9796
vn -0.0315 0.2806 -0.9593
vn 0.4961 0.3984 -0.7715
vn 0.4727 0.5246 -0.7081
vn 0.9191 -0.2771 -0.2802
vn 0.9715 0.0105 -0.2367
vn 0.4222 0.2905 -0.8587
vn 0.4369 0.0525 -0.8980
vn 0.4345 0.4352 -0.7886
vn -0.2582 0.3214 -0.9111
vn -0.2659 0.3086 -0.9133
vn -0.2134 0.3726 -0.9031
vn 0.8995 0.3536 -0.2565
vn 0.2002 0.0698 -0.9773
vn 0.9780 -0.0676 -0.1972
vn 0.9840 -0.1756 -0.0317
vn 0.8006 0.3201 -0.5065
vn -0.2155 0.1568 -0.9638
vn -0.1094 0.5087 -0.8540
vn -0.0653 0.5675 -0.8208
vn 0.1040 0.2914 -0.9509
vn 0.0010 0.2126 -0.9771
vn 0.1209 0.1227 -0.9851
vn 0.0355 0.4292 -0.9025
vn 0.0223 0.5809 -0.8137
vn 0.2100 0.3590 -0.9094
vn 0.1854 0.1626 -0.9691
vn 0.9018 0.4287 0.0539
vn 0.5228 0.3204 -0.7899
vn 0.5179 0.2108 -0.8291
vn 0.5496 0.0744 -0.8321
vn 0.5713 0.2832 -0.7703
vn 0.6274 0.1504 -0.7640
vn 0.2955 0.1619 -0.9415
vn 0.1974 0.1763 -0.9643
vn 0.2487 0.3402 -0.9069
vn 0.6165 0.3240 -0.7176
vn 0.6002 0.4363 -0.6704
vn 0.5464 0.4650 -0.6966
vn 0.3509 0.6081 -0.7121
vn -0.1550 0.4280 -0.8904
vn -0.0718 0.5605 -0.8250
vn -0.1933 0.4244 -0.8846
vn 0.8850 -0.2077 -0.4168
vn 0.5164 0.1284 -0.8467
vn -0.0139 -0.2998 -0.9539
vn 0.0529 0.5236 -0.8503
vn -0.0800 -0.3528 -0.9323
vn 0.9307 -0.3160 -0.1840
vn 0.9786 -0.0791 -0.1899
vn 0.9561 -0.1418 -0.2564
vn 0.7436 -0.1063 -0.6602
vn 0.7811 -0.1460 -0.6071
vn -0.0098 0.4160 -0.9093
vn -0.2191 0.4041 -0.8881
vn -0.1918 0.3644 -0.9113
vn 0.7451 0.2060 -0.6343
vn 0.1612 0.0722 -0.9843
vn 0.1466 0.0684 -0.9868
vn -0.3307 0.2504 -0.9099
vn -0.3299 0.3742 -0.8667
vn -0.2701 0.3323 -0.9037
vn 0.8740 0.2025 -0.4418
vn 0.8250 0.1314 -0.5497
vn 0.9567 0.2908 -0.0103
vn 0.1727 0.3220 -0.9309
vn 0.9337 0.3458 0.0925
vn 0.3752 0.0525 -0.9255
vn 0.8080 -0.1782 -0.5616
vn 0.7798 -0.2130 -0.5887
vn 0.8061 -0.2224 -0.5484
vn 0.0330 0.5182 -0.8546
vn -0.2747 0.6462 -0.7120
vn -0.3994 0.4329 -0.8081
vn -0.2623 0.5370 -0.8018
vn -0.2361 0.6948 -0.6793
vn -0.1455 0.7090 -0.6900
vn 0.5543 -0.0160 -0.8322
vn 0.6451 0.0486 -0.7625
vn 0.5350 0.1860 -0.8241
vn 0.4195 0.4559 -0.7850
vn 0.3541 0.5307 -0.7701
vn 0.1138 0.5375 -0.8356
vn 0.0472 0.8744 -0.4828
vn 0.6302 -0.7621 0.1484
vn 0.5754 -0.8059 0.1393
vn 0.9152 -0.1635 0.3683
vn -0.2102 0.2300 -0.9502
vn -0.2967 0.2700 -0.9160
vn -0.2602 0.2593 -0.9301
vn 0.7969 0.3081 -0.5196
vn 0.1170 0.2788 -0.9532
vn 0.1880 0.1846 -0.9647
vn 0.0894 0.1566 -0.9836
vn 0.9407 0.1642 -0.2968
vn 0.4550 0.3591 -0.8149
vn 0.3843 0.3327 -0.8612
vn 0.4790 0.2950 -0.8268
vn 0.9009 0.4187 -0.1145
vn 0.7649 0.3348 -0.5503
vn 0.7375 0.2299 -0.6350
vn 0.8172 0.1873 -0.5451
vn 0.1302 0.5237 -0.8419
vn 0.0884 0.4334 -0.8969
vn -0.3675 0.1209 -0.9221
vn -0.3263 0.1307 -0.9362
vn -0.3877 0.1772 -0.9046
vn 0.9960 0.0497 0.0742
vn 0.9987 -0.0477 0.0194
vn 0.6529 0.2747 -0.7059
vn 0.6953 0.1694 -0.6985
vn 0.6996 0.2913 -0.6524
vn 0.2561 0.5133 -0.8191
vn 0.4920 0.2385 -0.8373
vn 0.9300 0.2804 -0.2377
vn -0.1373 0.4231 -0.8956
vn 0.9814 0.0543 -0.1842
vn 0.8150 -0.2053 -0.5418
vn 0.8650 0.0103 -0.5016
vn 0.0428 0.3196 -0.9466
vn 0.0892 0.3293 -0.9400
vn 0.0861 0.4694 -0.8788
vn 0.6470 0.1306 -0.7512
vn -0.0978 -0.2744 -0.9566
vn 0.7592 0.0458 -0.6492
vn -0.3860 0.3391 -0.8579
vn -0.0179 0.0380 -0.9991
vn 0.0468 0.0786 -0.9958
vn 0.0745 0.0644 -0.9951
vn -0.1987 0.3009 -0.9327
vn 0.4153 -0.0372 -0.9089
vn 0.4781 -0.0552 -0.8766
vn 0.4786 -0.0502 -0.8766
vn 0.8669 -0.1544 -0.4740
vn 0.6124 -0.6958 -0.3753
vn 0.9372 -0.1128 -0.3300
vn 0.6158 -0.7483 -0.2466
vn -0.4040 0.3388 -0.8497
vn -0.3186 0.3361 -0.8863
vn 0.4794 0.0144 -0.8775
vn 0.3866 -0.0380 -0.9215
vn 0.3126 0.2201 -0.9240
vn 0.3453 -0.1323 -0.9291
vn 0.8142 -0.0068 -0.5806
vn 0.7975 0.1224 -0.5907
vn 0.8637 0.0089 -0.5039
vn 0.9117 0.3768 -0.1636
vn 0.9749 0.1424 -0.1709
vn 0.8244 -0.0455 -0.5642
vn 0.9405 0.1117 -0.3209
vn 0.7631 0.4272 -0.4850
vn 0.5713 0.3004 -0.7638
vn 0.5840 0.3088 -0.7508
vn 0.5289 0.3143 -0.7884
vn 0.6030 0.4861 -0.6325
vn -0.1841 0.4568 -0.8703
vn 0.3893 0.3405 -0.8559
vn 0.4841 0.0446 -0.8739
vn 0.9561 0.2649 0.1256
vn 0.0278 0.6147 -0.7883
vn 0.1969 0.5855 -0.7864
vn 0.8020 0.0631 -0.5940
vn 0.8097 0.2725 -0.5197
vn 0.0366 0.2625 -0.9642
vn 0.9133 0.3540 -0.2013
vn 0.9466 0.2368 -0.2188
vn 0.9447 0.2871 -0.1586
vn 0.8185 -0.0519 -0.5721
vn -0.1263 -0.1581 -0.9793
vn -0.1872 -0.0855 -0.9786
vn 0.3410 0.3859 -0.8572
vn -0.1569 0.4359 -0.8862
vn 0.5638 -0.0261 -0.8255
vn 0.5577 -0.0816 -0.8260
vn 0.4686 0.5335 -0.7041
vn 0.0198 0.1556 -0.9876
vn -0.0644 0.0865 -0.9942
vn 0.9148 -0.2718 -0.2987
vn 0.9296 -0.3473 -0.1232
vn 0.9531 0.0262 -0.3016
vn 0.9712 0.2097 -0.1132
vn 0.9771 0.1587 -0.1415
vn -0.0747 0.5674 -0.8200
vn -0.2848 0.4461 -0.8485
vn 0.3138 0.1569 -0.9365
vn 0.5944 0.3101 -0.7420
vn -0.2475 0.3049 -0.9197
vn 0.3228 0.3574 -0.8764
vn 0.2080 0.3356 -0.9187
vn -0.0804 0.5852 -0.8069
vn -0.1284 0.3376 -0.9325
vn -0.1815 0.2759 -0.9439
vn 0.1035 0.3515 -0.9304
vn 0.2507 0.9044 -0.3453
vn 0.1471 -0.0064 -0.9891
vn -0.1922 0.5288 -0.8267
vn 0.9289 -0.1122 -0.3530
vn 0.9471 0.0152 -0.3207
vn 0.9911 0.0072 0.1326
vn 0.6688 0.2120 -0.7125
vn 0.3902 0.3871 -0.8354
vn -0.2706 0.2742 -0.9228
vn -0.3035 0.2883 -0.9082
vn -0.1854 0.2996 -0.9359
vn 0.5056 -0.0723 -0.8597
vn 0.6097 0.5560 -0.5649
vn 0.7121 0.3595 -0.6031
vn 0.8121 -0.1728 -0.5573
vn 0.5176 -0.1122 -0.8483
vn 0.4511 0.7897 -0.4159
vn -0.1852 0.3024 -0.9350
vn -0.0826 0.2186 -0.9723
vn 0.2595 0.4257 -0.8669
vn -0.1169 0.6170 -0.7782
vn 0.2978 0.4624 -0.8352
vn 0.5521 0.2999 -0.7780
vn 0.5792 0.3048 -0.7561
vn 0.6124 0.1944 -0.7663
vn 0.6898 0.2225 -0.6890
vn 0.9674 0.2509 -0.0359
vn 0.9516 -0.1768 -0.2513
vn -0.0285 0.6921 -0.7213
vn 0.3523 0.2395 -0.9047
vn 0.1760 0.1057 -0.9787
vn -0.3266 0.2127 -0.9209
vn 0.5286 0.0681 -0.8461
vn 0.5031 0.0167 -0.8641
vn 0.1082 0.1207 -0.9868
vn 0.8569 0.1255 -0.5000
vn 0.9390 -0.1540 -0.3074
vn 0.3793 -0.2789 -0.8822
vn 0.1562 0.2169 -0.9636
vn 0.3943 0.3040 -0.8672
vn 0.2152 0.5427 -0.8119
vn -0.0203 0.3220 -0.9465
vn 0.3370 0.1952 -0.9210
vn 0.1052 0.3617 -0.9263
vn -0.1914 0.5970 -0.7791
vn -0.1101 0.6347 -0.7648
vn -0.1595 0.2500 -0.9550
vn -0.1609 0.2181 -0.9626
vn -0.1999 0.2380 -0.9505
vn 0.6240 0.3557 -0.6958
vn 0.8557 0.1643 -0.4907
vn 0.4189 0.6675 -0.6156
vn 0.2102 0.1888 -0.9593
vn 0.9804 0.1867 -0.0626
vn 0.9386 -0.3376 -0.0708
vn -0.0941 0.5456 -0.8327
vn 0.5284 -0.0018 -0.8490
vn -0.0536 0.2895 -0.9557
vn 0.9771 0.1663 0.1326
vn 0.9822 0.1763 0.0642
vn -0.1134 0.2345 -0.9655
vn 0.6399 0.0544 -0.7665
vn 0.2315 0.3181 -0.9194
vn 0.1799 -0.1171 -0.9767
vn 0.4264 0.1047 -0.8985
vn -0.2792 0.5412 -0.7932
vn 0.8731 -0.1069 0.4756
vn 0.8910 -0.1545 0.4268
vn -0.3797 0.3140 -0.8702
vn 0.9505 -0.1063 -0.2920
vn 0.9721 0.1557 -0.1755
vn 0.5648 0.2402 -0.7895
vn 0.4938 0.1838 -0.8499
vn -0.0569 0.0317 -0.9979
vn 0.9987 0.0509 0.0023
vn 0.9364 0.2577 -0.2380
vn 0.9597 0.1227 -0.2529
vn 0.9223 0.2318 -0.3094
vn 0.9112 0.0443 -0.4096
vn 0.9233 -0.0894 -0.3736
vn 0.8921 -0.0769 -0.4453
vn 0.8410 0.2844 -0.4602
vn 0.2149 0.6203 -0.7544
vn 0.9729 0.0490 -0.2260
vn 0.9452 0.2062 -0.2531
vn 0.0337 0.9904 0.1344
vn 0.0598 0.9896 0.1309
vn 0.0445 0.9937 0.1030
vn 0.9268 -0.2454 0.2843
vn 0.9264 -0.1530 0.3440
vn -0.3121 0.1947 -0.9299
vn 0.3576 0.3141 -0.8795
vn 0.4446 -0.5734 -0.6882
vn -0.1335 -0.2586 -0.9567
vn 0.9869 0.1473 0.0662
vn -0.2424 0.5797 -0.7779
vn -0.1461 0.5988 -0.7875
vn -0.2804 0.5804 -0.7646
vn 0.0944 0.2318 -0.9682
vn 0.7033 0.3362 -0.6264
vn 0.6782 0.4751 -0.5606
vn 0.2953 0.5894 -0.7519
vn 0.9136 -0.1558 -0.3755
vn 0.9155 -0.0022 -0.4024
vn 0.4933 -0.0789 -0.8662
vn 0.5544 -0.0022 -0.8322
vn 0.8163 0.2652 -0.5131
vn 0.5379 0.1495 -0.8296
vn 0.4648 -0.0617 -0.8832
vn 0.9112 -0.0173 0.4116
vn -0.1520 0.6075 -0.7796
vn -0.1351 0.2254 -0.9649
vn -0.0666 0.1724 -0.9828
vn 0.9900 -0.1406 -0.0123
vn 0.7581 0.0143 -0.6519
vn 0.5893 -0.7770 0.2213
vn 0.5768 -0.7918 0.2008
vn 0.0828 0.2736 -0.9583
vn 0.9791 0.1089 0.1717
vn 0.3200 0.3996 -0.8590
vn 0.2807 0.3421 -0.8968
vn 0.7505 -0.3643 -0.5514
vn 0.5750 0.5878 -0.5691
vn -0.2501 0.4157 -0.8745
vn 0.9312 0.0858 -0.3543
vn -0.0064 0.7595 -0.6504
vn 0.9681 0.2313 -0.0963
vn 0.3627 0.2684 -0.8924
vn -0.3874 0.2936 -0.8739
vn 0.9482 -0.2614 0.1808
vn 0.4448 0.2999 -0.8439
vn 0.1225 0.2539 -0.9594
vn 0.1523 0.1306 -0.9797
vn -0.1271 0.3345 -0.9338
vn 0.1400 0.3483 -0.9269
vn 0.8451 0.1702 -0.5068
vn 0.7595 0.2668 -0.5933
vn 0.8195 0.0797 -0.5675
vn 0.7593 0.3543 -0.5459
vn -0.3445 0.1666 -0.9239
vn -0.3956 0.1483 -0.9064
vn 0.3471 0.3579 -0.8668
vn -0.4496 0.3356 -0.8278
vn 0.3974 0.3566 -0.8455
vn 0.9259 -0.0328 -0.3763
vn 0.8958 -0.1231 -0.4271
vn 0.8857 -0.0374 -0.4627
vn 0.7586 0.2181 -0.6140
vn 0.9893 0.0034 0.1459
vn 0.9660 0.1970 0.1672
vn 0.3444 -0.3143 -0.8847
vn 0.9325 -0.2445 -0.2657
vn 0.9726 -0.0817 0.2175
vn 0.9263 0.0802 -0.3682
vn 0.9276 -0.0345 -0.3720
vn 0.9316 -0.2404 -0.2726
vn 0.9209 0.2884 -0.2624
vn 0.9655 -0.1597 -0.2059
vn 0.9544 -0.2401 -0.1774
vn 0.9540 -0.2040 -0.2199
vn 0.6532 -0.6750 -0.3431
vn 0.6226 -0.7485 -0.2282
vn 0.2495 0.2278 -0.9412
vn 0.9350 -0.2127 -0.2838
vn -0.2091 0.5801 -0.7873
vn 0.6154 -0.7641 -0.1936
vn 0.9427 -0.2776 0.1853
vn 0.6123 -0.6904 -0.3852
vn 0.6551 -0.6608 -0.3663
vn 0.5752 -0.7878 -0.2202
vn 0.9657 -0.2586 -0.0253
vn 0.8551 -0.1480 0.4970
vn 0.5783 -0.8092 -0.1037
vn 0.5928 -0.8003 -0.0901
vn 0.9541 -0.2829 0.0983
vn 0.4686 0.0469 -0.8822
vn 0.6244 -0.7750 -0.0976
vn 0.5971 -0.8017 0.0248
vn 0.6056 -0.7930 0.0664
vn 0.6166 -0.7849 -0.0605
vn 0.9792 -0.1827 0.0887
vn 0.5762 -0.8079 0.1240
vn 0.6119 -0.7905 -0.0256
vn 0.6073 -0.7936 0.0377
vn 0.5798 -0.7709 0.2636
vn 0.5374 -0.7878 0.3008
vn 0.5629 -0.7845 -0.2602
vn 0.5336 -0.7502 0.3906
vn 0.5032 -0.7898 0.3507
vn 0.5167 -0.3766 -0.7689
vn 0.2996 -0.3212 -0.8984
vn 0.3823 -0.4747 -0.7928
vn -0.5250 0.1964 -0.8281
vn -0.4801 0.2066 -0.8525
vn -0.5228 0.2622 -0.8111
vn -0.4560 0.5371 -0.7096
vn -0.4840 0.5688 -0.6650
vn -0.4367 0.5582 -0.7055
vn -0.8629 0.2918 -0.4125
vn -0.4962 0.5573 -0.6657
vn -0.7408 0.1174 -0.6614
vn -0.6355 0.0973 -0.7659
vn -0.6693 0.1409 -0.7295
vn -0.4564 -0.2477 -0.8546
vn -0.2675 0.9069 -0.3255
vn -0.3258 0.8203 -0.4701
vn -0.5136 0.3544 -0.7814
vn -0.4713 0.3206 -0.8216
vn -0.4150 0.8029 -0.4280
vn -0.4344 0.8335 -0.3415
vn -0.4681 0.7968 -0.3821
vn -0.6637 0.7278 -0.1724
vn -0.7574 0.6109 -0.2304
vn -0.6592 0.7062 -0.2582
vn -0.2687 0.6806 -0.6816
vn -0.2393 0.7767 -0.5826
vn -0.3334 0.7138 -0.6159
vn -0.8348 -0.3705 0.4072
vn -0.8661 -0.4100 0.2861
vn -0.9872 -0.1560 -0.0330
vn -0.9894 -0.1358 -0.0522
vn -0.9976 -0.0574 -0.0387
vn -0.9895 -0.1313 -0.0599
vn -0.9740 0.1740 -0.1451
vn -0.9984 -0.0444 -0.0355
vn -0.9053 -0.0269 -0.4240
vn -0.8055 -0.1036 -0.5835
vn -0.7353 -0.1351 -0.6641
vn -0.7199 -0.1550 -0.6765
vn -0.6835 -0.1010 -0.7229
vn -0.6364 -0.0704 -0.7681
vn -0.3896 -0.0682 -0.9185
vn -0.4541 -0.0354 -0.8902
vn -0.3985 -0.1514 -0.9046
vn -0.2966 -0.1740 -0.9390
vn -0.2498 -0.0936 -0.9638
vn -0.1576 -0.0620 -0.9856
vn -0.0520 -0.1291 -0.9903
vn 0.0856 -0.1617 -0.9831
vn 0.0374 0.2363 -0.9710
vn -0.0430 -0.1194 -0.9919
vn -0.0125 -0.0247 -0.9996
vn -0.0437 -0.1157 -0.9923
vn 0.0444 -0.3512 -0.9352
vn 0.0706 -0.3675 -0.9273
vn 0.6177 0.0101 -0.7863
vn 0.3268 -0.3298 -0.8857
vn 0.1933 -0.4558 -0.8688
vn 0.2847 -0.3048 -0.9089
vn 0.3381 -0.3215 -0.8845
vn 0.5267 -0.3582 -0.7708
vn 0.6060 -0.4049 -0.6847
vn 0.6280 -0.4297 -0.6488
vn 0.7534 -0.5431 -0.3707
vn 0.8375 -0.4809 -0.2597
vn 0.6035 -0.6944 -0.3919
vn 0.6146 -0.7044 -0.3552
vn 0.5808 -0.7806 -0.2310
vn 0.5678 -0.7698 -0.2916
vn 0.6037 -0.7934 0.0781
vn 0.5239 -0.7877 0.3242
vn 0.1165 -0.7494 0.6518
vn -0.0942 -0.6663 0.7397
vn -0.2442 -0.7506 0.6139
vn -0.2431 -0.7521 0.6126
vn -0.4075 -0.7162 0.5666
vn -0.4290 -0.7163 0.5503
vn -0.4617 -0.6860 0.5624
vn -0.4714 -0.6976 0.5395
vn -0.4542 -0.6970 0.5549
vn -0.4330 -0.6584 0.6156
vn -0.6275 0.6455 -0.4354
vn -0.6883 0.5241 -0.5015
vn -0.6011 0.5680 -0.5622
vn -0.6696 0.6607 -0.3394
vn -0.7126 0.5754 -0.4013
vn -0.7762 0.4728 -0.4171
vn -0.7626 0.5482 -0.3433
vn -0.3629 0.5568 -0.7472
vn -0.3658 0.5065 -0.7808
vn -0.5962 0.2205 -0.7719
vn -0.4720 0.2886 -0.8330
vn -0.5065 0.1601 -0.8472
vn -0.4289 0.1258 -0.8945
vn -0.4924 0.1093 -0.8635
vn -0.4127 0.2423 -0.8780
vn -0.3869 0.5902 -0.7085
vn -0.4935 0.5579 -0.6672
vn -0.5012 0.4255 -0.7535
vn -0.5260 0.8295 -0.1875
vn -0.5809 0.7912 -0.1913
vn -0.5632 0.7768 -0.2818
vn -0.3725 0.8622 -0.3434
vn -0.4100 0.1211 -0.9040
vn -0.6149 0.3618 -0.7007
vn -0.6354 0.2291 -0.7374
vn -0.5566 0.2988 -0.7752
vn -0.8113 0.1094 -0.5743
vn -0.7286 0.1203 -0.6742
vn -0.6048 0.1033 -0.7896
vn -0.4924 0.5794 -0.6495
vn -0.2335 0.7471 -0.6224
vn -0.3443 0.7701 -0.5371
vn -0.7352 0.2326 -0.6367
vn -0.6260 0.3439 -0.6999
vn -0.8296 0.5172 -0.2106
vn -0.5330 0.7326 -0.4234
vn -0.3925 0.4019 -0.8273
vn -0.4145 0.2988 -0.8596
vn -0.5671 0.1320 -0.8130
vn -0.5586 0.2107 -0.8022
vn -0.7183 0.6682 -0.1938
vn -0.5239 0.6804 -0.5124
vn -0.6554 0.5464 -0.5214
vn -0.2669 0.9635 -0.0204
vn -0.6184 0.7769 -0.1179
vn -0.4738 0.3573 -0.8049
vn -0.3825 0.5023 -0.7755
vn -0.4754 0.8234 -0.3099
vn -0.4035 0.8627 -0.3048
vn -0.3932 0.9000 -0.1880
vn -0.4406 0.8976 -0.0116
vn -0.3286 0.6276 -0.7058
vn -0.4818 0.1114 -0.8692
vn -0.7294 0.3468 -0.5897
vn -0.7971 0.3455 -0.4952
vn -0.7976 0.1979 -0.5697
vn -0.7478 0.2570 -0.6122
vn -0.3825 0.1594 -0.9101
vn -0.4101 0.1914 -0.8917
vn -0.2924 0.5822 -0.7586
vn -0.3852 0.5567 -0.7360
vn -0.4287 0.7468 -0.5084
vn -0.5202 0.7331 -0.4381
vn -0.4152 0.5668 -0.7116
vn -0.8093 0.1127 -0.5765
vn -0.6895 0.2112 -0.6928
vn -0.4225 0.1357 -0.8962
vn -0.8419 0.2624 -0.4716
vn -0.8533 0.1871 -0.4867
vn -0.6521 0.4683 -0.5962
vn -0.7011 0.3087 -0.6428
vn -0.5575 0.5648 -0.6084
vn -0.6928 0.3958 -0.6028
vn -0.2041 0.7691 -0.6057
vn -0.1971 0.8360 -0.5122
vn -0.5638 0.4998 -0.6575
vn -0.5069 0.3789 -0.7743
vn -0.1417 0.9064 -0.3979
vn -0.2238 0.7349 -0.6402
vn -0.7197 0.1959 -0.6661
vn -0.4176 0.4502 -0.7892
vn -0.4387 0.1739 -0.8817
vn -0.5411 0.8392 -0.0538
vn -0.3358 0.9062 -0.2570
vn -0.5657 0.3631 -0.7404
vn -0.4681 0.5518 -0.6902
vn -0.4538 0.8896 0.0526
vn -0.1590 0.8094 -0.5654
vn -0.1926 0.7573 -0.6240
vn 0.0891 0.8278 -0.5540
vn -0.0632 0.7886 -0.6117
vn 0.0497 0.8412 -0.5384
vn -0.0403 0.8909 -0.4525
vt 0.118076 0.000489
vt 0.120794 0.000071
vt 0.120576 0.001930
vt 0.150839 0.712649
vt 0.149300 0.714163
vt 0.148963 0.712666
vt 0.151033 0.710708
vt 0.151882 0.710579
vt 0.151165 0.711038
vt 0.161630 0.710054
vt 0.164209 0.710884
vt 0.162707 0.712341
vt 0.148767 0.716447
vt 0.147707 0.718165
vt 0.145636 0.718701
vt 0.146526 0.715212
vt 0.154204 0.718855
vt 0.152166 0.716219
vt 0.155858 0.715689
vt 0.160354 0.715037
vt 0.159367 0.718263
vt 0.153337 0.710378
vt 0.153275 0.711663
vt 0.155527 0.710158
vt 0.156218 0.711546
vt 0.146704 0.712555
vt 0.142662 0.717963
vt 0.120383 0.724711
vt 0.119845 0.723745
vt 0.123117 0.724310
vt 0.151320 0.714203
vt 0.154213 0.713826
vt 0.157368 0.713560
vt 0.159363 0.711754
vt 0.176676 0.711886
vt 0.176363 0.711980
vt 0.176094 0.711765
vt 0.119332 0.722952
vt 0.117841 0.724123
vt 0.117372 0.723526
vt 0.120748 0.721271
vt 0.121271 0.721315
vt 0.117835 0.723050
vt 0.113700 0.725889
vt 0.114368 0.726166
vt 0.112695 0.727118
vt 0.112765 0.726724
vt 0.116860 0.723664
vt 0.114822 0.725283
vt 0.122013 0.722503
vt 0.124208 0.720442
vt 0.116450 0.725688
vt 0.167324 0.713371
vt 0.124164 0.722675
vt 0.124621 0.721393
vt 0.118648 0.725180
vt 0.171196 0.711868
vt 0.172474 0.712032
vt 0.172691 0.712705
vt 0.145194 0.711987
vt 0.145188 0.712053
vt 0.144950 0.712051
vt 0.161994 0.709931
vt 0.161689 0.709937
vt 0.173437 0.712125
vt 0.160482 0.710005
vt 0.161523 0.709953
vt 0.164535 0.715432
vt 0.166096 0.710700
vt 0.138120 0.713402
vt 0.140229 0.713371
vt 0.138146 0.714061
vt 0.138100 0.714457
vt 0.136953 0.714658
vt 0.138254 0.713145
vt 0.138903 0.713065
vt 0.136522 0.719260
vt 0.135448 0.718208
vt 0.137564 0.717852
vt 0.126210 0.718275
vt 0.126853 0.718705
vt 0.124291 0.719561
vt 0.125908 0.718445
vt 0.135640 0.715645
vt 0.139164 0.714898
vt 0.132353 0.716659
vt 0.129615 0.717969
vt 0.129643 0.716688
vt 0.133395 0.716920
vt 0.134395 0.717321
vt 0.131207 0.718512
vt 0.127517 0.719693
vt 0.140425 0.712889
vt 0.139807 0.712924
vt 0.134497 0.719718
vt 0.136992 0.714227
vt 0.135923 0.714689
vt 0.136951 0.716685
vt 0.122202 0.720492
vt 0.143058 0.714348
vt 0.135938 0.713938
vt 0.133064 0.718980
vt 0.131058 0.720478
vt 0.133670 0.714984
vt 0.139754 0.716690
vt 0.137617 0.713267
vt 0.136192 0.713616
vt 0.135489 0.713752
vt 0.134143 0.714143
vt 0.132664 0.714865
vt 0.138872 0.719425
vt 0.132504 0.720691
vt 0.164087 0.709890
vt 0.128808 0.716865
vt 0.126672 0.718034
vt 0.129562 0.716421
vt 0.128886 0.720847
vt 0.126651 0.721450
vt 0.165066 0.709984
vt 0.149742 0.718960
vt 0.149669 0.710946
vt 0.145358 0.711949
vt 0.343538 0.253689
vt 0.347617 0.254550
vt 0.344954 0.257653
vt 0.362982 0.262384
vt 0.358409 0.263600
vt 0.359346 0.258978
vt 0.385869 0.250133
vt 0.392371 0.248697
vt 0.393004 0.253021
vt 0.321846 0.270033
vt 0.323592 0.268357
vt 0.323350 0.270094
vt 0.381603 0.252171
vt 0.377577 0.252037
vt 0.379472 0.248537
vt 0.365257 0.258234
vt 0.365127 0.252165
vt 0.395394 0.245153
vt 0.390420 0.245627
vt 0.342299 0.242008
vt 0.347635 0.244540
vt 0.341617 0.246710
vt 0.386371 0.257683
vt 0.384996 0.260124
vt 0.381792 0.258715
vt 0.339202 0.257741
vt 0.336626 0.260741
vt 0.335982 0.257609
vt 0.379824 0.262874
vt 0.378764 0.260180
vt 0.382298 0.261321
vt 0.390696 0.262480
vt 0.388064 0.260268
vt 0.392451 0.259562
vt 0.386311 0.262187
vt 0.382991 0.264719
vt 0.356096 0.251305
vt 0.354868 0.244424
vt 0.360310 0.246615
vt 0.454586 0.288864
vt 0.451686 0.286544
vt 0.454367 0.286283
vt 0.374998 0.254280
vt 0.375323 0.252182
vt 0.374291 0.249243
vt 0.327667 0.262485
vt 0.331846 0.259633
vt 0.331999 0.262061
vt 0.315288 0.252209
vt 0.314216 0.250773
vt 0.315843 0.250191
vt 0.314644 0.258550
vt 0.314167 0.259484
vt 0.313007 0.259064
vt 0.375798 0.244871
vt 0.347221 0.240082
vt 0.409444 0.262742
vt 0.412322 0.260041
vt 0.413891 0.262951
vt 0.316330 0.259560
vt 0.315739 0.258140
vt 0.317518 0.257374
vt 0.317587 0.250930
vt 0.316502 0.252408
vt 0.350983 0.242981
vt 0.312562 0.251547
vt 0.310470 0.252076
vt 0.311628 0.249607
vt 0.377872 0.257702
vt 0.380720 0.255429
vt 0.323391 0.235495
vt 0.327122 0.238048
vt 0.322166 0.238238
vt 0.406700 0.237142
vt 0.410313 0.239919
vt 0.404046 0.240863
vt 0.409070 0.256370
vt 0.413968 0.256197
vt 0.306710 0.232359
vt 0.308812 0.234742
vt 0.306493 0.233890
vt 0.308652 0.232100
vt 0.307236 0.230951
vt 0.382925 0.245689
vt 0.379034 0.243838
vt 0.308528 0.230327
vt 0.307145 0.227909
vt 0.305862 0.226350
vt 0.307318 0.226662
vt 0.307795 0.229114
vt 0.306761 0.229447
vt 0.308471 0.227333
vt 0.308819 0.226737
vt 0.307832 0.225932
vt 0.308945 0.227989
vt 0.309199 0.229199
vt 0.310065 0.232861
vt 0.306557 0.225817
vt 0.309828 0.227653
vt 0.310469 0.234474
vt 0.311167 0.236640
vt 0.310569 0.231070
vt 0.310513 0.227093
vt 0.310750 0.229503
vt 0.311696 0.233599
vt 0.306361 0.225154
vt 0.311644 0.230141
vt 0.320611 0.234341
vt 0.323834 0.233415
vt 0.307928 0.225003
vt 0.311900 0.229269
vt 0.312549 0.235444
vt 0.310357 0.228604
vt 0.311340 0.228149
vt 0.312554 0.230232
vt 0.312272 0.231309
vt 0.306885 0.224192
vt 0.310488 0.225815
vt 0.310389 0.226247
vt 0.309384 0.225610
vt 0.311687 0.226904
vt 0.309559 0.224874
vt 0.310845 0.225322
vt 0.308574 0.224433
vt 0.312196 0.227980
vt 0.311698 0.227555
vt 0.311525 0.226070
vt 0.313393 0.233943
vt 0.313404 0.238045
vt 0.313438 0.231403
vt 0.305864 0.225622
vt 0.313035 0.227539
vt 0.314794 0.235663
vt 0.315285 0.237392
vt 0.314654 0.237400
vt 0.309443 0.223772
vt 0.309839 0.224363
vt 0.311833 0.224286
vt 0.308068 0.222864
vt 0.312662 0.225537
vt 0.313110 0.229703
vt 0.312749 0.228616
vt 0.313863 0.229219
vt 0.315936 0.236408
vt 0.316069 0.234268
vt 0.314680 0.232932
vt 0.314373 0.230534
vt 0.312599 0.222311
vt 0.317584 0.236452
vt 0.316007 0.231719
vt 0.313094 0.226541
vt 0.314844 0.227605
vt 0.314375 0.228455
vt 0.314629 0.223321
vt 0.317998 0.233139
vt 0.388408 0.239033
vt 0.392973 0.237727
vt 0.393613 0.240069
vt 0.316180 0.228366
vt 0.315584 0.229719
vt 0.316688 0.229033
vt 0.310151 0.220030
vt 0.307255 0.221165
vt 0.314699 0.224901
vt 0.315722 0.226073
vt 0.318234 0.230548
vt 0.316759 0.220987
vt 0.314584 0.217137
vt 0.313909 0.227076
vt 0.314942 0.226854
vt 0.318908 0.228942
vt 0.321768 0.232028
vt 0.318675 0.227124
vt 0.327839 0.232257
vt 0.317215 0.223276
vt 0.321420 0.218610
vt 0.307356 0.217270
vt 0.310588 0.214219
vt 0.317302 0.224909
vt 0.320116 0.225277
vt 0.319301 0.224674
vt 0.319441 0.223246
vt 0.332115 0.229976
vt 0.336014 0.233091
vt 0.322419 0.225818
vt 0.324898 0.218432
vt 0.327459 0.220809
vt 0.325804 0.226238
vt 0.336187 0.218248
vt 0.426089 0.279737
vt 0.423292 0.279523
vt 0.424244 0.277520
vt 0.460259 0.280037
vt 0.460677 0.277994
vt 0.464797 0.280548
vt 0.453353 0.282020
vt 0.451666 0.284411
vt 0.449476 0.283483
vt 0.333022 0.226048
vt 0.311138 0.247764
vt 0.310075 0.249863
vt 0.309761 0.248459
vt 0.326833 0.228269
vt 0.323488 0.229928
vt 0.322141 0.228270
vt 0.402781 0.272937
vt 0.406567 0.274878
vt 0.404280 0.274776
vt 0.410115 0.276401
vt 0.411750 0.275974
vt 0.413804 0.278550
vt 0.402397 0.274583
vt 0.406398 0.276891
vt 0.401623 0.274883
vt 0.397810 0.273144
vt 0.428094 0.215623
vt 0.430592 0.217238
vt 0.425791 0.218405
vt 0.450652 0.249172
vt 0.447140 0.247614
vt 0.450346 0.246147
vt 0.400594 0.217365
vt 0.405768 0.216988
vt 0.400078 0.220337
vt 0.366334 0.230290
vt 0.369381 0.219661
vt 0.374334 0.227998
vt 0.435857 0.228249
vt 0.432076 0.224156
vt 0.437246 0.223442
vt 0.396425 0.270587
vt 0.400094 0.271431
vt 0.399838 0.272574
vt 0.387459 0.231829
vt 0.385520 0.234398
vt 0.383641 0.231130
vt 0.302486 0.266110
vt 0.303557 0.268211
vt 0.301816 0.267324
vt 0.409462 0.231385
vt 0.406727 0.229899
vt 0.411313 0.228396
vt 0.301024 0.273046
vt 0.300758 0.271716
vt 0.303772 0.271320
vt 0.410465 0.272546
vt 0.410484 0.274296
vt 0.406963 0.272557
vt 0.299079 0.272855
vt 0.302703 0.270169
vt 0.304004 0.272726
vt 0.306910 0.270558
vt 0.300286 0.270574
vt 0.445836 0.222126
vt 0.444315 0.224044
vt 0.442233 0.222015
vt 0.300897 0.268427
vt 0.299120 0.271929
vt 0.474100 0.224598
vt 0.476639 0.224396
vt 0.474671 0.226279
vt 0.434389 0.214241
vt 0.434742 0.217354
vt 0.429071 0.212520
vt 0.432229 0.208835
vt 0.432278 0.213088
vt 0.431134 0.220390
vt 0.305600 0.267455
vt 0.305771 0.269121
vt 0.309441 0.270269
vt 0.308185 0.271205
vt 0.301937 0.274143
vt 0.299506 0.274301
vt 0.424483 0.216903
vt 0.421372 0.216665
vt 0.425840 0.214648
vt 0.307305 0.266899
vt 0.306875 0.265123
vt 0.309277 0.263933
vt 0.444637 0.209543
vt 0.445082 0.212895
vt 0.442194 0.209647
vt 0.378122 0.228984
vt 0.375840 0.223895
vt 0.401334 0.213186
vt 0.405185 0.212485
vt 0.403571 0.214880
vt 0.377653 0.230690
vt 0.404270 0.210951
vt 0.407069 0.210321
vt 0.325331 0.274657
vt 0.323864 0.275102
vt 0.323113 0.274248
vt 0.309720 0.260403
vt 0.311298 0.256980
vt 0.311011 0.260545
vt 0.308912 0.269592
vt 0.308857 0.267898
vt 0.305887 0.262468
vt 0.305366 0.259091
vt 0.307580 0.259370
vt 0.380707 0.227326
vt 0.380022 0.230931
vt 0.310769 0.269379
vt 0.312335 0.268685
vt 0.311275 0.270408
vt 0.477631 0.219024
vt 0.476407 0.222177
vt 0.474807 0.220753
vt 0.460937 0.284091
vt 0.466706 0.286046
vt 0.462951 0.287135
vt 0.383265 0.224962
vt 0.386419 0.228725
vt 0.383887 0.228549
vt 0.441170 0.225487
vt 0.397008 0.215189
vt 0.381861 0.234501
vt 0.384915 0.222383
vt 0.380705 0.218204
vt 0.385188 0.219311
vt 0.388147 0.225825
vt 0.446187 0.285815
vt 0.304278 0.266946
vt 0.298402 0.273746
vt 0.296337 0.273950
vt 0.296644 0.273220
vt 0.390740 0.232862
vt 0.391219 0.229796
vt 0.388191 0.222139
vt 0.400107 0.224745
vt 0.395117 0.227061
vt 0.395516 0.223468
vt 0.309482 0.271118
vt 0.384865 0.236938
vt 0.388558 0.234111
vt 0.388404 0.236450
vt 0.394124 0.232971
vt 0.305853 0.220073
vt 0.305382 0.266018
vt 0.309914 0.269098
vt 0.310187 0.271852
vt 0.432520 0.230622
vt 0.435360 0.231460
vt 0.432734 0.232848
vt 0.391513 0.224818
vt 0.391490 0.221565
vt 0.388335 0.218690
vt 0.467529 0.233128
vt 0.461884 0.233710
vt 0.467121 0.230740
vt 0.400986 0.211187
vt 0.403431 0.209777
vt 0.392239 0.235209
vt 0.303776 0.264535
vt 0.310878 0.268256
vt 0.308245 0.261554
vt 0.391417 0.226947
vt 0.453858 0.256343
vt 0.458366 0.255147
vt 0.456413 0.259520
vt 0.458930 0.281471
vt 0.456410 0.279386
vt 0.458663 0.287098
vt 0.312335 0.242713
vt 0.312440 0.243843
vt 0.311099 0.244146
vt 0.434938 0.261192
vt 0.434552 0.265193
vt 0.429326 0.265483
vt 0.309785 0.245612
vt 0.311141 0.245908
vt 0.413490 0.229594
vt 0.412832 0.231654
vt 0.375331 0.240978
vt 0.253241 0.238668
vt 0.253307 0.241762
vt 0.251133 0.240848
vt 0.376468 0.261465
vt 0.371672 0.242927
vt 0.369355 0.247731
vt 0.320322 0.270743
vt 0.319504 0.269211
vt 0.376667 0.263765
vt 0.377108 0.232994
vt 0.350779 0.237205
vt 0.311430 0.253939
vt 0.313116 0.254375
vt 0.325966 0.253574
vt 0.330913 0.251402
vt 0.331376 0.254799
vt 0.318675 0.253035
vt 0.396650 0.230726
vt 0.373140 0.262657
vt 0.373606 0.258961
vt 0.391698 0.218554
vt 0.396152 0.218439
vt 0.394913 0.220762
vt 0.458309 0.289576
vt 0.310292 0.265792
vt 0.325174 0.259901
vt 0.328929 0.258237
vt 0.328332 0.260294
vt 0.289035 0.270914
vt 0.289917 0.270389
vt 0.289926 0.271485
vt 0.298326 0.225462
vt 0.296556 0.226122
vt 0.296772 0.225635
vt 0.392244 0.216515
vt 0.371236 0.255637
vt 0.369302 0.258019
vt 0.405907 0.206023
vt 0.296642 0.226884
vt 0.295244 0.226881
vt 0.297766 0.226188
vt 0.400714 0.244466
vt 0.404849 0.244013
vt 0.402824 0.248459
vt 0.368459 0.261259
vt 0.295919 0.226017
vt 0.294556 0.226509
vt 0.295112 0.226044
vt 0.395610 0.234795
vt 0.400698 0.268582
vt 0.402269 0.271088
vt 0.399534 0.269410
vt 0.396205 0.236297
vt 0.399031 0.228299
vt 0.406698 0.252015
vt 0.404892 0.255452
vt 0.402533 0.252649
vt 0.317592 0.255469
vt 0.316607 0.253932
vt 0.433167 0.275873
vt 0.428853 0.275292
vt 0.430840 0.273799
vt 0.296444 0.225326
vt 0.294611 0.225893
vt 0.296216 0.225136
vt 0.336031 0.242916
vt 0.398349 0.247687
vt 0.295031 0.226576
vt 0.297521 0.225055
vt 0.298921 0.224853
vt 0.297414 0.225250
vt 0.327142 0.270213
vt 0.329109 0.269650
vt 0.326659 0.271332
vt 0.298943 0.226554
vt 0.299910 0.225707
vt 0.293771 0.227551
vt 0.292603 0.227794
vt 0.293761 0.227286
vt 0.293395 0.226791
vt 0.293887 0.226976
vt 0.365329 0.242777
vt 0.342008 0.262263
vt 0.346192 0.261081
vt 0.471371 0.230651
vt 0.474476 0.283676
vt 0.474193 0.279890
vt 0.478908 0.281252
vt 0.386466 0.254338
vt 0.407208 0.246104
vt 0.452427 0.260368
vt 0.450915 0.257661
vt 0.313276 0.256720
vt 0.408507 0.274592
vt 0.300616 0.229564
vt 0.300185 0.230861
vt 0.298465 0.230503
vt 0.296001 0.271891
vt 0.297906 0.272444
vt 0.300303 0.224973
vt 0.294324 0.226943
vt 0.302248 0.231168
vt 0.300095 0.232493
vt 0.398996 0.238569
vt 0.294706 0.227579
vt 0.292961 0.228248
vt 0.402619 0.227367
vt 0.296197 0.225651
vt 0.459194 0.262458
vt 0.454447 0.263891
vt 0.436875 0.213513
vt 0.436110 0.209093
vt 0.439321 0.211631
vt 0.408840 0.212568
vt 0.398543 0.233801
vt 0.401658 0.230671
vt 0.409811 0.209471
vt 0.412702 0.208495
vt 0.406778 0.226056
vt 0.404576 0.224376
vt 0.302013 0.226058
vt 0.292914 0.227391
vt 0.301860 0.224570
vt 0.301812 0.225251
vt 0.309390 0.226316
vt 0.414160 0.211156
vt 0.291853 0.227825
vt 0.291384 0.227586
vt 0.404656 0.233573
vt 0.407663 0.279978
vt 0.409567 0.277630
vt 0.411928 0.281634
vt 0.401127 0.236097
vt 0.446141 0.216562
vt 0.441902 0.216428
vt 0.443755 0.215216
vt 0.297252 0.227098
vt 0.296906 0.225366
vt 0.449136 0.213082
vt 0.450575 0.208724
vt 0.453971 0.209374
vt 0.319783 0.276292
vt 0.316268 0.279408
vt 0.313826 0.276365
vt 0.406761 0.228291
vt 0.404679 0.228680
vt 0.405316 0.220801
vt 0.291946 0.273371
vt 0.293302 0.274246
vt 0.290872 0.274246
vt 0.410099 0.233935
vt 0.296520 0.232448
vt 0.459309 0.251407
vt 0.462185 0.252379
vt 0.411351 0.215200
vt 0.411579 0.223365
vt 0.408378 0.222289
vt 0.475388 0.228341
vt 0.474706 0.230687
vt 0.409683 0.226777
vt 0.416270 0.213209
vt 0.463111 0.262293
vt 0.465621 0.262831
vt 0.465891 0.264667
vt 0.295833 0.227478
vt 0.298078 0.224630
vt 0.471342 0.227658
vt 0.303221 0.224787
vt 0.311105 0.279826
vt 0.420210 0.276622
vt 0.418643 0.279026
vt 0.414674 0.275740
vt 0.414296 0.235253
vt 0.414276 0.237852
vt 0.418636 0.236170
vt 0.308842 0.247782
vt 0.308759 0.246598
vt 0.310058 0.247032
vt 0.410121 0.218793
vt 0.312844 0.232362
vt 0.415868 0.222203
vt 0.413801 0.225186
vt 0.402079 0.263429
vt 0.404490 0.264129
vt 0.402693 0.265607
vt 0.300737 0.226796
vt 0.408348 0.217794
vt 0.443164 0.267555
vt 0.438534 0.270131
vt 0.438065 0.266623
vt 0.411918 0.220295
vt 0.414917 0.219993
vt 0.414988 0.232825
vt 0.471300 0.233253
vt 0.466401 0.236222
vt 0.475069 0.232659
vt 0.472298 0.235483
vt 0.466232 0.239902
vt 0.471263 0.238459
vt 0.470197 0.241533
vt 0.466595 0.242196
vt 0.468566 0.243708
vt 0.464296 0.244878
vt 0.468523 0.246458
vt 0.463703 0.248860
vt 0.469451 0.283019
vt 0.319988 0.273045
vt 0.323786 0.272494
vt 0.462872 0.258696
vt 0.463411 0.255001
vt 0.474452 0.256245
vt 0.468839 0.249161
vt 0.297951 0.271072
vt 0.467126 0.252234
vt 0.455364 0.252527
vt 0.458938 0.224257
vt 0.453983 0.226006
vt 0.454119 0.223402
vt 0.294003 0.273419
vt 0.313368 0.249035
vt 0.415795 0.226747
vt 0.418576 0.229288
vt 0.417123 0.273375
vt 0.423468 0.275087
vt 0.472960 0.221779
vt 0.471579 0.221929
vt 0.472616 0.220414
vt 0.405216 0.273140
vt 0.450877 0.253669
vt 0.449598 0.278987
vt 0.452799 0.279470
vt 0.452024 0.215141
vt 0.309346 0.257619
vt 0.314483 0.274448
vt 0.317348 0.274443
vt 0.418908 0.219596
vt 0.468864 0.225610
vt 0.462781 0.227679
vt 0.465957 0.223687
vt 0.309750 0.276724
vt 0.310713 0.275268
vt 0.429036 0.268174
vt 0.428298 0.270081
vt 0.425583 0.268316
vt 0.312307 0.273692
vt 0.312807 0.247407
vt 0.312470 0.245915
vt 0.423947 0.230112
vt 0.420817 0.233123
vt 0.408907 0.208509
vt 0.317464 0.273144
vt 0.315379 0.273236
vt 0.317567 0.271634
vt 0.422293 0.283210
vt 0.414121 0.217166
vt 0.465533 0.283513
vt 0.416401 0.281756
vt 0.414153 0.280621
vt 0.420089 0.225045
vt 0.405459 0.270514
vt 0.437921 0.263765
vt 0.309155 0.275173
vt 0.472313 0.218789
vt 0.474693 0.218622
vt 0.430734 0.277687
vt 0.434382 0.279352
vt 0.309173 0.254581
vt 0.310321 0.255081
vt 0.314487 0.245076
vt 0.313740 0.245720
vt 0.314183 0.244613
vt 0.457858 0.210440
vt 0.462173 0.214695
vt 0.456172 0.218580
vt 0.417371 0.264550
vt 0.417237 0.261432
vt 0.421431 0.262471
vt 0.329522 0.271668
vt 0.326003 0.272920
vt 0.424620 0.227798
vt 0.417741 0.217086
vt 0.417473 0.223689
vt 0.289165 0.275084
vt 0.291786 0.275709
vt 0.439600 0.207681
vt 0.307066 0.247037
vt 0.469858 0.260926
vt 0.321469 0.271754
vt 0.440737 0.264522
vt 0.447777 0.224051
vt 0.451345 0.221887
vt 0.450870 0.225091
vt 0.421874 0.218805
vt 0.422233 0.217698
vt 0.426883 0.225367
vt 0.429010 0.228627
vt 0.445845 0.220019
vt 0.449860 0.219038
vt 0.418200 0.221729
vt 0.324684 0.270505
vt 0.448100 0.221338
vt 0.455572 0.284728
vt 0.441193 0.239715
vt 0.436680 0.239566
vt 0.437519 0.236859
vt 0.471926 0.224854
vt 0.473697 0.222867
vt 0.421015 0.218209
vt 0.422997 0.226046
vt 0.436601 0.218453
vt 0.439039 0.219606
vt 0.434909 0.220768
vt 0.341684 0.224819
vt 0.336637 0.228945
vt 0.458257 0.231478
vt 0.463415 0.230530
vt 0.466616 0.228612
vt 0.417302 0.266683
vt 0.420407 0.268866
vt 0.414122 0.268062
vt 0.440754 0.261648
vt 0.443596 0.263497
vt 0.392181 0.266747
vt 0.393121 0.268791
vt 0.387513 0.268181
vt 0.310845 0.242403
vt 0.456300 0.234366
vt 0.452161 0.233052
vt 0.308027 0.256560
vt 0.305948 0.255885
vt 0.307645 0.254489
vt 0.289106 0.274407
vt 0.327191 0.273775
vt 0.462048 0.265539
vt 0.461036 0.268051
vt 0.458073 0.266215
vt 0.293206 0.274818
vt 0.292372 0.274695
vt 0.466176 0.268028
vt 0.460262 0.273930
vt 0.462067 0.270584
vt 0.467227 0.271457
vt 0.472040 0.277191
vt 0.421548 0.221386
vt 0.308983 0.248962
vt 0.464168 0.219613
vt 0.308443 0.251994
vt 0.307779 0.275923
vt 0.312202 0.244855
vt 0.399881 0.208995
vt 0.394363 0.212155
vt 0.276968 0.282399
vt 0.280333 0.279538
vt 0.284507 0.281591
vt 0.438820 0.242834
vt 0.440693 0.245843
vt 0.437091 0.245898
vt 0.429475 0.231916
vt 0.441685 0.228793
vt 0.439255 0.231876
vt 0.435288 0.241747
vt 0.431227 0.241407
vt 0.433497 0.239574
vt 0.442126 0.249809
vt 0.441582 0.247977
vt 0.443724 0.246516
vt 0.458325 0.244684
vt 0.453581 0.246461
vt 0.453607 0.243168
vt 0.478481 0.213324
vt 0.481370 0.217817
vt 0.481323 0.221958
vt 0.314328 0.272051
vt 0.322287 0.270768
vt 0.377108 0.219893
vt 0.309525 0.274314
vt 0.307929 0.274769
vt 0.479372 0.223127
vt 0.313524 0.243638
vt 0.461939 0.242031
vt 0.450902 0.242260
vt 0.449098 0.240692
vt 0.452694 0.239823
vt 0.451418 0.244253
vt 0.258740 0.263656
vt 0.258420 0.266141
vt 0.256929 0.262999
vt 0.428333 0.222633
vt 0.256391 0.265837
vt 0.260956 0.267101
vt 0.259960 0.264905
vt 0.261944 0.265998
vt 0.275686 0.279036
vt 0.292949 0.226524
vt 0.284556 0.278260
vt 0.289365 0.278734
vt 0.295310 0.224886
vt 0.296849 0.224666
vt 0.417363 0.214891
vt 0.420001 0.214880
vt 0.426062 0.231503
vt 0.306685 0.272271
vt 0.308578 0.271880
vt 0.308042 0.272826
vt 0.304275 0.274531
vt 0.306181 0.274597
vt 0.304785 0.275244
vt 0.303527 0.274036
vt 0.291279 0.227209
vt 0.290824 0.226873
vt 0.292211 0.226620
vt 0.288859 0.228152
vt 0.288982 0.227387
vt 0.290147 0.227287
vt 0.298112 0.269035
vt 0.306613 0.273501
vt 0.307932 0.273837
vt 0.405148 0.277968
vt 0.427590 0.277464
vt 0.429355 0.280826
vt 0.403049 0.276174
vt 0.404039 0.276155
vt 0.445290 0.271750
vt 0.442390 0.271228
vt 0.444194 0.270254
vt 0.295304 0.225439
vt 0.441168 0.278751
vt 0.441303 0.275958
vt 0.444883 0.279438
vt 0.307605 0.248813
vt 0.398010 0.269823
vt 0.290615 0.227326
vt 0.424465 0.223333
vt 0.399478 0.275329
vt 0.293047 0.225521
vt 0.419100 0.213280
vt 0.294654 0.225576
vt 0.443074 0.243222
vt 0.426350 0.272551
vt 0.402425 0.277696
vt 0.253626 0.236124
vt 0.252566 0.236983
vt 0.251807 0.236434
vt 0.424291 0.270153
vt 0.421814 0.271127
vt 0.433520 0.283118
vt 0.309607 0.273172
vt 0.426817 0.220606
vt 0.370272 0.252392
vt 0.368013 0.255204
vt 0.286571 0.277072
vt 0.285858 0.276564
vt 0.287191 0.276346
vt 0.473599 0.217453
vt 0.475176 0.215747
vt 0.303150 0.274983
vt 0.301664 0.275114
vt 0.286650 0.275322
vt 0.287069 0.274577
vt 0.417058 0.208231
vt 0.414584 0.205653
vt 0.421914 0.212936
vt 0.442821 0.219001
vt 0.457640 0.248620
vt 0.453600 0.249872
vt 0.423203 0.214165
vt 0.450492 0.230100
vt 0.447050 0.231857
vt 0.448112 0.227885
vt 0.417885 0.210382
vt 0.420337 0.211349
vt 0.285912 0.276020
vt 0.288185 0.275887
vt 0.435649 0.273337
vt 0.430839 0.271717
vt 0.284759 0.276926
vt 0.289841 0.276849
vt 0.444978 0.229372
vt 0.443329 0.231203
vt 0.267368 0.241800
vt 0.266586 0.250680
vt 0.264599 0.250016
vt 0.269163 0.245880
vt 0.265213 0.242003
vt 0.266809 0.239255
vt 0.268253 0.252235
vt 0.267228 0.255715
vt 0.443519 0.237292
vt 0.445868 0.240711
vt 0.445933 0.244281
vt 0.268487 0.238703
vt 0.436436 0.233872
vt 0.433973 0.234982
vt 0.460990 0.246661
vt 0.308083 0.245252
vt 0.264238 0.258022
vt 0.265889 0.258037
vt 0.263140 0.253763
vt 0.266830 0.257213
vt 0.445100 0.251643
vt 0.448054 0.251236
vt 0.282418 0.277513
vt 0.278851 0.277173
vt 0.448181 0.236599
vt 0.452686 0.236304
vt 0.418470 0.205612
vt 0.420642 0.208527
vt 0.440116 0.235390
vt 0.443464 0.234199
vt 0.436450 0.243649
vt 0.457460 0.237247
vt 0.456749 0.241571
vt 0.310734 0.272673
vt 0.312098 0.267482
vt 0.313674 0.266676
vt 0.312085 0.271678
vt 0.308949 0.243687
vt 0.304628 0.235803
vt 0.305817 0.235283
vt 0.305838 0.236821
vt 0.314788 0.269385
vt 0.456297 0.239601
vt 0.426487 0.259601
vt 0.421150 0.258287
vt 0.466176 0.214034
vt 0.465277 0.216285
vt 0.304820 0.224659
vt 0.300603 0.224208
vt 0.301540 0.223381
vt 0.299776 0.223775
vt 0.311664 0.264745
vt 0.313292 0.263367
vt 0.312649 0.265531
vt 0.303762 0.225567
vt 0.304084 0.225123
vt 0.304943 0.225484
vt 0.304090 0.226234
vt 0.317785 0.266889
vt 0.311238 0.266620
vt 0.305034 0.227233
vt 0.315627 0.266526
vt 0.302823 0.227039
vt 0.413423 0.265202
vt 0.445980 0.269622
vt 0.302968 0.225287
vt 0.443004 0.214600
vt 0.441736 0.213393
vt 0.303969 0.228041
vt 0.305675 0.228360
vt 0.320818 0.266692
vt 0.302317 0.227814
vt 0.451678 0.267260
vt 0.453426 0.269725
vt 0.449261 0.271069
vt 0.314527 0.264159
vt 0.433042 0.268927
vt 0.466021 0.289240
vt 0.466209 0.293175
vt 0.462127 0.289762
vt 0.310754 0.264331
vt 0.311966 0.262318
vt 0.298838 0.222768
vt 0.298347 0.224022
vt 0.300495 0.227499
vt 0.304760 0.222792
vt 0.303416 0.223708
vt 0.302677 0.223266
vt 0.303365 0.224231
vt 0.304723 0.223841
vt 0.305817 0.223468
vt 0.301806 0.222287
vt 0.390678 0.242359
vt 0.454908 0.267298
vt 0.457599 0.270152
vt 0.286993 0.245541
vt 0.286601 0.241554
vt 0.288952 0.242271
vt 0.302912 0.275385
vt 0.420871 0.205658
vt 0.286288 0.248266
vt 0.288619 0.249622
vt 0.423661 0.211435
vt 0.313627 0.260408
vt 0.313618 0.259614
vt 0.304615 0.229253
vt 0.302076 0.223917
vt 0.425207 0.212721
vt 0.284352 0.242852
vt 0.401306 0.264517
vt 0.399582 0.264048
vt 0.298616 0.227315
vt 0.417723 0.270782
vt 0.466155 0.276035
vt 0.284220 0.246488
vt 0.319075 0.213844
vt 0.313806 0.261657
vt 0.313997 0.252519
vt 0.255062 0.239417
vt 0.314596 0.255705
vt 0.256781 0.241450
vt 0.256506 0.248641
vt 0.255410 0.246630
vt 0.289621 0.275658
vt 0.253966 0.236898
vt 0.315110 0.265286
vt 0.315647 0.264161
vt 0.317818 0.264030
vt 0.253602 0.249313
vt 0.255023 0.242704
vt 0.289798 0.245083
vt 0.251344 0.246192
vt 0.314653 0.257414
vt 0.284979 0.249802
vt 0.255205 0.236770
vt 0.256880 0.238262
vt 0.314799 0.260373
vt 0.408532 0.267990
vt 0.404340 0.268076
vt 0.405691 0.266901
vt 0.409832 0.265611
vt 0.406235 0.265670
vt 0.315180 0.259223
vt 0.448896 0.243585
vt 0.316544 0.262535
vt 0.315142 0.261790
vt 0.258913 0.239805
vt 0.258664 0.238017
vt 0.305062 0.273598
vt 0.397582 0.265735
vt 0.400810 0.266463
vt 0.296085 0.270096
vt 0.320160 0.264874
vt 0.315548 0.255394
vt 0.315188 0.254101
vt 0.256039 0.239857
vt 0.406767 0.263895
vt 0.446799 0.273657
vt 0.449688 0.275151
vt 0.309468 0.249351
vt 0.308636 0.249813
vt 0.256670 0.235786
vt 0.387835 0.265323
vt 0.314829 0.238553
vt 0.423307 0.209171
vt 0.255446 0.251777
vt 0.258955 0.236184
vt 0.359661 0.253375
vt 0.356714 0.255983
vt 0.326394 0.275275
vt 0.323355 0.276889
vt 0.412727 0.270561
vt 0.260455 0.236341
vt 0.480213 0.290711
vt 0.477987 0.293864
vt 0.473314 0.291395
vt 0.303110 0.274531
vt 0.333439 0.273850
vt 0.331942 0.275511
vt 0.329865 0.276785
vt 0.460463 0.239584
vt 0.351338 0.252604
vt 0.353756 0.255637
vt 0.350144 0.257966
vt 0.315929 0.238765
vt 0.471090 0.288678
vt 0.404837 0.262149
vt 0.303665 0.276090
vt 0.319845 0.236832
vt 0.309208 0.272356
vt 0.309933 0.272443
vt 0.429561 0.261822
vt 0.434017 0.244028
vt 0.395153 0.262631
vt 0.393649 0.264935
vt 0.300336 0.220309
vt 0.303217 0.221070
vt 0.452979 0.277252
vt 0.454027 0.273447
vt 0.456919 0.276631
vt 0.427457 0.210324
vt 0.424815 0.210225
vt 0.427524 0.205806
vt 0.396580 0.267764
vt 0.447876 0.267179
vt 0.314813 0.241235
vt 0.313670 0.241282
vt 0.304546 0.221133
vt 0.471704 0.285638
vt 0.397118 0.260775
vt 0.400850 0.260517
vt 0.293559 0.230722
vt 0.292506 0.232848
vt 0.291752 0.231098
vt 0.289263 0.232385
vt 0.295923 0.230584
vt 0.286269 0.234571
vt 0.285215 0.238206
vt 0.283354 0.235146
vt 0.282523 0.240855
vt 0.281345 0.238327
vt 0.316437 0.241943
vt 0.317130 0.239301
vt 0.323042 0.278844
vt 0.290475 0.235628
vt 0.288391 0.235108
vt 0.314807 0.248592
vt 0.476382 0.286562
vt 0.438552 0.215946
vt 0.443540 0.273828
vt 0.445765 0.276342
vt 0.444715 0.226499
vt 0.425503 0.263348
vt 0.449270 0.260592
vt 0.450379 0.263921
vt 0.446736 0.263847
vt 0.318814 0.240157
vt 0.315853 0.248140
vt 0.318000 0.248347
vt 0.451519 0.227688
vt 0.469578 0.220251
vt 0.468443 0.216192
vt 0.470689 0.218096
vt 0.315522 0.243634
vt 0.298834 0.234254
vt 0.471654 0.223388
vt 0.305887 0.252322
vt 0.318196 0.244591
vt 0.316169 0.244633
vt 0.284016 0.275571
vt 0.446035 0.254990
vt 0.281044 0.276462
vt 0.282793 0.276523
vt 0.303202 0.253787
vt 0.271043 0.235802
vt 0.275525 0.233917
vt 0.271460 0.238068
vt 0.303191 0.250091
vt 0.306931 0.257924
vt 0.315305 0.246209
vt 0.314687 0.244138
vt 0.445336 0.259848
vt 0.475519 0.271787
vt 0.300368 0.251110
vt 0.301636 0.251584
vt 0.300420 0.253577
vt 0.472282 0.217131
vt 0.303302 0.261483
vt 0.301814 0.256250
vt 0.303772 0.257089
vt 0.302172 0.258467
vt 0.299202 0.251924
vt 0.455187 0.228772
vt 0.469902 0.222976
vt 0.297639 0.253425
vt 0.299055 0.257059
vt 0.294047 0.249776
vt 0.294106 0.246964
vt 0.296115 0.248491
vt 0.316363 0.246564
vt 0.300757 0.260104
vt 0.305561 0.250276
vt 0.307079 0.250449
vt 0.301276 0.233587
vt 0.288988 0.238478
vt 0.293355 0.236341
vt 0.282455 0.274047
vt 0.284800 0.274658
vt 0.282923 0.274879
vt 0.295179 0.256011
vt 0.295560 0.253674
vt 0.294049 0.254744
vt 0.293825 0.252851
vt 0.440766 0.237016
vt 0.296739 0.235136
vt 0.295898 0.234047
vt 0.300852 0.262672
vt 0.289325 0.247104
vt 0.408345 0.270000
vt 0.299274 0.237254
vt 0.296318 0.237237
vt 0.290121 0.248170
vt 0.303149 0.233409
vt 0.302038 0.236034
vt 0.291765 0.248657
vt 0.299291 0.265117
vt 0.291124 0.240012
vt 0.293169 0.240172
vt 0.282469 0.275451
vt 0.281371 0.275126
vt 0.295625 0.242126
vt 0.298498 0.242134
vt 0.298590 0.243938
vt 0.295011 0.239446
vt 0.298796 0.260059
vt 0.295010 0.267590
vt 0.285109 0.273859
vt 0.292028 0.242878
vt 0.292275 0.245279
vt 0.282075 0.276076
vt 0.440011 0.273065
vt 0.284873 0.252741
vt 0.287376 0.252500
vt 0.286954 0.254983
vt 0.289867 0.257349
vt 0.286703 0.257709
vt 0.299229 0.246388
vt 0.298501 0.247565
vt 0.297422 0.246545
vt 0.284264 0.276427
vt 0.291113 0.254157
vt 0.291845 0.251031
vt 0.293778 0.269655
vt 0.299449 0.250108
vt 0.298181 0.250959
vt 0.301007 0.237716
vt 0.305167 0.246448
vt 0.305244 0.247541
vt 0.304144 0.247295
vt 0.291101 0.246943
vt 0.300260 0.234657
vt 0.297601 0.248864
vt 0.297430 0.247664
vt 0.314559 0.246166
vt 0.314150 0.247227
vt 0.304807 0.248711
vt 0.292639 0.270061
vt 0.292878 0.270979
vt 0.304036 0.243933
vt 0.304985 0.243099
vt 0.305880 0.244127
vt 0.295881 0.259191
vt 0.281988 0.250632
vt 0.301312 0.249787
vt 0.300230 0.249518
vt 0.290582 0.262390
vt 0.292322 0.259744
vt 0.295079 0.262530
vt 0.307315 0.278095
vt 0.298792 0.248774
vt 0.304224 0.237843
vt 0.302368 0.238747
vt 0.302129 0.232360
vt 0.300973 0.246835
vt 0.300051 0.245332
vt 0.301934 0.244488
vt 0.298015 0.261931
vt 0.293986 0.244606
vt 0.287996 0.270350
vt 0.288016 0.270916
vt 0.286243 0.269701
vt 0.300731 0.239899
vt 0.303431 0.247978
vt 0.306322 0.248287
vt 0.306265 0.249288
vt 0.300767 0.248503
vt 0.299921 0.248366
vt 0.292121 0.268765
vt 0.298237 0.266884
vt 0.296186 0.265184
vt 0.306262 0.276434
vt 0.299395 0.240849
vt 0.297326 0.239839
vt 0.293035 0.264832
vt 0.302827 0.248642
vt 0.289282 0.259423
vt 0.305797 0.275613
vt 0.291856 0.266749
vt 0.302130 0.248244
vt 0.291434 0.269898
vt 0.295362 0.231478
vt 0.307254 0.244208
vt 0.287090 0.260574
vt 0.302380 0.275522
vt 0.304506 0.245139
vt 0.306249 0.245413
vt 0.289844 0.268846
vt 0.306928 0.244764
vt 0.287671 0.269781
vt 0.299788 0.242186
vt 0.300985 0.241758
vt 0.300354 0.243042
vt 0.299666 0.247415
vt 0.303842 0.241958
vt 0.302364 0.240806
vt 0.303834 0.240437
vt 0.288205 0.269299
vt 0.286873 0.265249
vt 0.289820 0.265096
vt 0.289640 0.267118
vt 0.292928 0.257330
vt 0.305573 0.240262
vt 0.304340 0.247881
vt 0.294575 0.270941
vt 0.298533 0.245386
vt 0.280104 0.235875
vt 0.302789 0.242722
vt 0.296444 0.244717
vt 0.306602 0.243118
vt 0.283446 0.255082
vt 0.287525 0.263046
vt 0.305806 0.243477
vt 0.285525 0.268102
vt 0.458054 0.293808
vt 0.280766 0.255731
vt 0.278688 0.253771
vt 0.281000 0.253264
vt 0.283795 0.261602
vt 0.280852 0.264762
vt 0.279889 0.261598
vt 0.283665 0.265563
vt 0.287421 0.267523
vt 0.305299 0.241686
vt 0.303064 0.246607
vt 0.278172 0.262930
vt 0.282010 0.266836
vt 0.277844 0.257187
vt 0.280729 0.258658
vt 0.282601 0.258434
vt 0.284593 0.259160
vt 0.282284 0.266214
vt 0.301581 0.243158
vt 0.296151 0.251212
vt 0.276069 0.262915
vt 0.275919 0.260680
vt 0.430824 0.207043
vt 0.261931 0.236413
vt 0.261608 0.237617
vt 0.260612 0.237852
vt 0.266823 0.231679
vt 0.266111 0.233524
vt 0.265306 0.232057
vt 0.264074 0.234617
vt 0.264513 0.234291
vt 0.265256 0.235038
vt 0.269174 0.232388
vt 0.262697 0.234395
vt 0.261927 0.233985
vt 0.262354 0.232752
vt 0.262450 0.233108
vt 0.261552 0.232649
vt 0.263288 0.233618
vt 0.263862 0.236794
vt 0.264485 0.235768
vt 0.265543 0.235673
vt 0.261844 0.232457
vt 0.275258 0.254355
vt 0.263218 0.236368
vt 0.260104 0.239289
vt 0.263367 0.232800
vt 0.261199 0.233742
vt 0.262515 0.232176
vt 0.260259 0.233305
vt 0.259830 0.232651
vt 0.260782 0.232857
vt 0.275243 0.258363
vt 0.272453 0.257749
vt 0.261259 0.232219
vt 0.278553 0.265033
vt 0.261888 0.232995
vt 0.260907 0.232266
vt 0.262358 0.232485
vt 0.261416 0.231907
vt 0.260059 0.237573
vt 0.259982 0.231958
vt 0.251064 0.238364
vt 0.279561 0.251283
vt 0.438905 0.280134
vt 0.437359 0.277051
vt 0.294093 0.271976
vt 0.293056 0.271884
vt 0.295024 0.272753
vt 0.291798 0.271655
vt 0.293502 0.272510
vt 0.291735 0.272447
vt 0.289405 0.272181
vt 0.290728 0.273307
vt 0.320057 0.278749
vt 0.423644 0.205612
vt 0.278006 0.238748
vt 0.278096 0.235830
vt 0.278302 0.234796
vt 0.271146 0.241603
vt 0.273670 0.238671
vt 0.280188 0.241809
vt 0.274609 0.241307
vt 0.276122 0.237356
vt 0.282175 0.243937
vt 0.280095 0.245324
vt 0.279018 0.248003
vt 0.277132 0.250791
vt 0.471092 0.216192
vt 0.272182 0.245140
vt 0.282009 0.246503
vt 0.277380 0.243881
vt 0.274047 0.249605
vt 0.274536 0.244974
vt 0.276349 0.247090
vt 0.281203 0.247754
vt 0.480264 0.284080
vt 0.282908 0.248306
vt 0.287031 0.227564
vt 0.270769 0.250351
vt 0.272209 0.254418
vt 0.309444 0.242331
vt 0.307606 0.241649
vt 0.309077 0.241297
vt 0.268983 0.234291
vt 0.269764 0.233742
vt 0.291085 0.229180
vt 0.292326 0.229091
vt 0.290453 0.230355
vt 0.267089 0.236253
vt 0.265892 0.236745
vt 0.267176 0.235795
vt 0.286574 0.231899
vt 0.275433 0.235922
vt 0.312996 0.243214
vt 0.249134 0.244237
vt 0.248995 0.240877
vt 0.422107 0.265918
vt 0.329087 0.279907
vt 0.287226 0.273915
vt 0.288737 0.273795
vt 0.288960 0.272962
vt 0.287544 0.273558
vt 0.284850 0.272905
vt 0.287216 0.272957
vt 0.287346 0.271794
vt 0.282844 0.273192
vt 0.281837 0.272613
vt 0.286645 0.272027
vt 0.284347 0.271770
vt 0.284490 0.270777
vt 0.286198 0.270590
vt 0.280946 0.271739
vt 0.280556 0.272288
vt 0.279185 0.270218
vt 0.282339 0.268882
vt 0.278985 0.266782
vt 0.275250 0.264820
vt 0.273550 0.261419
vt 0.277203 0.267993
vt 0.269971 0.255680
vt 0.273091 0.266283
vt 0.270322 0.261861
vt 0.269215 0.268934
vt 0.271459 0.267652
vt 0.272205 0.268832
vt 0.268513 0.257617
vt 0.267723 0.260065
vt 0.308248 0.240342
vt 0.308258 0.238675
vt 0.309386 0.240140
vt 0.269258 0.267142
vt 0.269290 0.264885
vt 0.267453 0.261872
vt 0.463774 0.208830
vt 0.267056 0.265318
vt 0.265757 0.265403
vt 0.264606 0.262943
vt 0.300523 0.228278
vt 0.302342 0.228703
vt 0.293291 0.229583
vt 0.260194 0.243329
vt 0.259619 0.243477
vt 0.260592 0.240298
vt 0.446207 0.210463
vt 0.337129 0.267680
vt 0.336482 0.264743
vt 0.340540 0.265968
vt 0.274329 0.269567
vt 0.313396 0.241400
vt 0.312738 0.240780
vt 0.397425 0.241705
vt 0.331402 0.266860
vt 0.333849 0.267827
vt 0.331583 0.269289
vt 0.266270 0.263023
vt 0.312122 0.239009
vt 0.263771 0.263824
vt 0.262473 0.260317
vt 0.267326 0.266696
vt 0.472784 0.293888
vt 0.249365 0.248641
vt 0.260575 0.243254
vt 0.262928 0.236931
vt 0.262458 0.237679
vt 0.272617 0.233235
vt 0.272237 0.234051
vt 0.270205 0.234513
vt 0.324553 0.281294
vt 0.261462 0.254791
vt 0.262980 0.258031
vt 0.329771 0.274053
vt 0.261398 0.240616
vt 0.333748 0.271712
vt 0.433685 0.237291
vt 0.262328 0.255479
vt 0.265698 0.266210
vt 0.262121 0.243257
vt 0.260733 0.247093
vt 0.263085 0.237657
vt 0.263419 0.238312
vt 0.307377 0.236410
vt 0.309274 0.237859
vt 0.262355 0.251663
vt 0.290121 0.228539
vt 0.263456 0.246640
vt 0.313271 0.242347
vt 0.267217 0.234865
vt 0.265594 0.236318
vt 0.251296 0.251921
vt 0.305770 0.233163
vt 0.304907 0.232647
vt 0.310937 0.240052
vt 0.310120 0.241513
vt 0.304717 0.234091
vt 0.306584 0.238760
vt 0.297047 0.274418
vt 0.304317 0.231626
vt 0.285388 0.228761
vt 0.285887 0.229605
vt 0.284289 0.230040
vt 0.305024 0.230687
vt 0.305862 0.231053
vt 0.302384 0.229879
vt 0.300320 0.274779
vt 0.289136 0.230049
vt 0.327350 0.268465
vt 0.278570 0.230915
vt 0.280184 0.230419
vt 0.280277 0.231158
vt 0.315812 0.253185
vt 0.295917 0.229306
vt 0.320576 0.250293
vt 0.326220 0.250265
vt 0.322428 0.252395
vt 0.257250 0.261192
vt 0.287463 0.229822
vt 0.286991 0.228694
vt 0.316209 0.255092
vt 0.264615 0.238372
vt 0.311839 0.241807
vt 0.304055 0.230413
vt 0.426176 0.233438
vt 0.424166 0.236011
vt 0.271014 0.233149
vt 0.280274 0.273284
vt 0.298695 0.229273
vt 0.447970 0.281965
vt 0.344214 0.250356
vt 0.347394 0.251612
vt 0.300621 0.228755
vt 0.348490 0.248675
vt 0.317312 0.260705
vt 0.337572 0.251821
vt 0.327410 0.265784
vt 0.323425 0.265021
vt 0.398346 0.251312
vt 0.341324 0.236999
vt 0.346543 0.236775
vt 0.381146 0.239696
vt 0.298153 0.228192
vt 0.264229 0.241391
vt 0.343875 0.231875
vt 0.337537 0.239547
vt 0.332693 0.236194
vt 0.268261 0.236252
vt 0.266448 0.238477
vt 0.291469 0.228464
vt 0.327226 0.234852
vt 0.386264 0.244322
vt 0.296593 0.227748
vt 0.295658 0.228563
vt 0.315991 0.256384
vt 0.396663 0.258233
vt 0.400143 0.257635
vt 0.318650 0.258742
vt 0.320059 0.260510
vt 0.334004 0.269752
vt 0.338057 0.270341
vt 0.355482 0.229531
vt 0.322160 0.262554
vt 0.410854 0.253119
vt 0.354427 0.259461
vt 0.330329 0.264001
vt 0.321147 0.241057
vt 0.321320 0.235866
vt 0.320841 0.255728
vt 0.324962 0.257144
vt 0.421267 0.272702
vt 0.340776 0.268667
vt 0.268215 0.235320
vt 0.436448 0.281941
vt 0.333603 0.263667
vt 0.365432 0.264168
vt 0.400206 0.255338
vt 0.391917 0.256167
vt 0.390373 0.270238
vt 0.361041 0.265426
vt 0.352493 0.265550
vt 0.355115 0.263002
vt 0.355989 0.266197
vt 0.353068 0.248593
vt 0.394476 0.271574
vt 0.339309 0.255321
vt 0.396454 0.255900
vt 0.351480 0.245873
vt 0.294510 0.228271
vt 0.443310 0.283699
vt 0.445152 0.282479
vt 0.322741 0.246235
vt 0.305826 0.230244
vt 0.451695 0.288061
vt 0.324096 0.240442
vt 0.341733 0.256713
vt 0.407741 0.242369
vt 0.319365 0.280856
vt 0.438954 0.284655
vt 0.332467 0.239800
vt 0.442152 0.281401
vt 0.278819 0.232293
vt 0.278028 0.233770
vt 0.281768 0.233160
vt 0.262673 0.267738
vt 0.320906 0.257841
vt 0.351602 0.262257
vt 0.255021 0.262707
vt 0.405244 0.258825
vt 0.282244 0.231295
vt 0.323217 0.242736
vt 0.320507 0.243119
vt 0.369311 0.263982
vt 0.349166 0.266874
vt 0.348630 0.262529
vt 0.332914 0.257023
vt 0.335609 0.255049
vt 0.276885 0.231831
vt 0.409507 0.249555
vt 0.398363 0.277844
vt 0.387501 0.247027
vt 0.345040 0.266047
vt 0.289926 0.229219
vt 0.252221 0.258146
vt 0.274447 0.232618
vt 0.281798 0.230084
vt 0.332170 0.247407
vt 0.409382 0.243653
vt 0.411443 0.242452
vt 0.430738 0.238110
vt 0.410768 0.245968
vt 0.415627 0.245744
vt 0.414668 0.253012
vt 0.412958 0.249473
vt 0.420096 0.238635
vt 0.415969 0.241180
vt 0.416774 0.258456
vt 0.419437 0.244122
vt 0.250524 0.256865
vt 0.424869 0.239110
vt 0.420674 0.246799
vt 0.419335 0.248484
vt 0.441638 0.253510
vt 0.422132 0.242005
vt 0.417122 0.250217
vt 0.418100 0.254614
vt 0.419870 0.250058
vt 0.427646 0.237571
vt 0.428282 0.239557
vt 0.426666 0.241599
vt 0.436930 0.252105
vt 0.432152 0.249633
vt 0.435699 0.248704
vt 0.425893 0.255064
vt 0.425961 0.244260
vt 0.448617 0.257319
vt 0.423154 0.250618
vt 0.420285 0.251917
vt 0.423136 0.245277
vt 0.424602 0.247878
vt 0.427775 0.249936
vt 0.428245 0.246993
vt 0.429788 0.244311
vt 0.430817 0.253041
vt 0.429941 0.256602
vt 0.421897 0.253921
vt 0.427218 0.252008
vt 0.432971 0.246674
vt 0.440349 0.257529
vt 0.434762 0.256453
vt 0.431047 0.259156
vt 0.439057 0.248555
vt 0.438434 0.254923
vt 0.429854 0.235103
vt 0.337767 0.272842
vt 0.341006 0.259078
vt 0.283865 0.229688
vt 0.328199 0.242635
vt 0.285063 0.230398
vt 0.284738 0.231262
vt 0.263606 0.266156
vt 0.265257 0.268012
vt 0.264026 0.267495
vt 0.260992 0.263530
vt 0.262771 0.264021
vt 0.258874 0.249699
vt 0.259911 0.254293
vt 0.259469 0.255354
vt 0.266283 0.267597
vt 0.259493 0.261725
vt 0.258595 0.258673
vt 0.259255 0.258401
vt 0.260287 0.259869
vt 0.261173 0.261174
vt 0.254395 0.259501
vt 0.255699 0.260097
vt 0.260742 0.258173
vt 0.260008 0.257754
vt 0.260577 0.253432
vt 0.258814 0.243854
vt 0.257821 0.249568
vt 0.257701 0.244091
vt 0.259787 0.248688
vt 0.268095 0.267531
vt 0.256121 0.257535
vt 0.256196 0.251460
vt 0.254481 0.256650
vt 0.257589 0.253310
vt 0.258232 0.253054
vt 0.257790 0.255502
vt 0.256794 0.253737
vt 0.257566 0.258547
vt 0.258832 0.254632
vt 0.258469 0.256089
vt 0.259668 0.257884
vt 0.251400 0.644296
vt 0.256300 0.645588
vt 0.252927 0.647409
vt 0.354398 0.641291
vt 0.358028 0.643110
vt 0.354864 0.644080
vt 0.357460 0.649851
vt 0.357343 0.648250
vt 0.360442 0.648240
vt 0.281689 0.636882
vt 0.284787 0.637706
vt 0.283547 0.639419
vt 0.322788 0.649840
vt 0.324817 0.646503
vt 0.326826 0.650216
vt 0.236652 0.640505
vt 0.236028 0.641079
vt 0.236294 0.640247
vt 0.358796 0.651349
vt 0.355936 0.652130
vt 0.286453 0.644765
vt 0.282636 0.644257
vt 0.282980 0.641641
vt 0.349655 0.653926
vt 0.352365 0.652878
vt 0.352130 0.655064
vt 0.289249 0.653117
vt 0.284481 0.651809
vt 0.287913 0.649917
vt 0.301243 0.647994
vt 0.299210 0.649087
vt 0.296073 0.647500
vt 0.288020 0.647405
vt 0.292056 0.648617
vt 0.286266 0.642010
vt 0.321448 0.653680
vt 0.318121 0.654926
vt 0.318764 0.651710
vt 0.284196 0.649610
vt 0.237191 0.633200
vt 0.237848 0.631958
vt 0.239413 0.633399
vt 0.351187 0.645364
vt 0.353859 0.646031
vt 0.354740 0.649138
vt 0.355464 0.647239
vt 0.375933 0.657197
vt 0.373124 0.657468
vt 0.374557 0.655447
vt 0.286226 0.640157
vt 0.262901 0.649094
vt 0.265688 0.647812
vt 0.265960 0.649911
vt 0.278849 0.637869
vt 0.274838 0.639610
vt 0.273455 0.636515
vt 0.292189 0.651349
vt 0.289410 0.645951
vt 0.352148 0.643476
vt 0.351168 0.642013
vt 0.348458 0.646626
vt 0.348108 0.648464
vt 0.346496 0.647795
vt 0.251646 0.641393
vt 0.254894 0.642388
vt 0.259299 0.647356
vt 0.259142 0.645049
vt 0.353236 0.650759
vt 0.355281 0.650399
vt 0.351441 0.648467
vt 0.268015 0.648039
vt 0.269695 0.650922
vt 0.278833 0.641943
vt 0.288598 0.643895
vt 0.288871 0.641948
vt 0.245344 0.636355
vt 0.243584 0.635079
vt 0.245552 0.635119
vt 0.379795 0.658177
vt 0.380381 0.660366
vt 0.378674 0.659305
vt 0.383323 0.653206
vt 0.390037 0.655334
vt 0.386150 0.656696
vt 0.291834 0.642084
vt 0.288316 0.639421
vt 0.253065 0.639483
vt 0.250965 0.633718
vt 0.250447 0.636507
vt 0.248420 0.633669
vt 0.348829 0.642726
vt 0.291468 0.639812
vt 0.294674 0.641458
vt 0.315372 0.653766
vt 0.311022 0.655169
vt 0.313978 0.652034
vt 0.293162 0.639095
vt 0.292805 0.640061
vt 0.293451 0.654228
vt 0.290279 0.655572
vt 0.238274 0.642090
vt 0.239627 0.641461
vt 0.239565 0.643442
vt 0.261445 0.644543
vt 0.259805 0.642268
vt 0.261723 0.640793
vt 0.292359 0.645465
vt 0.349934 0.651477
vt 0.233919 0.654034
vt 0.234791 0.651528
vt 0.239720 0.654337
vt 0.237633 0.641017
vt 0.236682 0.642363
vt 0.270215 0.645725
vt 0.274616 0.646315
vt 0.272778 0.648639
vt 0.357029 0.645344
vt 0.328835 0.648682
vt 0.343425 0.648126
vt 0.345090 0.646780
vt 0.348720 0.644698
vt 0.295775 0.644284
vt 0.256268 0.649301
vt 0.378433 0.660175
vt 0.240553 0.646461
vt 0.245044 0.644035
vt 0.248135 0.641595
vt 0.245335 0.641795
vt 0.245880 0.640399
vt 0.331120 0.650260
vt 0.296126 0.652025
vt 0.295199 0.650250
vt 0.258254 0.643271
vt 0.296272 0.649048
vt 0.310794 0.665921
vt 0.306931 0.666893
vt 0.310122 0.664291
vt 0.310098 0.667539
vt 0.306710 0.663738
vt 0.312339 0.666883
vt 0.312992 0.668124
vt 0.227657 0.665956
vt 0.225986 0.664896
vt 0.227260 0.663674
vt 0.241296 0.664662
vt 0.236985 0.663886
vt 0.239945 0.661461
vt 0.224159 0.665199
vt 0.225514 0.663346
vt 0.229660 0.659517
vt 0.231070 0.661852
vt 0.228358 0.660843
vt 0.235321 0.640108
vt 0.234040 0.638834
vt 0.236926 0.638413
vt 0.235260 0.636815
vt 0.345929 0.645598
vt 0.232681 0.637332
vt 0.233678 0.635093
vt 0.233436 0.640540
vt 0.338671 0.647924
vt 0.333891 0.648090
vt 0.334771 0.643973
vt 0.237012 0.639879
vt 0.235602 0.635456
vt 0.233967 0.642207
vt 0.237507 0.634425
vt 0.235877 0.634214
vt 0.237580 0.635996
vt 0.238681 0.634190
vt 0.239947 0.637927
vt 0.239016 0.639775
vt 0.239666 0.631210
vt 0.240345 0.632766
vt 0.245341 0.648437
vt 0.250683 0.649720
vt 0.247509 0.651841
vt 0.346945 0.652565
vt 0.240679 0.635618
vt 0.241714 0.639026
vt 0.240540 0.639326
vt 0.242510 0.637887
vt 0.296692 0.646056
vt 0.240968 0.650528
vt 0.292355 0.657544
vt 0.295462 0.656511
vt 0.295006 0.659575
vt 0.336414 0.656338
vt 0.341062 0.654489
vt 0.341424 0.657183
vt 0.305157 0.658586
vt 0.303942 0.656607
vt 0.306538 0.656022
vt 0.289259 0.658186
vt 0.323950 0.661626
vt 0.323219 0.659597
vt 0.326923 0.660301
vt 0.326463 0.663044
vt 0.329174 0.662212
vt 0.330392 0.664630
vt 0.254102 0.636807
vt 0.361811 0.643293
vt 0.364379 0.643282
vt 0.362583 0.644422
vt 0.358707 0.646719
vt 0.242359 0.642009
vt 0.340738 0.662826
vt 0.338387 0.664615
vt 0.336157 0.663200
vt 0.297292 0.654497
vt 0.347859 0.650227
vt 0.345607 0.649130
vt 0.235554 0.644707
vt 0.347415 0.654847
vt 0.346725 0.644251
vt 0.298742 0.643095
vt 0.300554 0.640934
vt 0.267887 0.643567
vt 0.264661 0.643070
vt 0.266756 0.640422
vt 0.248740 0.646694
vt 0.244950 0.646354
vt 0.284158 0.647163
vt 0.370766 0.656629
vt 0.344950 0.656336
vt 0.347435 0.658597
vt 0.344491 0.658955
vt 0.242649 0.633127
vt 0.241529 0.633882
vt 0.241287 0.640291
vt 0.298293 0.650496
vt 0.375058 0.651258
vt 0.371411 0.651440
vt 0.374444 0.648749
vt 0.360952 0.650241
vt 0.361211 0.651930
vt 0.341460 0.646756
vt 0.342078 0.645417
vt 0.279230 0.645418
vt 0.344668 0.651038
vt 0.361971 0.641070
vt 0.347775 0.656686
vt 0.343062 0.660870
vt 0.341780 0.659078
vt 0.377897 0.656558
vt 0.338415 0.658557
vt 0.359876 0.644798
vt 0.257077 0.640257
vt 0.368417 0.645634
vt 0.362668 0.645900
vt 0.365407 0.644454
vt 0.302358 0.644217
vt 0.271154 0.654299
vt 0.266773 0.652933
vt 0.344875 0.654228
vt 0.314122 0.648623
vt 0.245610 0.634408
vt 0.244671 0.634173
vt 0.245757 0.632994
vt 0.238543 0.634916
vt 0.314709 0.655183
vt 0.300204 0.654902
vt 0.299950 0.652563
vt 0.303585 0.654112
vt 0.367706 0.642170
vt 0.342497 0.647455
vt 0.308264 0.645010
vt 0.300290 0.646142
vt 0.345344 0.642897
vt 0.341364 0.649757
vt 0.343297 0.652776
vt 0.322120 0.655481
vt 0.235941 0.631648
vt 0.367070 0.648248
vt 0.369227 0.649713
vt 0.366097 0.650027
vt 0.302422 0.650794
vt 0.246438 0.634627
vt 0.379413 0.650573
vt 0.385703 0.651269
vt 0.279775 0.649191
vt 0.341244 0.651426
vt 0.380232 0.655522
vt 0.377527 0.653010
vt 0.232340 0.648273
vt 0.363644 0.649195
vt 0.319889 0.657899
vt 0.326300 0.657012
vt 0.337174 0.649382
vt 0.335852 0.651073
vt 0.246242 0.638631
vt 0.309304 0.648416
vt 0.307073 0.651874
vt 0.249484 0.639059
vt 0.247475 0.636258
vt 0.275775 0.652184
vt 0.339576 0.652695
vt 0.337417 0.641725
vt 0.334606 0.664695
vt 0.338375 0.666616
vt 0.325534 0.654055
vt 0.363764 0.651074
vt 0.364360 0.647424
vt 0.329625 0.652316
vt 0.324251 0.652063
vt 0.354394 0.654132
vt 0.243883 0.636925
vt 0.229430 0.636770
vt 0.229722 0.635079
vt 0.231307 0.635781
vt 0.232148 0.639918
vt 0.231137 0.638888
vt 0.232489 0.638682
vt 0.229089 0.638391
vt 0.229950 0.638295
vt 0.229385 0.639630
vt 0.227030 0.639705
vt 0.228095 0.638260
vt 0.227955 0.639974
vt 0.230157 0.639389
vt 0.230419 0.641187
vt 0.232026 0.641406
vt 0.375340 0.658943
vt 0.227904 0.641401
vt 0.226848 0.641789
vt 0.231452 0.642657
vt 0.228982 0.641188
vt 0.229095 0.644784
vt 0.230911 0.637349
vt 0.341619 0.665470
vt 0.343010 0.667457
vt 0.307052 0.653981
vt 0.228571 0.639486
vt 0.298287 0.660100
vt 0.300599 0.659323
vt 0.300084 0.661961
vt 0.231904 0.634076
vt 0.319354 0.647339
vt 0.230408 0.634058
vt 0.242791 0.631141
vt 0.239044 0.628285
vt 0.242831 0.628847
vt 0.310340 0.650118
vt 0.329043 0.645800
vt 0.258428 0.636964
vt 0.263065 0.637782
vt 0.368912 0.654398
vt 0.365307 0.641800
vt 0.384358 0.658243
vt 0.367001 0.651973
vt 0.363629 0.653036
vt 0.235307 0.629318
vt 0.269623 0.634412
vt 0.266816 0.636740
vt 0.266604 0.633864
vt 0.273669 0.632853
vt 0.279046 0.634321
vt 0.249503 0.627356
vt 0.254540 0.627074
vt 0.256083 0.627751
vt 0.237598 0.675177
vt 0.235158 0.676861
vt 0.233732 0.674826
vt 0.265707 0.645734
vt 0.389195 0.641978
vt 0.393621 0.641558
vt 0.392123 0.643319
vt 0.224518 0.670849
vt 0.223496 0.670452
vt 0.224826 0.669691
vt 0.315327 0.656926
vt 0.224115 0.671762
vt 0.236645 0.668702
vt 0.238955 0.668942
vt 0.236820 0.670188
vt 0.225449 0.671280
vt 0.342003 0.643956
vt 0.243821 0.639957
vt 0.280452 0.651915
vt 0.234107 0.670015
vt 0.235217 0.668900
vt 0.370803 0.647420
vt 0.226175 0.669279
vt 0.329551 0.654539
vt 0.335065 0.653747
vt 0.244743 0.654175
vt 0.255873 0.630402
vt 0.259159 0.628373
vt 0.261021 0.631684
vt 0.222430 0.667533
vt 0.224098 0.668168
vt 0.272970 0.642604
vt 0.373527 0.653066
vt 0.373930 0.645532
vt 0.225262 0.668111
vt 0.270712 0.638502
vt 0.382481 0.646182
vt 0.382340 0.643758
vt 0.387001 0.644566
vt 0.258198 0.633756
vt 0.384303 0.647838
vt 0.379989 0.648097
vt 0.296626 0.639125
vt 0.254940 0.633648
vt 0.233075 0.668161
vt 0.236497 0.666780
vt 0.264016 0.634554
vt 0.265071 0.631110
vt 0.220444 0.668813
vt 0.221612 0.671048
vt 0.257713 0.626507
vt 0.289477 0.633875
vt 0.287357 0.634903
vt 0.285388 0.632885
vt 0.230994 0.678348
vt 0.302801 0.658378
vt 0.302869 0.660411
vt 0.260399 0.626345
vt 0.231519 0.673512
vt 0.233630 0.671627
vt 0.261031 0.635137
vt 0.232577 0.666418
vt 0.226401 0.667561
vt 0.238425 0.672367
vt 0.340160 0.660463
vt 0.345200 0.664668
vt 0.345458 0.666476
vt 0.262430 0.628392
vt 0.223959 0.666828
vt 0.229889 0.675403
vt 0.250556 0.656034
vt 0.244100 0.658162
vt 0.383409 0.640156
vt 0.375710 0.641658
vt 0.329925 0.655788
vt 0.232550 0.669796
vt 0.233583 0.669291
vt 0.241669 0.668026
vt 0.225403 0.666654
vt 0.245137 0.662036
vt 0.249813 0.659943
vt 0.249604 0.662883
vt 0.231177 0.632714
vt 0.229849 0.632587
vt 0.229966 0.631170
vt 0.313359 0.658029
vt 0.311945 0.659494
vt 0.228864 0.633643
vt 0.227701 0.632880
vt 0.228322 0.631680
vt 0.220208 0.666985
vt 0.232248 0.657908
vt 0.230627 0.654981
vt 0.377333 0.646531
vt 0.377885 0.644529
vt 0.313577 0.665446
vt 0.313747 0.662724
vt 0.317113 0.664494
vt 0.232775 0.632875
vt 0.232152 0.630780
vt 0.234189 0.631802
vt 0.235332 0.632684
vt 0.234280 0.633206
vt 0.237149 0.658185
vt 0.268566 0.630346
vt 0.267323 0.632187
vt 0.271470 0.628983
vt 0.309528 0.661805
vt 0.332674 0.662614
vt 0.335839 0.660687
vt 0.282974 0.635276
vt 0.280718 0.632752
vt 0.284031 0.634061
vt 0.282658 0.631955
vt 0.286180 0.636402
vt 0.250495 0.631092
vt 0.289462 0.637451
vt 0.272566 0.657934
vt 0.269990 0.659447
vt 0.267708 0.656787
vt 0.294449 0.632661
vt 0.290066 0.631053
vt 0.293013 0.636687
vt 0.298419 0.635726
vt 0.388594 0.646797
vt 0.392029 0.649046
vt 0.387712 0.649211
vt 0.286813 0.655266
vt 0.285266 0.657908
vt 0.281815 0.654934
vt 0.230313 0.667995
vt 0.228851 0.669963
vt 0.227775 0.668392
vt 0.246168 0.664719
vt 0.244071 0.666305
vt 0.331645 0.656986
vt 0.329488 0.658691
vt 0.284097 0.663221
vt 0.283338 0.661013
vt 0.287093 0.662104
vt 0.330861 0.660580
vt 0.322605 0.670077
vt 0.323206 0.667598
vt 0.326479 0.668360
vt 0.229650 0.677267
vt 0.230736 0.672296
vt 0.230639 0.670627
vt 0.315800 0.660040
vt 0.273520 0.661018
vt 0.297443 0.662148
vt 0.227875 0.675419
vt 0.229250 0.673622
vt 0.235345 0.661750
vt 0.229145 0.658231
vt 0.229794 0.656737
vt 0.335118 0.658298
vt 0.228871 0.671703
vt 0.318663 0.670881
vt 0.314187 0.671116
vt 0.318504 0.668301
vt 0.332411 0.658944
vt 0.333833 0.666377
vt 0.317398 0.662551
vt 0.294065 0.662391
vt 0.295670 0.663431
vt 0.330808 0.667569
vt 0.326061 0.665805
vt 0.390556 0.651618
vt 0.332598 0.655374
vt 0.276532 0.630276
vt 0.350661 0.667278
vt 0.354197 0.673159
vt 0.349170 0.670029
vt 0.346771 0.668087
vt 0.356626 0.671004
vt 0.347989 0.663683
vt 0.358107 0.668806
vt 0.344688 0.662649
vt 0.383525 0.649360
vt 0.392843 0.644238
vt 0.391212 0.644787
vt 0.393024 0.643551
vt 0.254549 0.625911
vt 0.393749 0.642195
vt 0.393911 0.641798
vt 0.393147 0.647565
vt 0.393324 0.648636
vt 0.276352 0.656042
vt 0.393012 0.646782
vt 0.392889 0.646108
vt 0.393987 0.654413
vt 0.341041 0.669188
vt 0.393399 0.649114
vt 0.392814 0.644946
vt 0.394074 0.651765
vt 0.393907 0.651310
vt 0.298494 0.657314
vt 0.301563 0.656716
vt 0.320416 0.661343
vt 0.319983 0.663691
vt 0.393847 0.651029
vt 0.320835 0.665598
vt 0.323102 0.663546
vt 0.308534 0.658777
vt 0.277782 0.659545
vt 0.281303 0.657892
vt 0.290469 0.662295
vt 0.314878 0.667727
vt 0.244197 0.638204
vt 0.249598 0.629125
vt 0.379697 0.661906
vt 0.375824 0.660717
vt 0.385085 0.661795
vt 0.372333 0.660958
vt 0.253676 0.649444
vt 0.368694 0.662257
vt 0.370081 0.658901
vt 0.358368 0.640844
vt 0.258198 0.622727
vt 0.250767 0.622877
vt 0.255522 0.621018
vt 0.258538 0.621645
vt 0.365967 0.653767
vt 0.257962 0.625420
vt 0.279215 0.629861
vt 0.274981 0.627782
vt 0.255346 0.624288
vt 0.270562 0.624933
vt 0.267603 0.625348
vt 0.266371 0.623238
vt 0.259994 0.624374
vt 0.258471 0.619158
vt 0.254761 0.619143
vt 0.282480 0.629641
vt 0.280853 0.626437
vt 0.283768 0.627813
vt 0.259568 0.620778
vt 0.260683 0.621441
vt 0.276517 0.627038
vt 0.265347 0.628252
vt 0.263733 0.625622
vt 0.267650 0.627056
vt 0.262635 0.619268
vt 0.262479 0.622663
vt 0.265779 0.619766
vt 0.264892 0.621336
vt 0.270046 0.620106
vt 0.271144 0.627076
vt 0.277125 0.624532
vt 0.274105 0.622618
vt 0.317171 0.666343
vt 0.317101 0.672814
vt 0.287061 0.630372
vt 0.278861 0.663014
vt 0.272775 0.663706
vt 0.305980 0.661082
vt 0.311440 0.668923
vt 0.349679 0.657795
vt 0.353381 0.661839
vt 0.350466 0.662777
vt 0.350575 0.660031
vt 0.367217 0.657134
vt 0.363310 0.657585
vt 0.365377 0.655723
vt 0.356942 0.659818
vt 0.354375 0.659691
vt 0.357186 0.657824
vt 0.352364 0.657354
vt 0.349656 0.655984
vt 0.348069 0.661110
vt 0.360842 0.655072
vt 0.360570 0.656537
vt 0.357768 0.654775
vt 0.346438 0.659871
vt 0.360654 0.658437
vt 0.359535 0.660266
vt 0.365373 0.659578
vt 0.362705 0.661944
vt 0.362392 0.659767
vt 0.345909 0.661177
vt 0.354797 0.655972
vt 0.351228 0.663756
vt 0.351259 0.664540
vt 0.356897 0.661597
vt 0.361343 0.653236
vt 0.358048 0.664080
vt 0.360830 0.663547
vt 0.352644 0.663585
vt 0.365591 0.661682
vt 0.355222 0.663347
vt 0.360242 0.654082
vt 0.359202 0.652915
vt 0.362843 0.655657
vt 0.355127 0.665269
vt 0.361930 0.667363
vt 0.364197 0.654561
vt 0.362221 0.654315
vt 0.366705 0.663569
vt 0.364160 0.664434
vt 0.366190 0.654613
vt 0.281760 0.665471
vt 0.277185 0.668112
vt 0.275691 0.665677
vt 0.259698 0.664756
vt 0.262863 0.664642
vt 0.260372 0.666583
vt 0.238988 0.670403
vt 0.250785 0.669393
vt 0.254103 0.668991
vt 0.252748 0.671180
vt 0.241878 0.672192
vt 0.240815 0.670304
vt 0.244842 0.669061
vt 0.243402 0.670657
vt 0.242499 0.678441
vt 0.241086 0.674601
vt 0.244314 0.673474
vt 0.252946 0.663763
vt 0.255741 0.664507
vt 0.253423 0.666142
vt 0.256307 0.666955
vt 0.239016 0.676977
vt 0.261025 0.662742
vt 0.258394 0.662672
vt 0.247396 0.667535
vt 0.247414 0.670792
vt 0.297101 0.663602
vt 0.251221 0.667517
vt 0.262954 0.670265
vt 0.261253 0.670066
vt 0.260834 0.668673
vt 0.245152 0.670771
vt 0.250271 0.665358
vt 0.272972 0.667732
vt 0.269845 0.666409
vt 0.259170 0.670915
vt 0.250401 0.671539
vt 0.299282 0.666551
vt 0.257574 0.669231
vt 0.258576 0.667763
vt 0.248211 0.673658
vt 0.233139 0.678395
vt 0.257543 0.665286
vt 0.244523 0.667595
vt 0.265214 0.666214
vt 0.267272 0.663597
vt 0.257904 0.659503
vt 0.255501 0.661798
vt 0.261078 0.659863
vt 0.263898 0.661559
vt 0.252688 0.661472
vt 0.258581 0.666452
vt 0.265895 0.668420
vt 0.303749 0.664674
vt 0.302963 0.662723
vt 0.245739 0.676870
vt 0.255941 0.671429
vt 0.262499 0.666874
vt 0.266961 0.660227
vt 0.263430 0.668057
vt 0.270144 0.661739
vt 0.269150 0.669029
vt 0.283779 0.668564
vt 0.230471 0.664974
vt 0.233500 0.664230
vt 0.228840 0.663766
vt 0.287498 0.660286
vt 0.226923 0.673240
vt 0.233861 0.660107
vt 0.264397 0.651669
vt 0.227335 0.670637
vt 0.325690 0.675902
vt 0.322616 0.675262
vt 0.326975 0.673215
vt 0.228434 0.662347
vt 0.251658 0.672873
vt 0.250427 0.675228
vt 0.253794 0.672874
vt 0.254063 0.673618
vt 0.253141 0.674587
vt 0.374082 0.662760
vt 0.370790 0.665681
vt 0.269709 0.674855
vt 0.272297 0.678445
vt 0.268499 0.678506
vt 0.350935 0.674903
vt 0.347019 0.676004
vt 0.346981 0.672888
vt 0.333163 0.669571
vt 0.335927 0.668627
vt 0.273513 0.673192
vt 0.269154 0.671591
vt 0.272661 0.669897
vt 0.329558 0.669944
vt 0.326445 0.669739
vt 0.335797 0.675364
vt 0.333387 0.673212
vt 0.336926 0.672563
vt 0.376752 0.662421
vt 0.261723 0.672429
vt 0.263863 0.672866
vt 0.261809 0.674382
vt 0.261638 0.676707
vt 0.259819 0.675910
vt 0.328058 0.675047
vt 0.282184 0.672540
vt 0.278530 0.678150
vt 0.277269 0.671863
vt 0.227034 0.662118
vt 0.326519 0.671114
vt 0.323529 0.672103
vt 0.255145 0.673676
vt 0.263535 0.676006
vt 0.260814 0.671485
vt 0.264227 0.658296
vt 0.264031 0.654729
vt 0.254352 0.659114
vt 0.259476 0.653716
vt 0.257749 0.655063
vt 0.256950 0.652651
vt 0.262179 0.656742
vt 0.259651 0.656749
vt 0.251554 0.652860
vt 0.254021 0.651364
vt 0.254835 0.654694
vt 0.259340 0.650652
vt 0.261123 0.651982
vt 0.262766 0.652258
vt 0.261533 0.654384
vt 0.254565 0.656754
vt 0.256862 0.657157
vt 0.232129 0.644616
vt 0.226786 0.637445
vt 0.227804 0.636047
vt 0.224669 0.636005
vt 0.225537 0.634886
vt 0.225816 0.636671
vt 0.224577 0.634474
vt 0.226741 0.632476
vt 0.227498 0.634077
vt 0.226230 0.633254
vt 0.226559 0.635092
vt 0.218122 0.663960
vt 0.218531 0.661518
vt 0.219620 0.662964
vt 0.225270 0.633038
vt 0.228589 0.635143
vt 0.215901 0.662597
vt 0.222916 0.661563
vt 0.221505 0.662682
vt 0.221304 0.660515
vt 0.223235 0.660239
vt 0.225415 0.639019
vt 0.219136 0.667561
vt 0.215968 0.666930
vt 0.220231 0.664873
vt 0.266505 0.673297
vt 0.265982 0.670828
vt 0.265343 0.676986
vt 0.330236 0.672242
vt 0.330920 0.674997
vt 0.338312 0.676681
vt 0.339669 0.675577
vt 0.340331 0.676921
vt 0.343380 0.674446
vt 0.341078 0.672140
vt 0.344276 0.671913
vt 0.220579 0.662349
vt 0.345785 0.669860
vt 0.378617 0.665082
vt 0.374343 0.666614
vt 0.378706 0.663268
vt 0.220224 0.661095
vt 0.264850 0.674133
vt 0.320014 0.673825
vt 0.222634 0.664061
vt 0.226938 0.658582
vt 0.228059 0.657264
vt 0.226803 0.660716
vt 0.225833 0.661781
vt 0.228748 0.655985
vt 0.227306 0.656541
vt 0.225625 0.660703
vt 0.225777 0.659510
vt 0.226644 0.659736
vt 0.227896 0.659527
vt 0.258589 0.673991
vt 0.222761 0.659052
vt 0.224758 0.658261
vt 0.224475 0.660281
vt 0.224219 0.662191
vt 0.224165 0.663618
vt 0.338994 0.670515
vt 0.333192 0.671284
vt 0.336565 0.678499
vt 0.332082 0.678406
vt 0.335661 0.670491
vt 0.226689 0.657630
vt 0.226059 0.657039
vt 0.328212 0.678506
vt 0.255140 0.675566
vt 0.341332 0.670863
vt 0.340197 0.674107
vt 0.341176 0.675374
vt 0.251841 0.671673
vt 0.339607 0.677937
vt 0.247868 0.676373
vt 0.341758 0.676634
vt 0.342506 0.675448
vt 0.368216 0.664697
vt 0.492466 0.745036
vt 0.492755 0.742894
vt 0.493747 0.745223
vt 0.555644 0.765004
vt 0.552795 0.762855
vt 0.556272 0.761865
vt 0.511936 0.768065
vt 0.512441 0.769305
vt 0.509842 0.769535
vt 0.506695 0.770792
vt 0.504137 0.770409
vt 0.507190 0.767611
vt 0.533227 0.761641
vt 0.534390 0.760202
vt 0.536020 0.761271
vt 0.545920 0.770124
vt 0.541459 0.773792
vt 0.540219 0.769581
vt 0.593277 0.760092
vt 0.591666 0.758705
vt 0.597531 0.758903
vt 0.558636 0.760010
vt 0.561757 0.762929
vt 0.558617 0.762609
vt 0.581803 0.733590
vt 0.581491 0.735727
vt 0.579106 0.734373
vt 0.538404 0.787167
vt 0.535142 0.782406
vt 0.540301 0.784478
vt 0.567906 0.769162
vt 0.565696 0.771322
vt 0.564759 0.766047
vt 0.533076 0.735828
vt 0.532796 0.732589
vt 0.535802 0.732985
vt 0.514711 0.769242
vt 0.511822 0.771108
vt 0.533102 0.758761
vt 0.535624 0.756550
vt 0.535713 0.758892
vt 0.578264 0.732572
vt 0.554927 0.773512
vt 0.552381 0.774875
vt 0.551193 0.772053
vt 0.541982 0.727354
vt 0.539387 0.723676
vt 0.541147 0.722416
vt 0.499622 0.761901
vt 0.499679 0.763215
vt 0.498775 0.762150
vt 0.530276 0.760660
vt 0.517512 0.768444
vt 0.518866 0.769976
vt 0.516332 0.770751
vt 0.554875 0.770672
vt 0.559290 0.770753
vt 0.499160 0.758689
vt 0.499787 0.758269
vt 0.499555 0.759737
vt 0.561621 0.766989
vt 0.559476 0.764587
vt 0.548627 0.775578
vt 0.521904 0.767539
vt 0.520443 0.769109
vt 0.519571 0.767506
vt 0.510508 0.774057
vt 0.516334 0.774473
vt 0.508236 0.777677
vt 0.530017 0.732114
vt 0.530901 0.731117
vt 0.530481 0.732926
vt 0.512815 0.766485
vt 0.511609 0.764015
vt 0.514512 0.764758
vt 0.541117 0.766222
vt 0.544189 0.763418
vt 0.548768 0.765459
vt 0.528491 0.783646
vt 0.609194 0.748683
vt 0.610131 0.750284
vt 0.607504 0.750483
vt 0.558348 0.774155
vt 0.556378 0.778232
vt 0.510546 0.767070
vt 0.553871 0.759976
vt 0.526642 0.765468
vt 0.528257 0.767093
vt 0.526894 0.767115
vt 0.535666 0.764402
vt 0.539676 0.762619
vt 0.548864 0.761860
vt 0.526341 0.737941
vt 0.527786 0.736943
vt 0.527951 0.739254
vt 0.524037 0.793801
vt 0.528434 0.787985
vt 0.530308 0.790254
vt 0.524573 0.779991
vt 0.520772 0.776878
vt 0.528526 0.775985
vt 0.542862 0.728868
vt 0.542826 0.729216
vt 0.588001 0.739331
vt 0.585100 0.736792
vt 0.589653 0.735597
vt 0.605826 0.749417
vt 0.607116 0.747510
vt 0.605721 0.746293
vt 0.603680 0.748087
vt 0.572699 0.734941
vt 0.569754 0.735687
vt 0.570125 0.732979
vt 0.598077 0.741030
vt 0.598521 0.737700
vt 0.601325 0.738994
vt 0.594965 0.740175
vt 0.514808 0.767067
vt 0.516042 0.767569
vt 0.516839 0.766052
vt 0.539379 0.725987
vt 0.537388 0.725678
vt 0.594209 0.746007
vt 0.591450 0.746054
vt 0.592231 0.744215
vt 0.590124 0.747662
vt 0.592095 0.747152
vt 0.537355 0.722185
vt 0.535246 0.777695
vt 0.532687 0.774386
vt 0.535760 0.773299
vt 0.538695 0.728362
vt 0.589131 0.745080
vt 0.585168 0.745431
vt 0.588166 0.742602
vt 0.532310 0.723474
vt 0.534632 0.723755
vt 0.532123 0.724492
vt 0.524946 0.767323
vt 0.523283 0.765279
vt 0.529041 0.721618
vt 0.530493 0.719737
vt 0.530679 0.722367
vt 0.532523 0.726347
vt 0.530748 0.725624
vt 0.534746 0.727239
vt 0.533362 0.729698
vt 0.533164 0.727845
vt 0.536524 0.728603
vt 0.528517 0.729692
vt 0.528460 0.732282
vt 0.530517 0.779774
vt 0.498896 0.763108
vt 0.496219 0.760856
vt 0.495505 0.760689
vt 0.495801 0.759845
vt 0.544592 0.730166
vt 0.541992 0.730851
vt 0.593150 0.748401
vt 0.499832 0.755236
vt 0.499427 0.754134
vt 0.500115 0.754107
vt 0.602432 0.745788
vt 0.497508 0.760492
vt 0.499037 0.760799
vt 0.530277 0.724298
vt 0.527942 0.723653
vt 0.558989 0.740083
vt 0.561465 0.741563
vt 0.558850 0.741995
vt 0.537097 0.730294
vt 0.597776 0.743490
vt 0.594848 0.742895
vt 0.604383 0.739769
vt 0.600901 0.742687
vt 0.538494 0.775904
vt 0.515463 0.772512
vt 0.517665 0.771813
vt 0.604493 0.743052
vt 0.606118 0.741369
vt 0.608554 0.742190
vt 0.535012 0.729173
vt 0.534729 0.730879
vt 0.572704 0.737181
vt 0.527587 0.726617
vt 0.530309 0.727303
vt 0.596361 0.744611
vt 0.598261 0.745680
vt 0.567775 0.731519
vt 0.566565 0.733665
vt 0.565634 0.730904
vt 0.592529 0.742647
vt 0.551820 0.768598
vt 0.563124 0.729212
vt 0.563774 0.731925
vt 0.561177 0.730374
vt 0.492097 0.750813
vt 0.494001 0.750360
vt 0.493115 0.753203
vt 0.497908 0.762631
vt 0.535937 0.730270
vt 0.596058 0.747914
vt 0.533694 0.789217
vt 0.532916 0.790765
vt 0.609542 0.747167
vt 0.495990 0.758681
vt 0.523783 0.769386
vt 0.521886 0.769192
vt 0.541838 0.778901
vt 0.545137 0.783483
vt 0.539189 0.781710
vt 0.499993 0.761173
vt 0.532572 0.720970
vt 0.608879 0.745173
vt 0.611480 0.746329
vt 0.500421 0.762553
vt 0.499090 0.756101
vt 0.580850 0.737892
vt 0.524243 0.772519
vt 0.519468 0.785256
vt 0.524751 0.782043
vt 0.556245 0.768328
vt 0.569440 0.730248
vt 0.566878 0.729597
vt 0.546931 0.727157
vt 0.592046 0.737955
vt 0.594985 0.737908
vt 0.523242 0.721974
vt 0.521297 0.722911
vt 0.520515 0.720310
vt 0.591633 0.741127
vt 0.539499 0.759011
vt 0.584186 0.741950
vt 0.558768 0.767190
vt 0.557871 0.727406
vt 0.528273 0.762756
vt 0.531252 0.764306
vt 0.528503 0.764309
vt 0.559558 0.725332
vt 0.519493 0.723253
vt 0.495134 0.759399
vt 0.517452 0.724234
vt 0.516561 0.722372
vt 0.518159 0.721988
vt 0.607983 0.739087
vt 0.496884 0.762082
vt 0.565320 0.727507
vt 0.563508 0.725556
vt 0.590926 0.742918
vt 0.526251 0.730615
vt 0.524413 0.729520
vt 0.500208 0.756738
vt 0.543917 0.733340
vt 0.490575 0.749016
vt 0.490155 0.751876
vt 0.488659 0.750684
vt 0.546036 0.786062
vt 0.558272 0.730325
vt 0.500908 0.758456
vt 0.501552 0.757059
vt 0.502689 0.759722
vt 0.500205 0.753067
vt 0.501100 0.751507
vt 0.501145 0.753345
vt 0.547571 0.730972
vt 0.547717 0.734628
vt 0.605977 0.744588
vt 0.545300 0.777464
vt 0.548939 0.780614
vt 0.611993 0.744776
vt 0.494573 0.754871
vt 0.515814 0.738711
vt 0.519819 0.738886
vt 0.518145 0.741507
vt 0.517536 0.719414
vt 0.514839 0.721822
vt 0.514232 0.719517
vt 0.520712 0.724087
vt 0.578478 0.735916
vt 0.518829 0.734826
vt 0.520928 0.736438
vt 0.518265 0.736893
vt 0.527068 0.731142
vt 0.530942 0.734988
vt 0.514968 0.729949
vt 0.513861 0.731978
vt 0.512394 0.730383
vt 0.531459 0.728549
vt 0.513156 0.722162
vt 0.513790 0.723663
vt 0.568227 0.728237
vt 0.530423 0.741044
vt 0.530434 0.737873
vt 0.535378 0.719230
vt 0.557772 0.734357
vt 0.560681 0.738368
vt 0.555254 0.737802
vt 0.583842 0.739326
vt 0.580385 0.740580
vt 0.612447 0.739887
vt 0.613470 0.742375
vt 0.512050 0.732142
vt 0.571681 0.731387
vt 0.572969 0.732987
vt 0.567851 0.764868
vt 0.491735 0.752966
vt 0.519098 0.768678
vt 0.528056 0.719961
vt 0.527357 0.721962
vt 0.516734 0.793619
vt 0.527293 0.769035
vt 0.574861 0.738412
vt 0.575760 0.736568
vt 0.577528 0.738627
vt 0.491021 0.754261
vt 0.492264 0.754768
vt 0.525660 0.720778
vt 0.571910 0.740678
vt 0.572973 0.739068
vt 0.575736 0.740759
vt 0.516441 0.727006
vt 0.518181 0.729986
vt 0.519726 0.725583
vt 0.521749 0.726635
vt 0.519846 0.727974
vt 0.524098 0.726856
vt 0.522471 0.724663
vt 0.570321 0.728399
vt 0.526229 0.735492
vt 0.528550 0.734662
vt 0.561090 0.732834
vt 0.487995 0.749192
vt 0.491061 0.746317
vt 0.488643 0.746695
vt 0.513921 0.734104
vt 0.512591 0.733435
vt 0.571238 0.730004
vt 0.525648 0.724990
vt 0.522139 0.728217
vt 0.525058 0.738812
vt 0.525890 0.740706
vt 0.523809 0.739938
vt 0.521583 0.741308
vt 0.522177 0.739361
vt 0.529548 0.736049
vt 0.525489 0.723152
vt 0.513128 0.728127
vt 0.524242 0.741674
vt 0.526385 0.733997
vt 0.523641 0.734829
vt 0.524929 0.732394
vt 0.523418 0.743888
vt 0.520554 0.743950
vt 0.520702 0.770988
vt 0.515593 0.781885
vt 0.509098 0.782453
vt 0.511943 0.779123
vt 0.513468 0.725676
vt 0.515332 0.724116
vt 0.516100 0.735392
vt 0.512940 0.736746
vt 0.510508 0.733783
vt 0.511971 0.734818
vt 0.534072 0.769515
vt 0.537319 0.770550
vt 0.562170 0.744103
vt 0.493439 0.755787
vt 0.490680 0.755794
vt 0.489546 0.754396
vt 0.492593 0.756492
vt 0.491678 0.755900
vt 0.530804 0.767756
vt 0.533571 0.766742
vt 0.520398 0.732292
vt 0.521023 0.729560
vt 0.489987 0.745247
vt 0.572454 0.730542
vt 0.550798 0.740176
vt 0.530679 0.771579
vt 0.493599 0.758330
vt 0.490944 0.758160
vt 0.524658 0.736924
vt 0.529175 0.765794
vt 0.555479 0.742195
vt 0.522385 0.733483
vt 0.564578 0.740736
vt 0.565080 0.736945
vt 0.568242 0.739981
vt 0.509609 0.766064
vt 0.509435 0.764900
vt 0.509906 0.762097
vt 0.511849 0.759043
vt 0.492441 0.746431
vt 0.575840 0.734040
vt 0.523775 0.719586
vt 0.510521 0.759718
vt 0.509337 0.759671
vt 0.508253 0.764181
vt 0.574509 0.731422
vt 0.523179 0.787330
vt 0.517785 0.733733
vt 0.507719 0.761941
vt 0.505665 0.760205
vt 0.504320 0.757919
vt 0.578151 0.737122
vt 0.510405 0.731683
vt 0.507529 0.759521
vt 0.522569 0.738075
vt 0.503986 0.763624
vt 0.505975 0.762577
vt 0.516438 0.732497
vt 0.499636 0.748626
vt 0.498458 0.749135
vt 0.499502 0.747075
vt 0.506309 0.764769
vt 0.498166 0.747975
vt 0.497631 0.746820
vt 0.498742 0.746197
vt 0.498589 0.753907
vt 0.499617 0.752279
vt 0.496905 0.749524
vt 0.500719 0.742361
vt 0.501431 0.743551
vt 0.500012 0.744934
vt 0.513802 0.762126
vt 0.507375 0.756541
vt 0.502095 0.766205
vt 0.504246 0.766914
vt 0.538394 0.731345
vt 0.528216 0.741857
vt 0.526071 0.742720
vt 0.538257 0.734039
vt 0.501623 0.763244
vt 0.536850 0.735413
vt 0.538339 0.737043
vt 0.540174 0.730079
vt 0.540113 0.732601
vt 0.546392 0.738054
vt 0.503977 0.768890
vt 0.540087 0.735365
vt 0.536370 0.737888
vt 0.501084 0.765484
vt 0.500349 0.764586
vt 0.542612 0.740619
vt 0.540918 0.739905
vt 0.542716 0.737552
vt 0.540144 0.737855
vt 0.541823 0.733972
vt 0.544523 0.735553
vt 0.542978 0.734922
vt 0.521088 0.734449
vt 0.491364 0.744266
vt 0.510457 0.729646
vt 0.546210 0.741773
vt 0.508562 0.733209
vt 0.535090 0.736324
vt 0.492932 0.747953
vt 0.494331 0.746652
vt 0.584175 0.735121
vt 0.512019 0.723628
vt 0.508357 0.734944
vt 0.523338 0.739016
vt 0.514460 0.742225
vt 0.510177 0.738236
vt 0.509618 0.736307
vt 0.569666 0.725532
vt 0.496128 0.755450
vt 0.495403 0.751915
vt 0.496610 0.753068
vt 0.565618 0.725727
vt 0.506585 0.737110
vt 0.507667 0.739006
vt 0.511927 0.739596
vt 0.561708 0.735512
vt 0.553916 0.728419
vt 0.530215 0.793801
vt 0.505286 0.735660
vt 0.506795 0.734649
vt 0.567369 0.735682
vt 0.495261 0.743181
vt 0.497816 0.751094
vt 0.500808 0.747166
vt 0.513484 0.767942
vt 0.568145 0.737291
vt 0.563465 0.734210
vt 0.508479 0.772363
vt 0.513951 0.771641
vt 0.495491 0.747411
vt 0.509340 0.740153
vt 0.550820 0.731796
vt 0.525093 0.763063
vt 0.527083 0.763780
vt 0.496760 0.746989
vt 0.496569 0.745682
vt 0.502055 0.741291
vt 0.502867 0.742067
vt 0.504181 0.737715
vt 0.504912 0.740127
vt 0.498518 0.742082
vt 0.498374 0.744760
vt 0.497321 0.745328
vt 0.502525 0.735770
vt 0.503818 0.735049
vt 0.503066 0.737035
vt 0.554402 0.733424
vt 0.507223 0.787357
vt 0.499079 0.743162
vt 0.499634 0.741968
vt 0.564305 0.743129
vt 0.496994 0.758029
vt 0.498839 0.757686
vt 0.502485 0.739068
vt 0.496677 0.744031
vt 0.500750 0.760476
vt 0.499538 0.743889
vt 0.501470 0.735317
vt 0.501489 0.734798
vt 0.497198 0.756087
vt 0.497595 0.753687
vt 0.537254 0.757368
vt 0.501594 0.740013
vt 0.503224 0.740169
vt 0.502343 0.754754
vt 0.500864 0.755180
vt 0.494669 0.757394
vt 0.498151 0.756015
vt 0.500679 0.745658
vt 0.536856 0.790853
vt 0.502257 0.744994
vt 0.536686 0.767758
vt 0.504057 0.742814
vt 0.499411 0.735639
vt 0.499345 0.733466
vt 0.500591 0.733923
vt 0.506863 0.742266
vt 0.544351 0.760482
vt 0.502821 0.756740
vt 0.502438 0.752479
vt 0.498710 0.751572
vt 0.500535 0.749812
vt 0.495822 0.741448
vt 0.499031 0.750048
vt 0.498261 0.758654
vt 0.502624 0.747564
vt 0.500670 0.740928
vt 0.560357 0.776700
vt 0.502737 0.750136
vt 0.596378 0.760481
vt 0.599682 0.760626
vt 0.504841 0.745179
vt 0.510542 0.742306
vt 0.570529 0.738295
vt 0.599746 0.748319
vt 0.601702 0.750739
vt 0.596105 0.750568
vt 0.517262 0.744100
vt 0.519053 0.745895
vt 0.518358 0.766698
vt 0.519790 0.765490
vt 0.522016 0.746369
vt 0.521941 0.744725
vt 0.534923 0.739024
vt 0.533407 0.738328
vt 0.557647 0.753004
vt 0.561028 0.755083
vt 0.557825 0.755420
vt 0.525830 0.752068
vt 0.524678 0.754347
vt 0.524084 0.752426
vt 0.532238 0.739731
vt 0.533647 0.740279
vt 0.573921 0.753711
vt 0.576008 0.753215
vt 0.575155 0.755335
vt 0.573653 0.742643
vt 0.614644 0.761783
vt 0.611862 0.762779
vt 0.611598 0.760837
vt 0.516049 0.750981
vt 0.516180 0.754109
vt 0.512098 0.753914
vt 0.533274 0.742788
vt 0.530429 0.743714
vt 0.514362 0.756044
vt 0.614806 0.759816
vt 0.580285 0.749775
vt 0.578592 0.747655
vt 0.580801 0.747292
vt 0.531230 0.751042
vt 0.531752 0.749286
vt 0.533789 0.749713
vt 0.579761 0.744914
vt 0.521688 0.763669
vt 0.549526 0.758773
vt 0.567312 0.762109
vt 0.566466 0.760084
vt 0.570352 0.762198
vt 0.532206 0.755444
vt 0.529075 0.756484
vt 0.529289 0.754780
vt 0.614762 0.762943
vt 0.610843 0.759532
vt 0.608562 0.759076
vt 0.613052 0.757772
vt 0.527868 0.748442
vt 0.527361 0.749271
vt 0.526522 0.748750
vt 0.578636 0.742588
vt 0.581105 0.742739
vt 0.553892 0.751041
vt 0.552302 0.748289
vt 0.554761 0.748579
vt 0.527773 0.758795
vt 0.526846 0.757015
vt 0.537482 0.739209
vt 0.539223 0.739856
vt 0.587468 0.747291
vt 0.596602 0.756766
vt 0.591285 0.755904
vt 0.572530 0.755268
vt 0.573871 0.756889
vt 0.570798 0.757248
vt 0.536222 0.740069
vt 0.536283 0.742604
vt 0.534799 0.741396
vt 0.573898 0.745112
vt 0.576398 0.743625
vt 0.576974 0.750281
vt 0.552992 0.757316
vt 0.574587 0.759419
vt 0.580664 0.762207
vt 0.575242 0.762183
vt 0.610257 0.757075
vt 0.605863 0.758318
vt 0.606857 0.756902
vt 0.602153 0.757515
vt 0.520124 0.751056
vt 0.522493 0.752674
vt 0.519524 0.753362
vt 0.565148 0.754127
vt 0.563784 0.756088
vt 0.563222 0.757556
vt 0.523247 0.750205
vt 0.566745 0.757315
vt 0.517594 0.763903
vt 0.517043 0.762129
vt 0.519070 0.762100
vt 0.521661 0.760949
vt 0.518173 0.759364
vt 0.574771 0.764629
vt 0.570934 0.764767
vt 0.565075 0.745757
vt 0.567292 0.743502
vt 0.613826 0.763498
vt 0.614704 0.764582
vt 0.530564 0.757905
vt 0.583874 0.747621
vt 0.583447 0.746619
vt 0.515068 0.757990
vt 0.514911 0.760044
vt 0.537951 0.747579
vt 0.537462 0.745480
vt 0.541298 0.747240
vt 0.532297 0.738015
vt 0.554143 0.745685
vt 0.558996 0.744730
vt 0.541042 0.743203
vt 0.550328 0.756129
vt 0.554214 0.754607
vt 0.569931 0.759533
vt 0.576516 0.757291
vt 0.579961 0.759057
vt 0.558006 0.749820
vt 0.560138 0.747729
vt 0.512325 0.744475
vt 0.584551 0.751683
vt 0.586865 0.752613
vt 0.585377 0.753442
vt 0.603086 0.764336
vt 0.603532 0.761313
vt 0.607013 0.762964
vt 0.536367 0.744071
vt 0.535376 0.744356
vt 0.535256 0.743108
vt 0.605265 0.753456
vt 0.604009 0.752544
vt 0.605301 0.752807
vt 0.596081 0.753867
vt 0.601069 0.753324
vt 0.600786 0.755494
vt 0.544840 0.756455
vt 0.549095 0.752970
vt 0.605177 0.751022
vt 0.606128 0.751999
vt 0.534442 0.747529
vt 0.536377 0.748815
vt 0.565024 0.762435
vt 0.522452 0.759046
vt 0.524885 0.759402
vt 0.521664 0.754718
vt 0.522615 0.757026
vt 0.519215 0.755843
vt 0.570809 0.742922
vt 0.570069 0.745828
vt 0.585432 0.748690
vt 0.588160 0.749233
vt 0.526412 0.749978
vt 0.578716 0.752916
vt 0.577299 0.755248
vt 0.573254 0.751586
vt 0.528736 0.745482
vt 0.527947 0.743728
vt 0.556431 0.757364
vt 0.609652 0.755228
vt 0.613341 0.755308
vt 0.578231 0.756895
vt 0.603874 0.754386
vt 0.530443 0.753241
vt 0.527670 0.753597
vt 0.528466 0.751560
vt 0.606416 0.752942
vt 0.539815 0.752059
vt 0.536041 0.753763
vt 0.536439 0.750965
vt 0.562322 0.750628
vt 0.560704 0.752605
vt 0.504258 0.755588
vt 0.586597 0.755029
vt 0.567821 0.756069
vt 0.582343 0.746036
vt 0.582385 0.747853
vt 0.602375 0.759193
vt 0.605452 0.759720
vt 0.537848 0.741614
vt 0.539564 0.755365
vt 0.536111 0.746995
vt 0.534673 0.745580
vt 0.607322 0.760820
vt 0.598737 0.752271
vt 0.507906 0.752190
vt 0.504554 0.752705
vt 0.567710 0.746022
vt 0.566908 0.747950
vt 0.574497 0.749258
vt 0.607407 0.753912
vt 0.605156 0.755842
vt 0.524892 0.748082
vt 0.608955 0.751864
vt 0.532915 0.746703
vt 0.531074 0.746070
vt 0.532506 0.744913
vt 0.505879 0.748885
vt 0.569241 0.752712
vt 0.569519 0.754947
vt 0.564159 0.748307
vt 0.591259 0.750084
vt 0.612993 0.763796
vt 0.526790 0.747065
vt 0.526271 0.744826
vt 0.613339 0.759217
vt 0.580041 0.755610
vt 0.516614 0.756655
vt 0.583216 0.756582
vt 0.587591 0.757443
vt 0.584450 0.758742
vt 0.525931 0.758125
vt 0.520872 0.762564
vt 0.519546 0.763516
vt 0.569640 0.748556
vt 0.572977 0.747543
vt 0.572311 0.749486
vt 0.586489 0.759852
vt 0.587998 0.759284
vt 0.508981 0.745724
vt 0.516741 0.746068
vt 0.514021 0.747179
vt 0.514831 0.744812
vt 0.571712 0.753665
vt 0.613413 0.752279
vt 0.608725 0.763838
vt 0.544148 0.750129
vt 0.539227 0.749425
vt 0.566748 0.750605
vt 0.525240 0.756257
vt 0.527132 0.755423
vt 0.605941 0.765017
vt 0.583301 0.754194
vt 0.546925 0.746640
vt 0.524770 0.761000
vt 0.522699 0.762180
vt 0.516035 0.764464
vt 0.549633 0.749724
vt 0.583569 0.760810
vt 0.582576 0.744100
vt 0.524189 0.758286
vt 0.600361 0.763420
vt 0.533364 0.752307
vt 0.577062 0.745761
vt 0.562572 0.759875
vt 0.559844 0.757380
vt 0.549911 0.728198
vt 0.575881 0.747635
vt 0.543689 0.723776
vt 0.525111 0.757378
vt 0.515697 0.763147
vt 0.515790 0.761472
vt 0.537741 0.743478
vt 0.570197 0.750625
vt 0.518866 0.748265
vt 0.510531 0.749502
vt 0.531244 0.748003
vt 0.532965 0.748201
vt 0.581498 0.752330
vt 0.526269 0.759927
vt 0.527179 0.761003
vt 0.579948 0.765035
vt 0.562391 0.746212
vt 0.597194 0.761652
vt 0.589073 0.751426
vt 0.586736 0.750687
vt 0.529232 0.747496
vt 0.568676 0.747017
vt 0.592171 0.752467
vt 0.592415 0.754181
vt 0.589199 0.763305
vt 0.524643 0.746034
vt 0.589753 0.753572
vt 0.505282 0.733933
vt 0.529258 0.749529
vt 0.593966 0.761339
vt 0.561323 0.788140
vt 0.583038 0.749697
vt 0.564643 0.775273
vt 0.570684 0.767871
vt 0.594333 0.763103
vt 0.501923 0.734266
vt 0.572463 0.760872
vt 0.515181 0.717705
vt 0.597588 0.763691
vt 0.573695 0.766078
vt 0.507263 0.793026
vt 0.547453 0.793801
vt 0.543608 0.753264
vt 0.288265 0.121338
vt 0.288659 0.122608
vt 0.286618 0.122992
vt 0.280556 0.083824
vt 0.277766 0.084477
vt 0.279572 0.081651
vt 0.288075 0.094488
vt 0.288768 0.097016
vt 0.286148 0.097079
vt 0.272202 0.086605
vt 0.269970 0.089007
vt 0.269891 0.085299
vt 0.267361 0.081993
vt 0.267012 0.077661
vt 0.271138 0.082595
vt 0.262055 0.102742
vt 0.263206 0.100069
vt 0.264123 0.102787
vt 0.262828 0.113380
vt 0.265910 0.112458
vt 0.264413 0.115866
vt 0.265840 0.100065
vt 0.292981 0.088235
vt 0.295603 0.085469
vt 0.296472 0.088247
vt 0.295981 0.079713
vt 0.297594 0.076504
vt 0.298441 0.080046
vt 0.267773 0.098109
vt 0.268499 0.095483
vt 0.271460 0.098092
vt 0.279708 0.072420
vt 0.283400 0.071126
vt 0.281748 0.073467
vt 0.271572 0.079814
vt 0.267714 0.086051
vt 0.262140 0.118918
vt 0.260451 0.116143
vt 0.271632 0.092852
vt 0.274582 0.092543
vt 0.274477 0.095001
vt 0.274473 0.085527
vt 0.274298 0.081321
vt 0.274018 0.089651
vt 0.274651 0.076140
vt 0.273617 0.074793
vt 0.275991 0.074926
vt 0.268367 0.100268
vt 0.265171 0.105530
vt 0.267075 0.102594
vt 0.302567 0.101813
vt 0.302121 0.101828
vt 0.302933 0.100271
vt 0.303031 0.100745
vt 0.279038 0.103632
vt 0.281235 0.101937
vt 0.280388 0.104525
vt 0.285069 0.094569
vt 0.289432 0.124193
vt 0.288748 0.123979
vt 0.290021 0.123195
vt 0.287210 0.117883
vt 0.289840 0.117388
vt 0.288165 0.119748
vt 0.290738 0.080756
vt 0.288879 0.082805
vt 0.287700 0.079712
vt 0.291110 0.083242
vt 0.270863 0.102035
vt 0.276720 0.088212
vt 0.282620 0.085891
vt 0.284144 0.083567
vt 0.284853 0.084927
vt 0.292596 0.063633
vt 0.291111 0.061703
vt 0.292981 0.060408
vt 0.295510 0.113938
vt 0.296115 0.111816
vt 0.296703 0.112509
vt 0.273105 0.079014
vt 0.283611 0.107280
vt 0.284208 0.109824
vt 0.281973 0.110044
vt 0.297941 0.111402
vt 0.297154 0.112892
vt 0.297561 0.072405
vt 0.300328 0.075452
vt 0.257856 0.108929
vt 0.255139 0.108677
vt 0.257000 0.106452
vt 0.301036 0.101949
vt 0.302066 0.100483
vt 0.300527 0.105717
vt 0.300278 0.105496
vt 0.300686 0.105275
vt 0.294877 0.065000
vt 0.292242 0.066676
vt 0.292882 0.084875
vt 0.293244 0.081409
vt 0.295072 0.082784
vt 0.287466 0.124022
vt 0.292264 0.074327
vt 0.291078 0.072667
vt 0.292503 0.073547
vt 0.293014 0.107366
vt 0.294300 0.111037
vt 0.291825 0.110519
vt 0.282670 0.096648
vt 0.281104 0.095349
vt 0.282552 0.093514
vt 0.277235 0.091997
vt 0.279396 0.119558
vt 0.280326 0.120261
vt 0.278636 0.121154
vt 0.298657 0.110176
vt 0.299373 0.110395
vt 0.294019 0.116685
vt 0.294786 0.116745
vt 0.293501 0.118149
vt 0.301229 0.103184
vt 0.257784 0.117560
vt 0.258333 0.120395
vt 0.264949 0.118383
vt 0.264184 0.120943
vt 0.285022 0.073535
vt 0.289189 0.069294
vt 0.301897 0.094810
vt 0.298506 0.094351
vt 0.301781 0.092888
vt 0.274253 0.078111
vt 0.276415 0.077128
vt 0.282507 0.082633
vt 0.282677 0.079939
vt 0.284481 0.081219
vt 0.281221 0.106916
vt 0.282216 0.103732
vt 0.272078 0.078468
vt 0.270914 0.076471
vt 0.287676 0.085506
vt 0.284837 0.086569
vt 0.297163 0.068540
vt 0.297422 0.066643
vt 0.298589 0.068326
vt 0.286402 0.126874
vt 0.285554 0.127744
vt 0.285169 0.127299
vt 0.275543 0.098120
vt 0.278662 0.095778
vt 0.286323 0.124448
vt 0.285182 0.124360
vt 0.285353 0.119525
vt 0.305340 0.093375
vt 0.305220 0.093877
vt 0.304862 0.091532
vt 0.305471 0.091421
vt 0.266525 0.107304
vt 0.262998 0.109559
vt 0.299881 0.071296
vt 0.300258 0.068082
vt 0.262149 0.105687
vt 0.259648 0.107155
vt 0.259974 0.104298
vt 0.266859 0.119322
vt 0.267805 0.116868
vt 0.273514 0.120460
vt 0.272129 0.124819
vt 0.269793 0.122171
vt 0.291068 0.104904
vt 0.293220 0.104732
vt 0.302986 0.093737
vt 0.268773 0.111226
vt 0.271075 0.111830
vt 0.268452 0.113077
vt 0.276720 0.120535
vt 0.272426 0.113341
vt 0.274122 0.114096
vt 0.271890 0.116352
vt 0.276222 0.100285
vt 0.273673 0.100310
vt 0.288746 0.077077
vt 0.290407 0.078356
vt 0.298074 0.109832
vt 0.298235 0.107854
vt 0.299081 0.108360
vt 0.278772 0.125525
vt 0.276184 0.126258
vt 0.278215 0.124173
vt 0.277253 0.079555
vt 0.279147 0.110711
vt 0.283013 0.075216
vt 0.283016 0.073310
vt 0.278946 0.088693
vt 0.274713 0.124845
vt 0.256294 0.116945
vt 0.258144 0.115077
vt 0.283274 0.114659
vt 0.280218 0.116989
vt 0.281067 0.113367
vt 0.269811 0.114485
vt 0.267133 0.114670
vt 0.292787 0.117514
vt 0.293642 0.115320
vt 0.272773 0.072633
vt 0.275421 0.073791
vt 0.260427 0.096199
vt 0.261861 0.097899
vt 0.259733 0.098331
vt 0.280872 0.099284
vt 0.278285 0.098867
vt 0.280317 0.097531
vt 0.277818 0.106777
vt 0.276456 0.110261
vt 0.274008 0.109203
vt 0.262980 0.094019
vt 0.264931 0.093914
vt 0.264705 0.096782
vt 0.268305 0.105072
vt 0.284372 0.127418
vt 0.284023 0.128261
vt 0.283147 0.128375
vt 0.286300 0.082957
vt 0.299272 0.106666
vt 0.291355 0.121402
vt 0.291406 0.120829
vt 0.291977 0.120698
vt 0.288267 0.074944
vt 0.289781 0.074754
vt 0.289484 0.075987
vt 0.285555 0.091484
vt 0.288579 0.092223
vt 0.255109 0.113201
vt 0.255717 0.111059
vt 0.256891 0.112408
vt 0.265694 0.123032
vt 0.267970 0.120733
vt 0.280310 0.091575
vt 0.293720 0.113542
vt 0.291613 0.114023
vt 0.265554 0.127903
vt 0.264039 0.127925
vt 0.265690 0.125815
vt 0.280160 0.086307
vt 0.281260 0.088725
vt 0.277691 0.074416
vt 0.273183 0.111562
vt 0.276763 0.072394
vt 0.296797 0.109256
vt 0.289395 0.088905
vt 0.287877 0.089961
vt 0.287963 0.087810
vt 0.258923 0.112107
vt 0.255458 0.114687
vt 0.279801 0.133211
vt 0.278125 0.133099
vt 0.280993 0.130981
vt 0.281223 0.131863
vt 0.283197 0.131585
vt 0.299778 0.099216
vt 0.300589 0.096692
vt 0.301861 0.098177
vt 0.274708 0.102798
vt 0.271669 0.105550
vt 0.292289 0.119311
vt 0.293210 0.119505
vt 0.300472 0.059777
vt 0.300595 0.060201
vt 0.300244 0.059685
vt 0.282765 0.125958
vt 0.280107 0.128356
vt 0.280274 0.126492
vt 0.265121 0.086993
vt 0.265133 0.088742
vt 0.264073 0.087870
vt 0.286309 0.113746
vt 0.289168 0.111938
vt 0.288240 0.115340
vt 0.280533 0.078654
vt 0.288994 0.104237
vt 0.287241 0.105563
vt 0.287802 0.103356
vt 0.276936 0.075664
vt 0.292783 0.092479
vt 0.294313 0.093644
vt 0.290815 0.093365
vt 0.259788 0.109373
vt 0.257956 0.110739
vt 0.270759 0.130640
vt 0.272855 0.127667
vt 0.272700 0.131014
vt 0.295609 0.069592
vt 0.297090 0.070160
vt 0.302905 0.096550
vt 0.280290 0.094074
vt 0.279245 0.093469
vt 0.270688 0.108869
vt 0.278259 0.101465
vt 0.278293 0.076533
vt 0.290365 0.063290
vt 0.285063 0.126491
vt 0.296129 0.074019
vt 0.289311 0.087116
vt 0.290433 0.085728
vt 0.282527 0.116827
vt 0.289754 0.121464
vt 0.290298 0.121913
vt 0.280783 0.096565
vt 0.292151 0.120495
vt 0.282595 0.090783
vt 0.278986 0.131462
vt 0.277813 0.117163
vt 0.276871 0.115736
vt 0.278719 0.114399
vt 0.284990 0.125541
vt 0.283623 0.104527
vt 0.284219 0.101685
vt 0.285408 0.102758
vt 0.289571 0.084181
vt 0.304876 0.082202
vt 0.303162 0.081265
vt 0.304731 0.080986
vt 0.277821 0.129709
vt 0.277804 0.127544
vt 0.294932 0.104464
vt 0.295618 0.106885
vt 0.290491 0.108645
vt 0.303270 0.100135
vt 0.300856 0.090796
vt 0.297800 0.091226
vt 0.299570 0.088486
vt 0.277593 0.075291
vt 0.280353 0.075362
vt 0.273851 0.070583
vt 0.289623 0.090829
vt 0.281084 0.081361
vt 0.266828 0.088974
vt 0.288511 0.101457
vt 0.289254 0.101250
vt 0.289850 0.102027
vt 0.266304 0.094725
vt 0.266559 0.120849
vt 0.302570 0.099391
vt 0.301230 0.100047
vt 0.278063 0.071339
vt 0.260720 0.113042
vt 0.294907 0.115551
vt 0.290165 0.092127
vt 0.291652 0.091330
vt 0.284636 0.117186
vt 0.293572 0.073832
vt 0.294887 0.075764
vt 0.293314 0.074668
vt 0.283676 0.088537
vt 0.292816 0.119927
vt 0.293203 0.119658
vt 0.274777 0.105905
vt 0.286166 0.125481
vt 0.283679 0.099140
vt 0.285786 0.099384
vt 0.303573 0.098344
vt 0.275010 0.115809
vt 0.275823 0.117841
vt 0.286400 0.076053
vt 0.286684 0.074378
vt 0.282163 0.076890
vt 0.293026 0.076000
vt 0.291329 0.074934
vt 0.255782 0.119227
vt 0.262407 0.127244
vt 0.297129 0.110674
vt 0.262339 0.095847
vt 0.267427 0.124346
vt 0.286109 0.109913
vt 0.284942 0.112058
vt 0.255263 0.121311
vt 0.252634 0.121794
vt 0.253453 0.119912
vt 0.280040 0.122102
vt 0.277231 0.123199
vt 0.296153 0.115172
vt 0.296327 0.114625
vt 0.296405 0.114922
vt 0.261870 0.124173
vt 0.284297 0.077838
vt 0.282387 0.078106
vt 0.261150 0.094505
vt 0.280396 0.070174
vt 0.294330 0.096726
vt 0.288666 0.105952
vt 0.282164 0.128178
vt 0.280721 0.129717
vt 0.283799 0.126953
vt 0.289475 0.067635
vt 0.290479 0.065185
vt 0.299200 0.102060
vt 0.304365 0.096193
vt 0.303755 0.094662
vt 0.286238 0.088381
vt 0.299550 0.108863
vt 0.298980 0.109388
vt 0.279944 0.123885
vt 0.286060 0.121366
vt 0.294998 0.116764
vt 0.260714 0.121901
vt 0.272940 0.107424
vt 0.291937 0.101564
vt 0.290699 0.098970
vt 0.294158 0.099751
vt 0.291037 0.095730
vt 0.282455 0.068650
vt 0.292713 0.072297
vt 0.284653 0.075560
vt 0.284826 0.129834
vt 0.296530 0.114671
vt 0.294654 0.113263
vt 0.285897 0.067913
vt 0.274245 0.127933
vt 0.287934 0.098683
vt 0.299972 0.104131
vt 0.276499 0.113113
vt 0.290767 0.087741
vt 0.300315 0.079066
vt 0.302057 0.102752
vt 0.274525 0.111906
vt 0.277007 0.104060
vt 0.261212 0.107904
vt 0.281626 0.118463
vt 0.285362 0.107254
vt 0.290874 0.120352
vt 0.258954 0.125049
vt 0.258878 0.122500
vt 0.281746 0.122959
vt 0.284103 0.123277
vt 0.281288 0.124639
vt 0.289470 0.100685
vt 0.290883 0.089574
vt 0.296357 0.113535
vt 0.283058 0.112112
vt 0.292092 0.076498
vt 0.287040 0.073011
vt 0.286996 0.125508
vt 0.286862 0.100815
vt 0.282649 0.119790
vt 0.293386 0.068881
vt 0.293857 0.070940
vt 0.283316 0.121485
vt 0.297349 0.097862
vt 0.254320 0.117459
vt 0.286969 0.111486
vt 0.294358 0.118479
vt 0.289009 0.072812
vt 0.285632 0.104724
vt 0.259470 0.128283
vt 0.295095 0.058459
vt 0.297317 0.060479
vt 0.274888 0.131020
vt 0.289930 0.077061
vt 0.290785 0.076498
vt 0.288704 0.100060
vt 0.286870 0.102593
vt 0.298287 0.112566
vt 0.295496 0.072018
vt 0.291764 0.077576
vt 0.293142 0.077790
vt 0.292364 0.079185
vt 0.298411 0.085694
vt 0.300562 0.082958
vt 0.300864 0.086383
vt 0.291808 0.086659
vt 0.267250 0.109548
vt 0.289489 0.070567
vt 0.290274 0.073698
vt 0.294084 0.078275
vt 0.300284 0.108901
vt 0.299993 0.062590
vt 0.297108 0.063214
vt 0.268005 0.126985
vt 0.285599 0.108667
vt 0.292898 0.057950
vt 0.300131 0.106587
vt 0.288573 0.125108
vt 0.291606 0.069908
vt 0.254340 0.125074
vt 0.256056 0.123505
vt 0.256400 0.127645
vt 0.290192 0.119325
vt 0.263922 0.091927
vt 0.267127 0.092301
vt 0.269022 0.107289
vt 0.303170 0.083763
vt 0.304422 0.083250
vt 0.296913 0.103963
vt 0.296704 0.101242
vt 0.294406 0.090842
vt 0.293702 0.102627
vt 0.297976 0.105902
vt 0.295010 0.062359
vt 0.283169 0.129825
vt 0.271956 0.119055
vt 0.273871 0.117997
vt 0.298061 0.070111
vt 0.299881 0.092303
vt 0.300228 0.059026
vt 0.300400 0.059568
vt 0.289724 0.120563
vt 0.294303 0.067310
vt 0.287061 0.107778
vt 0.288129 0.109538
vt 0.305340 0.093884
vt 0.271608 0.095501
vt 0.282231 0.129381
vt 0.297329 0.082667
vt 0.287498 0.125980
vt 0.294446 0.073138
vt 0.257304 0.104417
vt 0.258765 0.102313
vt 0.278894 0.130475
vt 0.299016 0.065463
vt 0.258367 0.100360
vt 0.260680 0.100809
vt 0.291400 0.118343
vt 0.291910 0.116569
vt 0.269499 0.119074
vt 0.291357 0.119444
vt 0.303911 0.091024
vt 0.303782 0.092795
vt 0.302741 0.091304
vt 0.265445 0.090378
vt 0.269959 0.128047
vt 0.268188 0.130381
vt 0.289098 0.107371
vt 0.273763 0.133247
vt 0.300849 0.104530
vt 0.280185 0.068736
vt 0.304484 0.085705
vt 0.302645 0.085919
vt 0.302413 0.089063
vt 0.263477 0.089327
vt 0.262658 0.090700
vt 0.260984 0.089936
vt 0.295860 0.066977
vt 0.278408 0.070470
vt 0.256426 0.102244
vt 0.260232 0.092421
vt 0.299850 0.107860
vt 0.265782 0.085523
vt 0.265713 0.083500
vt 0.302098 0.078548
vt 0.296855 0.065250
vt 0.304212 0.089891
vt 0.304152 0.088018
vt 0.302873 0.076762
vt 0.305109 0.089584
vt 0.303618 0.079733
vt 0.302461 0.073543
vt 0.303200 0.078587
vt 0.258665 0.096911
vt 0.257558 0.098582
vt 0.305091 0.087653
vt 0.304672 0.080493
vt 0.297287 0.111258
vt 0.303518 0.075269
vt 0.252753 0.123695
vt 0.304400 0.078869
vt 0.300735 0.064818
vt 0.304918 0.082889
vt 0.304954 0.083875
vt 0.303926 0.076498
vt 0.302259 0.069507
vt 0.297630 0.056612
vt 0.303448 0.072793
vt 0.303139 0.070745
vt 0.301136 0.066306
vt 0.300666 0.105082
vt 0.302955 0.069680
vt 0.293885 0.055737
vt 0.301914 0.064851
vt 0.301875 0.064639
vt 0.302704 0.068486
vt 0.302308 0.066835
vt 0.301143 0.062221
vt 0.295237 0.052778
vt 0.302400 0.066874
vt 0.302226 0.066153
vt 0.299475 0.056752
vt 0.298503 0.053978
vt 0.303606 0.073963
vt 0.296770 0.050768
vt 0.297840 0.052691
vt 0.296056 0.050743
vt 0.296671 0.049036
vt 0.277665 0.068829
vt 0.270666 0.068351
vt 0.276222 0.067451
vt 0.304323 0.098097
vt 0.303837 0.099158
vt 0.299958 0.107625
vt 0.275613 0.345600
vt 0.277092 0.346067
vt 0.276248 0.347170
vt 0.279791 0.332581
vt 0.278455 0.330670
vt 0.280873 0.331506
vt 0.268515 0.347055
vt 0.266035 0.346372
vt 0.265288 0.343155
vt 0.281143 0.325488
vt 0.280579 0.327824
vt 0.275911 0.325211
vt 0.272140 0.341899
vt 0.274802 0.341390
vt 0.273418 0.343822
vt 0.270749 0.359673
vt 0.268836 0.359616
vt 0.270093 0.357905
vt 0.275614 0.350648
vt 0.277602 0.349171
vt 0.277244 0.353050
vt 0.285060 0.320209
vt 0.287307 0.320211
vt 0.287274 0.322297
vt 0.269850 0.355919
vt 0.268318 0.356490
vt 0.269148 0.354913
vt 0.266289 0.350845
vt 0.267539 0.349883
vt 0.267421 0.351275
vt 0.273127 0.353827
vt 0.271960 0.356806
vt 0.272209 0.354055
vt 0.130467 0.715973
vt 0.124138 0.719425
vt 0.112059 0.727314
vt 0.261952 0.352514
vt 0.262048 0.353848
vt 0.262098 0.354904
vt 0.262360 0.355812
vt 0.262338 0.356244
vt 0.262539 0.356659
vt 0.264223 0.358065
vt 0.266395 0.359050
vt 0.266886 0.359261
vt 0.267974 0.359601
vt 0.268779 0.359946
vt 0.272580 0.359149
vt 0.272981 0.358879
vt 0.273865 0.358480
vt 0.274625 0.357236
vt 0.829592 0.419949
vt 0.829090 0.420668
vt 0.828430 0.421546
vt 0.828071 0.422485
vt 0.827900 0.423167
vt 0.827686 0.423345
vt 0.827491 0.423860
vt 0.826891 0.424928
vt 0.826173 0.426021
vt 0.290424 0.122689
vt 0.291167 0.121646
vt 0.297059 0.114128
vt 0.300795 0.105098
vt 0.300917 0.104860
vt 0.301434 0.104131
vt 0.301728 0.103559
vt 0.304614 0.097070
vt 0.304831 0.096099
vt 0.305250 0.094189
vt 0.305409 0.090329
vt 0.305369 0.089327
vt 0.305030 0.085999
vt 0.305017 0.085185
vt 0.303832 0.075643
vt 0.303766 0.074973
vt 0.301802 0.064376
vt 0.298347 0.053496
vt 0.479706 0.286434
vt 0.166012 0.710046
vt 0.158406 0.710108
vt 0.158020 0.710127
vt 0.149029 0.711054
vt 0.148727 0.711125
vt 0.146866 0.711596
vt 0.143244 0.712485
vt 0.141811 0.712682
vt 0.140821 0.712860
vt 0.269591 0.351447
vt 0.270089 0.350447
vt 0.270475 0.351297
vt 0.268674 0.351401
vt 0.269513 0.350427
vt 0.269317 0.349325
vt 0.268403 0.349777
vt 0.282999 0.332528
vt 0.281874 0.333823
vt 0.277181 0.337264
vt 0.278988 0.336327
vt 0.277778 0.338538
vt 0.280652 0.341823
vt 0.278981 0.343055
vt 0.277605 0.340962
vt 0.281027 0.346715
vt 0.281253 0.349859
vt 0.278934 0.347138
vt 0.273307 0.352640
vt 0.272935 0.351820
vt 0.274245 0.351499
vt 0.265731 0.353893
vt 0.266475 0.352165
vt 0.267473 0.352960
vt 0.268093 0.358060
vt 0.278852 0.344980
vt 0.273149 0.349666
vt 0.273670 0.346877
vt 0.275077 0.348179
vt 0.267828 0.341403
vt 0.263538 0.336139
vt 0.269737 0.337320
vt 0.274146 0.337851
vt 0.276041 0.339040
vt 0.278850 0.329068
vt 0.273630 0.354763
vt 0.271130 0.355711
vt 0.275796 0.335761
vt 0.276261 0.333948
vt 0.277386 0.334873
vt 0.281787 0.344624
vt 0.267198 0.348649
vt 0.267683 0.348639
vt 0.267396 0.349137
vt 0.269221 0.353005
vt 0.280868 0.335188
vt 0.280302 0.336828
vt 0.275006 0.344010
vt 0.274738 0.346208
vt 0.266637 0.349758
vt 0.270401 0.352335
vt 0.271031 0.351601
vt 0.262727 0.356388
vt 0.265381 0.351725
vt 0.264161 0.348684
vt 0.275392 0.352123
vt 0.274307 0.352664
vt 0.267383 0.355187
vt 0.266919 0.357079
vt 0.265177 0.356398
vt 0.274306 0.328581
vt 0.263562 0.354323
vt 0.274234 0.353563
vt 0.275712 0.353554
vt 0.274874 0.354243
vt 0.276928 0.343917
vt 0.271060 0.349054
vt 0.270190 0.348846
vt 0.270757 0.345281
vt 0.271509 0.347282
vt 0.281302 0.338291
vt 0.280375 0.339413
vt 0.280171 0.337999
vt 0.283759 0.325854
vt 0.284801 0.328899
vt 0.283295 0.328338
vt 0.266505 0.349072
vt 0.271483 0.353786
vt 0.270714 0.353101
vt 0.282128 0.330305
vt 0.269983 0.341528
vt 0.286210 0.323553
vt 0.285695 0.325780
vt 0.283168 0.321814
vt 0.276315 0.336540
vt 0.282488 0.324896
vt 0.269938 0.333373
vt 0.284922 0.326689
vt 0.279371 0.340170
vt 0.269538 0.346836
vt 0.268472 0.344747
vt 0.275613 0.334537
vt 0.271793 0.350989
vt 0.272170 0.348679
vt 0.272065 0.351920
vt 0.283918 0.337782
vt 0.281586 0.337240
vt 0.271304 0.350379
vt 0.284373 0.334894
vt 0.274155 0.355345
vt 0.273554 0.357263
vt 0.277625 0.332042
vt 0.278990 0.334215
vt 0.272507 0.358904
vt 0.263515 0.351342
vt 0.273086 0.333768
vt 0.274582 0.354770
vt 0.272388 0.345834
vt 0.275305 0.332238
vt 0.280308 0.333899
vt 0.285468 0.331905
vt 0.279149 0.338503
vt 0.264583 0.352965
vt 0.266073 0.358073
vt 0.279604 0.353374
vt 0.274168 0.350225
vt 0.287221 0.319003
vt 0.282679 0.340428
vt 0.282221 0.326838
vt 0.262457 0.352710
vt 0.262297 0.350698
vt 0.833267 0.419337
vt 0.831609 0.419641
vt 0.833598 0.418107
vt 0.833256 0.421137
vt 0.832550 0.420162
vt 0.833666 0.419807
vt 0.827254 0.425268
vt 0.828145 0.423307
vt 0.828334 0.424496
vt 0.830348 0.421147
vt 0.831754 0.421250
vt 0.829071 0.423772
vt 0.831131 0.418324
vt 0.829100 0.421768
vt 0.830087 0.422741
vt 0.829772 0.420226
vt 0.834394 0.420416
vt 0.167585 0.710248
vt 0.262000 0.351287
vt 0.480645 0.288805
s 1
usemtl 3DModel
f 1230/1/1 1234/2/2 1233/3/3
f 2955/4/4 398/5/5 3610/6/6
f 3895/7/7 3956/8/8 3612/9/9
f 3621/10/10 3623/11/11 3628/12/12
f 2952/13/13 3810/14/14 380/15/15
f 398/5/5 3648/16/16 3610/6/6
f 3648/16/16 2952/13/13 380/15/15
f 3801/17/17 319/18/18 3789/19/19
f 3811/20/20 382/21/21 3789/19/19
f 3957/22/22 3613/23/23 3612/9/9 3956/8/8
f 2956/24/24 3616/25/25 3613/23/23
f 3610/6/6 3648/16/16 3577/26/26
f 3808/27/27 3648/16/16 380/15/15
f 285/28/28 286/29/29 32/30/30
f 2952/13/13 398/5/5 3520/31/31
f 3789/19/19 321/32/32 3625/33/33
f 3616/25/25 321/32/32 3613/23/23
f 3628/12/12 3620/34/34 3621/10/10
f 3958/35/35 2949/36/36 3935/37/37
f 3789/19/19 319/18/18 321/32/32
f 3581/38/38 2860/39/39 2861/40/40
f 3869/41/41 3556/42/42 2861/40/40 3998/43/43
f 3999/44/44 283/45/45 281/46/46 3896/47/47
f 3974/48/48 2861/40/40 283/45/45 3973/49/49
f 2364/50/50 3556/42/42 3582/51/51
f 3556/42/42 2364/50/50 3581/38/38
f 2861/40/40 2860/39/39 270/52/52
f 3628/12/12 3623/11/11 3630/53/53
f 2364/50/50 33/54/54 32/30/30
f 3579/55/55 2364/50/50 3582/51/51
f 3974/48/48 3998/43/43 2861/40/40
f 2364/50/50 32/30/30 286/29/29
f 2860/39/39 286/29/29 284/56/56
f 3871/57/57 4000/58/58 3601/59/59
f 3581/38/38 286/29/29 2860/39/39
f 3936/60/60 3578/61/61 3915/62/62
f 3975/63/63 3621/10/10 3937/64/64
f 382/21/21 3801/17/17 3789/19/19
f 3620/34/34 3625/33/33 3616/25/25
f 3935/37/37 2949/36/36 3601/59/59 3938/65/65
f 3870/66/66 3939/67/67 3621/10/10
f 3789/19/19 3625/33/33 3811/20/20
f 270/52/52 2860/39/39 284/56/56
f 3613/23/23 321/32/32 3520/31/31
f 2861/40/40 270/52/52 283/45/45
f 2364/50/50 3579/55/55 33/54/54
f 286/29/29 3581/38/38 2364/50/50
f 3648/16/16 398/5/5 2952/13/13
f 3999/44/44 3973/49/49 283/45/45
f 286/29/29 285/28/28 284/56/56
f 2861/40/40 3556/42/42 3581/38/38
f 3628/12/12 3641/68/68 3811/20/20
f 3623/11/11 3622/69/69 3630/53/53
f 319/18/18 3520/31/31 321/32/32
f 3625/33/33 321/32/32 3616/25/25
f 55/70/70 297/71/71 135/72/72
f 135/72/72 297/71/71 300/73/73
f 300/73/73 2418/74/74 135/72/72
f 4001/75/75 4002/76/76 55/70/70
f 392/77/77 2414/78/78 3807/79/79
f 3977/80/80 394/81/81 298/82/82 3878/83/83
f 3661/84/84 300/73/73 323/85/85
f 295/86/86 3862/87/87 3571/88/88
f 3860/89/89 104/90/90 3861/91/91
f 394/81/81 3863/92/92 3582/51/51
f 3879/93/93 297/71/71 3880/94/94
f 393/95/95 2414/78/78 392/77/77
f 134/96/96 2418/74/74 3566/97/97
f 104/90/90 3805/98/98 2414/78/78
f 3869/41/41 3940/99/99 3556/42/42
f 295/86/86 3861/91/91 3862/87/87
f 297/71/71 322/100/100 323/85/85
f 134/96/96 135/72/72 2418/74/74
f 3567/101/101 134/96/96 3566/97/97
f 3861/91/91 390/102/102 3859/103/103
f 3566/97/97 3661/84/84 296/104/104
f 104/90/90 3860/89/89 3661/84/84
f 394/81/81 3862/87/87 3863/92/92
f 3807/79/79 3805/98/98 3662/105/105
f 3566/97/97 296/104/104 3567/101/101
f 3567/101/101 55/70/70 134/96/96
f 296/104/104 295/86/86 3571/88/88
f 3661/84/84 2418/74/74 300/73/73
f 4003/106/106 55/70/70 3567/101/101 3917/107/107
f 3571/88/88 3862/87/87 394/81/81
f 322/100/100 3662/105/105 323/85/85
f 298/82/82 394/81/81 3582/51/51
f 3661/84/84 3860/89/89 295/86/86
f 3917/107/107 3567/101/101 3898/108/108
f 296/104/104 3661/84/84 295/86/86
f 2952/13/13 3520/31/31 319/18/18
f 300/73/73 297/71/71 323/85/85
f 3661/84/84 3805/98/98 104/90/90
f 3916/109/109 296/104/104 3918/110/110
f 3807/79/79 3809/111/111 392/77/77
f 2414/78/78 3805/98/98 3807/79/79
f 2956/24/24 3613/23/23 3957/22/22
f 2418/74/74 3661/84/84 3566/97/97
f 3662/105/105 3809/111/111 3807/79/79
f 3613/23/23 2955/4/4 3612/9/9
f 104/90/90 2414/78/78 390/102/102
f 390/102/102 389/112/112 3859/103/103
f 3861/91/91 295/86/86 3860/89/89
f 390/102/102 3861/91/91 104/90/90
f 3978/113/113 3623/11/11 3621/10/10 3975/63/63
f 3960/114/114 3571/88/88 3959/115/115
f 3662/105/105 3805/98/98 323/85/85
f 3960/114/114 4005/116/116 3571/88/88
f 390/102/102 2414/78/78 393/95/95
f 3863/92/92 3862/87/87 3861/91/91
f 3858/117/117 3749/118/118 3863/92/92
f 3808/27/27 3809/111/111 3662/105/105
f 3662/105/105 322/100/100 3808/27/27
f 389/112/112 390/102/102 393/95/95
f 3858/117/117 3863/92/92 3861/91/91
f 3859/103/103 3858/117/117 3861/91/91
f 135/72/72 134/96/96 55/70/70
f 3805/98/98 3661/84/84 323/85/85
f 3579/55/55 3863/92/92 3749/118/118
f 3520/31/31 2955/4/4 3613/23/23
f 3582/51/51 3556/42/42 298/82/82
f 3863/92/92 3579/55/55 3582/51/51
f 3620/34/34 3811/20/20 3625/33/33
f 3972/119/119 3622/69/69 3623/11/11 3978/113/113
f 3811/20/20 3620/34/34 3628/12/12
f 319/18/18 3801/17/17 116/120/120
f 3628/12/12 3630/53/53 3641/68/68
f 3610/6/6 3612/9/9 2955/4/4
f 3520/31/31 398/5/5 2955/4/4
f 3980/121/121 3895/7/7 3612/9/9
f 2952/13/13 319/18/18 116/120/120
f 322/100/100 3648/16/16 3808/27/27
f 3578/61/61 3577/26/26 322/100/100
f 3577/26/26 3648/16/16 322/100/100
f 3936/60/60 3868/122/122 3578/61/61
f 2952/13/13 116/120/120 3810/14/14
f 2721/123/123 3654/124/124 272/125/125
f 1984/126/126 3615/127/127 3033/128/128
f 3245/129/129 1966/130/130 3256/131/131
f 1131/132/132 2686/133/133 2024/134/134
f 1654/135/135 1652/136/136 3253/137/137
f 3227/138/138 3033/128/128 1956/139/139
f 3248/140/140 1966/130/130 623/141/141
f 2731/142/142 2907/143/143 26/144/144
f 1656/145/145 3215/146/146 1958/147/147
f 2719/148/148 2045/149/149 2010/150/150
f 3228/151/151 2843/152/152 3216/153/153
f 3213/154/154 3235/155/155 3247/156/156
f 3244/157/157 3234/158/158 3216/153/153
f 3618/159/159 3619/160/160 1980/161/161
f 3786/162/162 2416/163/163 3788/164/164
f 1652/136/136 3611/165/165 1653/166/166
f 3215/146/146 3244/157/157 3216/153/153
f 3235/155/155 3244/157/157 3215/146/146
f 3253/137/137 1652/136/136 3597/167/167
f 2710/168/168 2711/169/169 2011/170/170
f 1897/171/171 2794/172/172 2005/173/173
f 1987/174/174 3671/175/175 1122/176/176
f 3254/177/177 3253/137/137 3597/167/167
f 2907/143/143 2731/142/142 2725/178/178
f 3611/165/165 3597/167/167 1653/166/166
f 3199/179/179 3183/180/180 1674/181/181
f 1653/166/166 3597/167/167 1652/136/136
f 3669/182/182 1986/183/183 2746/184/184
f 2711/169/169 2045/149/149 2011/170/170
f 1576/185/185 1717/186/186 2005/173/173
f 3259/187/187 2907/143/143 2725/178/178
f 1940/188/188 1939/189/189 1941/190/190
f 1958/147/147 2908/191/191 3233/192/192
f 2769/193/193 2736/194/194 2002/195/195
f 1967/196/196 3347/197/197 1650/198/198
f 3183/180/180 3190/199/199 1646/200/200
f 2092/201/201 1486/202/202 2786/203/203
f 1485/204/204 2092/201/201 1488/205/205
f 3250/206/206 3253/137/137 3249/207/207
f 1486/202/202 2092/201/201 1485/204/204
f 1479/208/208 1485/204/204 1488/205/205
f 2444/209/209 2431/210/210 2428/211/211
f 3033/128/128 3227/138/138 1984/126/126
f 1478/212/212 1479/208/208 2812/213/213
f 2444/209/209 2428/211/211 2429/214/214
f 2429/214/214 2428/211/211 1523/215/215
f 1523/215/215 2428/211/211 1535/216/216
f 2429/214/214 2453/217/217 2444/209/209
f 1479/208/208 1478/212/212 1752/218/218
f 1747/219/219 1486/202/202 1485/204/204
f 1535/216/216 2428/211/211 1657/220/220
f 1524/221/221 2429/214/214 1523/215/215
f 1097/222/222 1098/223/223 1486/202/202
f 1747/219/219 1097/222/222 1486/202/202
f 1747/219/219 1485/204/204 1481/224/224
f 1524/221/221 1523/215/215 2426/225/225
f 1751/226/226 1481/224/224 1752/218/218
f 1097/222/222 1747/219/219 1924/227/227
f 1657/220/220 1536/228/228 1535/216/216
f 1924/227/227 1098/223/223 1097/222/222
f 1481/224/224 1924/227/227 1747/219/219
f 1751/226/226 1746/229/229 1481/224/224
f 2769/193/193 1572/230/230 2779/231/231
f 1536/228/228 1508/232/232 1535/216/216
f 1482/233/233 1746/229/229 1751/226/226
f 1924/227/227 1921/234/234 1098/223/223
f 1837/235/235 1524/221/221 1476/236/236
f 1746/229/229 1482/233/233 1484/237/237
f 1483/238/238 1481/224/224 1746/229/229
f 1513/239/239 1508/232/232 1536/228/228
f 128/240/240 1526/241/241 1538/242/242
f 2426/225/225 1526/241/241 2947/243/243
f 1508/232/232 1537/244/244 1538/242/242
f 1528/245/245 1538/242/242 1537/244/244
f 1538/242/242 1528/245/245 128/240/240
f 1513/239/239 1514/246/246 1508/232/232
f 1475/247/247 1476/236/236 2452/248/248
f 1471/249/249 2947/243/243 1526/241/241
f 1471/249/249 1526/241/241 128/240/240
f 1514/246/246 1537/244/244 1508/232/232
f 1922/250/250 1100/251/251 1921/234/234
f 1483/238/238 1484/237/237 1472/252/252
f 2431/210/210 1527/253/253 1657/220/220
f 1525/254/254 2452/248/248 2947/243/243
f 1994/255/255 1573/256/256 2783/257/257
f 1513/239/239 2093/258/258 1514/246/246
f 1537/244/244 1514/246/246 2425/259/259
f 1528/245/245 1537/244/244 1738/260/260
f 1513/239/239 1501/261/261 2093/258/258
f 2425/259/259 1738/260/260 1537/244/244
f 1738/260/260 1545/262/262 1528/245/245
f 1480/263/263 1477/264/264 2091/265/265
f 2780/266/266 1573/256/256 1994/255/255
f 1994/255/255 1716/267/267 2780/266/266
f 2839/268/268 1472/252/252 1749/269/269
f 1477/264/264 1475/247/247 1525/254/254
f 1525/254/254 1475/247/247 2452/248/248
f 1738/260/260 2093/258/258 1758/270/270
f 1716/267/267 3589/271/271 2780/266/266
f 1749/269/269 2814/272/272 2839/268/268
f 2947/243/243 1471/249/249 138/273/273
f 1525/254/254 2947/243/243 138/273/273
f 2430/274/274 3588/275/275 1525/254/254
f 1758/270/270 1737/276/276 1738/260/260
f 1716/267/267 2814/272/272 19/277/277
f 19/277/277 3589/271/271 1716/267/267
f 2902/278/278 3587/279/279 1629/280/280
f 1758/270/270 2093/258/258 1501/261/261
f 3588/275/275 2430/274/274 1748/281/281
f 1750/282/282 1748/281/281 2977/283/283
f 1757/284/284 1501/261/261 2943/285/285
f 2976/286/286 1521/287/287 1545/262/262
f 1750/282/282 2977/283/283 3548/288/288
f 2945/289/289 1758/270/270 146/290/290
f 2430/274/274 127/291/291 1522/292/292
f 1748/281/281 311/293/293 2977/283/283
f 3548/288/288 3591/294/294 19/277/277
f 1572/230/230 3591/294/294 2779/231/231
f 1757/284/284 146/290/290 1758/270/270
f 1520/295/295 2430/274/274 1522/292/292
f 3591/294/294 3650/296/296 2779/231/231
f 124/297/297 2945/289/289 1515/298/298
f 122/299/299 1458/300/300 1757/284/284
f 1520/295/295 1522/292/292 1521/287/287
f 2946/301/301 137/302/302 1521/287/287
f 1521/287/287 137/302/302 1520/295/295
f 1518/303/303 2946/301/301 136/304/304
f 3650/296/296 3674/305/305 2768/306/306
f 1520/295/295 137/302/302 139/307/307
f 136/304/304 1515/298/298 1517/308/308
f 139/307/307 137/302/302 1519/309/309
f 137/302/302 1518/303/303 1517/308/308
f 1483/238/238 1924/227/227 1481/224/224
f 137/302/302 1517/308/308 1519/309/309
f 139/307/307 1519/309/309 1473/310/310
f 1519/309/309 2942/311/311 1473/310/310
f 3292/312/312 3291/313/313 3290/314/314
f 384/315/315 370/316/316 3638/317/317
f 3818/318/318 3827/319/319 3826/320/320
f 1473/310/310 2942/311/311 126/321/321
f 1899/322/322 1942/323/323 2213/324/324
f 2451/325/325 3590/326/326 2450/327/327
f 1471/249/249 128/240/240 1528/245/245
f 1482/233/233 1477/264/264 1480/263/263
f 1750/282/282 3588/275/275 1748/281/281
f 1752/218/218 2444/209/209 2453/217/217
f 3206/328/328 2097/329/329 3177/330/330
f 627/331/331 3189/332/332 1694/333/333
f 628/334/334 3177/330/330 3176/335/335
f 628/334/334 3171/336/336 630/337/337
f 63/338/338 64/339/339 65/340/340
f 1476/236/236 2426/225/225 2452/248/248
f 3322/341/341 3323/342/342 3332/343/343
f 495/344/344 69/345/345 542/346/346
f 3576/347/347 1982/348/348 2209/349/349
f 3381/350/350 2147/351/351 3372/352/352
f 1953/353/353 3207/354/354 626/355/355
f 203/356/356 578/357/357 184/358/358
f 1187/359/359 1170/360/360 1198/361/361
f 2108/362/362 2905/363/363 605/364/364
f 2612/365/365 1890/366/366 1171/367/367
f 3194/368/368 3205/369/369 3196/370/370
f 1890/366/366 2612/365/365 2058/371/371
f 137/302/302 2946/301/301 1518/303/303
f 1890/366/366 1163/372/372 1171/367/367
f 2612/365/365 1171/367/367 1164/373/373
f 1171/367/367 1167/374/374 1164/373/373
f 1163/372/372 1890/366/366 84/375/375
f 498/376/376 3341/377/377 3371/378/378
f 1189/379/379 1163/372/372 84/375/375
f 1480/263/263 2091/265/265 1749/269/269
f 84/375/375 1890/366/366 1859/380/380
f 2353/381/381 284/382/56 285/383/28
f 418/384/382 508/385/383 64/339/339
f 545/386/384 519/387/385 173/388/386
f 64/339/339 508/385/383 61/389/387
f 1481/224/224 1485/204/204 1479/208/208
f 1169/390/388 1174/391/389 1170/360/360
f 2616/392/390 1165/393/391 1167/374/374
f 1174/391/389 1171/367/367 1163/372/372
f 2612/365/365 2059/394/392 2622/395/393
f 63/338/338 545/386/384 173/388/386
f 547/396/394 512/397/395 546/398/396
f 1477/264/264 1525/254/254 3588/275/275
f 1168/399/397 1865/400/398 1177/401/399
f 617/402/400 620/403/401 518/404/402
f 1163/372/372 1189/379/379 1170/360/360
f 1174/391/389 1163/372/372 1170/360/360
f 189/405/403 2209/349/349 188/406/404
f 174/407/405 564/408/406 573/409/407
f 2209/349/349 189/405/403 2211/410/408
f 175/411/409 571/412/410 564/408/406
f 3552/413/411 45/414/412 1882/415/413
f 2428/211/211 2431/210/210 1657/220/220
f 1930/416/414 1090/417/415 1176/418/416
f 1167/374/374 1166/419/417 2616/392/390
f 1174/391/389 1168/399/397 1172/420/418
f 1196/421/419 1197/422/420 1119/423/421
f 1752/218/218 1837/235/235 1751/226/226
f 3002/424/422 184/358/358 2210/425/423
f 1554/426/424 2617/427/425 1553/428/426
f 2365/429/427 2354/430/428 391/431/429
f 3813/432/430 3609/433/431 3790/434/432
f 185/435/433 202/436/434 3003/437/435
f 497/438/436 3381/350/350 3372/352/352
f 2899/439/437 174/407/405 573/409/407
f 3547/440/438 2210/425/423 184/358/358
f 203/356/356 184/358/358 202/436/434
f 2110/441/439 2997/442/440 186/443/441
f 1166/419/417 1167/374/374 1172/420/418
f 587/444/442 202/436/434 185/435/433
f 3776/445/443 3826/320/320 3827/319/319
f 184/358/358 578/357/357 3547/440/438
f 1171/367/367 1174/391/389 1167/374/374
f 1866/446/444 1169/390/388 1170/360/360
f 1868/447/445 2610/448/446 1201/449/447
f 201/450/448 203/356/356 75/451/449
f 2110/441/439 186/443/441 2999/452/450
f 587/444/442 2110/441/439 2999/452/450
f 1172/420/418 1167/374/374 1174/391/389
f 511/453/451 166/454/452 17/455/453
f 2615/456/454 1165/393/391 2616/392/390
f 3416/457/455 3547/440/438 578/357/357
f 1482/233/233 1751/226/226 1837/235/235
f 3356/458/456 183/459/457 578/357/357
f 1554/426/424 1553/428/426 2616/392/390
f 201/450/448 75/451/449 72/460/458
f 1170/360/360 1189/379/379 1198/361/361
f 2943/285/285 1496/461/459 122/299/299
f 1867/462/460 1196/421/419 1865/400/398
f 1168/399/397 1174/391/389 1169/390/388
f 2212/463/461 2616/392/390 1166/419/417
f 2212/463/461 1554/426/424 2616/392/390
f 1553/428/426 2060/464/462 2615/456/454
f 3370/465/463 2121/466/464 2154/467/465
f 1172/420/418 2212/463/461 1166/419/417
f 2999/452/450 167/468/466 587/444/442
f 2976/286/286 1738/260/260 1737/276/276
f 463/469/467 2999/452/450 168/470/468
f 395/471/469 3551/472/470 1635/473/471
f 175/411/409 3357/474/472 3358/475/473
f 2845/476/474 3356/458/456 201/450/448
f 1866/446/444 1187/359/359 1186/477/475
f 2845/476/474 183/459/457 3356/458/456
f 1187/359/359 1866/446/444 1170/360/360
f 1570/478/476 1554/426/424 2212/463/461
f 1867/462/460 1169/390/388 1866/446/444
f 1168/399/397 1177/401/399 1172/420/418
f 1865/400/398 1196/421/419 1178/479/477
f 75/451/449 587/444/442 2117/480/478
f 2617/427/425 1554/426/424 1570/478/476
f 1865/400/398 1168/399/397 1169/390/388
f 3838/481/479 3839/482/480 1638/483/481
f 3819/484/482 3818/318/318 2402/485/483
f 1866/446/444 1186/477/475 1867/462/460
f 3788/164/164 3791/486/484 3786/162/162
f 3357/474/472 175/411/409 174/407/405
f 2902/278/278 3416/457/455 183/459/457
f 463/469/467 167/468/466 2999/452/450
f 1178/479/477 1177/401/399 1865/400/398
f 1917/487/485 1979/488/486 1916/489/487
f 3310/490/488 3303/491/489 3309/492/490
f 1859/380/380 1890/366/366 2058/371/371
f 1926/493/491 1916/489/487 2799/494/492
f 2108/362/362 161/495/493 2107/496/494
f 166/454/452 75/451/449 2117/480/478
f 3254/177/177 3255/497/495 3249/207/207
f 2212/463/461 1172/420/418 1570/478/476
f 3228/151/151 3216/153/153 3234/158/158
f 2228/498/496 1011/499/497 2081/500/498
f 1721/501/499 2843/152/152 3228/151/151
f 3593/502/500 3597/167/167 1662/503/501
f 1867/462/460 1865/400/398 1169/390/388
f 2021/504/502 2749/505/503 1131/132/132
f 3229/506/504 1721/501/499 3228/151/151
f 2211/410/408 2210/425/423 3352/507/505
f 2725/178/178 3595/508/506 3259/187/187
f 1931/509/507 2744/510/508 1090/417/415
f 2015/511/509 2729/512/510 2713/513/511
f 1717/186/186 1576/185/185 2739/514/512
f 166/454/452 600/515/513 75/451/449
f 3261/516/514 2842/517/515 1721/501/499
f 3229/506/504 3261/516/514 1721/501/499
f 17/455/453 167/468/466 463/469/467
f 170/518/516 30/519/517 29/520/518
f 2616/392/390 1553/428/426 2615/456/454
f 3792/521/519 3786/162/162 3791/486/484
f 1173/522/520 1172/420/418 1177/401/399
f 1178/479/477 1196/421/419 1119/423/421
f 3177/330/330 628/334/334 626/355/355
f 1896/523/521 2834/524/522 2033/525/523
f 1223/526/524 92/527/525 93/528/526
f 2543/529/527 1266/530/528 1732/531/529
f 2118/532/530 2899/439/437 30/519/517
f 1651/533/531 2842/517/515 3231/534/532
f 571/412/410 175/411/409 574/535/533
f 1477/264/264 1482/233/233 1476/236/236
f 17/455/453 542/346/346 511/453/451
f 1820/536/534 1826/537/535 1819/538/536
f 3257/539/537 3269/540/538 3184/541/539
f 2842/517/515 3261/516/514 3262/542/540
f 2545/543/541 1265/544/542 2573/545/543
f 72/460/458 74/546/544 2845/476/474
f 3210/547/545 3195/548/546 3221/549/547
f 3587/279/279 2845/476/474 601/550/548
f 78/551/549 600/515/513 166/454/452
f 3182/552/550 1671/553/551 3179/554/552
f 2739/514/512 1569/555/553 2735/556/554
f 3063/557/555 3293/558/556 1643/559/557
f 1814/560/558 2565/561/559 2544/562/560
f 2716/563/561 2731/142/142 26/144/144
f 2855/564/562 3257/539/537 3184/541/539
f 1265/544/542 2545/543/541 1238/565/563
f 1270/566/564 1500/567/565 1268/568/566
f 1484/237/237 1480/263/263 1472/252/252
f 2687/569/567 2690/570/568 2726/571/569
f 188/406/404 3002/424/422 189/405/403
f 1745/572/570 1819/538/536 1744/573/571
f 1266/530/528 1826/537/535 1238/565/563
f 1837/235/235 1476/236/236 1482/233/233
f 2075/574/572 1840/575/573 1827/576/574
f 2581/577/575 1265/544/542 2563/578/576
f 1956/139/139 3596/579/577 1662/503/501
f 64/339/339 63/338/338 173/388/386
f 2722/580/578 272/125/125 2727/581/579
f 1635/473/471 56/582/580 395/471/469
f 3627/583/581 3630/584/53 3622/585/69
f 3251/586/582 3245/129/129 3256/131/131
f 3182/552/550 3184/541/539 1627/587/583
f 3838/481/479 3837/588/584 387/589/585
f 1122/176/176 1090/417/415 1089/590/586
f 1268/568/566 1500/567/565 2543/529/527
f 601/550/548 2845/476/474 74/546/544
f 3189/332/332 3188/591/587 3205/369/369
f 2438/592/588 2439/593/589 2437/594/590
f 1216/595/591 2613/596/592 1201/449/447
f 2543/529/527 1743/597/593 1744/573/571
f 1238/565/563 1826/537/535 1828/598/594
f 30/519/517 2899/439/437 495/344/344
f 1827/576/574 1826/537/535 2075/574/572
f 2439/593/589 2440/599/595 1495/600/596
f 3587/279/279 603/601/597 1629/280/280
f 1520/295/295 139/307/307 1473/310/310
f 1520/295/295 1748/281/281 2430/274/274
f 1744/573/571 1819/538/536 2543/529/527
f 542/346/346 17/455/453 29/520/518
f 3837/588/584 3838/481/479 1638/483/481
f 1239/602/598 1240/603/599 2075/574/572
f 2904/604/600 78/551/549 511/453/451
f 1535/216/216 1508/232/232 1538/242/242
f 1238/565/563 2563/578/576 1265/544/542
f 1828/598/594 1827/576/574 2563/578/576
f 2573/545/543 1269/605/601 2545/543/541
f 3802/606/602 3836/607/603 1638/483/481
f 2573/545/543 2581/577/575 2565/561/559
f 2397/608/604 3369/609/605 2135/610/606
f 569/611/607 573/409/407 564/408/406
f 73/612/608 600/515/513 76/613/609
f 603/601/597 3587/279/279 601/550/548
f 571/412/410 563/614/610 569/611/607
f 569/611/607 563/614/610 568/615/611
f 2581/577/575 2573/545/543 1265/544/542
f 2543/529/527 1732/531/529 1268/568/566
f 606/616/612 2904/604/600 179/617/613
f 542/346/346 30/519/517 495/344/344
f 1502/618/614 1745/572/570 1744/573/571
f 2564/619/615 1827/576/574 1840/575/573
f 2436/620/616 1742/621/617 1743/597/593
f 495/344/344 573/409/407 69/345/345
f 1526/241/241 2426/225/225 129/622/618
f 1757/284/284 1458/300/300 146/290/290
f 569/611/607 568/615/611 548/623/619
f 2545/543/541 1266/530/528 1238/565/563
f 2581/577/575 2563/578/576 2564/619/615
f 2580/624/620 2561/625/621 2581/577/575
f 598/626/622 76/613/609 2905/363/363
f 1743/597/593 2543/529/527 1500/567/565
f 3174/627/623 2120/628/624 3175/629/625
f 602/630/626 1967/196/196 603/601/597
f 504/631/627 2144/632/628 505/633/629
f 1820/536/534 1745/572/570 1818/634/630
f 1828/598/594 2563/578/576 1238/565/563
f 2580/624/620 2581/577/575 2564/619/615
f 1267/635/631 1270/566/564 1268/568/566
f 618/636/632 2351/637/633 3337/638/634
f 1153/639/635 1154/640/636 1155/641/637
f 602/630/626 598/626/622 1967/196/196
f 2906/642/638 2905/363/363 79/643/639
f 2118/532/530 30/519/517 170/518/516
f 179/617/613 511/453/451 178/644/640
f 2075/574/572 1826/537/535 1239/602/598
f 384/315/315 2402/485/483 370/316/316
f 2564/619/615 1840/575/573 2580/624/620
f 1267/635/631 1268/568/566 1732/531/529
f 542/346/346 69/345/345 178/644/640
f 2902/278/278 183/459/457 3587/279/279
f 1205/645/641 1204/646/642 2634/647/643
f 2903/648/644 1967/196/196 598/626/622
f 1267/635/631 1732/531/529 1269/605/601
f 1837/235/235 1752/218/218 2453/217/217
f 124/297/297 136/304/304 2946/301/301
f 2439/593/589 2987/649/645 2437/594/590
f 1240/603/599 1840/575/573 2075/574/572
f 3840/650/646 2403/651/647 3839/482/480
f 569/611/607 162/652/648 69/345/345
f 1743/597/593 1742/621/617 1744/573/571
f 176/653/649 606/616/612 180/654/650
f 32/655/30 33/656/54 56/582/580
f 606/616/612 607/657/651 2906/642/638
f 162/652/648 548/623/619 2359/658/652
f 3804/659/653 3810/660/14 116/661/120
f 1239/602/598 1820/536/534 2576/662/654
f 1814/560/558 2547/663/655 1270/566/564
f 3548/288/288 311/293/293 3590/326/326
f 56/582/580 2352/664/656 32/655/30
f 598/626/622 2905/363/363 2108/362/362
f 1266/530/528 1819/538/536 1826/537/535
f 1506/665/657 1742/621/617 2436/620/616
f 138/273/273 1522/292/292 127/291/291
f 2976/286/286 1545/262/262 1738/260/260
f 1270/566/564 2547/663/655 1500/567/565
f 1814/560/558 1269/605/601 2573/545/543
f 1154/640/636 1875/666/658 1155/641/637
f 2905/363/363 2906/642/638 607/657/651
f 1982/348/348 188/406/404 2209/349/349
f 2564/619/615 2563/578/576 1827/576/574
f 1502/618/614 1744/573/571 1742/621/617
f 3088/667/659 3089/668/660 3193/669/661
f 1820/536/534 1239/602/598 1826/537/535
f 3380/670/662 3349/671/663 1967/196/196
f 2573/545/543 2565/561/559 1814/560/558
f 564/408/406 571/412/410 569/611/607
f 603/601/597 601/550/548 602/630/626
f 1749/269/269 1750/282/282 2814/272/272
f 2104/672/664 3349/671/663 3380/670/662
f 1901/673/665 1127/674/666 2004/675/667
f 1475/247/247 1477/264/264 1476/236/236
f 1750/282/282 1749/269/269 2091/265/265
f 180/654/650 178/644/640 2172/676/668
f 124/297/297 1737/276/276 2945/289/289
f 1923/677/669 1483/238/238 1472/252/252
f 2107/496/494 2903/648/644 2108/362/362
f 1819/538/536 1745/572/570 1820/536/534
f 2352/664/656 285/383/28 32/655/30
f 75/451/449 600/515/513 72/460/458
f 2903/648/644 3380/670/662 1967/196/196
f 176/653/649 595/678/670 608/679/671
f 2543/529/527 1819/538/536 1266/530/528
f 1267/635/631 1269/605/601 1814/560/558
f 3212/680/672 3202/681/673 1672/682/674
f 1818/634/630 2576/662/654 1820/536/534
f 1814/560/558 1270/566/564 1267/635/631
f 605/364/364 2905/363/363 607/657/651
f 1827/576/574 1828/598/594 1826/537/535
f 1994/255/255 1922/250/250 2839/268/268
f 73/612/608 74/546/544 72/460/458
f 1745/572/570 1502/618/614 2577/683/675
f 2544/562/560 2547/663/655 1814/560/558
f 2093/258/258 1738/260/260 2425/259/259
f 1899/322/322 2213/324/324 2004/675/667
f 2545/543/541 1732/531/529 1266/530/528
f 178/644/640 177/684/676 2172/676/668
f 3314/685/677 3307/686/678 1642/687/679
f 1269/605/601 1732/531/529 2545/543/541
f 79/643/639 606/616/612 2906/642/638
f 77/688/680 604/689/681 176/653/649
f 2903/648/644 2107/496/494 599/690/682
f 126/321/321 3674/305/305 2451/325/325
f 395/471/469 3550/691/683 396/692/684
f 3579/693/55 3749/694/118 3550/691/683
f 2903/648/644 599/690/682 3380/670/662
f 2408/695/685 396/692/684 3858/696/117
f 3859/697/103 3851/698/686 2408/695/685
f 607/657/651 606/616/612 176/653/649
f 3851/698/686 3859/697/103 389/699/112
f 176/653/649 608/679/671 607/657/651
f 348/700/687 393/701/95 3806/702/688
f 3655/703/689 3630/584/53 3627/583/581
f 1882/415/413 2683/704/690 2034/705/691
f 291/706/692 386/707/693 3808/708/27
f 285/383/28 2352/664/656 2353/381/381
f 3858/696/117 3859/697/103 2408/695/685
f 3806/702/688 393/701/95 392/709/77
f 2613/596/592 1199/710/694 1859/380/380
f 3808/708/27 386/707/693 3809/711/111
f 1473/310/310 2451/325/325 2450/327/327
f 3749/694/118 3858/696/117 396/692/684
f 3554/712/695 3839/482/480 3838/481/479
f 348/700/687 389/699/112 393/701/95
f 396/692/684 3550/691/683 3749/694/118
f 3809/711/111 3806/702/688 392/709/77
f 595/678/670 176/653/649 604/689/681
f 2409/713/696 3865/714/697 3339/715/698
f 630/337/337 626/355/355 628/334/334
f 1204/646/642 1205/645/641 1206/716/699
f 1940/188/188 1941/190/190 1934/717/700
f 2211/410/408 189/405/403 2210/425/423
f 605/364/364 164/718/701 161/495/493
f 180/654/650 179/617/613 178/644/640
f 1923/677/669 1924/227/227 1483/238/238
f 505/633/629 620/403/401 504/631/627
f 165/719/702 599/690/682 2107/496/494
f 626/355/355 3206/328/328 3177/330/330
f 3193/669/661 3205/369/369 3194/368/368
f 2403/651/647 3840/650/646 3806/702/688
f 2451/325/325 1473/310/310 126/321/321
f 1648/720/703 3298/721/704 3088/667/659
f 573/409/407 569/611/607 69/345/345
f 2891/722/705 229/723/706 230/724/707
f 2097/329/329 3206/328/328 3187/725/708
f 1639/726/709 3838/481/479 387/589/585
f 3824/727/710 3825/728/711 3818/318/318
f 1543/729/712 618/636/632 3337/638/634
f 1930/416/414 1178/479/477 1093/730/713
f 1155/641/637 2063/731/714 2688/732/715
f 595/678/670 604/689/681 588/733/716
f 271/734/717 267/735/718 3848/736/719
f 161/495/493 165/719/702 2107/496/494
f 2645/737/720 2064/738/721 1155/641/637
f 1481/224/224 1479/208/208 1752/218/218
f 3308/739/722 3305/740/723 1709/741/724
f 2636/742/725 2063/731/714 1155/641/637
f 1523/215/215 129/622/618 2426/225/225
f 2792/743/726 1899/322/322 1575/744/727
f 597/745/728 596/746/729 165/719/702
f 570/747/730 571/412/410 574/535/533
f 3187/725/708 3188/591/587 2097/329/329
f 1694/333/333 3193/669/661 3089/668/660
f 2684/748/731 1179/749/732 2701/750/733
f 3291/313/313 3090/751/734 3089/668/660
f 77/688/680 2172/676/668 541/752/735
f 2004/675/667 2799/494/492 1899/322/322
f 1515/298/298 136/304/304 124/297/297
f 3655/703/689 3609/433/431 3812/753/736
f 3092/754/737 3173/755/738 1694/333/333
f 3188/591/587 627/331/331 2097/329/329
f 3088/667/659 3291/313/313 3089/668/660
f 165/719/702 164/718/701 612/756/739
f 3195/548/546 3197/757/740 3196/370/370
f 3303/491/489 1637/758/741 1642/687/679
f 2064/738/721 2645/737/720 2637/759/742
f 1939/189/189 1942/323/323 1941/190/190
f 3852/760/743 2366/761/744 230/724/707
f 3061/762/745 3063/557/555 1539/763/746
f 3174/627/623 3176/335/335 2120/628/624
f 1901/673/665 2004/675/667 2213/324/324
f 3188/591/587 3189/332/332 627/331/331
f 1933/764/747 1939/189/189 1932/765/748
f 2799/494/492 1575/744/727 1899/322/322
f 2800/766/749 1935/767/750 1914/768/751
f 615/769/752 3750/770/753 1976/771/754
f 3192/772/755 3191/773/756 1714/774/757
f 2036/775/758 1883/776/759 2726/571/569
f 3839/482/480 3554/712/695 3840/650/646
f 3090/751/734 3092/754/737 3089/668/660
f 1155/641/637 2064/738/721 2636/742/725
f 2636/742/725 1179/749/732 2063/731/714
f 2115/777/760 597/745/728 165/719/702
f 618/636/632 1543/729/712 504/631/627
f 3839/482/480 291/706/692 1638/483/481
f 604/689/681 541/752/735 3368/778/761
f 2444/209/209 1478/212/212 2812/213/213
f 3206/328/328 3195/548/546 3187/725/708
f 612/756/739 164/718/701 611/779/762
f 2346/780/763 2634/647/643 663/781/764
f 518/404/402 2135/610/606 513/782/765
f 1937/783/766 1127/674/666 1901/673/665
f 3808/708/27 380/784/15 291/706/692
f 2403/651/647 386/707/693 3839/482/480
f 3207/354/354 3195/548/546 3206/328/328
f 2707/785/767 2034/705/691 2683/704/690
f 3314/685/677 1642/687/679 3311/786/768
f 614/787/769 613/788/770 3340/789/771
f 547/396/394 2901/790/772 68/791/773
f 2115/777/760 510/792/774 503/793/775
f 499/794/776 504/631/627 437/795/777
f 588/733/716 604/689/681 3368/778/761
f 2209/349/349 3352/507/505 3576/347/347
f 595/678/670 609/796/778 611/779/762
f 2904/604/600 511/453/451 179/617/613
f 2684/748/731 2688/732/715 1179/749/732
f 2034/705/691 2707/785/767 1881/797/779
f 3523/798/780 499/794/776 437/795/777
f 3839/482/480 386/707/693 291/706/692
f 3818/318/318 3813/432/430 3817/799/781
f 3383/800/782 1634/801/783 2870/802/784
f 2353/381/381 3856/803/785 397/804/786
f 2403/651/647 3809/711/111 386/707/693
f 588/733/716 514/805/787 2901/790/772
f 3809/711/111 2403/651/647 3806/702/688
f 165/719/702 610/806/788 2115/777/760
f 62/807/789 2145/808/790 509/809/791
f 126/321/321 1465/810/792 2461/811/793
f 3551/472/470 3345/812/794 1086/813/795
f 1086/813/795 266/814/796 1635/473/471
f 597/745/728 2115/777/760 503/793/775
f 3189/332/332 3205/369/369 3193/669/661
f 3217/815/797 3299/816/798 3218/817/799
f 167/468/466 17/455/453 166/454/452
f 3550/691/683 395/471/469 56/582/580
f 3311/786/768 3319/818/800 3313/819/801
f 3214/820/802 3222/821/803 3220/822/804
f 164/718/701 608/679/671 611/779/762
f 1917/487/485 1916/489/487 1918/823/805
f 3335/824/806 3342/825/807 3345/812/794
f 1092/826/808 1117/827/809 2791/828/810
f 3196/370/370 3205/369/369 3188/591/587
f 2346/780/763 1203/829/811 2634/647/643
f 514/805/787 588/733/716 512/397/395
f 23/830/812 3552/413/411 1882/415/413
f 3524/831/813 383/832/814 3803/833/815
f 2609/834/816 663/781/764 2608/835/817
f 3524/831/813 116/661/120 3801/836/17
f 2115/777/760 610/806/788 510/792/774
f 3815/837/818 3545/838/819 382/839/21
f 1868/447/445 1201/449/447 2058/371/371
f 168/470/468 170/518/516 463/469/467
f 3638/317/317 3641/840/68 3630/584/53
f 2900/841/820 611/779/762 609/796/778
f 2213/324/324 2000/842/821 1901/673/665
f 2409/713/696 1976/771/754 3847/843/822
f 588/733/716 2900/841/820 609/796/778
f 1942/323/323 1939/189/189 1115/844/823
f 3369/609/605 173/388/386 519/387/385
f 1465/810/792 126/321/321 2942/311/311
f 2645/737/720 2705/845/824 2637/759/742
f 2426/225/225 1476/236/236 1524/221/221
f 138/273/273 1471/249/249 1545/262/262
f 3812/753/736 3813/432/430 3638/317/317
f 3372/352/352 3371/378/378 497/438/436
f 1528/245/245 1545/262/262 1471/249/249
f 3655/703/689 3638/317/317 3630/584/53
f 383/832/814 3524/831/813 3801/836/17
f 68/791/773 2901/790/772 514/805/787
f 2461/811/793 3674/305/305 126/321/321
f 2799/494/492 1946/846/825 1575/744/727
f 579/847/826 3357/474/472 566/848/827
f 2900/841/820 588/733/716 2901/790/772
f 2337/849/828 3274/850/829 668/851/830
f 1633/852/831 3329/853/832 3279/854/833
f 500/855/834 503/793/775 3370/465/463
f 3381/350/350 2148/856/835 3379/857/836
f 601/550/548 73/612/608 602/630/626
f 1640/858/837 3276/859/838 403/860/839
f 3325/861/840 3324/862/841 3327/863/842
f 605/364/364 161/495/493 2108/362/362
f 3841/864/843 3843/865/844 2398/866/845
f 2683/704/690 2701/750/733 2707/785/767
f 282/867/846 281/868/46 283/869/45
f 1179/749/732 2636/742/725 2708/870/847
f 2708/870/847 2701/750/733 1179/749/732
f 1881/797/779 2707/785/767 2025/871/848
f 185/435/433 3002/424/422 187/872/849
f 2635/873/850 2637/759/742 2052/874/851
f 2354/430/428 270/875/52 284/382/56
f 2021/504/502 2707/785/767 2701/750/733
f 3314/685/677 3311/786/768 3313/819/801
f 1575/744/727 1992/876/852 1935/767/750
f 608/679/671 595/678/670 611/779/762
f 3851/698/686 399/877/853 2408/695/685
f 3548/288/288 2814/272/272 1750/282/282
f 1963/878/854 1962/879/855 3382/880/856
f 3843/865/844 3332/343/343 3333/881/857
f 816/882/858 3040/883/859 2289/884/860
f 510/792/774 502/885/861 2147/351/351
f 3037/886/862 2289/884/860 3040/883/859
f 806/887/863 967/888/864 192/889/865
f 174/407/405 2899/439/437 566/848/827
f 2337/849/828 763/890/866 3274/850/829
f 2814/272/272 1716/267/267 2839/268/268
f 2561/625/621 2572/891/867 2581/577/575
f 670/892/868 664/893/869 668/851/830
f 2544/562/560 1822/894/870 1741/895/871
f 3368/778/761 541/752/735 2360/896/872
f 3368/778/761 2360/896/872 550/897/873
f 596/746/729 597/745/728 2998/898/874
f 2627/899/875 2621/900/876 2626/901/877
f 1873/902/878 3629/903/879 2050/904/880
f 1164/373/373 1869/905/881 2059/394/392
f 264/906/882 1731/907/883 1261/908/884
f 2571/909/885 2558/910/886 2578/911/887
f 84/375/375 83/912/888 1189/379/379
f 3629/903/879 1566/913/889 2625/914/890
f 2025/871/848 2707/785/767 2021/504/502
f 3178/915/891 3176/335/335 3174/627/623
f 3293/558/556 3061/762/745 3295/916/892
f 3295/916/892 3060/917/893 3292/312/312
f 2625/914/890 2635/873/850 2052/874/851
f 2799/494/492 1916/489/487 1946/846/825
f 1261/908/884 2572/891/867 264/906/882
f 3169/918/894 3172/919/895 3178/915/891
f 3049/920/896 3315/921/897 3048/922/898
f 1815/923/899 1822/894/870 2544/562/560
f 1538/242/242 129/622/618 1535/216/216
f 3055/924/900 1960/925/901 3831/926/902
f 670/892/868 668/851/830 3274/850/829
f 1900/927/903 1937/783/766 1901/673/665
f 541/752/735 2359/658/652 2360/896/872
f 3207/354/354 3167/928/904 3195/548/546
f 2579/929/905 2571/909/885 2578/911/887
f 510/792/774 163/930/906 502/885/861
f 3170/931/907 630/337/337 3171/336/336
f 2579/929/905 264/906/882 2571/909/885
f 2578/911/887 1731/907/883 2579/929/905
f 2561/625/621 2571/909/885 264/906/882
f 3381/350/350 503/793/775 2147/351/351
f 1261/908/884 1833/932/908 2572/891/867
f 2572/891/867 1833/932/908 2565/561/559
f 540/933/909 550/897/873 2360/896/872
f 2565/561/559 1833/932/908 1825/934/910
f 2565/561/559 1825/934/910 1815/923/899
f 2572/891/867 2561/625/621 264/906/882
f 1731/907/883 264/906/882 2579/929/905
f 84/375/375 1859/380/380 1199/710/694
f 3175/629/625 3173/755/738 3092/754/737
f 1825/934/910 1822/894/870 1815/923/899
f 2565/561/559 2581/577/575 2572/891/867
f 3638/317/317 3655/703/689 3812/753/736
f 3171/336/336 3172/919/895 3169/918/894
f 177/684/676 178/644/640 69/345/345
f 1636/935/911 1633/852/831 3383/800/782
f 2565/561/559 1815/923/899 2544/562/560
f 3172/919/895 628/334/334 3176/335/335
f 1741/895/871 2547/663/655 2544/562/560
f 3298/721/704 3294/936/912 3293/558/556
f 3169/918/894 1692/937/913 3170/931/907
f 2518/938/914 1806/939/915 1315/940/916
f 2997/442/440 185/435/433 187/872/849
f 3178/915/891 3172/919/895 3176/335/335
f 3194/368/368 1648/720/703 3193/669/661
f 3089/668/660 3092/754/737 1694/333/333
f 1711/941/917 3294/936/912 3296/942/918
f 3176/335/335 3177/330/330 2120/628/624
f 2354/430/428 2365/429/427 270/875/52
f 3590/326/326 3674/305/305 3650/296/296
f 76/613/609 79/643/639 2905/363/363
f 1539/763/746 3058/943/919 3060/917/893
f 22/944/920 2625/914/890 2626/901/877
f 627/331/331 2120/628/624 2097/329/329
f 2976/286/286 124/297/297 2946/301/301
f 167/468/466 166/454/452 2117/480/478
f 502/885/861 163/930/906 501/945/921
f 3175/629/625 1694/333/333 3173/755/738
f 3642/946/922 1651/533/531 3232/947/923
f 669/948/924 674/949/925 3045/950/926
f 186/443/441 168/470/468 2999/452/450
f 2366/761/744 2404/951/927 3855/952/928
f 2059/394/392 2623/953/929 1556/954/930
f 2346/780/763 2343/955/931 2347/956/932
f 1523/215/215 1535/216/216 129/622/618
f 3352/507/505 2210/425/423 3547/440/438
f 548/623/619 568/615/611 2130/957/933
f 540/933/909 2360/896/872 2359/658/652
f 549/958/934 2130/957/933 568/615/611
f 503/793/775 3381/350/350 3370/465/463
f 1525/254/254 127/291/291 2430/274/274
f 540/933/909 66/959/935 550/897/873
f 499/794/776 3371/378/378 2146/960/936
f 501/945/921 61/389/387 502/885/861
f 3844/961/937 404/962/938 3843/865/844
f 550/897/873 66/959/935 67/963/939
f 605/364/364 608/679/671 164/718/701
f 2511/964/940 1619/965/941 2368/966/942
f 2621/900/876 2615/456/454 2060/464/462
f 2359/658/652 548/623/619 2137/967/943
f 2147/351/351 502/885/861 61/389/387
f 65/340/340 547/396/394 63/338/338
f 540/933/909 1975/968/944 66/959/935
f 1746/229/229 1484/237/237 1483/238/238
f 165/719/702 612/756/739 610/806/788
f 509/809/791 2147/351/351 61/389/387
f 2146/960/936 2145/808/790 2144/632/628
f 175/411/409 3358/475/473 574/535/533
f 2341/969/945 2343/955/931 2067/970/946
f 600/515/513 73/612/608 72/460/458
f 267/735/718 266/814/796 1086/813/795
f 1752/218/218 1478/212/212 2444/209/209
f 3062/971/947 1643/559/557 3317/972/948
f 669/948/924 672/973/949 674/949/925
f 595/678/670 588/733/716 609/796/778
f 675/974/950 3045/950/926 2067/970/946
f 664/893/869 669/948/924 675/974/950
f 3323/342/342 3325/861/840 3327/863/842
f 267/735/718 2409/713/696 3848/736/719
f 3554/712/695 3838/481/479 1639/726/709
f 3750/770/753 3847/843/822 1976/771/754
f 2148/856/835 3373/975/951 3378/976/952
f 3373/975/951 1619/965/941 3378/976/952
f 2354/430/428 397/804/786 391/431/429
f 2505/977/953 1874/978/954 1331/979/955
f 2505/977/953 1344/980/956 1874/978/954
f 2601/981/957 1789/982/958 2505/977/953
f 1932/765/748 1939/189/189 1931/509/507
f 2504/983/959 1330/984/960 1874/978/954
f 3843/865/844 404/962/938 3322/341/341
f 1545/262/262 1521/287/287 138/273/273
f 3383/800/782 3376/985/961 3331/986/962
f 509/809/791 3372/352/352 2147/351/351
f 3326/987/963 3323/342/342 3327/863/842
f 1963/878/854 3382/880/856 2398/866/845
f 1789/982/958 1847/988/964 2505/977/953
f 2114/989/965 1620/990/966 2154/467/465
f 3842/991/967 3841/864/843 348/700/687
f 1937/783/766 1944/992/968 1127/674/666
f 1332/993/969 1331/979/955 1337/994/970
f 2601/981/957 2505/977/953 1331/979/955
f 2825/995/971 1331/979/955 1332/993/969
f 1338/996/972 1874/978/954 1330/984/960
f 1575/744/727 1946/846/825 1992/876/852
f 1874/978/954 1337/994/970 1331/979/955
f 1963/878/854 2398/866/845 3333/881/857
f 1874/978/954 1344/980/956 2504/983/959
f 3167/928/904 3207/354/354 1953/353/353
f 1641/997/973 3323/342/342 3320/998/974
f 1337/994/970 1874/978/954 1338/996/972
f 677/999/975 3274/850/829 685/1000/976
f 3332/343/343 3843/865/844 3322/341/341
f 3382/880/856 3377/1001/977 1968/1002/978
f 1941/190/190 1899/322/322 2792/743/726
f 549/958/934 2142/1003/979 2130/957/933
f 2365/429/427 391/431/429 2366/761/744
f 763/890/866 685/1000/976 3274/850/829
f 1992/876/852 1946/846/825 1979/488/486
f 2130/957/933 1542/1004/980 2137/967/943
f 3376/985/961 2871/1005/981 2153/1006/982
f 3331/986/962 3376/985/961 3377/1001/977
f 3370/465/463 2154/467/465 500/855/834
f 1640/858/837 1633/852/831 3278/1007/983
f 1941/190/190 2792/743/726 1934/717/700
f 1926/493/491 2004/675/667 1127/674/666
f 3843/865/844 3841/864/843 3844/961/937
f 2365/429/427 2366/761/744 3855/952/928
f 3335/824/806 3344/1008/984 1968/1002/978
f 2000/842/821 1900/927/903 1901/673/665
f 3327/863/842 3329/853/832 1636/935/911
f 3342/825/807 1968/1002/978 3377/1001/977
f 2398/866/845 3334/1009/985 3841/864/843
f 15/1010/986 2636/742/725 22/944/920
f 2064/738/721 2635/873/850 2636/742/725
f 546/398/396 63/338/338 547/396/394
f 282/867/846 283/869/45 2365/429/427
f 1916/489/487 1979/488/486 1946/846/825
f 3195/548/546 3167/928/904 3221/549/547
f 162/652/648 541/752/735 2172/676/668
f 2617/427/425 3626/1011/987 1998/1012/988
f 15/1010/986 2060/464/462 2057/1013/989
f 1916/489/487 1926/493/491 2796/1014/990
f 64/339/339 61/389/387 501/945/921
f 1925/1015/991 1096/1016/992 2785/1017/993
f 2708/870/847 2057/1013/989 2618/1018/994
f 612/756/739 611/779/762 2900/841/820
f 282/867/846 2365/429/427 3855/952/928
f 1636/935/911 3331/986/962 3326/987/963
f 1553/428/426 2057/1013/989 2060/464/462
f 3379/857/836 2148/856/835 3378/976/952
f 65/340/340 64/339/339 501/945/921
f 2354/430/428 284/382/56 2353/381/381
f 3864/1019/995 3334/1009/985 3382/880/856
f 2708/870/847 2618/1018/994 2701/750/733
f 3285/1020/996 1714/774/757 3301/1021/997
f 3383/800/782 1633/852/831 1634/801/783
f 2617/427/425 2618/1018/994 1553/428/426
f 3750/770/753 3751/1022/998 3752/1023/999
f 599/690/682 165/719/702 596/746/729
f 1513/239/239 1536/228/228 1830/1024/1000
f 1500/567/565 2815/1025/1001 1743/597/593
f 1740/1026/1002 2815/1025/1001 2546/1027/1003
f 2701/750/733 2618/1018/994 2749/505/503
f 2912/1028/1004 1991/1029/1005 2061/1030/1006
f 1944/992/968 2796/1014/990 1926/493/491
f 1509/1031/1007 1534/1032/1008 1533/1033/1009
f 2636/742/725 15/1010/986 2057/1013/989
f 3167/928/904 1953/353/353 3222/821/803
f 1734/1034/1010 1509/1031/1007 1533/1033/1009
f 1975/968/944 2359/658/652 2137/967/943
f 1918/823/805 1916/489/487 2796/1014/990
f 2618/1018/994 2617/427/425 1998/1012/988
f 2618/1018/994 2022/1035/1011 2749/505/503
f 1714/774/757 3191/773/756 3301/1021/997
f 1570/478/476 3626/1011/987 2617/427/425
f 2062/1036/1012 2912/1028/1004 2061/1030/1006
f 3197/757/740 3194/368/368 3196/370/370
f 1530/1037/1013 1734/1034/1010 2431/210/210
f 1502/618/614 1509/1031/1007 1734/1034/1010
f 2061/1030/1006 3626/1011/987 2062/1036/1012
f 2022/1035/1011 2618/1018/994 2619/1038/1014
f 2431/210/210 1533/1033/1009 1527/253/253
f 1502/618/614 1510/1039/1015 2577/683/675
f 1164/373/373 2059/394/392 2612/365/365
f 3200/1040/1016 1674/181/181 3192/772/755
f 1712/1041/1017 3048/922/898 3314/685/677
f 2618/1018/994 1998/1012/988 2619/1038/1014
f 1507/1042/1018 1506/665/657 1534/1032/1008
f 1522/292/292 138/273/273 1521/287/287
f 620/403/401 506/1043/1019 2134/1044/1020
f 1736/1045/1021 1530/1037/1013 1529/1046/1022
f 2706/1047/1023 2749/505/503 2022/1035/1011
f 1736/1045/1021 1735/1048/1024 1510/1039/1015
f 1998/1012/988 3626/1011/987 2061/1030/1006
f 3292/312/312 3290/314/314 3295/916/892
f 2062/1036/1012 3626/1011/987 1570/478/476
f 1530/1037/1013 1510/1039/1015 1734/1034/1010
f 1507/1042/1018 1534/1032/1008 1509/1031/1007
f 1553/428/426 2618/1018/994 2057/1013/989
f 3823/1049/1025 3821/1050/1026 1713/1051/1027
f 2708/870/847 2636/742/725 2057/1013/989
f 1506/665/657 1830/1024/1000 1534/1032/1008
f 3624/1052/1028 1998/1012/988 2061/1030/1006
f 3841/864/843 3842/991/967 3844/961/937
f 2912/1028/1004 2062/1036/1012 1173/522/520
f 1931/509/507 1090/417/415 1932/765/748
f 1642/687/679 3307/686/678 3316/1053/1029
f 3605/1054/1030 3606/1055/1031 3793/1056/1032
f 2062/1036/1012 1570/478/476 1172/420/418
f 1175/1057/1033 1177/401/399 1860/1058/1034
f 1991/1029/1005 3624/1052/1028 2061/1030/1006
f 1173/522/520 2062/1036/1012 1172/420/418
f 1173/522/520 1175/1057/1033 2912/1028/1004
f 1175/1057/1033 1173/522/520 1177/401/399
f 3377/1001/977 1962/879/855 3331/986/962
f 1175/1057/1033 1860/1058/1034 2912/1028/1004
f 1860/1058/1034 1177/401/399 1176/418/416
f 1178/479/477 1930/416/414 1177/401/399
f 2444/209/209 1529/1046/1022 1530/1037/1013
f 1512/1059/1035 2546/1027/1003 1816/1060/1036
f 1510/1039/1015 1735/1048/1024 2445/1061/1037
f 1177/401/399 1930/416/414 1176/418/416
f 1536/228/228 1657/220/220 1527/253/253
f 2870/802/784 2114/989/965 2871/1005/981
f 3175/629/625 2120/628/624 1694/333/333
f 1505/1062/1038 1546/1063/1039 1504/1064/1040
f 1531/1065/1041 1546/1063/1039 1532/1066/1042
f 1501/261/261 1513/239/239 2434/1067/1043
f 3088/667/659 3298/721/704 3290/314/314
f 2436/620/616 1743/597/593 2815/1025/1001
f 1533/1033/1009 1534/1032/1008 1830/1024/1000
f 3290/314/314 3291/313/313 3088/667/659
f 120/1068/1044 1504/1064/1040 1740/1026/1002
f 1742/621/617 1507/1042/1018 1502/618/614
f 1505/1062/1038 1501/261/261 2434/1067/1043
f 3171/336/336 628/334/334 3172/919/895
f 1628/1069/1045 2902/278/278 1629/280/280
f 3835/1070/1046 3803/833/815 3820/1071/1047
f 1509/1031/1007 1502/618/614 1507/1042/1018
f 1141/1072/1048 1423/1073/1049 1414/1074/1050
f 1090/417/415 1122/176/176 1176/418/416
f 2877/1075/1051 1556/954/930 2623/953/929
f 1542/1004/980 2130/957/933 2131/1076/1052
f 1142/1077/1053 1141/1072/1048 1143/1078/1054
f 1860/1058/1034 1176/418/416 1122/176/176
f 544/1079/1055 66/959/935 1975/968/944
f 2750/1080/1056 1122/176/176 2748/1081/1057
f 1090/417/415 2744/510/508 1089/590/586
f 2812/213/213 2427/1082/1058 1529/1046/1022
f 2815/1025/1001 1503/1083/1059 2436/620/616
f 546/398/396 543/1084/1060 545/386/384
f 2812/213/213 1529/1046/1022 2444/209/209
f 2635/873/850 2625/914/890 22/944/920
f 1742/621/617 1506/665/657 1507/1042/1018
f 1529/1046/1022 2427/1082/1058 1736/1045/1021
f 1141/1072/1048 1424/1085/1061 1423/1073/1049
f 3185/1086/1062 1672/682/674 3243/1087/1063
f 1502/618/614 1734/1034/1010 1510/1039/1015
f 2577/683/675 2445/1061/1037 1499/1088/1064
f 1860/1058/1034 1122/176/176 2750/1080/1056
f 3296/942/918 3064/1089/1065 3299/816/798
f 1830/1024/1000 1531/1065/1041 1532/1066/1042
f 1510/1039/1015 2445/1061/1037 2577/683/675
f 1860/1058/1034 1991/1029/1005 2912/1028/1004
f 3334/1009/985 399/877/853 3841/864/843
f 1510/1039/1015 1530/1037/1013 1736/1045/1021
f 3647/1090/1066 3641/840/68 3638/317/317
f 1141/1072/1048 1770/1091/1067 1424/1085/1061
f 146/290/290 145/1092/1068 2945/289/289
f 2431/210/210 2444/209/209 1530/1037/1013
f 1860/1058/1034 2750/1080/1056 2754/1093/1069
f 3379/857/836 2871/1005/981 2114/989/965
f 1734/1034/1010 1533/1033/1009 2431/210/210
f 2744/510/508 1940/188/188 1938/1094/1070
f 1131/132/132 2749/505/503 2686/133/133
f 3327/863/842 1636/935/911 3326/987/963
f 1011/499/497 2228/498/496 1326/1095/1071
f 1130/1096/1072 1089/590/586 2744/510/508
f 1012/1097/1073 2267/1098/1074 999/1099/1075
f 3671/175/175 2748/1081/1057 1122/176/176
f 2346/780/763 663/781/764 660/1100/1076
f 677/999/975 670/892/868 3274/850/829
f 1142/1077/1053 1770/1091/1067 1141/1072/1048
f 403/860/839 1634/801/783 1640/858/837
f 2748/1081/1057 3671/175/175 2750/1080/1056
f 2522/1101/1077 1806/939/915 2518/938/914
f 2620/1102/1078 3624/1052/1028 2835/1103/1079
f 3810/660/14 3804/659/653 380/784/15
f 2619/1038/1014 2620/1102/1078 2023/1104/1080
f 2230/1105/1081 1011/499/497 1010/1106/1082
f 1639/726/709 3322/341/341 404/962/938
f 3060/917/893 3295/916/892 3061/762/745
f 2025/871/848 2024/134/134 1881/797/779
f 62/807/789 509/809/791 508/385/383
f 1414/1074/1050 1190/1107/1083 1141/1072/1048
f 2231/1108/1084 1011/499/497 2230/1105/1081
f 2023/1104/1080 2022/1035/1011 2619/1038/1014
f 2137/967/943 1542/1004/980 1975/968/944
f 1089/590/586 1130/1096/1072 2742/1109/1085
f 1503/1083/1059 1531/1065/1041 2436/620/616
f 2742/1109/1085 1122/176/176 1089/590/586
f 1770/1091/1067 1142/1077/1053 1146/1110/1086
f 1933/764/747 2791/828/810 1115/844/823
f 1313/1111/1087 2226/1112/1088 1326/1095/1071
f 3671/175/175 2743/1113/1089 2750/1080/1056
f 3198/1114/1090 3240/1115/1091 2105/1116/1092
f 1204/646/642 1206/716/699 2610/448/446
f 1669/1117/1093 3198/1114/1090 3201/1118/1094
f 2743/1113/1089 3671/175/175 2759/1119/1095
f 3323/342/342 2350/1120/1096 3332/343/343
f 2835/1103/1079 3624/1052/1028 3670/1121/1097
f 2751/1122/1098 3624/1052/1028 1991/1029/1005
f 3317/972/948 3305/740/723 3316/1053/1029
f 1881/797/779 2024/134/134 2686/133/133
f 1232/1123/1099 1012/1097/1073 2594/1124/1100
f 1566/913/889 2051/1125/1101 2627/899/875
f 3210/547/545 3219/1126/1102 3209/1127/1103
f 2726/571/569 1881/797/779 2687/569/567
f 3381/350/350 2121/466/464 3370/465/463
f 1214/1128/1104 83/912/888 1199/710/694
f 2022/1035/1011 1888/1129/1105 2706/1047/1023
f 2752/1130/1106 1130/1096/1072 2795/1131/1107
f 2223/1132/1108 1010/1106/1082 1326/1095/1071
f 2744/510/508 2795/1131/1107 1130/1096/1072
f 2105/1116/1092 3201/1118/1094 3198/1114/1090
f 2350/1120/1096 1963/878/854 3333/881/857
f 1658/1133/1109 3199/179/179 1669/1117/1093
f 1010/1106/1082 1012/1097/1073 999/1099/1075
f 418/384/382 173/388/386 3369/609/605
f 3828/1134/1110 1713/1051/1027 3829/1135/1111
f 2226/1112/1088 2223/1132/1108 1326/1095/1071
f 1968/1002/978 3344/1008/984 3382/880/856
f 2754/1093/1069 2750/1080/1056 2743/1113/1089
f 2230/1105/1081 1010/1106/1082 999/1099/1075
f 2754/1093/1069 2751/1122/1098 1991/1029/1005
f 1943/1136/1112 1942/323/323 1988/1137/1113
f 2530/1138/1114 2226/1112/1088 1313/1111/1087
f 1873/902/878 1869/905/881 2051/1125/1101
f 3244/157/157 3241/1139/1115 3234/158/158
f 399/877/853 3851/698/686 348/700/687
f 2783/257/257 1573/256/256 2781/1140/1116
f 1975/968/944 551/1141/1117 544/1079/1055
f 2226/1112/1088 1012/1097/1073 2223/1132/1108
f 2230/1105/1081 999/1099/1075 2259/1142/1118
f 2594/1124/1100 2226/1112/1088 1306/1143/1119
f 3031/1144/1120 3033/128/128 27/1145/1121
f 2694/1146/1122 2679/1147/1123 1153/639/635
f 3218/817/799 1670/1148/1124 3198/1114/1090
f 2350/1120/1096 3333/881/857 3332/343/343
f 2594/1124/1100 1306/1143/1119 2595/1149/1125
f 2226/1112/1088 2594/1124/1100 1012/1097/1073
f 3601/1150/59 2949/1151/36 3602/1152/1126
f 1869/905/881 1873/902/878 2624/1153/1127
f 2547/663/655 1741/895/871 2546/1027/1003
f 2693/1154/1128 3635/1155/1129 44/1156/1130
f 400/1157/1131 2408/695/685 399/877/853
f 3769/1158/1132 28/1159/1133 1957/1160/1134
f 1010/1106/1082 2223/1132/1108 1012/1097/1073
f 1897/171/171 1938/1094/1070 2794/172/172
f 1506/665/657 2436/620/616 1531/1065/1041
f 1715/1161/1135 1573/256/256 2780/266/266
f 2623/953/929 2624/1153/1127 1873/902/878
f 1167/374/374 2627/899/875 1164/373/373
f 2546/1027/1003 1741/895/871 1816/1060/1036
f 2871/1005/981 3379/857/836 2153/1006/982
f 1963/878/854 2350/1120/1096 1962/879/855
f 2815/1025/1001 1500/567/565 2547/663/655
f 2627/899/875 2051/1125/1101 1164/373/373
f 2783/257/257 2781/1140/1116 1100/251/251
f 3791/486/484 3813/432/430 3790/434/432
f 3570/1162/1136 3606/1055/1031 3605/1054/1030
f 3202/681/673 1668/1163/1137 1658/1133/1109
f 2623/953/929 1557/1164/1138 2877/1075/1051
f 3342/825/807 1619/965/941 2511/964/940
f 3315/921/897 3314/685/677 3048/922/898
f 3213/154/154 3241/1139/1115 3244/157/157
f 3589/271/271 1572/230/230 2758/1165/1139
f 3202/681/673 3212/680/672 1668/1163/1137
f 3240/1115/1091 1672/682/674 2105/1116/1092
f 3570/1162/1136 3601/1150/59 3602/1152/1126
f 3240/1115/1091 3197/757/740 3210/547/545
f 2638/1166/1140 1558/1167/1141 22/944/920
f 136/304/304 1517/308/308 1518/303/303
f 3309/492/490 1959/1168/1142 3310/490/488
f 1672/682/674 3209/1127/1103 3243/1087/1063
f 3278/1007/983 3279/854/833 3375/1169/1143
f 187/872/849 3002/424/422 188/406/404
f 3368/778/761 512/397/395 588/733/716
f 2547/663/655 2546/1027/1003 2815/1025/1001
f 1830/1024/1000 1532/1066/1042 1513/239/239
f 1504/1064/1040 1546/1063/1039 1503/1083/1059
f 1505/1062/1038 1504/1064/1040 120/1068/1044
f 3243/1087/1063 3212/680/672 3185/1086/1062
f 1505/1062/1038 1532/1066/1042 1546/1063/1039
f 3299/816/798 1709/741/724 1711/941/917
f 3223/1170/1144 625/1171/1145 3213/154/154
f 1511/1172/1146 121/1173/1147 120/1068/1044
f 3814/1174/1148 3822/1175/1149 3816/1176/1150
f 3864/1019/995 3382/880/856 3344/1008/984
f 1533/1033/1009 1830/1024/1000 1536/228/228
f 2615/456/454 2621/900/876 1165/393/391
f 1216/595/591 1214/1128/1104 1199/710/694
f 535/1177/1151 544/1079/1055 534/1178/1152
f 3202/681/673 1658/1133/1109 3201/1118/1094
f 530/1179/1153 534/1178/1152 551/1141/1117
f 1674/181/181 3191/773/756 3192/772/755
f 1505/1062/1038 2943/285/285 1501/261/261
f 3222/821/803 34/1180/1154 3167/928/904
f 1940/188/188 1934/717/700 2794/172/172
f 3219/1126/1102 3210/547/545 34/1180/1154
f 3201/1118/1094 1658/1133/1109 1669/1117/1093
f 3815/837/818 3816/1176/1150 3822/1175/1149
f 2636/742/725 2635/873/850 22/944/920
f 544/1079/1055 535/1177/1151 543/1084/1060
f 2021/504/502 2701/750/733 2749/505/503
f 3210/547/545 3197/757/740 3195/548/546
f 1713/1051/1027 1712/1041/1017 3834/1181/1155
f 1504/1064/1040 1503/1083/1059 1740/1026/1002
f 1099/1182/1156 1928/1183/1157 1100/251/251
f 120/1068/1044 1512/1059/1035 1511/1172/1146
f 620/403/401 618/636/632 504/631/627
f 1497/1184/1158 120/1068/1044 121/1173/1147
f 1520/295/295 311/293/293 1748/281/281
f 3655/703/689 3608/1185/1159 3609/433/431
f 1532/1066/1042 1505/1062/1038 2434/1067/1043
f 578/357/357 203/356/356 3356/458/456
f 3243/1087/1063 3242/1186/1160 3204/1187/1161
f 1531/1065/1041 1503/1083/1059 1546/1063/1039
f 15/1010/986 1558/1167/1141 2060/464/462
f 1532/1066/1042 2434/1067/1043 1513/239/239
f 3803/833/815 3835/1070/1046 3836/607/603
f 2627/899/875 2626/901/877 1566/913/889
f 2626/901/877 2638/1166/1140 22/944/920
f 1497/1184/1158 2943/285/285 1505/1062/1038
f 1506/665/657 1531/1065/1041 1830/1024/1000
f 1533/1033/1009 1536/228/228 1527/253/253
f 3820/1071/1047 3545/838/819 3815/837/818
f 1241/1188/1162 1494/1189/1163 1835/1190/1164
f 3213/154/154 3244/157/157 3235/155/155
f 2130/957/933 2137/967/943 548/623/619
f 1933/764/747 1092/826/808 2791/828/810
f 1242/1191/1165 1835/1190/1164 1494/1189/1163
f 1493/1192/1166 2437/594/590 2987/649/645
f 120/1068/1044 1740/1026/1002 2546/1027/1003
f 418/384/382 3369/609/605 2397/608/604
f 1851/1193/1167 1753/1194/1168 1246/1195/1169
f 34/1180/1154 625/1171/1145 3219/1126/1102
f 120/1068/1044 1497/1184/1158 1505/1062/1038
f 1422/1196/1170 1836/1197/1171 1753/1194/1168
f 544/1079/1055 543/1084/1060 66/959/935
f 3243/1087/1063 3223/1170/1144 3242/1186/1160
f 1715/1161/1135 1985/1198/1172 1099/1182/1156
f 1985/1198/1172 1715/1161/1135 1577/1199/1173
f 1495/600/596 2987/649/645 2439/593/589
f 44/1156/1130 2680/1200/1174 2679/1147/1123
f 1494/1189/1163 1762/1201/1175 1428/1202/1176
f 1948/1203/1177 2794/172/172 1934/717/700
f 1851/1193/1167 1428/1202/1176 1753/1194/1168
f 625/1171/1145 3223/1170/1144 3219/1126/1102
f 2353/381/381 397/804/786 2354/430/428
f 29/520/518 30/519/517 542/346/346
f 391/431/429 397/804/786 2891/722/705
f 34/1180/1154 3214/820/802 625/1171/1145
f 546/398/396 545/386/384 63/338/338
f 3608/1185/1159 3627/583/581 3604/1204/1178
f 587/444/442 167/468/466 2117/480/478
f 3223/1170/1144 3247/156/156 3242/1186/1160
f 3828/1134/1110 3049/920/896 1713/1051/1027
f 69/345/345 162/652/648 177/684/676
f 2135/610/606 507/1205/1179 2397/608/604
f 3051/1206/1180 3828/1134/1110 3833/1207/1181
f 602/630/626 73/612/608 598/626/622
f 563/614/610 571/412/410 570/747/730
f 2147/351/351 503/793/775 510/792/774
f 3371/378/378 3372/352/352 2145/808/790
f 512/397/395 550/897/873 67/963/939
f 175/411/409 564/408/406 174/407/405
f 177/684/676 162/652/648 2172/676/668
f 496/1208/1182 3373/975/951 2148/856/835
f 3674/305/305 3590/326/326 2451/325/325
f 625/1171/1145 3214/820/802 3241/1139/1115
f 497/438/436 496/1208/1182 2148/856/835
f 2627/899/875 1167/374/374 1165/393/391
f 1165/393/391 2621/900/876 2627/899/875
f 1750/282/282 2091/265/265 3588/275/275
f 3213/154/154 625/1171/1145 3241/1139/1115
f 3373/975/951 2368/966/942 1619/965/941
f 1873/902/878 2051/1125/1101 3629/903/879
f 3836/607/603 3837/588/584 1638/483/481
f 3285/1020/996 1959/1168/1142 1667/1209/1183
f 1992/876/852 1928/1183/1157 1099/1182/1156
f 2399/1210/1184 2401/1211/1185 3312/1212/1186
f 2757/1213/1187 1985/1198/1172 1577/1199/1173
f 546/398/396 512/397/395 67/963/939
f 17/455/453 463/469/467 29/520/518
f 2214/1214/1188 2734/1215/1189 2005/173/173
f 541/752/735 162/652/648 2359/658/652
f 2511/964/940 2368/966/942 3866/1216/1190
f 3824/727/710 3814/1174/1148 3825/728/711
f 3849/1217/1191 3846/1218/1192 3850/1219/1193
f 1496/461/459 2943/285/285 1497/1184/1158
f 2352/664/656 1635/473/471 266/814/796
f 1985/1198/1172 1910/1220/1194 1099/1182/1156
f 607/657/651 608/679/671 605/364/364
f 2353/381/381 2352/664/656 3856/803/785
f 201/450/448 3356/458/456 203/356/356
f 75/451/449 203/356/356 202/436/434
f 1713/1051/1027 3049/920/896 1712/1041/1017
f 1931/509/507 1939/189/189 1940/188/188
f 1558/1167/1141 15/1010/986 22/944/920
f 3372/352/352 509/809/791 2145/808/790
f 1489/1221/1195 2987/649/645 1495/600/596
f 2891/722/705 397/804/786 2890/1222/1196
f 1117/827/809 1903/1223/1197 2791/828/810
f 3550/691/683 33/656/54 3579/693/55
f 3820/1071/1047 3821/1050/1026 3835/1070/1046
f 230/724/707 391/431/429 2891/722/705
f 1637/758/741 3310/490/488 3319/818/800
f 2366/761/744 391/431/429 230/724/707
f 201/450/448 72/460/458 2845/476/474
f 1985/1198/1172 1947/1224/1198 1088/1225/1199
f 671/1226/1200 2343/955/931 2341/969/945
f 497/438/436 3341/377/377 496/1208/1182
f 271/734/717 2352/664/656 266/814/796
f 3821/1050/1026 3820/1071/1047 3822/1175/1149
f 512/397/395 547/396/394 68/791/773
f 1639/726/709 3321/1227/1201 3320/998/974
f 677/999/975 707/1228/1202 761/1229/1203
f 1903/1223/1197 1117/827/809 1997/1230/1204
f 2069/1231/1205 1848/1232/1206 1329/1233/1207
f 3793/1056/1032 3790/434/432 3605/1054/1030
f 512/397/395 68/791/773 514/805/787
f 271/734/717 3856/803/785 2352/664/656
f 2997/442/440 2110/441/439 185/435/433
f 3856/803/785 2890/1222/1196 397/804/786
f 3202/681/673 3201/1118/1094 1672/682/674
f 2760/1234/1208 1903/1223/1197 1997/1230/1204
f 3589/271/271 1577/1199/1173 1715/1161/1135
f 1197/422/420 1117/827/809 1091/1235/1209
f 184/358/358 3003/437/435 202/436/434
f 229/723/706 2891/722/705 2890/1222/1196
f 2226/1112/1088 2530/1138/1114 1306/1143/1119
f 3548/288/288 19/277/277 2814/272/272
f 3751/1022/998 3846/1218/1192 3752/1023/999
f 1978/1236/1210 1912/1237/1211 1910/1220/1194
f 1912/1237/1211 1978/1236/1210 2800/766/749
f 1199/710/694 83/912/888 84/375/375
f 180/654/650 606/616/612 179/617/613
f 1882/415/413 2688/732/715 2683/704/690
f 202/436/434 587/444/442 75/451/449
f 3312/1212/1186 3313/819/801 2400/1238/1212
f 2059/394/392 2624/1153/1127 2623/953/929
f 1635/473/471 3551/472/470 1086/813/795
f 382/839/21 3811/1239/20 3647/1090/1066
f 1910/1220/1194 1088/1225/1199 1978/1236/1210
f 1118/1240/1213 2755/1241/1214 1180/1242/1215
f 3852/760/743 269/1243/1216 2404/951/927
f 1864/1244/1217 1197/422/420 1196/421/419
f 2828/1245/1218 1120/1246/1219 1121/1247/1220
f 1118/1240/1213 1180/1242/1215 1194/1248/1221
f 3543/1249/1222 3342/825/807 2511/964/940
f 3322/341/341 3320/998/974 3323/342/342
f 3327/863/842 3324/862/841 3329/853/832
f 2890/1222/1196 2889/1250/1223 229/723/706
f 496/1208/1182 3341/377/377 614/787/769
f 504/631/627 2146/960/936 2144/632/628
f 1867/462/460 1186/477/475 1196/421/419
f 1193/1251/1224 1194/1248/1221 1180/1242/1215
f 1566/913/889 3629/903/879 2051/1125/1101
f 497/438/436 3371/378/378 3341/377/377
f 2638/1166/1140 2621/900/876 2060/464/462
f 1923/677/669 1922/250/250 1924/227/227
f 1121/1247/1220 1183/1252/1225 2828/1245/1218
f 3380/670/662 596/746/729 2104/672/664
f 266/814/796 267/735/718 271/734/717
f 1424/1085/1061 1422/1196/1170 1753/1194/1168
f 1183/1252/1225 1180/1242/1215 2828/1245/1218
f 1889/1253/1226 1195/1254/1227 2764/1255/1228
f 3668/1256/1229 1947/1224/1198 2734/1215/1189
f 1121/1247/1220 1182/1257/1230 1183/1252/1225
f 1114/1258/1231 1128/1259/1232 1903/1223/1197
f 3167/928/904 34/1180/1154 3221/549/547
f 2094/1260/1233 1489/1221/1195 1495/600/596
f 1903/1223/1197 1128/1259/1232 1115/844/823
f 1427/1261/1234 1428/1202/1176 1762/1201/1175
f 3819/484/482 3638/317/317 3813/432/430
f 1494/1189/1163 2987/649/645 1426/1262/1235
f 2945/289/289 145/1092/1068 1515/298/298
f 1762/1201/1175 1494/1189/1163 1426/1262/1235
f 2340/1263/1236 2344/1264/1237 712/1265/1238
f 1183/1252/1225 1863/1266/1239 1193/1251/1224
f 1863/1266/1239 1904/1267/1240 1193/1251/1224
f 1904/1267/1240 1150/1268/1241 2704/1269/1242
f 3376/985/961 3383/800/782 1649/1270/1243
f 2755/1241/1214 1997/1230/1204 1180/1242/1215
f 3308/739/722 3309/492/490 3316/1053/1029
f 1577/1199/1173 3589/271/271 2757/1213/1187
f 1753/1194/1168 1427/1261/1234 1423/1073/1049
f 712/1265/1238 2344/1264/1237 671/1226/1200
f 2454/1271/1244 1491/1272/1245 2987/649/645
f 1186/477/475 1187/359/359 1185/1273/1246
f 1190/1107/1083 1887/1274/1247 1141/1072/1048
f 1426/1262/1235 1427/1261/1234 1762/1201/1175
f 3198/1114/1090 1670/1148/1124 1720/1275/1248
f 1120/1246/1219 1197/422/420 1121/1247/1220
f 1489/1221/1195 1101/1276/1249 2454/1271/1244
f 2766/1277/1250 2454/1271/1244 1101/1276/1249
f 1887/1274/1247 2066/1278/1251 1143/1078/1054
f 2442/1279/1252 2787/1280/1253 2094/1260/1233
f 1143/1078/1054 2066/1278/1251 2614/1281/1254
f 1198/361/361 1189/379/379 1188/1282/1255
f 2454/1271/1244 1426/1262/1235 1491/1272/1245
f 1426/1262/1235 1425/1283/1256 1427/1261/1234
f 2401/1211/1185 3823/1049/1025 3834/1181/1155
f 1426/1262/1235 1470/1284/1257 1425/1283/1256
f 2214/1214/1188 3668/1256/1229 2734/1215/1189
f 676/1285/1258 760/1286/1259 712/1265/1238
f 1753/1194/1168 1423/1073/1049 1424/1085/1061
f 2890/1222/1196 3856/803/785 271/734/717
f 2626/901/877 2625/914/890 1566/913/889
f 1905/1287/1260 1106/1288/1261 2909/1289/1262
f 2051/1125/1101 1869/905/881 1164/373/373
f 3790/434/432 3609/433/431 3605/1054/1030
f 1713/1051/1027 3822/1175/1149 3829/1135/1111
f 2005/173/173 2794/172/172 1948/1203/1177
f 1910/1220/1194 1912/1237/1211 1099/1182/1156
f 3214/820/802 3220/822/804 3241/1139/1115
f 2943/285/285 122/299/299 1757/284/284
f 2766/1277/1250 1763/1290/1263 1426/1262/1235
f 2832/1291/1264 1182/1257/1230 1185/1273/1246
f 1214/1128/1104 1215/1292/1265 83/912/888
f 2345/1293/1266 2347/956/932 2344/1264/1237
f 3829/1135/1111 3833/1207/1181 3828/1134/1110
f 1190/1107/1083 1415/1294/1267 1862/1295/1268
f 3047/1296/1269 676/1285/1258 671/1226/1200
f 2734/1215/1189 1576/185/185 2005/173/173
f 3668/1256/1229 2214/1214/1188 1978/1236/1210
f 1415/1294/1267 1414/1074/1050 1425/1283/1256
f 3062/971/947 3307/686/678 3054/1297/1270
f 1145/1298/1271 1146/1110/1086 1856/1299/1272
f 1147/1300/1273 1139/1301/1274 1857/1302/1275
f 2762/1303/1276 1111/1304/1277 1109/1305/1278
f 2401/1211/1185 2399/1210/1184 3837/588/584
f 2340/1263/1236 712/1265/1238 760/1286/1259
f 761/1229/1203 671/1226/1200 673/1306/1279
f 1428/1202/1176 1851/1193/1167 1242/1191/1165
f 2050/904/880 2623/953/929 1873/902/878
f 185/435/433 2110/441/439 587/444/442
f 2704/1269/1242 1149/1307/1280 1138/1308/1281
f 1214/1128/1104 1212/1309/1282 1215/1292/1265
f 1892/1310/1283 1118/1240/1213 1194/1248/1221
f 1194/1248/1221 1192/1311/1284 1892/1310/1283
f 2623/953/929 2050/904/880 1557/1164/1138
f 1101/1276/1249 2787/1280/1253 2837/1312/1285
f 2546/1027/1003 1512/1059/1035 120/1068/1044
f 1100/251/251 1922/250/250 1994/255/255
f 1912/1237/1211 2800/766/749 1914/768/751
f 1126/1313/1286 1124/1314/1287 1902/1315/1288
f 1862/1295/1268 1195/1254/1227 2988/1316/1289
f 1489/1221/1195 1492/1317/1290 1101/1276/1249
f 1894/1318/1291 2764/1255/1228 1108/1319/1292
f 1936/1320/1293 2797/1321/1294 1935/767/750
f 1114/1258/1231 2760/1234/1208 2756/1322/1295
f 1740/1026/1002 1503/1083/1059 2815/1025/1001
f 1224/1323/1296 1212/1309/1282 1213/1324/1297
f 1904/1267/1240 1863/1266/1239 1150/1268/1241
f 2774/1325/1298 2788/1326/1299 2777/1327/1300
f 2059/394/392 1869/905/881 2624/1153/1127
f 761/1229/1203 673/1306/1279 677/999/975
f 1863/1266/1239 1183/1252/1225 1137/1328/1301
f 160/1329/1302 1146/1110/1086 1145/1298/1271
f 2988/1316/1289 2614/1281/1254 2066/1278/1251
f 3054/1297/1270 3307/686/678 3315/921/897
f 1118/1240/1213 2753/1330/1303 2755/1241/1214
f 1492/1317/1290 2787/1280/1253 1101/1276/1249
f 1892/1310/1283 1116/1331/1304 1118/1240/1213
f 1934/717/700 2792/743/726 2797/1321/1294
f 2341/969/945 3045/950/926 674/949/925
f 3817/799/781 3813/432/430 3791/486/484
f 1886/1332/1305 1135/1333/1306 1181/1334/1307
f 2638/1166/1140 2626/901/877 2621/900/876
f 2454/1271/1244 2766/1277/1250 1426/1262/1235
f 2644/1335/1308 2705/845/824 2645/737/720
f 1894/1318/1291 1893/1336/1309 1192/1311/1284
f 2790/1337/1310 2778/1338/1311 2787/1280/1253
f 2094/1260/1233 1495/600/596 2441/1339/1312
f 2763/1340/1313 2910/1341/1314 2772/1342/1315
f 1185/1273/1246 1188/1282/1255 1184/1343/1316
f 1415/1294/1267 1861/1344/1317 1862/1295/1268
f 89/1345/1318 2918/1346/1319 1220/1347/1320
f 1864/1244/1217 1121/1247/1220 1197/422/420
f 2837/1312/1285 1769/1348/1321 1101/1276/1249
f 1109/1305/1278 2764/1255/1228 1195/1254/1227
f 677/999/975 672/973/949 670/892/868
f 2644/1335/1308 2645/737/720 1875/666/658
f 1123/1349/1322 2756/1322/1295 2760/1234/1208
f 707/1228/1202 3047/1296/1269 761/1229/1203
f 1903/1223/1197 2760/1234/1208 1114/1258/1231
f 1414/1074/1050 1415/1294/1267 1190/1107/1083
f 1999/1350/1323 1129/1351/1324 2756/1322/1295
f 1116/1331/1304 2831/1352/1325 2753/1330/1303
f 1099/1182/1156 1100/251/251 2781/1140/1116
f 1116/1331/1304 1113/1353/1326 2831/1352/1325
f 1215/1292/1265 1212/1309/1282 1872/1354/1327
f 229/723/706 3849/1217/1191 230/724/707
f 1113/1353/1326 1116/1331/1304 1892/1310/1283
f 1143/1078/1054 2614/1281/1254 1138/1308/1281
f 712/1265/1238 671/1226/1200 676/1285/1258
f 85/1355/1328 1215/1292/1265 1132/1356/1329
f 2060/464/462 1558/1167/1141 2638/1166/1140
f 2787/1280/1253 2778/1338/1311 2837/1312/1285
f 2705/845/824 2644/1335/1308 2632/1357/1330
f 2837/1312/1285 2778/1338/1311 1769/1348/1321
f 2838/1358/1331 1106/1288/1261 2765/1359/1332
f 1215/1292/1265 80/1360/1333 1132/1356/1329
f 1861/1344/1317 1195/1254/1227 1862/1295/1268
f 1763/1290/1263 2765/1359/1332 1905/1287/1260
f 2760/1234/1208 2761/1361/1334 1123/1349/1322
f 2153/1006/982 3378/976/952 1619/965/941
f 2987/649/645 1489/1221/1195 2454/1271/1244
f 2756/1322/1295 1124/1314/1287 1999/1350/1323
f 1894/1318/1291 1108/1319/1292 1111/1304/1277
f 1884/1362/1335 1857/1302/1275 1139/1301/1274
f 2632/1357/1330 1557/1164/1138 2055/1363/1336
f 3609/433/431 3608/1185/1159 3570/1162/1136
f 2659/1364/1337 1215/1292/1265 1872/1354/1327
f 2052/874/851 2705/845/824 3629/903/879
f 2753/1330/1303 1906/1365/1338 2760/1234/1208
f 1222/1366/1339 1872/1354/1327 1224/1323/1296
f 1948/1203/1177 1978/1236/1210 2214/1214/1188
f 1493/1192/1166 1498/1367/1340 1494/1189/1163
f 3210/547/545 3221/549/547 34/1180/1154
f 1137/1328/1301 1184/1343/1316 1181/1334/1307
f 1113/1353/1326 1892/1310/1283 1893/1336/1309
f 1132/1356/1329 1188/1282/1255 85/1355/1328
f 1223/526/524 89/1345/1318 92/527/525
f 2796/1014/990 1944/992/968 1945/1368/1341
f 2753/1330/1303 2831/1352/1325 1906/1365/1338
f 2790/1337/1310 2787/1280/1253 1925/1015/991
f 1151/1369/1342 1884/1362/1335 1886/1332/1305
f 2054/1370/1343 2877/1075/1051 1557/1164/1138
f 1103/1371/1344 2777/1327/1300 1898/1372/1345
f 2005/173/173 1948/1203/1177 2214/1214/1188
f 2756/1322/1295 1129/1351/1324 1114/1258/1231
f 2763/1340/1313 2831/1352/1325 1113/1353/1326
f 1222/1366/1339 92/527/525 2660/1373/1346
f 1102/1374/1347 2777/1327/1300 1945/1368/1341
f 89/1345/1318 90/1375/1348 92/527/525
f 1906/1365/1338 2761/1361/1334 2760/1234/1208
f 2055/1363/1336 1557/1164/1138 2050/904/880
f 1102/1374/1347 1945/1368/1341 1944/992/968
f 2055/1363/1336 3629/903/879 2705/845/824
f 1105/1376/1349 1908/1377/1350 2771/1378/1351
f 1141/1072/1048 1887/1274/1247 1143/1078/1054
f 1111/1304/1277 1112/1379/1352 1893/1336/1309
f 2872/1380/1353 1909/1381/1354 1996/1382/1355
f 1149/1307/1280 1856/1299/1272 1143/1078/1054
f 1188/1282/1255 1132/1356/1329 1181/1334/1307
f 3045/950/926 675/974/950 669/948/924
f 90/1375/1348 157/1383/1356 92/527/525
f 1937/783/766 1898/1372/1345 1944/992/968
f 2659/1364/1337 80/1360/1333 1215/1292/1265
f 1126/1313/1286 1103/1371/1344 1898/1372/1345
f 2988/1316/1289 1887/1274/1247 1190/1107/1083
f 3629/903/879 2055/1363/1336 2050/904/880
f 1133/1384/1357 2833/1385/1358 2989/1386/1359
f 1149/1307/1280 1136/1387/1360 1139/1301/1274
f 1996/1382/1355 2790/1337/1310 1989/1388/1361
f 230/724/707 3849/1217/1191 3852/760/743
f 1220/1347/1320 90/1375/1348 89/1345/1318
f 1124/1314/1287 2756/1322/1295 1125/1389/1362
f 2877/1075/1051 2054/1370/1343 1556/954/930
f 1106/1288/1261 2838/1358/1331 1105/1376/1349
f 1936/1320/1293 1935/767/750 2800/766/749
f 2632/1357/1330 2055/1363/1336 2705/845/824
f 1872/1354/1327 2660/1373/1346 2989/1386/1359
f 1214/1128/1104 86/1390/1363 1212/1309/1282
f 2766/1277/1250 1101/1276/1249 2765/1359/1332
f 1195/1254/1227 2614/1281/1254 2988/1316/1289
f 1109/1305/1278 1107/1391/1364 2762/1303/1276
f 1491/1272/1245 1426/1262/1235 2987/649/645
f 1906/1365/1338 1123/1349/1322 2761/1361/1334
f 1146/1110/1086 1143/1078/1054 1856/1299/1272
f 269/1243/1216 3852/760/743 3850/1219/1193
f 1430/1392/1365 1246/1195/1169 1836/1197/1171
f 2872/1380/1353 2788/1326/1299 2873/1393/1366
f 1428/1202/1176 1242/1191/1165 1494/1189/1163
f 2873/1393/1366 2774/1325/1298 2772/1342/1315
f 1905/1287/1260 2765/1359/1332 1106/1288/1261
f 1146/1110/1086 1142/1077/1053 1143/1078/1054
f 1137/1328/1301 1135/1333/1306 1136/1387/1360
f 2094/1260/1233 1492/1317/1290 1489/1221/1195
f 2909/1289/1262 1107/1391/1364 1110/1394/1367
f 1120/1246/1219 2828/1245/1218 1997/1230/1204
f 1104/1395/1368 2796/1014/990 1945/1368/1341
f 1769/1348/1321 1909/1381/1354 1908/1377/1350
f 2762/1303/1276 1112/1379/1352 1111/1304/1277
f 1909/1381/1354 1769/1348/1321 2778/1338/1311
f 2145/808/790 507/1205/1179 2144/632/628
f 1136/1387/1360 1135/1333/1306 1139/1301/1274
f 2778/1338/1311 1996/1382/1355 1909/1381/1354
f 2702/1396/1369 160/1329/1302 1145/1298/1271
f 200/1397/1370 1886/1332/1305 2833/1385/1358
f 2777/1327/1300 2789/1398/1371 1104/1395/1368
f 80/1360/1333 2659/1364/1337 2833/1385/1358
f 3383/800/782 2870/802/784 1649/1270/1243
f 2705/845/824 2052/874/851 2637/759/742
f 90/1375/1348 1220/1347/1320 87/1399/1372
f 2614/1281/1254 1195/1254/1227 1889/1253/1226
f 1908/1377/1350 1105/1376/1349 2838/1358/1331
f 2918/1346/1319 1223/526/524 93/528/526
f 1181/1334/1307 1132/1356/1329 80/1360/1333
f 1872/1354/1327 2989/1386/1359 2659/1364/1337
f 3792/521/519 3793/1056/1032 3787/1400/1373
f 1139/1301/1274 1135/1333/1306 1884/1362/1335
f 2790/1337/1310 1996/1382/1355 2778/1338/1311
f 80/1360/1333 2833/1385/1358 1886/1332/1305
f 1185/1273/1246 1184/1343/1316 2832/1291/1264
f 157/1383/1356 90/1375/1348 87/1399/1372
f 1415/1294/1267 1425/1283/1256 1470/1284/1257
f 1188/1282/1255 1189/379/379 85/1355/1328
f 2838/1358/1331 2765/1359/1332 1101/1276/1249
f 1107/1391/1364 1109/1305/1278 1110/1394/1367
f 1128/1259/1232 1114/1258/1231 1129/1351/1324
f 2703/1401/1374 1412/1402/1375 1144/1403/1376
f 2833/1385/1358 1133/1384/1357 200/1397/1370
f 1109/1305/1278 1108/1319/1292 2764/1255/1228
f 1110/1394/1367 1861/1344/1317 1905/1287/1260
f 1151/1369/1342 200/1397/1370 1140/1404/1377
f 1223/526/524 2918/1346/1319 89/1345/1318
f 1159/1405/1378 156/1406/1379 2911/1407/1380
f 1221/1408/1381 157/1383/1356 87/1399/1372
f 1978/1236/1210 2797/1321/1294 1936/1320/1293
f 2797/1321/1294 1978/1236/1210 1948/1203/1177
f 1906/1365/1338 2831/1352/1325 2763/1340/1313
f 2753/1330/1303 1118/1240/1213 1116/1331/1304
f 1944/992/968 1898/1372/1345 1102/1374/1347
f 1996/1382/1355 1989/1388/1361 2773/1409/1382
f 1498/1367/1340 2987/649/645 1494/1189/1163
f 3787/1400/1373 3793/1056/1032 3606/1055/1031
f 1907/1410/1383 1103/1371/1344 1126/1313/1286
f 156/1406/1379 1159/1405/1378 1152/1411/1384
f 1123/1349/1322 1906/1365/1338 1907/1410/1383
f 1099/1182/1156 1912/1237/1211 1992/876/852
f 2660/1373/1346 157/1383/1356 1221/1408/1381
f 1198/361/361 1188/1282/1255 1187/359/359
f 1155/641/637 1875/666/658 2645/737/720
f 1985/1198/1172 2757/1213/1187 1947/1224/1198
f 1185/1273/1246 1864/1244/1217 1186/477/475
f 1123/1349/1322 1902/1315/1288 1125/1389/1362
f 1133/1384/1357 1140/1404/1377 200/1397/1370
f 3589/271/271 1715/1161/1135 2780/266/266
f 1749/269/269 1472/252/252 1480/263/263
f 1910/1220/1194 1985/1198/1172 1088/1225/1199
f 1192/1311/1284 1893/1336/1309 1892/1310/1283
f 88/1412/1385 2911/1407/1380 87/1399/1372
f 78/551/549 2904/604/600 76/613/609
f 3668/1256/1229 1088/1225/1199 1947/1224/1198
f 1124/1314/1287 1125/1389/1362 1902/1315/1288
f 156/1406/1379 1341/1413/1386 1885/1414/1387
f 1147/1300/1273 1857/1302/1275 2702/1396/1369
f 1147/1300/1273 1856/1299/1272 1149/1307/1280
f 2823/1415/1388 1140/1404/1377 1885/1414/1387
f 672/973/949 669/948/924 670/892/868
f 1937/783/766 1900/927/903 1999/1350/1323
f 1907/1410/1383 1906/1365/1338 2763/1340/1313
f 200/1397/1370 1151/1369/1342 1886/1332/1305
f 3334/1009/985 3864/1019/995 400/1157/1131
f 1197/422/420 1120/1246/1219 1117/827/809
f 2702/1396/1369 1145/1298/1271 1147/1300/1273
f 2781/1140/1116 1715/1161/1135 1099/1182/1156
f 3792/521/519 3791/486/484 3793/1056/1032
f 2758/1165/1139 2757/1213/1187 3589/271/271
f 1836/1197/1171 1246/1195/1169 1753/1194/1168
f 2704/1269/1242 1150/1268/1241 1149/1307/1280
f 1992/876/852 1912/1237/1211 1914/768/751
f 2909/1289/1262 1110/1394/1367 1905/1287/1260
f 2832/1291/1264 1137/1328/1301 1183/1252/1225
f 1573/256/256 1715/1161/1135 2781/1140/1116
f 160/1329/1302 2702/1396/1369 1144/1403/1376
f 1498/1367/1340 1493/1192/1166 2987/649/645
f 1857/1302/1275 1151/1369/1342 1148/1416/1389
f 1415/1294/1267 1905/1287/1260 1861/1344/1317
f 2910/1341/1314 2763/1340/1313 2762/1303/1276
f 1427/1261/1234 1414/1074/1050 1423/1073/1049
f 1159/1405/1378 159/1417/1390 88/1412/1385
f 1187/359/359 1188/1282/1255 1185/1273/1246
f 1183/1252/1225 1182/1257/1230 2832/1291/1264
f 1123/1349/1322 1907/1410/1383 1902/1315/1288
f 1212/1309/1282 1224/1323/1296 1872/1354/1327
f 1159/1405/1378 2911/1407/1380 159/1417/1390
f 2911/1407/1380 88/1412/1385 159/1417/1390
f 1193/1251/1224 1180/1242/1215 1183/1252/1225
f 2872/1380/1353 1996/1382/1355 2773/1409/1382
f 1945/1368/1341 2777/1327/1300 1104/1395/1368
f 1106/1288/1261 1105/1376/1349 2771/1378/1351
f 1857/1302/1275 1148/1416/1389 2702/1396/1369
f 1112/1379/1352 1113/1353/1326 1893/1336/1309
f 1196/421/419 1186/477/475 1864/1244/1217
f 1769/1348/1321 2838/1358/1331 1101/1276/1249
f 2660/1373/1346 92/527/525 157/1383/1356
f 1195/1254/1227 1861/1344/1317 1110/1394/1367
f 1763/1290/1263 2766/1277/1250 2765/1359/1332
f 2788/1326/1299 2872/1380/1353 2773/1409/1382
f 2625/914/890 2052/874/851 3629/903/879
f 2767/1418/1391 2772/1342/1315 2771/1378/1351
f 1121/1247/1220 1864/1244/1217 1182/1257/1230
f 1126/1313/1286 1898/1372/1345 1937/783/766
f 1905/1287/1260 1470/1284/1257 1763/1290/1263
f 1470/1284/1257 1426/1262/1235 1763/1290/1263
f 1191/1419/1392 1894/1318/1291 1192/1311/1284
f 1193/1251/1224 1192/1311/1284 1194/1248/1221
f 1125/1389/1362 2756/1322/1295 1123/1349/1322
f 1978/1236/1210 1936/1320/1293 2800/766/749
f 1937/783/766 1999/1350/1323 1124/1314/1287
f 1884/1362/1335 1151/1369/1342 1857/1302/1275
f 1139/1301/1274 1147/1300/1273 1149/1307/1280
f 1088/1225/1199 3668/1256/1229 1978/1236/1210
f 1992/876/852 1914/768/751 1935/767/750
f 156/1406/1379 1885/1414/1387 1140/1404/1377
f 2066/1278/1251 1887/1274/1247 2988/1316/1289
f 1470/1284/1257 1905/1287/1260 1415/1294/1267
f 2703/1401/1374 1144/1403/1376 2702/1396/1369
f 1148/1416/1389 1151/1369/1342 1140/1404/1377
f 1213/1324/1297 1222/1366/1339 1224/1323/1296
f 1127/674/666 1944/992/968 1926/493/491
f 62/807/789 507/1205/1179 2145/808/790
f 2614/1281/1254 1889/1253/1226 1138/1308/1281
f 1222/1366/1339 2660/1373/1346 1872/1354/1327
f 1102/1374/1347 1898/1372/1345 2777/1327/1300
f 2760/1234/1208 2755/1241/1214 2753/1330/1303
f 2873/1393/1366 2788/1326/1299 2774/1325/1298
f 1902/1315/1288 1907/1410/1383 1126/1313/1286
f 1997/1230/1204 2828/1245/1218 1180/1242/1215
f 2823/1415/1388 2703/1401/1374 2702/1396/1369
f 2034/705/691 1883/776/759 1882/415/413
f 2911/1407/1380 1133/1384/1357 1221/1408/1381
f 1137/1328/1301 1181/1334/1307 1135/1333/1306
f 1997/1230/1204 2755/1241/1214 2760/1234/1208
f 2909/1289/1262 2910/1341/1314 1107/1391/1364
f 2873/1393/1366 1909/1381/1354 2872/1380/1353
f 3331/986/962 1962/879/855 2350/1120/1096
f 1908/1377/1350 2873/1393/1366 2767/1418/1391
f 1975/968/944 540/933/909 2359/658/652
f 1948/1203/1177 1934/717/700 2797/1321/1294
f 1894/1318/1291 1191/1419/1392 2764/1255/1228
f 1191/1419/1392 1904/1267/1240 2704/1269/1242
f 1891/1420/1393 158/1421/1394 1152/1411/1384
f 1886/1332/1305 1884/1362/1335 1135/1333/1306
f 2767/1418/1391 2771/1378/1351 1908/1377/1350
f 2703/1401/1374 1341/1413/1386 1412/1402/1375
f 3548/288/288 3590/326/326 3591/294/294
f 1935/767/750 2797/1321/1294 2792/743/726
f 2772/1342/1315 1907/1410/1383 2763/1340/1313
f 2772/1342/1315 2774/1325/1298 1103/1371/1344
f 2777/1327/1300 2788/1326/1299 2789/1398/1371
f 1113/1353/1326 1112/1379/1352 2763/1340/1313
f 2910/1341/1314 2762/1303/1276 1107/1391/1364
f 601/550/548 74/546/544 73/612/608
f 1904/1267/1240 1191/1419/1392 1193/1251/1224
f 2138/1422/1395 519/387/385 535/1177/1151
f 967/888/864 806/887/863 3040/883/859
f 1148/1416/1389 1140/1404/1377 2823/1415/1388
f 1427/1261/1234 1753/1194/1168 1428/1202/1176
f 3002/424/422 2210/425/423 189/405/403
f 1492/1317/1290 2094/1260/1233 2787/1280/1253
f 1185/1273/1246 1182/1257/1230 1864/1244/1217
f 1769/1348/1321 1908/1377/1350 2838/1358/1331
f 2773/1409/1382 1104/1395/1368 2788/1326/1299
f 1133/1384/1357 2989/1386/1359 1221/1408/1381
f 1110/1394/1367 1109/1305/1278 1195/1254/1227
f 2989/1386/1359 2833/1385/1358 2659/1364/1337
f 1136/1387/1360 1149/1307/1280 1863/1266/1239
f 2764/1255/1228 1191/1419/1392 1889/1253/1226
f 1937/783/766 1124/1314/1287 1126/1313/1286
f 2772/1342/1315 2767/1418/1391 2873/1393/1366
f 2900/841/820 65/340/340 501/945/921
f 1103/1371/1344 2774/1325/1298 2777/1327/1300
f 1111/1304/1277 1893/1336/1309 1894/1318/1291
f 1922/250/250 1923/677/669 1472/252/252
f 2789/1398/1371 2788/1326/1299 1104/1395/1368
f 2909/1289/1262 2772/1342/1315 2910/1341/1314
f 2772/1342/1315 1103/1371/1344 1907/1410/1383
f 2763/1340/1313 1112/1379/1352 2762/1303/1276
f 2772/1342/1315 2909/1289/1262 2771/1378/1351
f 2771/1378/1351 2909/1289/1262 1106/1288/1261
f 2988/1316/1289 1190/1107/1083 1862/1295/1268
f 1427/1261/1234 1425/1283/1256 1414/1074/1050
f 2901/790/772 547/396/394 65/340/340
f 1115/844/823 2791/828/810 1903/1223/1197
f 2873/1393/1366 1908/1377/1350 1909/1381/1354
f 1241/1188/1162 1493/1192/1166 1494/1189/1163
f 400/1157/1131 399/877/853 3334/1009/985
f 1885/1414/1387 2703/1401/1374 2823/1415/1388
f 1191/1419/1392 1192/1311/1284 1193/1251/1224
f 3836/607/603 3802/606/602 3803/833/815
f 1111/1304/1277 1108/1319/1292 1109/1305/1278
f 2596/1423/1396 20/1424/1397 2801/1425/1398
f 1845/1426/1399 1297/1427/1400 1295/1428/1401
f 1233/1429/3 2865/1430/1402 1230/1431/1
f 1863/1266/1239 1137/1328/1301 1136/1387/1360
f 1230/1431/1 1297/1427/1400 1838/1432/1403
f 2865/1430/1402 196/1433/1404 2596/1434/1396
f 3852/760/743 3849/1217/1191 3850/1219/1193
f 2919/1435/1405 1299/1436/1406 2920/1437/1407
f 2865/1430/1402 1297/1427/1400 1230/1431/1
f 2865/1430/1402 1849/1438/1408 1295/1428/1401
f 2593/1439/1409 1233/1440/3 1234/1441/2
f 2920/1437/1407 197/1442/1410 2919/1435/1405
f 153/1443/1411 1412/1402/1375 1341/1413/1386
f 2593/1439/1409 196/1444/1404 1233/1440/3
f 1221/1408/1381 87/1399/1372 2911/1407/1380
f 2801/1425/1398 20/1424/1397 1844/1445/1412
f 1849/1438/1408 1299/1436/1406 1805/1446/1413
f 2596/1434/1396 1849/1438/1408 2865/1430/1402
f 3848/736/719 2409/713/696 3847/843/822
f 1299/1436/1406 1849/1438/1408 1301/1447/1414
f 83/912/888 85/1355/1328 1189/379/379
f 155/1448/1415 1295/1428/1401 1805/1446/1413
f 2531/1449/1416 1311/1450/1417 1300/1451/1418
f 152/1452/1419 158/1421/1394 151/1453/1420
f 2865/1430/1402 1295/1428/1401 1297/1427/1400
f 196/1444/1404 20/1424/1397 2596/1423/1396
f 3806/702/688 3844/961/937 3842/991/967
f 2920/1437/1407 2802/1454/1421 197/1442/1410
f 2153/1006/982 3377/1001/977 3376/985/961
f 1891/1420/1393 1152/1411/1384 1158/1455/1422
f 418/384/382 2397/608/604 508/385/383
f 3849/1217/1191 229/723/706 2889/1250/1223
f 2919/1435/1405 1805/1446/1413 1299/1436/1406
f 543/1084/1060 535/1177/1151 545/386/384
f 67/963/939 66/959/935 543/1084/1060
f 1301/1447/1414 1298/1456/1423 1299/1436/1406
f 1802/1457/1424 2920/1437/1407 1300/1451/1418
f 155/1448/1415 1805/1446/1413 2529/1458/1425
f 2529/1458/1425 1805/1446/1413 2919/1435/1405
f 3844/961/937 3554/712/695 404/962/938
f 1299/1436/1406 1298/1456/1423 2920/1437/1407
f 1301/1447/1414 2531/1449/1416 1300/1451/1418
f 1805/1446/1413 1295/1428/1401 1849/1438/1408
f 496/1208/1182 2368/966/942 3373/975/951
f 197/1442/1410 2529/1458/1425 2919/1435/1405
f 197/1442/1410 1302/1459/1426 2529/1458/1425
f 1231/1460/1427 2594/1124/1100 2595/1149/1125
f 1298/1456/1423 1301/1447/1414 1300/1451/1418
f 2920/1437/1407 1298/1456/1423 1300/1451/1418
f 1311/1450/1417 3600/1461/1428 1300/1451/1418
f 3376/985/961 1649/1270/1243 2871/1005/981
f 2801/1425/1398 1231/1460/1427 2596/1423/1396
f 3600/1461/1428 1802/1457/1424 1300/1451/1418
f 1302/1459/1426 155/1448/1415 2529/1458/1425
f 156/1406/1379 1152/1411/1384 158/1421/1394
f 2802/1454/1421 1302/1459/1426 197/1442/1410
f 3049/920/896 3051/1206/1180 3315/921/897
f 673/1306/1279 674/949/925 672/973/949
f 3340/789/771 3339/715/698 3865/714/697
f 1133/1384/1357 2911/1407/1380 1140/1404/1377
f 2920/1437/1407 1802/1457/1424 2802/1454/1421
f 2865/1430/1402 1233/1429/3 196/1433/1404
f 1184/1343/1316 1188/1282/1255 1181/1334/1307
f 1889/1253/1226 1191/1419/1392 2704/1269/1242
f 3647/1090/1066 370/316/316 3815/837/818
f 3371/378/378 2145/808/790 2146/960/936
f 3335/824/806 1968/1002/978 3342/825/807
f 80/1360/1333 1886/1332/1305 1181/1334/1307
f 158/1421/1394 152/1452/1419 1341/1413/1386
f 3344/1008/984 400/1157/1131 3864/1019/995
f 1138/1308/1281 1889/1253/1226 2704/1269/1242
f 396/692/684 3551/472/470 395/471/469
f 2989/1386/1359 2660/1373/1346 1221/1408/1381
f 1215/1292/1265 85/1355/1328 83/912/888
f 2398/866/845 3382/880/856 3334/1009/985
f 1620/990/966 2114/989/965 2870/802/784
f 2225/1462/1429 1806/939/915 2228/498/496
f 535/1177/1151 530/1179/1153 2138/1422/1395
f 2832/1291/1264 1184/1343/1316 1137/1328/1301
f 1863/1266/1239 1149/1307/1280 1150/1268/1241
f 156/1406/1379 1140/1404/1377 2911/1407/1380
f 156/1406/1379 158/1421/1394 1341/1413/1386
f 2081/500/498 2225/1462/1429 2228/498/496
f 1411/1463/1430 1144/1403/1376 1412/1402/1375
f 2702/1396/1369 1148/1416/1389 2823/1415/1388
f 1149/1307/1280 1143/1078/1054 1138/1308/1281
f 606/616/612 79/643/639 2904/604/600
f 3331/986/962 1636/935/911 3383/800/782
f 1120/1246/1219 1997/1230/1204 1117/827/809
f 1341/1413/1386 2703/1401/1374 1885/1414/1387
f 1341/1413/1386 152/1452/1419 153/1443/1411
f 1158/1455/1422 1152/1411/1384 1159/1405/1378
f 1856/1299/1272 1147/1300/1273 1145/1298/1271
f 534/1178/1152 530/1179/1153 535/1177/1151
f 86/1390/1363 1214/1128/1104 1216/595/591
f 551/1141/1117 1975/968/944 1542/1004/980
f 1709/741/724 3309/492/490 3308/739/722
f 3055/924/900 3053/1464/1431 3057/1465/1432
f 1213/1324/1297 86/1390/1363 2915/1466/1433
f 2916/1467/1434 1213/1324/1297 2915/1466/1433
f 2915/1466/1433 1216/595/591 2917/1468/1435
f 2154/467/465 2121/466/464 2114/989/965
f 1201/449/447 2917/1468/1435 1216/595/591
f 92/527/525 1222/1366/1339 1213/1324/1297
f 2916/1467/1434 91/1469/1436 1213/1324/1297
f 2915/1466/1433 2917/1468/1435 1217/1470/1437
f 2058/371/371 2613/596/592 1859/380/380
f 1213/1324/1297 91/1469/1436 92/527/525
f 1217/1470/1437 2916/1467/1434 2915/1466/1433
f 1672/682/674 3201/1118/1094 2105/1116/1092
f 1206/716/699 1217/1470/1437 2917/1468/1435
f 2916/1467/1434 1217/1470/1437 91/1469/1436
f 3840/650/646 3844/961/937 3806/702/688
f 3285/1020/996 1667/1209/1183 1714/774/757
f 3377/1001/977 2153/1006/982 1619/965/941
f 92/527/525 91/1469/1436 93/528/526
f 2915/1466/1433 86/1390/1363 1216/595/591
f 94/1471/1438 1205/645/641 2914/1472/1439
f 1201/449/447 1206/716/699 2917/1468/1435
f 3323/342/342 3326/987/963 2350/1120/1096
f 2914/1472/1439 1205/645/641 1210/1473/1440
f 3605/1054/1030 3609/433/431 3570/1162/1136
f 94/1471/1438 1217/1470/1437 1206/716/699
f 2685/1474/1441 1154/640/636 1153/639/635
f 1210/1473/1440 1205/645/641 2634/647/643
f 3829/1135/1111 3824/727/710 3833/1207/1181
f 1542/1004/980 2131/1076/1052 537/1475/1442
f 2347/956/932 2343/955/931 2344/1264/1237
f 535/1177/1151 519/387/385 545/386/384
f 530/1179/1153 551/1141/1117 537/1475/1442
f 3837/588/584 2399/1210/1184 387/589/585
f 91/1469/1436 1217/1470/1437 94/1471/1438
f 3811/1239/20 3641/840/68 3647/1090/1066
f 86/1390/1363 1213/1324/1297 1212/1309/1282
f 93/528/526 91/1469/1436 94/1471/1438
f 504/631/627 1543/729/712 437/795/777
f 93/528/526 94/1471/1438 2914/1472/1439
f 3551/472/470 3344/1008/984 3335/824/806
f 1205/645/641 94/1471/1438 1206/716/699
f 1430/1392/1365 1836/1197/1171 2463/1476/1443
f 1430/1392/1365 2463/1476/1443 1431/1477/1444
f 498/376/376 614/787/769 3341/377/377
f 1850/1478/1445 1430/1392/1365 1431/1477/1444
f 1343/1479/1446 1329/1233/1207 1328/1480/1447
f 1836/1197/1171 1766/1481/1448 2463/1476/1443
f 551/1141/1117 1542/1004/980 537/1475/1442
f 1344/980/956 2505/977/953 1343/1479/1446
f 1342/1482/1449 1343/1479/1446 1328/1480/1447
f 498/376/376 3371/378/378 499/794/776
f 1328/1480/1447 1432/1483/1450 1342/1482/1449
f 1432/1483/1450 2463/1476/1443 1342/1482/1449
f 1639/726/709 404/962/938 3554/712/695
f 1416/1484/1451 2829/1485/1452 1766/1481/1448
f 1418/1486/1453 1411/1463/1430 1417/1487/1454
f 214/1488/1455 269/1243/1216 3850/1219/1193
f 1342/1482/1449 1768/1489/1456 1343/1479/1446
f 1416/1484/1451 1770/1091/1067 2830/1490/1457
f 1765/1491/1458 1342/1482/1449 2463/1476/1443
f 1634/801/783 1633/852/831 1640/858/837
f 153/1443/1411 1791/1492/1459 1417/1487/1454
f 1768/1489/1456 1342/1482/1449 1421/1493/1460
f 543/1084/1060 546/398/396 67/963/939
f 1883/776/759 2036/775/758 23/830/812
f 1421/1493/1460 1342/1482/1449 1765/1491/1458
f 3590/326/326 311/293/293 2450/327/327
f 77/688/680 180/654/650 2172/676/668
f 670/892/868 669/948/924 664/893/869
f 3199/179/179 1674/181/181 3200/1040/1016
f 3835/1070/1046 3823/1049/1025 3836/607/603
f 1420/1494/1461 1421/1493/1460 1765/1491/1458
f 2366/761/744 3852/760/743 2404/951/927
f 1765/1491/1458 1418/1486/1453 1420/1494/1461
f 2829/1485/1452 1416/1484/1451 2830/1490/1457
f 2130/957/933 2142/1003/979 2131/1076/1052
f 1765/1491/1458 2463/1476/1443 1766/1481/1448
f 2402/485/483 3816/1176/1150 370/316/316
f 1419/1495/1462 2829/1485/1452 2830/1490/1457
f 1418/1486/1453 1419/1495/1462 160/1329/1302
f 2144/632/628 507/1205/1179 2134/1044/1020
f 1418/1486/1453 2829/1485/1452 1419/1495/1462
f 2350/1120/1096 3326/987/963 3331/986/962
f 1431/1477/1444 1432/1483/1450 1850/1478/1445
f 3377/1001/977 1619/965/941 3342/825/807
f 3622/585/69 3603/1496/1463 3627/583/581
f 1416/1484/1451 1422/1196/1170 1424/1085/1061
f 534/1178/1152 544/1079/1055 551/1141/1117
f 1421/1493/1460 1420/1494/1461 1791/1492/1459
f 160/1329/1302 1419/1495/1462 1771/1497/1464
f 2571/909/885 2557/1498/1465 2558/910/886
f 1344/980/956 1768/1489/1456 1767/1499/1466
f 150/1500/1467 153/1443/1411 151/1453/1420
f 1418/1486/1453 160/1329/1302 1411/1463/1430
f 1915/1501/1468 2775/1502/1469 1919/1503/1470
f 1771/1497/1464 1146/1110/1086 160/1329/1302
f 153/1443/1411 150/1500/1467 1791/1492/1459
f 1411/1463/1430 160/1329/1302 1144/1403/1376
f 1791/1492/1459 1768/1489/1456 1421/1493/1460
f 1846/1504/1471 1838/1432/1403 1552/1505/1472
f 1770/1091/1067 1146/1110/1086 1771/1497/1464
f 1768/1489/1456 1791/1492/1459 1767/1499/1466
f 1422/1196/1170 1416/1484/1451 1766/1481/1448
f 1791/1492/1459 150/1500/1467 1767/1499/1466
f 2889/1250/1223 3848/736/719 3849/1217/1191
f 1248/1506/1473 1839/1507/1474 2570/1508/1475
f 1770/1091/1067 1771/1497/1464 2830/1490/1457
f 1236/1509/1476 1237/1510/1477 1841/1511/1478
f 3842/991/967 348/700/687 3806/702/688
f 1791/1492/1459 1420/1494/1461 1417/1487/1454
f 1766/1481/1448 2829/1485/1452 1765/1491/1458
f 1246/1195/1169 1252/1512/1479 1851/1193/1167
f 2830/1490/1457 1771/1497/1464 1419/1495/1462
f 1432/1483/1450 1433/1513/1480 1850/1478/1445
f 2901/790/772 65/340/340 2900/841/820
f 1766/1481/1448 1836/1197/1171 1422/1196/1170
f 311/293/293 3548/288/288 2977/283/283
f 3841/864/843 399/877/853 348/700/687
f 685/1000/976 707/1228/1202 677/999/975
f 2344/1264/1237 2340/1263/1236 2345/1293/1266
f 1343/1479/1446 1768/1489/1456 1344/980/956
f 1976/771/754 2409/713/696 3339/715/698
f 153/1443/1411 152/1452/1419 151/1453/1420
f 2688/732/715 1882/415/413 1153/639/635
f 3570/1162/1136 3602/1152/1126 3606/1055/1031
f 2344/1264/1237 2343/955/931 671/1226/1200
f 1765/1491/1458 2829/1485/1452 1418/1486/1453
f 1992/876/852 1979/488/486 1913/1514/1481
f 2463/1476/1443 1432/1483/1450 1431/1477/1444
f 2453/217/217 1524/221/221 1837/235/235
f 3608/1185/1159 3604/1204/1178 3570/1162/1136
f 614/787/769 498/376/376 3523/798/780
f 77/688/680 541/752/735 604/689/681
f 3315/921/897 3307/686/678 3314/685/677
f 3308/739/722 3316/1053/1029 3305/740/723
f 1424/1085/1061 1770/1091/1067 1416/1484/1451
f 1412/1402/1375 153/1443/1411 1417/1487/1454
f 2229/1515/1482 2081/500/498 2231/1108/1084
f 1939/189/189 1933/764/747 1115/844/823
f 1417/1487/1454 1411/1463/1430 1412/1402/1375
f 673/1306/1279 671/1226/1200 2341/969/945
f 1204/646/642 2609/834/816 2608/835/817
f 2081/500/498 2229/1515/1482 2506/1516/1483
f 3309/492/490 1709/741/724 3300/1517/1484
f 672/973/949 677/999/975 673/1306/1279
f 761/1229/1203 3047/1296/1269 671/1226/1200
f 2505/977/953 1329/1233/1207 1343/1479/1446
f 1417/1487/1454 1420/1494/1461 1418/1486/1453
f 674/949/925 673/1306/1279 2341/969/945
f 400/1157/1131 3344/1008/984 396/692/684
f 3278/1007/983 1633/852/831 3279/854/833
f 1206/716/699 1201/449/447 2610/448/446
f 1129/1351/1324 1900/927/903 1128/1259/1232
f 1716/267/267 1994/255/255 2839/268/268
f 2146/960/936 504/631/627 499/794/776
f 163/930/906 2900/841/820 501/945/921
f 3344/1008/984 3551/472/470 396/692/684
f 1179/749/732 2688/732/715 2063/731/714
f 1155/641/637 2688/732/715 1153/639/635
f 3382/880/856 1962/879/855 3377/1001/977
f 3847/843/822 3849/1217/1191 3848/736/719
f 3345/812/794 3551/472/470 3335/824/806
f 1156/1518/1485 2680/1200/1174 44/1156/1130
f 1203/829/811 2346/780/763 2347/956/932
f 1203/829/811 2347/956/932 2338/1519/1486
f 2338/1519/1486 1858/1520/1487 1203/829/811
f 2634/647/643 1858/1520/1487 82/1521/1488
f 1210/1473/1440 2634/647/643 82/1521/1488
f 2347/956/932 2345/1293/1266 2338/1519/1486
f 1208/1522/1489 1858/1520/1487 2338/1519/1486
f 214/1488/1455 3850/1219/1193 3846/1218/1192
f 612/756/739 163/930/906 610/806/788
f 3846/1218/1192 3849/1217/1191 3847/843/822
f 2306/1523/1490 1208/1522/1489 2338/1519/1486
f 1858/1520/1487 1208/1522/1489 1207/1524/1491
f 599/690/682 596/746/729 3380/670/662
f 2914/1472/1439 82/1521/1488 1211/1525/1492
f 2306/1523/1490 2345/1293/1266 2305/1526/1493
f 2305/1526/1493 2307/1527/1494 2306/1523/1490
f 1208/1522/1489 2306/1523/1490 1207/1524/1491
f 82/1521/1488 1207/1524/1491 96/1528/1495
f 1202/1529/1496 1207/1524/1491 2306/1523/1490
f 82/1521/1488 96/1528/1495 1211/1525/1492
f 2913/1530/1497 1211/1525/1492 96/1528/1495
f 1202/1529/1496 96/1528/1495 1207/1524/1491
f 1211/1525/1492 1134/1531/1498 2914/1472/1439
f 3866/1216/1190 3340/789/771 3865/714/697
f 1521/287/287 2976/286/286 2946/301/301
f 164/718/701 165/719/702 161/495/493
f 1202/1529/1496 2913/1530/1497 96/1528/1495
f 3543/1249/1222 2511/964/940 3866/1216/1190
f 2306/1523/1490 2307/1527/1494 95/1532/1499
f 2307/1527/1494 2302/1533/1500 95/1532/1499
f 1202/1529/1496 95/1532/1499 190/1534/1501
f 1134/1531/1498 2913/1530/1497 1209/1535/1502
f 2913/1530/1497 1202/1529/1496 190/1534/1501
f 498/376/376 499/794/776 3523/798/780
f 88/1412/1385 87/1399/1372 1209/1535/1502
f 1158/1455/1422 1159/1405/1378 88/1412/1385
f 82/1521/1488 2914/1472/1439 1210/1473/1440
f 1227/1536/1503 1158/1455/1422 88/1412/1385
f 578/357/357 183/459/457 3416/457/455
f 1227/1536/1503 88/1412/1385 1209/1535/1502
f 1891/1420/1393 99/1537/1504 1339/1538/1505
f 190/1534/1501 81/1539/1506 1209/1535/1502
f 3591/294/294 1572/230/230 19/277/277
f 1209/1535/1502 81/1539/1506 1227/1536/1503
f 1340/1540/1507 2504/983/959 1767/1499/1466
f 1891/1420/1393 1339/1538/1505 158/1421/1394
f 150/1500/1467 1340/1540/1507 1767/1499/1466
f 99/1537/1504 1225/1541/1508 1226/1542/1509
f 2326/1543/1510 2311/1544/1511 2310/1545/1512
f 1333/1546/1513 1338/996/972 1330/984/960
f 1226/1542/1509 1335/1547/1514 1333/1546/1513
f 1333/1546/1513 1335/1547/1514 1338/996/972
f 1094/1548/1515 1995/1549/1516 1993/1550/1517
f 2899/439/437 573/409/407 495/344/344
f 2315/1551/1518 1336/1552/1519 2311/1544/1511
f 3342/825/807 3543/1249/1222 3345/812/794
f 463/469/467 170/518/516 29/520/518
f 1226/1542/1509 2921/1553/1520 1335/1547/1514
f 2135/610/606 3369/609/605 513/782/765
f 2093/258/258 2425/259/259 1514/246/246
f 2409/713/696 3543/1249/1222 3865/714/697
f 1335/1547/1514 1337/994/970 1338/996/972
f 77/688/680 176/653/649 180/654/650
f 3750/770/753 2112/1554/1521 3751/1022/998
f 124/297/297 2976/286/286 1737/276/276
f 79/643/639 76/613/609 2904/604/600
f 2453/217/217 2429/214/214 1524/221/221
f 3003/437/435 3002/424/422 185/435/433
f 3750/770/753 3752/1023/999 3847/843/822
f 518/404/402 2134/1044/1020 2135/610/606
f 2812/213/213 1479/208/208 1488/205/205
f 1543/729/712 615/769/752 1976/771/754
f 613/788/770 614/787/769 3523/798/780
f 3543/1249/1222 2409/713/696 267/735/718
f 2308/1555/1522 2309/1556/1523 2221/1557/1524
f 1756/1558/1525 1735/1048/1024 2432/1559/1526
f 1835/1190/1164 2583/1560/1527 1241/1188/1162
f 129/622/618 1538/242/242 1526/241/241
f 311/293/293 1520/295/295 2450/327/327
f 518/404/402 620/403/401 2134/1044/1020
f 3345/812/794 3543/1249/1222 267/735/718
f 3352/507/505 2209/349/349 2211/410/408
f 2134/1044/1020 506/1043/1019 2144/632/628
f 508/385/383 507/1205/1179 62/807/789
f 2279/1561/1528 1807/1562/1529 2805/1563/1530
f 2426/225/225 2947/243/243 2452/248/248
f 3339/715/698 3340/789/771 613/788/770
f 138/273/273 127/291/291 1525/254/254
f 1921/234/234 1100/251/251 1098/223/223
f 2900/841/820 163/930/906 612/756/739
f 619/1564/1531 620/403/401 617/402/400
f 271/734/717 2889/1250/1223 2890/1222/1196
f 163/930/906 510/792/774 610/806/788
f 3865/714/697 3543/1249/1222 3866/1216/1190
f 64/339/339 173/388/386 418/384/382
f 614/787/769 3340/789/771 2368/966/942
f 615/769/752 1543/729/712 3337/638/634
f 1543/729/712 1976/771/754 437/795/777
f 613/788/770 1976/771/754 3339/715/698
f 56/582/580 1635/473/471 2352/664/656
f 2692/1565/1532 2709/1566/1533 2035/1567/1534
f 2294/1568/1535 1225/1541/1508 81/1539/1506
f 3669/182/182 2743/1113/1089 2759/1119/1095
f 1928/1183/1157 1927/1569/1536 1911/1570/1537
f 1629/280/280 1655/1571/1538 1628/1069/1045
f 2001/1572/1539 1565/1573/1540 2700/1574/1541
f 2259/1142/1118 999/1099/1075 2267/1098/1074
f 1010/1106/1082 1011/499/497 1326/1095/1071
f 1337/994/970 154/1575/1542 1332/993/969
f 2793/1576/1543 1100/251/251 1911/1570/1537
f 20/1424/1397 2805/1563/1530 1844/1445/1412
f 2221/1557/1524 2272/1577/1544 2276/1578/1545
f 2309/1556/1523 2308/1555/1522 2316/1579/1546
f 3787/1400/1373 3786/162/162 3792/521/519
f 3062/971/947 3316/1053/1029 3307/686/678
f 3602/1152/1126 3607/1580/1547 3606/1055/1031
f 1539/763/746 3063/557/555 3057/1465/1432
f 382/839/21 3545/838/819 3801/836/17
f 3223/1170/1144 3213/154/154 3247/156/156
f 396/692/684 2408/695/685 400/1157/1131
f 2416/163/163 3827/319/319 3788/164/164
f 1226/1542/1509 1333/1546/1513 151/1453/1420
f 1649/1270/1243 2870/802/784 2871/1005/981
f 2248/1581/1548 2229/1515/1482 2231/1108/1084
f 2805/1563/1530 2273/1582/1549 2279/1561/1528
f 20/1424/1397 2864/1583/1550 1843/1584/1551
f 3185/1086/1062 3212/680/672 1672/682/674
f 2586/1585/1552 2599/1586/1553 2068/1587/1554
f 613/788/770 437/795/777 1976/771/754
f 3851/698/686 389/699/112 348/700/687
f 2680/1200/1174 1156/1518/1485 2676/1588/1555
f 2276/1578/1545 2278/1589/1556 2222/1590/1557
f 2698/1591/1558 2693/1154/1128 44/1156/1130
f 3323/342/342 1641/997/973 3325/861/840
f 3312/1212/1186 3314/685/677 3313/819/801
f 2805/1563/1530 1843/1584/1551 2804/1592/1559
f 3840/650/646 3554/712/695 3844/961/937
f 291/706/692 3804/659/653 3802/606/602
f 3329/853/832 1633/852/831 1636/935/911
f 2694/1146/1122 2698/1591/1558 44/1156/1130
f 2216/1593/1560 2693/1154/1128 2698/1591/1558
f 2222/1590/1557 2825/995/971 1332/993/969
f 1621/1594/1561 2870/802/784 1634/801/783
f 2277/1595/1562 2222/1590/1557 2278/1589/1556
f 3240/1115/1091 3209/1127/1103 1672/682/674
f 23/830/812 1882/415/413 1883/776/759
f 2570/1508/1475 1242/1191/1165 1252/1512/1479
f 2309/1556/1523 2316/1579/1546 2275/1596/1563
f 1668/1163/1137 3199/179/179 1658/1133/1109
f 1720/1275/1248 3197/757/740 3240/1115/1091
f 2228/498/496 1313/1111/1087 1326/1095/1071
f 2222/1590/1557 2277/1595/1562 2825/995/971
f 2804/1592/1559 2803/1597/1564 958/1598/1565
f 3243/1087/1063 3219/1126/1102 3223/1170/1144
f 2345/1293/1266 2306/1523/1490 2338/1519/1486
f 2592/1599/1566 2804/1592/1559 1843/1584/1551
f 2583/1560/1527 1835/1190/1164 2570/1508/1475
f 2804/1592/1559 2592/1599/1566 2611/1600/1567
f 3240/1115/1091 3198/1114/1090 1720/1275/1248
f 2278/1589/1556 958/1598/1565 2803/1597/1564
f 3846/1218/1192 3847/843/822 3752/1023/999
f 78/551/549 166/454/452 511/453/451
f 1995/1549/1516 2784/1601/1568 1920/1602/1569
f 512/397/395 3368/778/761 550/897/873
f 2308/1555/1522 1336/1552/1519 2315/1551/1518
f 2597/1603/1570 2277/1595/1562 2278/1589/1556
f 2803/1597/1564 2804/1592/1559 2611/1600/1567
f 2803/1597/1564 2597/1603/1570 2278/1589/1556
f 2351/637/633 620/403/401 619/1564/1531
f 2582/1604/1571 2571/909/885 2561/625/621
f 2824/1605/1572 2601/981/957 1331/979/955
f 2580/624/620 2582/1604/1571 2561/625/621
f 2611/1600/1567 2592/1599/1566 2593/1439/1409
f 1486/202/202 1098/223/223 1920/1602/1569
f 1928/1183/1157 1929/1606/1573 1927/1569/1536
f 2679/1147/1123 2694/1146/1122 44/1156/1130
f 1235/1607/1574 2584/1608/1575 1234/1441/2
f 2221/1557/1524 2222/1590/1557 1332/993/969
f 3827/319/319 3818/318/318 3817/799/781
f 2036/775/758 2216/1593/1560 2698/1591/1558
f 1900/927/903 1988/1137/1113 1128/1259/1232
f 3804/659/653 3524/831/813 3802/606/602
f 3834/1181/1155 3314/685/677 3312/1212/1186
f 3825/728/711 3814/1174/1148 2402/485/483
f 3217/815/797 3300/1517/1484 3299/816/798
f 2034/705/691 2726/571/569 1883/776/759
f 973/1609/1576 2231/1108/1084 2230/1105/1081
f 3834/1181/1155 3823/1049/1025 1713/1051/1027
f 3602/1152/1126 2949/1151/36 3607/1580/1547
f 2067/970/946 3045/950/926 2341/969/945
f 3312/1212/1186 2401/1211/1185 3834/1181/1155
f 2680/1200/1174 2685/1474/1441 2679/1147/1123
f 2785/1017/993 2790/1337/1310 1925/1015/991
f 3300/1517/1484 1709/741/724 3299/816/798
f 1988/1137/1113 1942/323/323 1115/844/823
f 1915/1501/1468 2796/1014/990 2775/1502/1469
f 1669/1117/1093 3218/817/799 3198/1114/1090
f 3375/1169/1143 1640/858/837 3278/1007/983
f 23/830/812 2698/1591/1558 2694/1146/1122
f 2092/201/201 1487/1610/1577 2443/1611/1578
f 3638/317/317 370/316/316 3647/1090/1066
f 3638/317/317 3819/484/482 384/315/315
f 3609/433/431 3813/432/430 3812/753/736
f 3604/1204/1178 3627/583/581 3603/1496/1463
f 1237/1510/1477 2611/1600/1567 2584/1608/1575
f 2698/1591/1558 23/830/812 2036/775/758
f 1344/980/956 1767/1499/1466 2504/983/959
f 2599/1586/1553 2069/1231/1205 2068/1587/1554
f 3820/1071/1047 383/832/814 3545/838/819
f 1990/1612/1579 2782/1613/1580 1993/1550/1517
f 3804/659/653 291/706/692 380/784/15
f 3608/1185/1159 3655/703/689 3627/583/581
f 3204/1187/1161 3212/680/672 3243/1087/1063
f 3814/1174/1148 3816/1176/1150 2402/485/483
f 3303/491/489 1642/687/679 3316/1053/1029
f 3311/786/768 1637/758/741 3319/818/800
f 3200/1040/1016 3218/817/799 1669/1117/1093
f 3200/1040/1016 3192/772/755 3217/815/797
f 2346/780/763 660/1100/1076 2067/970/946
f 3243/1087/1063 3209/1127/1103 3219/1126/1102
f 3309/492/490 1667/1209/1183 1959/1168/1142
f 3217/815/797 3218/817/799 3200/1040/1016
f 3333/881/857 2398/866/845 3843/865/844
f 3199/179/179 3200/1040/1016 1669/1117/1093
f 2870/802/784 1621/1594/1561 1620/990/966
f 1490/1614/1581 1096/1016/992 1925/1015/991
f 2343/955/931 2346/780/763 2067/970/946
f 2775/1502/1469 1989/1388/1361 1095/1615/1582
f 3317/972/948 3316/1053/1029 3062/971/947
f 3305/740/723 1711/941/917 1709/741/724
f 2799/494/492 2004/675/667 1926/493/491
f 1988/1137/1113 2000/842/821 1943/1136/1112
f 1095/1615/1582 1989/1388/1361 2790/1337/1310
f 1868/447/445 2622/395/393 1200/1616/1583
f 1128/1259/1232 1988/1137/1113 1115/844/823
f 3217/815/797 3192/772/755 3300/1517/1484
f 2442/1279/1252 2441/1339/1312 2449/1617/1584
f 1919/1503/1470 1993/1550/1517 2782/1613/1580
f 2566/1618/1585 1834/1619/1586 2568/1620/1587
f 2153/1006/982 3379/857/836 3378/976/952
f 403/860/839 1621/1594/1561 1634/801/783
f 3836/607/603 2401/1211/1185 3837/588/584
f 3049/920/896 3048/922/898 1712/1041/1017
f 1339/1538/1505 151/1453/1420 158/1421/1394
f 2442/1279/1252 1490/1614/1581 2787/1280/1253
f 154/1575/1542 1336/1552/1519 2308/1555/1522
f 1153/639/635 1882/415/413 45/414/412
f 2135/610/606 2134/1044/1020 507/1205/1179
f 3817/799/781 3791/486/484 3788/164/164
f 1642/687/679 1637/758/741 3311/786/768
f 2112/1554/1521 3750/770/753 615/769/752
f 3340/789/771 3866/1216/1190 2368/966/942
f 383/832/814 3820/1071/1047 3803/833/815
f 505/633/629 506/1043/1019 620/403/401
f 3051/1206/1180 3833/1207/1181 1960/925/901
f 1758/270/270 1501/261/261 1757/284/284
f 2368/966/942 496/1208/1182 614/787/769
f 598/626/622 73/612/608 76/613/609
f 1758/270/270 2945/289/289 1737/276/276
f 2058/371/371 2612/365/365 1868/447/445
f 2449/1617/1584 2448/1621/1588 1474/1622/1589
f 1473/310/310 2450/327/327 1520/295/295
f 178/644/640 511/453/451 542/346/346
f 620/403/401 2351/637/633 618/636/632
f 598/626/622 2108/362/362 2903/648/644
f 1216/595/591 1199/710/694 2613/596/592
f 2584/1608/1575 2611/1600/1567 2593/1439/1409
f 508/385/383 2397/608/604 507/1205/1179
f 1572/230/230 3589/271/271 19/277/277
f 3590/326/326 3650/296/296 3591/294/294
f 1924/227/227 1922/250/250 1921/234/234
f 2440/599/595 2439/593/589 2447/1623/1590
f 1472/252/252 2839/268/268 1922/250/250
f 3836/607/603 3823/1049/1025 2401/1211/1185
f 3588/275/275 2091/265/265 1477/264/264
f 3848/736/719 2889/1250/1223 271/734/717
f 2059/394/392 2630/1624/1591 2622/395/393
f 33/656/54 3550/691/683 56/582/580
f 1091/1235/1209 1092/826/808 1119/423/421
f 2790/1337/1310 2785/1017/993 1095/1615/1582
f 2365/429/427 283/869/45 270/875/52
f 1313/1111/1087 2228/498/496 2522/1101/1077
f 1100/251/251 1994/255/255 2783/257/257
f 3587/279/279 183/459/457 2845/476/474
f 548/623/619 162/652/648 569/611/607
f 2400/1238/1212 2399/1210/1184 3312/1212/1186
f 2441/1339/1312 1495/600/596 2440/599/595
f 3303/491/489 3316/1053/1029 3309/492/490
f 1482/233/233 1480/263/263 1484/237/237
f 3207/354/354 3206/328/328 626/355/355
f 78/551/549 76/613/609 600/515/513
f 267/735/718 1086/813/795 3345/812/794
f 2784/1601/1568 2786/203/203 1486/202/202
f 3813/432/430 3818/318/318 3819/484/482
f 1249/1625/1592 1248/1506/1473 2570/1508/1475
f 2689/1626/1593 1881/797/779 2686/133/133
f 3197/757/740 1720/1275/1248 3194/368/368
f 509/809/791 61/389/387 508/385/383
f 1848/1232/1206 1433/1513/1480 1329/1233/1207
f 505/633/629 2144/632/628 506/1043/1019
f 3523/798/780 437/795/777 613/788/770
f 1881/797/779 2689/1626/1593 2687/569/567
f 3002/424/422 3003/437/435 184/358/358
f 2589/1627/1594 2525/1628/1595 2567/1629/1596
f 2795/1131/1107 2741/1630/1597 2735/556/554
f 566/848/827 3357/474/472 174/407/405
f 2228/498/496 1806/939/915 2522/1101/1077
f 1241/1188/1162 2822/1631/1598 1493/1192/1166
f 1993/1550/1517 1919/1503/1470 1094/1548/1515
f 1920/1602/1569 1993/1550/1517 1995/1549/1516
f 3299/816/798 1711/941/917 3296/942/918
f 2690/570/568 2689/1626/1593 2001/1572/1539
f 3804/659/653 116/661/120 3524/831/813
f 2522/1101/1077 2518/938/914 1313/1111/1087
f 2596/1423/1396 1231/1460/1427 2595/1149/1125
f 1235/1607/1574 1234/1441/2 1230/1431/1
f 81/1539/1506 99/1537/1504 1227/1536/1503
f 3170/931/907 3171/336/336 3169/918/894
f 1667/1209/1183 3309/492/490 3300/1517/1484
f 1095/1615/1582 1995/1549/1516 1094/1548/1515
f 2793/1576/1543 1098/223/223 1100/251/251
f 3823/1049/1025 3835/1070/1046 3821/1050/1026
f 3552/413/411 23/830/812 2694/1146/1122
f 2114/989/965 2121/466/464 3379/857/836
f 1090/417/415 1930/416/414 1093/730/713
f 3822/1175/1149 1713/1051/1027 3821/1050/1026
f 1092/826/808 1091/1235/1209 1117/827/809
f 2733/1632/1599 2014/1633/1600 2006/1634/1601
f 816/882/858 2289/884/860 2288/1635/1602
f 3601/1150/59 3570/1162/1136 3604/1204/1178
f 3829/1135/1111 3814/1174/1148 3824/727/710
f 1250/1636/1603 1834/1619/1586 2071/1637/1604
f 3322/341/341 1639/726/709 3320/998/974
f 1197/422/420 1091/1235/1209 1119/423/421
f 2305/1526/1493 2345/1293/1266 2340/1263/1236
f 2752/1130/1106 2795/1131/1107 2740/1638/1605
f 1432/1483/1450 1328/1480/1447 1433/1513/1480
f 2600/1639/1606 2803/1597/1564 2611/1600/1567
f 3822/1175/1149 3814/1174/1148 3829/1135/1111
f 3193/669/661 1648/720/703 3088/667/659
f 1988/1137/1113 1900/927/903 2000/842/821
f 1911/1570/1537 1917/487/485 2798/1640/1607
f 1337/994/970 1335/1547/1514 2921/1553/1520
f 2438/592/588 2432/1559/1526 2447/1623/1590
f 663/781/764 2634/647/643 2608/835/817
f 2446/1641/1608 2448/1621/1588 2449/1617/1584
f 3669/182/182 2751/1122/1098 2743/1113/1089
f 596/746/729 2177/1642/1609 2176/1643/1610
f 2104/672/664 596/746/729 2176/1643/1610
f 2068/1587/1554 2588/1644/1611 2586/1585/1552
f 2998/898/874 2177/1642/1609 596/746/729
f 2305/1526/1493 2340/1263/1236 2339/1645/1612
f 2825/995/971 2824/1605/1572 1331/979/955
f 2588/1644/1611 2068/1587/1554 1552/1505/1472
f 2822/1631/1598 49/1646/1613 1493/1192/1166
f 1843/1584/1551 2864/1583/1550 2593/1439/1409
f 3189/332/332 3193/669/661 1694/333/333
f 3826/320/320 3832/1647/1614 3818/318/318
f 1986/183/183 3669/182/182 2759/1119/1095
f 1735/1048/1024 1736/1045/1021 2432/1559/1526
f 2721/123/123 2009/1648/1615 2724/1649/1616
f 2294/1568/1535 2311/1544/1511 1225/1541/1508
f 2775/1502/1469 2773/1409/1382 1989/1388/1361
f 2443/1611/1578 1490/1614/1581 2442/1279/1252
f 2433/1650/1617 2432/1559/1526 2438/592/588
f 3818/318/318 3832/1647/1614 3824/727/710
f 3769/1158/1132 2724/1649/1616 2723/1651/1618
f 3670/1121/1097 2751/1122/1098 2747/1652/1619
f 1568/1653/1620 2713/513/511 2729/512/510
f 3597/167/167 3593/502/500 3254/177/177
f 2027/1654/1621 2686/133/133 2026/1655/1622
f 3179/554/552 3354/1656/1623 3184/541/539
f 1250/1636/1603 2071/1637/1604 2571/909/885
f 2786/203/203 1490/1614/1581 1487/1610/1577
f 2433/1650/1617 2438/592/588 49/1646/1613
f 2725/178/178 2074/1657/1624 2462/1658/1625
f 1917/487/485 1929/1606/1573 1913/1514/1481
f 1834/1619/1586 2566/1618/1585 2071/1637/1604
f 2597/1603/1570 2803/1597/1564 2824/1605/1572
f 2433/1650/1617 1756/1558/1525 2432/1559/1526
f 1735/1048/1024 1756/1558/1525 2445/1061/1037
f 2902/278/278 1964/1659/1626 3416/457/455
f 3195/548/546 3196/370/370 3187/725/708
f 49/1646/1613 2435/1660/1627 1756/1558/1525
f 1340/1540/1507 151/1453/1420 1333/1546/1513
f 1226/1542/1509 151/1453/1420 1339/1538/1505
f 2918/1346/1319 2914/1472/1439 1134/1531/1498
f 1792/1661/1628 2824/1605/1572 2803/1597/1564
f 2027/1654/1621 2689/1626/1593 2686/133/133
f 1932/765/748 1090/417/415 1093/730/713
f 1465/810/792 1981/1662/1629 2461/811/793
f 2435/1660/1627 49/1646/1613 2822/1631/1598
f 2611/1600/1567 1237/1510/1477 2600/1639/1606
f 2918/1346/1319 1134/1531/1498 1220/1347/1320
f 2445/1061/1037 1756/1558/1525 2435/1660/1627
f 1571/1663/1630 3675/1664/1631 2074/1657/1624
f 49/1646/1613 2438/592/588 2437/594/590
f 2600/1639/1606 1229/1665/1632 2507/1666/1633
f 1225/1541/1508 2311/1544/1511 1336/1552/1519
f 1981/1662/1629 3674/305/305 2461/811/793
f 154/1575/1542 2921/1553/1520 1336/1552/1519
f 2689/1626/1593 2690/570/568 2687/569/567
f 1981/1662/1629 3595/508/506 2462/1658/1625
f 2582/1604/1571 2580/624/620 18/1667/1634
f 3650/296/296 3675/1664/1631 2776/1668/1635
f 1330/984/960 2504/983/959 1333/1546/1513
f 3252/1669/1636 1964/1659/1626 1628/1069/1045
f 2435/1660/1627 1499/1088/1064 2445/1061/1037
f 2574/1670/1637 2435/1660/1627 2575/1671/1638
f 2440/599/595 2449/1617/1584 2441/1339/1312
f 2825/995/971 2597/1603/1570 2824/1605/1572
f 3298/721/704 3295/916/892 3290/314/314
f 2786/203/203 1096/1016/992 1490/1614/1581
f 1569/555/553 1574/1672/1639 2740/1638/1605
f 2735/556/554 1569/555/553 2740/1638/1605
f 3250/206/206 1964/1659/1626 3252/1669/1636
f 1630/1673/1640 3203/1674/1641 3204/1187/1161
f 2776/1668/1635 2779/231/231 3650/296/296
f 1539/763/746 3060/917/893 3061/762/745
f 1986/183/183 1574/1672/1639 2746/184/184
f 2074/1657/1624 3675/1664/1631 2768/306/306
f 2747/1652/1619 3669/182/182 2745/1675/1642
f 2019/1676/1643 2747/1652/1619 2745/1675/1642
f 1241/1188/1162 2583/1560/1527 2822/1631/1598
f 1981/1662/1629 2074/1657/1624 2768/306/306
f 3033/128/128 3031/1144/1120 1956/139/139
f 2462/1658/1625 3595/508/506 2725/178/178
f 1868/447/445 2612/365/365 2622/395/393
f 3249/207/207 1964/1659/1626 3250/206/206
f 2036/775/758 2691/1677/1644 2216/1593/1560
f 2902/278/278 1628/1069/1045 1964/1659/1626
f 3547/440/438 1964/1659/1626 3352/507/505
f 1552/1505/1472 1838/1432/1403 2588/1644/1611
f 1717/186/186 2739/514/512 2735/556/554
f 1792/1661/1628 2803/1597/1564 2600/1639/1606
f 3674/305/305 1981/1662/1629 2768/306/306
f 3654/124/124 3769/1158/1132 1957/1160/1134
f 2216/1593/1560 2691/1677/1644 2032/1678/1645
f 1964/1659/1626 3576/347/347 3352/507/505
f 2864/1583/1550 20/1424/1397 196/1444/1404
f 2741/1630/1597 1717/186/186 2735/556/554
f 3576/347/347 1964/1659/1626 3255/497/495
f 2794/172/172 1938/1094/1070 1940/188/188
f 3595/508/506 1981/1662/1629 3594/1679/1646
f 3593/502/500 3576/347/347 3255/497/495
f 3670/1121/1097 3624/1052/1028 2751/1122/1098
f 1845/1426/1399 1838/1432/1403 1297/1427/1400
f 2019/1676/1643 1896/523/521 2836/1680/1647
f 1646/200/200 3190/199/199 3181/1681/1648
f 1574/1672/1639 1569/555/553 2746/184/184
f 3595/508/506 3594/1679/1646 3619/160/160
f 18/1667/1634 2580/624/620 1840/575/573
f 3675/1664/1631 3650/296/296 2768/306/306
f 3028/1682/1649 27/1145/1121 3033/128/128
f 93/528/526 2914/1472/1439 2918/1346/1319
f 2747/1652/1619 2019/1676/1643 3670/1121/1097
f 2746/184/184 2745/1675/1642 3669/182/182
f 3619/160/160 3594/1679/1646 1980/161/161
f 2017/1683/1650 2001/1572/1539 2027/1654/1621
f 3596/579/577 3576/347/347 3593/502/500
f 1964/1659/1626 3547/440/438 3416/457/455
f 2003/1684/1651 2757/1213/1187 2002/195/195
f 3218/817/799 3064/1089/1065 1670/1148/1124
f 3576/347/347 3596/579/577 3594/1679/1646
f 2757/1213/1187 2758/1165/1139 2002/195/195
f 3596/579/577 1980/161/161 3594/1679/1646
f 2770/1685/1652 2002/195/195 2758/1165/1139
f 2074/1657/1624 1981/1662/1629 2462/1658/1625
f 2692/1565/1532 2032/1678/1645 2691/1677/1644
f 382/839/21 3647/1090/1066 3815/837/818
f 3255/497/495 1964/1659/1626 3249/207/207
f 1896/523/521 2710/168/168 2836/1680/1647
f 3227/138/138 1956/139/139 3232/947/923
f 2792/743/726 1575/744/727 1935/767/750
f 1569/555/553 2739/514/512 2720/1686/1653
f 2746/184/184 2720/1686/1653 2745/1675/1642
f 1838/1432/1403 1846/1504/1471 1235/1607/1574
f 1896/523/521 2019/1676/1643 2012/1687/1654
f 3297/1688/1655 1648/720/703 3064/1089/1065
f 2731/142/142 2716/563/561 1571/1663/1630
f 3293/558/556 3295/916/892 3298/721/704
f 1860/1058/1034 2754/1093/1069 1991/1029/1005
f 3618/159/159 1980/161/161 3031/1144/1120
f 27/1145/1121 3028/1682/1649 28/1159/1133
f 2697/1689/1656 2692/1565/1532 2035/1567/1534
f 1846/1504/1471 1842/1690/1657 1235/1607/1574
f 2742/1109/1085 1574/1672/1639 1986/183/183
f 3816/1176/1150 3815/837/818 370/316/316
f 2740/1638/1605 1574/1672/1639 2752/1130/1106
f 2735/556/554 2740/1638/1605 2795/1131/1107
f 3216/153/153 1958/147/147 3215/146/146
f 3052/1691/1658 3058/943/919 1539/763/746
f 1720/1275/1248 1670/1148/1124 3194/368/368
f 27/1145/1121 3618/159/159 3031/1144/1120
f 1792/1661/1628 2600/1639/1606 2507/1666/1633
f 2001/1572/1539 2017/1683/1650 2016/1692/1659
f 2692/1565/1532 2697/1689/1656 2032/1678/1645
f 1728/1693/1660 1984/126/126 3262/542/540
f 1966/130/130 2855/564/562 3354/1656/1623
f 2002/195/195 2770/1685/1652 2769/193/193
f 3675/1664/1631 2736/194/194 2776/1668/1635
f 3354/1656/1623 3179/554/552 1664/1694/1661
f 2017/1683/1650 2710/168/168 2011/170/170
f 3251/586/582 3256/131/131 1955/1695/1662
f 2779/231/231 2776/1668/1635 2769/193/193
f 3181/1681/1648 3190/199/199 3182/552/550
f 3257/539/537 1655/1571/1538 1650/198/198
f 3222/821/803 1953/353/353 2816/1696/1663
f 1728/1693/1660 1718/1697/1664 1984/126/126
f 3026/1698/1665 3586/1699/1666 1726/1700/1667
f 3619/160/160 3618/159/159 1949/1701/1668
f 2507/1666/1633 1789/982/958 2601/981/957
f 3249/207/207 3253/137/137 3254/177/177
f 626/355/355 630/337/337 629/1702/1669
f 2718/1703/1670 1568/1653/1620 2721/123/123
f 1842/1690/1657 1841/1511/1478 1235/1607/1574
f 1665/1704/1671 1955/1695/1662 3256/131/131
f 3297/1688/1655 3294/936/912 3298/721/704
f 2907/143/143 3259/187/187 208/1705/1672
f 3033/128/128 3615/127/127 3586/1699/1666
f 1726/1700/1667 3615/127/127 1718/1697/1664
f 2575/1671/1638 1730/1706/1673 2574/1670/1637
f 3593/502/500 1662/503/501 3596/579/577
f 3791/486/484 3790/434/432 3793/1056/1032
f 3294/936/912 1643/559/557 3293/558/556
f 3062/971/947 1960/925/901 3057/1465/1432
f 1949/1701/1668 2723/1651/1618 208/1705/1672
f 2059/394/392 1556/954/930 2630/1624/1591
f 2751/1122/1098 3669/182/182 2747/1652/1619
f 3775/1707/1674 3830/1708/1675 3776/445/443
f 2734/1215/1189 1947/1224/1198 2007/1709/1676
f 1665/1704/1671 1664/1694/1661 3203/1674/1641
f 1207/1524/1491 82/1521/1488 1858/1520/1487
f 1949/1701/1668 3769/1158/1132 2723/1651/1618
f 3296/942/918 3294/936/912 3297/1688/1655
f 2058/371/371 1201/449/447 2613/596/592
f 1918/823/805 1915/1501/1468 2782/1613/1580
f 1488/205/205 1474/1622/1589 2813/1710/1677
f 2416/163/163 3786/162/162 3783/1711/1678
f 3053/1464/1431 1539/763/746 3057/1465/1432
f 2718/1703/1670 2719/148/148 2010/150/150
f 3053/1464/1431 3052/1691/1658 1539/763/746
f 1897/171/171 1717/186/186 2741/1630/1597
f 1858/1520/1487 2634/647/643 1203/829/811
f 2310/1545/1512 2311/1544/1511 2294/1568/1535
f 3642/946/922 1956/139/139 1662/503/501
f 1730/1706/1673 2575/1671/1638 2583/1560/1527
f 1648/720/703 3297/1688/1655 3298/721/704
f 2003/1684/1651 2002/195/195 2737/1712/1679
f 3235/155/155 3215/146/146 1656/145/145
f 1237/1510/1477 1236/1509/1476 2600/1639/1606
f 3064/1089/1065 3296/942/918 3297/1688/1655
f 1717/186/186 1897/171/171 2005/173/173
f 2326/1543/1510 2315/1551/1518 2311/1544/1511
f 2718/1703/1670 2721/123/123 2008/1713/1680
f 1626/1714/1681 1627/587/583 3269/540/538
f 2276/1578/1545 2222/1590/1557 2221/1557/1524
f 2675/1715/1682 2680/1200/1174 2676/1588/1555
f 3294/936/912 3317/972/948 1643/559/557
f 2835/1103/1079 3670/1121/1097 2023/1104/1080
f 3586/1699/1666 3615/127/127 1726/1700/1667
f 3049/920/896 3828/1134/1110 3051/1206/1180
f 1953/353/353 629/1702/1669 2816/1696/1663
f 208/1705/1672 2723/1651/1618 2907/143/143
f 3052/1691/1658 3053/1464/1431 3059/1716/1683
f 1648/720/703 3194/368/368 1670/1148/1124
f 2714/1717/1684 3675/1664/1631 1571/1663/1630
f 3251/586/582 1955/1695/1662 1656/145/145
f 1711/941/917 3305/740/723 3294/936/912
f 1332/993/969 154/1575/1542 2221/1557/1524
f 1818/634/630 1745/572/570 1499/1088/1064
f 2068/1587/1554 1846/1504/1471 1552/1505/1472
f 28/1159/1133 3028/1682/1649 1957/1160/1134
f 1911/1570/1537 1927/1569/1536 1929/1606/1573
f 2635/873/850 2064/738/721 2637/759/742
f 3305/740/723 3317/972/948 3294/936/912
f 1236/1509/1476 1841/1511/1478 1842/1690/1657
f 3227/138/138 3231/534/532 3262/542/540
f 3056/1718/1685 3059/1716/1683 3053/1464/1431
f 3055/924/900 3057/1465/1432 1960/925/901
f 2709/1566/1533 1565/1573/1540 2001/1572/1539
f 2805/1563/1530 1807/1562/1529 1844/1445/1412
f 3203/1674/1641 1630/1673/1640 1665/1704/1671
f 3611/165/165 3233/192/192 2908/191/191
f 2827/1719/1686 1434/1720/1687 1848/1232/1206
f 2709/1566/1533 2722/580/578 2035/1567/1534
f 1899/322/322 1941/190/190 1942/323/323
f 2758/1165/1139 1572/230/230 2770/1685/1652
f 623/141/141 1628/1069/1045 3248/140/140
f 1434/1720/1687 2827/1719/1686 1764/1721/1688
f 2724/1649/1616 2009/1648/1615 2723/1651/1618
f 2293/1722/1689 806/887/863 192/889/865
f 2020/1723/1690 2745/1675/1642 2720/1686/1653
f 2798/1640/1607 1990/1612/1579 1911/1570/1537
f 1433/1513/1480 1848/1232/1206 1434/1720/1687
f 3028/1682/1649 3586/1699/1666 2031/1724/1691
f 2770/1685/1652 1572/230/230 2769/193/193
f 3037/886/862 2290/1725/1692 2289/884/860
f 3204/1187/1161 3246/1726/1693 1668/1163/1137
f 1433/1513/1480 1434/1720/1687 1850/1478/1445
f 3654/124/124 2724/1649/1616 3769/1158/1132
f 2019/1676/1643 2023/1104/1080 3670/1121/1097
f 1430/1392/1365 1764/1721/1688 1246/1195/1169
f 1764/1721/1688 1850/1478/1445 1434/1720/1687
f 154/1575/1542 2308/1555/1522 2221/1557/1524
f 2416/163/163 3776/445/443 3827/319/319
f 2020/1723/1690 2012/1687/1654 2019/1676/1643
f 1247/1727/1694 1764/1721/1688 2827/1719/1686
f 1850/1478/1445 1764/1721/1688 1430/1392/1365
f 3619/160/160 208/1705/1672 3259/187/187
f 3524/831/813 3803/833/815 3802/606/602
f 2574/1670/1637 2576/662/654 1818/634/630
f 2744/510/508 1938/1094/1070 2795/1131/1107
f 2700/1574/1541 2690/570/568 2001/1572/1539
f 1490/1614/1581 2443/1611/1578 1487/1610/1577
f 1839/1507/1474 2583/1560/1527 2570/1508/1475
f 2308/1555/1522 2315/1551/1518 2316/1579/1546
f 2011/170/170 2016/1692/1659 2017/1683/1650
f 2732/1728/1695 2738/1729/1696 2003/1684/1651
f 3831/926/902 3056/1718/1685 3055/924/900
f 3830/1708/1675 3831/926/902 3832/1647/1614
f 1236/1509/1476 1229/1665/1632 2600/1639/1606
f 2689/1626/1593 2027/1654/1621 2001/1572/1539
f 1918/823/805 2782/1613/1580 1990/1612/1579
f 1947/1224/1198 2738/1729/1696 2007/1709/1676
f 3315/921/897 3051/1206/1180 3054/1297/1270
f 675/974/950 2067/970/946 660/1100/1076
f 1240/603/599 1248/1506/1473 18/1667/1634
f 1842/1690/1657 2068/1587/1554 1229/1665/1632
f 1984/126/126 1718/1697/1664 3615/127/127
f 2782/1613/1580 1915/1501/1468 1919/1503/1470
f 1942/323/323 1943/1136/1112 2213/324/324
f 2248/1581/1548 2231/1108/1084 973/1609/1576
f 3819/484/482 2402/485/483 384/315/315
f 3817/799/781 3788/164/164 3827/319/319
f 816/882/858 967/888/864 3040/883/859
f 2784/1601/1568 2785/1017/993 1096/1016/992
f 3354/1656/1623 3256/131/131 1966/130/130
f 2700/1574/1541 2036/775/758 2690/570/568
f 291/706/692 3802/606/602 1638/483/481
f 1712/1041/1017 3314/685/677 3834/1181/1155
f 3054/1297/1270 1960/925/901 3062/971/947
f 2723/1651/1618 26/144/144 2907/143/143
f 3262/542/540 3617/1730/1697 1728/1693/1660
f 3027/1731/1698 2031/1724/1691 3026/1698/1665
f 2749/505/503 2706/1047/1023 2686/133/133
f 1847/988/964 1789/982/958 2507/1666/1633
f 2727/581/579 1957/1160/1134 3639/1732/1699
f 1229/1665/1632 1236/1509/1476 1842/1690/1657
f 3204/1187/1161 1668/1163/1137 3212/680/672
f 1990/1612/1579 1098/223/223 2793/1576/1543
f 1239/602/598 2576/662/654 1730/1706/1673
f 1627/587/583 3184/541/539 3269/540/538
f 3179/554/552 3184/541/539 3182/552/550
f 1249/1625/1592 1252/1512/1479 1250/1636/1603
f 2449/1617/1584 2443/1611/1578 2442/1279/1252
f 1957/1160/1134 272/125/125 3654/124/124
f 2010/150/150 2018/1733/1700 2712/1734/1701
f 2804/1592/1559 2273/1582/1549 2805/1563/1530
f 154/1575/1542 1337/994/970 2921/1553/1520
f 2921/1553/1520 1226/1542/1509 1336/1552/1519
f 1671/553/551 3190/199/199 3246/1726/1693
f 2074/1657/1624 2725/178/178 2731/142/142
f 2570/1508/1475 1252/1512/1479 1249/1625/1592
f 2009/1648/1615 1568/1653/1620 26/144/144
f 81/1539/1506 1225/1541/1508 99/1537/1504
f 2775/1502/1469 2796/1014/990 1104/1395/1368
f 2793/1576/1543 1911/1570/1537 1990/1612/1579
f 3820/1071/1047 3815/837/818 3822/1175/1149
f 1499/1088/1064 1745/572/570 2577/683/675
f 1993/1550/1517 1920/1602/1569 1990/1612/1579
f 2908/191/191 2842/517/515 3611/165/165
f 629/1702/1669 1953/353/353 626/355/355
f 2069/1231/1205 2507/1666/1633 1229/1665/1632
f 2743/1113/1089 2751/1122/1098 2754/1093/1069
f 1488/205/205 2092/201/201 1474/1622/1589
f 2435/1660/1627 2574/1670/1637 1499/1088/1064
f 2069/1231/1205 1847/988/964 2507/1666/1633
f 2033/525/523 2711/169/169 2710/168/168
f 1329/1233/1207 2505/977/953 1847/988/964
f 2737/1712/1679 2732/1728/1695 2003/1684/1651
f 3177/330/330 2097/329/329 2120/628/624
f 1643/559/557 3062/971/947 3063/557/555
f 2447/1623/1590 2432/1559/1526 2427/1082/1058
f 1838/1432/1403 1235/1607/1574 1230/1431/1
f 3830/1708/1675 3056/1718/1685 3831/926/902
f 3203/1674/1641 1664/1694/1661 3246/1726/1693
f 3775/1707/1674 3056/1718/1685 3830/1708/1675
f 3027/1731/1698 3639/1732/1699 2031/1724/1691
f 2092/201/201 2443/1611/1578 2449/1617/1584
f 2016/1692/1659 2709/1566/1533 2001/1572/1539
f 2827/1719/1686 1228/1735/1702 2589/1627/1594
f 2709/1566/1533 2692/1565/1532 1565/1573/1540
f 1960/925/901 3833/1207/1181 3831/926/902
f 3182/552/550 3272/1736/1703 3181/1681/1648
f 3248/140/140 1655/1571/1538 3257/539/537
f 2726/571/569 2690/570/568 2036/775/758
f 3272/1736/1703 3182/552/550 1627/587/583
f 2720/1686/1653 2739/514/512 2006/1634/1601
f 3231/534/532 3232/947/923 1651/533/531
f 28/1159/1133 3618/159/159 27/1145/1121
f 3170/931/907 1692/937/913 3158/1737/1704
f 3250/206/206 3252/1669/1636 622/1738/1705
f 2834/524/522 2713/513/511 2018/1733/1700
f 2031/1724/1691 1957/1160/1134 3028/1682/1649
f 3639/1732/1699 3027/1731/1698 2728/1739/1706
f 3262/542/540 3261/516/514 3617/1730/1697
f 3354/1656/1623 1664/1694/1661 3256/131/131
f 3248/140/140 2855/564/562 1966/130/130
f 2710/168/168 2026/1655/1622 2836/1680/1647
f 1956/139/139 3642/946/922 3232/947/923
f 1158/1455/1422 1227/1536/1503 99/1537/1504
f 2092/201/201 2449/1617/1584 1474/1622/1589
f 2798/1640/1607 1917/487/485 1918/823/805
f 2601/981/957 1792/1661/1628 2507/1666/1633
f 2784/1601/1568 1995/1549/1516 1095/1615/1582
f 190/1534/1501 2294/1568/1535 81/1539/1506
f 2339/1645/1612 2307/1527/1494 2305/1526/1493
f 2811/1740/1707 1250/1636/1603 2582/1604/1571
f 2309/1556/1523 2275/1596/1563 2272/1577/1544
f 2010/150/150 2045/149/149 2711/169/169
f 1730/1706/1673 2583/1560/1527 1839/1507/1474
f 2012/1687/1654 2720/1686/1653 2015/511/509
f 1933/764/747 1932/765/748 1093/730/713
f 1249/1625/1592 1250/1636/1603 2811/1740/1707
f 2684/748/731 2683/704/690 2688/732/715
f 2773/1409/1382 2775/1502/1469 1104/1395/1368
f 2446/1641/1608 2427/1082/1058 2813/1710/1677
f 3233/192/192 1652/136/136 1654/135/135
f 2575/1671/1638 2435/1660/1627 2822/1631/1598
f 2784/1601/1568 1096/1016/992 2786/203/203
f 1095/1615/1582 1094/1548/1515 2775/1502/1469
f 2432/1559/1526 1736/1045/1021 2427/1082/1058
f 2230/1105/1081 2251/1741/1708 973/1609/1576
f 1730/1706/1673 2576/662/654 2574/1670/1637
f 2827/1719/1686 1848/1232/1206 1228/1735/1702
f 1226/1542/1509 1225/1541/1508 1336/1552/1519
f 1840/575/573 1240/603/599 18/1667/1634
f 3169/918/894 3178/915/891 1692/937/913
f 1655/1571/1538 3248/140/140 1628/1069/1045
f 2787/1280/1253 1490/1614/1581 1925/1015/991
f 2731/142/142 1571/1663/1630 2074/1657/1624
f 2811/1740/1707 1248/1506/1473 1249/1625/1592
f 1100/251/251 1928/1183/1157 1911/1570/1537
f 1756/1558/1525 2433/1650/1617 49/1646/1613
f 1929/1606/1573 1917/487/485 1911/1570/1537
f 1915/1501/1468 1918/823/805 2796/1014/990
f 2599/1586/1553 2585/1742/1709 2069/1231/1205
f 45/414/412 2694/1146/1122 1153/639/635
f 1220/1347/1320 1209/1535/1502 87/1399/1372
f 2567/1629/1596 2559/1743/1710 1247/1727/1694
f 1493/1192/1166 49/1646/1613 2437/594/590
f 2094/1260/1233 2441/1339/1312 2442/1279/1252
f 2448/1621/1588 2813/1710/1677 1474/1622/1589
f 2584/1608/1575 2593/1439/1409 1234/1441/2
f 2813/1710/1677 2812/213/213 1488/205/205
f 2449/1617/1584 2440/599/595 2446/1641/1608
f 1928/1183/1157 1992/876/852 1929/1606/1573
f 1664/1694/1661 1671/553/551 3246/1726/1693
f 1248/1506/1473 1240/603/599 1839/1507/1474
f 26/144/144 2717/1744/1711 2716/563/561
f 1627/587/583 1626/1714/1681 3351/1745/1712
f 1568/1653/1620 2717/1744/1711 26/144/144
f 1764/1721/1688 1252/1512/1479 1246/1195/1169
f 2620/1102/1078 2835/1103/1079 2023/1104/1080
f 3351/1745/1712 1626/1714/1681 3348/1746/1713
f 2805/1563/1530 20/1424/1397 1843/1584/1551
f 2798/1640/1607 1918/823/805 1990/1612/1579
f 2427/1082/1058 2812/213/213 2813/1710/1677
f 1621/1594/1561 403/860/839 1618/1747/1714
f 1965/1748/1715 3348/1746/1713 3270/1749/1716
f 2759/1119/1095 3671/175/175 1987/174/174
f 3586/1699/1666 3026/1698/1665 2031/1724/1691
f 3181/1681/1648 3264/1750/1717 1646/200/200
f 3252/1669/1636 1628/1069/1045 623/141/141
f 2908/191/191 1958/147/147 2843/152/152
f 2736/194/194 2769/193/193 2776/1668/1635
f 3264/1750/1717 3181/1681/1648 3180/1751/1718
f 1965/1748/1715 3180/1751/1718 3272/1736/1703
f 3350/1752/1719 2217/1753/1720 3349/671/663
f 3350/1752/1719 2104/672/664 2176/1643/1610
f 1673/1754/1721 3183/180/180 1646/200/200
f 3262/542/540 1984/126/126 3227/138/138
f 2231/1108/1084 2081/500/498 1011/499/497
f 3270/1749/1716 2217/1753/1720 3268/1755/1722
f 973/1609/1576 2251/1741/1708 2249/1756/1723
f 1965/1748/1715 1627/587/583 3351/1745/1712
f 3374/1757/1724 3350/1752/1719 2176/1643/1610
f 3270/1749/1716 1647/1758/1725 3289/1759/1726
f 3321/1227/1201 3330/1760/1727 1641/997/973
f 2729/512/510 2717/1744/1711 1568/1653/1620
f 2813/1710/1677 2448/1621/1588 2446/1641/1608
f 3350/1752/1719 3346/1761/1728 2217/1753/1720
f 3270/1749/1716 3289/1759/1726 3271/1762/1729
f 1965/1748/1715 3351/1745/1712 3348/1746/1713
f 2217/1753/1720 3346/1761/1728 3268/1755/1722
f 1992/876/852 1913/1514/1481 1929/1606/1573
f 3374/1757/1724 3346/1761/1728 3350/1752/1719
f 1235/1607/1574 1841/1511/1478 2584/1608/1575
f 2913/1530/1497 190/1534/1501 1209/1535/1502
f 3271/1762/1729 3265/1763/1730 3264/1750/1717
f 3064/1089/1065 1648/720/703 1670/1148/1124
f 3271/1762/1729 3289/1759/1726 3284/1764/1731
f 1637/758/741 3303/491/489 3310/490/488
f 2694/1146/1122 45/414/412 3552/413/411
f 3180/1751/1718 1965/1748/1715 3270/1749/1716
f 2721/123/123 272/125/125 2008/1713/1680
f 2176/1643/1610 3585/1765/1732 3374/1757/1724
f 1956/139/139 1980/161/161 3596/579/577
f 1093/730/713 1119/423/421 1092/826/808
f 3191/773/756 1673/1754/1721 3301/1021/997
f 3825/728/711 2402/485/483 3818/318/318
f 1568/1653/1620 2718/1703/1670 2712/1734/1701
f 1675/1766/1733 1969/1767/1734 3374/1757/1724
f 1645/1768/1735 1590/1769/1736 378/1770/1737
f 3265/1763/1730 3301/1021/997 1673/1754/1721
f 3301/1021/997 3287/1771/1738 3285/1020/996
f 3277/1772/1739 3346/1761/1728 1969/1767/1734
f 3347/197/197 2217/1753/1720 3348/1746/1713
f 1639/726/709 387/589/585 3592/1773/1740
f 1644/1774/1741 1631/1775/1742 3284/1764/1731
f 3313/819/801 3319/818/800 2400/1238/1212
f 2727/581/579 3639/1732/1699 2728/1739/1706
f 2727/581/579 2728/1739/1706 2722/580/578
f 2739/514/512 1576/185/185 2733/1632/1599
f 2734/1215/1189 2733/1632/1599 1576/185/185
f 2726/571/569 2034/705/691 1881/797/779
f 3062/971/947 3057/1465/1432 3063/557/555
f 2701/750/733 2683/704/690 2684/748/731
f 1204/646/642 2608/835/817 2634/647/643
f 1647/1758/1725 3275/1776/1743 1632/1777/1744
f 3268/1755/1722 3275/1776/1743 1647/1758/1725
f 1673/1754/1721 3191/773/756 3183/180/180
f 3265/1763/1730 3271/1762/1729 1631/1775/1742
f 3281/1778/1745 1644/1774/1741 1632/1777/1744
f 3330/1760/1727 3325/861/840 1641/997/973
f 3282/1779/1746 3275/1776/1743 3277/1772/1739
f 1969/1767/1734 3276/859/838 3288/1780/1747
f 1589/1781/1748 1729/1782/1749 3287/1771/1738
f 3271/1762/1729 3284/1764/1731 1631/1775/1742
f 3346/1761/1728 3277/1772/1739 3275/1776/1743
f 3276/859/838 1640/858/837 3375/1169/1143
f 3375/1169/1143 3288/1780/1747 3276/859/838
f 3301/1021/997 3283/1783/1750 3287/1771/1738
f 1933/764/747 1093/730/713 1092/826/808
f 3801/836/17 3545/838/819 383/832/814
f 3283/1783/1750 1644/1774/1741 3287/1771/1738
f 3053/1464/1431 3055/924/900 3056/1718/1685
f 3188/591/587 3187/725/708 3196/370/370
f 3286/1784/1751 1644/1774/1741 3281/1778/1745
f 3209/1127/1103 3240/1115/1091 3210/547/545
f 3180/1751/1718 3181/1681/1648 3272/1736/1703
f 1960/925/901 3054/1297/1270 3051/1206/1180
f 3281/1778/1745 3282/1779/1746 1590/1769/1736
f 3282/1779/1746 3288/1780/1747 3280/1785/1752
f 3288/1780/1747 3375/1169/1143 3280/1785/1752
f 3265/1763/1730 1646/200/200 3264/1750/1717
f 1644/1774/1741 3284/1764/1731 3289/1759/1726
f 3287/1771/1738 1729/1782/1749 3285/1020/996
f 1868/447/445 1200/1616/1583 2610/448/446
f 3286/1784/1751 3281/1778/1745 1589/1781/1748
f 3592/1773/1740 2399/1210/1184 2400/1238/1212
f 2309/1556/1523 2272/1577/1544 2221/1557/1524
f 1631/1775/1742 1644/1774/1741 3283/1783/1750
f 3330/1760/1727 3321/1227/1201 3328/1786/1753
f 3279/854/833 3280/1785/1752 3375/1169/1143
f 660/1100/1076 663/781/764 675/974/950
f 1589/1781/1748 3287/1771/1738 3286/1784/1751
f 3374/1757/1724 1969/1767/1734 3346/1761/1728
f 1644/1774/1741 3289/1759/1726 1647/1758/1725
f 1632/1777/1744 3282/1779/1746 3281/1778/1745
f 3270/1749/1716 3348/1746/1713 2217/1753/1720
f 1969/1767/1734 3288/1780/1747 3277/1772/1739
f 3287/1771/1738 1644/1774/1741 3286/1784/1751
f 1644/1774/1741 1647/1758/1725 1632/1777/1744
f 3302/1787/1754 3304/1788/1755 1729/1782/1749
f 1627/587/583 1965/1748/1715 3272/1736/1703
f 3310/490/488 1959/1168/1142 3304/1788/1755
f 3329/853/832 3324/862/841 401/1789/1756
f 3222/821/803 3214/820/802 34/1180/1154
f 2601/981/957 2824/1605/1572 1792/1661/1628
f 3346/1761/1728 3275/1776/1743 3268/1755/1722
f 1590/1769/1736 1645/1768/1735 1589/1781/1748
f 1729/1782/1749 1589/1781/1748 3302/1787/1754
f 1645/1768/1735 401/1789/1756 3325/861/840
f 1999/1350/1323 1900/927/903 1129/1351/1324
f 3280/1785/1752 1590/1769/1736 3282/1779/1746
f 3310/490/488 3328/1786/1753 3319/818/800
f 401/1789/1756 3279/854/833 3329/853/832
f 3302/1787/1754 1589/1781/1748 1645/1768/1735
f 1590/1769/1736 3280/1785/1752 378/1770/1737
f 1202/1529/1496 2306/1523/1490 95/1532/1499
f 1729/1782/1749 3304/1788/1755 3285/1020/996
f 3321/1227/1201 2400/1238/1212 3328/1786/1753
f 2399/1210/1184 3592/1773/1740 387/589/585
f 3282/1779/1746 3277/1772/1739 3288/1780/1747
f 3325/861/840 401/1789/1756 3324/862/841
f 3319/818/800 3328/1786/1753 2400/1238/1212
f 2717/1744/1711 2729/512/510 2014/1633/1600
f 3350/1752/1719 3349/671/663 2104/672/664
f 3265/1763/1730 1631/1775/1742 3283/1783/1750
f 2718/1703/1670 2010/150/150 2712/1734/1701
f 1618/1747/1714 3276/859/838 1675/1766/1733
f 1961/1790/1757 3302/1787/1754 1645/1768/1735
f 3302/1787/1754 3310/490/488 3304/1788/1755
f 1714/774/757 3300/1517/1484 3192/772/755
f 2092/201/201 2786/203/203 1487/1610/1577
f 3330/1760/1727 1961/1790/1757 1645/1768/1735
f 1980/161/161 1956/139/139 3031/1144/1120
f 3304/1788/1755 1959/1168/1142 3285/1020/996
f 1673/1754/1721 1646/200/200 3265/1763/1730
f 3349/671/663 2217/1753/1720 3347/197/197
f 3180/1751/1718 3270/1749/1716 3271/1762/1729
f 1656/145/145 1958/147/147 3233/192/192
f 378/1770/1737 401/1789/1756 1645/1768/1735
f 1961/1790/1757 3330/1760/1727 3328/1786/1753
f 1618/1747/1714 403/860/839 3276/859/838
f 1229/1665/1632 2068/1587/1554 2069/1231/1205
f 3381/350/350 3379/857/836 2121/466/464
f 1119/423/421 1093/730/713 1178/479/477
f 1329/1233/1207 1433/1513/1480 1328/1480/1447
f 3300/1517/1484 1714/774/757 1667/1209/1183
f 3585/1765/1732 1675/1766/1733 3374/1757/1724
f 3190/199/199 1671/553/551 3182/552/550
f 1650/198/198 1626/1714/1681 3269/540/538
f 1153/639/635 2679/1147/1123 2685/1474/1441
f 2723/1651/1618 2009/1648/1615 26/144/144
f 3271/1762/1729 3264/1750/1717 3180/1751/1718
f 3059/1716/1683 3056/1718/1685 3775/1707/1674
f 2154/467/465 1620/990/966 1541/1791/1758
f 3330/1760/1727 1645/1768/1735 3325/861/840
f 3592/1773/1740 2400/1238/1212 3321/1227/1201
f 2730/1792/1759 2216/1593/1560 2032/1678/1645
f 1969/1767/1734 1675/1766/1733 3276/859/838
f 1961/1790/1757 3328/1786/1753 3302/1787/1754
f 497/438/436 2148/856/835 3381/350/350
f 3256/131/131 1664/1694/1661 1665/1704/1671
f 2843/152/152 1721/501/499 2842/517/515
f 2712/1734/1701 2713/513/511 1568/1653/1620
f 2007/1709/1676 2014/1633/1600 2733/1632/1599
f 1639/726/709 3592/1773/1740 3321/1227/1201
f 3348/1746/1713 1626/1714/1681 3347/197/197
f 3832/1647/1614 3831/926/902 3824/727/710
f 1158/1455/1422 99/1537/1504 1891/1420/1393
f 3279/854/833 401/1789/1756 378/1770/1737
f 3251/586/582 1654/135/135 3245/129/129
f 3302/1787/1754 3328/1786/1753 3310/490/488
f 3321/1227/1201 1641/997/973 3320/998/974
f 378/1770/1737 3280/1785/1752 3279/854/833
f 1841/1511/1478 1237/1510/1477 2584/1608/1575
f 2738/1729/1696 2757/1213/1187 2003/1684/1651
f 2585/1742/1709 2599/1586/1553 2586/1585/1552
f 1574/1672/1639 2742/1109/1085 1130/1096/1072
f 272/125/125 1957/1160/1134 2727/581/579
f 2069/1231/1205 1329/1233/1207 1847/988/964
f 1590/1769/1736 1589/1781/1748 3281/1778/1745
f 1647/1758/1725 3270/1749/1716 3268/1755/1722
f 1979/488/486 1917/487/485 1913/1514/1481
f 2825/995/971 2277/1595/1562 2597/1603/1570
f 603/601/597 1967/196/196 1650/198/198
f 3265/1763/1730 3283/1783/1750 3301/1021/997
f 1632/1777/1744 3275/1776/1743 3282/1779/1746
f 1998/1012/988 3624/1052/1028 2620/1102/1078
f 2026/1655/1622 2706/1047/1023 1888/1129/1105
f 3347/197/197 1626/1714/1681 1650/198/198
f 1665/1704/1671 1630/1673/1640 1955/1695/1662
f 3269/540/538 3257/539/537 1650/198/198
f 1567/1793/1760 2008/1713/1680 272/125/125
f 3831/926/902 3833/1207/1181 3824/727/710
f 2729/512/510 2015/511/509 2014/1633/1600
f 1987/174/174 2742/1109/1085 1986/183/183
f 2026/1655/1622 2686/133/133 2706/1047/1023
f 2559/1743/1710 2070/1794/1761 2568/1620/1587
f 1122/176/176 2742/1109/1085 1987/174/174
f 1656/145/145 1955/1695/1662 3247/156/156
f 1888/1129/1105 2022/1035/1011 2023/1104/1080
f 3642/946/922 3597/167/167 3611/165/165
f 2716/563/561 2714/1717/1684 1571/1663/1630
f 3204/1187/1161 3242/1186/1160 1630/1673/1640
f 2592/1599/1566 1843/1584/1551 2593/1439/1409
f 1848/1232/1206 2585/1742/1709 1228/1735/1702
f 2855/564/562 3184/541/539 3354/1656/1623
f 2068/1587/1554 1842/1690/1657 1846/1504/1471
f 1848/1232/1206 2069/1231/1205 2585/1742/1709
f 2715/1795/1762 2716/563/561 2717/1744/1711
f 2567/1629/1596 2525/1628/1595 2559/1743/1710
f 2589/1627/1594 2567/1629/1596 2827/1719/1686
f 2722/580/578 1567/1793/1760 272/125/125
f 2559/1743/1710 2568/1620/1587 1247/1727/1694
f 2709/1566/1533 2016/1692/1659 2045/149/149
f 2733/1632/1599 2734/1215/1189 2007/1709/1676
f 622/1738/1705 1966/130/130 3245/129/129
f 1668/1163/1137 3246/1726/1693 3199/179/179
f 2834/524/522 1896/523/521 2012/1687/1654
f 1888/1129/1105 2023/1104/1080 2836/1680/1647
f 1247/1727/1694 2827/1719/1686 2567/1629/1596
f 3611/165/165 2842/517/515 1651/533/531
f 2736/194/194 3675/1664/1631 2714/1717/1684
f 1247/1727/1694 2569/1796/1763 1251/1797/1764
f 3618/159/159 3769/1158/1132 1949/1701/1668
f 2566/1618/1585 2568/1620/1587 2070/1794/1761
f 1940/188/188 2744/510/508 1931/509/507
f 2583/1560/1527 2575/1671/1638 2822/1631/1598
f 2569/1796/1763 1247/1727/1694 2568/1620/1587
f 2011/170/170 2045/149/149 2016/1692/1659
f 1655/1571/1538 603/601/597 1650/198/198
f 2574/1670/1637 1818/634/630 1499/1088/1064
f 2014/1633/1600 2007/1709/1676 2717/1744/1711
f 1730/1706/1673 1839/1507/1474 1240/603/599
f 2715/1795/1762 2717/1744/1711 2007/1709/1676
f 2273/1582/1549 2804/1592/1559 958/1598/1565
f 1340/1540/1507 150/1500/1467 151/1453/1420
f 2018/1733/1700 2010/150/150 2711/169/169
f 2593/1439/1409 2864/1583/1550 196/1444/1404
f 2569/1796/1763 2568/1620/1587 1834/1619/1586
f 2015/511/509 2713/513/511 2012/1687/1654
f 2700/1574/1541 1565/1573/1540 2691/1677/1644
f 2724/1649/1616 3654/124/124 2721/123/123
f 2557/1498/1465 2071/1637/1604 2566/1618/1585
f 1340/1540/1507 1333/1546/1513 2504/983/959
f 2711/169/169 2834/524/522 2018/1733/1700
f 2557/1498/1465 2571/909/885 2071/1637/1604
f 2021/504/502 1131/132/132 2025/871/848
f 2741/1630/1597 2795/1131/1107 1897/171/171
f 3639/1732/1699 1957/1160/1134 2031/1724/1691
f 2719/148/148 2718/1703/1670 2008/1713/1680
f 1130/1096/1072 2752/1130/1106 1574/1672/1639
f 2714/1717/1684 2715/1795/1762 2736/194/194
f 3595/508/506 3619/160/160 3259/187/187
f 99/1537/1504 1226/1542/1509 1339/1538/1505
f 2007/1709/1676 2732/1728/1695 2715/1795/1762
f 2447/1623/1590 2446/1641/1608 2440/599/595
f 603/601/597 1655/1571/1538 1629/280/280
f 2015/511/509 2006/1634/1601 2014/1633/1600
f 2834/524/522 2012/1687/1654 2713/513/511
f 3203/1674/1641 3246/1726/1693 3204/1187/1161
f 2700/1574/1541 2691/1677/1644 2036/775/758
f 1569/555/553 2720/1686/1653 2746/184/184
f 2008/1713/1680 1567/1793/1760 2719/148/148
f 3252/1669/1636 623/141/141 622/1738/1705
f 2736/194/194 2715/1795/1762 2737/1712/1679
f 3832/1647/1614 3826/320/320 3776/445/443
f 3190/199/199 3183/180/180 3246/1726/1693
f 2006/1634/1601 2015/511/509 2720/1686/1653
f 2692/1565/1532 2691/1677/1644 1565/1573/1540
f 2720/1686/1653 2012/1687/1654 2020/1723/1690
f 2834/524/522 2711/169/169 2033/525/523
f 2722/580/578 2709/1566/1533 2045/149/149
f 3262/542/540 3231/534/532 2842/517/515
f 3349/671/663 3347/197/197 1967/196/196
f 2027/1654/1621 2710/168/168 2017/1683/1650
f 1987/174/174 1986/183/183 2759/1119/1095
f 2035/1567/1534 2722/580/578 2728/1739/1706
f 2745/1675/1642 2020/1723/1690 2019/1676/1643
f 627/331/331 1694/333/333 2120/628/624
f 2025/871/848 1131/132/132 2024/134/134
f 2739/514/512 2733/1632/1599 2006/1634/1601
f 2713/513/511 2712/1734/1701 2018/1733/1700
f 2737/1712/1679 2002/195/195 2736/194/194
f 3830/1708/1675 3832/1647/1614 3776/445/443
f 2732/1728/1695 2737/1712/1679 2715/1795/1762
f 1764/1721/1688 1247/1727/1694 1251/1797/1764
f 2045/149/149 2719/148/148 1567/1793/1760
f 1920/1602/1569 1098/223/223 1990/1612/1579
f 2033/525/523 2710/168/168 1896/523/521
f 2569/1796/1763 1834/1619/1586 1250/1636/1603
f 3183/180/180 3199/179/179 3246/1726/1693
f 2307/1527/1494 2339/1645/1612 2302/1533/1500
f 2569/1796/1763 1250/1636/1603 1251/1797/1764
f 2582/1604/1571 1250/1636/1603 2571/909/885
f 2732/1728/1695 2007/1709/1676 2738/1729/1696
f 3231/534/532 3227/138/138 3232/947/923
f 2784/1601/1568 1486/202/202 1920/1602/1569
f 2026/1655/1622 1888/1129/1105 2836/1680/1647
f 1630/1673/1640 3247/156/156 1955/1695/1662
f 1252/1512/1479 1242/1191/1165 1851/1193/1167
f 3247/156/156 1630/1673/1640 3242/1186/1160
f 3769/1158/1132 3618/159/159 28/1159/1133
f 2438/592/588 2447/1623/1590 2439/593/589
f 2811/1740/1707 18/1667/1634 1248/1506/1473
f 713/1798/1765 2329/1799/1766 191/1800/1767
f 208/1705/1672 3619/160/160 1949/1701/1668
f 1134/1531/1498 1209/1535/1502 1220/1347/1320
f 2262/1801/1768 965/1802/1769 713/1798/1765
f 3028/1682/1649 3033/128/128 3586/1699/1666
f 964/1803/1770 2280/1804/1771 995/1805/1772
f 2843/152/152 1958/147/147 3216/153/153
f 18/1667/1634 2811/1740/1707 2582/1604/1571
f 2317/1806/1773 2329/1799/1766 713/1798/1765
f 2266/1807/1774 350/1808/1775 2261/1809/1776
f 2262/1801/1768 2265/1810/1777 2264/1811/1778
f 2784/1601/1568 1095/1615/1582 2785/1017/993
f 1232/1123/1099 1231/1460/1427 2801/1425/1398
f 192/889/865 713/1798/1765 191/1800/1767
f 3293/558/556 3063/557/555 3061/762/745
f 713/1798/1765 965/1802/1769 2317/1806/1773
f 965/1802/1769 2262/1801/1768 2264/1811/1778
f 2290/1725/1692 2260/1812/1779 802/1813/1780
f 2289/884/860 802/1813/1780 2288/1635/1602
f 192/889/865 2262/1801/1768 713/1798/1765
f 2317/1806/1773 965/1802/1769 2275/1596/1563
f 965/1802/1769 2276/1578/1545 2272/1577/1544
f 1651/533/531 3642/946/922 3611/165/165
f 2274/1814/1781 2264/1811/1778 968/1815/1782
f 2274/1814/1781 966/1816/1783 2278/1589/1556
f 191/1800/1767 2293/1722/1689 192/889/865
f 2019/1676/1643 2836/1680/1647 2023/1104/1080
f 2710/168/168 2027/1654/1621 2026/1655/1622
f 3597/167/167 3642/946/922 1662/503/501
f 3191/773/756 1674/181/181 3183/180/180
f 2496/1817/1784 2247/1818/1785 2246/1819/1786
f 2281/1820/1787 2279/1561/1528 2273/1582/1549
f 2312/1821/1788 2275/1596/1563 2316/1579/1546
f 2246/1819/1786 2267/1098/1074 1012/1097/1073
f 2266/1807/1774 967/888/864 816/882/858
f 2213/324/324 1943/1136/1112 2000/842/821
f 3064/1089/1065 3218/817/799 3299/816/798
f 1947/1224/1198 2757/1213/1187 2738/1729/1696
f 2722/580/578 2045/149/149 1567/1793/1760
f 2216/1593/1560 2730/1792/1759 2693/1154/1128
f 3233/192/192 3611/165/165 1652/136/136
f 2281/1820/1787 2274/1814/1781 2280/1804/1771
f 1252/1512/1479 1251/1797/1764 1250/1636/1603
f 3255/497/495 3254/177/177 3593/502/500
f 1012/1097/1073 1232/1123/1099 2246/1819/1786
f 3585/1765/1732 1618/1747/1714 1675/1766/1733
f 1240/603/599 1239/602/598 1730/1706/1673
f 3585/1765/1732 1541/1791/1758 1618/1747/1714
f 2801/1425/1398 1844/1445/1412 1232/1123/1099
f 192/889/865 967/888/864 2262/1801/1768
f 2312/1821/1788 2317/1806/1773 2275/1596/1563
f 1844/1445/1412 2496/1817/1784 1232/1123/1099
f 2312/1821/1788 2326/1543/1510 2317/1806/1773
f 802/1813/1780 971/1822/1789 2288/1635/1602
f 1541/1791/1758 3585/1765/1732 2176/1643/1610
f 2177/1642/1609 2998/898/874 500/855/834
f 965/1802/1769 2272/1577/1544 2275/1596/1563
f 2260/1812/1779 2290/1725/1692 2251/1741/1708
f 503/793/775 2998/898/874 597/745/728
f 2267/1098/1074 2598/1823/1790 2259/1142/1118
f 1327/1824/1791 2230/1105/1081 2259/1142/1118
f 969/1825/1792 962/1826/1793 2269/1827/1794
f 2266/1807/1774 2262/1801/1768 967/888/864
f 1807/1562/1529 2496/1817/1784 1844/1445/1412
f 500/855/834 2154/467/465 1541/1791/1758
f 2312/1821/1788 2315/1551/1518 2326/1543/1510
f 1620/990/966 1621/1594/1561 1541/1791/1758
f 1541/1791/1758 2177/1642/1609 500/855/834
f 963/1828/1795 2598/1823/1790 2267/1098/1074
f 963/1828/1795 2259/1142/1118 2598/1823/1790
f 2246/1819/1786 2247/1818/1785 2267/1098/1074
f 1327/1824/1791 971/1822/1789 802/1813/1780
f 802/1813/1780 2289/884/860 2290/1725/1692
f 2247/1818/1785 969/1825/1792 963/1828/1795
f 969/1825/1792 2247/1818/1785 962/1826/1793
f 2259/1142/1118 971/1822/1789 1327/1824/1791
f 2259/1142/1118 963/1828/1795 971/1822/1789
f 964/1803/1770 2496/1817/1784 1807/1562/1529
f 2316/1579/1546 2315/1551/1518 2312/1821/1788
f 958/1598/1565 2281/1820/1787 2273/1582/1549
f 2177/1642/1609 1541/1791/1758 2176/1643/1610
f 503/793/775 500/855/834 2998/898/874
f 964/1803/1770 962/1826/1793 2247/1818/1785
f 1618/1747/1714 1541/1791/1758 1621/1594/1561
f 2260/1812/1779 1327/1824/1791 802/1813/1780
f 1242/1191/1165 2570/1508/1475 1835/1190/1164
f 2247/1818/1785 963/1828/1795 2267/1098/1074
f 1807/1562/1529 2281/1820/1787 964/1803/1770
f 2280/1804/1771 964/1803/1770 2281/1820/1787
f 971/1822/1789 963/1828/1795 2268/1829/1796
f 2446/1641/1608 2447/1623/1590 2427/1082/1058
f 1211/1525/1492 2913/1530/1497 1134/1531/1498
f 816/882/858 2268/1829/1796 2266/1807/1774
f 965/1802/1769 2274/1814/1781 2276/1578/1545
f 1094/1548/1515 1919/1503/1470 2775/1502/1469
f 622/1738/1705 3245/129/129 3250/206/206
f 1327/1824/1791 2260/1812/1779 2251/1741/1708
f 964/1803/1770 995/1805/1772 2282/1830/1797
f 964/1803/1770 2247/1818/1785 2496/1817/1784
f 3247/156/156 3235/155/155 1656/145/145
f 970/1831/1798 2269/1827/1794 962/1826/1793
f 965/1802/1769 2264/1811/1778 2274/1814/1781
f 2265/1810/1777 2262/1801/1768 2261/1809/1776
f 2620/1102/1078 2619/1038/1014 1998/1012/988
f 1897/171/171 2795/1131/1107 1938/1094/1070
f 970/1831/1798 962/1826/1793 2282/1830/1797
f 2721/123/123 1568/1653/1620 2009/1648/1615
f 968/1815/1782 2264/1811/1778 2265/1810/1777
f 2266/1807/1774 2261/1809/1776 2262/1801/1768
f 970/1831/1798 350/1808/1775 2269/1827/1794
f 3245/129/129 1654/135/135 3253/137/137
f 2278/1589/1556 2276/1578/1545 2274/1814/1781
f 2261/1809/1776 2282/1830/1797 995/1805/1772
f 2269/1827/1794 350/1808/1775 2268/1829/1796
f 623/141/141 1966/130/130 622/1738/1705
f 2269/1827/1794 963/1828/1795 969/1825/1792
f 2269/1827/1794 2268/1829/1796 963/1828/1795
f 3253/137/137 3250/206/206 3245/129/129
f 995/1805/1772 2263/1832/1799 2261/1809/1776
f 2288/1635/1602 971/1822/1789 2268/1829/1796
f 1232/1123/1099 2496/1817/1784 2246/1819/1786
f 350/1808/1775 2266/1807/1774 2268/1829/1796
f 1654/135/135 3251/586/582 3233/192/192
f 1327/1824/1791 2251/1741/1708 2230/1105/1081
f 968/1815/1782 2280/1804/1771 2274/1814/1781
f 2714/1717/1684 2716/563/561 2715/1795/1762
f 2282/1830/1797 2261/1809/1776 970/1831/1798
f 2265/1810/1777 2263/1832/1799 968/1815/1782
f 3257/539/537 2855/564/562 3248/140/140
f 2261/1809/1776 350/1808/1775 970/1831/1798
f 2282/1830/1797 962/1826/1793 964/1803/1770
f 966/1816/1783 2274/1814/1781 2281/1820/1787
f 2594/1124/1100 1231/1460/1427 1232/1123/1099
f 966/1816/1783 2281/1820/1787 958/1598/1565
f 2265/1810/1777 2261/1809/1776 2263/1832/1799
f 2263/1832/1799 995/1805/1772 968/1815/1782
f 2280/1804/1771 968/1815/1782 995/1805/1772
f 1807/1562/1529 2279/1561/1528 2281/1820/1787
f 3179/554/552 1671/553/551 1664/1694/1661
f 2278/1589/1556 966/1816/1783 958/1598/1565
f 3233/192/192 3251/586/582 1656/145/145
f 2268/1829/1796 816/882/858 2288/1635/1602
f 1251/1797/1764 1252/1512/1479 1764/1721/1688
f 2842/517/515 2908/191/191 2843/152/152
f 650/1833/1800 2663/1834/1801 651/1835/1802
f 3059/1836/1683 3778/1837/1803 3084/1838/1804
f 3073/1839/1805 1677/1840/1806 3074/1841/1807
f 3035/1842/1808 1678/1843/1809 3163/1844/1810
f 1676/1845/1811 3175/1846/625 3126/1847/1812
f 2658/1848/1813 658/1849/1814 1871/1850/1815
f 3073/1839/1805 133/1851/1816 3106/1852/1817
f 3239/1853/1818 3162/1854/1819 3164/1855/1820
f 3102/1856/1821 3104/1857/1822 3105/1858/1823
f 3133/1859/1824 1952/1860/1825 1659/1861/1826
f 3186/1862/1827 2101/1863/1828 2103/1864/1829
f 634/1865/1830 633/1866/1831 1659/1861/1826
f 632/1867/1832 3239/1853/1818 3164/1855/1820
f 3123/1868/1833 3116/1869/1834 3168/1870/1835
f 40/1871/1836 1659/1861/1826 1952/1860/1825
f 2647/1872/1837 2643/1873/1838 2642/1874/1839
f 3077/1875/1840 3084/1838/1804 3082/1876/1841
f 3072/1877/1842 3075/1878/1843 1677/1840/1806
f 3072/1877/1842 1677/1840/1806 3073/1839/1805
f 344/1879/1844 865/1880/1845 745/1881/1846
f 3165/1882/1847 632/1867/1832 3163/1844/1810
f 652/1883/1848 3633/1884/1849 688/1885/1850
f 3134/1886/1851 641/1887/1852 645/1888/1853
f 3133/1859/1824 1659/1861/1826 639/1889/1854
f 633/1866/1831 634/1865/1830 2106/1890/1855
f 3083/1891/1856 3052/1892/1658 3059/1836/1683
f 3081/1893/1857 3071/1894/1858 3078/1895/1859
f 650/1833/1800 2669/1896/1860 2664/1897/1861
f 687/1898/1862 2663/1834/1801 3022/1899/1863
f 3094/1900/1864 3103/1901/1865 3106/1852/1817
f 3075/1878/1843 3072/1877/1842 3076/1902/1866
f 688/1885/1850 2299/1903/1867 743/1904/1868
f 3103/1901/1865 3072/1877/1842 3073/1839/1805
f 642/1905/1869 3134/1886/1851 3164/1855/1820
f 3239/1853/1818 632/1867/1832 2095/1906/1870
f 3166/1907/1871 632/1867/1832 3165/1882/1847
f 2671/1908/1872 2650/1909/1873 2648/1910/1874
f 930/1911/1875 920/1912/1876 916/1913/1877
f 746/1914/1878 728/1915/1879 926/1916/1880
f 624/1917/1881 3166/1907/1871 3238/1918/1882
f 2664/1897/1861 2669/1896/1860 2665/1919/1883
f 3077/1875/1840 3082/1876/1841 3076/1902/1866
f 2676/1920/1555 16/1921/1884 2675/1922/1682
f 3084/1838/1804 3077/1875/1840 3083/1891/1856
f 3076/1902/1866 3081/1893/1857 3077/1875/1840
f 3058/1923/919 3052/1892/1658 3083/1891/1856
f 3104/1857/1822 3094/1900/1864 3106/1852/1817
f 3072/1877/1842 3103/1901/1865 3094/1900/1864
f 624/1917/1881 3236/1924/1885 3224/1925/1886
f 1691/1926/1887 1695/1927/1888 3130/1928/1889
f 3236/1924/1885 3226/1929/1890 1954/1930/1891
f 1678/1843/1809 3165/1882/1847 3163/1844/1810
f 3132/1931/1892 3143/1932/1893 3133/1859/1824
f 667/1933/1894 665/1934/1895 681/1935/1896
f 2029/1936/1897 3025/1937/1898 1880/1938/1899
f 3132/1931/1892 3133/1859/1824 639/1889/1854
f 2106/1890/1855 635/1939/1900 633/1866/1831
f 3083/1891/1856 3077/1875/1840 3058/1923/919
f 3100/1940/1901 3094/1900/1864 3104/1857/1822
f 763/1941/866 2337/1942/828 3266/1943/1902
f 3094/1900/1864 3076/1902/1866 3072/1877/1842
f 1954/1930/1891 3224/1925/1886 3236/1924/1885
f 3306/1944/1903 667/1933/1894 2348/1945/1904
f 3137/1946/1905 35/1947/1906 3139/1948/1907
f 3075/1878/1843 3082/1876/1841 3080/1949/1908
f 3166/1907/1871 3165/1882/1847 3238/1918/1882
f 3065/1950/1909 3126/1847/1812 3175/1846/625
f 3078/1895/1859 3079/1951/1910 310/1952/1911
f 3077/1875/1840 1708/1953/1912 3058/1923/919
f 3094/1900/1864 3100/1940/1901 3076/1902/1866
f 3104/1857/1822 3102/1856/1821 3100/1940/1901
f 635/1939/1900 624/1917/1881 3208/1954/1913
f 3224/1925/1886 3208/1954/1913 624/1917/1881
f 651/1835/1802 2663/1834/1801 2336/1955/1914
f 920/1912/1876 871/1956/1915 916/1913/1877
f 659/1957/1916 681/1935/1896 654/1958/1917
f 2662/1959/1918 2668/1960/1919 2672/1961/1920
f 3126/1847/1812 3065/1950/1909 3066/1962/1921
f 3160/1963/1922 639/1889/1854 636/1964/1923
f 3022/1899/1863 2663/1834/1801 3023/1965/1924
f 633/1866/1831 2103/1864/1829 2102/1966/1925
f 3448/1967/1926 2178/1968/1927 3474/1969/1928
f 3447/1970/1929 2178/1968/1927 3448/1967/1926
f 2178/1968/1927 3453/1971/1930 3474/1969/1928
f 3470/1972/1931 3456/1973/1932 3447/1970/1929
f 3043/1974/1933 2810/1975/1934 2809/1976/1935
f 773/1977/1936 786/1978/1937 772/1979/1938
f 2810/1975/1934 2313/1980/1939 2333/1981/1940
f 753/1982/1941 756/1983/1942 757/1984/1943
f 2652/1985/1944 2654/1986/1945 1161/1987/1946
f 2654/1986/1945 2653/1988/1947 1161/1987/1946
f 3081/1893/1857 3086/1989/1948 1708/1953/1912
f 1870/1990/1949 2655/1991/1950 2653/1988/1947
f 2654/1986/1945 2652/1985/1944 657/1992/1951
f 3093/1993/1952 3067/1994/1953 3090/1995/734
f 1871/1850/1815 2652/1985/1944 2876/1996/1954
f 2653/1988/1947 2655/1991/1950 1162/1997/1955
f 2652/1985/1944 2349/1998/1956 657/1992/1951
f 1161/1987/1946 2876/1996/1954 2652/1985/1944
f 1871/1850/1815 2876/1996/1954 2658/1848/1813
f 2681/1999/1957 1160/2000/1958 2647/1872/1837
f 1162/1997/1955 1160/2000/1958 1877/2001/1959
f 1877/2001/1959 2653/1988/1947 1162/1997/1955
f 2642/1874/1839 2641/2002/1960 2647/1872/1837
f 2658/1848/1813 2876/1996/1954 3306/1944/1903
f 2653/1988/1947 1877/2001/1959 1161/1987/1946
f 1877/2001/1959 2040/2003/1961 1161/1987/1946
f 2048/2004/1962 1161/1987/1946 2040/2003/1961
f 2643/1873/1838 1878/2005/1963 2649/2006/1964
f 683/2007/1965 682/2008/1966 711/2009/1967
f 3096/2010/1968 3100/1940/1901 3102/1856/1821
f 2647/1872/1837 2641/2002/1960 2681/1999/1957
f 1877/2001/1959 2699/2011/1969 2040/2003/1961
f 1876/2012/1970 2041/2013/1971 2040/2003/1961
f 665/1934/1895 667/1933/1894 3306/1944/1903
f 1157/2014/1972 2040/2003/1961 2699/2011/1969
f 635/1939/1900 3159/2015/1973 2103/1864/1829
f 3266/1943/1902 2337/1942/828 691/2016/1974
f 2348/1945/1904 667/1933/1894 681/1935/1896
f 3131/2017/1975 3154/2018/1976 3426/2019/1977
f 3110/2020/1978 1705/2021/1979 3108/2022/1980
f 1693/2023/1981 3151/2024/1982 3156/2025/1983
f 3136/2026/1984 3143/1932/1893 3131/2017/1975
f 1698/2027/1985 3473/2028/1986 956/2029/1987
f 961/2030/1988 960/2031/1989 957/2032/1990
f 2676/1920/1555 206/2033/1991 16/1921/1884
f 3238/1918/1882 3236/1924/1885 624/1917/1881
f 3781/2034/1992 3783/2035/1678 3780/2036/1993
f 3778/1837/1803 3080/1949/1908 3084/1838/1804
f 3075/1878/1843 3080/1949/1908 3777/2037/1994
f 665/1934/1895 655/2038/1995 681/1935/1896
f 942/2039/1996 980/2040/1997 2967/2041/1998
f 3160/1963/1922 3127/2042/1999 3132/1931/1892
f 3069/2043/2000 3068/2044/2001 3071/1894/1858
f 310/1952/1911 3086/1989/1948 3081/1893/1857
f 659/1957/1916 2342/2045/2002 681/1935/1896
f 1704/2046/2003 3096/2010/1968 3102/1856/1821
f 3318/2047/2004 1708/1953/1912 3086/1989/1948
f 2816/2048/1663 3224/1925/1886 3222/2049/803
f 3134/1886/1851 3163/1844/1810 3164/1855/1820
f 640/2050/2005 2096/2051/2006 3034/2052/2007
f 686/2053/2008 683/2007/1965 653/2054/2009
f 635/1939/1900 2106/1890/1855 2095/1906/1870
f 1659/1861/1826 41/2055/2010 634/1865/1830
f 873/2056/2011 745/1881/1846 865/1880/1845
f 3068/2044/2001 3078/1895/1859 3071/1894/1858
f 3099/2057/2012 1702/2058/2013 3109/2059/2014
f 2642/1874/1839 2699/2011/1969 2641/2002/1960
f 2649/2006/1964 1878/2005/1963 2646/2060/2015
f 2667/2061/2016 2642/1874/1839 2649/2006/1964
f 3224/1925/1886 2816/2048/1663 3208/1954/1913
f 636/1964/1923 639/1889/1854 633/1866/1831
f 3022/1899/1863 2029/1936/1897 687/1898/1862
f 2103/1864/1829 633/1866/1831 635/1939/1900
f 3035/1842/1808 3163/1844/1810 3134/1886/1851
f 2042/2062/2017 2041/2013/1971 1876/2012/1970
f 3076/1902/1866 3071/1894/1858 3081/1893/1857
f 3160/1963/1922 636/1964/1923 1690/2063/2018
f 1677/1840/1806 3075/1878/1843 3777/2037/1994
f 372/2064/2019 727/2065/2020 3796/2066/2021
f 2103/1864/1829 2101/1863/1828 2102/1966/1925
f 3166/1907/1871 2095/1906/1870 632/1867/1832
f 3774/2067/2022 2880/2068/2023 133/1851/1816
f 3086/1989/1948 3085/2069/2024 3087/2070/2025
f 3161/2071/2026 3162/1854/1819 41/2055/2010
f 3068/2044/2001 3069/2043/2000 3095/2072/2027
f 3781/2034/1992 3778/1837/1803 3776/2073/443
f 2102/1966/1925 636/1964/1923 633/1866/1831
f 3099/2057/2012 1704/2046/2003 42/2074/2028
f 2663/1834/1801 687/1898/1862 2336/1955/1914
f 3109/2059/2014 951/2075/2029 950/2076/2030
f 3109/2059/2014 3108/2022/1980 3099/2057/2012
f 344/1879/1844 745/1881/1846 9/2077/2031
f 3239/1853/1818 41/2055/2010 3162/1854/1819
f 953/2078/2032 3108/2022/1980 950/2076/2030
f 3779/2079/2033 3778/1837/1803 3781/2034/1992
f 3081/1893/1857 1708/1953/1912 3077/1875/1840
f 3025/1937/1898 3024/2080/2034 1880/1938/1899
f 1157/2014/1972 1876/2012/1970 2040/2003/1961
f 3782/2081/2035 368/2082/2036 3772/2083/2037
f 629/2084/1669 3208/1954/1913 2816/2048/1663
f 733/2085/2038 722/2086/2039 743/1904/1868
f 3096/2010/1968 1704/2046/2003 3101/2087/2040
f 3168/1870/1835 3130/1928/1889 3178/2088/891
f 632/1867/1832 3164/1855/1820 3163/1844/1810
f 2673/2089/2041 2/2090/2042 2674/2091/2043
f 2641/2002/1960 2699/2011/1969 2682/2092/2044
f 3117/2093/2045 1695/1927/1888 1691/1926/1887
f 3140/2094/2046 3135/2095/2047 3129/2096/2048
f 642/1905/1869 3164/1855/1820 3162/1854/1819
f 3786/2097/162 3772/2083/2037 3783/2035/1678
f 3109/2059/2014 950/2076/2030 3108/2022/1980
f 3091/2098/2049 310/1952/1911 3079/1951/1910
f 630/2099/337 631/2100/2050 629/2084/1669
f 3085/2069/2024 310/1952/1911 3091/2098/2049
f 3073/1839/1805 3774/2067/2022 133/1851/1816
f 1880/1938/1899 3034/2052/2007 2096/2051/2006
f 3060/2101/893 3318/2047/2004 3087/2070/2025
f 3087/2070/2025 3085/2069/2024 3090/1995/734
f 1707/2102/2051 3068/2044/2001 3095/2072/2027
f 3101/2087/2040 3099/2057/2012 1705/2021/1979
f 3101/2087/2040 1701/2103/2052 3096/2010/1968
f 3123/1868/1833 3263/2104/2053 3116/1869/1834
f 2647/1872/1837 1879/2105/2054 2643/1873/1838
f 132/2106/2055 3799/2107/2056 3770/2108/2057
f 2101/1863/1828 3186/1862/1827 2098/2109/2058
f 2663/1834/1801 2664/1897/1861 3023/1965/1924
f 2670/2110/2059 2648/1910/1874 2673/2089/2041
f 3797/2111/2060 3636/2112/2061 746/1914/1878
f 3186/1862/1827 631/2100/2050 630/2099/337
f 1690/2063/2018 2102/1966/1925 2101/1863/1828
f 3161/2071/2026 3141/2113/2062 35/1947/1906
f 3095/2072/2027 3097/2114/2063 1707/2102/2051
f 1701/2103/2052 3095/2072/2027 3096/2010/1968
f 921/2115/2064 3258/2116/2065 746/1914/1878
f 1701/2103/2052 3101/2087/2040 1705/2021/1979
f 668/2117/830 2342/2045/2002 659/1957/1916
f 3099/2057/2012 42/2074/2028 1702/2058/2013
f 3239/1853/1818 2095/1906/1870 2106/1890/1855
f 3135/2095/2047 3140/2094/2046 3127/2042/1999
f 3135/2095/2047 1690/2063/2018 2098/2109/2058
f 3258/2116/2065 3797/2111/2060 746/1914/1878
f 3774/2067/2022 3074/1841/1807 3771/2118/2066
f 3135/2095/2047 2098/2109/2058 3129/2096/2048
f 3159/2015/1973 631/2100/2050 3186/1862/1827
f 1690/2063/2018 2101/1863/1828 2098/2109/2058
f 3476/2119/2067 3263/2104/2053 3121/2120/2068
f 634/1865/1830 3239/1853/1818 2106/1890/1855
f 3070/2121/2069 1706/2122/2070 3067/1994/1953
f 3069/2043/2000 3100/1940/1901 3096/2010/1968
f 3159/2015/1973 3186/1862/1827 2103/1864/1829
f 686/2053/2008 651/1835/1802 682/2008/1966
f 24/2123/2071 2662/1959/1918 2672/1961/1920
f 368/2082/2036 3777/2037/1994 3779/2079/2033
f 686/2053/2008 682/2008/1966 683/2007/1965
f 2098/2109/2058 3170/2124/907 3158/2125/1704
f 3093/1993/1952 3079/1951/1910 1707/2102/2051
f 2682/2092/2044 2681/1999/1957 2641/2002/1960
f 3024/2080/2034 3023/1965/1924 2664/1897/1861
f 3116/1869/1834 3117/2093/2045 1691/1926/1887
f 3024/2080/2034 2664/1897/1861 2665/1919/1883
f 639/1889/1854 1659/1861/1826 633/1866/1831
f 688/1885/1850 3633/1884/1849 2299/1903/1867
f 2666/2126/2072 16/1921/1884 2665/1919/1883
f 24/2123/2071 2043/2127/2073 2666/2126/2072
f 743/1904/1868 1688/2128/2074 733/2085/2038
f 1707/2102/2051 3097/2114/2063 1706/2122/2070
f 3097/2114/2063 1701/2103/2052 3098/2129/2075
f 1705/2021/1979 3098/2129/2075 1701/2103/2052
f 3086/1989/1948 3087/2070/2025 3318/2047/2004
f 3087/2070/2025 3090/1995/734 3291/2130/313
f 3069/2043/2000 3076/1902/1866 3100/1940/1901
f 3068/2044/2001 3079/1951/1910 3078/1895/1859
f 977/2131/2076 980/2040/1997 979/2132/2077
f 3122/2133/2078 3263/2104/2053 3123/1868/1833
f 631/2100/2050 3159/2015/1973 3208/1954/1913
f 2649/2006/1964 2642/1874/1839 2643/1873/1838
f 686/2053/2008 654/1958/1917 650/1833/1800
f 3774/2067/2022 3771/2118/2066 369/2134/2079
f 1691/1926/1887 3130/1928/1889 3168/1870/1835
f 3771/2118/2066 3773/2135/2080 132/2106/2055
f 3124/2136/2081 3066/1962/1921 1706/2122/2070
f 3098/2129/2075 1706/2122/2070 3097/2114/2063
f 3093/1993/1952 3085/2069/2024 3091/2098/2049
f 3139/1948/1907 35/1947/1906 3141/2113/2062
f 3125/2137/2082 3123/1868/1833 3168/1870/1835
f 3107/2138/2083 3105/1858/1823 3104/1857/1822
f 3074/1841/1807 1677/1840/1806 3777/2037/1994
f 3125/2137/2082 3124/2136/2081 3122/2133/2078
f 2650/1909/1873 2671/1908/1872 2047/2139/2084
f 1555/2140/2085 2631/2141/2086 2604/2142/2087
f 3239/1853/1818 634/1865/1830 41/2055/2010
f 2065/2143/2088 1219/2144/2089 2049/2145/2090
f 1870/1990/1949 2049/2145/2090 1219/2144/2089
f 2606/2146/2091 2602/2147/2092 1562/2148/2093
f 661/2149/2094 2605/2150/2095 666/2151/2096
f 2603/2152/2097 1219/2144/2089 680/2153/2098
f 2349/1998/1956 302/2154/2099 657/1992/1951
f 2667/2061/2016 2649/2006/1964 2646/2060/2015
f 344/1879/1844 930/1911/1875 919/2155/2100
f 661/2149/2094 301/2156/2101 675/2157/950
f 2065/2143/2088 680/2153/2098 1219/2144/2089
f 684/2158/2102 302/2154/2099 2349/1998/1956
f 301/2156/2101 661/2149/2094 666/2151/2096
f 301/2156/2101 656/2159/2103 664/2160/869
f 2604/2142/2087 1870/1990/1949 1218/2161/2104
f 656/2159/2103 680/2153/2098 664/2160/869
f 302/2154/2099 680/2153/2098 2065/2143/2088
f 656/2159/2103 1562/2148/2093 680/2153/2098
f 207/2162/2105 952/2163/2106 979/2132/2077
f 3158/2125/1704 3157/2164/2107 3129/2096/2048
f 657/1992/1951 2065/2143/2088 2654/1986/1945
f 1555/2140/2085 2602/2147/2092 2606/2146/2091
f 680/2153/2098 1562/2148/2093 2603/2152/2097
f 2049/2145/2090 2654/1986/1945 2065/2143/2088
f 675/2157/950 301/2156/2101 664/2160/869
f 1870/1990/1949 2654/1986/1945 2049/2145/2090
f 662/2165/2108 656/2159/2103 666/2151/2096
f 3093/1993/1952 3090/1995/734 3085/2069/2024
f 662/2165/2108 666/2151/2096 2605/2150/2095
f 1218/2161/2104 2602/2147/2092 1555/2140/2085
f 2065/2143/2088 657/1992/1951 302/2154/2099
f 1218/2161/2104 1219/2144/2089 2602/2147/2092
f 1696/2166/2109 1604/2167/2110 3433/2168/2111
f 3023/1965/1924 2029/1936/1897 3022/1899/1863
f 680/2153/2098 684/2158/2102 664/2160/869
f 2656/2169/2112 2655/1991/1950 2604/2142/2087
f 1218/2161/2104 1555/2140/2085 2604/2142/2087
f 1676/1845/1811 3168/1870/1835 3174/2170/623
f 2606/2146/2091 1562/2148/2093 662/2165/2108
f 1707/2102/2051 3079/1951/1910 3068/2044/2001
f 2656/2169/2112 2604/2142/2087 2633/2171/2113
f 3158/2125/1704 3129/2096/2048 2098/2109/2058
f 2039/2172/2114 1154/2173/636 2685/2174/1441
f 2603/2152/2097 1562/2148/2093 2602/2147/2092
f 684/2158/2102 680/2153/2098 302/2154/2099
f 2633/2171/2113 2604/2142/2087 2631/2141/2086
f 3123/1868/1833 3125/2137/2082 3122/2133/2078
f 301/2156/2101 666/2151/2096 656/2159/2103
f 2606/2146/2091 2605/2150/2095 1555/2140/2085
f 662/2165/2108 1562/2148/2093 656/2159/2103
f 1218/2161/2104 1870/1990/1949 1219/2144/2089
f 2605/2150/2095 2606/2146/2091 662/2165/2108
f 2602/2147/2092 1219/2144/2089 2603/2152/2097
f 3070/2121/2069 3067/1994/1953 3093/1993/1952
f 1877/2001/1959 1160/2000/1958 2681/1999/1957
f 1695/1927/1888 3158/2125/1704 1692/2175/913
f 3092/2176/737 3090/1995/734 3067/1994/1953
f 3126/1847/1812 3125/2137/2082 1676/1845/1811
f 2095/1906/1870 3166/1907/1871 635/1939/1900
f 1880/1938/1899 2678/2177/2115 1725/2178/2116
f 1678/1843/1809 3238/1918/1882 3165/1882/1847
f 3318/2047/2004 3058/1923/919 1708/1953/1912
f 2042/2062/2017 2048/2004/1962 2041/2013/1971
f 3070/2121/2069 3093/1993/1952 1707/2102/2051
f 635/1939/1900 3208/1954/1913 3159/2015/1973
f 3772/2083/2037 3780/2036/1993 3783/2035/1678
f 3139/1948/1907 2299/1903/1867 3137/1946/1905
f 3065/1950/1909 3067/1994/1953 3066/1962/1921
f 3160/1963/1922 3132/1931/1892 639/1889/1854
f 1701/2103/2052 3097/2114/2063 3095/2072/2027
f 3065/1950/1909 3092/2176/737 3067/1994/1953
f 873/2056/2011 742/2179/2117 745/1881/1846
f 3776/2073/443 2416/2180/163 3781/2034/1992
f 2681/1999/1957 2682/2092/2044 1877/2001/1959
f 3160/1963/1922 3135/2095/2047 3127/2042/1999
f 1707/2102/2051 1706/2122/2070 3070/2121/2069
f 3060/2101/893 3058/1923/919 3318/2047/2004
f 3092/2176/737 3065/1950/1909 3175/1846/625
f 3158/2125/1704 1695/1927/1888 3157/2164/2107
f 924/2181/2118 930/1911/1875 921/2115/2064
f 368/2082/2036 3074/1841/1807 3777/2037/1994
f 3125/2137/2082 3126/1847/1812 3124/2136/2081
f 730/2182/2119 366/2183/2120 369/2134/2079
f 3125/2137/2082 3168/1870/1835 1676/1845/1811
f 1706/2122/2070 3066/1962/1921 3067/1994/1953
f 2643/1873/1838 1879/2105/2054 1875/2184/658
f 643/2185/2121 3029/2186/2122 648/2187/2123
f 3134/1886/1851 644/2188/2124 2100/2189/2125
f 3093/1993/1952 3091/2098/2049 3079/1951/1910
f 44/2190/1130 3635/2191/1129 2037/2192/2126
f 631/2100/2050 3208/1954/1913 629/2084/1669
f 2048/2004/1962 665/1934/1895 3306/1944/1903
f 800/2193/2127 3038/2194/2128 803/2195/2129
f 640/2050/2005 2044/2196/2130 2096/2051/2006
f 3130/1928/1889 1695/1927/1888 1692/2175/913
f 3607/2197/1547 2949/2198/36 307/2199/2131
f 3085/2069/2024 3086/1989/1948 310/1952/1911
f 2287/2200/2132 2329/2201/1766 813/2202/2133
f 3116/1869/1834 3118/2203/2134 3117/2093/2045
f 691/2016/1974 683/2007/1965 711/2009/1967
f 686/2053/2008 650/1833/1800 651/1835/1802
f 1690/2063/2018 3135/2095/2047 3160/1963/1922
f 2287/2200/2132 191/2204/1767 2329/2201/1766
f 781/2205/2135 777/2206/2136 767/2207/2137
f 3168/1870/1835 3178/2088/891 3174/2170/623
f 2287/2200/2132 813/2202/2133 2293/2208/1689
f 3060/2101/893 3087/2070/2025 3292/2209/312
f 2661/2210/2138 24/2123/2071 2672/1961/1920
f 2674/2091/2043 2670/2110/2059 2673/2089/2041
f 3144/2211/2139 3141/2113/2062 1952/1860/1825
f 654/1958/1917 686/2053/2008 653/2054/2009
f 3108/2022/1980 1705/2021/1979 3099/2057/2012
f 767/2207/2137 12/2212/2140 780/2213/2141
f 40/1871/1836 1952/1860/1825 3141/2113/2062
f 3116/1869/1834 3263/2104/2053 3476/2119/2067
f 3796/2066/2021 3799/2107/2056 3785/2214/2142
f 770/2215/2143 2293/2208/1689 813/2202/2133
f 3071/1894/1858 3076/1902/1866 3069/2043/2000
f 1695/1927/1888 3117/2093/2045 3118/2203/2134
f 2699/2011/1969 2650/1909/1873 2047/2139/2084
f 3224/1925/1886 1954/1930/1891 3226/1929/1890
f 3292/2209/312 3087/2070/2025 3291/2130/313
f 3106/1852/1817 3103/1901/1865 3073/1839/1805
f 3099/2057/2012 3101/2087/2040 1704/2046/2003
f 1659/1861/1826 40/1871/1836 41/2055/2010
f 3168/1870/1835 3116/1869/1834 1691/1926/1887
f 3112/2216/2144 3124/2136/2081 3113/2217/2145
f 745/1881/1846 921/2115/2064 9/2077/2031
f 2044/2196/2130 3633/1884/1849 652/1883/1848
f 3084/1838/1804 3080/1949/1908 3082/1876/1841
f 711/2009/1967 710/2218/2146 691/2016/1974
f 2699/2011/1969 2667/2061/2016 2650/1909/1873
f 2030/2219/2147 2038/2220/2148 3021/2221/2149
f 3113/2217/2145 1706/2122/2070 3098/2129/2075
f 3082/1876/1841 3075/1878/1843 3076/1902/1866
f 3122/2133/2078 3112/2216/2144 3121/2120/2068
f 2048/2004/1962 2040/2003/1961 2041/2013/1971
f 2329/2201/1766 2327/2222/2150 2328/2223/2151
f 640/2050/2005 2215/2224/2152 3137/1946/1905
f 3113/2217/2145 3098/2129/2075 1705/2021/1979
f 3166/1907/1871 624/1917/1881 635/1939/1900
f 3476/2119/2067 3118/2203/2134 3116/1869/1834
f 3106/1852/1817 3107/2138/2083 3104/1857/1822
f 691/2016/1974 710/2218/2146 3266/1943/1902
f 3124/2136/2081 3126/1847/1812 3066/1962/1921
f 3096/2010/1968 3095/2072/2027 3069/2043/2000
f 191/2204/1767 2287/2200/2132 2293/2208/1689
f 1690/2063/2018 636/1964/1923 2102/1966/1925
f 3780/2036/1993 3772/2083/2037 368/2082/2036
f 310/1952/1911 3081/1893/1857 3078/1895/1859
f 2876/1996/1954 2048/2004/1962 3306/1944/1903
f 3124/2136/2081 1706/2122/2070 3113/2217/2145
f 3798/2225/2153 3258/2116/2065 745/1881/1846
f 206/2033/1991 2678/2177/2115 3024/2080/2034
f 3794/2226/2154 3796/2066/2021 3785/2214/2142
f 813/2202/2133 2329/2201/1766 2328/2223/2151
f 3170/2124/907 2098/2109/2058 3186/1862/1827
f 3059/1836/1683 3084/1838/1804 3083/1891/1856
f 813/2202/2133 2328/2223/2151 2325/2227/2155
f 3124/2136/2081 3112/2216/2144 3122/2133/2078
f 3178/2088/891 3130/1928/1889 1692/2175/913
f 3174/2170/623 3175/1846/625 1676/1845/1811
f 3186/1862/1827 630/2099/337 3170/2124/907
f 3779/2079/2033 3781/2034/1992 3780/2036/1993
f 645/1888/1853 641/1887/1852 3032/2228/2156
f 132/2106/2055 3782/2081/2035 3785/2214/2142
f 2325/2227/2155 770/2215/2143 813/2202/2133
f 3263/2104/2053 3122/2133/2078 3121/2120/2068
f 373/2229/2157 3632/2230/2158 125/2231/2159
f 3019/2232/2160 2030/2219/2147 3021/2221/2149
f 371/2233/2161 3795/2234/2162 373/2229/2157
f 3226/1929/1890 3220/2235/804 3224/1925/1886
f 2678/2177/2115 206/2033/1991 2677/2236/2163
f 2030/2219/2147 44/2190/1130 2037/2192/2126
f 792/2237/2164 782/2238/2165 780/2213/2141
f 3019/2232/2160 2677/2236/2163 2030/2219/2147
f 2013/2239/2166 646/2240/2167 648/2187/2123
f 2326/2241/1510 2327/2222/2150 2317/2242/1773
f 2677/2236/2163 3019/2232/2160 2678/2177/2115
f 2038/2220/2148 2037/2192/2126 25/2243/2168
f 1724/2244/2169 1723/2245/2170 1661/2246/2171
f 2251/2247/1708 803/2195/2129 3038/2194/2128
f 2037/2192/2126 2038/2220/2148 2030/2219/2147
f 3152/2248/2172 3155/2249/2173 1604/2167/2110
f 3020/2250/2174 2038/2220/2148 25/2243/2168
f 10/2251/2175 794/2252/2176 803/2195/2129
f 3013/2253/2177 3019/2232/2160 3021/2221/2149
f 3021/2221/2149 2013/2239/2166 3013/2253/2177
f 3134/1886/1851 645/1888/1853 644/2188/2124
f 792/2237/2164 3042/2254/2178 782/2238/2165
f 770/2215/2143 2325/2227/2155 769/2255/2179
f 53/2256/2180 800/2193/2127 803/2195/2129
f 206/2033/1991 2676/1920/1555 2677/2236/2163
f 1700/2257/2181 951/2075/2029 942/2039/1996
f 207/2162/2105 939/2258/2182 938/2259/2183
f 2038/2220/2148 3020/2250/2174 649/2260/2184
f 3021/2221/2149 2038/2220/2148 649/2260/2184
f 2013/2239/2166 3029/2186/2122 1725/2178/2116
f 2327/2222/2150 2330/2261/2185 2328/2223/2151
f 803/2195/2129 3037/2262/862 10/2251/2175
f 2967/2041/1998 980/2040/1997 977/2131/2076
f 2334/2263/2186 2295/2264/2187 710/2218/2146
f 3029/2186/2122 2013/2239/2166 648/2187/2123
f 3034/2052/2007 1725/2178/2116 3029/2186/2122
f 3606/2265/1031 3632/2230/2158 3787/2266/1373
f 3120/2267/2188 3121/2120/2068 3112/2216/2144
f 13/2268/2189 792/2237/2164 785/2269/2190
f 325/2270/2191 777/2206/2136 782/2238/2165
f 2325/2227/2155 764/2271/2192 769/2255/2179
f 782/2238/2165 781/2205/2135 780/2213/2141
f 771/2272/2193 2335/2273/2194 774/2274/2195
f 2317/2242/1773 2327/2222/2150 2329/2201/1766
f 2335/2273/2194 771/2272/2193 2295/2264/2187
f 2657/2275/2196 1559/2276/2197 2632/2277/1330
f 1695/1927/1888 3119/2278/2198 3115/2279/2199
f 772/1979/1938 2295/2264/2187 771/2272/2193
f 2053/2280/2200 2054/2281/1343 1557/2282/1138
f 1559/2276/2197 2657/2275/2196 2633/2171/2113
f 1334/2283/2201 2327/2222/2150 2326/2241/1510
f 787/2284/2202 685/2285/976 763/1941/866
f 2330/2261/2185 764/2271/2192 2328/2223/2151
f 1559/2276/2197 2053/2280/2200 1557/2282/1138
f 2633/2171/2113 2657/2275/2196 2656/2169/2112
f 373/2229/2157 3800/2286/2203 3784/2287/2204
f 1559/2276/2197 1557/2282/1138 2632/2277/1330
f 207/2162/2105 938/2259/2183 952/2163/2106
f 785/2269/2190 780/2213/2141 12/2212/2140
f 2327/2222/2150 2313/1980/1939 2330/2261/2185
f 2631/2141/2086 2053/2280/2200 2633/2171/2113
f 1595/2288/2205 3475/2289/2206 1697/2290/2207
f 1559/2276/2197 2633/2171/2113 2053/2280/2200
f 2656/2169/2112 3631/2291/2208 2655/1991/1950
f 2644/2292/1308 3631/2291/2208 2657/2275/2196
f 2657/2275/2196 2632/2277/1330 2644/2292/1308
f 1879/2105/2054 2640/2293/2209 1875/2184/658
f 1162/1997/1955 2655/1991/1950 1160/2000/1958
f 2639/2294/2210 2640/2293/2209 1879/2105/2054
f 1560/2295/2211 1160/2000/1958 2655/1991/1950
f 2640/2293/2209 1560/2295/2211 3631/2291/2208
f 3631/2291/2208 1560/2295/2211 2655/1991/1950
f 1160/2000/1958 1560/2295/2211 2639/2294/2210
f 764/2271/2192 2330/2261/2185 2313/1980/1939
f 2657/2275/2196 3631/2291/2208 2656/2169/2112
f 2640/2293/2209 2644/2292/1308 1875/2184/658
f 2639/2294/2210 1560/2295/2211 2640/2293/2209
f 787/2284/2202 763/1941/866 754/2296/2212
f 2640/2293/2209 3631/2291/2208 2644/2292/1308
f 3012/2297/2213 647/2298/2214 646/2240/2167
f 3029/2186/2122 643/2185/2121 3032/2228/2156
f 647/2298/2214 643/2185/2121 648/2187/2123
f 3032/2228/2156 2215/2224/2152 3034/2052/2007
f 1154/2173/636 1878/2005/1963 1875/2184/658
f 2215/2224/2152 3032/2228/2156 641/1887/1852
f 3012/2297/2213 36/2299/2215 644/2188/2124
f 772/1979/1938 754/2296/2212 2295/2264/2187
f 645/1888/1853 643/2185/2121 644/2188/2124
f 2328/2223/2151 764/2271/2192 2325/2227/2155
f 3475/2289/2206 3474/1969/1928 3425/2300/2216
f 2967/2041/1998 954/2301/2217 976/2302/2218
f 3035/1842/1808 3134/1886/1851 2100/2189/2125
f 1725/2178/2116 2678/2177/2115 3013/2253/2177
f 643/2185/2121 3012/2297/2213 644/2188/2124
f 3035/1842/1808 2100/2189/2125 2099/2303/2219
f 2099/2303/2219 2100/2189/2125 1719/2304/2220
f 1719/2304/2220 1680/2305/2221 2099/2303/2219
f 1660/2306/2222 1680/2305/2221 1719/2304/2220
f 803/2195/2129 794/2252/2176 53/2256/2180
f 1678/1843/1809 2099/2303/2219 1679/2307/2223
f 1661/2246/2171 1680/2305/2221 1660/2306/2222
f 2677/2236/2163 1156/2308/1485 2030/2219/2147
f 1680/2305/2221 1723/2245/2170 1679/2307/2223
f 1678/1843/1809 1679/2307/2223 3238/1918/1882
f 1679/2307/2223 1723/2245/2170 1663/2309/2224
f 1663/2309/2224 3238/1918/1882 1679/2307/2223
f 737/2310/2225 2990/2311/2226 738/2312/2227
f 1724/2244/2169 1663/2309/2224 1723/2245/2170
f 3236/1924/1885 3238/1918/1882 1663/2309/2224
f 3234/2313/158 1724/2244/2169 3228/2314/151
f 3211/2315/2228 1724/2244/2169 3234/2313/158
f 3226/1929/1890 1663/2309/2224 3211/2315/2228
f 3236/1924/1885 1663/2309/2224 3226/1929/1890
f 3241/2316/1115 3211/2315/2228 3234/2313/158
f 3226/1929/1890 3211/2315/2228 3220/2235/804
f 3241/2316/1115 3220/2235/804 3211/2315/2228
f 213/2317/2229 306/2318/2230 3573/2319/2231
f 3143/1932/1893 3132/1931/1892 3131/2017/1975
f 3142/2320/2232 3147/2321/2233 1689/2322/2234
f 2292/2323/2235 790/2324/2236 791/2325/2237
f 3224/1925/1886 3220/2235/804 3222/2049/803
f 773/1977/1936 776/2326/2238 783/2327/2239
f 44/2190/1130 2030/2219/2147 1156/2308/1485
f 213/2317/2229 3573/2319/2231 371/2233/2161
f 2013/2239/2166 1725/2178/2116 3013/2253/2177
f 776/2326/2238 773/1977/1936 771/2272/2193
f 2975/2328/2240 1699/2329/2241 3121/2120/2068
f 646/2240/2167 2013/2239/2166 3021/2221/2149
f 977/2131/2076 954/2301/2217 2967/2041/1998
f 3154/2018/1976 3131/2017/1975 3132/1931/1892
f 2995/2330/2242 3146/2331/2243 1687/2332/2244
f 960/2031/1989 956/2029/1987 955/2333/2245
f 3464/2334/2246 2973/2335/2247 2963/2336/2248
f 950/2076/2030 951/2075/2029 1700/2257/2181
f 803/2195/2129 2251/2247/1708 2290/2337/1692
f 793/2338/2249 794/2252/2176 10/2251/2175
f 794/2252/2176 793/2338/2249 2291/2339/2250
f 794/2252/2176 767/2207/2137 53/2256/2180
f 3476/2119/2067 3472/2340/2251 3118/2203/2134
f 2291/2339/2250 13/2268/2189 794/2252/2176
f 794/2252/2176 13/2268/2189 12/2212/2140
f 2300/2341/2252 2990/2311/2226 737/2310/2225
f 794/2252/2176 12/2212/2140 767/2207/2137
f 780/2213/2141 781/2205/2135 767/2207/2137
f 3032/2228/2156 643/2185/2121 645/1888/1853
f 1696/2166/2109 3433/2168/2111 3148/2342/2253
f 12/2212/2140 13/2268/2189 785/2269/2190
f 785/2269/2190 792/2237/2164 780/2213/2141
f 782/2238/2165 777/2206/2136 781/2205/2135
f 3037/2262/862 3040/2343/859 801/2344/2254
f 755/2345/2255 754/2296/2212 772/1979/1938
f 762/2346/2256 679/2347/2257 787/2284/2202
f 3111/2348/2258 953/2078/2032 976/2302/2218
f 805/2349/2259 2291/2339/2250 793/2338/2249
f 3211/2315/2228 1663/2309/2224 1724/2244/2169
f 950/2076/2030 1700/2257/2181 953/2078/2032
f 1616/2350/2260 1601/2351/2261 1596/2352/2262
f 955/2333/2245 1951/2353/2263 976/2302/2218
f 981/2354/2264 957/2032/1990 977/2131/2076
f 3475/2289/2206 3466/2355/2265 1697/2290/2207
f 976/2302/2218 942/2039/1996 2967/2041/1998
f 3153/2356/2266 3148/2342/2253 1683/2357/2267
f 2975/2328/2240 3121/2120/2068 3120/2267/2188
f 1017/2358/2268 2974/2359/2269 957/2032/1990
f 1951/2353/2263 3111/2348/2258 976/2302/2218
f 3636/2112/2061 3573/2319/2231 729/2360/2270
f 955/2333/2245 954/2301/2217 960/2031/1989
f 3120/2267/2188 3112/2216/2144 3114/2361/2271
f 1878/2005/1963 2643/1873/1838 1875/2184/658
f 2099/2303/2219 1680/2305/2221 1679/2307/2223
f 3794/2226/2154 3787/2266/1373 3784/2287/2204
f 647/2298/2214 3012/2297/2213 643/2185/2121
f 2100/2189/2125 644/2188/2124 3225/2362/2272
f 3632/2230/2158 3606/2265/1031 3607/2197/1547
f 3636/2112/2061 729/2360/2270 728/1915/1879
f 932/2363/2273 931/2364/2274 986/2365/2275
f 938/2259/2183 932/2363/2273 940/2366/2276
f 932/2363/2273 972/2367/2277 931/2364/2274
f 932/2363/2273 938/2259/2183 939/2258/2182
f 940/2366/2276 932/2363/2273 986/2365/2275
f 932/2363/2273 939/2258/2182 946/2368/2278
f 870/2369/2279 972/2367/2277 932/2363/2273
f 940/2366/2276 952/2163/2106 938/2259/2183
f 946/2368/2278 939/2258/2182 2969/2370/2280
f 2678/2177/2115 3019/2232/2160 3013/2253/2177
f 3573/2319/2231 3636/2112/2061 308/2371/2281
f 3021/2221/2149 649/2260/2184 646/2240/2167
f 3032/2228/2156 3034/2052/2007 3029/2186/2122
f 648/2187/2123 646/2240/2167 647/2298/2214
f 3899/2372/2282 3574/2373/2283 307/2199/2131 3981/2374/2284
f 3574/2373/2283 213/2317/2229 125/2231/2159
f 1680/2305/2221 1661/2246/2171 1723/2245/2170
f 3635/2191/1129 2693/2375/1128 2037/2192/2126
f 3784/2287/2204 3632/2230/2158 373/2229/2157
f 3981/2374/2284 307/2199/2131 2949/2198/36 3962/2376/2285
f 2677/2236/2163 2676/1920/1555 1156/2308/1485
f 3958/2377/35 3962/2376/2285 2949/2198/36
f 3632/2230/2158 3607/2197/1547 125/2231/2159
f 3782/2081/2035 3786/2097/162 3787/2266/1373
f 373/2229/2157 213/2317/2229 371/2233/2161
f 3920/2378/2286 3921/2379/2287 306/2318/2230
f 3782/2081/2035 3787/2266/1373 3794/2226/2154
f 3035/1842/1808 2099/2303/2219 1678/1843/1809
f 3784/2287/2204 3800/2286/2203 3794/2226/2154
f 3574/2373/2283 125/2231/2159 3607/2197/1547
f 1688/2128/2074 3260/2380/2288 733/2085/2038
f 3900/2381/2289 213/2317/2229 3574/2373/2283 3901/2382/2290
f 729/2360/2270 929/2383/2291 728/1915/1879
f 308/2371/2281 371/2233/2161 3573/2319/2231
f 2974/2359/2269 2963/2336/2248 2973/2335/2247
f 3795/2234/2162 3800/2286/2203 373/2229/2157
f 2693/2375/1128 25/2243/2168 2037/2192/2126
f 985/2384/2292 979/2132/2077 952/2163/2106
f 3922/2385/2293 306/2318/2230 3921/2379/2287
f 644/2188/2124 36/2299/2215 3225/2362/2272
f 2975/2328/2240 3111/2348/2258 1951/2353/2263
f 3148/2342/2253 3426/2019/1977 1696/2166/2109
f 3942/2386/2294 3901/2382/2290 3574/2373/2283
f 681/1935/1896 2342/2045/2002 2348/1945/1904
f 3882/2387/2295 929/2383/2291 729/2360/2270 3872/2388/2296
f 3050/2389/2297 3140/2094/2046 3145/2390/2298
f 1698/2027/1985 3471/2391/2299 3473/2028/1986
f 981/2354/2264 977/2131/2076 979/2132/2077
f 3574/2373/2283 3607/2197/1547 307/2199/2131
f 125/2231/2159 213/2317/2229 373/2229/2157
f 729/2360/2270 3573/2319/2231 306/2318/2230
f 1594/2392/2300 1697/2290/2207 3466/2355/2265
f 3919/2393/2301 306/2318/2230 3922/2385/2293
f 3118/2203/2134 3472/2340/2251 3119/2278/2198
f 3118/2203/2134 3119/2278/2198 1695/1927/1888
f 957/2032/1990 960/2031/1989 954/2301/2217
f 3119/2278/2198 3472/2340/2251 3115/2279/2199
f 957/2032/1990 2974/2359/2269 961/2030/1988
f 1699/2329/2241 2975/2328/2240 1951/2353/2263
f 1604/2167/2110 3050/2389/2297 3145/2390/2298
f 1952/1860/1825 1689/2322/2234 3144/2211/2139
f 2975/2328/2240 3114/2361/2271 3110/2020/1978
f 3114/2361/2271 3112/2216/2144 3113/2217/2145
f 1696/2166/2109 3426/2019/1977 3050/2389/2297
f 980/2040/1997 207/2162/2105 979/2132/2077
f 308/2371/2281 3795/2234/2162 371/2233/2161
f 960/2031/1989 961/2030/1988 956/2029/1987
f 3465/2394/2302 3455/2395/2303 2974/2359/2269
f 3127/2042/1999 3050/2389/2297 3154/2018/1976
f 3156/2025/1983 1695/1927/1888 3423/2396/2304
f 1017/2358/2268 957/2032/1990 981/2354/2264
f 1699/2329/2241 956/2029/1987 3121/2120/2068
f 1594/2392/2300 3465/2394/2302 1697/2290/2207
f 3146/2331/2243 2301/2397/2305 58/2398/2306
f 3156/2025/1983 3151/2024/1982 3129/2096/2048
f 961/2030/1988 1698/2027/1985 956/2029/1987
f 3142/2320/2232 3136/2026/1984 3147/2321/2233
f 3113/2217/2145 1705/2021/1979 3110/2020/1978
f 3131/2017/1975 3426/2019/1977 1681/2399/2307
f 1017/2358/2268 2963/2336/2248 2974/2359/2269
f 3471/2391/2299 3476/2119/2067 3473/2028/1986
f 3470/1972/1931 1595/2288/2205 3469/2400/2308
f 3110/2020/1978 953/2078/2032 3111/2348/2258
f 1879/2105/2054 2647/1872/1837 2639/2294/2210
f 2646/2060/2015 2/2090/2042 2650/1909/1873
f 2047/2139/2084 1157/2014/1972 2699/2011/1969
f 2048/2004/1962 2042/2062/2017 665/1934/1895
f 2648/1910/1874 2650/1909/1873 2/2090/2042
f 2639/2294/2210 2647/1872/1837 1160/2000/1958
f 2667/2061/2016 2699/2011/1969 2642/1874/1839
f 2215/2224/2152 640/2050/2005 3034/2052/2007
f 2651/2401/2309 1157/2014/1972 2047/2139/2084
f 1157/2014/1972 2651/2401/2309 2661/2210/2138
f 2042/2062/2017 655/2038/1995 665/1934/1895
f 1876/2012/1970 2661/2210/2138 2042/2062/2017
f 2648/1910/1874 2/2090/2042 2673/2089/2041
f 2646/2060/2015 2674/2091/2043 2/2090/2042
f 655/2038/1995 2042/2062/2017 2661/2210/2138
f 2674/2091/2043 2646/2060/2015 2039/2172/2114
f 24/2123/2071 2661/2210/2138 2651/2401/2309
f 2671/1908/1872 24/2123/2071 2047/2139/2084
f 659/1957/1916 653/2054/2009 683/2007/1965
f 2668/1960/1919 655/2038/1995 2661/2210/2138
f 2672/1961/1920 2668/1960/1919 2661/2210/2138
f 654/1958/1917 653/2054/2009 659/1957/1916
f 2876/1996/1954 1161/1987/1946 2048/2004/1962
f 2675/1922/1682 2670/2110/2059 2674/2091/2043
f 2650/1909/1873 2667/2061/2016 2646/2060/2015
f 3464/2334/2246 1596/2352/2262 2973/2335/2247
f 2043/2127/2073 24/2123/2071 2671/1908/1872
f 2680/2402/1174 2675/1922/1682 2674/2091/2043
f 864/2403/2310 338/2404/2311 871/1956/1915
f 2670/2110/2059 2675/1922/1682 2043/2127/2073
f 1689/2322/2234 3147/2321/2233 58/2398/2306
f 2973/2335/2247 3465/2394/2302 2974/2359/2269
f 2668/1960/1919 2662/1959/1918 654/1958/1917
f 923/2405/2312 920/1912/1876 930/1911/1875
f 58/2398/2306 3260/2380/2288 1689/2322/2234
f 3136/2026/1984 3131/2017/1975 1681/2399/2307
f 16/1921/1884 2666/2126/2072 2043/2127/2073
f 919/2155/2100 338/2404/2311 3006/2406/2313
f 651/1835/1802 717/2407/2314 682/2008/1966
f 3108/2022/1980 953/2078/2032 3110/2020/1978
f 976/2302/2218 953/2078/2032 1700/2257/2181
f 3473/2028/1986 3121/2120/2068 956/2029/1987
f 2669/1896/1860 2662/1959/1918 2666/2126/2072
f 921/2115/2064 930/1911/1875 9/2077/2031
f 924/2181/2118 921/2115/2064 926/1916/1880
f 1878/2005/1963 1154/2173/636 2039/2172/2114
f 2669/1896/1860 650/1833/1800 2662/1959/1918
f 651/1835/1802 2336/1955/1914 717/2407/2314
f 942/2039/1996 976/2302/2218 1700/2257/2181
f 874/2408/2315 872/2409/2316 3006/2406/2313
f 872/2409/2316 919/2155/2100 3006/2406/2313
f 930/1911/1875 916/1913/1877 919/2155/2100
f 916/1913/1877 871/1956/1915 919/2155/2100
f 3636/2112/2061 728/1915/1879 746/1914/1878
f 2669/1896/1860 2666/2126/2072 2665/1919/1883
f 16/1921/1884 206/2033/1991 2665/1919/1883
f 1698/2027/1985 961/2030/1988 3455/2395/2303
f 3074/1841/1807 3774/2067/2022 3073/1839/1805
f 746/1914/1878 926/1916/1880 921/2115/2064
f 930/1911/1875 344/1879/1844 9/2077/2031
f 865/1880/1845 344/1879/1844 919/2155/2100
f 871/1956/1915 338/2404/2311 919/2155/2100
f 2664/1897/1861 2663/1834/1801 650/1833/1800
f 3258/2116/2065 921/2115/2064 745/1881/1846
f 2043/2127/2073 2648/1910/1874 2670/2110/2059
f 873/2056/2011 865/1880/1845 872/2409/2316
f 710/2218/2146 711/2009/1967 2334/2263/2186
f 372/2064/2019 3797/2111/2060 3258/2116/2065
f 2662/1959/1918 650/1833/1800 654/1958/1917
f 3636/2112/2061 3797/2111/2060 308/2371/2281
f 2678/2177/2115 1880/1938/1899 3024/2080/2034
f 372/2064/2019 3258/2116/2065 3798/2225/2153
f 3795/2234/2162 308/2371/2281 3797/2111/2060
f 3796/2066/2021 3797/2111/2060 372/2064/2019
f 2029/1936/1897 3023/1965/1924 3025/1937/1898
f 3787/2266/1373 3632/2230/2158 3784/2287/2204
f 3775/2410/1674 3778/1837/1803 3059/1836/1683
f 3778/1837/1803 3779/2079/2033 3080/1949/1908
f 3080/1949/1908 3779/2079/2033 3777/2037/1994
f 742/2179/2117 3798/2225/2153 745/1881/1846
f 3797/2111/2060 3796/2066/2021 3795/2234/2162
f 206/2033/1991 3024/2080/2034 2665/1919/1883
f 372/2064/2019 3798/2225/2153 727/2065/2020
f 3141/2113/2062 41/2055/2010 40/1871/1836
f 2696/2411/2317 2032/2412/1645 2697/2413/1656
f 727/2065/2020 3798/2225/2153 742/2179/2117
f 642/1905/1869 3162/1854/1819 3161/2071/2026
f 722/2086/2039 688/1885/1850 743/1904/1868
f 3778/1837/1803 3775/2410/1674 3776/2073/443
f 733/2085/2038 737/2310/2225 738/2312/2227
f 865/1880/1845 919/2155/2100 872/2409/2316
f 655/2038/1995 654/1958/1917 681/1935/1896
f 3141/2113/2062 3161/2071/2026 41/2055/2010
f 1878/2005/1963 2039/2172/2114 2646/2060/2015
f 3795/2234/2162 3796/2066/2021 3800/2286/2203
f 1699/2329/2241 955/2333/2245 956/2029/1987
f 3465/2394/2302 2973/2335/2247 1596/2352/2262
f 1688/2128/2074 3141/2113/2062 3144/2211/2139
f 1594/2392/2300 3455/2395/2303 3465/2394/2302
f 2974/2359/2269 3455/2395/2303 961/2030/1988
f 957/2032/1990 954/2301/2217 977/2131/2076
f 2671/1908/1872 2648/1910/1874 2043/2127/2073
f 641/1887/1852 3134/1886/1851 642/1905/1869
f 3771/2118/2066 3074/1841/1807 3773/2135/2080
f 368/2082/2036 3773/2135/2080 3074/1841/1807
f 1725/2178/2116 3034/2052/2007 1880/1938/1899
f 3141/2113/2062 1688/2128/2074 3139/1948/1907
f 2348/1945/1904 658/1849/1814 3306/1944/1903
f 641/1887/1852 642/1905/1869 2215/2224/2152
f 2215/2224/2152 642/1905/1869 3161/2071/2026
f 2880/2068/2023 3774/2067/2022 369/2134/2079
f 3009/2414/2318 2696/2411/2317 2697/2413/1656
f 930/1911/1875 924/2181/2118 923/2405/2312
f 368/2082/2036 3779/2079/2033 3780/2036/1993
f 742/2179/2117 732/2415/2319 730/2182/2119
f 2695/2416/2320 3020/2250/2174 25/2243/2168
f 1666/2417/2321 3225/2362/2272 3614/2418/2322
f 2730/2419/1759 2032/2412/1645 2696/2411/2317
f 2349/1998/1956 2652/1985/1944 658/1849/1814
f 2652/1985/1944 1871/1850/1815 658/1849/1814
f 2349/1998/1956 658/1849/1814 2348/1945/1904
f 1950/2420/2323 1983/2421/2324 3030/2422/2325
f 2695/2416/2320 2730/2419/1759 3018/2423/2326
f 2215/2224/2152 3161/2071/2026 35/1947/1906
f 2728/2424/1706 2697/2413/1656 2035/2425/1534
f 3782/2081/2035 3773/2135/2080 368/2082/2036
f 2880/2068/2023 369/2134/2079 366/2183/2120
f 2730/2419/1759 2696/2411/2317 3018/2423/2326
f 3018/2423/2326 3020/2250/2174 2695/2416/2320
f 3230/2426/2327 3617/2427/1697 3261/2428/514
f 2695/2416/2320 2693/2375/1128 2730/2419/1759
f 3010/2429/2328 3011/2430/2329 3009/2414/2318
f 2696/2411/2317 3009/2414/2318 3011/2430/2329
f 1950/2420/2323 3036/2431/2330 3614/2418/2322
f 24/2123/2071 2651/2401/2309 2047/2139/2084
f 3015/2432/2331 646/2240/2167 649/2260/2184
f 3015/2432/2331 649/2260/2184 3016/2433/2332
f 1666/2417/2321 1719/2304/2220 3225/2362/2272
f 2699/2011/1969 1877/2001/1959 2682/2092/2044
f 3015/2432/2331 3012/2297/2213 646/2240/2167
f 3016/2433/2332 3014/2434/2333 3015/2432/2331
f 2728/2424/1706 3027/2435/1698 3010/2429/2328
f 3010/2429/2328 3027/2435/1698 3011/2430/2329
f 3017/2436/2334 3016/2433/2332 3018/2423/2326
f 3010/2429/2328 2697/2413/1656 2728/2424/1706
f 35/1947/1906 3137/1946/1905 2215/2224/2152
f 1660/2306/2222 1666/2417/2321 3230/2426/2327
f 3011/2430/2329 3027/2435/1698 3017/2436/2334
f 3782/2081/2035 132/2106/2055 3773/2135/2080
f 3027/2435/1698 3026/2437/1665 1727/2438/2335
f 3770/2108/2057 3771/2118/2066 132/2106/2055
f 3030/2422/2325 1727/2438/2335 1726/2439/1667
f 36/2299/2215 3014/2434/2333 1722/2440/2336
f 1950/2420/2323 3030/2422/2325 1726/2439/1667
f 3614/2418/2322 3225/2362/2272 1722/2440/2336
f 1876/2012/1970 1157/2014/1972 2661/2210/2138
f 369/2134/2079 3771/2118/2066 3770/2108/2057
f 2685/2174/1441 2680/2402/1174 2039/2172/2114
f 1722/2440/2336 3225/2362/2272 36/2299/2215
f 1719/2304/2220 2100/2189/2125 3225/2362/2272
f 3781/2034/1992 2416/2180/163 3783/2035/1678
f 2658/1848/1813 3306/1944/1903 658/1849/1814
f 1688/2128/2074 743/1904/1868 3139/1948/1907
f 1728/2441/1660 3036/2431/2330 1718/2442/1664
f 1719/2304/2220 1666/2417/2321 1660/2306/2222
f 2680/2402/1174 2674/2091/2043 2039/2172/2114
f 3471/2391/2299 1698/2027/1985 3455/2395/2303
f 1594/2392/2300 3471/2391/2299 3455/2395/2303
f 3148/2342/2253 3153/2356/2266 3426/2019/1977
f 1595/2288/2205 3474/1969/1928 3475/2289/2206
f 3465/2394/2302 3468/2443/2337 1697/2290/2207
f 3136/2026/1984 3142/2320/2232 3143/1932/1893
f 1666/2417/2321 3614/2418/2322 3036/2431/2330
f 687/1898/1862 2029/1936/1897 652/1883/1848
f 3016/2433/2332 649/2260/2184 3020/2250/2174
f 3772/2083/2037 3786/2097/162 3782/2081/2035
f 3469/2400/2308 3468/2443/2337 1596/2352/2262
f 3036/2431/2330 3230/2426/2327 1666/2417/2321
f 3471/2391/2299 1594/2392/2300 3466/2355/2265
f 3469/2400/2308 1596/2352/2262 1601/2351/2261
f 1697/2290/2207 3468/2443/2337 1595/2288/2205
f 3466/2355/2265 3472/2340/2251 3471/2391/2299
f 1616/2350/2260 3458/2444/2338 1601/2351/2261
f 3115/2279/2199 3472/2340/2251 3475/2289/2206
f 3469/2400/2308 1595/2288/2205 3468/2443/2337
f 3129/2096/2048 3151/2024/1982 3145/2390/2298
f 3469/2400/2308 1601/2351/2261 3456/1973/1932
f 16/1921/1884 2043/2127/2073 2675/1922/1682
f 3017/2436/2334 3027/2435/1698 1727/2438/2335
f 1660/2306/2222 3230/2426/2327 1661/2246/2171
f 1983/2421/2324 3014/2434/2333 3016/2433/2332
f 369/2134/2079 3770/2108/2057 730/2182/2119
f 3230/2426/2327 3229/2445/504 1661/2246/2171
f 25/2243/2168 2693/2375/1128 2695/2416/2320
f 3475/2289/2206 3472/2340/2251 3466/2355/2265
f 3430/2446/2339 3146/2331/2243 2995/2330/2242
f 3475/2289/2206 3425/2300/2216 3115/2279/2199
f 3115/2279/2199 3425/2300/2216 3423/2396/2304
f 3433/2168/2111 1604/2167/2110 3155/2249/2173
f 691/2016/1974 2337/1942/828 668/2117/830
f 3799/2107/2056 730/2182/2119 3770/2108/2057
f 1695/1927/1888 3115/2279/2199 3423/2396/2304
f 743/1904/1868 2299/1903/1867 3139/1948/1907
f 3426/2019/1977 3154/2018/1976 3050/2389/2297
f 3474/1969/1928 1595/2288/2205 3448/1967/1926
f 752/2447/2340 2300/2341/2252 3430/2446/2339
f 3423/2396/2304 3425/2300/2216 3150/2448/2341
f 3448/1967/1926 3470/1972/1931 3447/1970/1929
f 3050/2389/2297 3127/2042/1999 3140/2094/2046
f 1693/2023/1981 3423/2396/2304 3150/2448/2341
f 3228/2314/151 1724/2244/2169 3229/2445/504
f 3425/2300/2216 3474/1969/1928 3453/1971/1930
f 3453/1971/1930 3150/2448/2341 3425/2300/2216
f 3114/2361/2271 3113/2217/2145 3110/2020/1978
f 3023/1965/1924 3024/2080/2034 3025/1937/1898
f 3456/1973/1932 1599/2449/2342 3447/1970/1929
f 640/2050/2005 3137/1946/1905 2044/2196/2130
f 3456/1973/1932 3470/1972/1931 3469/2400/2308
f 2696/2411/2317 3011/2430/2329 3017/2436/2334
f 2666/2126/2072 2662/1959/1918 24/2123/2071
f 3448/1967/1926 1595/2288/2205 3470/1972/1931
f 3120/2267/2188 3114/2361/2271 2975/2328/2240
f 771/2272/2193 774/2274/2195 776/2326/2238
f 955/2333/2245 976/2302/2218 954/2301/2217
f 3014/2434/2333 3012/2297/2213 3015/2432/2331
f 948/2450/2343 1702/2058/2013 42/2074/2028
f 906/2451/2344 937/2452/2345 945/2453/2346
f 918/2454/2347 741/2455/2348 740/2456/2349
f 915/2457/2350 927/2458/2351 928/2459/2352
f 948/2450/2343 947/2460/2353 945/2453/2346
f 948/2450/2343 945/2453/2346 1702/2058/2013
f 3105/1858/1823 947/2460/2353 723/2461/2354
f 906/2451/2344 945/2453/2346 927/2458/2351
f 944/2462/2355 1702/2058/2013 945/2453/2346
f 872/2409/2316 918/2454/2347 873/2056/2011
f 744/2463/2356 747/2464/2357 724/2465/2358
f 943/2466/2359 3109/2059/2014 1702/2058/2013
f 942/2039/1996 951/2075/2029 2969/2370/2280
f 723/2461/2354 42/2074/2028 1704/2046/2003
f 948/2450/2343 42/2074/2028 723/2461/2354
f 928/2459/2352 748/2467/2360 812/2468/2361
f 2886/2469/2362 340/2470/2363 867/2471/2364
f 949/2472/2365 3109/2059/2014 943/2466/2359
f 937/2452/2345 944/2462/2355 945/2453/2346
f 3109/2059/2014 949/2472/2365 951/2075/2029
f 947/2460/2353 928/2459/2352 927/2458/2351
f 735/2473/2366 947/2460/2353 3105/1858/1823
f 905/2474/2367 941/2475/2368 937/2452/2345
f 915/2457/2350 2884/2476/2369 927/2458/2351
f 726/2477/2370 2880/2068/2023 366/2183/2120
f 906/2451/2344 927/2458/2351 2884/2476/2369
f 824/2478/2371 2884/2476/2369 329/2479/2372
f 3102/1856/1821 723/2461/2354 1704/2046/2003
f 944/2462/2355 946/2368/2278 949/2472/2365
f 946/2368/2278 944/2462/2355 937/2452/2345
f 3105/1858/1823 3107/2138/2083 735/2473/2366
f 3102/1856/1821 3105/1858/1823 723/2461/2354
f 949/2472/2365 946/2368/2278 2969/2370/2280
f 941/2475/2368 946/2368/2278 937/2452/2345
f 905/2474/2367 937/2452/2345 909/2480/2373
f 937/2452/2345 906/2451/2344 909/2480/2373
f 2886/2469/2362 908/2481/2374 340/2470/2363
f 918/2454/2347 742/2179/2117 873/2056/2011
f 735/2473/2366 928/2459/2352 947/2460/2353
f 3106/1852/1817 724/2465/2358 3107/2138/2083
f 942/2039/1996 939/2258/2182 207/2162/2105
f 867/2471/2364 741/2455/2348 2886/2469/2362
f 735/2473/2366 724/2465/2358 928/2459/2352
f 907/2482/2375 909/2480/2373 906/2451/2344
f 3107/2138/2083 724/2465/2358 735/2473/2366
f 305/2483/2376 724/2465/2358 725/2484/2377
f 725/2484/2377 724/2465/2358 3106/1852/1817
f 2880/2068/2023 725/2484/2377 133/1851/1816
f 748/2467/2360 747/2464/2357 741/2455/2348
f 2884/2476/2369 915/2457/2350 812/2468/2361
f 748/2467/2360 928/2459/2352 747/2464/2357
f 747/2464/2357 928/2459/2352 724/2465/2358
f 946/2368/2278 941/2475/2368 932/2363/2273
f 741/2455/2348 734/2485/2378 740/2456/2349
f 724/2465/2358 305/2483/2376 744/2463/2356
f 943/2466/2359 944/2462/2355 949/2472/2365
f 812/2468/2361 329/2479/2372 2884/2476/2369
f 947/2460/2353 927/2458/2351 945/2453/2346
f 909/2480/2373 941/2475/2368 905/2474/2367
f 305/2483/2376 725/2484/2377 726/2477/2370
f 928/2459/2352 812/2468/2361 915/2457/2350
f 2969/2370/2280 951/2075/2029 949/2472/2365
f 2884/2476/2369 907/2482/2375 906/2451/2344
f 941/2475/2368 909/2480/2373 2994/2486/2379
f 907/2482/2375 2994/2486/2379 909/2480/2373
f 2994/2486/2379 932/2363/2273 941/2475/2368
f 2884/2476/2369 824/2478/2371 907/2482/2375
f 812/2468/2361 748/2467/2360 867/2471/2364
f 133/1851/1816 725/2484/2377 3106/1852/1817
f 907/2482/2375 824/2478/2371 2994/2486/2379
f 932/2363/2273 2994/2486/2379 870/2369/2279
f 867/2471/2364 340/2470/2363 812/2468/2361
f 942/2039/1996 2969/2370/2280 939/2258/2182
f 824/2478/2371 329/2479/2372 881/2487/2380
f 812/2468/2361 340/2470/2363 329/2479/2372
f 1/2488/2381 740/2456/2349 734/2485/2378
f 741/2455/2348 867/2471/2364 748/2467/2360
f 734/2485/2378 744/2463/2356 2881/2489/2382
f 2881/2489/2382 744/2463/2356 305/2483/2376
f 744/2463/2356 734/2485/2378 747/2464/2357
f 1702/2058/2013 944/2462/2355 943/2466/2359
f 881/2487/2380 870/2369/2279 2994/2486/2379
f 881/2487/2380 2994/2486/2379 824/2478/2371
f 741/2455/2348 747/2464/2357 734/2485/2378
f 3004/2490/2383 908/2481/2374 874/2408/2315
f 2881/2489/2382 305/2483/2376 726/2477/2370
f 339/2491/2384 340/2470/2363 908/2481/2374
f 726/2477/2370 725/2484/2377 2880/2068/2023
f 741/2455/2348 918/2454/2347 2886/2469/2362
f 366/2183/2120 2881/2489/2382 726/2477/2370
f 1/2488/2381 734/2485/2378 2881/2489/2382
f 2881/2489/2382 366/2183/2120 1/2488/2381
f 339/2491/2384 908/2481/2374 3004/2490/2383
f 872/2409/2316 2886/2469/2362 918/2454/2347
f 740/2456/2349 1/2488/2381 736/2492/2385
f 742/2179/2117 918/2454/2347 740/2456/2349
f 732/2415/2319 1/2488/2381 366/2183/2120
f 874/2408/2315 908/2481/2374 2886/2469/2362
f 742/2179/2117 740/2456/2349 736/2492/2385
f 1/2488/2381 732/2415/2319 736/2492/2385
f 874/2408/2315 2886/2469/2362 872/2409/2316
f 732/2415/2319 742/2179/2117 736/2492/2385
f 947/2460/2353 948/2450/2343 723/2461/2354
f 1685/2493/2386 2424/2494/2387 212/2495/2388
f 765/2496/2389 703/2497/2390 749/2498/2391
f 796/2499/2392 767/2207/2137 777/2206/2136
f 804/2500/2393 706/2501/2394 823/2502/2395
f 797/2503/2396 53/2256/2180 778/2504/2397
f 777/2206/2136 778/2504/2397 796/2499/2392
f 325/2270/2191 779/2505/2398 799/2506/2399
f 796/2499/2392 778/2504/2397 53/2256/2180
f 2255/2507/2400 807/2508/2401 820/2509/2402
f 775/2510/2403 3044/2511/2404 714/2512/2405
f 715/2513/2406 706/2501/2394 714/2512/2405
f 974/2514/2407 800/2193/2127 807/2508/2401
f 778/2504/2397 325/2270/2191 799/2506/2399
f 807/2508/2401 2255/2507/2400 974/2514/2407
f 702/2515/2408 765/2496/2389 795/2516/2409
f 783/2327/2239 776/2326/2238 3267/2517/2410
f 807/2508/2401 797/2503/2396 820/2509/2402
f 807/2508/2401 53/2256/2180 797/2503/2396
f 3267/2517/2410 57/2518/2411 779/2505/2398
f 752/2447/2340 3430/2446/2339 212/2495/2388
f 799/2506/2399 797/2503/2396 778/2504/2397
f 767/2207/2137 796/2499/2392 53/2256/2180
f 1683/2357/2267 3148/2342/2253 3427/2519/2412
f 706/2501/2394 766/2520/2413 714/2512/2405
f 714/2512/2405 3044/2511/2404 715/2513/2406
f 2882/2521/2414 326/2522/2415 809/2523/2416
f 810/2524/2417 799/2506/2399 779/2505/2398
f 775/2510/2403 714/2512/2405 2879/2525/2418
f 211/2526/2419 739/2527/2420 212/2495/2388
f 3267/2517/2410 2879/2525/2418 766/2520/2413
f 766/2520/2413 804/2500/2393 3267/2517/2410
f 326/2522/2415 819/2528/2421 809/2523/2416
f 776/2326/2238 2879/2525/2418 3267/2517/2410
f 821/2529/2422 804/2500/2393 823/2502/2395
f 2879/2525/2418 714/2512/2405 766/2520/2413
f 3148/2342/2253 3433/2168/2111 3422/2530/2423
f 817/2531/2424 815/2532/2425 809/2523/2416
f 799/2506/2399 810/2524/2417 820/2509/2402
f 57/2518/2411 821/2529/2422 975/2533/2426
f 807/2508/2401 800/2193/2127 53/2256/2180
f 2249/2534/1723 2251/2247/1708 3038/2194/2128
f 765/2496/2389 704/2535/2427 795/2516/2409
f 3267/2517/2410 779/2505/2398 784/2536/2428
f 774/2274/2195 2879/2525/2418 776/2326/2238
f 739/2527/2420 351/2537/2429 701/2538/2430
f 1710/2539/2431 795/2516/2409 705/2540/2432
f 784/2536/2428 325/2270/2191 783/2327/2239
f 821/2529/2422 57/2518/2411 804/2500/2393
f 774/2274/2195 775/2510/2403 2879/2525/2418
f 3267/2517/2410 804/2500/2393 57/2518/2411
f 695/2541/2433 731/2542/2434 702/2515/2408
f 820/2509/2402 810/2524/2417 57/2518/2411
f 211/2526/2419 212/2495/2388 2424/2494/2387
f 774/2274/2195 798/2543/2435 775/2510/2403
f 351/2537/2429 703/2497/2390 701/2538/2430
f 811/2544/2436 749/2498/2391 815/2532/2425
f 795/2516/2409 695/2541/2433 702/2515/2408
f 57/2518/2411 975/2533/2426 820/2509/2402
f 795/2516/2409 3044/2511/2404 705/2540/2432
f 750/2545/2437 351/2537/2429 739/2527/2420
f 1710/2539/2431 695/2541/2433 795/2516/2409
f 766/2520/2413 706/2501/2394 804/2500/2393
f 325/2270/2191 778/2504/2397 777/2206/2136
f 775/2510/2403 798/2543/2435 705/2540/2432
f 815/2532/2425 715/2513/2406 811/2544/2436
f 784/2536/2428 783/2327/2239 3267/2517/2410
f 458/2546/2438 3422/2530/2423 3428/2547/2439
f 2285/2548/2440 2255/2507/2400 820/2509/2402
f 3044/2511/2404 775/2510/2403 705/2540/2432
f 779/2505/2398 57/2518/2411 810/2524/2417
f 749/2498/2391 811/2544/2436 765/2496/2389
f 811/2544/2436 704/2535/2427 765/2496/2389
f 2285/2548/2440 820/2509/2402 975/2533/2426
f 820/2509/2402 797/2503/2396 799/2506/2399
f 811/2544/2436 715/2513/2406 704/2535/2427
f 3428/2547/2439 3422/2530/2423 3433/2168/2111
f 779/2505/2398 325/2270/2191 784/2536/2428
f 815/2532/2425 817/2531/2424 715/2513/2406
f 706/2501/2394 817/2531/2424 818/2549/2441
f 351/2537/2429 700/2550/2442 703/2497/2390
f 704/2535/2427 3044/2511/2404 795/2516/2409
f 706/2501/2394 715/2513/2406 817/2531/2424
f 819/2528/2421 818/2549/2441 817/2531/2424
f 704/2535/2427 715/2513/2406 3044/2511/2404
f 809/2523/2416 815/2532/2425 749/2498/2391
f 809/2523/2416 819/2528/2421 817/2531/2424
f 765/2496/2389 702/2515/2408 703/2497/2390
f 702/2515/2408 731/2542/2434 703/2497/2390
f 703/2497/2390 731/2542/2434 701/2538/2430
f 749/2498/2391 700/2550/2442 809/2523/2416
f 700/2550/2442 749/2498/2391 703/2497/2390
f 751/2551/2443 701/2538/2430 731/2542/2434
f 700/2550/2442 2883/2552/2444 809/2523/2416
f 2883/2552/2444 2882/2521/2414 809/2523/2416
f 6/2553/2445 701/2538/2430 751/2551/2443
f 700/2550/2442 351/2537/2429 2883/2552/2444
f 2882/2521/2414 2883/2552/2444 750/2545/2437
f 750/2545/2437 2883/2552/2444 351/2537/2429
f 701/2538/2430 6/2553/2445 752/2447/2340
f 750/2545/2437 739/2527/2420 2298/2554/2446
f 752/2447/2340 739/2527/2420 701/2538/2430
f 739/2527/2420 211/2526/2419 2298/2554/2446
f 212/2495/2388 739/2527/2420 752/2447/2340
f 1685/2493/2386 212/2495/2388 3430/2446/2339
f 3430/2446/2339 2995/2330/2242 1685/2493/2386
f 2424/2494/2387 1685/2493/2386 1605/2555/2447
f 3422/2530/2423 3427/2519/2412 3148/2342/2253
f 3041/2556/2448 789/2557/2449 3042/2254/2178
f 1693/2023/1981 3156/2025/1983 3423/2396/2304
f 3150/2448/2341 3155/2249/2173 1693/2023/1981
f 3266/1943/1902 710/2218/2146 2295/2264/2187
f 2895/2558/2450 3043/1974/1933 2809/1976/1935
f 3614/2418/2322 1722/2440/2336 1950/2420/2323
f 1693/2023/1981 3152/2248/2172 3151/2024/1982
f 805/2349/2259 790/2324/2236 2291/2339/2250
f 207/2162/2105 980/2040/1997 942/2039/1996
f 3016/2433/2332 3017/2436/2334 3030/2422/2325
f 3149/2559/2451 3147/2321/2233 3136/2026/1984
f 3017/2436/2334 1727/2438/2335 3030/2422/2325
f 1693/2023/1981 3155/2249/2173 3152/2248/2172
f 3129/2096/2048 3157/2164/2107 3156/2025/1983
f 3230/2426/2327 3036/2431/2330 3617/2427/1697
f 1695/1927/1888 3156/2025/1983 3157/2164/2107
f 3155/2249/2173 3150/2448/2341 3428/2547/2439
f 2697/2413/1656 3010/2429/2328 3009/2414/2318
f 3428/2547/2439 3433/2168/2111 3155/2249/2173
f 3145/2390/2298 3151/2024/1982 3152/2248/2172
f 2654/1986/1945 1870/1990/1949 2653/1988/1947
f 2604/2142/2087 2655/1991/1950 1870/1990/1949
f 3152/2248/2172 1604/2167/2110 3145/2390/2298
f 3145/2390/2298 3140/2094/2046 3129/2096/2048
f 3476/2119/2067 3471/2391/2299 3472/2340/2251
f 1696/2166/2109 3050/2389/2297 1604/2167/2110
f 2299/1903/1867 2044/2196/2130 3137/1946/1905
f 3127/2042/1999 3154/2018/1976 3132/1931/1892
f 3794/2226/2154 3785/2214/2142 3782/2081/2035
f 3468/2443/2337 3465/2394/2302 1596/2352/2262
f 1681/2399/2307 3426/2019/1977 3153/2356/2266
f 955/2333/2245 1699/2329/2241 1951/2353/2263
f 3149/2559/2451 3136/2026/1984 1681/2399/2307
f 1681/2399/2307 1687/2332/2244 3149/2559/2451
f 3142/2320/2232 3133/1859/1824 3143/1932/1893
f 1687/2332/2244 3146/2331/2243 3149/2559/2451
f 3133/1859/1824 3142/2320/2232 1952/1860/1825
f 3111/2348/2258 2975/2328/2240 3110/2020/1978
f 3149/2559/2451 3146/2331/2243 3147/2321/2233
f 3142/2320/2232 1689/2322/2234 1952/1860/1825
f 3144/2211/2139 1689/2322/2234 1688/2128/2074
f 3473/2028/1986 3476/2119/2067 3121/2120/2068
f 3799/2107/2056 132/2106/2055 3785/2214/2142
f 58/2398/2306 3147/2321/2233 3146/2331/2243
f 3146/2331/2243 3430/2446/2339 2301/2397/2305
f 3260/2380/2288 58/2398/2306 2301/2397/2305
f 3260/2380/2288 1688/2128/2074 1689/2322/2234
f 2301/2397/2305 737/2310/2225 3260/2380/2288
f 2300/2341/2252 2301/2397/2305 3430/2446/2339
f 737/2310/2225 2301/2397/2305 2300/2341/2252
f 733/2085/2038 3260/2380/2288 737/2310/2225
f 803/2195/2129 2290/2337/1692 3037/2262/862
f 36/2299/2215 3012/2297/2213 3014/2434/2333
f 772/1979/1938 771/2272/2193 773/1977/1936
f 3266/1943/1902 2295/2264/2187 754/2296/2212
f 764/2271/2192 3043/1974/1933 769/2255/2179
f 3040/2343/859 806/2560/863 801/2344/2254
f 732/2415/2319 366/2183/2120 730/2182/2119
f 754/2296/2212 755/2345/2255 788/2561/2452
f 689/2562/2453 688/1885/1850 722/2086/2039
f 2029/1936/1897 2044/2196/2130 652/1883/1848
f 774/2274/2195 2335/2273/2194 798/2543/2435
f 762/2346/2256 787/2284/2202 753/1982/1941
f 3633/1884/1849 2044/2196/2130 2299/1903/1867
f 3036/2431/2330 1728/2441/1660 3617/2427/1697
f 806/2560/863 805/2349/2259 801/2344/2254
f 788/2561/2452 787/2284/2202 754/2296/2212
f 2810/1975/1934 3043/1974/1933 764/2271/2192
f 3041/2556/2448 2292/2323/2235 3043/1974/1933
f 801/2344/2254 10/2251/2175 3037/2262/862
f 2292/2323/2235 13/2268/2189 2291/2339/2250
f 801/2344/2254 805/2349/2259 793/2338/2249
f 325/2270/2191 782/2238/2165 773/1977/1936
f 753/1982/1941 787/2284/2202 756/1983/1942
f 3799/2107/2056 3796/2066/2021 727/2065/2020
f 691/2016/1974 659/1957/1916 683/2007/1965
f 768/2563/2454 790/2324/2236 805/2349/2259
f 763/1941/866 3266/1943/1902 754/2296/2212
f 3043/1974/1933 2292/2323/2235 791/2325/2237
f 730/2182/2119 3799/2107/2056 727/2065/2020
f 458/2546/2438 3453/1971/1930 2178/1968/1927
f 1598/2564/2455 1592/2565/2456 2966/2566/2457
f 2809/1976/1935 2297/2567/2458 2895/2558/2450
f 3042/2254/2178 2292/2323/2235 3041/2556/2448
f 328/2568/2459 2971/2569/2460 975/2533/2426
f 3005/2570/2461 993/2571/2462 353/2572/2463
f 654/1958/1917 655/2038/1995 2668/1960/1919
f 3018/2423/2326 2696/2411/2317 3017/2436/2334
f 791/2325/2237 769/2255/2179 3043/1974/1933
f 3006/2406/2313 863/2573/2464 875/2574/2465
f 789/2557/2449 3041/2556/2448 756/1983/1942
f 3230/2426/2327 3261/2428/514 3229/2445/504
f 2313/1980/1939 2810/1975/1934 764/2271/2192
f 788/2561/2452 756/1983/1942 787/2284/2202
f 823/2502/2395 3005/2570/2461 328/2568/2459
f 2271/2575/2466 2270/2576/2467 1015/2577/2468
f 805/2349/2259 806/2560/863 768/2563/2454
f 755/2345/2255 789/2557/2449 756/1983/1942
f 1718/2442/1664 1950/2420/2323 1726/2439/1667
f 730/2182/2119 727/2065/2020 742/2179/2117
f 933/2578/2469 934/2579/2470 1703/2580/2471
f 1016/2581/2472 1017/2358/2268 982/2582/2473
f 637/2583/2474 959/2584/2475 638/2585/2476
f 2962/2586/2477 2961/2587/2478 2963/2336/2248
f 1973/2588/2479 359/2589/2480 3484/2590/2481
f 2895/2558/2450 756/1983/1942 3041/2556/2448
f 769/2255/2179 791/2325/2237 770/2215/2143
f 864/2403/2310 862/2591/2482 338/2404/2311
f 808/2592/2483 814/2593/2484 1002/2594/2485
f 1602/2595/2486 355/2596/2487 1002/2594/2485
f 2966/2566/2457 3490/2597/2488 1598/2564/2455
f 792/2237/2164 13/2268/2189 2292/2323/2235
f 3796/2066/2021 3794/2226/2154 3800/2286/2203
f 679/2347/2257 685/2285/976 787/2284/2202
f 2292/2323/2235 3042/2254/2178 792/2237/2164
f 786/1978/1937 773/1977/1936 782/2238/2165
f 788/2561/2452 755/2345/2255 756/1983/1942
f 2333/1981/1940 2809/1976/1935 2810/1975/1934
f 2292/2323/2235 2291/2339/2250 790/2324/2236
f 791/2325/2237 790/2324/2236 768/2563/2454
f 770/2215/2143 768/2563/2454 2293/2208/1689
f 786/1978/1937 755/2345/2255 772/1979/1938
f 793/2338/2249 10/2251/2175 801/2344/2254
f 3445/2598/2489 3438/2599/2490 3467/2600/2491
f 768/2563/2454 770/2215/2143 791/2325/2237
f 325/2270/2191 773/1977/1936 783/2327/2239
f 3467/2600/2491 1605/2555/2447 3445/2598/2489
f 789/2557/2449 755/2345/2255 786/1978/1937
f 3006/2406/2313 338/2404/2311 863/2573/2464
f 789/2557/2449 782/2238/2165 3042/2254/2178
f 2297/2567/2458 756/1983/1942 2895/2558/2450
f 2295/2264/2187 2334/2263/2186 2335/2273/2194
f 1983/2421/2324 1950/2420/2323 1722/2440/2336
f 789/2557/2449 786/1978/1937 782/2238/2165
f 2809/1976/1935 2333/1981/1940 2332/2601/2492
f 2297/2567/2458 757/1984/1943 756/1983/1942
f 638/2585/2476 2424/2494/2387 3467/2600/2491
f 1593/2602/2493 3461/2603/2494 3464/2334/2246
f 768/2563/2454 806/2560/863 2293/2208/1689
f 814/2593/2484 808/2592/2483 2882/2521/2414
f 994/2604/2495 3005/2570/2461 818/2549/2441
f 3030/2422/2325 1983/2421/2324 3016/2433/2332
f 1002/2594/2485 2806/2605/2496 1602/2595/2486
f 326/2522/2415 2882/2521/2414 825/2606/2497
f 738/2312/2227 2990/2311/2226 751/2551/2443
f 731/2542/2434 695/2541/2433 693/2607/2498
f 738/2312/2227 751/2551/2443 693/2607/2498
f 2895/2558/2450 3041/2556/2448 3043/1974/1933
f 751/2551/2443 2990/2311/2226 6/2553/2445
f 2300/2341/2252 6/2553/2445 2990/2311/2226
f 688/1885/1850 689/2562/2453 652/1883/1848
f 2300/2341/2252 752/2447/2340 6/2553/2445
f 693/2607/2498 751/2551/2443 731/2542/2434
f 738/2312/2227 2970/2608/2499 722/2086/2039
f 2970/2608/2499 738/2312/2227 693/2607/2498
f 697/2609/2500 705/2540/2432 798/2543/2435
f 716/2610/2501 699/2611/2502 719/2612/2503
f 693/2607/2498 695/2541/2433 1612/2613/2504
f 1612/2613/2504 695/2541/2433 304/2614/2505
f 711/2009/1967 682/2008/1966 690/2615/2506
f 697/2609/2500 798/2543/2435 2335/2273/2194
f 689/2562/2453 722/2086/2039 2970/2608/2499
f 690/2615/2506 718/2616/2507 303/2617/2508
f 697/2609/2500 2335/2273/2194 2334/2263/2186
f 711/2009/1967 690/2615/2506 2334/2263/2186
f 692/2618/2509 652/1883/1848 720/2619/2510
f 721/2620/2511 652/1883/1848 689/2562/2453
f 1612/2613/2504 304/2614/2505 696/2621/2512
f 1612/2613/2504 2970/2608/2499 693/2607/2498
f 652/1883/1848 721/2620/2511 720/2619/2510
f 1710/2539/2431 705/2540/2432 697/2609/2500
f 696/2621/2512 304/2614/2505 716/2610/2501
f 697/2609/2500 698/2622/2513 694/2623/2514
f 689/2562/2453 2970/2608/2499 721/2620/2511
f 719/2612/2503 718/2616/2507 2336/1955/1914
f 303/2617/2508 699/2611/2502 694/2623/2514
f 1950/2420/2323 1718/2442/1664 3036/2431/2330
f 699/2611/2502 304/2614/2505 694/2623/2514
f 1710/2539/2431 694/2623/2514 304/2614/2505
f 722/2086/2039 733/2085/2038 738/2312/2227
f 698/2622/2513 303/2617/2508 694/2623/2514
f 303/2617/2508 698/2622/2513 2334/2263/2186
f 690/2615/2506 303/2617/2508 2334/2263/2186
f 720/2619/2510 721/2620/2511 696/2621/2512
f 692/2618/2509 720/2619/2510 716/2610/2501
f 2336/1955/1914 692/2618/2509 719/2612/2503
f 694/2623/2514 1710/2539/2431 697/2609/2500
f 2336/1955/1914 687/1898/1862 692/2618/2509
f 719/2612/2503 692/2618/2509 716/2610/2501
f 696/2621/2512 2970/2608/2499 1612/2613/2504
f 304/2614/2505 699/2611/2502 716/2610/2501
f 682/2008/1966 717/2407/2314 718/2616/2507
f 682/2008/1966 718/2616/2507 690/2615/2506
f 2970/2608/2499 696/2621/2512 721/2620/2511
f 716/2610/2501 720/2619/2510 696/2621/2512
f 687/1898/1862 652/1883/1848 692/2618/2509
f 2336/1955/1914 718/2616/2507 717/2407/2314
f 719/2612/2503 303/2617/2508 718/2616/2507
f 2334/2263/2186 698/2622/2513 697/2609/2500
f 699/2611/2502 303/2617/2508 719/2612/2503
f 1710/2539/2431 304/2614/2505 695/2541/2433
f 2349/1998/1956 2348/1945/1904 2342/2045/2002
f 759/2624/2515 2349/1998/1956 2342/2045/2002
f 759/2624/2515 668/2117/830 664/2160/869
f 2342/2045/2002 668/2117/830 759/2624/2515
f 664/2160/869 684/2158/2102 759/2624/2515
f 2349/1998/1956 759/2624/2515 684/2158/2102
f 2046/2625/2516 2607/2626/2517 2605/2150/2095
f 1204/2627/642 1200/2628/1583 2609/2629/816
f 1204/2627/642 2610/2630/446 1200/2628/1583
f 2607/2626/2517 1555/2140/2085 2605/2150/2095
f 1556/2631/930 2629/2632/2518 2630/2633/1591
f 2607/2626/2517 2046/2625/2516 2056/2634/2519
f 2318/2635/2520 95/2636/1499 2319/2637/2521
f 1556/2631/930 2054/2281/1343 2629/2632/2518
f 2046/2625/2516 2609/2629/816 2056/2634/2519
f 1200/2628/1583 2622/2638/393 2056/2634/2519
f 2424/2494/2387 638/2585/2476 211/2526/2419
f 2628/2639/2522 2629/2632/2518 2053/2280/2200
f 190/2640/1501 95/2636/1499 2318/2635/2520
f 2303/2641/2523 2321/2642/2524 2339/2643/1612
f 2607/2626/2517 2056/2634/2519 2629/2632/2518
f 2628/2639/2522 2607/2626/2517 2629/2632/2518
f 2304/2644/2525 2303/2641/2523 2339/2643/1612
f 2628/2639/2522 1555/2140/2085 2607/2626/2517
f 2046/2625/2516 663/2645/764 2609/2629/816
f 1334/2283/2201 2310/2646/1512 2294/2647/1535
f 661/2149/2094 663/2645/764 2046/2625/2516
f 2630/2633/1591 2629/2632/2518 2056/2634/2519
f 2631/2141/2086 1555/2140/2085 2628/2639/2522
f 2294/2647/1535 190/2640/1501 2318/2635/2520
f 2046/2625/2516 2605/2150/2095 661/2149/2094
f 2628/2639/2522 2053/2280/2200 2631/2141/2086
f 637/2583/2474 638/2585/2476 3467/2600/2491
f 2609/2629/816 1200/2628/1583 2056/2634/2519
f 2629/2632/2518 2054/2281/1343 2053/2280/2200
f 2319/2637/2521 2314/2648/2526 2318/2635/2520
f 663/2645/764 661/2149/2094 675/2157/950
f 2056/2634/2519 2622/2638/393 2630/2633/1591
f 3005/2570/2461 823/2502/2395 818/2549/2441
f 2283/2649/2527 814/2593/2484 2286/2650/2528
f 2283/2649/2527 2271/2575/2466 2284/2651/2529
f 2966/2566/2457 3478/2652/2530 3479/2653/2531
f 1334/2283/2201 2326/2241/1510 2310/2646/1512
f 2182/2654/2532 2986/2655/2533 3481/2656/2534
f 2283/2649/2527 2286/2650/2528 959/2584/2475
f 1020/2657/2535 2892/2658/2536 936/2659/2537
f 819/2528/2421 326/2522/2415 825/2606/2497
f 2314/2648/2526 2294/2647/1535 2318/2635/2520
f 1334/2283/2201 2294/2647/1535 2314/2648/2526
f 2319/2637/2521 2320/2660/2538 2314/2648/2526
f 1703/2580/2471 934/2579/2470 936/2659/2537
f 2283/2649/2527 959/2584/2475 2271/2575/2466
f 3479/2653/2531 359/2589/2480 1973/2588/2479
f 935/2661/2539 985/2384/2292 952/2163/2106
f 841/2662/2540 876/2663/2541 868/2664/2542
f 2286/2650/2528 2882/2521/2414 750/2545/2437
f 874/2408/2315 3006/2406/2313 875/2574/2465
f 2302/2665/1500 2319/2637/2521 95/2636/1499
f 814/2593/2484 2283/2649/2527 828/2666/2543
f 2302/2665/1500 2320/2660/2538 2319/2637/2521
f 1616/2350/2260 3459/2667/2544 3458/2444/2338
f 2320/2660/2538 2321/2642/2524 2314/2648/2526
f 2302/2665/1500 2339/2643/1612 2320/2660/2538
f 2284/2651/2529 2271/2575/2466 1015/2577/2468
f 3456/1973/1932 1601/2351/2261 1599/2449/2342
f 2339/2643/1612 2321/2642/2524 2320/2660/2538
f 2321/2642/2524 2303/2641/2523 2331/2668/2545
f 211/2526/2419 638/2585/2476 2298/2554/2446
f 2966/2566/2457 1593/2602/2493 3478/2652/2530
f 3005/2570/2461 994/2604/2495 993/2571/2462
f 2878/2669/2546 678/2670/2547 762/2346/2256
f 2296/2671/2548 2332/2601/2492 3046/2672/2549
f 707/2673/1202 678/2670/2547 3047/2674/1269
f 2322/2675/2550 709/2676/2551 324/2677/2552
f 2331/2668/2545 2313/1980/1939 2327/2222/2150
f 2333/1981/1940 3046/2672/2549 2332/2601/2492
f 2271/2575/2466 637/2583/2474 3438/2599/2490
f 2296/2671/2548 758/2678/2553 757/1984/1943
f 3464/2334/2246 1616/2350/2260 1596/2352/2262
f 1002/2594/2485 355/2596/2487 978/2679/2554
f 2304/2644/2525 2340/2680/1236 760/2681/1259
f 2297/2567/2458 2332/2601/2492 757/1984/1943
f 2323/2682/2555 760/2681/1259 709/2676/2551
f 2303/2641/2523 2324/2683/2556 2331/2668/2545
f 825/2606/2497 808/2592/2483 978/2679/2554
f 825/2606/2497 978/2679/2554 819/2528/2421
f 324/2677/2552 709/2676/2551 2878/2669/2546
f 825/2606/2497 2882/2521/2414 808/2592/2483
f 3467/2600/2491 3438/2599/2490 637/2583/2474
f 2296/2671/2548 757/1984/1943 2332/2601/2492
f 2333/1981/1940 708/2684/2557 2324/2683/2556
f 3484/2590/2481 983/2685/2558 2892/2658/2536
f 359/2589/2480 1019/2686/2559 3484/2590/2481
f 2324/2683/2556 2323/2682/2555 2322/2675/2550
f 3486/2687/2560 3485/2688/2561 1973/2588/2479
f 762/2346/2256 758/2678/2553 2878/2669/2546
f 2304/2644/2525 2323/2682/2555 2303/2641/2523
f 3461/2603/2494 2966/2566/2457 1592/2565/2456
f 2322/2675/2550 3046/2672/2549 2324/2683/2556
f 2313/1980/1939 708/2684/2557 2333/1981/1940
f 1002/2594/2485 978/2679/2554 808/2592/2483
f 750/2545/2437 2298/2554/2446 2286/2650/2528
f 3490/2597/2488 2966/2566/2457 3479/2653/2531
f 753/1982/1941 757/1984/1943 758/2678/2553
f 324/2677/2552 2296/2671/2548 2322/2675/2550
f 708/2684/2557 2331/2668/2545 2324/2683/2556
f 3484/2590/2481 1019/2686/2559 1018/2689/2562
f 2340/2680/1236 2304/2644/2525 2339/2643/1612
f 760/2681/1259 2323/2682/2555 2304/2644/2525
f 762/2346/2256 753/1982/1941 758/2678/2553
f 1019/2686/2559 359/2589/2480 3478/2652/2530
f 2962/2586/2477 2963/2336/2248 1017/2358/2268
f 3273/2690/2563 760/2681/1259 676/2691/1258
f 3273/2690/2563 3047/2674/1269 678/2670/2547
f 2961/2587/2478 1593/2602/2493 3464/2334/2246
f 679/2347/2257 707/2673/1202 685/2285/976
f 3490/2597/2488 3491/2692/2564 1598/2564/2455
f 819/2528/2421 978/2679/2554 818/2549/2441
f 978/2679/2554 2254/2693/2565 994/2604/2495
f 2878/2669/2546 760/2681/1259 3273/2690/2563
f 708/2684/2557 2313/1980/1939 2331/2668/2545
f 1661/2246/2171 3229/2445/504 1724/2244/2169
f 994/2604/2495 818/2549/2441 978/2679/2554
f 984/2694/2566 985/2384/2292 936/2659/2537
f 814/2593/2484 2882/2521/2414 2286/2650/2528
f 3020/2250/2174 3018/2423/2326 3016/2433/2332
f 2314/2648/2526 2331/2668/2545 2327/2222/2150
f 3273/2690/2563 678/2670/2547 2878/2669/2546
f 3491/2692/2564 3479/2653/2531 3485/2688/2561
f 2986/2655/2533 1974/2695/2567 2951/2696/2568
f 3479/2653/2531 3491/2692/2564 3490/2597/2488
f 2962/2586/2477 1593/2602/2493 2961/2587/2478
f 2962/2586/2477 3478/2652/2530 1593/2602/2493
f 982/2582/2473 983/2685/2558 1018/2689/2562
f 3478/2652/2530 359/2589/2480 3479/2653/2531
f 818/2549/2441 823/2502/2395 706/2501/2394
f 1016/2581/2472 1019/2686/2559 2962/2586/2477
f 814/2593/2484 828/2666/2543 2806/2605/2496
f 2962/2586/2477 1019/2686/2559 3478/2652/2530
f 3479/2653/2531 1973/2588/2479 3485/2688/2561
f 821/2529/2422 822/2697/2569 328/2568/2459
f 1974/2695/2567 1973/2588/2479 3484/2590/2481
f 1973/2588/2479 2182/2654/2532 3486/2687/2560
f 2971/2569/2460 328/2568/2459 353/2572/2463
f 328/2568/2459 3005/2570/2461 353/2572/2463
f 959/2584/2475 2286/2650/2528 2298/2554/2446
f 821/2529/2422 823/2502/2395 822/2697/2569
f 1973/2588/2479 1974/2695/2567 2986/2655/2533
f 823/2502/2395 328/2568/2459 822/2697/2569
f 3438/2599/2490 2270/2576/2467 2271/2575/2466
f 1019/2686/2559 1016/2581/2472 1018/2689/2562
f 1972/2698/2570 3486/2687/2560 2182/2654/2532
f 2966/2566/2457 3461/2603/2494 1593/2602/2493
f 1016/2581/2472 982/2582/2473 1018/2689/2562
f 876/2663/2541 863/2573/2464 862/2591/2482
f 637/2583/2474 2271/2575/2466 959/2584/2475
f 1016/2581/2472 2962/2586/2477 1017/2358/2268
f 2182/2654/2532 1973/2588/2479 2986/2655/2533
f 1974/2695/2567 3484/2590/2481 2892/2658/2536
f 821/2529/2422 328/2568/2459 975/2533/2426
f 2971/2569/2460 1006/2699/2571 975/2533/2426
f 981/2354/2264 982/2582/2473 1017/2358/2268
f 3481/2656/2534 1972/2698/2570 2182/2654/2532
f 1006/2699/2571 2285/2548/2440 975/2533/2426
f 981/2354/2264 979/2132/2077 982/2582/2473
f 3484/2590/2481 1018/2689/2562 983/2685/2558
f 875/2574/2465 863/2573/2464 876/2663/2541
f 3481/2656/2534 2986/2655/2533 3483/2700/2572
f 3483/2700/2572 2986/2655/2533 2951/2696/2568
f 2951/2696/2568 1974/2695/2567 2950/2701/2573
f 2806/2605/2496 1002/2594/2485 814/2593/2484
f 979/2132/2077 985/2384/2292 982/2582/2473
f 1020/2657/2535 2950/2701/2573 1974/2695/2567
f 3461/2603/2494 1592/2565/2456 3459/2667/2544
f 2951/2696/2568 2950/2701/2573 3483/2700/2572
f 2284/2651/2529 2806/2605/2496 828/2666/2543
f 984/2694/2566 2892/2658/2536 983/2685/2558
f 1974/2695/2567 2892/2658/2536 1020/2657/2535
f 983/2685/2558 985/2384/2292 984/2694/2566
f 936/2659/2537 2892/2658/2536 984/2694/2566
f 3461/2603/2494 3459/2667/2544 3464/2334/2246
f 985/2384/2292 935/2661/2539 936/2659/2537
f 934/2579/2470 1020/2657/2535 936/2659/2537
f 1703/2580/2471 936/2659/2537 935/2661/2539
f 952/2163/2106 940/2366/2276 935/2661/2539
f 940/2366/2276 986/2365/2275 935/2661/2539
f 2424/2494/2387 1605/2555/2447 3467/2600/2491
f 933/2578/2469 1703/2580/2471 935/2661/2539
f 3459/2667/2544 1616/2350/2260 3464/2334/2246
f 933/2578/2469 935/2661/2539 986/2365/2275
f 931/2364/2274 933/2578/2469 986/2365/2275
f 994/2604/2495 353/2572/2463 993/2571/2462
f 3150/2448/2341 3453/1971/1930 3428/2547/2439
f 3464/2334/2246 2963/2336/2248 2961/2587/2478
f 2298/2554/2446 638/2585/2476 959/2584/2475
f 2283/2649/2527 2284/2651/2529 828/2666/2543
f 874/2408/2315 8/2702/2574 3004/2490/2383
f 458/2546/2438 3428/2547/2439 3453/1971/1930
f 874/2408/2315 875/2574/2465 8/2702/2574
f 994/2604/2495 2254/2693/2565 353/2572/2463
f 982/2582/2473 985/2384/2292 983/2685/2558
f 868/2664/2542 876/2663/2541 862/2591/2482
f 863/2573/2464 338/2404/2311 862/2591/2482
f 3014/2434/2333 1983/2421/2324 1722/2440/2336
f 2297/2567/2458 2809/1976/1935 2332/2601/2492
f 3046/2672/2549 2333/1981/1940 2324/2683/2556
f 679/2347/2257 762/2346/2256 678/2670/2547
f 760/2681/1259 2878/2669/2546 709/2676/2551
f 659/1957/1916 691/2016/1974 668/2117/830
f 709/2676/2551 2322/2675/2550 2323/2682/2555
f 2324/2683/2556 2303/2641/2523 2323/2682/2555
f 324/2677/2552 2878/2669/2546 758/2678/2553
f 324/2677/2552 758/2678/2553 2296/2671/2548
f 2314/2648/2526 2321/2642/2524 2331/2668/2545
f 2296/2671/2548 3046/2672/2549 2322/2675/2550
f 2314/2648/2526 2327/2222/2150 1334/2283/2201
f 2029/1936/1897 2096/2051/2006 2044/2196/2130
f 3047/2674/1269 3273/2690/2563 676/2691/1258
f 678/2670/2547 707/2673/1202 679/2347/2257
f 1727/2438/2335 3026/2437/1665 1726/2439/1667
f 2096/2051/2006 2029/1936/1897 1880/1938/1899
f 2591/2703/2575 1838/2704/1403 1808/2705/2576
f 108/2706/2577 3353/2707/2578 71/2708/2579
f 1244/2709/2580 1457/2710/2581 1243/2711/2582
f 1496/2712/459 1497/2713/1158 1391/2714/2583
f 110/2715/2584 109/2716/2585 1408/2717/2586
f 1446/2718/2587 2933/2719/2588 2468/2720/2589
f 560/2721/2590 575/2722/2591 565/2723/2592
f 585/2724/2593 584/2725/2594 70/2726/2595
f 2178/2727/1927 3449/2728/2596 3454/2729/2597
f 1547/2730/2598 2456/2731/2599 48/2732/2600
f 186/2733/441 2997/2734/440 3415/2735/2601
f 2487/2736/2602 1350/2737/2603 2238/2738/2604
f 1457/2710/2581 1548/2739/2605 147/2740/2606
f 103/2741/2607 1320/2742/2608 2926/2743/2609
f 3454/2729/2597 458/2744/2438 2178/2727/1927
f 3549/2745/2610 299/2746/2611 1450/2747/2612
f 2235/2748/2613 1602/2749/2486 2806/2750/2496
f 1824/2751/2614 1822/2752/870 1821/2753/2615
f 103/2741/2607 110/2715/2584 1405/2754/2616
f 2553/2755/2617 115/2756/2618 2936/2757/2619
f 3549/2745/2610 1445/2758/2620 3414/2759/2621
f 1272/2760/2622 2550/2761/2623 1739/2762/2624
f 584/2725/2594 462/2763/2625 2898/2764/2626
f 299/2746/2611 1449/2765/2627 1450/2747/2612
f 2930/2766/2628 119/2767/2629 2938/2768/2630
f 1458/2769/300 123/2770/2631 146/2771/290
f 2808/2772/2632 2492/2773/2633 1349/2774/2634
f 1245/2775/2635 1436/2776/2636 2980/2777/2637
f 2459/2778/2638 3355/2779/2639 1447/2780/2640
f 2456/2731/2599 1547/2730/2598 117/2781/2641
f 446/2782/2642 440/2783/2643 1624/2784/2644
f 3549/2745/2610 205/2785/2645 1982/2786/348
f 2944/2787/2646 1244/2709/2580 1243/2711/2582
f 3404/2788/2647 585/2724/2593 71/2708/2579
f 143/2789/2648 1443/2790/2649 1442/2791/2650
f 2931/2792/2651 1408/2717/2586 1544/2793/2652
f 3355/2779/2639 582/2794/2653 1447/2780/2640
f 1353/2795/2654 1788/2796/2655 2481/2797/2656
f 1465/2798/792 1466/2799/2657 2941/2800/2658
f 1461/2801/2659 1462/2802/2660 1460/2803/2661
f 2234/2804/2662 2236/2805/2663 2235/2748/2613
f 3457/2806/2664 1599/2807/2342 1601/2808/2261
f 2459/2778/2638 1446/2718/2587 2468/2720/2589
f 71/2708/2579 70/2726/2595 108/2706/2577
f 446/2782/2642 452/2809/2665 448/2810/2666
f 3404/2788/2647 71/2708/2579 3353/2707/2578
f 1584/2811/2667 448/2810/2666 3493/2812/2668
f 3437/2813/2669 210/2814/2670 3432/2815/2671
f 1561/2816/2672 1592/2817/2456 1598/2818/2455
f 1592/2817/2456 1561/2816/2672 2965/2819/2673
f 1785/2820/2674 31/2821/2675 1548/2739/2605
f 1785/2820/2674 2980/2777/2637 2840/2822/2676
f 1004/2823/2677 989/2824/2678 1602/2749/2486
f 3391/2825/2679 3394/2826/2680 481/2827/2681
f 2155/2828/2682 3394/2826/2680 2173/2829/2683
f 1602/2749/2486 989/2824/2678 355/2830/2487
f 1451/2831/2684 1456/2832/2685 2935/2833/2686
f 2237/2834/2687 989/2824/2678 1004/2823/2677
f 3395/2835/2688 492/2836/2689 3389/2837/2690
f 988/2838/2691 987/2839/2692 3477/2840/2693
f 143/2789/2648 1441/2841/2694 2466/2842/2695
f 358/2843/2696 353/2844/2463 2242/2845/2697
f 2252/2846/2698 997/2847/2699 3477/2840/2693
f 2253/2848/2700 2240/2849/2701 1003/2850/2702
f 2237/2834/2687 2241/2851/2703 989/2824/2678
f 2501/2852/2704 2492/2773/2633 2807/2853/2705
f 1460/2803/2661 1451/2831/2684 1455/2854/2706
f 1821/2753/2615 1822/2752/870 1825/2855/910
f 1731/2856/883 2578/2857/887 1817/2858/2707
f 1450/2747/2612 1449/2765/2627 1446/2718/2587
f 1013/2859/2708 1603/2860/2709 2236/2805/2663
f 2155/2828/2682 2173/2829/2683 1615/2861/2710
f 3391/2825/2679 1615/2861/2710 2173/2829/2683
f 987/2839/2692 355/2830/2487 989/2824/2678
f 1831/2862/2711 1811/2863/2712 1278/2864/2713
f 1584/2811/2667 3493/2812/2668 453/2865/2714
f 1821/2753/2615 2562/2866/2715 1823/2867/2716
f 2242/2845/2697 1001/2868/2717 991/2869/2718
f 3418/2870/2719 2168/2871/2720 467/2872/2721
f 2239/2873/2722 2241/2851/2703 2237/2834/2687
f 488/2874/2723 3463/2875/2724 1561/2816/2672
f 1598/2818/2455 3491/2876/2564 1591/2877/2725
f 2253/2848/2700 987/2839/2692 989/2824/2678
f 1451/2831/2684 2935/2833/2686 112/2878/2726
f 123/2770/2631 1459/2879/2727 2937/2880/2728
f 1581/2881/2729 3488/2882/2730 3487/2883/2731
f 2240/2849/2701 2493/2884/2732 1352/2885/2733
f 1352/2885/2733 2238/2738/2604 1350/2737/2603
f 2028/2886/2734 210/2814/2670 3437/2813/2669
f 2501/2852/2704 998/2887/2735 1005/2888/2736
f 3489/2889/2737 2162/2890/2738 3391/2825/2679
f 1608/2891/2739 2968/2892/2740 1607/2893/2741
f 3462/2894/2742 3463/2875/2724 481/2827/2681
f 1591/2877/2725 1581/2881/2729 453/2865/2714
f 1450/2747/2612 2457/2895/2743 1445/2758/2620
f 1686/2896/2744 2972/2897/2745 3431/2898/2746
f 2539/2899/2747 1276/2900/2748 2077/2901/2749
f 1821/2753/2615 1833/2902/908 2562/2866/2715
f 3460/2903/2750 2493/2884/2732 2241/2851/2703
f 3392/2904/2751 1615/2861/2710 3391/2825/2679
f 2162/2890/2738 3392/2904/2751 3391/2825/2679
f 1013/2859/2708 2234/2804/2662 2235/2748/2613
f 488/2874/2723 2162/2890/2738 3489/2889/2737
f 1464/2905/2752 2940/2906/2753 2941/2800/2658
f 449/2907/2754 446/2782/2642 448/2810/2666
f 1817/2858/2707 2542/2908/2755 1731/2856/883
f 2930/2766/2628 1733/2909/2756 118/2910/2757
f 1448/2911/2758 47/2912/2759 1452/2913/2760
f 1823/2867/2716 1262/2914/2761 1824/2751/2614
f 987/2839/2692 988/2838/2691 2254/2915/2565
f 2184/2916/2762 447/2917/2763 449/2907/2754
f 1013/2859/2708 2236/2805/2663 2234/2804/2662
f 1822/2752/870 1824/2751/2614 2076/2918/2764
f 2972/2897/2745 1686/2896/2744 1607/2893/2741
f 1804/2919/2765 1811/2863/2712 1831/2862/2711
f 1591/2877/2725 2162/2890/2738 488/2874/2723
f 1599/2807/2342 3385/2920/2766 3449/2728/2596
f 1462/2802/2660 123/2770/2631 1444/2921/2767
f 1468/2922/2768 1469/2923/2769 117/2781/2641
f 494/2924/2770 2457/2895/2743 108/2706/2577
f 3598/2925/2771 1608/2891/2739 43/2926/2772
f 2235/2748/2613 1015/2927/2468 1013/2859/2708
f 3458/2928/2338 3459/2929/2544 2965/2819/2673
f 1007/2930/2773 996/2931/2774 2255/2932/2400
f 3458/2928/2338 3388/2933/2775 3457/2806/2664
f 1408/2717/2586 2926/2743/2609 1407/2934/2776
f 3389/2837/2690 3451/2935/2777 3457/2806/2664
f 3387/2936/2778 462/2763/2625 3414/2759/2621
f 2933/2719/2588 1446/2718/2587 1449/2765/2627
f 1605/2937/2447 1686/2896/2744 3431/2898/2746
f 70/2726/2595 2898/2764/2626 108/2706/2577
f 3488/2882/2730 1581/2881/2729 3491/2876/2564
f 1360/2938/2779 1409/2939/2780 142/2940/2781
f 110/2715/2584 1408/2717/2586 2931/2792/2651
f 1605/2937/2447 1685/2941/2386 1686/2896/2744
f 2250/2942/2782 2255/2932/2400 996/2931/2774
f 2558/2943/886 1817/2858/2707 2578/2857/887
f 1550/2944/2783 2256/2945/2784 2257/2946/2785
f 3485/2947/2561 3488/2882/2730 3491/2876/2564
f 1261/2948/884 2562/2866/2715 1833/2902/908
f 3429/2949/2786 1685/2941/2386 2995/2950/2242
f 1817/2858/2707 2558/2943/886 2542/2908/2755
f 2542/2908/2755 2562/2866/2715 1731/2856/883
f 3388/2933/2775 3462/2894/2742 493/2951/2787
f 2501/2852/2704 2086/2952/2788 2499/2953/2789
f 1804/2919/2765 1831/2862/2711 2551/2954/2790
f 1603/2860/2709 1013/2859/2708 3584/2955/2791
f 3477/2840/2693 1001/2868/2717 988/2838/2691
f 2524/2956/2792 2525/2957/1595 2589/2958/1594
f 54/2959/2793 1547/2730/2598 48/2732/2600
f 1003/2850/2702 2252/2846/2698 2253/2848/2700
f 108/2706/2577 1447/2780/2640 3353/2707/2578
f 3431/2898/2746 3445/2960/2489 1605/2937/2447
f 43/2926/2772 1607/2893/2741 1686/2896/2744
f 988/2838/2691 1001/2868/2717 2242/2845/2697
f 1803/2961/2794 2073/2962/2795 2552/2963/2796
f 1263/2964/2797 1795/2965/2798 1794/2966/2799
f 2233/2967/2800 2220/2968/2801 1013/2859/2708
f 1001/2868/2717 997/2847/2699 998/2887/2735
f 3492/2969/2802 453/2865/2714 1581/2881/2729
f 1448/2911/2758 113/2970/2803 2934/2971/2804
f 447/2917/2763 2184/2916/2762 3517/2972/2805
f 2077/2901/2749 1276/2900/2748 1282/2973/2806
f 488/2874/2723 1561/2816/2672 1591/2877/2725
f 2513/2974/2807 1317/2975/2808 1316/2976/2809
f 974/2977/2407 2243/2978/2810 3038/2979/2128
f 2250/2942/2782 996/2931/2774 2245/2980/2811
f 1686/2896/2744 1685/2941/2386 3429/2949/2786
f 3454/2729/2597 3449/2728/2596 1609/2981/2812
f 2520/2982/2813 1346/2983/2814 2515/2984/2815
f 462/2763/2625 3387/2936/2778 2898/2764/2626
f 2501/2852/2704 2807/2853/2705 2494/2985/2816
f 1452/2913/2760 1451/2831/2684 1448/2911/2758
f 1351/2986/2817 1350/2737/2603 2487/2736/2602
f 2227/2987/2818 1852/2988/2819 2506/2989/1483
f 2495/2990/2820 1005/2888/2736 2252/2846/2698
f 2249/2991/1723 2243/2978/2810 2258/2992/2821
f 3421/2993/2822 3598/2925/2771 43/2926/2772
f 2485/2994/2823 2481/2797/2656 1784/2995/2824
f 997/2847/2699 2252/2846/2698 1005/2888/2736
f 2254/2915/2565 978/2996/2554 987/2839/2692
f 1682/2997/2825 1970/2998/2826 7/2999/2827
f 2240/2849/2701 1350/2737/2603 2492/2773/2633
f 3385/2920/2766 1600/3000/2828 3386/3001/2829
f 3487/2883/2731 3486/3002/2560 1585/3003/2830
f 1852/2988/2819 2232/3004/2831 2506/2989/1483
f 3432/2815/2671 3424/3005/2832 1606/3006/2833
f 2184/2916/2762 3487/2883/2731 1585/3003/2830
f 3491/2876/2564 1581/2881/2729 1591/2877/2725
f 3460/2903/2750 2238/2738/2604 1352/2885/2733
f 172/3007/2834 186/2733/441 3415/2735/2601
f 108/2706/2577 2457/2895/2743 1447/2780/2640
f 2539/2899/2747 2590/3008/2835 2525/2957/1595
f 119/2767/2629 115/2756/2618 2455/3009/2836
f 998/2887/2735 991/2869/2718 1001/2868/2717
f 2971/3010/2460 358/2843/2696 990/3011/2837
f 3517/2972/2805 2184/2916/2762 1585/3003/2830
f 1466/2799/2657 1465/2798/792 2942/3012/311
f 1454/3013/2838 1441/2841/2694 1442/2791/2650
f 1001/2868/2717 3477/2840/2693 997/2847/2699
f 460/3014/2839 3452/3015/2840 37/3016/2841
f 3492/2969/2802 2184/2916/2762 1584/2811/2667
f 998/2887/2735 997/2847/2699 1005/2888/2736
f 2560/3017/2842 2590/3008/2835 1551/3018/2843
f 990/3011/2837 358/2843/2696 991/2869/2718
f 2492/2773/2633 2808/2772/2632 2807/2853/2705
f 1006/3019/2571 2971/3010/2460 990/3011/2837
f 474/3020/2844 3440/3021/2845 3399/3022/2846
f 1584/2811/2667 2184/2916/2762 448/2810/2666
f 2227/2987/2818 2521/3023/2847 2082/3024/2848
f 2162/2890/2738 1591/2877/2725 453/2865/2714
f 2224/3025/2849 2514/3026/2850 2498/3027/2851
f 1009/3028/2852 2514/3026/2850 1000/3029/2853
f 3421/2993/2822 3153/3030/2266 3598/2925/2771
f 1788/2796/2655 2826/3031/2854 1549/3032/2855
f 3445/2960/2489 3435/3033/2856 1682/2997/2825
f 1228/3034/1702 2524/2956/2792 2589/2958/1594
f 2525/2957/1595 2524/2956/2792 2539/2899/2747
f 2587/3035/2857 2524/2956/2792 2585/3036/1709
f 1852/2988/2819 2517/3037/2858 1854/3038/2859
f 2968/2892/2740 3432/2815/2671 210/2814/2670
f 3598/2925/2771 3153/3030/2266 1683/3039/2267
f 1009/3028/2852 1000/3029/2853 1008/3040/2860
f 2498/3027/2851 2514/3026/2850 2502/3041/2861
f 2488/3042/2862 1797/3043/2863 1798/3044/2864
f 1798/3044/2864 1318/3045/2865 1787/3046/2866
f 2524/2956/2792 1228/3034/1702 2585/3036/1709
f 2491/3047/2867 1549/3032/2855 1351/2986/2817
f 3598/2925/2771 1683/3039/2267 3424/3005/2832
f 1008/3040/2860 991/2869/2718 998/2887/2735
f 992/3048/2868 991/2869/2718 1008/3040/2860
f 2491/3047/2867 1784/2995/2824 1788/2796/2655
f 1351/2986/2817 1549/3032/2855 1349/2774/2634
f 2808/2772/2632 1349/2774/2634 2807/2853/2705
f 2229/3049/1482 2521/3023/2847 2227/2987/2818
f 1000/3029/2853 2514/3026/2850 2224/3025/2849
f 1798/3044/2864 1796/3050/2869 1318/3045/2865
f 1348/3051/2870 1345/3052/2871 2497/3053/2872
f 452/2809/2665 3493/2812/2668 448/2810/2666
f 448/2810/2666 2184/2916/2762 449/2907/2754
f 1318/3045/2865 1361/3054/2873 1780/3055/2874
f 115/2756/2618 1463/3056/2875 2937/2880/2728
f 1000/3029/2853 1007/2930/2773 992/3048/2868
f 1516/3057/2876 1515/3058/298 145/3059/1068
f 1549/3032/2855 1348/3051/2870 2807/2853/2705
f 1000/3029/2853 992/3048/2868 1008/3040/2860
f 2521/3023/2847 2248/3060/1548 2244/3061/2877
f 43/2926/2772 1608/2891/2739 1607/2893/2741
f 1000/3029/2853 2245/2980/2811 996/2931/2774
f 2936/2757/2619 2937/2880/2728 1459/2879/2727
f 1007/2930/2773 1006/3019/2571 992/3048/2868
f 2488/3042/2862 2481/2797/2656 1797/3043/2863
f 1790/3062/2878 1322/3063/2879 2517/3037/2858
f 1853/3064/2880 1854/3038/2859 1855/3065/2881
f 452/2809/2665 446/2782/2642 1624/2784/2644
f 2232/3004/2831 1854/3038/2859 1853/3064/2880
f 2227/2987/2818 2506/2989/1483 2229/3049/1482
f 1784/2995/2824 2491/3047/2867 1351/2986/2817
f 2936/2757/2619 115/2756/2618 2937/2880/2728
f 1463/3056/2875 1444/2921/2767 123/2770/2631
f 2090/3066/2882 1453/3067/2883 2935/2833/2686
f 2590/3008/2835 2077/2901/2749 1551/3018/2843
f 1007/2930/2773 1000/3029/2853 996/2931/2774
f 2229/3049/1482 2248/3060/1548 2521/3023/2847
f 468/3068/2884 467/2872/2721 2168/2871/2720
f 467/2872/2721 7/2999/2827 3418/2870/2719
f 2540/3069/2885 1551/3018/2843 2077/2901/2749
f 2560/3017/2842 2070/3070/1761 2559/3071/1710
f 1551/3018/2843 2540/3069/2885 1274/3072/2886
f 1460/2803/2661 1456/2832/2685 1451/2831/2684
f 2072/3073/2887 1551/3018/2843 1274/3072/2886
f 2090/3066/2882 111/3074/2888 2932/3075/2889
f 1014/3076/2890 2500/3077/2891 2499/2953/2789
f 2586/3078/1552 2587/3035/2857 2585/3036/1709
f 2224/3025/2849 2498/3027/2851 2521/3023/2847
f 3385/2920/2766 1599/2807/2342 1600/3000/2828
f 3424/3005/2832 1683/3039/2267 3427/3079/2412
f 2220/2968/2801 7/2999/2827 470/3080/2892
f 2965/2819/2673 3459/2929/2544 1592/2817/2456
f 140/3081/2893 2090/3066/2882 2935/2833/2686
f 2253/2848/2700 989/2824/2678 2241/2851/2703
f 2560/3017/2842 2072/3073/2887 2070/3070/1761
f 1274/3072/2886 2557/3082/1465 2566/3083/1585
f 2826/3031/2854 1788/2796/2655 2503/3084/2894
f 493/2951/2787 3462/2894/2742 481/2827/2681
f 1754/3085/2895 111/3074/2888 1443/2790/2649
f 108/2706/2577 3387/2936/2778 494/2924/2770
f 140/3081/2893 1454/3013/2838 111/3074/2888
f 2935/2833/2686 1456/2832/2685 140/3081/2893
f 2240/2849/2701 2495/2990/2820 1003/2850/2702
f 2090/3066/2882 140/3081/2893 111/3074/2888
f 2240/2849/2701 2253/2848/2700 2493/2884/2732
f 466/3086/2896 7/2999/2827 467/2872/2721
f 2497/3053/2872 1347/3087/2897 1014/3076/2890
f 140/3081/2893 1456/2832/2685 1460/2803/2661
f 481/2827/2681 3463/2875/2724 3391/2825/2679
f 1455/2854/2706 2456/2731/2599 117/2781/2641
f 2168/2871/2720 1970/2998/2826 465/3088/2898
f 3442/3089/2899 3419/3090/2900 465/3088/2898
f 2077/2901/2749 1282/2973/2806 2540/3069/2885
f 1444/2921/2767 140/3081/2893 1460/2803/2661
f 3395/2835/2688 493/2951/2787 481/2827/2681
f 1454/3013/2838 140/3081/2893 1444/2921/2767
f 2220/2968/2801 3584/2955/2791 1013/2859/2708
f 1454/3013/2838 1443/2790/2649 111/3074/2888
f 1254/3091/2901 106/3092/2902 1436/2776/2636
f 1436/2776/2636 107/3093/2903 1429/3094/2904
f 2591/2703/2575 46/3095/2905 2587/3035/2857
f 1348/3051/2870 2826/3031/2854 1345/3052/2871
f 3420/3096/2906 3452/3015/2840 3437/2813/2669
f 1007/2930/2773 2255/2932/2400 2285/3097/2440
f 107/3093/2903 2985/3098/2907 1429/3094/2904
f 1352/2885/2733 1350/2737/2603 2240/2849/2701
f 2985/3098/2907 107/3093/2903 1437/3099/2908
f 1391/2714/2583 1392/3100/2909 106/3092/2902
f 2590/3008/2835 2539/2899/2747 2077/2901/2749
f 585/2724/2593 70/2726/2595 71/2708/2579
f 3424/3005/2832 3427/3079/2412 3422/3101/2423
f 2942/3012/311 1468/2922/2768 1467/3102/2910
f 1790/3062/2878 2516/3103/2911 2520/2982/2813
f 2072/3073/2887 2560/3017/2842 1551/3018/2843
f 2245/2980/2811 1000/3029/2853 2224/3025/2849
f 1437/3099/2908 107/3093/2903 1440/3104/2912
f 1254/3091/2901 2944/2787/2646 1391/2714/2583
f 3463/2875/2724 488/2874/2723 3489/2889/2737
f 1439/3105/2913 2552/2963/2796 2089/3106/2914
f 1318/3045/2865 1780/3055/2874 1316/2976/2809
f 3441/3107/2915 3452/3015/2840 1609/2981/2812
f 3452/3015/2840 3420/3096/2906 1609/2981/2812
f 1853/3064/2880 2225/3108/1429 2232/3004/2831
f 110/2715/2584 103/2741/2607 109/2716/2585
f 1438/3109/2916 1440/3104/2912 1439/3105/2913
f 1349/2774/2634 1350/2737/2603 1351/2986/2817
f 1006/3019/2571 990/3011/2837 992/3048/2868
f 2503/3084/2894 2488/3042/2862 1786/3110/2917
f 2285/3097/2440 1006/3019/2571 1007/2930/2773
f 1440/3104/2912 107/3093/2903 1392/3100/2909
f 1353/2795/2654 2503/3084/2894 1788/2796/2655
f 1259/3111/2918 1439/3105/2913 1829/3112/2919
f 2516/3103/2911 2083/3113/2920 1014/3076/2890
f 2245/2980/2811 2224/3025/2849 2250/2942/2782
f 1286/3114/2921 1290/3115/2922 2554/3116/2923
f 3486/3002/2560 3487/2883/2731 3485/2947/2561
f 1258/3117/2924 1440/3104/2912 1392/3100/2909
f 3388/2933/2775 3463/2875/2724 3462/2894/2742
f 1440/3104/2912 1829/3112/2919 1439/3105/2913
f 1291/3118/2925 2537/3119/2926 1280/3120/2927
f 1288/3121/2928 1277/3122/2929 1811/2863/2712
f 1598/2818/2455 1591/2877/2725 1561/2816/2672
f 1810/3123/2930 1291/3118/2925 1290/3115/2922
f 2532/3124/2931 2535/3125/2932 3039/3126/2933
f 1440/3104/2912 1438/3109/2916 1437/3099/2908
f 1429/3094/2904 2929/3127/2934 1436/2776/2636
f 1435/3128/2935 1438/3109/2916 1439/3105/2913
f 1258/3117/2924 1259/3111/2918 1829/3112/2919
f 106/3092/2902 107/3093/2903 1436/2776/2636
f 3451/2935/2777 1600/3000/2828 3457/2806/2664
f 3489/2889/2737 3391/2825/2679 3463/2875/2724
f 2944/2787/2646 1254/3091/2901 1436/2776/2636
f 1435/3128/2935 1437/3099/2908 1438/3109/2916
f 992/3048/2868 990/3011/2837 991/2869/2718
f 1829/3112/2919 1440/3104/2912 1258/3117/2924
f 1512/3129/1035 1259/3111/2918 1511/3130/1146
f 1258/3117/2924 1391/2714/2583 1511/3130/1146
f 1392/3100/2909 107/3093/2903 106/3092/2902
f 1786/3110/2917 1787/3046/2866 1317/2975/2808
f 2494/2985/2816 2497/3053/2872 2086/2952/2788
f 2239/2873/2722 2238/2738/2604 3460/2903/2750
f 2423/3131/2936 2238/2738/2604 2239/2873/2722
f 1797/3043/2863 1366/3132/2937 1363/3133/2938
f 1781/3134/2939 2238/2738/2604 2423/3131/2936
f 1512/3129/1035 2549/3135/2940 1259/3111/2918
f 2486/3136/2941 1781/3134/2939 1359/3137/2942
f 2084/3138/2943 3443/3139/2944 2423/3131/2936
f 470/3080/2892 469/3140/2945 2220/2968/2801
f 2521/3023/2847 1550/2944/2783 2224/3025/2849
f 1497/2713/1158 121/3141/1147 1391/2714/2583
f 2516/3103/2911 1014/3076/2890 2520/2982/2813
f 1359/3137/2942 1781/3134/2939 1782/3142/2946
f 1357/3143/2947 2486/3136/2941 1359/3137/2942
f 2257/2946/2785 2255/2932/2400 2250/2942/2782
f 1258/3117/2924 1392/3100/2909 1391/2714/2583
f 121/3141/1147 1511/3130/1146 1391/2714/2583
f 2481/2797/2656 1366/3132/2937 1797/3043/2863
f 1254/3091/2901 1391/2714/2583 106/3092/2902
f 2549/3135/2940 1816/3144/1036 1741/3145/871
f 3406/3146/2948 891/3147/2949 471/3148/2950
f 1259/3111/2918 1258/3117/2924 1511/3130/1146
f 2500/3077/2891 2502/3041/2861 2499/2953/2789
f 2549/3135/2940 1512/3129/1035 1816/3144/1036
f 1259/3111/2918 2552/2963/2796 1439/3105/2913
f 1245/2775/2635 2944/2787/2646 1436/2776/2636
f 2944/2787/2646 1245/2775/2635 1244/2709/2580
f 2503/3084/2894 1346/2983/2814 1345/3052/2871
f 2423/3131/2936 2239/2873/2722 2237/2834/2687
f 2492/2773/2633 1350/2737/2603 1349/2774/2634
f 1790/3062/2878 2513/2974/2807 1322/3063/2879
f 891/3147/2949 1783/3149/2951 471/3148/2950
f 1603/2860/2709 3584/2955/2791 457/3150/2952
f 471/3148/2950 3446/3151/2953 469/3140/2945
f 2220/2968/2801 3446/3151/2953 3584/2955/2791
f 2179/3152/2954 3446/3151/2953 471/3148/2950
f 1014/3076/2890 1347/3087/2897 21/3153/2955
f 1361/3054/2873 1318/3045/2865 1796/3050/2869
f 2225/3108/1429 2506/2989/1483 2232/3004/2831
f 2588/3154/1611 1838/2704/1403 2591/2703/2575
f 2081/3155/498 2506/2989/1483 2225/3108/1429
f 457/3150/2952 2179/3152/2954 471/3148/2950
f 1774/3156/2956 471/3148/2950 469/3140/2945
f 2588/3154/1611 2587/3035/2857 2586/3078/1552
f 2481/2797/2656 2485/2994/2823 1366/3132/2937
f 1806/3157/915 2225/3108/1429 1853/3064/2880
f 2591/2703/2575 2587/3035/2857 2588/3154/1611
f 2238/2738/2604 2486/3136/2941 2489/3158/2957
f 3443/3139/2944 2084/3138/2943 1603/2860/2709
f 1796/3050/2869 1797/3043/2863 1363/3133/2938
f 2257/2946/2785 2250/2942/2782 1550/2944/2783
f 469/3140/2945 470/3080/2892 1774/3156/2956
f 469/3140/2945 3446/3151/2953 2220/2968/2801
f 46/3095/2905 2556/3159/2958 2524/2956/2792
f 2238/2738/2604 2489/3158/2957 2487/2736/2602
f 1808/2705/2576 1281/3160/2959 2556/3159/2958
f 1606/3006/2833 3424/3005/2832 3422/3101/2423
f 1274/3072/2886 2540/3069/2885 2557/3082/1465
f 2591/2703/2575 1808/2705/2576 46/3095/2905
f 46/3095/2905 1808/2705/2576 2556/3159/2958
f 2587/3035/2857 46/3095/2905 2524/2956/2792
f 2497/3053/2872 2494/2985/2816 2807/2853/2705
f 1781/3134/2939 3443/3139/2944 1782/3142/2946
f 1281/3160/2959 1276/2900/2748 2556/3159/2958
f 2524/2956/2792 2556/3159/2958 2539/2899/2747
f 1782/3142/2946 3443/3139/2944 457/3150/2952
f 1317/2975/2808 2515/2984/2815 1346/2983/2814
f 21/3153/2955 2520/2982/2813 1014/3076/2890
f 3446/3151/2953 2179/3152/2954 3584/2955/2791
f 2178/2727/1927 3447/3161/1929 3449/2728/2596
f 2083/3113/2920 2082/3024/2848 1014/3076/2890
f 1322/3063/2879 1855/3065/2881 2517/3037/2858
f 2497/3053/2872 2807/2853/2705 1348/3051/2870
f 2084/3138/2943 2423/3131/2936 2237/2834/2687
f 1782/3142/2946 471/3148/2950 1783/3149/2951
f 1318/3045/2865 1316/2976/2809 1317/2975/2808
f 2516/3103/2911 1790/3062/2878 2083/3113/2920
f 3584/2955/2791 2179/3152/2954 457/3150/2952
f 2520/2982/2813 21/3153/2955 1346/2983/2814
f 1603/2860/2709 457/3150/2952 3443/3139/2944
f 1599/2807/2342 3449/2728/2596 3447/3161/1929
f 2423/3131/2936 3443/3139/2944 1781/3134/2939
f 2499/2953/2789 998/2887/2735 2501/2852/2704
f 2238/2738/2604 1781/3134/2939 2486/3136/2941
f 1852/2988/2819 2227/2987/2818 2083/3113/2920
f 2525/2957/1595 2590/3008/2835 2560/3017/2842
f 2514/3026/2850 1009/3028/2852 2502/3041/2861
f 1782/3142/2946 457/3150/2952 471/3148/2950
f 2521/3023/2847 2244/3061/2877 1550/2944/2783
f 471/3148/2950 1774/3156/2956 3406/3146/2948
f 1359/3137/2942 1782/3142/2946 1783/3149/2951
f 1790/3062/2878 2517/3037/2858 2083/3113/2920
f 2227/2987/2818 2082/3024/2848 2083/3113/2920
f 1606/3006/2833 3422/3101/2423 3420/3096/2906
f 2517/3037/2858 1852/2988/2819 2083/3113/2920
f 2515/2984/2815 1790/3062/2878 2520/2982/2813
f 2256/2945/2784 2244/3061/2877 2243/2978/2810
f 2244/3061/2877 2256/2945/2784 1550/2944/2783
f 2487/2736/2602 1784/2995/2824 1351/2986/2817
f 2258/2992/2821 2248/3060/1548 973/3162/1576
f 1315/3163/916 1806/3157/915 1853/3064/2880
f 2085/3164/2960 2488/3042/2862 1798/3044/2864
f 2513/2974/2807 1316/2976/2809 2523/3165/2961
f 1317/2975/2808 1346/2983/2814 1786/3110/2917
f 2500/3077/2891 2082/3024/2848 2498/3027/2851
f 2519/3166/2962 2821/3167/2963 1322/3063/2879
f 2082/3024/2848 2521/3023/2847 2498/3027/2851
f 2085/3164/2960 1786/3110/2917 2488/3042/2862
f 2499/2953/2789 2497/3053/2872 1014/3076/2890
f 1345/3052/2871 1346/2983/2814 21/3153/2955
f 3421/2993/2822 3429/2949/2786 1681/3168/2307
f 998/2887/2735 1009/3028/2852 1008/3040/2860
f 1271/3169/2964 1283/3170/2965 2536/3171/2966
f 2502/3041/2861 2500/3077/2891 2498/3027/2851
f 1317/2975/2808 1787/3046/2866 1318/3045/2865
f 1347/3087/2897 2497/3053/2872 1345/3052/2871
f 1854/3038/2859 2517/3037/2858 1855/3065/2881
f 3420/3096/2906 3422/3101/2423 458/2744/2438
f 1687/3172/2244 3429/2949/2786 2995/2950/2242
f 2494/2985/2816 2086/2952/2788 2501/2852/2704
f 2481/2797/2656 2488/3042/2862 1353/2795/2654
f 2807/2853/2705 1349/2774/2634 1549/3032/2855
f 3153/3030/2266 3421/2993/2822 1681/3168/2307
f 1854/3038/2859 2232/3004/2831 1852/2988/2819
f 1790/3062/2878 2515/2984/2815 2513/2974/2807
f 1687/3172/2244 1681/3168/2307 3429/2949/2786
f 1353/2795/2654 2488/3042/2862 2503/3084/2894
f 1549/3032/2855 2491/3047/2867 1788/2796/2655
f 1310/3173/2967 2821/3167/2963 1307/3174/2968
f 2495/2990/2820 2240/2849/2701 2492/2773/2633
f 2821/3167/2963 1315/3163/916 1853/3064/2880
f 2821/3167/2963 1853/3064/2880 1855/3065/2881
f 2826/3031/2854 2503/3084/2894 1345/3052/2871
f 3487/2883/2731 3488/2882/2730 3485/2947/2561
f 1323/3175/2969 2519/3166/2962 1322/3063/2879
f 1970/2998/2826 1682/2997/2825 3436/3176/2970
f 3038/2979/2128 2243/2978/2810 2249/2991/1723
f 1682/2997/2825 3438/3177/2490 3445/2960/2489
f 1981/3178/1629 2941/2800/2658 2940/2906/2753
f 1314/3179/2971 2518/3180/914 1310/3173/2967
f 48/2732/2600 47/2912/2759 54/2959/2793
f 1310/3173/2967 1315/3163/916 2821/3167/2963
f 2968/2892/2740 210/2814/2670 3434/3181/2972
f 1845/3182/1399 1281/3160/2959 1808/2705/2576
f 1289/3183/2973 1810/3123/2930 1290/3115/2922
f 2554/3116/2923 1303/3184/2974 1286/3114/2921
f 3437/2813/2669 3452/3015/2840 2028/2886/2734
f 3437/2813/2669 3432/2815/2671 1606/3006/2833
f 1785/2820/2674 2464/3185/2975 1245/2775/2635
f 1245/2775/2635 2464/3185/2975 1244/2709/2580
f 3417/3186/2976 3442/3089/2899 3434/3181/2972
f 1785/2820/2674 2840/2822/2676 31/2821/2675
f 2964/3187/2977 2972/2897/2745 2968/2892/2740
f 2464/3185/2975 1457/2710/2581 1244/2709/2580
f 1496/2712/459 1391/2714/2583 1243/2711/2582
f 1811/2863/2712 1804/2919/2765 1288/3121/2928
f 1607/2893/2741 2968/2892/2740 2972/2897/2745
f 122/3188/299 1243/2711/2582 147/2740/2606
f 3441/3107/2915 1609/2981/2812 3385/2920/2766
f 1243/2711/2582 1457/2710/2581 147/2740/2606
f 2553/2755/2617 1548/2739/2605 31/2821/2675
f 114/3189/2978 1548/2739/2605 2936/2757/2619
f 1810/3123/2930 1283/3170/2965 1285/3190/2979
f 2509/3191/2980 2519/3166/2962 1323/3175/2969
f 1458/2769/300 122/3188/299 147/2740/2606
f 3439/3192/2981 2220/2968/2801 2233/2967/2800
f 1285/3190/2979 1276/2900/2748 1281/3160/2959
f 1755/3193/2982 143/2789/2648 2466/2842/2695
f 147/2740/2606 1548/2739/2605 114/3189/2978
f 143/2789/2648 1755/3193/2982 141/3194/2983
f 147/2740/2606 114/3189/2978 1458/2769/300
f 1003/2850/2702 2495/2990/2820 2252/2846/2698
f 141/3194/2983 142/2940/2781 143/2789/2648
f 1754/3085/2895 1443/2790/2649 143/2789/2648
f 1284/3195/2984 1285/3190/2979 97/3196/2985
f 1785/2820/2674 1548/2739/2605 2464/3185/2975
f 115/2756/2618 2553/2755/2617 2455/3009/2836
f 1443/2790/2649 1454/3013/2838 1442/2791/2650
f 2535/3125/2932 1304/3197/2986 1800/3198/2987
f 1314/3179/2971 1310/3173/2967 1312/3199/2988
f 2930/2766/2628 2466/2842/2695 1441/2841/2694
f 2526/3200/2989 1310/3173/2967 1307/3174/2968
f 155/3201/1415 2983/3202/2990 1296/3203/2991
f 2531/3204/1416 2530/3205/1114 1311/3206/1417
f 2526/3200/2989 1312/3199/2988 1310/3173/2967
f 204/3207/2992 7/2999/2827 3439/3192/2981
f 118/2910/2757 119/2767/2629 2930/2766/2628
f 1517/3208/308 1515/3058/298 1516/3057/2876
f 3454/2729/2597 1609/2981/2812 3420/3096/2906
f 155/3201/1415 1292/3209/2993 2983/3202/2990
f 1548/2739/2605 1457/2710/2581 2464/3185/2975
f 142/2940/2781 1409/2939/2780 1754/3085/2895
f 1441/2841/2694 1454/3013/2838 1733/2909/2756
f 1292/3209/2993 155/3201/1415 1302/3210/1426
f 1463/3056/2875 115/2756/2618 119/2767/2629
f 2168/2871/2720 459/3211/2994 468/3068/2884
f 123/2770/2631 1462/2802/2660 145/3059/1068
f 2542/2908/2755 1271/3169/2964 2541/3212/2995
f 119/2767/2629 118/2910/2757 1463/3056/2875
f 1804/2919/2765 2550/2761/2623 1273/3213/2996
f 1284/3195/2984 97/3196/2985 1296/3203/2991
f 1786/3110/2917 2085/3164/2960 1787/3046/2866
f 3600/3214/1428 1311/3206/1417 1312/3199/2988
f 1822/2752/870 2076/2918/2764 1741/3145/871
f 1459/2879/2727 123/2770/2631 1458/2769/300
f 1296/3203/2991 2984/3215/2997 155/3201/1415
f 353/2844/2463 358/2843/2696 2971/3010/2460
f 1462/2802/2660 1516/3057/2876 145/3059/1068
f 1296/3203/2991 97/3196/2985 2984/3215/2997
f 1260/3216/2998 2550/2761/2623 1803/2961/2794
f 1838/2704/1403 1845/3182/1399 1808/2705/2576
f 1360/2938/2779 1405/2754/2616 1409/2939/2780
f 1283/3170/2965 1276/2900/2748 1285/3190/2979
f 1292/3209/2993 2534/3217/2999 2983/3202/2990
f 1280/3120/2927 3039/3126/2933 2554/3116/2923
f 1296/3203/2991 2537/3119/2926 1284/3195/2984
f 2531/3204/1416 1301/3218/1414 1305/3219/3000
f 1275/3220/3001 2536/3171/2966 1812/3221/3002
f 2070/3070/1761 2072/3073/2887 2566/3083/1585
f 1282/2973/2806 1271/3169/2964 2542/2908/2755
f 1733/2909/2756 1454/3013/2838 1444/2921/2767
f 110/2715/2584 1409/2939/2780 1405/2754/2616
f 2537/3119/2926 1296/3203/2991 2983/3202/2990
f 1812/3221/3002 2536/3171/2966 1289/3183/2973
f 1407/2934/2776 2926/2743/2609 2927/3222/3003
f 1292/3209/2993 1302/3210/1426 2534/3217/2999
f 2550/2761/2623 1804/2919/2765 2551/2954/2790
f 2534/3217/2999 1302/3210/1426 2532/3124/2931
f 1280/3120/2927 2554/3116/2923 1291/3118/2925
f 1444/2921/2767 1463/3056/2875 1733/2909/2756
f 1290/3115/2922 1291/3118/2925 2554/3116/2923
f 2532/3124/2931 1802/3223/1424 1304/3197/2986
f 1468/2922/2768 1516/3057/2876 1461/2801/2659
f 1469/2923/2769 1468/2922/2768 1461/2801/2659
f 1320/2742/2608 2927/3222/3003 2926/2743/2609
f 1516/3057/2876 1468/2922/2768 1517/3208/308
f 1461/2801/2659 1516/3057/2876 1462/2802/2660
f 110/2715/2584 2931/2792/2651 1409/2939/2780
f 1312/3199/2988 1801/3224/3004 3600/3214/1428
f 1794/2966/2799 2555/3225/3005 2079/3226/3006
f 1264/3227/3007 2557/3082/1465 2540/3069/2885
f 2537/3119/2926 1810/3123/2930 1284/3195/2984
f 2079/3226/3006 2073/2962/2795 2551/2954/2790
f 2983/3202/2990 1280/3120/2927 2537/3119/2926
f 117/2781/2641 1467/3102/2910 1468/2922/2768
f 1288/3121/2928 1813/3228/3008 1812/3221/3002
f 119/2767/2629 2455/3009/2836 2938/2768/2630
f 1794/2966/2799 2079/3226/3006 1278/2864/2713
f 2931/2792/2651 2932/3075/2889 1409/2939/2780
f 1271/3169/2964 1282/2973/2806 1283/3170/2965
f 2534/3217/2999 3039/3126/2933 1280/3120/2927
f 2554/3116/2923 3039/3126/2933 2528/3229/3009
f 2528/3229/3009 1303/3184/2974 2554/3116/2923
f 1547/2730/2598 2460/3230/3010 1464/2905/2752
f 1462/2802/2660 1444/2921/2767 1460/2803/2661
f 2942/3012/311 1467/3102/2910 1466/2799/2657
f 1810/3123/2930 1289/3183/2973 2536/3171/2966
f 2533/3231/3011 2528/3229/3009 2535/3125/2932
f 1312/3199/2988 2526/3200/2989 1801/3224/3004
f 3039/3126/2933 2535/3125/2932 2528/3229/3009
f 2458/3232/3012 2932/3075/2889 2931/2792/2651
f 2537/3119/2926 1291/3118/2925 1810/3123/2930
f 2983/3202/2990 2534/3217/2999 1280/3120/2927
f 1800/3198/2987 2526/3200/2989 1294/3233/3013
f 1264/3227/3007 2540/3069/2885 1282/2973/2806
f 1849/3234/1408 2596/3235/1396 2595/3236/1125
f 1260/3216/2998 1262/2914/2761 1739/2762/2624
f 2090/3066/2882 2932/3075/2889 2458/3232/3012
f 1283/3170/2965 1810/3123/2930 2536/3171/2966
f 1795/2965/2798 1263/2964/2797 1277/3122/2929
f 1304/3197/2986 1801/3224/3004 1800/3198/2987
f 2527/3237/3014 1294/3233/3013 2526/3200/2989
f 1407/2934/2776 1895/3238/3015 1544/2793/2652
f 2527/3237/3014 1307/3174/2968 2509/3191/2980
f 2532/3124/2931 1304/3197/2986 2535/3125/2932
f 1271/3169/2964 2536/3171/2966 1275/3220/3001
f 2566/3083/1585 2072/3073/2887 1274/3072/2886
f 2526/3200/2989 1307/3174/2968 2527/3237/3014
f 2090/3066/2882 2458/3232/3012 1453/3067/2883
f 1304/3197/2986 3600/3214/1428 1801/3224/3004
f 2073/2962/2795 1832/3239/3016 2552/2963/2796
f 1821/2753/2615 1823/2867/2716 1824/2751/2614
f 2542/2908/2755 1264/3227/3007 1282/2973/2806
f 2541/3212/2995 1271/3169/2964 1275/3220/3001
f 1795/2965/2798 2080/3240/3017 1794/2966/2799
f 1466/2799/2657 1547/2730/2598 1464/2905/2752
f 1460/2803/2661 1455/2854/2706 1461/2801/2659
f 1279/3241/3018 1287/3242/3019 1277/3122/2929
f 2558/2943/886 2557/3082/1465 1264/3227/3007
f 2542/2908/2755 2558/2943/886 1264/3227/3007
f 1312/3199/2988 1311/3206/1417 2530/3205/1114
f 1845/3182/1399 1295/3243/1401 2984/3215/2997
f 1289/3183/2973 1290/3115/2922 2538/3244/3020
f 1323/3175/2969 2513/2974/2807 2523/3165/2961
f 2533/3231/3011 1800/3198/2987 1294/3233/3013
f 1279/3241/3018 1812/3221/3002 1289/3183/2973
f 1466/2799/2657 1464/2905/2752 2941/2800/2658
f 1288/3121/2928 1812/3221/3002 1279/3241/3018
f 1279/3241/3018 1289/3183/2973 2538/3244/3020
f 1461/2801/2659 117/2781/2641 1469/2923/2769
f 2548/3245/3021 2541/3212/2995 1275/3220/3001
f 1285/3190/2979 2984/3215/2997 97/3196/2985
f 2548/3245/3021 2562/2866/2715 2541/3212/2995
f 1466/2799/2657 1467/3102/2910 117/2781/2641
f 1288/3121/2928 1804/2919/2765 1813/3228/3008
f 1290/3115/2922 1286/3114/2921 2538/3244/3020
f 1287/3242/3019 1279/3241/3018 2538/3244/3020
f 1286/3114/2921 1287/3242/3019 2538/3244/3020
f 2459/2778/2638 2931/2792/2651 1544/2793/2652
f 1811/2863/2712 1277/3122/2929 1263/2964/2797
f 1303/3184/2974 2533/3231/3011 1809/3246/3022
f 1802/3223/1424 2532/3124/2931 2802/3247/1421
f 2079/3226/3006 2551/2954/2790 1831/2862/2711
f 2534/3217/2999 2532/3124/2931 3039/3126/2933
f 1286/3114/2921 1303/3184/2974 1287/3242/3019
f 1809/3246/3022 1287/3242/3019 1303/3184/2974
f 1277/3122/2929 1287/3242/3019 1795/2965/2798
f 1455/2854/2706 117/2781/2641 1461/2801/2659
f 2931/2792/2651 2459/2778/2638 2458/3232/3012
f 2552/2963/2796 1832/3239/3016 2089/3106/2914
f 2459/2778/2638 1544/2793/2652 3355/2779/2639
f 1982/2786/348 205/2785/2645 188/3248/404
f 2560/3017/2842 2559/3071/1710 2525/2957/1595
f 2458/3232/3012 2459/2778/2638 2468/2720/2589
f 3600/3214/1428 1304/3197/2986 1802/3223/1424
f 1243/2711/2582 1391/2714/2583 2944/2787/2646
f 1285/3190/2979 1845/3182/1399 2984/3215/2997
f 2079/3226/3006 2555/3225/3005 2073/2962/2795
f 1811/2863/2712 1263/2964/2797 1278/2864/2713
f 2933/2719/2588 2935/2833/2686 1453/3067/2883
f 1824/2751/2614 1262/2914/2761 2076/2918/2764
f 2548/3245/3021 1739/2762/2624 1823/2867/2716
f 1447/2780/2640 582/2794/2653 3353/2707/2578
f 2457/2895/2743 1446/2718/2587 1447/2780/2640
f 2239/2873/2722 3460/2903/2750 2241/2851/2703
f 1446/2718/2587 2459/2778/2638 1447/2780/2640
f 1459/2879/2727 114/3189/2978 2936/2757/2619
f 3434/3181/2972 3442/3089/2899 2968/2892/2740
f 2933/2719/2588 112/2878/2726 2935/2833/2686
f 1287/3242/3019 1809/3246/3022 1309/3249/3023
f 2933/2719/2588 1453/3067/2883 2468/2720/2589
f 1260/3216/2998 1803/2961/2794 2552/2963/2796
f 582/2794/2653 3404/2788/2647 3353/2707/2578
f 2562/2866/2715 2542/2908/2755 2541/3212/2995
f 2930/2766/2628 1441/2841/2694 1733/2909/2756
f 48/2732/2600 2456/2731/2599 1452/2913/2760
f 1278/2864/2713 1263/2964/2797 1794/2966/2799
f 2457/2895/2743 1450/2747/2612 1446/2718/2587
f 562/3250/3024 565/2723/2592 2136/3251/3025
f 2456/2731/2599 1451/2831/2684 1452/2913/2760
f 47/2912/2759 48/2732/2600 1452/2913/2760
f 1803/2961/2794 2551/2954/2790 2073/2962/2795
f 2073/2962/2795 2555/3225/3005 1832/3239/3016
f 1795/2965/2798 1309/3249/3023 2080/3240/3017
f 112/2878/2726 1448/2911/2758 1451/2831/2684
f 2964/3187/2977 2968/2892/2740 3442/3089/2899
f 2550/2761/2623 1272/2760/2622 1273/3213/2996
f 1445/2758/2620 2457/2895/2743 494/2924/2770
f 1294/3233/3013 1293/3252/3026 2533/3231/3011
f 2933/2719/2588 1448/2911/2758 112/2878/2726
f 1450/2747/2612 1445/2758/2620 3549/2745/2610
f 3388/2933/2775 2965/2819/2673 3463/2875/2724
f 1549/3032/2855 2826/3031/2854 1348/3051/2870
f 3395/2835/2688 3389/2837/2690 493/2951/2787
f 2235/2748/2613 2236/2805/2663 1603/2860/2709
f 2509/3191/2980 1388/3253/3027 2527/3237/3014
f 1449/2765/2627 113/2970/2803 2933/2719/2588
f 2173/2829/2683 3394/2826/2680 3391/2825/2679
f 3437/2813/2669 1606/3006/2833 3420/3096/2906
f 3445/2960/2489 3431/2898/2746 3435/3033/2856
f 1804/2919/2765 1273/3213/2996 1813/3228/3008
f 3435/3033/2856 3431/2898/2746 2972/2897/2745
f 1445/2758/2620 494/2924/2770 3414/2759/2621
f 2174/3254/3028 2028/2886/2734 3440/3021/2845
f 1323/3175/2969 1322/3063/2879 2513/2974/2807
f 3424/3005/2832 3432/2815/2671 3598/2925/2771
f 458/2744/2438 3454/2729/2597 3420/3096/2906
f 43/2926/2772 1686/2896/2744 3429/2949/2786
f 3441/3107/2915 3385/2920/2766 37/3016/2841
f 1796/3050/2869 1798/3044/2864 1797/3043/2863
f 3417/3186/2976 3419/3090/2900 3442/3089/2899
f 2076/2918/2764 1260/3216/2998 2549/3135/2940
f 7/2999/2827 466/3086/2896 470/3080/2892
f 37/3016/2841 3385/2920/2766 3386/3001/2829
f 1276/2900/2748 1283/3170/2965 1282/2973/2806
f 450/3255/3029 3536/3256/3030 454/3257/3031
f 100/3258/3032 1780/3055/2874 101/3259/3033
f 2939/3260/3034 1760/3261/3035 2938/2768/2630
f 1361/3054/2873 1383/3262/3036 1779/3263/3037
f 1354/3264/3038 2490/3265/3039 2489/3158/2957
f 1611/3266/3040 2844/3267/3041 2157/3268/3042
f 1393/3269/3043 2924/3270/3044 1385/3271/3045
f 1597/3272/3046 2490/3265/3039 2476/3273/3047
f 2116/3274/3048 3450/3275/3049 576/3276/3050
f 3444/3277/3051 474/3020/2844 3399/3022/2846
f 3414/2759/2621 494/2924/2770 3387/2936/2778
f 1780/3055/2874 1383/3262/3036 101/3259/3033
f 528/3278/3052 531/3279/3053 533/3280/3054
f 1755/3193/2982 1360/2938/2779 141/3194/2983
f 2982/3281/3055 149/3282/3056 105/3283/3057
f 2485/2994/2823 2477/3284/3058 2480/3285/3059
f 1413/3286/3060 105/3283/3057 149/3282/3056
f 533/3280/3054 532/3287/3061 528/3278/3052
f 2127/3288/3062 2159/3289/3063 491/3290/3064
f 1371/3291/3065 2475/3292/3066 1379/3293/3067
f 491/3290/3064 2159/3289/3063 3408/3294/3068
f 1760/3261/3035 2979/3295/3069 2466/2842/2695
f 2119/3296/3070 582/2794/2653 1895/3238/3015
f 2126/3297/3071 2125/3298/3072 2109/3299/3073
f 299/2746/2611 1982/2786/348 1449/2765/2627
f 2510/3300/3074 2471/3301/3075 2925/3302/3076
f 528/3278/3052 529/3303/3077 531/3279/3053
f 3360/3304/3078 3363/3305/3079 3364/3306/3080
f 2469/3307/3081 2470/3308/3082 1370/3309/3083
f 3400/3310/3084 3386/3001/2829 3384/3311/3085
f 3405/3312/3086 2180/3313/3087 3553/3314/3088
f 2471/3301/3075 1396/3315/3089 102/3316/3090
f 1368/3317/3091 1359/3137/2942 1367/3318/3092
f 1971/3319/3093 492/2836/2689 3395/2835/2688
f 3549/2745/2610 3414/2759/2621 205/2785/2645
f 143/2789/2648 142/2940/2781 1754/3085/2895
f 2133/3320/3094 575/2722/2591 558/3321/3095
f 586/3322/3096 577/3323/3097 580/3324/3098
f 1779/3263/3037 1383/3262/3036 1780/3055/2874
f 1358/3325/3099 1362/3326/3100 1355/3327/3101
f 476/3328/3102 3444/3277/3051 3402/3329/3103
f 2159/3289/3063 2127/3288/3062 2161/3330/3104
f 1625/3331/3105 3404/2788/2647 2119/3296/3070
f 589/3332/3106 566/3333/827 567/3334/3107
f 3501/3335/3108 557/3336/3109 3497/3337/3110
f 3497/3337/3110 557/3336/3109 3359/3338/3111
f 2512/3339/3112 1384/3340/3113 198/3341/3114
f 465/3088/2898 1970/2998/2826 3442/3089/2899
f 2844/3267/3041 2167/3342/3115 3410/3343/3116
f 3501/3335/3108 3364/3306/3080 3363/3305/3079
f 3410/3343/3116 2363/3344/3117 2844/3267/3041
f 2512/3339/3112 1761/3345/3118 1384/3340/3113
f 2167/3342/3115 2361/3346/3119 3410/3343/3116
f 1410/3347/3120 2467/3348/3121 144/3349/3122
f 2978/3350/3123 144/3349/3122 1257/3351/3124
f 2118/3352/530 169/3353/3125 2109/3299/3073
f 3411/3354/3126 459/3211/2994 478/3355/3127
f 3535/3356/3128 529/3303/3077 536/3357/3129
f 3395/2835/2688 2155/2828/2682 1971/3319/3093
f 1384/3340/3113 1761/3345/3118 1385/3271/3045
f 1398/3358/3130 1405/2754/2616 1396/3315/3089
f 3396/3359/3131 3390/3360/3132 492/2836/2689
f 1255/3361/3133 1257/3351/3124 1256/3362/3134
f 2474/3363/3135 2852/3364/3136 2819/3365/3137
f 2484/3366/3138 1597/3272/3046 1784/2995/2824
f 1614/3367/3139 466/3086/2896 3407/3368/3140
f 891/3147/2949 3412/3369/3141 1367/3318/3092
f 3413/3370/3142 1684/3371/3143 1625/3331/3105
f 2125/3298/3072 2124/3372/3144 2109/3299/3073
f 589/3332/3106 590/3373/3145 579/3374/826
f 2169/3375/3146 1614/3367/3139 2164/3376/3147
f 1449/2765/2627 1982/2786/348 2934/2971/2804
f 2523/3165/2961 1324/3377/3148 1388/3253/3027
f 482/3378/3149 2152/3379/3150 486/3380/3151
f 2142/3381/979 2132/3382/3152 2143/3383/3153
f 1374/3384/3154 2473/3385/3155 1356/3386/3156
f 3499/3387/3157 445/3388/3158 444/3389/3159
f 484/3390/3160 483/3391/3161 556/3392/3162
f 1403/3393/3163 1778/3394/3164 3413/3370/3142
f 445/3388/3158 451/3395/3165 443/3396/3166
f 529/3303/3077 3535/3356/3128 531/3279/3053
f 1372/3397/3167 1377/3398/3168 1379/3293/3067
f 171/3399/3169 172/3007/2834 3415/2735/2601
f 2978/3350/3123 1772/3400/3170 1386/3401/3171
f 2820/3402/3172 148/3403/3173 2922/3404/3174
f 461/3405/3175 475/3406/3176 478/3355/3127
f 3393/3407/3177 1971/3319/3093 3398/3408/3178
f 1793/3409/3179 1393/3269/3043 1761/3345/3118
f 198/3341/3114 2922/3404/3174 149/3282/3056
f 2128/3410/3180 592/3411/3181 3450/3275/3049
f 1309/3249/3023 1795/2965/2798 1287/3242/3019
f 3450/3275/3049 2156/3412/3182 2161/3330/3104
f 478/3355/3127 3419/3090/2900 461/3405/3175
f 1777/3413/3183 1776/3414/3184 2480/3285/3059
f 1625/3331/3105 464/3415/3185 3404/2788/2647
f 1623/3416/3186 524/3417/3187 3501/3335/3108
f 593/3418/3188 579/3374/826 590/3373/3145
f 445/3388/3158 3499/3387/3157 555/3419/3189
f 1400/3420/3190 2923/3421/3191 2472/3422/3192
f 3496/3423/3193 444/3389/3159 443/3396/3166
f 2465/3424/3194 1399/3425/3195 1373/3426/3196
f 592/3411/3181 590/3373/3145 576/3276/3050
f 1617/3427/3197 2123/3428/3198 2169/3375/3146
f 2162/2890/2738 453/2865/2714 450/3255/3029
f 1255/3361/3133 1256/3362/3134 1429/3094/2904
f 1800/3198/2987 2533/3231/3011 2535/3125/2932
f 1435/3128/2935 2089/3106/2914 1253/3429/3199
f 60/3430/3200 486/3380/3151 2152/3379/3150
f 3414/2759/2621 462/2763/2625 2997/2734/440
f 2362/3431/3201 2361/3346/3119 2167/3342/3115
f 491/3290/3064 1540/3432/3202 490/3433/3203
f 552/3434/3204 557/3336/3109 554/3435/3205
f 1362/3326/3100 1358/3325/3099 1369/3436/3206
f 1320/2742/2608 103/2741/2607 2510/3300/3074
f 1404/3437/3207 1407/2934/2776 2927/3222/3003
f 1376/3438/3208 1372/3397/3167 1375/3439/3209
f 3360/3304/3078 538/3440/3210 3363/3305/3079
f 3536/3256/3030 483/3391/3161 2850/3441/3211
f 1325/3442/3212 1435/3128/2935 1799/3443/3213
f 3411/3354/3126 2165/3444/3214 480/3445/3215
f 2161/3330/3104 2156/3412/3182 2160/3446/3216
f 555/3419/3189 2183/3447/3217 539/3448/3218
f 1382/3449/3219 1761/3345/3118 1383/3262/3036
f 584/2725/2594 3415/2735/2601 462/2763/2625
f 2127/3288/3062 2128/3410/3180 2161/3330/3104
f 3497/3337/3110 539/3448/3218 1623/3416/3186
f 3498/3450/3220 1624/2784/2644 440/2783/2643
f 2123/3428/3198 1617/3427/3197 2167/3342/3115
f 2482/3451/3221 2479/3452/3222 2478/3453/3223
f 1308/3454/3224 1325/3442/3212 1799/3443/3213
f 592/3411/3181 593/3418/3188 590/3373/3145
f 2167/3342/3115 1613/3455/3225 2166/3456/3226
f 2175/3457/3227 1617/3427/3197 2164/3376/3147
f 538/3440/3210 554/3435/3205 3363/3305/3079
f 1436/2776/2636 2929/3127/2934 2980/2777/2637
f 2155/2828/2682 487/3458/3228 3398/3408/3178
f 2477/3284/3058 2473/3385/3155 1375/3439/3209
f 1597/3272/3046 2476/3273/3047 2477/3284/3058
f 3535/3356/3128 3361/3459/3229 531/3279/3053
f 1365/3460/3230 1364/3461/3231 1777/3413/3183
f 526/3462/3232 3360/3304/3078 3364/3306/3080
f 2478/3453/3223 2479/3452/3222 2480/3285/3059
f 592/3411/3181 2128/3410/3180 594/3463/3233
f 2922/3404/3174 199/3464/3234 149/3282/3056
f 1308/3454/3224 1309/3249/3023 1809/3246/3022
f 485/3465/3235 2171/3466/3236 591/3467/3237
f 1380/3468/3238 1396/3315/3089 1386/3401/3171
f 313/3469/3239 2979/3295/3069 1759/3470/3240
f 1375/3439/3209 2852/3364/3136 1376/3438/3208
f 2852/3364/3136 2474/3363/3135 1376/3438/3208
f 1810/3123/2930 1285/3190/2979 1284/3195/2984
f 1435/3128/2935 1253/3429/3199 1799/3443/3213
f 2533/3231/3011 1293/3252/3026 1809/3246/3022
f 1384/3340/3113 2924/3270/3044 2820/3402/3172
f 533/3280/3054 3360/3304/3078 526/3462/3232
f 1774/3156/2956 3412/3369/3141 3406/3146/2948
f 2553/2755/2617 31/2821/2675 2840/2822/2676
f 454/3257/3031 3536/3256/3030 2850/3441/3211
f 1009/3028/2852 2499/2953/2789 2502/3041/2861
f 1609/2981/2812 3449/2728/2596 3385/2920/2766
f 1895/3238/3015 582/2794/2653 3355/2779/2639
f 473/3471/3241 477/3472/3242 3401/3473/3243
f 2510/3300/3074 2925/3302/3076 1400/3420/3190
f 1370/3309/3083 1382/3449/3219 1365/3460/3230
f 2080/3240/3017 1309/3249/3023 1799/3443/3213
f 582/2794/2653 2119/3296/3070 3404/2788/2647
f 2552/2963/2796 2549/3135/2940 1260/3216/2998
f 533/3280/3054 526/3462/3232 532/3287/3061
f 47/2912/2759 1448/2911/2758 2934/2971/2804
f 1356/3386/3156 1355/3327/3101 1362/3326/3100
f 3358/3474/473 591/3467/3237 572/3475/3244
f 2497/3053/2872 2499/2953/2789 2086/2952/2788
f 1257/3351/3124 1255/3361/3133 199/3464/3234
f 1429/3094/2904 105/3283/3057 1413/3286/3060
f 1321/3476/3245 1388/3253/3027 1324/3377/3148
f 2235/2748/2613 2237/2834/2687 1004/2823/2677
f 3400/3310/3084 3408/3294/3068 3402/3329/3103
f 1319/3477/3246 98/3478/3247 1381/3479/3248
f 987/2839/2692 2253/2848/2700 2252/2846/2698
f 2028/2886/2734 2174/3254/3028 210/2814/2670
f 2116/3274/3048 586/3322/3096 2859/3480/3249
f 2480/3285/3059 1776/3414/3184 1366/3132/2937
f 1786/3110/2917 1346/2983/2814 2503/3084/2894
f 1623/3416/3186 2141/3481/3250 524/3417/3187
f 1429/3094/2904 1435/3128/2935 105/3283/3057
f 1009/3028/2852 998/2887/2735 2499/2953/2789
f 2242/2845/2697 353/2844/2463 2254/2915/2565
f 3435/3033/2856 2972/2897/2745 2964/3187/2977
f 531/3279/3053 553/3482/3251 2143/3383/3153
f 2549/3135/2940 1741/3145/871 2076/2918/2764
f 2818/3483/3252 2817/3484/3253 2819/3365/3137
f 2480/3285/3059 2477/3284/3058 2478/3453/3223
f 2143/3383/3153 533/3280/3054 531/3279/3053
f 1377/3398/3168 2817/3484/3253 1373/3426/3196
f 3598/2925/2771 3432/2815/2671 1608/2891/2739
f 37/3016/2841 3399/3022/2846 460/3014/2839
f 3400/3310/3084 3402/3329/3103 3399/3022/2846
f 480/3445/3215 1610/3485/3254 2175/3457/3227
f 2964/3187/2977 3442/3089/2899 3436/3176/2970
f 1390/3486/3255 2924/3270/3044 1395/3487/3256
f 3386/3001/2829 3451/2935/2777 3384/3311/3085
f 3363/3305/3079 554/3435/3205 557/3336/3109
f 1603/2860/2709 2084/3138/2943 2235/2748/2613
f 1796/3050/2869 1363/3133/2938 1361/3054/2873
f 2143/3383/3153 553/3482/3251 2131/3488/1052
f 3451/2935/2777 3386/3001/2829 1600/3000/2828
f 2170/3489/3257 60/3430/3200 485/3465/3235
f 1832/3239/3016 1253/3429/3199 2089/3106/2914
f 2818/3483/3252 2819/3365/3137 1775/3490/3258
f 478/3355/3127 459/3211/2994 465/3088/2898
f 2088/3491/3259 1755/3193/2982 1387/3492/3260
f 3452/3015/2840 460/3014/2839 2028/2886/2734
f 2840/2822/2676 2980/2777/2637 2841/3493/3261
f 1359/3137/2942 1368/3317/3091 1357/3143/2947
f 1775/3490/3258 2181/3494/3262 2818/3483/3252
f 2362/3431/3201 580/3324/3098 2361/3346/3119
f 1439/3105/2913 2089/3106/2914 1435/3128/2935
f 3358/3474/473 3357/3495/472 591/3467/3237
f 1385/3271/3045 2924/3270/3044 1384/3340/3113
f 477/3472/3242 2160/3446/3216 3401/3473/3243
f 2851/3496/3263 3384/3311/3085 3451/2935/2777
f 1772/3400/3170 148/3403/3173 1397/3497/3264
f 973/3162/1576 2249/2991/1723 2258/2992/2821
f 2254/2915/2565 988/2838/2691 2242/2845/2697
f 2132/3382/3152 2142/3381/979 549/3498/934
f 3401/3473/3243 2160/3446/3216 2156/3412/3182
f 1401/3499/3265 1373/3426/3196 1399/3425/3195
f 552/3434/3204 3359/3338/3111 557/3336/3109
f 3408/3294/3068 2159/3289/3063 489/3500/3266
f 2125/3298/3072 171/3399/3169 583/3501/3267
f 2465/3424/3194 2817/3484/3253 2818/3483/3252
f 1895/3238/3015 1403/3393/3163 2119/3296/3070
f 583/3501/3267 585/2724/2593 2163/3502/3268
f 2851/3496/3263 3451/2935/2777 492/2836/2689
f 2851/3496/3263 3408/3294/3068 3384/3311/3085
f 538/3440/3210 2143/3383/3153 2132/3382/3152
f 2270/3503/2467 3438/3177/2490 3439/3192/2981
f 2235/2748/2613 1004/2823/2677 1602/2749/2486
f 2859/3480/3249 2156/3412/3182 2116/3274/3048
f 70/2726/2595 584/2725/2594 2898/2764/2626
f 451/3395/3165 1624/2784/2644 443/3396/3166
f 2168/2871/2720 465/3088/2898 459/3211/2994
f 1793/3409/3179 1382/3449/3219 1370/3309/3083
f 2142/3381/979 2143/3383/3153 2131/3488/1052
f 7/2999/2827 204/3207/2992 1682/2997/2825
f 974/2977/2407 2257/2946/2785 2256/2945/2784
f 476/3328/3102 472/3504/3269 477/3472/3242
f 117/2781/2641 1547/2730/2598 1466/2799/2657
f 2116/3274/3048 2156/3412/3182 3450/3275/3049
f 198/3341/3114 149/3282/3056 2982/3281/3055
f 2284/3505/2529 2235/2748/2613 2806/2750/2496
f 1397/3497/3264 1394/3506/3270 1380/3468/3238
f 2482/3451/3221 2478/3453/3223 1375/3439/3209
f 2243/2978/2810 974/2977/2407 2256/2945/2784
f 482/3378/3149 486/3380/3151 2170/3489/3257
f 3429/2949/2786 3421/2993/2822 43/2926/2772
f 3361/3459/3229 3535/3356/3128 536/3357/3129
f 586/3322/3096 2116/3274/3048 576/3276/3050
f 1389/3507/3271 2980/2777/2637 2929/3127/2934
f 538/3440/3210 3360/3304/3078 533/3280/3054
f 3439/3192/2981 3438/3177/2490 204/3207/2992
f 3395/2835/2688 481/2827/2681 3394/2826/2680
f 1358/3325/3099 1357/3143/2947 1368/3317/3091
f 2556/3159/2958 1276/2900/2748 2539/2899/2747
f 1777/3413/3183 2480/3285/3059 2479/3452/3222
f 2513/2974/2807 2515/2984/2815 1317/2975/2808
f 1611/3266/3040 1684/3371/3143 3405/3312/3086
f 2501/2852/2704 1005/2888/2736 2495/2990/2820
f 1760/3261/3035 2466/2842/2695 2930/2766/2628
f 2509/3191/2980 1323/3175/2969 1388/3253/3027
f 1253/3429/3199 1832/3239/3016 2555/3225/3005
f 3451/2935/2777 3389/2837/2690 492/2836/2689
f 2166/3456/3226 2859/3480/3249 586/3322/3096
f 2467/3348/3121 2928/3508/3272 1257/3351/3124
f 1610/3485/3254 480/3445/3215 473/3471/3241
f 1362/3326/3100 2853/3509/3273 1374/3384/3154
f 2244/3061/2877 2248/3060/1548 2258/2992/2821
f 473/3471/3241 3403/3510/3274 1610/3485/3254
f 1362/3326/3100 1374/3384/3154 1356/3386/3156
f 2165/3444/3214 478/3355/3127 475/3406/3176
f 2224/3025/2849 1550/2944/2783 2250/2942/2782
f 2939/3260/3034 2938/2768/2630 2553/2755/2617
f 2493/2884/2732 3460/2903/2750 1352/2885/2733
f 1388/3253/3027 1321/3476/3245 2527/3237/3014
f 2526/3200/2989 1800/3198/2987 1801/3224/3004
f 2467/3348/3121 1389/3507/3271 2928/3508/3272
f 1793/3409/3179 2472/3422/3192 1393/3269/3043
f 2859/3480/3249 2166/3456/3226 1613/3455/3225
f 533/3280/3054 2143/3383/3153 538/3440/3210
f 101/3259/3033 1383/3262/3036 2981/3511/3275
f 2235/2748/2613 2084/3138/2943 2237/2834/2687
f 575/2722/2591 572/3475/3244 2171/3466/3236
f 557/3336/3109 3501/3335/3108 3363/3305/3079
f 1809/3246/3022 1293/3252/3026 1308/3454/3224
f 1308/3454/3224 1321/3476/3245 2508/3512/3276
f 2253/2848/2700 2241/2851/2703 2493/2884/2732
f 3599/3513/3277 1378/3514/3278 2475/3292/3066
f 1761/3345/3118 2981/3511/3275 1383/3262/3036
f 2492/2773/2633 2501/2852/2704 2495/2990/2820
f 3497/3337/3110 1623/3416/3186 3501/3335/3108
f 2472/3422/3192 1371/3291/3065 1400/3420/3190
f 2128/3410/3180 2129/3515/3279 594/3463/3233
f 2132/3382/3152 554/3435/3205 538/3440/3210
f 2220/2968/2801 3439/3192/2981 7/2999/2827
f 3405/3312/3086 2169/3375/3146 1611/3266/3040
f 2085/3164/2960 1798/3044/2864 1787/3046/2866
f 1357/3143/2947 1354/3264/3038 2489/3158/2957
f 1406/3516/3280 1396/3315/3089 1773/3517/3281
f 2082/3024/2848 2500/3077/2891 1014/3076/2890
f 552/3434/3204 554/3435/3205 2132/3382/3152
f 2183/3447/3217 1623/3416/3186 539/3448/3218
f 2183/3447/3217 2141/3481/3250 1623/3416/3186
f 483/3391/3161 555/3419/3189 556/3392/3162
f 1774/3156/2956 1775/3490/3258 3412/3369/3141
f 1360/2938/2779 142/2940/2781 141/3194/2983
f 552/3434/3204 2132/3382/3152 2136/3251/3025
f 2136/3251/3025 2132/3382/3152 549/3498/934
f 2183/3447/3217 3498/3450/3220 2141/3481/3250
f 1803/2961/2794 2550/2761/2623 2551/2954/2790
f 1813/3228/3008 1273/3213/2996 2548/3245/3021
f 566/3333/827 2899/3518/437 567/3334/3107
f 3407/3368/3140 468/3068/2884 3409/3519/3282
f 198/3341/3114 2982/3281/3055 2512/3339/3112
f 3359/3338/3111 539/3448/3218 3497/3337/3110
f 2183/3447/3217 555/3419/3189 3499/3387/3157
f 1773/3517/3281 1405/2754/2616 1360/2938/2779
f 1393/3269/3043 2923/3421/3191 2924/3270/3044
f 2136/3251/3025 549/3498/934 561/3520/3283
f 1622/3521/3284 2151/3522/3285 3398/3408/3178
f 3498/3450/3220 2183/3447/3217 3496/3423/3193
f 555/3419/3189 539/3448/3218 556/3392/3162
f 539/3448/3218 3359/3338/3111 556/3392/3162
f 148/3403/3173 2924/3270/3044 1390/3486/3255
f 2183/3447/3217 3499/3387/3157 3496/3423/3193
f 489/3500/3266 472/3504/3269 476/3328/3102
f 1614/3367/3139 2180/3313/3087 1775/3490/3258
f 1363/3133/2938 1776/3414/3184 1364/3461/3231
f 2481/2797/2656 1788/2796/2655 1784/2995/2824
f 1377/3398/3168 1373/3426/3196 1379/3293/3067
f 565/2723/2592 552/3434/3204 2136/3251/3025
f 2964/3187/2977 3436/3176/2970 3435/3033/2856
f 2170/3489/3257 486/3380/3151 60/3430/3200
f 3496/3423/3193 443/3396/3166 3498/3450/3220
f 148/3403/3173 1394/3506/3270 1397/3497/3264
f 552/3434/3204 565/2723/2592 3359/3338/3111
f 483/3391/3161 445/3388/3158 555/3419/3189
f 3499/3387/3157 444/3389/3159 3496/3423/3193
f 2133/3320/3094 556/3392/3162 3359/3338/3111
f 2270/3503/2467 3439/3192/2981 1015/2927/2468
f 1624/2784/2644 3498/3450/3220 443/3396/3166
f 443/3396/3166 444/3389/3159 445/3388/3158
f 3438/3177/2490 1682/2997/2825 204/3207/2992
f 2466/2842/2695 2979/3295/3069 1755/3193/2982
f 3442/3089/2899 1970/2998/2826 3436/3176/2970
f 2133/3320/3094 3359/3338/3111 565/2723/2592
f 3407/3368/3140 467/2872/2721 468/3068/2884
f 1367/3318/3092 1359/3137/2942 1783/3149/2951
f 556/3392/3162 2133/3320/3094 484/3390/3160
f 483/3391/3161 3536/3256/3030 445/3388/3158
f 1624/2784/2644 451/3395/3165 452/2809/2665
f 483/3391/3161 484/3390/3160 2850/3441/3211
f 3457/2806/2664 1600/3000/2828 1599/2807/2342
f 3536/3256/3030 451/3395/3165 445/3388/3158
f 3440/3021/2845 2028/2886/2734 460/3014/2839
f 2133/3320/3094 558/3321/3095 484/3390/3160
f 60/3430/3200 2171/3466/3236 485/3465/3235
f 1321/3476/3245 1293/3252/3026 2527/3237/3014
f 451/3395/3165 3536/3256/3030 452/2809/2665
f 2850/3441/3211 484/3390/3160 454/3257/3031
f 1262/2914/2761 1260/3216/2998 2076/2918/2764
f 2479/3452/3222 2087/3523/3286 1777/3413/3183
f 1345/3052/2871 21/3153/2955 1347/3087/2897
f 3493/2812/2668 452/2809/2665 3536/3256/3030
f 1369/3436/3206 1358/3325/3099 1368/3317/3091
f 480/3445/3215 2165/3444/3214 479/3524/3287
f 1357/3143/2947 1358/3325/3099 1354/3264/3038
f 454/3257/3031 484/3390/3160 2122/3525/3288
f 2122/3525/3288 484/3390/3160 559/3526/3289
f 559/3526/3289 484/3390/3160 558/3321/3095
f 1321/3476/3245 1308/3454/3224 1293/3252/3026
f 3358/3474/473 572/3475/3244 574/3527/533
f 454/3257/3031 3392/2904/2751 450/3255/3029
f 2483/3528/3290 1383/3262/3036 1361/3054/2873
f 3536/3256/3030 450/3255/3029 3493/2812/2668
f 2158/3529/3291 2122/3525/3288 559/3526/3289
f 1272/2760/2622 1739/2762/2624 2548/3245/3021
f 2156/3412/3182 1613/3455/3225 3403/3510/3274
f 2162/2890/2738 450/3255/3029 3392/2904/2751
f 453/2865/2714 3493/2812/2668 450/3255/3029
f 572/3475/3244 575/2722/2591 574/3527/533
f 487/3458/3228 454/3257/3031 2122/3525/3288
f 2133/3320/3094 565/2723/2592 575/2722/2591
f 3487/2883/2731 3492/2969/2802 1581/2881/2729
f 2169/3375/3146 3405/3312/3086 3553/3314/3088
f 143/2789/2648 1442/2791/2650 1441/2841/2694
f 2530/3205/1114 1314/3179/2971 1312/3199/2988
f 575/2722/2591 2171/3466/3236 558/3321/3095
f 575/2722/2591 560/2721/2590 574/3527/533
f 1257/3351/3124 199/3464/3234 2922/3404/3174
f 1313/3530/1087 2518/3180/914 1314/3179/2971
f 1615/2861/2710 3392/2904/2751 454/3257/3031
f 1386/3401/3171 2088/3491/3259 2978/3350/3123
f 487/3458/3228 1615/2861/2710 454/3257/3031
f 978/2996/2554 355/2830/2487 987/2839/2692
f 1015/2927/2468 3439/3192/2981 2233/2967/2800
f 2487/2736/2602 2490/3265/3039 2484/3366/3138
f 2985/3098/2907 1437/3099/2908 1429/3094/2904
f 2122/3525/3288 2158/3529/3291 1622/3521/3284
f 1313/3530/1087 1314/3179/2971 2530/3205/1114
f 2925/3302/3076 1395/3487/3256 2923/3421/3191
f 559/3526/3289 558/3321/3095 2158/3529/3291
f 103/2741/2607 2926/2743/2609 109/2716/2585
f 1404/3437/3207 1320/2742/2608 1399/3425/3195
f 2078/3531/3292 2475/3292/3066 1371/3291/3065
f 487/3458/3228 2122/3525/3288 1622/3521/3284
f 2550/2761/2623 1260/3216/2998 1739/2762/2624
f 562/3250/3024 560/2721/2590 565/2723/2592
f 2158/3529/3291 558/3321/3095 60/3430/3200
f 558/3321/3095 2171/3466/3236 60/3430/3200
f 1408/2717/2586 1407/2934/2776 1544/2793/2652
f 570/3532/730 562/3250/3024 561/3520/3283
f 1429/3094/2904 1256/3362/3134 2929/3127/2934
f 1389/3507/3271 2841/3493/3261 2980/2777/2637
f 1597/3272/3046 2477/3284/3058 2485/2994/2823
f 2840/2822/2676 2939/3260/3034 2553/2755/2617
f 2361/3346/3119 580/3324/3098 2124/3372/3144
f 60/3430/3200 2152/3379/3150 2158/3529/3291
f 1356/3386/3156 2473/3385/3155 2477/3284/3058
f 489/3500/3266 2159/3289/3063 472/3504/3269
f 2155/2828/2682 1615/2861/2710 487/3458/3228
f 1622/3521/3284 3398/3408/3178 487/3458/3228
f 1799/3443/3213 1309/3249/3023 1308/3454/3224
f 1622/3521/3284 2158/3529/3291 2152/3379/3150
f 476/3328/3102 475/3406/3176 461/3405/3175
f 572/3475/3244 591/3467/3237 2171/3466/3236
f 2929/3127/2934 1256/3362/3134 2928/3508/3272
f 2151/3522/3285 1622/3521/3284 2152/3379/3150
f 1971/3319/3093 2155/2828/2682 3398/3408/3178
f 1305/3219/3000 1301/3218/1414 1849/3234/1408
f 1380/3468/3238 1386/3401/3171 1397/3497/3264
f 2555/3225/3005 2080/3240/3017 1799/3443/3213
f 2152/3379/3150 482/3378/3149 2151/3522/3285
f 2555/3225/3005 1794/2966/2799 2080/3240/3017
f 3398/3408/3178 2151/3522/3285 3393/3407/3177
f 1429/3094/2904 1437/3099/2908 1435/3128/2935
f 1760/3261/3035 2939/3260/3034 2840/2822/2676
f 1393/3269/3043 1385/3271/3045 1761/3345/3118
f 2170/3489/3257 485/3465/3235 594/3463/3233
f 3393/3407/3177 2151/3522/3285 482/3378/3149
f 2170/3489/3257 2129/3515/3279 482/3378/3149
f 1325/3442/3212 1308/3454/3224 2508/3512/3276
f 2934/2971/2804 3576/3533/347 47/2912/2759
f 2129/3515/3279 2170/3489/3257 594/3463/3233
f 105/3283/3057 1435/3128/2935 1325/3442/3212
f 2982/3281/3055 2981/3511/3275 2512/3339/3112
f 3393/3407/3177 482/3378/3149 3397/3534/3293
f 1413/3286/3060 1255/3361/3133 1429/3094/2904
f 2129/3515/3279 3397/3534/3293 482/3378/3149
f 594/3463/3233 485/3465/3235 579/3374/826
f 591/3467/3237 579/3374/826 485/3465/3235
f 2997/2734/440 187/3535/849 3414/2759/2621
f 2840/2822/2676 2841/3493/3261 1410/3347/3120
f 1409/2939/2780 111/3074/2888 1754/3085/2895
f 1410/3347/3120 1760/3261/3035 2840/2822/2676
f 3396/3359/3131 3393/3407/3177 3397/3534/3293
f 3393/3407/3177 492/2836/2689 1971/3319/3093
f 3397/3534/3293 2129/3515/3279 2127/3288/3062
f 2508/3512/3276 1321/3476/3245 98/3478/3247
f 1285/3190/2979 1281/3160/2959 1845/3182/1399
f 1377/3398/3168 2474/3363/3135 2817/3484/3253
f 579/3374/826 593/3418/3188 594/3463/3233
f 579/3374/826 591/3467/3237 3357/3495/472
f 1760/3261/3035 2930/2766/2628 2938/2768/2630
f 1389/3507/3271 2467/3348/3121 1410/3347/3120
f 3396/3359/3131 3397/3534/3293 490/3433/3203
f 1323/3175/2969 2523/3165/2961 1388/3253/3027
f 1759/3470/3240 1760/3261/3035 1410/3347/3120
f 2129/3515/3279 2128/3410/3180 2127/3288/3062
f 1371/3291/3065 2472/3422/3192 2078/3531/3292
f 560/2721/2590 562/3250/3024 570/3532/730
f 1404/3437/3207 1403/3393/3163 1407/2934/2776
f 2181/3494/3262 1778/3394/3164 2818/3483/3252
f 492/2836/2689 3393/3407/3177 3396/3359/3131
f 3397/3534/3293 2127/3288/3062 490/3433/3203
f 1410/3347/3120 2841/3493/3261 1389/3507/3271
f 3390/3360/3132 3396/3359/3131 490/3433/3203
f 98/3478/3247 1324/3377/3148 1381/3479/3248
f 1324/3377/3148 2523/3165/2961 1381/3479/3248
f 168/3536/468 186/2733/441 172/3007/2834
f 1325/3442/3212 2508/3512/3276 105/3283/3057
f 592/3411/3181 594/3463/3233 593/3418/3188
f 1601/2808/2261 3458/2928/2338 3457/2806/2664
f 2938/2768/2630 2455/3009/2836 2553/2755/2617
f 1257/3351/3124 144/3349/3122 2467/3348/3121
f 2161/3330/3104 2128/3410/3180 3450/3275/3049
f 561/3520/3283 562/3250/3024 2136/3251/3025
f 492/2836/2689 3390/3360/3132 1540/3432/3202
f 2127/3288/3062 491/3290/3064 490/3433/3203
f 1376/3438/3208 1377/3398/3168 1372/3397/3167
f 1540/3432/3202 3390/3360/3132 490/3433/3203
f 2474/3363/3135 1377/3398/3168 1376/3438/3208
f 590/3373/3145 589/3332/3106 577/3323/3097
f 579/3374/826 566/3333/827 589/3332/3106
f 1367/3318/3092 1783/3149/2951 891/3147/2949
f 1463/3056/2875 123/2770/2631 2937/2880/2728
f 3450/3275/3049 592/3411/3181 576/3276/3050
f 1759/3470/3240 2979/3295/3069 1760/3261/3035
f 1540/3432/3202 2851/3496/3263 492/2836/2689
f 1373/3426/3196 1401/3499/3265 1379/3293/3067
f 576/3276/3050 590/3373/3145 577/3323/3097
f 1540/3432/3202 3408/3294/3068 2851/3496/3263
f 472/3504/3269 2159/3289/3063 2161/3330/3104
f 1364/3461/3231 1361/3054/2873 1363/3133/2938
f 561/3520/3283 563/3537/610 570/3532/730
f 1371/3291/3065 1401/3499/3265 1400/3420/3190
f 577/3323/3097 589/3332/3106 580/3324/3098
f 1364/3461/3231 1776/3414/3184 1777/3413/3183
f 1255/3361/3133 1413/3286/3060 199/3464/3234
f 100/3258/3032 1381/3479/3248 2523/3165/2961
f 149/3282/3056 199/3464/3234 1413/3286/3060
f 3408/3294/3068 1540/3432/3202 491/3290/3064
f 2509/3191/2980 1307/3174/2968 2519/3166/2962
f 2161/3330/3104 2160/3446/3216 472/3504/3269
f 148/3403/3173 1257/3351/3124 2922/3404/3174
f 1305/3219/3000 2595/3236/1125 1306/3538/1119
f 2163/3502/3268 2157/3268/3042 2844/3267/3041
f 581/3539/3294 589/3332/3106 567/3334/3107
f 974/2977/2407 3038/2979/2128 800/3540/2127
f 568/3541/611 561/3520/3283 549/3498/934
f 577/3323/3097 586/3322/3096 576/3276/3050
f 567/3334/3107 2109/3299/3073 581/3539/3294
f 2924/3270/3044 2923/3421/3191 1395/3487/3256
f 467/2872/2721 3407/3368/3140 466/3086/2896
f 2934/2971/2804 113/2970/2803 1449/2765/2627
f 3432/2815/2671 2968/2892/2740 1608/2891/2739
f 477/3472/3242 472/3504/3269 2160/3446/3216
f 2456/2731/2599 1455/2854/2706 1451/2831/2684
f 2252/2846/2698 3477/2840/2693 987/2839/2692
f 991/2869/2718 358/2843/2696 2242/2845/2697
f 581/3539/3294 2109/3299/3073 2124/3372/3144
f 2168/2871/2720 3418/2870/2719 1970/2998/2826
f 586/3322/3096 580/3324/3098 2166/3456/3226
f 1849/3234/1408 2595/3236/1125 1305/3219/3000
f 2109/3299/3073 567/3334/3107 2118/3352/530
f 2821/3167/2963 2519/3166/2962 1307/3174/2968
f 3400/3310/3084 3384/3311/3085 3408/3294/3068
f 1259/3111/2918 2549/3135/2940 2552/2963/2796
f 2533/3231/3011 1303/3184/2974 2528/3229/3009
f 3402/3329/3103 3408/3294/3068 489/3500/3266
f 581/3539/3294 2124/3372/3144 589/3332/3106
f 3355/2779/2639 1544/2793/2652 1895/3238/3015
f 580/3324/3098 589/3332/3106 2124/3372/3144
f 580/3324/3098 2362/3431/3201 2166/3456/3226
f 3576/3533/347 1547/2730/2598 54/2959/2793
f 3400/3310/3084 3399/3022/2846 3386/3001/2829
f 3401/3473/3243 2156/3412/3182 3403/3510/3274
f 3402/3329/3103 489/3500/3266 476/3328/3102
f 460/3014/2839 3399/3022/2846 3440/3021/2845
f 2523/3165/2961 1316/2976/2809 100/3258/3032
f 114/3189/2978 1459/2879/2727 1458/2769/300
f 563/3537/610 561/3520/3283 568/3541/611
f 3389/2837/2690 3457/2806/2664 3388/2933/2775
f 3599/3513/3277 2482/3451/3221 1378/3514/3278
f 1275/3220/3001 1812/3221/3002 1813/3228/3008
f 1398/3358/3130 2471/3301/3075 2510/3300/3074
f 3386/3001/2829 3399/3022/2846 37/3016/2841
f 473/3471/3241 3401/3473/3243 3403/3510/3274
f 2109/3299/3073 169/3353/3125 172/3007/2834
f 155/3201/1415 2984/3215/2997 1295/3243/1401
f 2124/3372/3144 2125/3298/3072 2361/3346/3119
f 2982/3281/3055 2508/3512/3276 98/3478/3247
f 2362/3431/3201 2167/3342/3115 2166/3456/3226
f 1755/3193/2982 2979/3295/3069 1387/3492/3260
f 169/3353/3125 2118/3352/530 170/3542/516
f 1613/3455/3225 2156/3412/3182 2859/3480/3249
f 1365/3460/3230 1382/3449/3219 2483/3528/3290
f 1453/3067/2883 2458/3232/3012 2468/2720/2589
f 476/3328/3102 477/3472/3242 475/3406/3176
f 475/3406/3176 477/3472/3242 473/3471/3241
f 2255/2932/2400 2257/2946/2785 974/2977/2407
f 1401/3499/3265 1371/3291/3065 1379/3293/3067
f 2482/3451/3221 1372/3397/3167 1378/3514/3278
f 2126/3297/3071 2109/3299/3073 172/3007/2834
f 169/3353/3125 170/3542/516 168/3536/468
f 1759/3470/3240 1410/3347/3120 144/3349/3122
f 1548/2739/2605 2553/2755/2617 2936/2757/2619
f 1401/3499/3265 1399/3425/3195 2510/3300/3074
f 1262/2914/2761 1823/2867/2716 1739/2762/2624
f 3399/3022/2846 3402/3329/3103 3444/3277/3051
f 100/3258/3032 1316/2976/2809 1780/3055/2874
f 1614/3367/3139 3553/3314/3088 2180/3313/3087
f 1793/3409/3179 2078/3531/3292 2472/3422/3192
f 461/3405/3175 3444/3277/3051 476/3328/3102
f 475/3406/3176 473/3471/3241 479/3524/3287
f 1613/3455/3225 1610/3485/3254 3403/3510/3274
f 1381/3479/3248 100/3258/3032 1319/3477/3246
f 313/3469/3239 1759/3470/3240 144/3349/3122
f 100/3258/3032 101/3259/3033 1319/3477/3246
f 2125/3298/3072 2126/3297/3071 171/3399/3169
f 1981/3178/1629 1465/2798/792 2941/2800/2658
f 1319/3477/3246 2981/3511/3275 98/3478/3247
f 2361/3346/3119 2125/3298/3072 2363/3344/3117
f 3410/3343/3116 2361/3346/3119 2363/3344/3117
f 168/3536/468 172/3007/2834 169/3353/3125
f 479/3524/3287 2165/3444/3214 475/3406/3176
f 1468/2922/2768 1519/3543/309 1517/3208/308
f 172/3007/2834 171/3399/3169 2126/3297/3071
f 2460/3230/3010 1981/3178/1629 2940/2906/2753
f 583/3501/3267 2363/3344/3117 2125/3298/3072
f 2167/3342/3115 1610/3485/3254 1613/3455/3225
f 1306/3538/1119 2531/3204/1416 1305/3219/3000
f 1013/2859/2708 1015/2927/2468 2233/2967/2800
f 461/3405/3175 474/3020/2844 3444/3277/3051
f 473/3471/3241 480/3445/3215 479/3524/3287
f 2979/3295/3069 313/3469/3239 1387/3492/3260
f 2119/3296/3070 3413/3370/3142 1625/3331/3105
f 1302/3210/1426 2802/3247/1421 2532/3124/2931
f 1468/2922/2768 2942/3012/311 1519/3543/309
f 205/2785/2645 3414/2759/2621 187/3535/849
f 2978/3350/3123 313/3469/3239 144/3349/3122
f 1610/3485/3254 2167/3342/3115 1617/3427/3197
f 2844/3267/3041 2123/3428/3198 2167/3342/3115
f 2929/3127/2934 2928/3508/3272 1389/3507/3271
f 3576/3533/347 54/2959/2793 47/2912/2759
f 3594/3544/1646 1547/2730/2598 3576/3533/347
f 480/3445/3215 2175/3457/3227 3411/3354/3126
f 1772/3400/3170 2978/3350/3123 1257/3351/3124
f 2163/3502/3268 2844/3267/3041 2363/3344/3117
f 1355/3327/3101 2476/3273/3047 1354/3264/3038
f 2123/3428/3198 2844/3267/3041 1611/3266/3040
f 2174/3254/3028 474/3020/2844 3419/3090/2900
f 1547/2730/2598 3594/3544/1646 2460/3230/3010
f 3440/3021/2845 474/3020/2844 2174/3254/3028
f 461/3405/3175 3419/3090/2900 474/3020/2844
f 1322/3063/2879 2821/3167/2963 1855/3065/2881
f 2165/3444/3214 3411/3354/3126 478/3355/3127
f 1617/3427/3197 2175/3457/3227 1610/3485/3254
f 2965/2819/2673 1561/2816/2672 3463/2875/2724
f 145/3059/1068 146/2771/290 123/2770/2631
f 453/2865/2714 3492/2969/2802 1584/2811/2667
f 3411/3354/3126 2175/3457/3227 3409/3519/3282
f 2175/3457/3227 2164/3376/3147 3409/3519/3282
f 1682/2997/2825 3435/3033/2856 3436/3176/2970
f 584/2725/2594 171/3399/3169 3415/2735/2601
f 583/3501/3267 171/3399/3169 584/2725/2594
f 2163/3502/3268 2363/3344/3117 583/3501/3267
f 2922/3404/3174 198/3341/3114 2820/3402/3172
f 2243/2978/2810 2244/3061/2877 2258/2992/2821
f 98/3478/3247 2981/3511/3275 2982/3281/3055
f 3417/3186/2976 2174/3254/3028 3419/3090/2900
f 1982/2786/348 3576/3533/347 2934/2971/2804
f 493/2951/2787 3389/2837/2690 3388/2933/2775
f 1355/3327/3101 2477/3284/3058 2476/3273/3047
f 468/3068/2884 3411/3354/3126 3409/3519/3282
f 584/2725/2594 585/2724/2593 583/3501/3267
f 2123/3428/3198 1611/3266/3040 2169/3375/3146
f 1684/3371/3143 1611/3266/3040 2157/3268/3042
f 574/3527/533 560/2721/2590 570/3532/730
f 478/3355/3127 465/3088/2898 3419/3090/2900
f 3594/3544/1646 1981/3178/1629 2460/3230/3010
f 1831/2862/2711 1278/2864/2713 2079/3226/3006
f 1408/2717/2586 109/2716/2585 2926/2743/2609
f 459/3211/2994 3411/3354/3126 468/3068/2884
f 2164/3376/3147 1617/3427/3197 2169/3375/3146
f 2163/3502/3268 464/3415/3185 2157/3268/3042
f 2899/3518/437 2118/3352/530 567/3334/3107
f 2898/2764/2626 3387/2936/2778 108/2706/2577
f 1315/3163/916 1310/3173/2967 2518/3180/914
f 2157/3268/3042 464/3415/3185 1684/3371/3143
f 2490/3265/3039 1354/3264/3038 2476/3273/3047
f 464/3415/3185 2163/3502/3268 585/2724/2593
f 464/3415/3185 1625/3331/3105 1684/3371/3143
f 2164/3376/3147 3407/3368/3140 3409/3519/3282
f 2555/3225/3005 1799/3443/3213 1253/3429/3199
f 464/3415/3185 585/2724/2593 3404/2788/2647
f 1321/3476/3245 1324/3377/3148 98/3478/3247
f 2169/3375/3146 3553/3314/3088 1614/3367/3139
f 3407/3368/3140 2164/3376/3147 1614/3367/3139
f 1273/3213/2996 1272/2760/2622 2548/3245/3021
f 2483/3528/3290 1361/3054/2873 1364/3461/3231
f 1684/3371/3143 1778/3394/3164 3405/3312/3086
f 1684/3371/3143 3413/3370/3142 1778/3394/3164
f 313/3469/3239 2978/3350/3123 1387/3492/3260
f 2932/3075/2889 111/3074/2888 1409/2939/2780
f 1401/3499/3265 2510/3300/3074 1400/3420/3190
f 122/3188/299 1496/2712/459 1243/2711/2582
f 1731/2856/883 2562/2866/2715 1261/2948/884
f 2180/3313/3087 3405/3312/3086 2181/3494/3262
f 2181/3494/3262 3405/3312/3086 1778/3394/3164
f 2088/3491/3259 1387/3492/3260 2978/3350/3123
f 1982/2786/348 299/2746/2611 3549/2745/2610
f 1614/3367/3139 470/3080/2892 466/3086/2896
f 1774/3156/2956 470/3080/2892 1614/3367/3139
f 2818/3483/3252 1778/3394/3164 1402/3545/3295
f 1778/3394/3164 1403/3393/3163 1402/3545/3295
f 2180/3313/3087 2181/3494/3262 1775/3490/3258
f 2490/3265/3039 2487/2736/2602 2489/3158/2957
f 1775/3490/3258 1774/3156/2956 1614/3367/3139
f 2465/3424/3194 2818/3483/3252 1402/3545/3295
f 1277/3122/2929 1288/3121/2928 1279/3241/3018
f 1402/3545/3295 1403/3393/3163 1404/3437/3207
f 2119/3296/3070 1403/3393/3163 3413/3370/3142
f 1404/3437/3207 2465/3424/3194 1402/3545/3295
f 462/2763/2625 3415/2735/2601 2997/2734/440
f 2819/3365/3137 3412/3369/3141 1775/3490/3258
f 2817/3484/3253 2465/3424/3194 1373/3426/3196
f 1403/3393/3163 1895/3238/3015 1407/2934/2776
f 2852/3364/3136 3412/3369/3141 2819/3365/3137
f 2819/3365/3137 2817/3484/3253 2474/3363/3135
f 1813/3228/3008 2548/3245/3021 1275/3220/3001
f 2852/3364/3136 2853/3509/3273 3412/3369/3141
f 2465/3424/3194 1404/3437/3207 1399/3425/3195
f 2927/3222/3003 1320/2742/2608 1404/3437/3207
f 3492/2969/2802 3487/2883/2731 2184/2916/2762
f 3412/3369/3141 891/3147/2949 3406/3146/2948
f 198/3341/3114 1384/3340/3113 2820/3402/3172
f 1245/2775/2635 2980/2777/2637 1785/2820/2674
f 1369/3436/3206 3412/3369/3141 2853/3509/3273
f 1320/2742/2608 2510/3300/3074 1399/3425/3195
f 3412/3369/3141 1369/3436/3206 1367/3318/3092
f 1369/3436/3206 2853/3509/3273 1362/3326/3100
f 2924/3270/3044 148/3403/3173 2820/3402/3172
f 2852/3364/3136 1374/3384/3154 2853/3509/3273
f 2940/2906/2753 1464/2905/2752 2460/3230/3010
f 2473/3385/3155 1374/3384/3154 2852/3364/3136
f 1379/3293/3067 1378/3514/3278 1372/3397/3167
f 2475/3292/3066 1378/3514/3278 1379/3293/3067
f 1368/3317/3091 1367/3318/3092 1369/3436/3206
f 2852/3364/3136 1375/3439/3209 2473/3385/3155
f 1382/3449/3219 1383/3262/3036 2483/3528/3290
f 1772/3400/3170 1397/3497/3264 1386/3401/3171
f 103/2741/2607 1398/3358/3130 2510/3300/3074
f 1372/3397/3167 2482/3451/3221 1375/3439/3209
f 2078/3531/3292 3599/3513/3277 2475/3292/3066
f 2477/3284/3058 1355/3327/3101 1356/3386/3156
f 1375/3439/3209 2478/3453/3223 2477/3284/3058
f 2087/3523/3286 3599/3513/3277 2078/3531/3292
f 2087/3523/3286 2078/3531/3292 2469/3307/3081
f 188/3248/404 205/2785/2645 187/3535/849
f 2923/3421/3191 1400/3420/3190 2925/3302/3076
f 3599/3513/3277 2479/3452/3222 2482/3451/3221
f 1780/3055/2874 1361/3054/2873 1779/3263/3037
f 2472/3422/3192 2923/3421/3191 1393/3269/3043
f 2479/3452/3222 3599/3513/3277 2087/3523/3286
f 1015/2927/2468 2235/2748/2613 2284/3505/2529
f 118/2910/2757 1733/2909/2756 1463/3056/2875
f 103/2741/2607 1405/2754/2616 1398/3358/3130
f 1398/3358/3130 1396/3315/3089 2471/3301/3075
f 1395/3487/3256 2925/3302/3076 2471/3301/3075
f 1294/3233/3013 2527/3237/3014 1293/3252/3026
f 1354/3264/3038 1358/3325/3099 1355/3327/3101
f 2531/3204/1416 1306/3538/1119 2530/3205/1114
f 3388/2933/2775 3458/2928/2338 2965/2819/2673
f 105/3283/3057 2508/3512/3276 2982/3281/3055
f 2562/2866/2715 2548/3245/3021 1823/2867/2716
f 2469/3307/3081 2078/3531/3292 2470/3308/3082
f 1821/2753/2615 1825/2855/910 1833/2902/908
f 2489/3158/2957 2486/3136/2941 1357/3143/2947
f 2078/3531/3292 1793/3409/3179 2470/3308/3082
f 1395/3487/3256 2471/3301/3075 102/3316/3090
f 1370/3309/3083 2470/3308/3082 1793/3409/3179
f 1970/2998/2826 3418/2870/2719 7/2999/2827
f 3417/3186/2976 210/2814/2670 2174/3254/3028
f 1405/2754/2616 1773/3517/3281 1396/3315/3089
f 2928/3508/3272 1256/3362/3134 1257/3351/3124
f 3394/2826/2680 2155/2828/2682 3395/2835/2688
f 102/3316/3090 1390/3486/3255 1395/3487/3256
f 2087/3523/3286 2469/3307/3081 1365/3460/3230
f 210/2814/2670 3417/3186/2976 3434/3181/2972
f 1365/3460/3230 2469/3307/3081 1370/3309/3083
f 2933/2719/2588 113/2970/2803 1448/2911/2758
f 2087/3523/3286 1365/3460/3230 1777/3413/3183
f 1396/3315/3089 1380/3468/3238 102/3316/3090
f 102/3316/3090 1394/3506/3270 1390/3486/3255
f 2490/3265/3039 1597/3272/3046 2484/3366/3138
f 2480/3285/3059 1366/3132/2937 2485/2994/2823
f 2485/2994/2823 1784/2995/2824 1597/3272/3046
f 1382/3449/3219 1793/3409/3179 1761/3345/3118
f 2088/3491/3259 1773/3517/3281 1755/3193/2982
f 1386/3401/3171 1396/3315/3089 1406/3516/3280
f 1772/3400/3170 1257/3351/3124 148/3403/3173
f 1394/3506/3270 102/3316/3090 1380/3468/3238
f 2981/3511/3275 1761/3345/3118 2512/3339/3112
f 1776/3414/3184 1363/3133/2938 1366/3132/2937
f 1406/3516/3280 1773/3517/3281 2088/3491/3259
f 1406/3516/3280 2088/3491/3259 1386/3401/3171
f 1394/3506/3270 148/3403/3173 1390/3486/3255
f 2484/3366/3138 1784/2995/2824 2487/2736/2602
f 2981/3511/3275 1319/3477/3246 101/3259/3033
f 1365/3460/3230 2483/3528/3290 1364/3461/3231
f 3441/3107/2915 37/3016/2841 3452/3015/2840
f 1360/2938/2779 1755/3193/2982 1773/3517/3281
f 3709/3546/3296 3676/3547/3297 3696/3548/3298
f 1046/3549/3299 1036/3550/3300 1050/3551/3301
f 3767/3552/3302 3764/3553/3303 287/3554/3304
f 1042/3555/3305 3512/3556/3306 2958/3557/3307
f 934/3558/2470 933/3559/2469 1043/3560/3308
f 3503/3561/3309 3506/3562/3310 3500/3563/3311
f 3537/3564/3312 2372/3565/3313 3539/3566/3314
f 3506/3562/3310 38/3567/3315 3500/3563/3311
f 1023/3568/3316 1056/3569/3317 2959/3570/3318
f 1052/3571/3319 845/3572/3320 1051/3573/3321
f 3514/3574/3322 3515/3575/3323 3510/3576/3324
f 341/3577/3325 877/3578/3326 882/3579/3327
f 1043/3560/3308 933/3559/2469 912/3580/3328
f 2958/3557/3307 1030/3581/3329 934/3558/2470
f 412/3582/3330 2204/3583/3331 3539/3566/3314
f 3513/3584/3332 1582/3585/3333 3528/3586/3334
f 1044/3587/3335 1043/3560/3308 1031/3588/3336
f 1042/3555/3305 1032/3589/3337 3512/3556/3306
f 831/3590/3338 972/3591/2277 830/3592/3339
f 3514/3574/3322 3510/3576/3324 3509/3593/3340
f 1032/3589/3337 1042/3555/3305 1044/3587/3335
f 413/3594/3341 3500/3563/3311 3504/3595/3342
f 3884/3596/3343 3564/3597/3344 3565/3598/3345 3902/3599/3346
f 429/3600/3347 3522/3601/3348 2388/3602/3349
f 3513/3584/3332 1032/3589/3337 1582/3585/3333
f 287/3554/3304 3766/3603/3350 3767/3552/3302
f 220/3604/3351 3666/3605/3352 3924/3606/3353
f 2386/3607/3354 3700/3608/3355 3699/3609/3356
f 52/3610/3357 364/3611/3358 913/3612/3359
f 51/3613/3360 364/3611/3358 52/3610/3357
f 3510/3576/3324 3533/3614/3361 3509/3593/3340
f 1032/3589/3337 1044/3587/3335 1033/3615/3362
f 1044/3587/3335 1036/3550/3300 1033/3615/3362
f 1035/3616/3363 1048/3617/3364 367/3618/3365
f 866/3619/3366 920/3620/1876 923/3621/2312
f 3657/3622/3367 3645/3623/3368 2867/3624/3369
f 1031/3588/3336 912/3580/3328 911/3625/3370
f 3722/3626/3371 3726/3627/3372 3721/3628/3373
f 2867/3624/3369 2422/3629/3374 3560/3630/3375
f 845/3572/3320 893/3631/3376 892/3632/3377
f 522/3633/3378 3501/3634/3108 524/3635/3187
f 3/3636/3379 2866/3637/3380 3564/3597/3344
f 3873/3638/3381 2421/3639/3382 3874/3640/3383
f 866/3619/3366 2996/3641/3384 861/3642/3385
f 1059/3643/3386 1061/3644/3387 1055/3645/3388
f 3696/3548/3298 3676/3547/3297 237/3646/3389
f 334/3647/3390 857/3648/3391 852/3649/3392
f 352/3650/3393 2415/3651/3394 3690/3652/3395
f 3759/3653/3396 3768/3654/3397 1067/3655/3398
f 1029/3656/3399 1582/3585/3333 1032/3589/3337
f 2411/3657/3400 245/3658/3401 3740/3659/3402
f 2422/3629/3374 3561/3660/3403 216/3661/3404
f 3656/3662/3405 3682/3663/3406 3680/3664/3407
f 2957/3665/3408 3/3636/3379 3564/3597/3344
f 521/3666/3409 2204/3583/3331 410/3667/3410
f 2896/3668/3411 416/3669/3412 412/3582/3330
f 839/3670/3413 877/3578/3326 876/3671/2541
f 3684/3672/3414 3685/3673/3415 1068/3674/3416
f 827/3675/3417 831/3590/3338 833/3676/3418
f 39/3677/3419 836/3678/3420 1049/3679/3421
f 3725/3680/3422 2388/3602/3349 3691/3681/3423
f 910/3682/3424 931/3683/2274 827/3675/3417
f 367/3618/3365 362/3684/3425 1041/3685/3426
f 3533/3614/3361 3504/3595/3342 3509/3593/3340
f 2887/3686/3427 900/3687/3428 899/3688/3429
f 3665/3689/3430 3667/3690/3431 3559/3691/3432
f 3526/3692/3433 3528/3586/3334 3525/3693/3434
f 236/3694/3435 235/3695/3436 3696/3548/3298
f 2386/3607/3354 3699/3609/3356 2384/3696/3437
f 4006/3697/3438 1075/3698/3439 1072/3699/3440 3943/3700/3441
f 3538/3701/3442 3541/3702/3443 413/3594/3341
f 901/3703/3444 899/3688/3429 887/3704/3445
f 442/3705/3446 523/3706/3447 2140/3707/3448
f 3540/3708/3449 2896/3668/3411 3532/3709/3450
f 1029/3656/3399 3525/3693/3434 3528/3586/3334
f 431/3710/3451 3544/3711/3452 433/3712/3453
f 3716/3713/3454 233/3714/3455 352/3650/3393
f 1068/3674/3416 1069/3715/3456 3684/3672/3414
f 3531/3716/3457 3739/3717/3458 407/3718/3459
f 3740/3659/3402 2375/3719/3460 2411/3657/3400
f 2192/3720/3461 2201/3721/3462 2854/3722/3463
f 3526/3692/3433 1563/3723/3464 3529/3724/3465
f 846/3725/3466 2885/3726/3467 913/3612/3359
f 377/3727/3468 14/3728/3469 3562/3729/3470
f 3745/3730/3471 3744/3731/3472 2894/3732/3473
f 1031/3588/3336 826/3733/3474 1036/3550/3300
f 3721/3628/3373 3729/3734/3475 3725/3680/3422
f 835/3735/3476 882/3579/3327 343/3736/3477
f 1029/3656/3399 1033/3615/3362 1034/3737/3478
f 3544/3711/3452 2375/3719/3460 2373/3738/3479
f 1031/3588/3336 827/3675/3417 826/3733/3474
f 1049/3679/3421 1048/3617/3364 39/3677/3419
f 525/3739/3480 2139/3740/3481 521/3666/3409
f 2405/3741/3482 2379/3742/3483 3728/3743/3484
f 2198/3744/3485 3532/3709/3450 2205/3745/3486
f 3656/3662/3405 3679/3746/3487 289/3747/3488
f 972/3591/2277 870/3748/2279 832/3749/3489
f 447/3750/2763 3495/3751/3490 3494/3752/3491
f 263/3753/3492 3521/3754/3493 438/3755/3494
f 425/3756/3495 420/3757/3496 430/3758/3497
f 1587/3759/3498 1586/3760/3499 3507/3761/3500
f 3504/3595/3342 3533/3614/3361 2199/3762/3501
f 3697/3763/3502 5/3764/3503 349/3765/3504
f 1040/3766/3505 362/3684/3425 367/3618/3365
f 14/3728/3469 3237/3767/3506 3562/3729/3470
f 3887/3768/3507 2413/3769/3508 3888/3770/3509
f 1043/3560/3308 2958/3557/3307 934/3558/2470
f 336/3771/3510 3007/3772/3511 844/3773/3512
f 3767/3552/3302 2219/3774/3513 2218/3775/3514
f 526/3776/3232 3364/3777/3080 3365/3778/3515
f 2854/3722/3463 3532/3709/3450 2198/3744/3485
f 433/3712/3453 2185/3779/3516 432/3780/3517
f 1038/3781/3518 1029/3656/3399 1034/3737/3478
f 218/3782/3519 228/3783/3520 2415/3651/3394
f 2193/3784/3521 2194/3785/3522 2196/3786/3523
f 1034/3737/3478 361/3787/3524 1025/3788/3525
f 332/3789/3526 830/3592/3339 832/3749/3489
f 2192/3720/3461 3739/3717/3458 2188/3790/3527
f 832/3749/3489 870/3748/2279 3008/3791/3528
f 2415/3651/3394 3644/3792/3529 3645/3623/3368
f 438/3755/3494 3521/3754/3493 3525/3693/3434
f 1063/3793/3530 1064/3794/3531 1028/3795/3532
f 3521/3754/3493 3526/3692/3433 3525/3693/3434
f 2150/3796/3533 2139/3740/3481 532/3797/3061
f 2377/3798/3534 2378/3799/3535 2382/3800/3536
f 3646/3801/3537 2382/3800/3536 3708/3802/3538
f 3521/3754/3493 1563/3723/3464 3526/3692/3433
f 312/3803/3539 354/3804/3540 3634/3805/3541
f 1025/3788/3525 1038/3781/3518 1034/3737/3478
f 3533/3614/3361 3530/3806/3542 2387/3807/3543
f 361/3787/3524 1035/3616/3363 1025/3788/3525
f 316/3808/3544 3680/3664/3407 3658/3809/3545
f 4007/3810/3546 4008/3811/3547 345/3812/3548
f 3734/3813/3549 3731/3814/3550 3704/3815/3551
f 3483/3816/2572 3480/3817/3552 3481/3818/2534
f 3730/3819/3553 3692/3820/3554 3694/3821/3555
f 826/3733/3474 1045/3822/3556 1050/3551/3301
f 3712/3823/3557 3717/3824/3558 3723/3825/3559
f 830/3592/3339 829/3826/3560 831/3590/3338
f 3008/3791/3528 332/3789/3526 832/3749/3489
f 1065/3827/3561 3688/3828/3562 3763/3829/3563
f 3366/3830/3564 2150/3796/3533 2149/3831/3565
f 2388/3602/3349 3522/3601/3348 3691/3681/3423
f 2207/3832/3566 3738/3833/3567 2846/3834/3568
f 894/3835/3569 2887/3686/3427 895/3836/3570
f 354/3804/3540 293/3837/3571 3634/3805/3541
f 3511/3838/3572 1583/3839/3573 1038/3781/3518
f 3531/3716/3457 422/3840/3574 3739/3717/3458
f 1977/3841/3575 1563/3723/3464 3521/3754/3493
f 1045/3822/3556 826/3733/3474 330/3842/3576
f 871/3843/1915 920/3620/1876 866/3619/3366
f 3559/3691/3432 3697/3763/3502 3643/3844/3577
f 1056/3569/3317 1059/3643/3386 1055/3645/3388
f 845/3572/3320 890/3845/3578 893/3631/3376
f 827/3675/3417 833/3676/3418 826/3733/3474
f 833/3676/3418 831/3590/3338 829/3826/3560
f 1037/3846/3579 362/3684/3425 1054/3847/3580
f 2379/3742/3483 2405/3741/3482 347/3848/3581
f 332/3789/3526 829/3826/3560 830/3592/3339
f 3676/3547/3297 131/3849/3582 2419/3850/3583
f 3525/3693/3434 3527/3851/3584 438/3755/3494
f 3888/3770/3509 2413/3769/3508 316/3808/3544 3904/3852/3585
f 1039/3853/3586 1038/3781/3518 1025/3788/3525
f 254/3854/3587 2382/3800/3536 2378/3799/3535
f 1035/3616/3363 1046/3549/3299 39/3677/3419
f 256/3855/3588 1579/3856/3589 2189/3857/3590
f 236/3694/3435 226/3858/3591 235/3695/3436
f 3720/3859/3592 3758/3860/3593 357/3861/3594
f 364/3611/3358 2893/3862/3595 362/3684/3425
f 3928/3863/3596 388/3864/3597 3963/3865/3598
f 2376/3866/3599 3737/3867/3600 3731/3814/3550
f 352/3650/3393 231/3868/3601 315/3869/3602
f 3690/3652/3395 232/3870/3603 352/3650/3393
f 3902/3599/3346 3565/3598/3345 3905/3871/3604
f 1084/3872/3605 374/3873/3606 1081/3874/3607
f 829/3826/3560 332/3789/3526 837/3875/3608
f 882/3579/3327 858/3876/3609 341/3577/3325
f 881/3877/2380 3008/3791/3528 870/3748/2279
f 1064/3794/3531 1063/3793/3530 2412/3878/3610
f 3768/3654/3397 3511/3838/3572 1067/3655/3398
f 1050/3551/3301 1045/3822/3556 1047/3879/3611
f 3480/3817/3552 3483/3816/2572 3482/3880/3612
f 1580/3881/3613 3762/3882/3614 3714/3883/3615
f 1045/3822/3556 330/3842/3576 858/3876/3609
f 1588/3884/3616 3507/3761/3500 1586/3760/3499
f 52/3610/3357 913/3612/3359 2885/3726/3467
f 416/3669/3412 414/3885/3617 2185/3779/3516
f 837/3875/3608 330/3842/3576 829/3826/3560
f 237/3646/3389 3676/3547/3297 3666/3605/3352
f 309/3886/3618 2866/3637/3380 3575/3887/3619
f 3008/3791/3528 881/3877/2380 880/3888/3620
f 2150/3796/3533 408/3889/3621 2139/3740/3481
f 3656/3662/3405 292/3890/3622 3682/3663/3406
f 1062/3891/3623 2412/3878/3610 1066/3892/3624
f 2385/3893/3625 2386/3607/3354 2384/3696/3437
f 3691/3681/3423 3758/3860/3593 3720/3859/3592
f 3694/3821/3555 3692/3820/3554 228/3783/3520
f 3768/3654/3397 3759/3653/3396 3527/3851/3584
f 2953/3894/3626 840/3895/3627 849/3896/3628
f 1027/3897/3629 1025/3788/3525 1035/3616/3363
f 1045/3822/3556 836/3678/3420 1047/3879/3611
f 3926/3898/3630 3658/3809/3545 3883/3899/3631
f 3519/3900/3632 2387/3807/3543 3530/3806/3542
f 3643/3844/3577 226/3858/3591 225/3901/3633
f 426/3902/3634 3757/3903/3635 3758/3860/3593
f 2218/3775/3514 2412/3878/3610 1062/3891/3623
f 522/3633/3378 2149/3831/3565 3364/3777/3080
f 3759/3653/3396 263/3753/3492 438/3755/3494
f 833/3676/3418 330/3842/3576 826/3733/3474
f 293/3837/3571 3568/3904/3636 3634/3805/3541
f 858/3876/3609 332/3789/3526 341/3577/3325
f 880/3888/3620 341/3577/3325 3008/3791/3528
f 3766/3603/3350 1067/3655/3398 2219/3774/3513
f 2219/3774/3513 1039/3853/3586 1027/3897/3629
f 2197/3905/3637 1579/3856/3589 3583/3906/3638
f 2149/3831/3565 3365/3778/3515 3364/3777/3080
f 1070/3907/3639 859/3908/3640 336/3771/3510
f 842/3909/3641 1045/3822/3556 858/3876/3609
f 1038/3781/3518 1067/3655/3398 3511/3838/3572
f 330/3842/3576 332/3789/3526 858/3876/3609
f 334/3647/3390 848/3910/3642 855/3911/3643
f 287/3554/3304 3757/3903/3635 426/3902/3634
f 521/3666/3409 527/3912/3644 525/3739/3480
f 3537/3564/3312 3539/3566/3314 2204/3583/3331
f 2185/3779/3516 2196/3786/3523 2187/3913/3645
f 377/3727/3468 3660/3914/3646 3644/3792/3529
f 3766/3603/3350 3759/3653/3396 1067/3655/3398
f 3518/3915/3647 3495/3751/3490 447/3750/2763
f 426/3902/3634 3522/3601/3348 263/3753/3492
f 2185/3779/3516 433/3712/3453 2195/3916/3648
f 3726/3627/3372 3710/3917/3649 3727/3918/3650
f 3756/3919/3651 536/3920/3129 529/3921/3077
f 3740/3659/3402 3736/3922/3652 3741/3923/3653
f 3982/3924/3654 3555/3925/3655 3983/3926/3656
f 3539/3566/3314 3532/3709/3450 2896/3668/3411
f 38/3567/3315 3514/3574/3322 3509/3593/3340
f 347/3848/3581 2405/3741/3482 2385/3893/3625
f 1040/3766/3505 367/3618/3365 1048/3617/3364
f 2185/3779/3516 2186/3927/3657 416/3669/3412
f 3512/3556/3306 1030/3581/3329 2958/3557/3307
f 333/3928/3658 834/3929/3659 842/3909/3641
f 333/3928/3658 842/3909/3641 835/3735/3476
f 407/3718/3459 2198/3744/3485 2205/3745/3486
f 447/3750/2763 3517/3930/2805 3518/3915/3647
f 877/3578/3326 341/3577/3325 884/3931/3660
f 3687/3932/3661 3688/3828/3562 3685/3673/3415
f 3712/3823/3557 3716/3713/3454 244/3933/3662
f 426/3902/3634 3759/3653/3396 287/3554/3304
f 3767/3552/3302 3766/3603/3350 2219/3774/3513
f 2218/3775/3514 2219/3774/3513 1064/3794/3531
f 3732/3934/3663 2389/3935/3664 3731/3814/3550
f 3732/3934/3663 238/3936/3665 349/3765/3504
f 862/3937/2482 864/3938/2310 861/3642/3385
f 3/3636/3379 3640/3939/3666 3575/3887/3619
f 2187/3913/3645 2196/3786/3523 2194/3785/3522
f 3569/3940/3667 293/3837/3571 4/3941/3668
f 1064/3794/3531 2219/3774/3513 1026/3942/3669
f 413/3594/3341 3541/3702/3443 442/3705/3446
f 3562/3729/3470 2991/3943/3670 3563/3944/3671
f 2894/3732/3473 2371/3945/3672 3745/3730/3471
f 1026/3942/3669 1041/3685/3426 362/3684/3425
f 3709/3546/3296 3696/3548/3298 3701/3946/3673
f 1042/3555/3305 2958/3557/3307 1043/3560/3308
f 3889/3947/3674 3682/3663/3406 3555/3925/3655 3982/3924/3654
f 405/3948/3675 416/3669/3412 2186/3927/3657
f 423/3949/3676 422/3840/3574 2387/3807/3543
f 1070/3907/3639 839/3670/3413 859/3908/3640
f 3713/3950/3677 3760/3951/3678 3686/3952/3679
f 333/3928/3658 836/3678/3420 834/3929/3659
f 836/3678/3420 333/3928/3658 1049/3679/3421
f 341/3577/3325 332/3789/3526 3008/3791/3528
f 3764/3553/3303 3765/3953/3680 3760/3951/3678
f 877/3578/3326 884/3931/3660 8/3954/2574
f 860/3955/3681 852/3649/3392 857/3648/3391
f 910/3682/3424 911/3625/3370 912/3580/3328
f 913/3612/3359 1040/3766/3505 1049/3679/3421
f 850/3956/3682 839/3670/3413 1070/3907/3639
f 3559/3691/3432 3667/3690/3431 3649/3957/3683
f 931/3683/2274 831/3590/3338 827/3675/3417
f 2893/3862/3595 364/3611/3358 51/3613/3360
f 3764/3553/3303 3767/3552/3302 3765/3953/3680
f 840/3895/3627 890/3845/3578 845/3572/3320
f 3983/3926/3656 3555/3925/3655 3964/3958/3684
f 333/3928/3658 1070/3907/3639 913/3612/3359
f 2415/3651/3394 3645/3623/3368 3659/3959/3685
f 238/3936/3665 3643/3844/3577 3697/3763/3502
f 218/3782/3519 2415/3651/3394 3659/3959/3685
f 3728/3743/3484 2189/3857/3590 3729/3734/3475
f 876/3671/2541 877/3578/3326 875/3960/2465
f 2374/3961/3686 2373/3738/3479 3744/3731/3472
f 287/3554/3304 2410/3962/3687 3757/3903/3635
f 3/3636/3379 2957/3665/3408 360/3963/3688
f 420/3757/3496 3729/3734/3475 356/3964/3689
f 2201/3721/3462 356/3964/3689 2197/3905/3637
f 2198/3744/3485 407/3718/3459 3739/3717/3458
f 2375/3719/3460 3544/3711/3452 431/3710/3451
f 430/3758/3497 3739/3717/3458 422/3840/3574
f 289/3747/3488 292/3890/3622 3656/3662/3405
f 3765/3953/3680 3767/3552/3302 3763/3829/3563
f 1022/3965/3690 1063/3793/3530 1037/3846/3579
f 1053/3966/3691 845/3572/3320 892/3632/3377
f 51/3613/3360 1061/3644/3387 1059/3643/3386
f 3884/3596/3343 3885/3967/3692 3564/3597/3344
f 2218/3775/3514 3763/3829/3563 3767/3552/3302
f 362/3684/3425 1037/3846/3579 1028/3795/3532
f 421/3968/3693 430/3758/3497 420/3757/3496
f 419/3969/3694 1977/3841/3575 429/3600/3347
f 439/3970/3695 442/3705/3446 3541/3702/3443
f 3728/3743/3484 2379/3742/3483 2189/3857/3590
f 2379/3742/3483 347/3848/3581 255/3971/3696
f 2139/3740/3481 525/3739/3480 532/3797/3061
f 3726/3627/3372 3722/3626/3371 3746/3972/3697
f 2419/3850/3583 131/3849/3582 317/3973/3698
f 2417/3974/3699 411/3975/3700 405/3948/3675
f 256/3855/3588 2189/3857/3590 2379/3742/3483
f 1062/3891/3623 3763/3829/3563 2218/3775/3514
f 2380/3976/3701 2381/3977/3702 239/3978/3703
f 522/3633/3378 3366/3830/3564 2149/3831/3565
f 3715/3979/3704 3760/3951/3678 3714/3883/3615
f 1583/3839/3573 3525/3693/3434 1029/3656/3399
f 1024/3980/3705 1066/3892/3624 2412/3878/3610
f 527/3912/3644 3756/3919/3651 529/3921/3077
f 2867/3624/3369 3560/3630/3375 3681/3981/3706
f 3718/3982/3707 3726/3627/3372 3727/3918/3650
f 3643/3844/3577 238/3936/3665 226/3858/3591
f 856/3983/3708 855/3911/3643 848/3910/3642
f 3509/3593/3340 3504/3595/3342 38/3567/3315
f 839/3670/3413 838/3984/3709 859/3908/3640
f 3677/3985/3710 237/3646/3389 3666/3605/3352
f 876/3671/2541 838/3984/3709 839/3670/3413
f 3738/3833/3567 2374/3961/3686 2846/3834/3568
f 3757/3903/3635 2410/3962/3687 363/3986/3711
f 246/3987/3712 2385/3893/3625 2384/3696/3437
f 3539/3566/3314 2896/3668/3411 412/3582/3330
f 3728/3743/3484 3718/3982/3707 2405/3741/3482
f 3758/3860/3593 363/3986/3711 357/3861/3594
f 526/3776/3232 3365/3778/3515 532/3797/3061
f 853/3988/3713 894/3835/3569 854/3989/3714
f 2410/3962/3687 3764/3553/3303 3760/3951/3678
f 2375/3719/3460 431/3710/3451 3583/3906/3638
f 3733/3990/3715 2381/3977/3702 2380/3976/3701
f 3718/3982/3707 3721/3628/3373 3726/3627/3372
f 3657/3622/3367 289/3747/3488 3659/3959/3685
f 1977/3841/3575 3530/3806/3542 1563/3723/3464
f 3685/3673/3415 354/3804/3540 11/3991/3716
f 3538/3701/3442 413/3594/3341 2199/3762/3501
f 525/3739/3480 527/3912/3644 528/3992/3052
f 1023/3568/3316 1066/3892/3624 1024/3980/3705
f 425/3756/3495 2388/3602/3349 3725/3680/3422
f 3506/3562/3310 3495/3751/3490 3507/3761/3500
f 333/3928/3658 913/3612/3359 1049/3679/3421
f 3736/3922/3652 2371/3945/3672 2894/3732/3473
f 430/3758/3497 423/3949/3676 3519/3900/3632
f 3693/3993/3717 3730/3819/3553 3727/3918/3650
f 1041/3685/3426 1027/3897/3629 1035/3616/3363
f 3683/3994/3718 3658/3809/3545 3680/3664/3407
f 859/3908/3640 838/3984/3709 336/3771/3510
f 838/3984/3709 876/3671/2541 841/3995/2540
f 3722/3626/3371 3720/3859/3592 130/3996/3719
f 1024/3980/3705 1063/3793/3530 1022/3965/3690
f 2417/3974/3699 2186/3927/3657 2208/3997/3720
f 841/3995/2540 336/3771/3510 838/3984/3709
f 3717/3824/3558 3746/3972/3697 130/3996/3719
f 1023/3568/3316 1024/3980/3705 1022/3965/3690
f 922/3998/3721 917/3999/3722 923/3621/2312
f 2846/3834/3568 2374/3961/3686 252/4000/3723
f 226/3858/3591 3734/3813/3549 235/3695/3436
f 2893/3862/3595 51/3613/3360 1054/3847/3580
f 846/3725/3466 843/4001/3724 2885/3726/3467
f 846/3725/3466 336/3771/3510 844/3773/3512
f 335/4002/3725 2885/3726/3467 843/4001/3724
f 3761/4003/3726 1580/3881/3613 363/3986/3711
f 3680/3664/3407 3682/3663/3406 3683/3994/3718
f 3733/3990/3715 2384/3696/3437 3701/3946/3673
f 3511/3838/3572 3768/3654/3397 3525/3693/3434
f 3580/4004/3727 3723/3825/3559 130/3996/3719
f 3560/3630/3375 2422/3629/3374 3945/4005/3728
f 3734/3813/3549 239/3978/3703 2381/3977/3702
f 3559/3691/3432 5/3764/3503 3697/3763/3502
f 3723/3825/3559 3714/3883/3615 3712/3823/3557
f 890/3845/3578 883/4006/3729 893/3631/3376
f 3715/3979/3704 3761/4003/3726 3760/3951/3678
f 851/4007/3730 847/4008/3731 50/4009/3732
f 3687/3932/3661 3760/3951/3678 3765/3953/3680
f 3687/3932/3661 3765/3953/3680 3688/3828/3562
f 1057/4010/3733 2954/4011/3734 1060/4012/3735
f 1021/4013/3736 1023/3568/3316 1022/3965/3690
f 1059/3643/3386 1021/4013/3736 1054/3847/3580
f 3541/3702/3443 3538/3701/3442 2202/4014/3737
f 843/4001/3724 846/3725/3466 844/3773/3512
f 317/3973/3698 316/3808/3544 2413/3769/3508
f 868/4015/2542 857/3648/3391 841/3995/2540
f 841/3995/2540 857/3648/3391 2993/4016/3738
f 2992/4017/3739 848/3910/3642 840/3895/3627
f 3734/3813/3549 226/3858/3591 238/3936/3665
f 215/4018/3740 216/3661/3741 2991/3943/3742
f 3715/3979/3704 1580/3881/3613 3761/4003/3726
f 1043/3560/3308 1044/3587/3335 1042/3555/3305
f 925/4019/3743 903/4020/3744 917/3999/3722
f 2193/3784/3521 2196/3786/3523 436/4021/3745
f 347/3848/3581 2385/3893/3625 255/3971/3696
f 3719/4022/3746 3726/3627/3372 3746/3972/3697
f 3723/3825/3559 3580/4004/3727 1580/3881/3613
f 130/3996/3719 3723/3825/3559 3717/3824/3558
f 2896/3668/3411 3540/3708/3449 416/3669/3412
f 405/3948/3675 2186/3927/3657 2417/3974/3699
f 50/4009/3732 2885/3726/3467 851/4007/3730
f 922/3998/3721 923/3621/2312 924/4023/2118
f 1023/3568/3316 1021/4013/3736 1059/3643/3386
f 1059/3643/3386 1056/3569/3317 1023/3568/3316
f 52/3610/3357 50/4009/3732 1061/3644/3387
f 2885/3726/3467 335/4002/3725 851/4007/3730
f 3237/3767/3506 2421/3639/3382 294/4024/3747
f 335/4002/3725 844/3773/3512 3007/3772/3511
f 2390/4025/3748 3666/3605/3352 220/3604/3351
f 911/3625/3370 910/3682/3424 827/3675/3417
f 362/3684/3425 1040/3766/3505 364/3611/3358
f 3700/3608/3355 3694/3821/3555 228/3783/3520
f 3007/3772/3511 2993/4016/3738 855/3911/3643
f 439/3970/3695 3366/3830/3564 523/3706/3447
f 869/4026/3749 857/3648/3391 868/4015/2542
f 2203/4027/3750 409/4028/3751 3001/4029/3752
f 3698/4030/3753 3699/3609/3356 3700/3608/3355
f 1586/3760/3499 456/4031/3754 3516/4032/3755
f 239/3978/3703 3704/3815/3551 3745/3730/3471
f 3715/3979/3704 3714/3883/3615 3762/3882/3614
f 3714/3883/3615 3760/3951/3678 3713/3950/3677
f 50/4009/3732 2992/4017/3739 1061/3644/3387
f 410/3667/3410 2204/3583/3331 412/3582/3330
f 3685/3673/3415 11/3991/3716 3687/3932/3661
f 855/3911/3643 335/4002/3725 3007/3772/3511
f 422/3840/3574 2367/4033/3756 2387/3807/3543
f 2953/3894/3626 852/3649/3392 860/3955/3681
f 1085/4034/3757 388/3864/3597 1079/4035/3758
f 3689/4036/3759 3637/4037/3760 3640/3939/3666
f 3688/3828/3562 2960/4038/3761 374/3873/3606
f 3691/3681/3423 3522/3601/3348 3758/3860/3593
f 292/3890/3622 289/3747/3488 3657/3622/3367
f 847/4008/3731 2992/4017/3739 50/4009/3732
f 234/4039/3762 3686/3952/3679 3637/4037/3760
f 2894/3732/3473 3744/3731/3472 3741/3923/3653
f 525/3739/3480 528/3992/3052 532/3797/3061
f 3696/3548/3298 2381/3977/3702 3701/3946/3673
f 3529/3724/3465 3510/3576/3324 3526/3692/3433
f 861/3642/3385 869/4026/3749 862/3937/2482
f 857/3648/3391 334/3647/3390 855/3911/3643
f 913/3612/3359 364/3611/3358 1040/3766/3505
f 2185/3779/3516 2195/3916/3648 2196/3786/3523
f 3686/3952/3679 234/4039/3762 3713/3950/3677
f 11/3991/3716 3686/3952/3679 3687/3932/3661
f 3685/3673/3415 3688/3828/3562 374/3873/3606
f 3644/3792/3529 315/3869/3602 314/4040/3763
f 866/3619/3366 904/4041/3764 2996/3641/3384
f 1031/3588/3336 1043/3560/3308 912/3580/3328
f 2959/3570/3318 374/3873/3606 2960/4038/3761
f 439/3970/3695 3541/3702/3443 3366/3830/3564
f 3649/3957/3683 2420/4042/3765 5/3764/3503
f 434/4043/3766 2200/4044/3767 431/3710/3451
f 1055/3645/3388 1061/3644/3387 1052/3571/3319
f 855/3911/3643 856/3983/3708 335/4002/3725
f 851/4007/3730 856/3983/3708 847/4008/3731
f 2888/4045/3768 2887/3686/3427 899/3688/3429
f 3717/3824/3558 3712/3823/3557 244/3933/3662
f 3522/3601/3348 429/3600/3347 1977/3841/3575
f 3713/3950/3677 3716/3713/3454 3714/3883/3615
f 3685/3673/3415 374/3873/3606 365/4046/3769
f 289/3747/3488 218/3782/3519 3659/3959/3685
f 246/3987/3712 3733/3990/3715 3736/3922/3652
f 3676/3547/3297 2419/3850/3583 3666/3605/3352
f 3737/3867/3600 3704/3815/3551 3731/3814/3550
f 856/3983/3708 848/3910/3642 847/4008/3731
f 2372/3565/3313 3537/3564/3312 3541/3702/3443
f 4010/4047/3770 4011/4048/3771 345/3812/3548
f 3699/3609/3356 3698/4030/3753 327/4049/3772
f 235/3695/3436 2381/3977/3702 3696/3548/3298
f 430/3758/3497 422/3840/3574 423/3949/3676
f 878/4050/3773 853/3988/3713 861/3642/3385
f 2192/3720/3461 2198/3744/3485 3739/3717/3458
f 2375/3719/3460 256/3855/3588 2379/3742/3483
f 3720/3859/3592 3725/3680/3422 3691/3681/3423
f 412/3582/3330 416/3669/3412 405/3948/3675
f 3569/3940/3667 4/3941/3668 1075/3698/3439
f 3737/3867/3600 3745/3730/3471 3704/3815/3551
f 849/3896/3628 334/3647/3390 852/3649/3392
f 860/3955/3681 869/4026/3749 854/3989/3714
f 3690/3652/3395 228/3783/3520 3692/3820/3554
f 3677/3985/3710 225/3901/3633 237/3646/3389
f 131/3849/3582 327/4049/3772 317/3973/3698
f 848/3910/3642 334/3647/3390 849/3896/3628
f 2188/3790/3527 421/3968/3693 2192/3720/3461
f 3712/3823/3557 3714/3883/3615 3716/3713/3454
f 2387/3807/3543 2199/3762/3501 3533/3614/3361
f 3561/3660/3403 3563/3944/3671 216/3661/3404
f 2195/3916/3648 436/4021/3745 2196/3786/3523
f 3644/3792/3529 3660/3914/3646 3645/3623/3368
f 2188/3790/3527 430/3758/3497 421/3968/3693
f 2384/3696/3437 3733/3990/3715 246/3987/3712
f 3757/3903/3635 363/3986/3711 3758/3860/3593
f 233/3714/3455 3716/3713/3454 234/4039/3762
f 3710/3917/3649 3724/4051/3774 3695/4052/3775
f 245/3658/3401 246/3987/3712 3736/3922/3652
f 2854/3722/3463 2201/3721/3462 2197/3905/3637
f 1583/3839/3573 1029/3656/3399 1038/3781/3518
f 2993/4016/3738 857/3648/3391 855/3911/3643
f 4012/4053/3776 1075/3698/3439 4006/3697/3438
f 3637/4037/3760 3686/3952/3679 11/3991/3716
f 3736/3922/3652 2894/3732/3473 3741/3923/3653
f 3515/3575/3323 3508/4054/3777 3510/3576/3324
f 3732/3934/3663 349/3765/3504 331/4055/3778
f 3697/3763/3502 349/3765/3504 238/3936/3665
f 3731/3814/3550 3734/3813/3549 3732/3934/3663
f 1057/4010/3733 1056/3569/3317 1058/4056/3779
f 3677/3985/3710 3666/3605/3352 3557/4057/3780
f 3500/3563/3311 413/3594/3341 442/3705/3446
f 2372/3565/3313 2205/3745/3486 3539/3566/3314
f 374/3873/3606 1084/3872/3605 365/4046/3769
f 848/3910/3642 2992/4017/3739 847/4008/3731
f 3699/3609/3356 3709/3546/3296 3701/3946/3673
f 3726/3627/3372 3719/4022/3746 3710/3917/3649
f 2149/3831/3565 2150/3796/3533 3365/3778/3515
f 2187/3913/3645 2208/3997/3720 2186/3927/3657
f 38/3567/3315 3504/3595/3342 3500/3563/3311
f 1058/4056/3779 1055/3645/3388 1052/3571/3319
f 3724/4051/3774 3717/3824/3558 244/3933/3662
f 854/3989/3714 869/4026/3749 853/3988/3713
f 431/3710/3451 2200/4044/3767 3583/3906/3638
f 854/3989/3714 337/4058/3781 860/3955/3681
f 2140/3707/3448 2141/4059/3250 441/4060/3782
f 3743/4061/3783 2389/3935/3664 254/3854/3587
f 852/3649/3392 2953/3894/3626 849/3896/3628
f 860/3955/3681 337/4058/3781 2953/3894/3626
f 3544/3711/3452 436/4021/3745 433/3712/3453
f 2405/3741/3482 3718/3982/3707 3727/3918/3650
f 887/3704/3445 899/3688/3429 902/4062/3784
f 441/4060/3782 440/4063/2643 3502/4064/3785
f 231/3868/3601 234/4039/3762 3637/4037/3760
f 1068/3674/3416 365/4046/3769 1084/3872/3605
f 3714/3883/3615 3723/3825/3559 1580/3881/3613
f 3678/4065/3786 3700/3608/3355 290/4066/3787
f 405/3948/3675 411/3975/3700 410/3667/3410
f 3690/3652/3395 3692/3820/3554 232/3870/3603
f 289/3747/3488 228/3783/3520 218/3782/3519
f 238/3936/3665 3732/3934/3663 3734/3813/3549
f 352/3650/3393 232/3870/3603 3716/3713/3454
f 3744/3731/3472 2373/3738/3479 3741/3923/3653
f 1036/3550/3300 1046/3549/3299 361/3787/3524
f 3684/3672/3414 354/3804/3540 3685/3673/3415
f 2380/3976/3701 2371/3945/3672 3736/3922/3652
f 2887/3686/3427 2888/4045/3768 895/3836/3570
f 408/3889/3621 2204/3583/3331 2139/3740/3481
f 2371/3945/3672 2380/3976/3701 239/3978/3703
f 246/3987/3712 245/3658/3401 255/3971/3696
f 3666/3605/3352 2390/4025/3748 3557/4057/3780
f 2367/4033/3756 422/3840/3574 2202/4014/3737
f 3634/3805/3541 3575/3887/3619 312/3803/3539
f 3737/3867/3600 252/4000/3723 3744/3731/3472
f 312/3803/3539 11/3991/3716 354/3804/3540
f 2185/3779/3516 2187/3913/3645 2186/3927/3657
f 1582/3585/3333 1029/3656/3399 3528/3586/3334
f 3681/3981/3706 3560/3630/3375 3555/3925/3655
f 3540/3708/3449 427/4067/3788 432/3780/3517
f 292/3890/3622 3555/3925/3655 3682/3663/3406
f 317/3973/3698 3698/4030/3753 318/4068/3789
f 2385/3893/3625 2405/3741/3482 3730/3819/3553
f 3569/3940/3667 3568/3904/3636 293/3837/3571
f 1058/4056/3779 2954/4011/3734 1057/4010/3733
f 433/3712/3453 436/4021/3745 2195/3916/3648
f 1052/3571/3319 1051/3573/3321 1058/4056/3779
f 337/4058/3781 854/3989/3714 883/4006/3729
f 409/4028/3751 2417/3974/3699 3001/4029/3752
f 1082/4069/3790 1073/4070/3791 346/4071/3792
f 432/3780/3517 414/3885/3617 3540/3708/3449
f 3541/3702/3443 3537/3564/3312 408/3889/3621
f 3709/3546/3296 327/4049/3772 131/3849/3582
f 878/4050/3773 861/3642/3385 2996/3641/3384
f 3678/4065/3786 3698/4030/3753 3700/3608/3355
f 1028/3795/3532 1037/3846/3579 1063/3793/3530
f 2200/4044/3767 2197/3905/3637 3583/3906/3638
f 2375/3719/3460 3583/3906/3638 256/3855/3588
f 3516/4032/3755 456/4031/3754 3505/4072/3793
f 427/4067/3788 3540/3708/3449 3532/3709/3450
f 327/4049/3772 3698/4030/3753 317/3973/3698
f 411/3975/3700 409/4028/3751 410/3667/3410
f 3657/3622/3367 2867/3624/3369 3681/3981/3706
f 3708/3802/3538 2420/4042/3765 3649/3957/3683
f 3676/3547/3297 3709/3546/3296 131/3849/3582
f 331/4055/3778 2389/3935/3664 3732/3934/3663
f 434/4043/3766 427/4067/3788 2854/3722/3463
f 2372/3565/3313 3541/3702/3443 2202/4014/3737
f 2206/4073/3794 428/4074/3795 436/4021/3745
f 2420/4042/3765 2382/3800/3536 331/4055/3778
f 3756/3919/3651 410/3667/3410 409/4028/3751
f 1061/3644/3387 51/3613/3360 52/3610/3357
f 3001/4029/3752 2417/3974/3699 2208/3997/3720
f 844/3773/3512 335/4002/3725 843/4001/3724
f 312/3803/3539 3637/4037/3760 11/3991/3716
f 426/3902/3634 263/3753/3492 3759/3653/3396
f 3689/4036/3759 231/3868/3601 3637/4037/3760
f 244/3933/3662 3711/4075/3796 3724/4051/3774
f 130/3996/3719 3746/3972/3697 3722/3626/3371
f 2382/3800/3536 2389/3935/3664 331/4055/3778
f 1054/3847/3580 362/3684/3425 2893/3862/3595
f 1058/4056/3779 1051/3573/3321 2954/4011/3734
f 3640/3939/3666 360/3963/3688 314/4040/3763
f 253/4076/3797 2376/3866/3599 3743/4061/3783
f 3559/3691/3432 3677/3985/3710 3665/3689/3430
f 864/3938/2310 866/3619/3366 861/3642/3385
f 1051/3573/3321 845/3572/3320 1053/3966/3691
f 878/4050/3773 894/3835/3569 853/3988/3713
f 972/3591/2277 832/3749/3489 830/3592/3339
f 1036/3550/3300 361/3787/3524 1034/3737/3478
f 3563/3944/3671 2991/3943/3670 216/3661/3404
f 236/3694/3435 3696/3548/3298 237/3646/3389
f 846/3725/3466 1070/3907/3639 336/3771/3510
f 910/3682/3424 912/3580/3328 933/3559/2469
f 130/3996/3719 3720/3859/3592 357/3861/3594
f 3/3636/3379 360/3963/3688 3640/3939/3666
f 883/4006/3729 854/3989/3714 894/3835/3569
f 2957/3665/3408 2868/4077/3798 360/3963/3688
f 840/3895/3627 2953/3894/3626 337/4058/3781
f 3640/3939/3666 3637/4037/3760 312/3803/3539
f 3515/3575/3323 3513/3584/3332 3508/4054/3777
f 3665/3689/3430 3677/3985/3710 3557/4057/3780
f 3737/3867/3600 2376/3866/3599 252/4000/3723
f 290/4066/3787 289/3747/3488 3679/3746/3487
f 1033/3615/3362 1029/3656/3399 1032/3589/3337
f 3504/3595/3342 2199/3762/3501 413/3594/3341
f 315/3869/3602 231/3868/3601 3689/4036/3759
f 884/3931/3660 3004/4078/2383 8/3954/2574
f 3538/3701/3442 2199/3762/3501 2367/4033/3756
f 3516/4032/3755 3513/3584/3332 3515/3575/3323
f 3529/3724/3465 3530/3806/3542 3533/3614/3361
f 1076/4079/3799 1074/4080/3800 1085/4034/3757
f 1083/4081/3801 1084/3872/3605 1081/3874/3607
f 1053/3966/3691 2954/4011/3734 1051/3573/3321
f 337/4058/3781 883/4006/3729 890/3845/3578
f 521/3666/3409 410/3667/3410 527/3912/3644
f 327/4049/3772 3709/3546/3296 3699/3609/3356
f 2202/4014/3737 3531/3716/3457 2372/3565/3313
f 2854/3722/3463 2200/4044/3767 434/4043/3766
f 1972/4082/2570 455/4083/3802 3486/4084/2560
f 893/3631/3376 883/4006/3729 894/3835/3569
f 3519/3900/3632 419/3969/3694 425/3756/3495
f 2996/3641/3384 898/4085/3803 878/4050/3773
f 3525/3693/3434 3768/3654/3397 3527/3851/3584
f 1054/3847/3580 51/3613/3360 1059/3643/3386
f 2206/4073/3794 2207/3832/3566 428/4074/3795
f 3693/3993/3717 3710/3917/3649 3695/4052/3775
f 3575/3887/3619 3640/3939/3666 312/3803/3539
f 442/3705/3446 2140/3707/3448 3503/3561/3309
f 2206/4073/3794 3544/3711/3452 2207/3832/3566
f 3539/3566/3314 2205/3745/3486 3532/3709/3450
f 314/4040/3763 3689/4036/3759 3640/3939/3666
f 2207/3832/3566 3544/3711/3452 3738/3833/3567
f 3538/3701/3442 2367/4033/3756 2202/4014/3737
f 341/3577/3325 879/4086/3804 884/3931/3660
f 1069/3715/3456 4/3941/3668 3684/3672/3414
f 1069/3715/3456 1068/3674/3416 1073/4070/3791
f 3515/3575/3323 3507/3761/3500 1588/3884/3616
f 2141/4059/3250 3498/4087/3220 441/4060/3782
f 3716/3713/3454 3711/4075/3796 244/3933/3662
f 441/4060/3782 3498/4087/3220 440/4063/2643
f 2150/3796/3533 3366/3830/3564 3541/3702/3443
f 1585/4088/2830 3486/4084/2560 455/4083/3802
f 1084/3872/3605 346/4071/3792 1068/3674/3416
f 2202/4014/3737 422/3840/3574 3531/3716/3457
f 346/4071/3792 1084/3872/3605 1083/4081/3801
f 2198/3744/3485 2192/3720/3461 2854/3722/3463
f 3684/3672/3414 293/3837/3571 354/3804/3540
f 3766/3603/3350 287/3554/3304 3759/3653/3396
f 840/3895/3627 337/4058/3781 890/3845/3578
f 829/3826/3560 330/3842/3576 833/3676/3418
f 2991/3943/3670 3562/3729/3470 3985/4089/3805
f 898/4085/3803 894/3835/3569 878/4050/3773
f 1066/3892/3624 1023/3568/3316 2960/4038/3761
f 332/3789/3526 330/3842/3576 837/3875/3608
f 895/3836/3570 893/3631/3376 894/3835/3569
f 1027/3897/3629 1026/3942/3669 2219/3774/3513
f 314/4040/3763 14/3728/3469 3644/3792/3529
f 1037/3846/3579 1054/3847/3580 1022/3965/3690
f 1055/3645/3388 1058/4056/3779 1056/3569/3317
f 3740/3659/3402 245/3658/3401 3736/3922/3652
f 2140/3707/3448 524/3635/3187 2141/4059/3250
f 1057/4010/3733 2959/3570/3318 1056/3569/3317
f 3727/3918/3650 3710/3917/3649 3693/3993/3717
f 315/3869/3602 2415/3651/3394 352/3650/3393
f 869/4026/3749 860/3955/3681 857/3648/3391
f 39/3677/3419 1046/3549/3299 1047/3879/3611
f 1073/4070/3791 4/3941/3668 1069/3715/3456
f 1038/3781/3518 1039/3853/3586 1067/3655/3398
f 1030/3581/3329 2950/4090/2573 1020/4091/2535
f 3739/3717/3458 430/3758/3497 2188/3790/3527
f 2420/4042/3765 3708/3802/3538 2382/3800/3536
f 414/3885/3617 416/3669/3412 3540/3708/3449
f 3502/4064/3785 3503/3561/3309 2140/3707/3448
f 3541/3702/3443 408/3889/3621 2150/3796/3533
f 1068/3674/3416 346/4071/3792 1073/4070/3791
f 1083/4081/3801 1082/4069/3790 346/4071/3792
f 2200/4044/3767 2854/3722/3463 2197/3905/3637
f 293/3837/3571 3684/3672/3414 4/3941/3668
f 343/3736/3477 877/3578/3326 839/3670/3413
f 3746/3972/3697 3724/4051/3774 3719/4022/3746
f 1060/4012/3735 1083/4081/3801 1081/3874/3607
f 845/3572/3320 1052/3571/3319 840/3895/3627
f 1053/3966/3691 388/3864/3597 2954/4011/3734
f 245/3658/3401 2411/3657/3400 255/3971/3696
f 1053/3966/3691 892/3632/3377 889/4092/3806
f 894/3835/3569 898/4085/3803 2887/3686/3427
f 522/3633/3378 523/3706/3447 3366/3830/3564
f 2888/4045/3768 893/3631/3376 895/3836/3570
f 342/4093/3807 898/4085/3803 2996/3641/3384
f 2189/3857/3590 1579/3856/3589 356/3964/3689
f 3718/3982/3707 3728/3743/3484 3721/3628/3373
f 3575/3887/3619 3634/3805/3541 309/3886/3618
f 3519/3900/3632 425/3756/3495 430/3758/3497
f 14/3728/3469 314/4040/3763 3237/3767/3506
f 3711/4075/3796 3716/3713/3454 232/3870/3603
f 3563/3944/3671 3561/3660/3403 377/3727/3468
f 2206/4073/3794 436/4021/3745 3544/3711/3452
f 522/3633/3378 3364/3777/3080 3501/3634/3108
f 1082/4069/3790 1083/4081/3801 1078/4094/3808
f 1083/4081/3801 1060/4012/3735 1074/4080/3800
f 1078/4094/3808 1083/4081/3801 1071/4095/3809
f 2954/4011/3734 388/3864/3597 1085/4034/3757
f 3721/3628/3373 3728/3743/3484 3729/3734/3475
f 889/4092/3806 388/3864/3597 1053/3966/3691
f 2954/4011/3734 1085/4034/3757 1074/4080/3800
f 889/4092/3806 892/3632/3377 1080/4096/3810
f 901/3703/3444 892/3632/3377 893/3631/3376
f 898/4085/3803 900/3687/3428 2887/3686/3427
f 524/3635/3187 2140/3707/3448 523/3706/3447
f 342/4093/3807 903/4020/3744 902/4062/3784
f 2888/4045/3768 901/3703/3444 893/3631/3376
f 903/4020/3744 2996/3641/3384 904/4041/3764
f 1025/3788/3525 1027/3897/3629 1039/3853/3586
f 3519/3900/3632 423/3949/3676 2387/3807/3543
f 2197/3905/3637 356/3964/3689 1579/3856/3589
f 1064/3794/3531 1026/3942/3669 1028/3795/3532
f 2996/3641/3384 903/4020/3744 342/4093/3807
f 898/4085/3803 342/4093/3807 900/3687/3428
f 1073/4070/3791 1082/4069/3790 1072/3699/3440
f 3679/3746/3487 316/3808/3544 3678/4065/3786
f 425/3756/3495 429/3600/3347 2388/3602/3349
f 1082/4069/3790 1078/4094/3808 1072/3699/3440
f 1083/4081/3801 1074/4080/3800 1071/4095/3809
f 1031/3588/3336 911/3625/3370 827/3675/3417
f 3511/3838/3572 3525/3693/3434 1583/3839/3573
f 1057/4010/3733 1060/4012/3735 1081/3874/3607
f 1071/4095/3809 375/4097/3811 1078/4094/3808
f 388/3864/3597 889/4092/3806 1077/4098/3812
f 885/4099/3813 1080/4096/3810 892/3632/3377
f 858/3876/3609 882/3579/3327 835/3735/3476
f 1080/4096/3810 385/4100/3814 889/4092/3806
f 1027/3897/3629 1041/3685/3426 1026/3942/3669
f 356/3964/3689 421/3968/3693 420/3757/3496
f 923/3621/2312 917/3999/3722 904/4041/3764
f 449/4101/2754 3494/3752/3491 446/4102/2642
f 1021/4013/3736 1022/3965/3690 1054/3847/3580
f 1075/3698/3439 1073/4070/3791 1072/3699/3440
f 1078/4094/3808 375/4097/3811 1072/3699/3440
f 376/4103/3815 375/4097/3811 1071/4095/3809
f 2385/3893/3625 3694/3821/3555 2386/3607/3354
f 1049/3679/3421 1040/3766/3505 1048/3617/3364
f 3721/3628/3373 3725/3680/3422 3722/3626/3371
f 3963/3865/3598 388/3864/3597 1077/4098/3812 3965/4104/3816
f 889/4092/3806 385/4100/3814 1077/4098/3812
f 1074/4080/3800 1076/4079/3799 1071/4095/3809
f 288/4105/3817 2867/3624/3369 3645/3623/3368
f 3580/4004/3727 357/3861/3594 363/3986/3711
f 2411/3657/3400 2375/3719/3460 2379/3742/3483
f 1080/4096/3810 885/4099/3813 888/4106/3818
f 409/4028/3751 2203/4027/3750 516/4107/3819
f 420/3757/3496 425/3756/3495 3729/3734/3475
f 3580/4004/3727 363/3986/3711 1580/3881/3613
f 3660/3914/3646 377/3727/3468 288/4105/3817
f 892/3632/3377 901/3703/3444 885/4099/3813
f 2959/3570/3318 1057/4010/3733 1081/3874/3607
f 826/3733/3474 1050/3551/3301 1036/3550/3300
f 899/3688/3429 901/3703/3444 2888/4045/3768
f 904/4041/3764 917/3999/3722 903/4020/3744
f 419/3969/3694 3519/3900/3632 3530/3806/3542
f 3698/4030/3753 3678/4065/3786 318/4068/3789
f 856/3983/3708 851/4007/3730 335/4002/3725
f 1070/3907/3639 333/3928/3658 850/3956/3682
f 879/4086/3804 880/3888/3620 881/3877/2380
f 3744/3731/3472 3745/3730/3471 3737/3867/3600
f 2415/3651/3394 228/3783/3520 3690/3652/3395
f 3687/3932/3661 3686/3952/3679 3760/3951/3678
f 2868/4077/3798 2421/3639/3382 360/3963/3688
f 903/4020/3744 925/4019/3743 902/4062/3784
f 385/4100/3814 381/4108/3820 1077/4098/3812
f 1066/3892/3624 1065/3827/3561 3763/3829/3563
f 3694/3821/3555 2385/3893/3625 3730/3819/3553
f 2371/3945/3672 239/3978/3703 3745/3730/3471
f 1079/4035/3758 1076/4079/3799 1085/4034/3757
f 1076/4079/3799 376/4103/3815 1071/4095/3809
f 1080/4096/3810 381/4108/3820 385/4100/3814
f 2379/3742/3483 255/3971/3696 2411/3657/3400
f 902/4062/3784 899/3688/3429 900/3687/3428
f 923/3621/2312 904/4041/3764 866/3619/3366
f 425/3756/3495 3725/3680/3422 3729/3734/3475
f 2204/3583/3331 521/3666/3409 2139/3740/3481
f 3743/4061/3783 3731/3814/3550 2389/3935/3664
f 914/4109/3821 902/4062/3784 925/4019/3743
f 902/4062/3784 900/3687/3428 342/4093/3807
f 3657/3622/3367 3555/3925/3655 292/3890/3622
f 2380/3976/3701 3736/3922/3652 3733/3990/3715
f 1587/3759/3498 3517/3930/2805 1585/4088/2830
f 877/3578/3326 343/3736/3477 882/3579/3327
f 879/4086/3804 341/3577/3325 880/3888/3620
f 2422/3629/3374 2867/3624/3369 288/4105/3817
f 3931/4110/3822 3903/4111/3823 1079/4035/3758
f 3528/3586/3334 3526/3692/3433 3510/3576/3324
f 840/3895/3627 848/3910/3642 849/3896/3628
f 1032/3589/3337 3513/3584/3332 3512/3556/3306
f 381/4108/3820 1080/4096/3810 3908/4112/3824
f 886/4113/3825 885/4099/3813 901/3703/3444
f 3693/3993/3717 3692/3820/3554 3730/3819/3553
f 901/3703/3444 887/3704/3445 886/4113/3825
f 236/3694/3435 237/3646/3389 225/3901/3633
f 1060/4012/3735 2954/4011/3734 1074/4080/3800
f 2417/3974/3699 409/4028/3751 411/3975/3700
f 3502/4064/3785 3495/3751/3490 3506/3562/3310
f 3517/3930/2805 1587/3759/3498 3518/3915/3647
f 455/4083/3802 456/4031/3754 1585/4088/2830
f 3645/3623/3368 3660/3914/3646 288/4105/3817
f 1977/3841/3575 419/3969/3694 3530/3806/3542
f 3744/3731/3472 252/4000/3723 2374/3961/3686
f 263/3753/3492 3522/3601/3348 1977/3841/3575
f 917/3999/3722 922/3998/3721 209/4114/3826
f 254/3854/3587 2378/3799/3535 253/4076/3797
f 3237/3767/3506 314/4040/3763 360/3963/3688
f 1587/3759/3498 1585/4088/2830 456/4031/3754
f 3680/3664/3407 3679/3746/3487 3656/3662/3405
f 228/3783/3520 290/4066/3787 3700/3608/3355
f 875/3960/2465 877/3578/3326 8/3954/2574
f 3990/4115/3827 885/4099/3813 886/4113/3825 3989/4116/3828
f 887/3704/3445 902/4062/3784 896/4117/3829
f 896/4117/3829 902/4062/3784 914/4109/3821
f 925/4019/3743 917/3999/3722 345/3812/3548
f 2421/3639/3382 2868/4077/3798 3572/4118/3830
f 288/4105/3817 377/3727/3468 2422/3629/3374
f 209/4114/3826 345/3812/3548 917/3999/3722
f 2374/3961/3686 3738/3833/3567 2373/3738/3479
f 314/4040/3763 315/3869/3602 3689/4036/3759
f 2422/3629/3374 377/3727/3468 3561/3660/3403
f 3365/3778/3515 2150/3796/3533 532/3797/3061
f 316/3808/3544 318/4068/3789 3678/4065/3786
f 2386/3607/3354 3694/3821/3555 3700/3608/3355
f 3580/4004/3727 130/3996/3719 357/3861/3594
f 3518/3915/3647 1587/3759/3498 3507/3761/3500
f 3966/4119/3831 3989/4116/3828 886/4113/3825
f 2415/3651/3394 315/3869/3602 3644/3792/3529
f 3500/3563/3311 442/3705/3446 3503/3561/3309
f 3678/4065/3786 290/4066/3787 3679/3746/3487
f 896/4117/3829 886/4113/3825 887/3704/3445
f 3724/4051/3774 3711/4075/3796 3695/4052/3775
f 924/4023/2118 926/4120/1880 922/3998/3721
f 427/4067/3788 434/4043/3766 433/3712/3453
f 318/4068/3789 316/3808/3544 317/3973/3698
f 3720/3859/3592 3722/3626/3371 3725/3680/3422
f 433/3712/3453 432/3780/3517 427/4067/3788
f 3991/4121/3832 896/4117/3829 914/4109/3821 3949/4122/3833
f 226/3858/3591 236/3694/3435 225/3901/3633
f 4/3941/3668 1073/4070/3791 1075/3698/3439
f 254/3854/3587 2389/3935/3664 2382/3800/3536
f 377/3727/3468 3562/3729/3470 3563/3944/3671
f 1579/3856/3589 256/3855/3588 3583/3906/3638
f 3966/4119/3831 886/4113/3825 3950/4123/3834
f 834/3929/3659 1045/3822/3556 842/3909/3641
f 2376/3866/3599 3731/3814/3550 3743/4061/3783
f 231/3868/3601 352/3650/3393 233/3714/3455
f 3734/3813/3549 3704/3815/3551 239/3978/3703
f 886/4113/3825 896/4117/3829 897/4124/3835
f 209/4114/3826 922/3998/3721 926/4120/1880
f 3910/4125/3836 925/4019/3743 345/3812/3548 4008/3811/3547
f 431/3710/3451 433/3712/3453 434/4043/3766
f 516/4107/3819 536/3920/3129 409/4028/3751
f 3741/3923/3653 2375/3719/3460 3740/3659/3402
f 728/4126/1879 209/4114/3826 926/4120/1880
f 3967/4127/3837 897/4124/3835 4015/4128/3838
f 3951/4129/3839 209/4114/3826 3946/4130/3840
f 869/4026/3749 861/3642/3385 853/3988/3713
f 1033/3615/3362 1036/3550/3300 1034/3737/3478
f 455/4083/3802 1972/4082/2570 456/4031/3754
f 2189/3857/3590 356/3964/3689 3729/3734/3475
f 931/3683/2274 910/3682/3424 933/3559/2469
f 343/3736/3477 839/3670/3413 835/3735/3476
f 1048/3617/3364 1035/3616/3363 39/3677/3419
f 456/4031/3754 1586/3760/3499 1587/3759/3498
f 1972/4082/2570 3505/4072/3793 456/4031/3754
f 439/3970/3695 523/3706/3447 442/3705/3446
f 4011/4048/3771 4007/3810/3546 345/3812/3548
f 3480/3817/3552 1972/4082/2570 3481/3818/2534
f 1052/3571/3319 1061/3644/3387 2992/4017/3739
f 3505/4072/3793 1972/4082/2570 3480/3817/3552
f 5/3764/3503 3559/3691/3432 3649/3957/3683
f 1041/3685/3426 1035/3616/3363 367/3618/3365
f 410/3667/3410 3756/3919/3651 527/3912/3644
f 3727/3918/3650 3730/3819/3553 2405/3741/3482
f 3990/4115/3827 3987/4131/3841 885/4099/3813
f 3645/3623/3368 3657/3622/3367 3659/3959/3685
f 3544/3711/3452 2373/3738/3479 3738/3833/3567
f 3529/3724/3465 3533/3614/3361 3510/3576/3324
f 869/4026/3749 868/4015/2542 862/3937/2482
f 529/3921/3077 528/3992/3052 527/3912/3644
f 1031/3588/3336 1036/3550/3300 1044/3587/3335
f 349/3765/3504 2420/4042/3765 331/4055/3778
f 3699/3609/3356 3701/3946/3673 2384/3696/3437
f 2385/3893/3625 246/3987/3712 255/3971/3696
f 290/4066/3787 228/3783/3520 289/3747/3488
f 3646/3801/3537 2377/3798/3534 2382/3800/3536
f 3528/3586/3334 3510/3576/3324 3508/4054/3777
f 2410/3962/3687 287/3554/3304 3764/3553/3303
f 2140/3707/3448 441/4060/3782 3502/4064/3785
f 421/3968/3693 356/3964/3689 2201/3721/3462
f 1067/3655/3398 1039/3853/3586 2219/3774/3513
f 835/3735/3476 850/3956/3682 333/3928/3658
f 3758/3860/3593 3522/3601/3348 426/3902/3634
f 1052/3571/3319 2992/4017/3739 840/3895/3627
f 410/3667/3410 412/3582/3330 405/3948/3675
f 294/4024/3747 2421/3639/3382 3873/3638/3381
f 3891/4132/3842 3890/4133/3843 929/4134/2291
f 3882/4135/2295 3891/4132/3842 929/4134/2291
f 3693/3993/3717 3695/4052/3775 3692/3820/3554
f 1977/3841/3575 3521/3754/3493 263/3753/3492
f 2201/3721/3462 2192/3720/3461 421/3968/3693
f 2421/3639/3382 3237/3767/3506 360/3963/3688
f 2367/4033/3756 2199/3762/3501 2387/3807/3543
f 449/4101/2754 447/3750/2763 3494/3752/3491
f 1068/3674/3416 3685/3673/3415 365/4046/3769
f 2993/4016/3738 3007/3772/3511 841/3995/2540
f 254/3854/3587 253/4076/3797 3743/4061/3783
f 3482/3880/3612 3505/4072/3793 3480/3817/3552
f 3634/3805/3541 3568/3904/3636 309/3886/3618
f 1563/3723/3464 3530/3806/3542 3529/3724/3465
f 879/4086/3804 881/3877/2380 339/4136/2384
f 232/3870/3603 3692/3820/3554 3695/4052/3775
f 2866/3637/3380 309/3886/3618 3565/3598/3345
f 233/3714/3455 234/4039/3762 231/3868/3601
f 1030/3581/3329 3483/3816/2572 2950/4090/2573
f 1063/3793/3530 1024/3980/3705 2412/3878/3610
f 3761/4003/3726 363/3986/3711 2410/3962/3687
f 234/4039/3762 3716/3713/3454 3713/3950/3677
f 438/3755/3494 3527/3851/3584 3759/3653/3396
f 3762/3882/3614 1580/3881/3613 3715/3979/3704
f 339/4136/2384 329/4137/2372 340/4138/2363
f 3568/3904/3636 3565/3598/3345 309/3886/3618
f 3734/3813/3549 2381/3977/3702 235/3695/3436
f 1588/3884/3616 1586/3760/3499 3516/4032/3755
f 3004/4078/2383 884/3931/3660 339/4136/2384
f 3518/3915/3647 3507/3761/3500 3495/3751/3490
f 3681/3981/3706 3555/3925/3655 3657/3622/3367
f 317/3973/3698 2413/3769/3508 2419/3850/3583
f 425/3756/3495 419/3969/3694 429/3600/3347
f 871/3843/1915 866/3619/3366 864/3938/2310
f 3508/4054/3777 3513/3584/3332 3528/3586/3334
f 2375/3719/3460 3741/3923/3653 2373/3738/3479
f 3495/3751/3490 3502/4064/3785 3494/3752/3491
f 3515/3575/3323 1588/3884/3616 3516/4032/3755
f 3643/3844/3577 225/3901/3633 3559/3691/3432
f 3559/3691/3432 225/3901/3633 3677/3985/3710
f 3537/3564/3312 2204/3583/3331 408/3889/3621
f 3482/3880/3612 3483/3816/2572 1030/3581/3329
f 3719/4022/3746 3724/4051/3774 3710/3917/3649
f 836/3678/3420 39/3677/3419 1047/3879/3611
f 2381/3977/3702 3733/3990/3715 3701/3946/3673
f 3761/4003/3726 2410/3962/3687 3760/3951/3678
f 1020/4091/2535 934/3558/2470 1030/3581/3329
f 3516/4032/3755 3505/4072/3793 3482/3880/3612
f 440/4063/2643 446/4102/2642 3494/3752/3491
f 3565/3598/3345 3564/3597/3344 2866/3637/3380
f 2218/3775/3514 1064/3794/3531 2412/3878/3610
f 3494/3752/3491 3502/4064/3785 440/4063/2643
f 1065/3827/3561 1066/3892/3624 2960/4038/3761
f 3906/4139/3844 3892/4140/3845 3568/3904/3636
f 3575/3887/3619 2866/3637/3380 3/3636/3379
f 3007/3772/3511 336/3771/3510 841/3995/2540
f 3763/3829/3563 1062/3891/3623 1066/3892/3624
f 842/3909/3641 858/3876/3609 835/3735/3476
f 362/3684/3425 1028/3795/3532 1026/3942/3669
f 339/4136/2384 884/3931/3660 879/4086/3804
f 3531/3716/3457 407/3718/3459 2372/3565/3313
f 3680/3664/3407 316/3808/3544 3679/3746/3487
f 1030/3581/3329 3512/3556/3306 3482/3880/3612
f 522/3633/3378 524/3635/3187 523/3706/3447
f 407/3718/3459 2205/3745/3486 2372/3565/3313
f 377/3727/3468 3644/3792/3529 14/3728/3469
f 2854/3722/3463 427/4067/3788 3532/3709/3450
f 835/3735/3476 839/3670/3413 850/3956/3682
f 3724/4051/3774 3746/3972/3697 3717/3824/3558
f 329/4137/2372 339/4136/2384 881/3877/2380
f 3506/3562/3310 3507/3761/3500 38/3567/3315
f 3516/4032/3755 3482/3880/3612 3512/3556/3306
f 4009/4141/3846 3237/3767/3506 294/4024/3747
f 52/3610/3357 2885/3726/3467 50/4009/3732
f 1045/3822/3556 834/3929/3659 836/3678/3420
f 3515/3575/3323 3514/3574/3322 3507/3761/3500
f 3711/4075/3796 232/3870/3603 3695/4052/3775
f 846/3725/3466 913/3612/3359 1070/3907/3639
f 2185/3779/3516 414/3885/3617 432/3780/3517
f 3514/3574/3322 38/3567/3315 3507/3761/3500
f 1046/3549/3299 1050/3551/3301 1047/3879/3611
f 3516/4032/3755 3512/3556/3306 3513/3584/3332
f 1081/3874/3607 374/3873/3606 2959/3570/3318
f 3756/3919/3651 409/4028/3751 536/3920/3129
f 1035/3616/3363 361/3787/3524 1046/3549/3299
f 3502/4064/3785 3506/3562/3310 3503/3561/3309
f 2960/4038/3761 3688/3828/3562 1065/3827/3561
f 3763/3829/3563 3688/3828/3562 3765/3953/3680
f 972/3591/2277 831/3590/3338 931/3683/2274
f 2959/3570/3318 2960/4038/3761 1023/3568/3316
f 5/3764/3503 2420/4042/3765 349/3765/3504
f 251/4142/3847 2849/4143/3848 248/4144/3849
f 517/4145/3850 2856/4146/3851 406/4147/3852
f 3546/4148/3853 3846/4149/1192 3751/4150/998
f 519/4151/385 181/4152/3854 3369/4153/605
f 616/4154/3855 262/4155/3856 2111/4156/3857
f 2395/4157/3858 2396/4158/3859 2355/4159/3860
f 3702/4160/3861 247/4161/3862 253/4162/3797
f 537/4163/1442 553/4164/3251 531/4165/3053
f 195/4166/3863 274/4167/3864 242/4168/3865
f 3853/4169/3866 2357/4170/3867 241/4171/3868
f 2369/4172/3869 219/4173/3870 243/4174/3871
f 2355/4159/3860 219/4173/3870 2395/4157/3858
f 3898/108/108 3916/109/109 3918/110/110 4004/4175/3872 4005/116/116 3960/114/114 3959/115/115 3977/80/80 3878/83/83 3941/4176/3873 3940/99/99 3869/41/41 3998/43/43 3974/48/48 3973/49/49 3999/44/44 3896/47/47 3897/4177/3874 3893/4178/3875 3857/4179/3876 3968/4180/3877 3876/4181/3878 3954/4182/3879 3952/4183/3880 275/4184/3881 3953/4185/3882 3894/4186/3883 3934/4187/3884 3994/4188/3885 2395/4157/3858 3993/4189/3886 3992/4190/3887 3875/4191/3888 3663/4192/3889 3955/4193/3890 3996/4194/3891 3995/4195/3892 3914/4196/3893 4016/4197/3894 3911/4198/3895 3913/4199/3896 3912/4200/3897 2390/4201/3748 220/3604/3351 3924/3606/3353 3923/4202/3898 3984/4203/3899 3887/3768/3507 3888/3770/3509 3904/3852/3585 3926/3898/3630 3883/3899/3631 3683/3994/3718 3889/3947/3674 3982/3924/3654 3983/3926/3656 3964/3958/3684 3944/4204/3900 3560/3630/3375 3945/4005/3728 216/3661/3404 2991/3943/3670 3985/4089/3805 4009/4141/3846 294/4024/3747 3873/3638/3381 3874/3640/3383 4013/4205/3901 3930/4206/3902 3927/4207/3903 3886/4208/3904 3885/3967/3692 3884/3596/3343 3902/3599/3346 3905/3871/3604 3892/4140/3845 3906/4139/3844 3907/4209/3905 3947/4210/3906 4014/4211/3907 4012/4053/3776 4006/3697/3438 3943/3700/3441 3932/4212/3908 3933/4213/3909 376/4103/3815 3929/4214/3910 3925/4215/3911 3903/4111/3823 3931/4110/3822 3928/3863/3596 3963/3865/3598 3965/4104/3816 381/4108/3820 3908/4112/3824 3909/4216/3912 3988/4217/3913 3987/4131/3841 3990/4115/3827 3989/4116/3828 3966/4119/3831 3950/4123/3834 3967/4127/3837 4015/4128/3838 3991/4121/3832 3949/4122/3833 3948/4218/3914 3910/4125/3836 4008/3811/3547 4007/3810/3546 4011/4048/3771 4010/4047/3770 3951/4129/3839 3946/4130/3840 3986/4219/3915 3890/4133/3843 3891/4132/3842 3882/4135/2295 3872/2388/2296 3919/2393/2301 3922/2385/2293 3921/2379/2287 3920/2378/2286 3900/2381/2289 3901/2382/2290 3942/2386/2294 3899/2372/2282 3981/2374/2284 3962/2376/2285 3958/2377/35 3935/37/37 3938/65/65 4000/58/58 3871/57/57 3961/4220/3916 3603/1496/1463 3971/4221/3917 3972/119/119 3978/113/113 3975/63/63 3937/64/64 3939/67/67 3870/66/66 3997/4222/3918 3969/4223/3919 2956/24/24 3957/22/22 3956/8/8 3895/7/7 3980/121/121 3979/4224/3920 3970/4225/3921 3867/4226/3922 3868/122/122 3936/60/60 3915/62/62 3976/4227/3923 3877/4228/3924 3881/4229/3925 3879/93/93 3880/94/94 4002/76/76 4001/75/75 4003/106/106 3917/107/107
f 2863/4230/3926 3652/4231/3927 2869/4232/3928
f 2863/4230/3926 2358/4233/3929 2948/4234/3930
f 2862/4235/3931 2358/4233/3929 3705/4236/3932
f 520/4237/3933 59/4238/3934 406/4147/3852
f 2948/4234/3930 2358/4233/3929 2862/4235/3931
f 2875/4239/3935 2857/4240/3936 402/4241/3937
f 428/4242/3795 424/4243/3938 1578/4244/3939
f 2846/4245/3568 252/4246/3723 2847/4247/3940
f 3703/4248/3941 379/4249/3942 3735/4250/3943
f 276/4251/3944 268/4252/3945 193/4253/3946
f 217/4254/3947 2355/4159/3860 2396/4158/3859
f 2847/4247/3940 2848/4255/3948 2846/4245/3568
f 2393/4256/3949 2383/4257/3950 249/4258/3951
f 2112/4259/1521 615/4260/752 3338/4261/3952
f 262/4155/3856 621/4262/3953 2874/4263/3954
f 406/4147/3852 2856/4146/3851 265/4264/3955
f 2406/4265/3956 219/4173/3870 2369/4172/3869
f 241/4171/3868 268/4252/3945 3853/4169/3866
f 219/4173/3870 194/4266/3957 243/4174/3871
f 3336/4267/3958 617/4268/400 3542/4269/3959
f 2846/4245/3568 2848/4255/3948 2207/4270/3566
f 269/4271/1216 214/4272/1455 1087/4273/3960
f 259/4274/3961 193/4253/3946 2358/4233/3929
f 2857/4240/3936 415/4275/3962 417/4276/3963
f 3742/4277/3964 250/4278/3965 2383/4257/3950
f 2357/4170/3867 3854/4279/3966 1087/4273/3960
f 3755/4280/3967 2869/4232/3928 260/4281/3968
f 3952/4183/3880 278/4282/3969 275/4184/3881
f 2369/4172/3869 243/4174/3871 3703/4248/3941
f 247/4161/3862 249/4258/3951 248/4144/3849
f 3853/4169/3866 3128/4283/3970 3855/4284/928
f 406/4147/3852 59/4238/3934 517/4145/3850
f 3853/4169/3866 3854/4279/3966 2357/4170/3867
f 3735/4250/3943 3651/4285/3971 3707/4286/3972
f 2356/4287/3973 277/4288/3974 279/4289/3975
f 250/4278/3965 251/4142/3847 249/4258/3951
f 265/4264/3955 2856/4146/3851 513/4290/765
f 2358/4233/3929 241/4171/3868 3705/4236/3932
f 273/4291/3976 276/4251/3944 279/4289/3975
f 252/4246/3723 247/4161/3862 2847/4247/3940
f 3706/4292/3977 2378/4293/3535 2377/4294/3534
f 1578/4244/3939 424/4243/3938 2191/4295/3978
f 3653/4296/3979 2869/4232/3928 3652/4231/3927
f 3343/4297/3980 3652/4231/3927 2948/4234/3930
f 3653/4296/3979 261/4298/3981 258/4299/3982
f 3343/4297/3980 261/4298/3981 3653/4296/3979
f 248/4144/3849 249/4258/3951 251/4142/3847
f 3857/4179/3876 273/4291/3976 3968/4180/3877
f 1578/4244/3939 2191/4295/3978 3742/4277/3964
f 2193/4300/3521 435/4301/3983 1564/4302/3984
f 3362/4303/3985 2203/4304/3750 182/4305/3986
f 2874/4263/3954 402/4241/3937 1578/4244/3939
f 3855/4284/928 2404/4306/927 3854/4279/3966
f 2392/4307/3987 195/4166/3863 3138/4308/3988
f 520/4237/3933 406/4147/3852 3000/4309/3989
f 3855/4284/928 3854/4279/3966 3853/4169/3866
f 2112/4259/1521 3338/4261/3952 3747/4310/3990
f 3361/4311/3229 537/4163/1442 531/4165/3053
f 3361/4311/3229 536/4312/3129 530/4313/1153
f 262/4155/3856 3742/4277/3964 2111/4156/3857
f 3845/4314/3991 2875/4239/3935 621/4262/3953
f 2392/4307/3987 379/4249/3942 243/4174/3871
f 530/4313/1153 3362/4303/3985 2138/4315/1395
f 3338/4261/3952 615/4260/752 3337/4316/634
f 516/4317/3819 530/4313/1153 536/4312/3129
f 241/4171/3868 2358/4233/3929 193/4253/3946
f 1578/4244/3939 2190/4318/3992 428/4242/3795
f 261/4298/3981 3753/4319/3993 2113/4320/3994
f 617/4268/400 3336/4267/3958 619/4321/1531
f 2394/4322/3995 3748/4323/3996 2393/4256/3949
f 249/4258/3951 2383/4257/3950 250/4278/3965
f 3707/4286/3972 3703/4248/3941 3735/4250/3943
f 195/4166/3863 2392/4307/3987 194/4266/3957
f 616/4154/3855 3747/4310/3990 3338/4261/3952
f 2113/4320/3994 2112/4259/1521 261/4298/3981
f 3651/4285/3971 3735/4250/3943 3702/4160/3861
f 3343/4297/3980 3753/4319/3993 261/4298/3981
f 2393/4256/3949 3748/4323/3996 2383/4257/3950
f 2377/4294/3534 2406/4265/3956 3706/4292/3977
f 320/4324/3997 379/4249/3942 2392/4307/3987
f 2187/4325/3645 2194/4326/3522 415/4275/3962
f 3653/4296/3979 257/4327/3998 2869/4232/3928
f 2869/4232/3928 257/4327/3998 260/4281/3968
f 193/4253/3946 268/4252/3945 241/4171/3868
f 2874/4263/3954 621/4262/3953 2875/4239/3935
f 2208/4328/3720 2187/4325/3645 59/4238/3934
f 2357/4170/3867 3705/4236/3932 241/4171/3868
f 2406/4265/3956 223/4329/3999 3664/4330/4000
f 2207/4270/3566 2848/4255/3948 424/4243/3938
f 3343/4297/3980 2948/4234/3930 2862/4235/3931
f 2203/4304/3750 3362/4303/3985 516/4317/3819
f 3367/4331/4001 3534/4332/4002 3542/4269/3959
f 221/4333/4003 2395/4157/3858 219/4173/3870
f 3855/4284/928 3128/4283/3970 282/4334/846
f 274/4167/3864 2356/4287/3973 242/4168/3865
f 3534/4332/4002 415/4275/3962 2857/4240/3936
f 3369/4153/605 181/4152/3854 265/4264/3955
f 2113/4320/3994 3751/4150/998 2112/4259/1521
f 3546/4148/3853 3705/4236/3932 214/4272/1455
f 3706/4292/3977 2406/4265/3956 2369/4172/3869
f 3336/4267/3958 621/4262/3953 2351/4335/633
f 2377/4294/3534 222/4336/4004 2406/4265/3956
f 2356/4287/3973 279/4289/3975 276/4251/3944
f 193/4253/3946 259/4274/3961 2356/4287/3973
f 274/4167/3864 277/4288/3974 2356/4287/3973
f 2383/4257/3950 3748/4323/3996 3754/4337/4005
f 2395/4157/3858 221/4333/4003 3993/4189/3886
f 2208/4328/3720 59/4238/3934 520/4237/3933
f 2393/4256/3949 379/4249/3942 320/4324/3997
f 3367/4331/4001 518/4338/402 513/4290/765
f 2378/4293/3535 3707/4286/3972 3651/4285/3971
f 3138/4308/3988 259/4274/3961 3755/4280/3967
f 3652/4231/3927 2863/4230/3926 2948/4234/3930
f 2191/4295/3978 424/4243/3938 2848/4255/3948
f 2849/4143/3848 2847/4247/3940 247/4161/3862
f 2406/4265/3956 222/4336/4004 223/4329/3999
f 428/4242/3795 2207/4270/3566 424/4243/3938
f 517/4145/3850 2897/4339/4006 3534/4332/4002
f 3702/4160/3861 253/4162/3797 3651/4285/3971
f 3000/4309/3989 3001/4340/3752 520/4237/3933
f 2858/4341/4007 1564/4302/3984 435/4301/3983
f 243/4174/3871 379/4249/3942 3703/4248/3941
f 268/4252/3945 276/4251/3944 3128/4283/3970
f 2369/4172/3869 3703/4248/3941 3707/4286/3972
f 3367/4331/4001 3542/4269/3959 617/4268/400
f 182/4305/3986 3000/4309/3989 181/4152/3854
f 251/4142/3847 250/4278/3965 3742/4277/3964
f 3361/4311/3229 530/4313/1153 537/4163/1442
f 3755/4280/3967 259/4274/3961 2869/4232/3928
f 217/4254/3947 277/4288/3974 274/4167/3864
f 3343/4297/3980 2862/4235/3931 3753/4319/3993
f 402/4241/3937 2858/4341/4007 1578/4244/3939
f 214/4272/1455 3705/4236/3932 2357/4170/3867
f 182/4305/3986 2138/4315/1395 3362/4303/3985
f 2848/4255/3948 2849/4143/3848 2191/4295/3978
f 3128/4283/3970 2370/4342/4008 282/4334/846
f 277/4288/3974 2391/4343/4009 279/4289/3975
f 2376/4344/3599 247/4161/3862 252/4246/3723
f 2857/4240/3936 417/4276/3963 2858/4341/4007
f 2393/4256/3949 320/4324/3997 2394/4322/3995
f 3735/4250/3943 240/4345/4010 3702/4160/3861
f 242/4168/3865 3138/4308/3988 195/4166/3863
f 3992/4190/3887 3993/4189/3886 221/4333/4003
f 240/4345/4010 379/4249/3942 2393/4256/3949
f 195/4166/3863 194/4266/3957 2355/4159/3860
f 3653/4296/3979 258/4299/3982 3748/4323/3996
f 265/4264/3955 513/4290/765 3369/4153/605
f 217/4254/3947 195/4166/3863 2355/4159/3860
f 261/4298/3981 616/4154/3855 3754/4337/4005
f 242/4168/3865 259/4274/3961 3138/4308/3988
f 2863/4230/3926 2869/4232/3928 259/4274/3961
f 553/4164/3251 537/4163/1442 2131/4346/1052
f 435/4301/3983 2193/4300/3521 436/4347/3745
f 219/4173/3870 2406/4265/3956 3664/4330/4000
f 436/4347/3745 428/4242/3795 435/4301/3983
f 3138/4308/3988 320/4324/3997 2392/4307/3987
f 3707/4286/3972 2378/4293/3535 3706/4292/3977
f 3367/4331/4001 517/4145/3850 3534/4332/4002
f 3546/4148/3853 2113/4320/3994 3753/4319/3993
f 1578/4244/3939 2858/4341/4007 2190/4318/3992
f 2849/4143/3848 251/4142/3847 2191/4295/3978
f 273/4291/3976 282/4334/846 2370/4342/4008
f 2190/4318/3992 2858/4341/4007 435/4301/3983
f 253/4162/3797 2378/4293/3535 3651/4285/3971
f 214/4272/1455 3846/4149/1192 3546/4148/3853
f 513/4290/765 2856/4146/3851 3367/4331/4001
f 247/4161/3862 248/4144/3849 2849/4143/3848
f 621/4262/3953 616/4154/3855 3338/4261/3952
f 616/4154/3855 2111/4156/3857 3754/4337/4005
f 2394/4322/3995 257/4327/3998 3748/4323/3996
f 3755/4280/3967 260/4281/3968 3138/4308/3988
f 435/4301/3983 428/4242/3795 2190/4318/3992
f 276/4251/3944 2370/4342/4008 3128/4283/3970
f 2194/4326/3522 417/4276/3963 415/4275/3962
f 2112/4259/1521 3747/4310/3990 261/4298/3981
f 3138/4308/3988 260/4281/3968 2394/4322/3995
f 2875/4239/3935 3534/4332/4002 2857/4240/3936
f 195/4166/3863 217/4254/3947 274/4167/3864
f 515/4348/4011 519/4151/385 2138/4315/1395
f 275/4184/3881 278/4282/3969 279/4289/3975
f 2203/4304/3750 3001/4340/3752 182/4305/3986
f 1578/4244/3939 262/4155/3856 2874/4263/3954
f 257/4327/3998 2394/4322/3995 260/4281/3968
f 273/4291/3976 2370/4342/4008 276/4251/3944
f 3845/4314/3991 621/4262/3953 3336/4267/3958
f 194/4266/3957 219/4173/3870 2355/4159/3860
f 3664/4330/4000 221/4333/4003 219/4173/3870
f 3753/4319/3993 2862/4235/3931 3546/4148/3853
f 280/4349/4012 282/4334/846 273/4291/3976
f 258/4299/3982 261/4298/3981 3754/4337/4005
f 3748/4323/3996 257/4327/3998 3653/4296/3979
f 415/4275/3962 59/4238/3934 2187/4325/3645
f 259/4274/3961 2358/4233/3929 2863/4230/3926
f 2856/4146/3851 517/4145/3850 3367/4331/4001
f 616/4154/3855 621/4262/3953 262/4155/3856
f 273/4291/3976 3857/4179/3876 280/4349/4012
f 3546/4148/3853 2862/4235/3931 3705/4236/3932
f 3742/4277/3964 262/4155/3856 1578/4244/3939
f 2875/4239/3935 402/4241/3937 2874/4263/3954
f 217/4254/3947 2391/4343/4009 277/4288/3974
f 258/4299/3982 3754/4337/4005 3748/4323/3996
f 417/4276/3963 1564/4302/3984 2858/4341/4007
f 2847/4247/3940 2849/4143/3848 2848/4255/3948
f 279/4289/3975 2391/4343/4009 275/4184/3881
f 415/4275/3962 3534/4332/4002 2897/4339/4006
f 515/4348/4011 181/4152/3854 519/4151/385
f 3853/4169/3866 268/4252/3945 3128/4283/3970
f 265/4264/3955 3000/4309/3989 406/4147/3852
f 3751/4150/998 2113/4320/3994 3546/4148/3853
f 3702/4160/3861 249/4258/3951 247/4161/3862
f 3954/4182/3879 278/4282/3969 3952/4183/3880
f 281/4350/46 282/4334/846 280/4349/4012
f 3336/4267/3958 3542/4269/3959 3845/4314/3991
f 2857/4240/3936 2858/4341/4007 402/4241/3937
f 3534/4332/4002 2875/4239/3935 3542/4269/3959
f 276/4251/3944 193/4253/3946 2356/4287/3973
f 2875/4239/3935 3845/4314/3991 3542/4269/3959
f 2356/4287/3973 259/4274/3961 242/4168/3865
f 3337/4316/634 2351/4335/633 3338/4261/3952
f 2897/4339/4006 59/4238/3934 415/4275/3962
f 3876/4181/3878 278/4282/3969 3954/4182/3879
f 3968/4180/3877 273/4291/3976 278/4282/3969 3876/4181/3878
f 379/4249/3942 240/4345/4010 3735/4250/3943
f 2897/4339/4006 517/4145/3850 59/4238/3934
f 194/4266/3957 2392/4307/3987 243/4174/3871
f 515/4348/4011 2138/4315/1395 182/4305/3986
f 3001/4340/3752 3000/4309/3989 182/4305/3986
f 3338/4261/3952 2351/4335/633 621/4262/3953
f 530/4313/1153 516/4317/3819 3362/4303/3985
f 2394/4322/3995 320/4324/3997 3138/4308/3988
f 3653/4296/3979 3652/4231/3927 3343/4297/3980
f 2111/4156/3857 2383/4257/3950 3754/4337/4005
f 3706/4292/3977 2369/4172/3869 3707/4286/3972
f 3854/4279/3966 269/4271/1216 1087/4273/3960
f 2383/4257/3950 2111/4156/3857 3742/4277/3964
f 617/4268/400 518/4338/402 3367/4331/4001
f 2208/4328/3720 520/4237/3933 3001/4340/3752
f 182/4305/3986 181/4152/3854 515/4348/4011
f 3747/4310/3990 616/4154/3855 261/4298/3981
f 3000/4309/3989 265/4264/3955 181/4152/3854
f 240/4345/4010 249/4258/3951 3702/4160/3861
f 2404/4306/927 269/4271/1216 3854/4279/3966
f 2194/4326/3522 2193/4300/3521 417/4276/3963
f 214/4272/1455 2357/4170/3867 1087/4273/3960
f 3893/4178/3875 280/4349/4012 3857/4179/3876
f 3336/4267/3958 2351/4335/633 619/4321/1531
f 251/4142/3847 3742/4277/3964 2191/4295/3978
f 249/4258/3951 240/4345/4010 2393/4256/3949
f 279/4289/3975 278/4282/3969 273/4291/3976
f 247/4161/3862 2376/4344/3599 253/4162/3797
f 2193/4300/3521 1564/4302/3984 417/4276/3963
f 223/4351/3999 2407/4352/4013 3664/4353/4000
f 3646/4354/3537 224/4355/4014 222/4356/4004
f 3557/4357/3780 3558/4358/4015 3665/4359/3430
f 227/4360/4016 2407/4352/4013 3708/4361/3538
f 3912/4200/3897 3557/4357/3780 2390/4201/3748
f 3911/4198/3895 3558/4358/4015 3913/4199/3896
f 3665/4359/3430 3558/4358/4015 3667/4362/3431
f 3663/4363/3889 3664/4353/4000 2407/4352/4013
f 3672/4364/4017 3649/4365/3683 3558/4358/4015
f 3673/4366/4018 2407/4352/4013 227/4360/4016
f 3663/4363/3889 2407/4352/4013 3673/4366/4018
f 2407/4352/4013 224/4355/4014 3708/4361/3538
f 227/4360/4016 3672/4364/4017 3673/4366/4018
f 223/4351/3999 224/4355/4014 2407/4352/4013
f 3558/4358/4015 3649/4365/3683 3667/4362/3431
f 3914/4196/3893 3558/4358/4015 4016/4197/3894
f 222/4356/4004 2377/4367/3534 3646/4354/3537
f 3649/4365/3683 3672/4364/4017 227/4360/4016
f 3708/4361/3538 224/4355/4014 3646/4354/3537
f 222/4356/4004 224/4355/4014 223/4351/3999
f 3955/4193/3890 3673/4366/4018 3996/4194/3891
f 3663/4363/3889 3673/4366/4018 3955/4193/3890
f 227/4360/4016 3708/4361/3538 3649/4365/3683
f 1075/3698/3439 4012/4053/3776 4014/4211/3907
f 3571/88/88 4005/116/116 4004/4175/3872
f 55/70/70 4003/106/106 4001/75/75
f 3673/4366/4018 3672/4364/4017 3995/4195/3892 3996/4194/3891
f 897/4124/3835 896/4117/3829 3991/4121/3832 4015/4128/3838
f 885/4099/3813 3987/4131/3841 3988/4217/3913 888/4106/3818
f 3237/3767/3506 4009/4141/3846 3985/4089/3805 3562/3729/3470
f 3612/9/9 3610/6/6 3979/4224/3920 3980/121/121
f 3622/69/69 3972/119/119 3971/4221/3917
f 3610/6/6 3577/26/26 3970/4225/3921 3979/4224/3920
f 3620/34/34 3616/25/25 3969/4223/3919 3997/4222/3918
f 394/81/81 3977/80/80 3959/115/115 3571/88/88
f 3616/25/25 2956/24/24 3969/4223/3919
f 2391/4343/4009 3953/4185/3882 275/4184/3881
f 209/4114/3826 3951/4129/3839 4010/4047/3770 345/3812/3548
f 897/4124/3835 3967/4127/3837 3950/4123/3834 886/4113/3825
f 925/4019/3743 3948/4218/3914 3949/4122/3833 914/4109/3821
f 1075/3698/3439 4014/4211/3907 3947/4210/3906 3569/3940/3667
f 728/4126/1879 3986/4219/3915 3946/4130/3840 209/4114/3826
f 2422/3629/3374 216/3661/3404 3945/4005/3728
f 3555/3925/3655 3944/4204/3900 3964/3958/3684
f 3556/42/42 3940/99/99 3941/4176/3873 298/82/82
f 3601/59/59 4000/58/58 3938/65/65
f 3621/10/10 3939/67/67 3937/64/64
f 2396/4158/3859 3994/4188/3885 3934/4187/3884
f 1072/3699/3440 375/4097/3811 3932/4212/3908 3943/3700/3441
f 375/4097/3811 3933/4213/3909 3932/4212/3908
f 375/4097/3811 376/4103/3815 3933/4213/3909
f 3572/4118/3830 2868/4077/3798 3930/4206/3902 4013/4205/3901
f 1076/4079/3799 3929/4214/3910 376/4103/3815
f 388/3864/3597 3928/3863/3596 3931/4110/3822 1079/4035/3758
f 2868/4077/3798 3927/4207/3903 3930/4206/3902
f 1076/4079/3799 3925/4215/3911 3929/4214/3910
f 2419/3850/3583 3923/4202/3898 3924/3606/3353 3666/3605/3352
f 2419/3850/3583 3984/4203/3899 3923/4202/3898
f 296/104/104 3571/88/88 4004/4175/3872 3918/110/110
f 322/100/100 3976/4227/3923 3915/62/62 3578/61/61
f 3558/4358/4015 3914/4196/3893 3995/4195/3892 3672/4364/4017
f 3558/4358/4015 3557/4357/3780 3912/4200/3897 3913/4199/3896
f 3558/4358/4015 3911/4198/3895 4016/4197/3894
f 925/4019/3743 3910/4125/3836 3948/4218/3914
f 1077/4098/3812 381/4108/3820 3965/4104/3816
f 888/4106/3818 3988/4217/3913 3909/4216/3912
f 1080/4096/3810 888/4106/3818 3909/4216/3912 3908/4112/3824
f 3569/3940/3667 3947/4210/3906 3907/4209/3905
f 3568/3904/3636 3569/3940/3667 3907/4209/3905 3906/4139/3844
f 3658/3809/3545 3926/3898/3630 3904/3852/3585 316/3808/3544
f 1079/4035/3758 3903/4111/3823 3925/4215/3911 1076/4079/3799
f 3555/3925/3655 3560/3630/3375 3944/4204/3900
f 306/2318/2230 213/2317/2229 3900/2381/2289 3920/2378/2286
f 3574/2373/2283 3899/2372/2282 3942/2386/2294
f 296/104/104 3916/109/109 3898/108/108 3567/101/101
f 281/46/46 3897/4177/3874 3896/47/47
f 3604/1204/1178 3603/1496/1463 3961/4220/3916
f 3622/69/69 3971/4221/3917 3603/4368/1463
f 2396/4158/3859 3934/4187/3884 3894/4186/3883 217/4254/3947
f 217/4254/3947 3894/4186/3883 3953/4185/3882 2391/4343/4009
f 281/4350/46 280/4349/4012 3893/4178/3875 3897/4369/3874
f 3568/3904/3636 3892/4140/3845 3905/3871/3604 3565/3598/3345
f 929/4134/2291 3890/4133/3843 3986/4219/3915 728/4126/1879
f 2419/3850/3583 2413/3769/3508 3887/3768/3507 3984/4203/3899
f 2868/4077/3798 2957/3665/3408 3886/4208/3904 3927/4207/3903
f 3564/3597/3344 3885/3967/3692 3886/4208/3904 2957/3665/3408
f 55/70/70 4002/76/76 3880/94/94 297/71/71
f 297/71/71 3879/93/93 3881/4229/3925
f 298/82/82 3941/4176/3873 3878/83/83
f 322/100/100 297/71/71 3877/4228/3924 3976/4227/3923
f 297/71/71 3881/4229/3925 3877/4228/3924
f 3664/4330/4000 3875/4191/3888 3992/4190/3887 221/4333/4003
f 3664/4330/4000 3663/4192/3889 3875/4191/3888
f 2396/4158/3859 2395/4157/3858 3994/4188/3885
f 3682/3663/3406 3889/3947/3674 3683/3994/3718
f 3658/3809/3545 3683/3994/3718 3883/3899/3631
f 2421/3639/3382 3572/4118/3830 4013/4205/3901 3874/3640/3383
f 306/2318/2230 3919/2393/2301 3872/2388/2296 729/2360/2270
f 3604/1204/1178 3961/4220/3916 3871/4370/57 3601/1150/59
f 3620/34/34 3997/4222/3918 3870/66/66 3621/10/10
f 3577/26/26 3867/4226/3922 3970/4225/3921
f 3578/61/61 3868/122/122 3867/4226/3922 3577/26/26
