o visual_mesh_z_up_preview
v 0.054420000 0.032429500 0.046407000
v 0.019108000 0.039555500 0.231115000
v 0.043608000 0.005428500 0.189323000
v 0.025268000 -0.024982500 0.172605000
v 0.065613000 0.009499500 0.040892000
v 0.057968000 0.027198500 0.025007000
v 0.046382000 -0.015306500 0.250427000
v 0.044903000 -0.045297500 0.007128000
v 0.048318000 -0.009190500 0.246608000
v 0.048450000 -0.008853500 0.249212000
v 0.003438000 0.043237500 0.257182000
v 0.020666000 0.037848500 0.221319000
v -0.022294000 -0.021525500 0.129779000
v -0.016173000 -0.034745500 0.253590000
v -0.052224000 -0.004575500 0.253132000
v 0.026744000 -0.031432500 0.260827000
v 0.028181000 -0.038315500 0.226745000
v 0.006042000 0.042836500 0.257762000
v -0.002589000 0.042385500 0.229508000
v 0.025398000 0.035336500 0.228353000
v -0.003520000 0.041461500 0.209513000
v -0.042609000 0.018274500 0.216665000
v -0.031827000 0.026659500 0.191461000
v -0.033318000 0.027070500 0.196241000
v -0.018962000 -0.024125500 0.130640000
v -0.016367000 -0.026674500 0.128561000
v -0.022538000 -0.042486500 0.230607000
v -0.065779000 0.000287500 0.004996000
v -0.065051000 0.005183500 0.005712000
v 0.002377000 0.027194500 0.131317000
v 0.027527000 0.025911500 0.182776000
v -0.001772000 0.037793500 0.186728000
v 0.028864000 -0.015160500 0.135925000
v 0.027312000 -0.042477500 0.066161000
v 0.061244000 -0.021323500 0.041188000
v 0.025571000 0.018221500 0.168684000
v 0.022483000 0.020737500 0.168613000
v 0.046785000 0.021345500 0.069565000
v 0.032015000 -0.003989500 0.158572000
v 0.002414000 0.041538500 0.219665000
v 0.001304000 0.043102500 0.233113000
v 0.008142000 -0.035995500 0.259269000
v -0.038106000 -0.016824500 0.188047000
v -0.040458000 -0.016813500 0.194823000
v -0.027362000 -0.025973500 0.256656000
v 0.062505000 -0.012958500 0.021178000
v 0.059053000 -0.020479500 0.023694000
v 0.060389000 -0.015830500 0.024441000
v 0.046992000 -0.012976500 0.239260000
v -0.039963000 -0.012983500 0.189184000
v -0.063974000 0.003771500 0.010184000
v 0.047112000 -0.010913500 0.224317000
v 0.034393000 0.008620500 0.173332000
v -0.031839000 -0.050064500 0.052260000
v 0.005988000 -0.034085500 0.117260000
v -0.045086000 -0.025761500 0.071073000
v -0.048426000 -0.027740500 0.062393000
v -0.038338000 -0.033743500 0.075396000
v -0.042205000 -0.031024500 0.071648000
v -0.039528000 -0.030047500 0.079451000
v -0.029368000 -0.037181500 0.084534000
v -0.032237000 -0.035759500 0.082857000
v -0.036074000 -0.031480500 0.084936000
v -0.020547000 -0.030020500 0.112179000
v -0.009448000 -0.029158500 0.163316000
v -0.008720000 -0.030858500 0.167078000
v -0.030441000 -0.009217500 0.132033000
v -0.032954000 -0.007866500 0.124788000
v -0.032142000 -0.006624500 0.129577000
v -0.026879000 -0.013523500 0.137012000
v -0.032586000 -0.012257500 0.119432000
v -0.030048000 -0.026811500 0.101766000
v -0.029059000 -0.015676500 0.123711000
v -0.033054000 -0.015044500 0.114280000
v 0.004010000 0.021192500 0.248101000
v 0.026622000 0.002683500 0.251508000
v 0.026578000 0.019019500 0.257297000
v 0.006812000 0.027888500 0.255762000
v 0.007792000 0.030692500 0.258763000
v 0.002341000 0.027036500 0.253561000
v 0.014992000 0.025221500 0.255369000
v 0.018763000 0.014013500 0.248430000
v 0.018972000 0.008862500 0.246997000
v 0.020759000 0.017545500 0.251630000
v 0.019508000 0.017191500 0.250347000
v 0.019902000 0.022517500 0.254829000
v 0.018959000 0.020157500 0.252076000
v 0.021618000 0.020088500 0.253985000
v 0.022176000 0.022519500 0.256210000
v 0.031271000 0.008197500 0.257686000
v 0.026642000 0.015598500 0.255865000
v 0.008925000 -0.042486500 0.261134000
v 0.009807000 -0.048259500 0.235513000
v 0.023386000 -0.001027500 0.248127000
v 0.014789000 -0.046393500 0.230703000
v 0.012195000 -0.046514500 0.227375000
v -0.005169000 -0.047333500 0.212951000
v -0.007753000 -0.048019500 0.202601000
v -0.054546000 0.028505500 0.006493000
v -0.001005000 -0.048749500 0.237724000
v -0.018735000 -0.044820500 0.241469000
v -0.014162000 -0.046080500 0.240781000
v -0.013353000 -0.029319500 0.168096000
v -0.010018000 -0.046879500 0.200554000
v -0.012562000 -0.046531500 0.202368000
v -0.022157000 -0.041889500 0.206486000
v -0.031629000 -0.029592500 0.195446000
v -0.031677000 -0.024855500 0.185826000
v -0.028843000 -0.039553500 0.234183000
v -0.026232000 -0.040721500 0.226071000
v -0.027244000 0.048694500 0.021288000
v -0.040810000 -0.021717500 0.211997000
v -0.024867000 -0.041228500 0.221131000
v -0.024768000 -0.041565500 0.223447000
v -0.026412000 -0.043588500 0.254219000
v -0.025942000 -0.043463500 0.250278000
v -0.030417000 -0.039733500 0.243208000
v -0.032329000 -0.036580500 0.229732000
v -0.043959000 -0.028423500 0.247690000
v 0.036533000 0.051062500 0.010057000
v -0.050051000 -0.012150500 0.230420000
v -0.048431000 -0.022437500 0.256389000
v -0.042861000 -0.028879500 0.258078000
v -0.041699000 -0.027828500 0.258937000
v 0.028022000 -0.052822500 0.025166000
v 0.041832000 0.046189500 0.042820000
v 0.045948000 0.038275500 0.055149000
v -0.050287000 0.036745500 0.000054000
v -0.045056000 -0.026385500 0.245245000
v -0.048233000 -0.022637500 0.246722000
v -0.047245000 -0.024919500 0.256608000
v -0.049789000 -0.019363500 0.245185000
v -0.027501000 -0.037799500 0.206967000
v -0.016057000 -0.044784500 0.212429000
v -0.016961000 -0.044709500 0.210141000
v -0.018804000 -0.043667500 0.213190000
v -0.013813000 -0.045720500 0.225606000
v -0.037695000 -0.032442500 0.235347000
v -0.036124000 -0.035011500 0.240571000
v -0.027973000 -0.040357500 0.237569000
v -0.005421000 -0.046827500 0.219957000
v -0.001063000 -0.047917500 0.230937000
v 0.013583000 -0.009301500 0.243024000
v 0.016877000 -0.007023500 0.244126000
v 0.012801000 -0.004000500 0.242191000
v 0.010157000 -0.005755500 0.241293000
v 0.030204000 -0.013031500 0.253664000
v 0.014258000 -0.042766500 0.260290000
v 0.012677000 0.004188500 0.242969000
v 0.017725000 0.017797500 0.249698000
v 0.015514000 -0.001858500 0.243495000
v 0.016737000 0.009216500 0.246081000
v -0.000986000 -0.002008500 0.238988000
v -0.040478000 -0.013387500 0.100667000
v -0.022660000 -0.032853500 0.102349000
v -0.042671000 -0.022247500 0.082209000
v -0.040214000 -0.017884500 0.096695000
v -0.043278000 -0.013075500 0.092476000
v -0.025879000 -0.017335500 0.130487000
v -0.022273000 -0.019518500 0.136700000
v -0.015988000 -0.023977500 0.142517000
v -0.012792000 -0.026248500 0.141412000
v -0.015741000 -0.025303500 0.135915000
v -0.008803000 -0.027599500 0.152437000
v -0.012139000 -0.025985500 0.147161000
v -0.039609000 -0.036198500 0.068587000
v -0.011116000 -0.031916500 0.120801000
v -0.009447000 -0.034088500 0.116161000
v -0.033515000 -0.022784500 0.102769000
v -0.023723000 -0.029468500 0.107582000
v -0.025231000 -0.025704500 0.112729000
v -0.028835000 -0.021140500 0.114218000
v -0.029507000 -0.024068500 0.107757000
v -0.034867000 -0.043106500 0.062849000
v -0.030172000 -0.044874500 0.065165000
v -0.031086000 -0.004022500 0.141466000
v -0.027669000 -0.011064500 0.149981000
v -0.023102000 -0.017507500 0.150465000
v -0.016595000 -0.023250500 0.148385000
v -0.023007000 -0.019143500 0.158165000
v -0.026740000 -0.016589500 0.162362000
v -0.028235000 -0.013345500 0.159864000
v 0.028387000 0.006843500 0.254450000
v 0.042389000 -0.011737500 0.260981000
v 0.042336000 -0.014957500 0.260289000
v -0.057299000 -0.035351500 0.000335000
v 0.024412000 -0.032701500 0.260810000
v 0.017020000 -0.043425500 0.258693000
v 0.000326000 -0.047449500 0.225451000
v -0.005202000 -0.047371500 0.229863000
v 0.006737000 0.014089500 0.243989000
v -0.029315000 -0.009254500 0.137662000
v -0.025665000 -0.014080500 0.145388000
v -0.028186000 -0.010358500 0.143264000
v 0.029932000 -0.021419500 0.175211000
v -0.024397000 -0.020327500 0.165065000
v 0.019641000 0.037212500 0.215438000
v 0.050882000 0.000904500 0.077751000
v -0.041716000 0.016109500 0.200627000
v 0.059409000 0.028512500 0.003703000
v 0.029134000 -0.012650500 0.150285000
v 0.041708000 -0.005702500 0.184190000
v 0.040204000 -0.002444500 0.180769000
v 0.041343000 0.048109500 0.007286000
v -0.058072000 -0.024624500 0.006919000
v 0.012187000 -0.059833500 0.002545000
v -0.062132000 -0.013212500 0.007235000
v -0.061928000 -0.015826500 0.005185000
v 0.032617000 -0.053608500 0.006268000
v 0.022987000 -0.057851500 0.011300000
v 0.031709000 -0.054255500 0.009617000
v 0.035716000 -0.051919500 0.010692000
v -0.012302000 -0.059946500 0.001442000
v -0.018410000 -0.058831500 0.000455000
v -0.014203000 -0.059308500 0.010427000
v -0.038446000 -0.048466500 0.008489000
v -0.057681000 -0.030874500 0.002425000
v 0.027202000 -0.054773500 0.017806000
v -0.005173000 -0.059579500 0.019148000
v -0.003531000 -0.060474500 0.014605000
v -0.031496000 -0.051705500 0.015581000
v -0.035132000 -0.049335500 0.017883000
v -0.037822000 -0.048001500 0.014137000
v -0.039629000 -0.046318500 0.017968000
v -0.037038000 -0.047829500 0.020207000
v -0.024596000 -0.054729500 0.018691000
v -0.030647000 -0.053681500 0.007616000
v -0.028455000 -0.055326500 0.003425000
v -0.001067000 -0.059936500 0.018659000
v 0.000380000 -0.059649500 0.028734000
v -0.047610000 -0.040829500 0.006988000
v -0.048384000 -0.038747500 0.012116000
v -0.052508000 -0.039681500 0.001639000
v -0.047481000 -0.041760500 0.004608000
v -0.050791000 -0.035516500 0.014921000
v -0.043638000 -0.044188500 0.028180000
v 0.038299000 -0.049289500 0.039153000
v -0.013038000 -0.039331500 0.256644000
v -0.037234000 -0.044056500 0.058130000
v -0.063071000 -0.001388500 0.016772000
v -0.062520000 -0.003923500 0.022655000
v -0.059846000 -0.031449500 0.000084000
v -0.059651000 -0.022355500 0.005226000
v -0.062850000 -0.006675500 0.012479000
v -0.031028000 0.029460500 0.210753000
v -0.067389000 -0.007053500 0.000283000
v -0.066332000 -0.004002500 0.003643000
v -0.067863000 -0.002538500 0.000091000
v 0.042293000 -0.044446500 0.030086000
v -0.036792000 0.042004500 0.026413000
v -0.058223000 0.026249500 0.001307000
v -0.026342000 -0.023501500 0.174772000
v -0.049963000 0.035985500 0.001225000
v 0.032860000 0.028027500 0.258179000
v 0.032078000 0.030772500 0.251388000
v 0.041923000 0.016552500 0.213438000
v 0.044736000 0.014511500 0.205753000
v 0.051761000 0.032539500 0.052642000
v 0.046413000 0.044656500 0.002046000
v 0.033073000 0.053340500 0.001708000
v 0.046198000 0.044037500 0.016113000
v 0.026005000 0.039657500 0.074904000
v -0.052084000 -0.014207500 0.251172000
v 0.042935000 -0.045917500 0.001316000
v -0.014388000 -0.045423500 0.222636000
v 0.028314000 -0.055184500 0.002257000
v -0.023510000 0.051825500 0.016128000
v -0.043883000 -0.045573500 0.004266000
v -0.019960000 0.054048500 0.009887000
v -0.041236000 0.042034500 0.004181000
v -0.047803000 0.036595500 0.003961000
v 0.044241000 0.009392500 0.259061000
v 0.049191000 -0.005807500 0.234296000
v 0.048083000 -0.010134500 0.202354000
v 0.044764000 -0.014563500 0.217131000
v 0.061835000 0.013549500 0.052720000
v 0.064017000 -0.008329500 0.049429000
v -0.024183000 -0.057148500 0.000258000
v 0.064806000 -0.003752500 0.050246000
v 0.064429000 -0.011755500 0.037595000
v 0.064653000 -0.004004500 0.020612000
v 0.063069000 -0.008071500 0.023951000
v 0.064025000 -0.005433500 0.029042000
v 0.067013000 -0.002127500 0.016300000
v 0.063179000 0.013954500 0.027415000
v 0.064342000 0.011377500 0.048105000
v 0.062354000 0.016966500 0.048838000
v 0.066117000 0.001420500 0.046434000
v 0.066748000 0.013037500 0.009267000
v 0.066458000 -0.001593500 0.039781000
v 0.058917000 0.025017500 0.027696000
v 0.002636000 -0.059938500 0.018723000
v -0.055788000 0.025816500 0.023447000
v 0.037924000 -0.023816500 0.258720000
v 0.047662000 -0.002297500 0.196261000
v 0.026609000 -0.056695500 0.007311000
v 0.043169000 -0.017486500 0.214553000
v 0.047160000 -0.042531500 0.001424000
v 0.043225000 -0.021651500 0.203351000
v 0.008487000 -0.059889500 0.036110000
v 0.031750000 -0.051059500 0.027452000
v 0.041976000 -0.020868500 0.216981000
v 0.045328000 -0.018053500 0.087755000
v 0.057294000 -0.028246500 0.045609000
v 0.057765000 -0.025531500 0.030559000
v 0.035622000 -0.048547500 0.026166000
v 0.059540000 -0.020137500 0.028294000
v 0.053610000 -0.036402500 0.005253000
v 0.051679000 0.035900500 0.047675000
v 0.058926000 -0.025302500 0.036293000
v 0.033907000 0.050578500 0.049571000
v 0.047698000 0.040246500 0.047787000
v 0.000870000 0.056380500 0.029111000
v 0.043121000 0.046683500 0.014587000
v 0.048927000 0.039145500 0.029325000
v 0.039050000 0.049335500 0.017241000
v 0.054598000 -0.035152500 0.009621000
v -0.041405000 0.023883500 0.067302000
v -0.040875000 -0.047961500 0.004097000
v -0.034547000 0.045018500 0.019038000
v -0.011117000 0.054397500 0.022401000
v -0.019628000 0.050713500 0.028742000
v 0.005286000 0.057109500 0.029433000
v -0.042965000 0.038092500 0.024332000
v -0.036935000 0.042226500 0.044559000
v -0.056505000 0.024213500 0.016412000
v -0.056085000 0.025609500 0.010830000
v -0.063905000 -0.014639500 0.002635000
v -0.050839000 0.031395500 0.015840000
v -0.053906000 0.027920500 0.016472000
v -0.063195000 0.007537500 0.016516000
v -0.061782000 0.012775500 0.019052000
v -0.064065000 -0.010843500 0.004397000
v -0.029957000 0.050005500 0.008682000
v -0.058425000 0.021812500 0.027135000
v -0.060158000 0.017833500 0.029224000
v -0.043188000 0.025099500 0.062203000
v -0.038943000 -0.048767500 0.038843000
v -0.047455000 0.009265500 0.069835000
v -0.049698000 0.032815500 0.040780000
v -0.016384000 -0.052498500 0.057855000
v -0.034577000 -0.047217500 0.055134000
v 0.005111000 -0.057609500 0.052284000
v 0.000480000 -0.050052500 0.065427000
v -0.022106000 -0.047694500 0.064663000
v -0.015089000 -0.049765500 0.062920000
v -0.018916000 -0.050547500 0.060716000
v -0.009908000 -0.053557500 0.057993000
v 0.017537000 -0.048319500 0.063986000
v -0.011919000 -0.057321500 0.048982000
v -0.032566000 -0.051026500 0.047867000
v -0.012909000 -0.055740500 0.052732000
v -0.031914000 -0.052147500 0.044234000
v -0.042914000 -0.034103500 0.065520000
v 0.027802000 -0.054709500 0.043350000
v 0.014604000 -0.059116500 0.039019000
v 0.010344000 -0.059606500 0.041579000
v 0.014927000 -0.056173500 0.051786000
v 0.019030000 -0.056214500 0.048626000
v -0.031095000 -0.051982500 0.029642000
v 0.022485000 -0.057139500 0.039391000
v 0.038737000 -0.048161500 0.033657000
v -0.006931000 -0.059362500 0.044397000
v -0.028566000 -0.053329500 0.034337000
v 0.029379000 -0.054358500 0.039587000
v 0.015921000 -0.058200500 0.045087000
v -0.007710000 -0.059636500 0.034077000
v -0.010936000 -0.058207500 0.045993000
v -0.012685000 -0.058633500 0.040297000
v -0.005679000 -0.059888500 0.039144000
v -0.029316000 -0.053308500 0.039426000
v -0.022044000 -0.056139500 0.038869000
v -0.058402000 -0.023300500 0.042116000
v 0.041332000 -0.046894500 0.041481000
v 0.010131000 -0.047479500 0.069115000
v 0.022294000 -0.040580500 0.080205000
v 0.018961000 -0.042300500 0.078128000
v 0.015051000 -0.046236500 0.069193000
v 0.017910000 -0.041667500 0.086628000
v 0.015944000 -0.042014500 0.087845000
v 0.015896000 -0.041625500 0.090193000
v 0.025242000 -0.038693500 0.083080000
v 0.030345000 -0.035860500 0.078630000
v 0.027550000 -0.037071500 0.086141000
v 0.028676000 -0.036787500 0.081861000
v 0.023945000 -0.036018500 0.097998000
v 0.019674000 -0.040529500 0.088605000
v 0.023393000 -0.039141500 0.087952000
v 0.029701000 -0.033647500 0.094135000
v 0.017847000 -0.036744500 0.103147000
v 0.039637000 -0.028567500 0.076651000
v 0.038596000 -0.030803500 0.073517000
v 0.030873000 -0.033968500 0.193095000
v 0.032949000 -0.004523500 0.136598000
v 0.019645000 -0.023645500 0.156792000
v 0.028220000 -0.015305500 0.140536000
v 0.021768000 -0.021406500 0.145956000
v -0.014680000 -0.025334500 0.158602000
v -0.018986000 -0.022687500 0.136690000
v -0.001955000 -0.032487500 0.167217000
v 0.022808000 -0.021268500 0.157005000
v 0.020130000 -0.028769500 0.170923000
v 0.020474000 -0.026054500 0.165826000
v 0.018127000 -0.025533500 0.160003000
v 0.025687000 -0.033942500 0.185126000
v 0.022909000 -0.031600500 0.178204000
v 0.026274000 -0.036545500 0.190834000
v 0.016630000 -0.025857500 0.136318000
v 0.013361000 -0.026269500 0.146561000
v 0.024955000 -0.018833500 0.144801000
v 0.017527000 -0.024177500 0.146487000
v 0.019692000 -0.023299500 0.140187000
v 0.015807000 -0.025404500 0.141180000
v 0.019963000 -0.022808500 0.151690000
v 0.015309000 -0.025257500 0.148577000
v 0.013720000 -0.026120500 0.151369000
v 0.028312000 -0.026983500 0.110546000
v 0.012643000 -0.031595500 0.121317000
v 0.012893000 -0.041169500 0.094810000
v 0.010031000 -0.039159500 0.102390000
v 0.001853000 -0.033229500 0.122317000
v 0.009549000 -0.032828500 0.119667000
v 0.017637000 -0.033550500 0.110895000
v 0.031939000 -0.028657500 0.102213000
v 0.019789000 -0.024188500 0.134732000
v 0.018514000 -0.027400500 0.125597000
v 0.018669000 -0.026413500 0.128277000
v 0.023446000 -0.025644500 0.121621000
v 0.029651000 -0.024457500 0.112888000
v -0.017717000 -0.026601500 0.167425000
v -0.017369000 -0.028579500 0.121143000
v -0.058740000 -0.010607500 0.051442000
v -0.055675000 -0.013736500 0.056429000
v -0.058163000 -0.018801500 0.049015000
v -0.057139000 -0.022765500 0.048604000
v -0.048153000 -0.005676500 0.074946000
v -0.042191000 -0.026361500 0.078068000
v -0.044481000 -0.022568500 0.075826000
v -0.047353000 -0.011839500 0.075342000
v -0.054987000 -0.028938500 0.047545000
v -0.052170000 -0.031995500 0.050455000
v -0.051206000 -0.033374500 0.051590000
v -0.048604000 -0.031409500 0.058984000
v -0.045804000 -0.029785500 0.065117000
v -0.048308000 -0.024239500 0.065160000
v -0.045083000 -0.018194500 0.078456000
v -0.026271000 -0.020414500 0.121838000
v -0.034029000 -0.032766500 0.086211000
v -0.042051000 -0.041911500 0.055389000
v -0.035694000 -0.030755500 0.086965000
v -0.032778000 -0.042599500 0.066632000
v -0.024990000 -0.044721500 0.069477000
v -0.036956000 -0.047552500 0.051690000
v -0.046594000 -0.039629500 0.052054000
v -0.035091000 -0.040139500 0.068309000
v -0.030235000 -0.049085500 0.056375000
v -0.010106000 -0.048608500 0.066054000
v 0.005631000 -0.046347500 0.074067000
v 0.010555000 -0.046215500 0.072083000
v 0.010099000 -0.045211500 0.076513000
v -0.010073000 -0.047174500 0.069023000
v -0.004380000 -0.046351500 0.075171000
v -0.014586000 -0.047054500 0.068053000
v -0.012717000 -0.045899500 0.072157000
v -0.017723000 -0.045265500 0.071395000
v -0.025631000 -0.041923500 0.075048000
v -0.016158000 -0.043716500 0.076720000
v -0.006113000 -0.046992500 0.071957000
v -0.009065000 -0.045316500 0.076975000
v -0.027695000 -0.039647500 0.078638000
v -0.031050000 -0.039580500 0.075222000
v -0.021691000 -0.044792500 0.071239000
v -0.020492000 -0.041849500 0.080120000
v -0.006273000 -0.044810500 0.082717000
v 0.007526000 -0.044126500 0.087793000
v -0.027548000 -0.036735500 0.089340000
v -0.028021000 -0.031150500 0.097870000
v -0.021141000 -0.025531500 0.121852000
v -0.032120000 -0.037450500 0.079395000
v -0.028558000 -0.038574500 0.081147000
v -0.035730000 -0.037250500 0.073558000
v -0.035241000 -0.035152500 0.078861000
v -0.036855000 -0.032292500 0.081320000
v -0.020043000 -0.037466500 0.096995000
v -0.012761000 -0.041545500 0.093749000
v -0.030560000 -0.034994500 0.088136000
v -0.024914000 -0.039844500 0.081608000
v -0.003536000 -0.043700500 0.091596000
v -0.016445000 -0.042950500 0.081092000
v -0.003588000 -0.044467500 0.086173000
v 0.011269000 -0.042846500 0.090026000
v 0.007138000 -0.042384500 0.094699000
v 0.000483000 -0.044814500 0.085954000
v 0.004793000 -0.037083500 0.109527000
v 0.008938000 -0.037039500 0.108122000
v -0.006379000 -0.038958500 0.105510000
v -0.011514000 -0.040010500 0.100154000
v -0.008197000 -0.040347500 0.101331000
v -0.013290000 -0.037775500 0.104360000
v -0.013027000 -0.033688500 0.113979000
v -0.003797000 -0.041476500 0.099502000
v -0.007665000 -0.030934500 0.128495000
v -0.008622000 -0.029243500 0.135385000
v -0.015602000 -0.039096500 0.098630000
v -0.016701000 -0.034965500 0.107085000
v -0.009920000 -0.038354500 0.105524000
v -0.011750000 -0.035926500 0.109804000
v -0.003789000 -0.035454500 0.114835000
v -0.015455000 -0.031509500 0.116667000
v -0.007135000 -0.036548500 0.111036000
v -0.002205000 -0.038031500 0.108170000
v 0.003789000 -0.030252500 0.136097000
v 0.000748000 -0.030189500 0.138021000
v -0.029714000 -0.006839500 0.146339000
v -0.002022000 -0.031847500 0.128122000
v -0.000418000 -0.029769500 0.143088000
v -0.006501000 -0.029171500 0.139766000
v -0.010021000 -0.036072500 0.178620000
v -0.005137000 -0.029347500 0.156774000
v -0.009516000 -0.027838500 0.158153000
v -0.005623000 -0.030577500 0.163375000
v 0.003251000 -0.029795500 0.140542000
v -0.023026000 -0.017691500 0.142575000
v -0.035822000 -0.028787500 0.090724000
v -0.003614000 -0.030139500 0.136533000
v 0.000538000 -0.030954500 0.133635000
v -0.003118000 -0.033776500 0.120280000
v 0.004262000 -0.030718500 0.132425000
v 0.001352000 -0.031285500 0.130721000
v 0.004071000 -0.031773500 0.127697000
v -0.036021000 -0.024839500 0.095872000
v -0.045204000 -0.005729500 0.089167000
v -0.045745000 -0.010475500 0.083744000
v -0.036325000 -0.007688500 0.114905000
v -0.042693000 -0.007541500 0.098623000
v -0.029847000 -0.012403500 0.127777000
v -0.033131000 -0.004221500 0.128705000
v -0.035153000 -0.004174500 0.120760000
v -0.034483000 -0.000632500 0.124342000
v -0.032483000 -0.027711500 0.096983000
v -0.038100000 -0.015447500 0.103933000
v -0.032246000 -0.018840500 0.110724000
v -0.035381000 -0.017908500 0.106233000
v -0.037380000 -0.020407500 0.099645000
v -0.037651000 -0.025702500 0.092076000
v -0.043565000 -0.017857500 0.084907000
v -0.038831000 -0.022636500 0.093611000
v -0.041550000 -0.020125500 0.089537000
v -0.060504000 -0.017623500 0.040374000
v -0.060010000 -0.014534500 0.046237000
v -0.055986000 -0.028962500 0.030441000
v -0.048161000 -0.039212500 0.023596000
v -0.046966000 -0.041300500 0.047615000
v -0.053674000 -0.032801500 0.043139000
v -0.048902000 -0.039498500 0.045342000
v -0.050873000 -0.035921500 0.048131000
v -0.046872000 -0.042214500 0.035734000
v -0.027077000 0.009859500 0.143302000
v -0.028487000 0.008174500 0.138530000
v 0.009276000 0.024567500 0.153031000
v -0.003034000 0.025771500 0.134658000
v 0.014078000 0.026199500 0.129899000
v 0.016993000 0.032548500 0.110613000
v 0.018786000 0.025058500 0.126312000
v 0.012845000 0.024820500 0.138069000
v 0.017435000 0.023374500 0.134513000
v 0.015370000 0.023078500 0.141546000
v 0.012972000 0.024551500 0.163944000
v 0.020591000 0.019030500 0.155355000
v 0.020530000 0.019962500 0.162057000
v 0.015241000 0.022319500 0.153539000
v 0.022668000 0.017146500 0.150637000
v 0.038824000 -0.013505500 0.182848000
v 0.040745000 -0.009461500 0.183707000
v 0.024122000 0.015814500 0.155743000
v 0.027759000 0.031494500 0.192873000
v 0.016455000 0.031606500 0.182001000
v 0.017796000 0.027703500 0.176347000
v 0.010050000 0.037160500 0.190095000
v 0.004581000 0.035456500 0.183162000
v 0.011833000 0.034123500 0.183877000
v 0.005163000 0.040072500 0.197558000
v 0.006670000 0.039020500 0.193902000
v 0.010459000 0.038428500 0.195199000
v -0.000427000 0.041560500 0.201840000
v 0.031519000 0.029978500 0.219452000
v 0.035045000 0.026298500 0.216813000
v 0.037383000 0.025820500 0.200755000
v 0.035796000 0.027856500 0.229468000
v 0.033172000 0.030671500 0.229591000
v 0.031061000 0.032418500 0.234229000
v 0.032014000 0.029645500 0.256686000
v 0.030545000 0.031801500 0.249066000
v 0.030972000 0.032170500 0.244740000
v 0.036628000 0.027587500 0.236260000
v 0.031909000 0.024231500 0.260664000
v 0.030256000 0.027936500 0.259262000
v 0.029764000 0.029961500 0.257038000
v 0.029109000 0.025914500 0.260681000
v 0.035746000 0.027656500 0.255288000
v 0.031103000 0.032753500 0.238910000
v 0.030630000 0.028929500 0.257841000
v 0.032126000 0.031641500 0.241025000
v 0.038577000 0.025195500 0.246775000
v 0.037298000 0.024029500 0.257974000
v 0.039277000 0.023457500 0.254262000
v 0.038452000 0.017531500 0.259646000
v 0.039125000 0.021912500 0.257608000
v 0.039349000 0.020011500 0.258585000
v 0.037878000 0.021972500 0.258948000
v 0.033768000 0.025782500 0.259705000
v 0.040159000 0.014797500 0.259405000
v 0.041184000 0.019807500 0.255583000
v 0.043615000 0.014373500 0.257378000
v 0.044360000 0.014515500 0.254532000
v 0.031750000 0.030754500 0.254186000
v 0.033484000 0.030874500 0.238411000
v 0.037848000 0.023285500 0.220318000
v 0.037829000 0.025094500 0.228736000
v 0.033902000 0.029586500 0.252298000
v 0.043550000 0.016859500 0.252348000
v 0.035103000 0.027284500 0.223527000
v 0.035334000 0.027583500 0.206569000
v 0.037424000 0.024391500 0.195738000
v 0.039794000 0.022227500 0.198219000
v 0.040542000 0.018932500 0.218786000
v 0.040451000 0.022030500 0.235192000
v 0.039117000 0.023319500 0.206377000
v 0.044873000 0.011996500 0.198430000
v 0.044289000 0.013278500 0.210195000
v 0.046366000 0.009355500 0.203392000
v 0.042956000 0.018321500 0.202773000
v 0.044968000 0.009758500 0.214206000
v 0.043366000 0.013419500 0.213863000
v 0.043048000 0.016689500 0.208818000
v 0.048515000 -0.003539500 0.200623000
v 0.045975000 0.002384500 0.193433000
v 0.047219000 0.004186500 0.203380000
v 0.047782000 0.000703500 0.200296000
v 0.047261000 -0.000449500 0.209050000
v 0.046077000 0.005404500 0.212293000
v 0.046428000 -0.007521500 0.213868000
v 0.042803000 0.016742500 0.256396000
v 0.042335000 0.002441500 0.260701000
v 0.042446000 0.009886500 0.259534000
v 0.042959000 0.016852500 0.229586000
v 0.040531000 0.020355500 0.225241000
v 0.038141000 0.014621500 0.259924000
v 0.040243000 -0.013711500 0.261655000
v 0.046891000 -0.002345500 0.215401000
v 0.047467000 -0.003726500 0.210661000
v 0.042254000 0.019105500 0.206131000
v 0.037247000 0.023691500 0.215574000
v 0.039062000 0.021177500 0.214859000
v 0.040572000 0.019954500 0.210115000
v 0.040737000 0.021684500 0.203484000
v 0.040861000 0.021378500 0.200812000
v 0.039911000 0.020054500 0.194448000
v 0.046941000 0.023548500 0.066886000
v 0.051330000 0.030266500 0.056209000
v 0.049251000 0.035008500 0.054360000
v 0.051114000 0.034883500 0.051245000
v 0.049289000 0.039103500 0.035267000
v 0.054839000 0.035357500 0.007369000
v 0.050239000 0.040642500 0.005155000
v 0.050282000 0.038435500 0.042377000
v 0.046436000 0.006340500 0.198854000
v 0.053494000 0.034279500 0.043762000
v 0.038638000 0.016834500 0.187959000
v 0.055662000 0.029713500 0.048388000
v 0.050735000 0.026164500 0.060117000
v 0.055107000 0.032290500 0.043279000
v 0.040299000 0.011225500 0.185775000
v 0.042387000 0.013943500 0.193112000
v 0.044776000 -0.002924500 0.189311000
v 0.056695000 0.029750500 0.044232000
v 0.058521000 0.025577500 0.047233000
v 0.054905000 0.032699500 0.038914000
v 0.036358000 0.022167500 0.190028000
v 0.053843000 0.030472500 0.051651000
v 0.056309000 0.029658500 0.029889000
v 0.053474000 0.035896500 0.016681000
v 0.055921000 0.027189500 0.052019000
v 0.057991000 0.023287500 0.051638000
v 0.048230000 -0.002997500 0.204175000
v 0.047119000 -0.006560500 0.194774000
v 0.044643000 0.008362500 0.194190000
v 0.042562000 0.001856500 0.185373000
v 0.046734000 0.009427500 0.254827000
v 0.046925000 0.010494500 0.242110000
v 0.049116000 0.005169500 0.245304000
v 0.048681000 0.005371500 0.252315000
v 0.046964000 0.006799500 0.256576000
v 0.045678000 0.009633500 0.257466000
v 0.035667000 0.028470500 0.250019000
v 0.040342000 0.011992500 0.259739000
v 0.041054000 0.018140500 0.258286000
v 0.045429000 0.012071500 0.255793000
v 0.043949000 0.016167500 0.245872000
v 0.044724000 -0.002686500 0.259856000
v 0.047901000 0.000499500 0.205476000
v 0.046834000 -0.004872500 0.218773000
v 0.048210000 -0.009399500 0.242173000
v 0.046197000 -0.009986500 0.257445000
v 0.046112000 -0.004568500 0.258906000
v 0.045348000 -0.007385500 0.258989000
v 0.048107000 0.004633500 0.228991000
v 0.048733000 0.005480500 0.237508000
v 0.049699000 0.000110500 0.235140000
v 0.047112000 0.003286500 0.221801000
v 0.046718000 0.001878500 0.216381000
v 0.048597000 0.000031500 0.227167000
v 0.048985000 -0.007374500 0.238738000
v 0.048141000 -0.009657500 0.235504000
v 0.048363000 -0.007786500 0.228930000
v 0.049010000 -0.007299500 0.244918000
v 0.049293000 -0.006965500 0.242591000
v 0.049805000 -0.003559500 0.243011000
v 0.049178000 -0.002739500 0.230489000
v 0.048905000 -0.005080500 0.229737000
v 0.048878000 -0.008001500 0.247571000
v 0.049947000 0.001508500 0.242397000
v 0.046355000 0.011771500 0.250739000
v 0.048050000 0.008072500 0.247818000
v 0.049789000 0.001007500 0.248205000
v 0.047359000 -0.009040500 0.255135000
v 0.047144000 -0.006161500 0.256900000
v 0.049251000 -0.005989500 0.248566000
v 0.046919000 -0.013196500 0.251869000
v 0.047690000 -0.012227500 0.247169000
v 0.046998000 0.004229500 0.207651000
v 0.047950000 -0.009819500 0.238531000
v 0.046609000 -0.012631500 0.233558000
v 0.046049000 0.005780500 0.216871000
v 0.047802000 -0.010359500 0.231196000
v 0.044842000 -0.017440500 0.239948000
v 0.045733000 -0.015183500 0.254116000
v 0.041502000 -0.023618500 0.252641000
v 0.045279000 -0.017824500 0.246142000
v 0.046446000 -0.008230500 0.219214000
v 0.047003000 -0.012147500 0.255001000
v 0.044939000 -0.014479500 0.257814000
v 0.045172000 -0.016447500 0.234777000
v 0.046837000 -0.014457500 0.201153000
v 0.048459000 -0.007188500 0.203143000
v 0.047317000 -0.010890500 0.228269000
v 0.047815000 -0.002617500 0.207163000
v 0.059183000 0.019123500 0.053457000
v 0.043714000 -0.007905500 0.260566000
v 0.046049000 -0.015033500 0.197719000
v 0.048007000 -0.005171500 0.206940000
v 0.041749000 -0.021194500 0.257150000
v 0.047508000 -0.007974500 0.208342000
v 0.046230000 -0.012110500 0.210626000
v 0.047486000 -0.011232500 0.205566000
v 0.045943000 -0.014669500 0.229178000
v 0.045712000 -0.012133500 0.219378000
v 0.045225000 -0.012388500 0.217085000
v 0.045444000 -0.011481500 0.215720000
v 0.060579000 0.010501500 0.055744000
v 0.047341000 -0.012410500 0.202776000
v 0.061381000 -0.014118500 0.051492000
v 0.059514000 -0.010288500 0.056965000
v 0.044203000 -0.017305500 0.196065000
v 0.063277000 -0.006221500 0.052110000
v 0.062736000 -0.004155500 0.053736000
v 0.061118000 -0.006125500 0.056058000
v 0.062830000 -0.001576500 0.053934000
v 0.062272000 -0.009019500 0.053129000
v 0.064261000 -0.012656500 0.041498000
v 0.066384000 -0.006095500 0.039986000
v 0.062984000 -0.016064500 0.040880000
v 0.064317000 -0.006096500 0.050494000
v 0.064944000 -0.001721500 0.031476000
v 0.066105000 -0.003050500 0.035612000
v 0.065924000 -0.006988500 0.015667000
v 0.064215000 -0.000942500 0.027594000
v 0.065064000 -0.009757500 0.041803000
v 0.062519000 -0.009123500 0.025811000
v 0.063238000 -0.007209500 0.026631000
v 0.066498000 -0.008446500 0.010079000
v 0.063002000 -0.009472500 0.028298000
v 0.063831000 -0.010185500 0.019930000
v 0.064538000 -0.007285500 0.019398000
v 0.064992000 -0.004714500 0.018503000
v 0.065897000 -0.007382500 0.036540000
v 0.063480000 -0.010273500 0.022242000
v 0.065381000 -0.002640500 0.020108000
v 0.066331000 0.006427500 0.017580000
v 0.066780000 0.002291500 0.017037000
v 0.063727000 -0.005038500 0.022579000
v 0.064014000 -0.008212500 0.021425000
v 0.064774000 -0.000787500 0.022931000
v 0.065981000 -0.005916500 0.045330000
v 0.065315000 -0.004585500 0.032217000
v 0.065899000 -0.000291500 0.019477000
v 0.065083000 0.010742500 0.019423000
v 0.064265000 0.008918500 0.025590000
v 0.064174000 0.009970500 0.030742000
v 0.063851000 0.013516500 0.022824000
v 0.059340000 0.024281500 0.031842000
v 0.064006000 0.016590500 0.018266000
v 0.060271000 0.021180500 0.048967000
v 0.064619000 0.003211500 0.025932000
v 0.065362000 0.004525500 0.021402000
v 0.061385000 0.001857500 0.056281000
v 0.062540000 0.017326500 0.023522000
v 0.061685000 0.020969500 0.036611000
v 0.058287000 0.026837500 0.035668000
v 0.064424000 0.014398500 0.039964000
v 0.065188000 0.009295500 0.036128000
v 0.064873000 0.003914500 0.031431000
v 0.066378000 0.003123500 0.039843000
v 0.066617000 0.009440500 0.015321000
v 0.065129000 0.006488500 0.048139000
v 0.064947000 0.003990500 0.049310000
v 0.063216000 0.007024500 0.052619000
v 0.066739000 -0.001798500 0.042450000
v 0.067594000 -0.000065500 0.013868000
v 0.065819000 0.007309500 0.044719000
v 0.067129000 0.007335500 0.002716000
v 0.064262000 -0.011802500 0.000888000
v 0.067407000 -0.003862500 0.012861000
v 0.022739000 -0.039430500 0.193048000
v 0.066473000 -0.006371500 0.003960000
v 0.067851000 -0.000889500 0.009478000
v 0.067511000 0.004697500 0.013239000
v 0.067863000 0.003221500 0.010227000
v 0.065904000 0.010756500 0.000295000
v 0.067008000 0.009851500 0.011908000
v 0.067678000 0.006893500 0.006422000
v 0.067344000 0.010011500 0.008494000
v 0.067429000 0.001330500 0.004176000
v 0.066693000 0.012379500 0.004647000
v 0.065712000 0.016771500 0.008073000
v 0.064392000 0.018401500 0.012163000
v 0.055485000 0.007476500 0.063550000
v 0.056039000 0.012504500 0.061182000
v 0.058377000 0.010330500 0.059136000
v 0.063774000 0.015366500 0.045115000
v 0.056700000 0.008395500 0.061856000
v 0.057017000 -0.009694500 0.060742000
v 0.057726000 -0.011750500 0.058987000
v 0.056197000 -0.012989500 0.060552000
v 0.062078000 -0.014700500 0.030681000
v 0.065287000 0.014193500 0.000842000
v 0.057174000 0.018756500 0.057037000
v 0.061524000 0.020003500 0.023673000
v 0.063310000 0.021774500 0.006641000
v 0.059095000 0.026026500 0.041163000
v 0.061172000 0.019815500 0.028352000
v 0.062129000 0.019905500 0.020535000
v 0.056680000 0.030021500 0.021300000
v 0.060952000 0.025860500 0.010510000
v 0.062454000 0.021969500 0.014888000
v 0.059919000 0.026550500 0.015667000
v 0.064377000 0.017862500 0.001392000
v 0.058046000 0.030487500 0.012382000
v 0.055098000 0.017667500 0.060124000
v 0.055137000 0.023203500 0.056780000
v 0.053033000 0.037584500 0.001070000
v 0.060095000 0.023745500 0.022213000
v 0.057530000 -0.005755500 0.061290000
v 0.055412000 0.000994500 0.064825000
v 0.054129000 -0.010246500 0.064838000
v 0.051043000 -0.015974500 0.067265000
v 0.052233000 -0.006861500 0.070735000
v 0.050345000 -0.011458500 0.072230000
v 0.054258000 0.009408500 0.064767000
v 0.052319000 -0.000201500 0.071698000
v 0.051732000 0.003494500 0.072360000
v 0.052898000 -0.002686500 0.069874000
v 0.055550000 0.006193500 0.063629000
v 0.049747000 0.006416500 0.079636000
v 0.049508000 0.013688500 0.070971000
v 0.051407000 0.012143500 0.068442000
v 0.052275000 0.015320500 0.065003000
v 0.052779000 0.006900500 0.068438000
v 0.050805000 0.021815500 0.063049000
v 0.049166000 0.019692500 0.066626000
v 0.050258000 0.011131500 0.071821000
v 0.047132000 0.014627500 0.078483000
v 0.049058000 0.011102500 0.076214000
v 0.051586000 -0.003025500 0.075107000
v 0.046282000 0.015186500 0.083952000
v 0.048389000 0.005176500 0.092596000
v 0.046525000 0.009171500 0.095725000
v 0.044245000 0.008919500 0.101712000
v 0.048083000 0.000085500 0.095777000
v 0.029108000 -0.024373500 0.260016000
v 0.042969000 -0.012165500 0.189015000
v 0.046744000 0.005269500 0.098126000
v 0.045391000 0.002839500 0.101975000
v 0.035660000 -0.026032500 0.258564000
v 0.037513000 -0.026632500 0.255960000
v 0.033449000 -0.026334500 0.259667000
v 0.036441000 -0.016443500 0.261249000
v 0.031356000 -0.023072500 0.260314000
v 0.042130000 -0.018410500 0.259064000
v 0.034774000 -0.022686500 0.261024000
v 0.036567000 -0.026419500 0.257509000
v 0.036581000 -0.024862500 0.259061000
v 0.039698000 -0.025221500 0.254276000
v 0.060396000 -0.002671500 0.057745000
v 0.038068000 -0.027048500 0.245294000
v 0.042289000 -0.020598500 0.237588000
v 0.044945000 -0.015804500 0.222365000
v 0.047704000 0.010057500 0.087772000
v 0.049673000 0.000987500 0.089127000
v 0.045400000 -0.016552500 0.205685000
v 0.050370000 -0.002466500 0.082609000
v 0.050171000 0.002007500 0.083094000
v 0.049493000 -0.003019500 0.089932000
v 0.049276000 -0.007606500 0.085853000
v 0.049045000 -0.010732500 0.080086000
v 0.049635000 -0.010710500 0.076102000
v 0.050254000 -0.007255500 0.077441000
v 0.054314000 -0.004691500 0.066507000
v 0.041069000 -0.023422500 0.207578000
v 0.040876000 -0.022541500 0.211382000
v 0.040057000 -0.026382500 0.202621000
v 0.041557000 -0.021836500 0.219793000
v 0.040030000 -0.024027500 0.218352000
v 0.040377000 -0.023947500 0.222606000
v 0.043776000 -0.015751500 0.213112000
v 0.044051000 -0.015985500 0.211330000
v 0.034635000 -0.024196500 0.260312000
v 0.039560000 -0.023907500 0.229634000
v 0.037951000 -0.026406500 0.213271000
v 0.036786000 -0.027767500 0.218147000
v 0.035226000 -0.029871500 0.253077000
v 0.037807000 -0.025798500 0.227186000
v 0.039328000 -0.024346500 0.214224000
v 0.045014000 -0.018497500 0.200806000
v 0.036659000 -0.029758500 0.208753000
v 0.039800000 -0.026632500 0.199255000
v 0.035944000 -0.028360500 0.213455000
v 0.042476000 -0.020542500 0.222905000
v 0.041075000 -0.022488500 0.226653000
v 0.038273000 -0.026245500 0.221839000
v 0.035834000 -0.028388500 0.223928000
v 0.033727000 -0.031968500 0.252208000
v 0.033469000 -0.033263500 0.249156000
v 0.032575000 -0.031987500 0.255327000
v 0.035348000 -0.028073500 0.190227000
v 0.030411000 -0.035984500 0.228541000
v 0.037583000 -0.023071500 0.188135000
v 0.047848000 -0.010561500 0.089880000
v 0.047971000 -0.006567500 0.094273000
v 0.048098000 -0.011763500 0.085492000
v 0.046643000 -0.014380500 0.089066000
v 0.048476000 -0.016801500 0.071926000
v 0.056461000 -0.026544500 0.022130000
v 0.054699000 -0.028184500 0.024048000
v 0.055533000 -0.029498500 0.019600000
v 0.052848000 -0.031245500 0.023522000
v 0.055040000 -0.032869500 0.043059000
v 0.055144000 -0.031117500 0.033060000
v 0.055500000 -0.032260500 0.038202000
v 0.055366000 -0.029482500 0.029600000
v 0.048697000 -0.037783500 0.050008000
v 0.047442000 -0.022145500 0.068352000
v 0.057644000 -0.016790500 0.056498000
v 0.049223000 -0.032243500 0.056376000
v 0.053194000 -0.030922500 0.051880000
v 0.054161000 -0.032550500 0.047656000
v 0.058345000 -0.027572500 0.040741000
v 0.057925000 -0.024245500 0.050420000
v 0.055620000 -0.027617500 0.027085000
v 0.050845000 -0.037696500 0.044167000
v 0.052539000 -0.036355500 0.039805000
v 0.060283000 -0.021220500 0.033502000
v 0.057590000 -0.028463500 0.036114000
v 0.050921000 -0.025893500 0.059990000
v 0.053602000 -0.018335500 0.061499000
v 0.054235000 -0.024998500 0.056181000
v 0.063653000 -0.013068500 0.045146000
v 0.059788000 -0.023505500 0.045058000
v 0.061715000 -0.018612500 0.044080000
v 0.060456000 -0.022967500 0.037793000
v 0.062182000 -0.018352500 0.037178000
v 0.061102000 -0.018965500 0.047073000
v 0.064435000 -0.014965500 0.008784000
v 0.063980000 -0.014252500 0.013942000
v 0.064789000 -0.012997500 0.004710000
v 0.056616000 -0.024818500 0.024968000
v 0.061469000 -0.019958500 0.015787000
v 0.059663000 -0.024982500 0.014671000
v 0.060340000 -0.025379500 0.008956000
v 0.062394000 -0.019813500 0.011206000
v 0.058792000 -0.023625500 0.020135000
v 0.059759000 -0.026223500 0.003848000
v 0.061610000 -0.017259500 0.019475000
v 0.049857000 -0.035745500 0.024428000
v 0.053525000 -0.030548500 0.026615000
v 0.052988000 -0.033108500 0.029470000
v 0.050905000 -0.036692500 0.019255000
v 0.051478000 -0.034515500 0.021735000
v 0.048385000 -0.040712500 0.038987000
v 0.052840000 -0.036807500 0.001172000
v 0.064958000 -0.008085500 0.032906000
v 0.059847000 -0.024995500 0.000162000
v 0.057935000 -0.030212500 0.006419000
v 0.057219000 -0.030516500 0.000554000
v 0.055521000 -0.033839500 0.003547000
v -0.062873000 0.001835500 0.022421000
v -0.058883000 -0.024294500 0.004954000
v -0.045576000 0.015829500 0.256992000
v -0.029689000 0.029747500 0.259228000
v -0.027017000 0.028102500 0.259924000
v -0.021458000 0.025168500 0.257145000
v -0.024081000 0.024778500 0.257833000
v -0.023982000 0.026801500 0.259416000
v -0.038932000 0.003684500 0.258441000
v -0.037891000 0.000546500 0.257585000
v -0.038095000 -0.005198500 0.257777000
v -0.044225000 -0.004243500 0.260472000
v -0.044606000 0.000064500 0.260742000
v -0.046942000 0.009644500 0.258436000
v -0.047320000 0.003754500 0.259526000
v -0.030349000 -0.007058500 0.251143000
v -0.034811000 0.009351500 0.253769000
v -0.032225000 0.008365500 0.251126000
v -0.035715000 0.006505500 0.254473000
v -0.029304000 -0.000426500 0.249366000
v -0.027726000 -0.001071500 0.248410000
v -0.025254000 0.004419500 0.246738000
v -0.021939000 0.008001500 0.245720000
v -0.022747000 0.005862500 0.246063000
v -0.023027000 0.001990500 0.246386000
v -0.023398000 0.008578500 0.246332000
v -0.024932000 0.009295500 0.246890000
v -0.024506000 0.011154500 0.247170000
v -0.029247000 0.017102500 0.252500000
v -0.029850000 0.020259500 0.256972000
v -0.024104000 0.012825500 0.247375000
v -0.023005000 0.022735500 0.255421000
v -0.022755000 0.014525500 0.247692000
v -0.019767000 0.027236500 0.258445000
v -0.019650000 0.022259500 0.253387000
v -0.016094000 0.022981500 0.252341000
v -0.026178000 0.032382500 0.259589000
v -0.028939000 0.013309500 0.249580000
v -0.031040000 0.013576500 0.251429000
v -0.030102000 0.013701500 0.250284000
v -0.031847000 0.011426500 0.251372000
v -0.035002000 0.013663500 0.255496000
v -0.030497000 0.018170500 0.254537000
v -0.030962000 0.016586500 0.252794000
v -0.032453000 0.029767500 0.258368000
v -0.010256000 0.042798500 0.244125000
v 0.001350000 0.024436500 0.250574000
v 0.011302000 0.014868500 0.245333000
v 0.023524000 0.014957500 0.252617000
v -0.003577000 0.016758500 0.244508000
v -0.007617000 0.015238500 0.244032000
v -0.008345000 0.019629500 0.246555000
v -0.012404000 0.007730500 0.242919000
v -0.004175000 0.012231500 0.242403000
v 0.008203000 0.008886500 0.242297000
v -0.010413000 -0.003804500 0.241762000
v -0.007970000 -0.000900500 0.240447000
v -0.009884000 0.003047500 0.241135000
v 0.002133000 -0.000730500 0.238958000
v -0.003065000 0.002664500 0.239513000
v -0.005322000 -0.000170500 0.239570000
v -0.003448000 0.007013500 0.240610000
v 0.003273000 0.007477500 0.240864000
v -0.009169000 0.010272500 0.242300000
v -0.012264000 0.013045500 0.244123000
v 0.003374000 0.011749500 0.242400000
v 0.016699000 0.002253500 0.244584000
v 0.005100000 0.043808500 0.236958000
v 0.011511000 0.043200500 0.240015000
v 0.008432000 0.044170500 0.247451000
v 0.009822000 0.040269500 0.218663000
v 0.024732000 0.034624500 0.234494000
v 0.019686000 0.003429500 0.246285000
v 0.016701000 0.006723500 0.245375000
v 0.020658000 0.036982500 0.245567000
v 0.026535000 0.033575500 0.243519000
v 0.022274000 0.035327500 0.245963000
v 0.004437000 0.032884500 0.259662000
v 0.010332000 0.036431500 0.261424000
v 0.002072000 0.040198500 0.260734000
v -0.002945000 0.039354500 0.261130000
v 0.001880000 0.038100500 0.261175000
v -0.006879000 0.035147500 0.260862000
v -0.004697000 0.033763500 0.259977000
v -0.000991000 0.032498500 0.258762000
v 0.006776000 0.034882500 0.261160000
v -0.006493000 0.037955500 0.261443000
v -0.012654000 0.037189500 0.261272000
v -0.000485000 0.035374500 0.260764000
v -0.015807000 0.036118500 0.261117000
v -0.021834000 0.031956500 0.260476000
v -0.014661000 0.034086500 0.261040000
v -0.017297000 0.030256500 0.259848000
v 0.001341000 0.044332500 0.249851000
v -0.020425000 0.017256500 0.248393000
v -0.002363000 0.021664500 0.247788000
v -0.012116000 0.023980500 0.251616000
v -0.014630000 0.020015500 0.248506000
v -0.006495000 0.023801500 0.249711000
v -0.008190000 0.026460500 0.252795000
v -0.008086000 0.029794500 0.256963000
v -0.004162000 0.030097500 0.256479000
v -0.002401000 0.027067500 0.252758000
v 0.002172000 0.030222500 0.256846000
v -0.014149000 -0.002363500 0.243372000
v -0.017625000 0.011372500 0.245310000
v -0.020512000 0.012612500 0.246286000
v -0.017495000 0.015152500 0.246262000
v -0.020916000 0.014449500 0.247018000
v -0.018404000 0.003510500 0.245063000
v -0.013494000 0.029265500 0.258211000
v -0.017984000 0.025368500 0.256156000
v -0.001488000 0.030095500 0.256371000
v 0.011727000 0.028544500 0.258141000
v 0.021992000 0.029258500 0.261026000
v 0.018718000 0.027990500 0.259599000
v 0.028441000 0.012538500 0.256472000
v 0.029791000 0.020558500 0.260235000
v 0.024277000 0.026318500 0.259815000
v 0.024307000 0.023144500 0.258091000
v 0.021846000 0.025665500 0.258519000
v 0.028299000 0.016635500 0.257836000
v 0.029573000 0.017354500 0.258990000
v 0.023366000 0.009962500 0.250445000
v 0.025645000 0.021184500 0.257728000
v 0.025438000 0.016575500 0.254905000
v 0.012841000 0.024086500 0.253231000
v 0.016741000 0.023493500 0.254066000
v 0.011561000 0.026404500 0.255621000
v 0.007206000 0.024366500 0.251934000
v 0.016002000 0.026773500 0.257752000
v 0.020260000 0.024279500 0.256795000
v 0.025876000 0.032110500 0.253414000
v 0.028327000 0.031406500 0.252872000
v 0.021466000 0.015335500 0.250816000
v 0.015436000 0.016334500 0.247598000
v 0.015731000 0.021818500 0.251766000
v 0.020932000 0.018917500 0.252580000
v 0.014361000 0.022974500 0.252656000
v 0.028807000 -0.003485500 0.252391000
v 0.024834000 -0.007654500 0.248695000
v 0.022255000 0.004779500 0.248209000
v 0.005406000 -0.031866500 0.253673000
v 0.017152000 -0.028569500 0.255165000
v 0.019866000 -0.033946500 0.260649000
v 0.028564000 -0.033582500 0.259496000
v 0.030746000 -0.031600500 0.258633000
v 0.022431000 -0.032998500 0.260684000
v 0.021200000 -0.032108500 0.259929000
v 0.018782000 -0.031926500 0.259219000
v 0.019198000 -0.029056500 0.256398000
v 0.020763000 -0.028931500 0.257126000
v -0.019325000 -0.038049500 0.257198000
v -0.019438000 -0.034184500 0.257839000
v -0.017742000 -0.033696500 0.255635000
v -0.020993000 -0.025724500 0.253469000
v -0.015199000 -0.025130500 0.250434000
v -0.025980000 -0.041812500 0.240891000
v -0.023507000 -0.042516500 0.237386000
v -0.021005000 -0.043257500 0.235986000
v -0.007006000 -0.023437500 0.247716000
v -0.002800000 -0.032198500 0.252700000
v -0.015887000 -0.032711500 0.253590000
v -0.013379000 -0.031847500 0.252581000
v -0.010366000 -0.033687500 0.253432000
v -0.006910000 -0.031221500 0.251870000
v -0.010691000 -0.028760500 0.250881000
v -0.004488000 -0.049577500 0.250522000
v -0.020536000 -0.044053500 0.241219000
v -0.007379000 -0.047065500 0.232457000
v -0.010652000 -0.046283500 0.232596000
v -0.009401000 -0.046488500 0.227198000
v -0.018978000 -0.045610500 0.246580000
v -0.017473000 -0.046571500 0.250469000
v -0.012579000 -0.046826500 0.255876000
v -0.013677000 -0.040690500 0.257431000
v -0.013479000 -0.045849500 0.256893000
v -0.000509000 -0.049100500 0.257449000
v -0.006127000 -0.040048500 0.258978000
v -0.018475000 -0.039062500 0.256608000
v -0.020724000 -0.038515500 0.258368000
v -0.020756000 -0.041599500 0.257508000
v -0.021453000 -0.041304500 0.258462000
v -0.019993000 -0.041075500 0.257167000
v -0.021083000 -0.042275500 0.257995000
v -0.004116000 -0.043016500 0.260648000
v -0.009512000 -0.046179500 0.258153000
v -0.007916000 -0.046221500 0.258586000
v -0.004672000 -0.037601500 0.257643000
v -0.005218000 -0.044718500 0.260251000
v 0.002817000 -0.039878500 0.260661000
v 0.000690000 -0.048973500 0.258484000
v -0.002454000 -0.048952500 0.257479000
v 0.001446000 -0.048070500 0.259816000
v 0.009333000 -0.046140500 0.259761000
v 0.007566000 -0.039154500 0.261075000
v -0.003080000 -0.040824500 0.260292000
v 0.000682000 -0.042603500 0.261229000
v 0.007357000 -0.043477500 0.260962000
v 0.006896000 -0.041647500 0.261310000
v 0.006065000 -0.048537500 0.258859000
v 0.004610000 -0.049264500 0.257223000
v -0.002153000 -0.047614500 0.259635000
v 0.001987000 -0.046529500 0.260347000
v 0.005097000 -0.047078500 0.260023000
v 0.006629000 -0.046212500 0.260084000
v 0.012947000 -0.044302500 0.259335000
v 0.012223000 -0.049488500 0.251052000
v 0.015439000 -0.048302500 0.252867000
v 0.017465000 -0.039224500 0.261404000
v 0.009944000 -0.043326500 0.260678000
v 0.018022000 -0.036269500 0.261270000
v 0.020749000 -0.041695500 0.258146000
v 0.020438000 -0.041293500 0.259219000
v 0.020940000 -0.042465500 0.257173000
v 0.022691000 -0.040336500 0.258541000
v 0.014821000 -0.044176500 0.258860000
v 0.008453000 -0.049134500 0.257303000
v 0.016917000 -0.046221500 0.256434000
v 0.024949000 -0.038465500 0.258618000
v 0.027200000 -0.037416500 0.257182000
v 0.021494000 -0.045134500 0.247794000
v 0.006606000 -0.050373500 0.248717000
v 0.004062000 -0.050227500 0.253684000
v 0.023599000 -0.042991500 0.250161000
v 0.022704000 -0.042182500 0.255910000
v 0.022006000 -0.043402500 0.253877000
v 0.027904000 -0.038423500 0.252182000
v 0.025480000 -0.041229500 0.252605000
v 0.026393000 -0.041071500 0.247709000
v 0.018845000 -0.044937500 0.229832000
v 0.022674000 -0.042599500 0.227759000
v 0.019298000 -0.043865500 0.224201000
v 0.011618000 -0.047198500 0.231155000
v -0.003690000 -0.047627500 0.198663000
v 0.011850000 -0.049140500 0.244101000
v 0.024791000 -0.042382500 0.239625000
v 0.020901000 -0.045078500 0.240477000
v 0.013940000 -0.047882500 0.238779000
v 0.001470000 -0.049976500 0.244891000
v 0.031309000 -0.035172500 0.252098000
v 0.039775000 -0.025487500 0.251238000
v 0.008059000 -0.022184500 0.246692000
v 0.011506000 -0.024371500 0.248799000
v 0.021616000 -0.014488500 0.247657000
v 0.024569000 -0.019437500 0.251069000
v 0.028775000 -0.017092500 0.253516000
v 0.021467000 -0.011751500 0.247062000
v 0.036576000 -0.002876500 0.259845000
v 0.025065000 -0.012148500 0.249227000
v 0.030975000 -0.008552500 0.254201000
v 0.026193000 -0.015011500 0.250402000
v 0.023447000 -0.014357500 0.248561000
v 0.020113000 -0.003899500 0.245760000
v 0.017264000 -0.011110500 0.244909000
v 0.009479000 -0.000843500 0.240975000
v 0.006649000 -0.017837500 0.244274000
v 0.012033000 -0.019740500 0.246222000
v 0.016210000 -0.016788500 0.246068000
v 0.027929000 -0.038043500 0.222389000
v 0.025786000 -0.040237500 0.226476000
v 0.029113000 -0.036787500 0.224904000
v 0.028678000 -0.036597500 0.218142000
v 0.030293000 -0.035280500 0.211647000
v 0.031416000 -0.035110500 0.208024000
v 0.028040000 -0.037593500 0.210341000
v 0.033478000 -0.033148500 0.205268000
v 0.023780000 -0.040355500 0.217131000
v 0.023746000 -0.041766500 0.202742000
v 0.020251000 -0.043501500 0.202331000
v 0.017872000 -0.044846500 0.201127000
v 0.025568000 -0.040170500 0.200706000
v 0.022293000 -0.042001500 0.200384000
v 0.026752000 -0.038371500 0.197872000
v -0.014287000 -0.045638500 0.210455000
v 0.015389000 -0.044870500 0.220548000
v 0.018654000 -0.043913500 0.199635000
v 0.017199000 -0.044030500 0.216354000
v 0.014176000 -0.045502500 0.215589000
v 0.010869000 -0.046459500 0.214291000
v 0.018796000 -0.043908500 0.213042000
v 0.023130000 -0.040503500 0.195733000
v 0.023512000 -0.040658500 0.198611000
v 0.020120000 -0.042266500 0.197488000
v 0.008141000 -0.047175500 0.214488000
v 0.004969000 -0.048649500 0.206326000
v 0.010947000 -0.047464500 0.201624000
v 0.005744000 -0.047402500 0.197885000
v 0.016319000 -0.044686500 0.199234000
v 0.014213000 -0.046462500 0.201630000
v 0.011919000 -0.046570500 0.199023000
v 0.009196000 -0.046948500 0.198356000
v 0.009747000 -0.048061500 0.203925000
v 0.007360000 -0.048391500 0.202370000
v -0.007067000 -0.047076500 0.214398000
v 0.013454000 -0.047278500 0.234555000
v 0.008969000 -0.046516500 0.217221000
v 0.011575000 -0.046118500 0.222367000
v 0.001556000 -0.047067500 0.220546000
v 0.002073000 -0.047156500 0.217909000
v -0.009079000 -0.046425500 0.216050000
v -0.013733000 -0.045599500 0.219610000
v 0.017058000 -0.047173500 0.242208000
v -0.015599000 -0.045065500 0.231171000
v -0.004019000 -0.047046500 0.215626000
v -0.023318000 -0.043652500 0.245166000
v -0.017738000 -0.045347500 0.243442000
v 0.002769000 -0.047357500 0.215042000
v -0.005820000 -0.046845500 0.215765000
v -0.002576000 -0.047858500 0.212631000
v -0.007933000 -0.047420500 0.211363000
v -0.007349000 -0.046663500 0.217254000
v -0.006451000 -0.048239500 0.206833000
v 0.001088000 -0.047682500 0.198225000
v 0.001408000 -0.048602500 0.207412000
v 0.003118000 -0.048605500 0.202681000
v 0.002757000 -0.042623500 0.186741000
v -0.002197000 -0.041288500 0.184775000
v -0.001206000 -0.045551500 0.192656000
v -0.011040000 -0.047278500 0.207173000
v -0.009908000 -0.046507500 0.213745000
v -0.007197000 -0.044596500 0.192590000
v -0.011540000 -0.045715500 0.197890000
v -0.016890000 -0.044826500 0.205663000
v -0.016533000 -0.044745500 0.228040000
v 0.002352000 -0.003798500 0.239172000
v 0.005232000 -0.002759500 0.239551000
v -0.004284000 -0.047718500 0.233771000
v -0.014242000 -0.007204500 0.244242000
v -0.018117000 -0.004256500 0.245397000
v -0.004346000 -0.009519500 0.241600000
v 0.005383000 -0.006388500 0.240060000
v 0.001489000 -0.007192500 0.239903000
v -0.001495000 -0.005879500 0.239785000
v 0.004993000 -0.009898500 0.240867000
v 0.006947000 -0.013157500 0.242332000
v -0.005500000 -0.013739500 0.243518000
v -0.011227000 -0.009989500 0.243722000
v -0.007784000 -0.009483500 0.242484000
v -0.017943000 -0.008980500 0.246227000
v -0.022489000 -0.012645500 0.248756000
v -0.015235000 -0.013112500 0.246122000
v -0.015078000 -0.019745500 0.248116000
v -0.009495000 -0.047139500 0.237611000
v -0.002025000 -0.023230500 0.246923000
v 0.001226000 -0.022588500 0.246462000
v 0.004066000 -0.022292500 0.246332000
v 0.005757000 -0.025360500 0.248319000
v 0.002445000 -0.027854500 0.249613000
v -0.005506000 -0.049075500 0.245297000
v -0.017087000 -0.044783500 0.237944000
v -0.010533000 -0.047276500 0.241852000
v -0.010540000 -0.047887500 0.244814000
v -0.011744000 -0.047880500 0.247881000
v -0.014105000 -0.046808500 0.244365000
v -0.021802000 -0.042555500 0.216045000
v -0.021500000 -0.042660500 0.212850000
v -0.021347000 -0.042535500 0.210634000
v -0.029111000 -0.037587500 0.217397000
v -0.020919000 -0.025579500 0.169824000
v -0.022603000 -0.032209500 0.183288000
v -0.015372000 -0.033867500 0.178714000
v -0.034457000 -0.024137500 0.190979000
v -0.028407000 -0.025079500 0.180336000
v -0.023508000 -0.026448500 0.175459000
v -0.034168000 -0.028276500 0.200645000
v -0.037936000 -0.021167500 0.195553000
v -0.025200000 -0.036974500 0.196416000
v -0.024201000 -0.040832500 0.212272000
v -0.036738000 -0.026671500 0.208409000
v -0.030761000 -0.033645500 0.204178000
v -0.025360000 -0.041546500 0.236611000
v -0.031710000 -0.038119500 0.237931000
v -0.030000000 -0.038587500 0.231747000
v -0.032936000 -0.032419500 0.211031000
v -0.037830000 -0.027843500 0.218036000
v -0.034784000 -0.032955500 0.223144000
v -0.027468000 -0.039766500 0.223072000
v -0.045133000 -0.011092500 0.205539000
v -0.048201000 -0.011247500 0.218902000
v -0.044822000 -0.015210500 0.212412000
v -0.043712000 -0.019646500 0.218945000
v -0.042577000 -0.023532500 0.225106000
v -0.040065000 -0.024866500 0.218320000
v -0.020984000 -0.007242500 0.246936000
v -0.044520000 -0.027350500 0.257413000
v -0.049011000 -0.009548500 0.258709000
v -0.050608000 -0.016311500 0.240514000
v -0.038220000 -0.014848500 0.258877000
v -0.047204000 -0.020333500 0.258719000
v -0.045783000 -0.020418500 0.258967000
v -0.048174000 -0.017973500 0.258655000
v -0.040977000 -0.019096500 0.260146000
v -0.041803000 -0.015475500 0.260128000
v -0.048666000 -0.014147500 0.258513000
v -0.044770000 -0.012097500 0.259895000
v -0.046841000 -0.016408500 0.259094000
v -0.047325000 -0.010397500 0.259088000
v -0.047867000 -0.012989500 0.258900000
v -0.042061000 -0.010675500 0.260140000
v -0.041721000 -0.004751500 0.260509000
v -0.038314000 -0.009293500 0.258092000
v -0.039879000 -0.014618500 0.259801000
v -0.030347000 -0.012529500 0.252149000
v -0.036991000 -0.008346500 0.256969000
v -0.025665000 -0.014041500 0.250589000
v -0.032096000 -0.009776500 0.252389000
v -0.024594000 -0.023362500 0.253762000
v -0.020598000 -0.021090500 0.250851000
v -0.031516000 -0.016168500 0.253958000
v -0.028254000 -0.041450500 0.246082000
v -0.028149000 -0.042209500 0.250272000
v -0.024100000 -0.021069500 0.252326000
v -0.025228000 -0.032028500 0.259729000
v -0.022602000 -0.041781500 0.259148000
v -0.034914000 -0.037995500 0.252857000
v -0.029431000 -0.034289500 0.260829000
v -0.027969000 -0.041853500 0.258791000
v -0.028456000 -0.042418500 0.256965000
v -0.030840000 -0.041053500 0.254882000
v -0.030778000 -0.037878500 0.260033000
v -0.030867000 -0.036097500 0.260492000
v -0.038420000 -0.033657500 0.258285000
v -0.032337000 -0.034563500 0.260520000
v -0.031502000 -0.030182500 0.260618000
v -0.022638000 -0.044739500 0.249984000
v -0.021822000 -0.045211500 0.253544000
v -0.035921000 -0.036977500 0.257294000
v -0.038619000 -0.034893500 0.256870000
v -0.042075000 -0.028745500 0.240836000
v -0.040065000 -0.028584500 0.230642000
v -0.044978000 -0.025182500 0.239756000
v -0.046626000 -0.024710500 0.246058000
v -0.047693000 -0.020616500 0.237966000
v -0.050553000 -0.019192500 0.250555000
v -0.047750000 -0.024286500 0.252684000
v -0.048775000 -0.022565500 0.254770000
v -0.041115000 -0.026757500 0.259508000
v -0.043206000 -0.022898500 0.259570000
v -0.047960000 -0.021643500 0.257853000
v -0.043166000 -0.027484500 0.258595000
v -0.035884000 -0.032794500 0.260057000
v -0.042672000 -0.030120500 0.257029000
v -0.036936000 -0.023678500 0.260507000
v -0.035369000 -0.027885500 0.260803000
v -0.030443000 -0.039810500 0.259106000
v -0.032429000 -0.039955500 0.257879000
v -0.034312000 -0.034160500 0.260216000
v -0.032523000 -0.035897500 0.260126000
v -0.039109000 -0.030499500 0.259356000
v -0.036203000 -0.034298500 0.259407000
v -0.040346000 -0.032541500 0.257040000
v -0.041082000 -0.030382500 0.258358000
v 0.010597000 0.048169500 0.068782000
v 0.021235000 -0.025641500 0.126085000
v -0.047698000 0.000311500 0.074764000
v -0.021328000 -0.040312500 0.085754000
v -0.056713000 -0.028058500 0.038801000
v -0.013000000 -0.042697500 0.192287000
v -0.045008000 -0.028032500 0.255408000
v -0.029941000 -0.041204500 0.257896000
v -0.042290000 -0.012703500 0.198162000
v -0.025088000 -0.041441500 0.232837000
v 0.027861000 -0.037024500 0.214384000
v 0.037406000 -0.025755500 0.235698000
v -0.002397000 -0.037729500 0.257957000
v 0.014671000 -0.033054500 0.258738000
v -0.002786000 0.042429500 0.258877000
v -0.005118000 0.041456500 0.260365000
v 0.025123000 0.031642500 0.255896000
v 0.019282000 0.035210500 0.260448000
v 0.019324000 0.038161500 0.258300000
v 0.003639000 0.042565500 0.258212000
v 0.020656000 0.037593500 0.255859000
v 0.020129000 0.038192500 0.248300000
v 0.035679000 -0.025043500 0.102623000
v 0.029784000 0.030655500 0.255776000
v 0.034586000 -0.050014500 0.047619000
v -0.030820000 -0.052758500 0.041832000
v -0.014457000 0.039261500 0.224585000
v 0.009789000 0.040099500 0.259820000
v -0.029397000 0.031101500 0.217211000
v -0.038214000 0.024866500 0.223262000
v -0.034802000 0.031149500 0.255063000
v -0.008010000 0.040721500 0.260974000
v -0.047896000 0.008730500 0.222862000
v -0.052076000 -0.000858500 0.249290000
v -0.049846000 0.003402500 0.257831000
v -0.032777000 0.032037500 0.257309000
v -0.039647000 0.014909500 0.258310000
v -0.040032000 0.025477500 0.255171000
v -0.049252000 0.006997500 0.255211000
v -0.036927000 -0.049338500 0.032460000
v 0.003058000 -0.060202500 0.032372000
v 0.035269000 -0.049263500 0.022393000
v 0.034879000 -0.030308500 0.091387000
v 0.045920000 -0.037554500 0.054559000
v 0.047604000 -0.040602500 0.045724000
v 0.029402000 -0.035121500 0.088680000
v 0.036936000 -0.030960500 0.078669000
v 0.036301000 -0.034030500 0.071008000
v 0.034737000 -0.033375500 0.074443000
v 0.035921000 -0.035662500 0.068154000
v -0.034698000 0.027997500 0.074987000
v -0.039046000 0.023943500 0.072845000
v 0.034299000 -0.028788500 0.097422000
v 0.038978000 -0.020601500 0.102986000
v 0.043573000 -0.015316500 0.099531000
v 0.040853000 -0.000104500 0.111193000
v 0.036911000 -0.004821500 0.120660000
v 0.039620000 -0.009428500 0.111905000
v 0.022301000 -0.042324500 0.206902000
v 0.038623000 -0.023917500 0.098353000
v 0.033244000 -0.013097500 0.123885000
v 0.030610000 -0.016862500 0.125434000
v 0.036124000 -0.013095500 0.116921000
v 0.042103000 -0.023186500 0.199724000
v 0.034676000 -0.030674500 0.193791000
v 0.030917000 0.005266500 0.142081000
v 0.034399000 -0.008212500 0.171022000
v 0.031347000 -0.006928500 0.145801000
v 0.031550000 -0.007127500 0.159589000
v 0.031190000 -0.006714500 0.155687000
v 0.031326000 -0.010508500 0.135076000
v 0.009734000 -0.027897500 0.150977000
v 0.004866000 -0.031765500 0.165711000
v 0.044566000 0.014654500 0.201672000
v 0.006841000 -0.028749500 0.146425000
v 0.015270000 -0.031896500 0.172274000
v 0.021491000 -0.032874500 0.108312000
v 0.038454000 -0.014027500 0.110999000
v 0.008936000 -0.029145500 0.158312000
v -0.046859000 0.005879500 0.073867000
v -0.060174000 0.000842500 0.048883000
v -0.049736000 0.001497500 0.068336000
v -0.048591000 0.005364500 0.069143000
v 0.014301000 -0.033417500 0.114057000
v 0.008814000 -0.044518500 0.081695000
v 0.021295000 -0.040439500 0.084851000
v -0.002332000 -0.034539500 0.172631000
v -0.035186000 0.005954500 0.110305000
v -0.031434000 0.010714500 0.111125000
v -0.031095000 0.004004500 0.138005000
v -0.032629000 0.001076500 0.133063000
v -0.015524000 0.022411500 0.128380000
v -0.032032000 0.023337500 0.091416000
v -0.038414000 0.019529500 0.084807000
v -0.048342000 0.016698500 0.062279000
v -0.049158000 0.010444500 0.064993000
v -0.063378000 0.002869500 0.016551000
v -0.051051000 0.019317500 0.056324000
v -0.020278000 0.042430500 0.064013000
v -0.034869000 0.043946500 0.035748000
v -0.043374000 0.037532500 0.044927000
v -0.046761000 0.013523500 0.067284000
v -0.043158000 0.032725500 0.053696000
v -0.015213000 0.045078500 0.063870000
v 0.001445000 0.045817500 0.075686000
v -0.035066000 0.022646500 0.087087000
v -0.038203000 0.028913500 0.065485000
v -0.023220000 0.026268500 0.100915000
v -0.037950000 0.016815500 0.090921000
v 0.006518000 0.040699500 0.098603000
v -0.053482000 0.008418500 0.059219000
v -0.035063000 0.003267500 0.116203000
v -0.023400000 0.020805500 0.169577000
v -0.024175000 0.015877500 0.159572000
v -0.025182000 0.016153500 0.163292000
v -0.023162000 0.015477500 0.153011000
v -0.032600000 0.003712500 0.126954000
v -0.016238000 0.020892500 0.144980000
v -0.037020000 -0.031683500 0.259775000
v -0.009373000 0.031288500 0.113121000
v 0.023973000 0.017355500 0.162652000
v -0.006002000 0.028345500 0.167057000
v -0.006518000 0.026914500 0.162557000
v -0.031086000 0.013312500 0.172454000
v 0.000271000 0.025841500 0.155570000
v -0.020314000 0.020696500 0.122367000
v -0.018831000 0.020542500 0.128531000
v -0.007051000 0.030852500 0.173549000
v -0.016942000 0.038381500 0.083664000
v -0.011641000 0.028715500 0.115757000
v -0.007319000 0.034375500 0.108784000
v 0.001731000 0.037777500 0.105151000
v -0.020944000 0.022202500 0.114903000
v -0.005361000 0.029284500 0.119539000
v -0.021241000 0.030135500 0.096815000
v -0.013552000 0.034460500 0.102127000
v -0.045026000 0.007537500 0.077905000
v 0.029991000 0.026076500 0.108025000
v 0.037376000 0.044029500 0.057256000
v 0.005543000 0.027180500 0.165197000
v 0.001241000 0.026888500 0.162041000
v -0.002677000 0.027755500 0.164782000
v 0.031454000 0.003049500 0.157996000
v 0.028816000 -0.018720500 0.169926000
v 0.031810000 -0.002519500 0.150171000
v 0.002021000 -0.033889500 0.171047000
v 0.035475000 -0.003157500 0.171503000
v 0.032852000 -0.006183500 0.164532000
v 0.032984000 0.001925500 0.163949000
v 0.033874000 0.018124500 0.181312000
v 0.031976000 0.012469500 0.172515000
v 0.022851000 0.017221500 0.145683000
v 0.031830000 0.016872500 0.119173000
v 0.026630000 0.019029500 0.126375000
v 0.031704000 0.006735500 0.134933000
v 0.020425000 0.034681500 0.104172000
v 0.031448000 0.013198500 0.125737000
v 0.030915000 0.003582500 0.145868000
v 0.039141000 -0.002258500 0.115385000
v 0.043075000 0.005244500 0.105847000
v 0.044307000 0.012896500 0.097988000
v 0.048141000 0.011425500 0.080917000
v 0.039427000 0.027970500 0.076678000
v 0.048806000 0.016980500 0.069808000
v 0.051851000 -0.010776500 0.068862000
v 0.044110000 0.025106500 0.070166000
v 0.041782000 0.023894500 0.080168000
v 0.035664000 0.030008500 0.088453000
v 0.033297000 0.033413500 0.079902000
v 0.021246000 0.044213500 0.069635000
v -0.007852000 0.042339500 0.084028000
v 0.045849000 0.009697500 0.208494000
v -0.003686000 0.042940500 0.086384000
v -0.013308000 0.051670500 0.051882000
v -0.011450000 0.053482500 0.046693000
v -0.017074000 0.036560500 0.090071000
v -0.049744000 0.005979500 0.257066000
v -0.051154000 -0.002713500 0.256215000
v -0.038124000 0.027171500 0.256861000
v -0.016952000 0.034028500 0.185004000
v -0.002495000 0.029871500 0.170697000
v 0.002378000 0.034280500 0.112225000
v -0.014154000 0.024520500 0.161535000
v -0.006509000 0.037885500 0.187067000
v -0.003002000 0.026602500 0.160127000
v -0.006044000 0.025679500 0.156446000
v 0.019356000 0.036746500 0.200839000
v -0.018170000 0.037110500 0.192498000
v -0.017521000 0.038857500 0.198356000
v -0.016429000 0.030438500 0.178661000
v -0.029595000 0.032020500 0.076278000
v -0.019601000 -0.031954500 0.257115000
v -0.011626000 -0.040419500 0.258019000
v -0.020853000 -0.040418500 0.258144000
v -0.024929000 -0.040902500 0.218027000
v -0.033249000 -0.032070500 0.260744000
v -0.031374000 -0.027777500 0.259930000
v -0.034040000 -0.025992500 0.260260000
v -0.042065000 -0.030790500 0.249993000
v -0.041864000 -0.031788500 0.254279000
v -0.011197000 -0.045965500 0.257479000
v -0.026286000 -0.043234500 0.257383000
v -0.019115000 -0.044848500 0.256251000
v -0.028505000 -0.037586500 0.260605000
v -0.025241000 -0.040024500 0.260330000
v -0.025398000 -0.037262500 0.260724000
v -0.024747000 -0.034552500 0.260449000
v -0.046525000 -0.013592500 0.259007000
v -0.044031000 -0.007370500 0.260336000
v -0.050925000 -0.016760500 0.254645000
v -0.050313000 -0.011501500 0.257722000
v -0.050971000 -0.013584500 0.256062000
v -0.045254000 -0.015928500 0.259418000
v -0.042868000 -0.018195500 0.259938000
v -0.009755000 -0.016661500 0.245628000
v -0.019263000 -0.043528500 0.209088000
v -0.014987000 -0.045178500 0.215630000
v -0.029290000 -0.027331500 0.258773000
v -0.034193000 -0.037599500 0.246021000
v -0.038745000 -0.034204500 0.249424000
v -0.016136000 -0.045343500 0.224804000
v -0.019209000 -0.044035500 0.224466000
v 0.005569000 -0.046851500 0.219651000
v -0.018157000 -0.016908500 0.248266000
v -0.024031000 -0.006893500 0.248122000
v -0.003174000 -0.028217500 0.249787000
v 0.002690000 -0.012944500 0.241929000
v -0.001919000 -0.013797500 0.242758000
v 0.014374000 -0.012734500 0.244115000
v 0.010972000 -0.015125500 0.243829000
v -0.031552000 -0.002665500 0.251320000
v -0.006142000 -0.004791500 0.240514000
v -0.003618000 -0.003791500 0.239661000
v -0.008695000 -0.046406500 0.220104000
v -0.011399000 -0.046511500 0.212208000
v 0.020628000 -0.036914500 0.184499000
v 0.013469000 -0.038656500 0.182638000
v 0.016059000 -0.045140500 0.212951000
v 0.013472000 -0.046332500 0.211405000
v 0.003915000 -0.037986500 0.178817000
v 0.014085000 -0.045544500 0.222803000
v 0.015264000 -0.045432500 0.225294000
v 0.030638000 -0.036035500 0.198679000
v 0.028962000 -0.036233500 0.195454000
v 0.025641000 -0.038412500 0.194708000
v 0.024444000 -0.040471500 0.210370000
v -0.021831000 -0.042949500 0.232646000
v 0.023720000 -0.041329500 0.223300000
v 0.021917000 -0.042299500 0.223647000
v 0.025062000 -0.039237500 0.215007000
v 0.018503000 -0.023293500 0.250752000
v 0.026855000 -0.040391500 0.234813000
v 0.009239000 -0.010149500 0.241803000
v 0.022721000 -0.024397500 0.253984000
v 0.006128000 -0.047222500 0.214360000
v -0.001129000 -0.049441500 0.255881000
v 0.001750000 -0.049702500 0.256200000
v 0.018581000 -0.043424500 0.219661000
v 0.020031000 -0.042683500 0.217176000
v 0.021059000 -0.042310500 0.220813000
v 0.000255000 -0.050318500 0.250361000
v 0.016192000 -0.047376500 0.254987000
v 0.018833000 -0.045536500 0.254763000
v 0.018208000 -0.044550500 0.257329000
v -0.009348000 -0.047914500 0.255796000
v -0.005416000 -0.047391500 0.258634000
v 0.018505000 -0.041135500 0.260204000
v 0.027867000 -0.038704500 0.247858000
v 0.030527000 -0.028040500 0.260086000
v 0.010097000 -0.037220500 0.260603000
v 0.008223000 -0.050058500 0.254307000
v 0.004368000 -0.044686500 0.260763000
v -0.002333000 -0.048446500 0.258490000
v -0.001654000 -0.046259500 0.260601000
v -0.005283000 -0.046146500 0.259568000
v -0.019667000 -0.042349500 0.256906000
v -0.017119000 -0.043300500 0.256627000
v -0.020591000 -0.045172500 0.255203000
v -0.010111000 -0.040340500 0.258349000
v -0.022807000 -0.033349500 0.259799000
v -0.022296000 -0.036916500 0.259902000
v -0.021493000 -0.034844500 0.259444000
v -0.014763000 -0.043612500 0.257776000
v -0.016686000 -0.044262500 0.256677000
v -0.012733000 -0.044803500 0.257903000
v -0.014593000 -0.044971500 0.257141000
v -0.016226000 -0.043091500 0.257065000
v -0.019714000 -0.036459500 0.258060000
v -0.018442000 -0.036440500 0.256348000
v -0.018993000 -0.037117500 0.256856000
v -0.015506000 -0.046772500 0.247201000
v -0.033320000 -0.037256500 0.259338000
v -0.004235000 -0.048310500 0.257741000
v -0.006545000 -0.049236500 0.252821000
v -0.015034000 -0.041878500 0.257506000
v -0.007265000 -0.034684500 0.254196000
v -0.018329000 -0.026436500 0.252441000
v -0.004198000 -0.018422500 0.244956000
v -0.044463000 -0.019315500 0.259235000
v 0.015065000 -0.034850500 0.260210000
v -0.017536000 -0.031552500 0.254682000
v -0.017710000 -0.035586500 0.255113000
v 0.019250000 -0.030116500 0.257774000
v 0.017413000 -0.030393500 0.257466000
v 0.025659000 -0.029862500 0.260397000
v 0.029275000 -0.030404500 0.260235000
v 0.012764000 -0.038465500 0.261500000
v 0.016211000 -0.032484500 0.258470000
v 0.016048000 -0.024471500 0.250524000
v 0.006862000 -0.028821500 0.251050000
v 0.022868000 -0.038268500 0.260127000
v 0.001164000 -0.025281500 0.247923000
v -0.011565000 -0.022995500 0.248417000
v 0.030260000 -0.037058500 0.239421000
v 0.027909000 -0.039595500 0.244431000
v 0.028632000 -0.038938500 0.241074000
v 0.027081000 -0.040739500 0.241700000
v -0.006259000 0.004825500 0.240418000
v -0.000219000 0.009230500 0.241254000
v 0.028681000 0.019338500 0.259250000
v 0.012450000 0.030204500 0.259828000
v -0.020197000 0.035192500 0.260559000
v -0.019973000 -0.000612500 0.245755000
v -0.017253000 -0.000648500 0.244734000
v -0.012049000 0.015726500 0.244930000
v -0.012408000 0.026628500 0.255005000
v -0.010135000 0.032915500 0.260162000
v -0.004694000 0.032042500 0.258554000
v -0.007865000 0.032119500 0.259198000
v 0.018449000 0.030022500 0.261222000
v 0.014037000 0.036800500 0.261012000
v 0.025488000 0.032882500 0.250578000
v 0.029589000 0.032485500 0.244367000
v 0.012533000 0.022102500 0.250857000
v 0.015048000 0.037999500 0.260219000
v 0.021636000 -0.016746500 0.248227000
v 0.014961000 0.042286500 0.246316000
v 0.026599000 0.033505500 0.235709000
v 0.022561000 0.035193500 0.242634000
v 0.015415000 0.041540500 0.239107000
v 0.017484000 0.040560500 0.245650000
v 0.025334000 0.034705500 0.202972000
v -0.009455000 0.042572500 0.238710000
v -0.000570000 0.043215500 0.236226000
v -0.004336000 0.042909500 0.233044000
v -0.000617000 0.013346500 0.242932000
v 0.007740000 0.003321500 0.240966000
v 0.002233000 0.016923500 0.244881000
v -0.012268000 0.000341500 0.242224000
v -0.019132000 0.039934500 0.249399000
v -0.016127000 0.007814500 0.244494000
v 0.010020000 0.032258500 0.260611000
v 0.018986000 -0.000526500 0.245468000
v -0.022729000 0.012667500 0.247083000
v -0.022905000 0.010706500 0.246420000
v -0.021299000 0.009894500 0.245905000
v -0.008751000 -0.040416500 0.185315000
v -0.028378000 0.035160500 0.242576000
v -0.037204000 0.026013500 0.258076000
v -0.033581000 0.010121500 0.252791000
v -0.036383000 0.016346500 0.258568000
v -0.032641000 0.016659500 0.254372000
v -0.034122000 0.015445500 0.255802000
v -0.030111000 0.012411500 0.250410000
v -0.027332000 0.019400500 0.253776000
v -0.014732000 0.013640500 0.244928000
v -0.023613000 -0.002590500 0.247079000
v -0.027302000 0.012407500 0.248732000
v -0.029542000 0.010328500 0.249534000
v -0.030975000 0.000141500 0.250287000
v -0.032950000 0.000000500 0.251945000
v -0.045766000 0.013781500 0.257654000
v -0.044446000 0.007788500 0.259579000
v -0.044207000 0.013906500 0.257883000
v -0.042848000 0.011258500 0.258759000
v -0.043105000 0.014609500 0.258247000
v -0.038951000 0.007334500 0.257897000
v -0.039471000 0.011544500 0.258112000
v -0.042256000 0.010226500 0.258955000
v -0.040350000 0.008850500 0.258792000
v -0.039245000 0.005782500 0.258277000
v -0.041214000 0.000968500 0.260496000
v -0.046932000 -0.001261500 0.259882000
v -0.048512000 -0.004027500 0.258884000
v -0.047923000 -0.007401500 0.258866000
v -0.046313000 -0.005475500 0.259939000
v -0.036923000 -0.005322500 0.256310000
v -0.036718000 0.012524500 0.256665000
v -0.045040000 0.008983500 0.259187000
v -0.045449000 0.008792500 0.259153000
v -0.044001000 0.010143500 0.259044000
v -0.020809000 0.030208500 0.260319000
v -0.030886000 0.024427500 0.259733000
v -0.028260000 0.024663500 0.259747000
v -0.027718000 0.023225500 0.258512000
v -0.038160000 0.020096500 0.258910000
v -0.041520000 0.015775500 0.258170000
v -0.042216000 0.016849500 0.258150000
v -0.033201000 0.013519500 0.253452000
v -0.035390000 0.025200500 0.258728000
v -0.031531000 0.021300500 0.259468000
v -0.034642000 0.022717500 0.259342000
v -0.035408000 0.019238500 0.259185000
v -0.033323000 0.018368500 0.258162000
v -0.033363000 0.017653500 0.257106000
v -0.035406000 0.010988500 0.254849000
v -0.035597000 0.008682500 0.254317000
v -0.040267000 0.013118500 0.258492000
v -0.045464000 0.015823500 0.253825000
v -0.040376000 0.020738500 0.258291000
v -0.039558000 0.019340500 0.198100000
v -0.012036000 0.037244500 0.187603000
v 0.045561000 0.013006500 0.093418000
v 0.027980000 0.015602500 0.168531000
v 0.009909000 0.026325500 0.134320000
v 0.004350000 0.025434500 0.149699000
v -0.017857000 0.020145500 0.135928000
v -0.030178000 0.019387500 0.179147000
v -0.030893000 0.030083500 0.201947000
v -0.015885000 0.021662500 0.152645000
v -0.020797000 0.037617500 0.077087000
v 0.001930000 0.052633500 0.059430000
v -0.035017000 0.033303500 0.063235000
v -0.057363000 0.018080500 0.047703000
v -0.056907000 0.021180500 0.045129000
v -0.031689000 0.000534500 0.153079000
v -0.033093000 0.011387500 0.105516000
v -0.026218000 0.012262500 0.135182000
v -0.038206000 -0.001840500 0.111961000
v -0.060886000 0.011237500 0.041275000
v -0.043534000 0.011027500 0.080231000
v 0.024663000 -0.020999500 0.164189000
v 0.021378000 -0.028624500 0.117449000
v 0.041482000 -0.026641500 0.075113000
v 0.044137000 -0.021193500 0.082257000
v 0.046519000 -0.018233500 0.076302000
v -0.025656000 -0.038675500 0.086853000
v -0.059516000 -0.021053500 0.032041000
v 0.033403000 -0.052054500 0.042843000
v -0.043110000 0.017483500 0.257760000
v -0.041492000 0.011948500 0.258580000
v -0.036697000 0.014805500 0.186902000
v -0.048269000 -0.003700500 0.211732000
v -0.029027000 -0.018529500 0.171599000
v -0.008819000 0.040050500 0.192717000
v -0.020582000 0.029956500 0.182081000
v -0.047717000 0.011227500 0.256345000
v -0.030033000 0.033900500 0.257517000
v -0.028508000 0.033481500 0.258598000
v -0.032286000 0.018041500 0.256233000
v -0.036347000 0.001482500 0.255656000
v -0.042329000 0.005865500 0.260112000
v -0.020021000 0.037867500 0.259989000
v -0.043131000 0.012418500 0.258469000
v -0.040219000 0.004394500 0.259584000
v -0.050026000 -0.000021500 0.258266000
v -0.039469000 0.001800500 0.259449000
v -0.034598000 0.000324500 0.253862000
v -0.023079000 0.019217500 0.251382000
v -0.013403000 0.041499500 0.258364000
v -0.031797000 0.015297500 0.252614000
v -0.033163000 0.016924500 0.256462000
v -0.016451000 0.038726500 0.229696000
v -0.049805000 0.005713500 0.247234000
v -0.047878000 0.010171500 0.249073000
v -0.035716000 0.014839500 0.257206000
v -0.039922000 0.023938500 0.257719000
v -0.038411000 0.027367500 0.247521000
v -0.044277000 0.018720500 0.246818000
v -0.032283000 0.029037500 0.216230000
v -0.039071000 0.022281500 0.212627000
v -0.031298000 0.030967500 0.225465000
v -0.024839000 0.035182500 0.230946000
v -0.032325000 0.032289500 0.243361000
v 0.012599000 0.038479500 0.199581000
v -0.040748000 0.024348500 0.241514000
v -0.037005000 0.028440500 0.241902000
v -0.021915000 0.035842500 0.227907000
v -0.021642000 0.036759500 0.232945000
v -0.032457000 0.031004500 0.230455000
v -0.026743000 0.036228500 0.250610000
v -0.030907000 0.033433500 0.249627000
v -0.007574000 0.043572500 0.245352000
v -0.014492000 0.041549500 0.252368000
v -0.020389000 0.039589500 0.253507000
v -0.010554000 0.042698500 0.241672000
v -0.008678000 0.043366500 0.242492000
v -0.019751000 0.039633500 0.243857000
v -0.018710000 0.038937500 0.236915000
v 0.028801000 -0.013914500 0.144623000
v 0.031426000 0.031261500 0.203237000
v 0.006043000 0.040171500 0.212376000
v -0.025757000 0.034056500 0.198951000
v -0.011802000 0.040500500 0.215696000
v -0.028349000 0.034500500 0.237513000
v -0.004869000 0.043101500 0.237845000
v -0.019705000 0.036663500 0.216123000
v -0.007231000 0.041860500 0.227155000
v -0.000259000 0.041182500 0.212617000
v 0.000381000 0.041339500 0.207341000
v 0.014148000 0.041950500 0.234005000
v 0.025058000 0.034067500 0.238601000
v 0.027319000 0.033108500 0.237587000
v 0.028716000 0.032970500 0.236292000
v 0.021725000 0.037801500 0.226461000
v 0.032242000 0.029596500 0.196307000
v -0.026434000 0.033157500 0.223922000
v 0.026530000 0.028881500 0.259540000
v 0.022819000 0.035800500 0.232367000
v 0.028440000 0.033229500 0.240033000
v 0.027829000 0.031923500 0.250659000
v 0.016629000 0.038890500 0.258988000
v 0.011773000 0.038540500 0.260615000
v 0.012274000 0.042031500 0.257241000
v 0.021386000 0.035280500 0.257311000
v 0.020312000 0.035638500 0.259184000
v 0.016867000 0.040061500 0.257611000
v 0.022604000 0.030759500 0.260381000
v -0.000058000 0.043554500 0.256618000
v 0.015076000 0.030384500 0.260763000
v 0.016362000 0.034945500 0.261377000
v 0.001866000 0.042757500 0.258930000
v -0.015299000 0.039750500 0.260110000
v -0.011811000 0.039244500 0.261085000
v 0.004358000 0.044189500 0.249386000
v 0.009739000 0.043501500 0.253420000
v 0.029676000 0.031237500 0.251121000
v -0.012456000 0.002503500 0.242524000
v 0.033985000 0.022687500 0.260387000
v 0.014375000 -0.031105500 0.256670000
v 0.013241000 -0.028307500 0.252729000
v -0.003355000 -0.035266500 0.255934000
v -0.008426000 -0.036077500 0.255421000
v -0.003726000 -0.036655500 0.256834000
v -0.006915000 -0.048990500 0.254934000
v -0.048565000 0.004705500 0.216459000
v -0.018457000 -0.035282500 0.256740000
v -0.015715000 -0.045606500 0.256160000
v -0.000833000 -0.038713500 0.259441000
v 0.007202000 -0.048015500 0.209858000
v -0.004002000 -0.048874500 0.256246000
v 0.000753000 -0.050030500 0.253924000
v 0.032574000 -0.034263500 0.245763000
v 0.032357000 -0.033382500 0.232869000
v 0.030121000 -0.037198500 0.234971000
v 0.035571000 -0.031123500 0.196715000
v 0.022531000 -0.041833500 0.221824000
v 0.032294000 -0.032869500 0.219298000
v 0.010414000 -0.047497500 0.210226000
v -0.011740000 -0.046097500 0.216198000
v -0.008127000 -0.048916500 0.250237000
v -0.024419000 -0.039570500 0.201360000
v -0.049638000 -0.015221500 0.257854000
v -0.039127000 -0.011003500 0.259074000
v -0.038228000 -0.035243500 0.254721000
v -0.032973000 -0.012298500 0.253809000
v 0.015094000 0.022876500 0.160193000
v 0.028359000 0.032626500 0.198013000
v 0.015234000 0.030383500 0.116525000
v 0.023429000 0.017636500 0.139414000
v 0.001571000 0.028360500 0.167487000
v 0.002694000 0.030985500 0.174135000
v 0.020993000 0.019156500 0.144172000
v 0.021131000 0.018591500 0.148698000
v 0.018767000 0.020393500 0.148230000
v -0.044235000 -0.000726500 0.092964000
v -0.003212000 0.031801500 0.115524000
v 0.017866000 0.021251500 0.159258000
v -0.041114000 -0.009992500 0.101944000
v -0.038820000 -0.010851500 0.107242000
v -0.008750000 -0.027981500 0.143007000
v -0.020266000 -0.020267500 0.147651000
v -0.044483000 -0.042598500 0.020791000
v -0.053946000 -0.031024500 0.021249000
v -0.054010000 -0.030726500 0.014156000
v -0.051564000 0.000340500 0.064434000
v -0.045140000 -0.014440500 0.082416000
v 0.006183000 -0.029506500 0.138467000
v -0.024467000 -0.017029500 0.136811000
v -0.012503000 -0.027423500 0.135372000
v -0.005137000 -0.036764500 0.177802000
v 0.020725000 0.029966500 0.112386000
v -0.051502000 -0.004644500 0.065770000
v 0.012904000 -0.036010500 0.108898000
v 0.005795000 -0.030378500 0.160703000
v -0.004434000 -0.029299500 0.144170000
v -0.005590000 -0.028799500 0.149998000
v -0.008791000 -0.027584500 0.148379000
v 0.014493000 -0.028614500 0.128501000
v 0.008675000 -0.030195500 0.130433000
v 0.010313000 -0.030736500 0.125903000
v -0.017649000 -0.040524500 0.091156000
v -0.017096000 -0.042269500 0.084717000
v -0.008582000 -0.043516500 0.088814000
v 0.002464000 -0.040712500 0.100995000
v -0.049325000 -0.034853500 0.053615000
v -0.045746000 -0.037305500 0.057077000
v -0.008384000 -0.042045500 0.096053000
v -0.021906000 -0.038995500 0.090668000
v -0.030593000 -0.042334500 0.070061000
v -0.005171000 -0.048669500 0.067467000
v 0.016204000 -0.044040500 0.074371000
v 0.013994000 -0.043664500 0.079265000
v -0.013671000 -0.042579500 0.088137000
v -0.012493000 -0.043772500 0.082656000
v -0.051877000 -0.030316500 0.053745000
v -0.051436000 -0.025342500 0.058736000
v -0.054353000 -0.025436500 0.053061000
v -0.047734000 -0.018959500 0.069946000
v -0.056657000 -0.007200500 0.056228000
v 0.002357000 -0.047079500 0.072365000
v 0.000788000 -0.048220500 0.069446000
v 0.015142000 -0.031688500 0.117982000
v 0.011353000 -0.033109500 0.117331000
v -0.057328000 0.004003500 0.054772000
v -0.049580000 -0.002955500 0.069947000
v 0.021789000 -0.030448500 0.113214000
v 0.009542000 -0.028394500 0.139900000
v 0.001223000 -0.031949500 0.165144000
v 0.009885000 -0.035187500 0.112536000
v 0.017442000 -0.026339500 0.131789000
v 0.013552000 -0.026907500 0.138289000
v 0.012782000 -0.028179500 0.133919000
v 0.028418000 -0.031988500 0.100966000
v -0.001502000 -0.031023500 0.161600000
v 0.012855000 -0.028724500 0.162485000
v 0.016496000 -0.024687500 0.150438000
v 0.003206000 -0.029428500 0.145643000
v 0.003938000 -0.029615500 0.153043000
v 0.021331000 -0.023894500 0.161799000
v 0.009660000 -0.030725500 0.165595000
v 0.007109000 -0.032475500 0.122557000
v 0.000480000 -0.035204500 0.115304000
v -0.026611000 -0.028576500 0.104539000
v 0.023398000 -0.030725500 0.110270000
v 0.027147000 -0.016140500 0.147913000
v 0.012605000 -0.027226500 0.155768000
v -0.046197000 0.000438500 0.084124000
v -0.046904000 -0.003755500 0.080462000
v 0.034062000 -0.005945500 0.129999000
v 0.029722000 -0.034166500 0.191037000
v 0.011363000 -0.034511500 0.174525000
v 0.008979000 -0.037107500 0.178316000
v 0.042878000 -0.023731500 0.077654000
v 0.012823000 -0.043331500 0.084930000
v 0.031941000 -0.034129500 0.083402000
v -0.016529000 -0.056562500 0.047494000
v -0.019678000 -0.053977500 0.053551000
v -0.025373000 -0.053599500 0.049888000
v 0.010496000 -0.059230500 0.044821000
v 0.006451000 -0.059541500 0.029958000
v -0.032495000 -0.051899500 0.036718000
v -0.035237000 -0.049539500 0.025312000
v 0.006455000 -0.059867500 0.044371000
v -0.027496000 -0.054122500 0.043030000
v -0.027941000 -0.053487500 0.046142000
v -0.018240000 -0.057046500 0.042922000
v -0.022633000 -0.055405500 0.044679000
v 0.002231000 -0.060303500 0.036299000
v 0.002839000 -0.059220500 0.048382000
v 0.020640000 -0.050483500 0.058832000
v -0.002730000 -0.060283500 0.036213000
v 0.005543000 -0.060276500 0.040029000
v 0.011531000 -0.054022500 0.057437000
v -0.026502000 -0.046110500 0.065809000
v -0.005568000 -0.051037500 0.062956000
v 0.001181000 -0.057288500 0.053220000
v -0.022424000 -0.055813500 0.033806000
v -0.024372000 -0.055028500 0.029646000
v -0.025765000 -0.051481500 0.055012000
v -0.030392000 -0.013018500 0.165052000
v -0.028875000 -0.010930500 0.156324000
v -0.029616000 -0.011238500 0.160377000
v -0.004989000 0.040332500 0.261181000
v -0.034164000 0.016590500 0.257231000
v -0.042066000 0.020930500 0.257623000
v 0.023154000 0.030361500 0.185138000
v -0.007516000 0.041582500 0.218905000
v -0.040421000 0.006912500 0.097642000
v 0.049799000 -0.036496500 0.027473000
v 0.051602000 -0.036822500 0.033648000
v 0.029810000 -0.029546500 0.184274000
v 0.032339000 -0.015189500 0.256498000
v 0.030402000 -0.018582500 0.256343000
v 0.031970000 -0.034042500 0.253784000
v 0.036108000 -0.027015500 0.231528000
v 0.029953000 -0.036950500 0.245246000
v 0.029761000 -0.035748500 0.254928000
v 0.032329000 -0.034154500 0.238141000
v 0.030349000 -0.036502500 0.249057000
v 0.033811000 -0.032177500 0.241767000
v 0.036705000 -0.028815500 0.249598000
v 0.035179000 -0.030605500 0.245689000
v 0.029968000 -0.037647500 0.242357000
v 0.033814000 -0.026059500 0.185696000
v 0.036921000 -0.027673500 0.192993000
v 0.038804000 -0.026453500 0.194812000
v 0.036354000 -0.028164500 0.193005000
v 0.037405000 -0.029664500 0.199685000
v 0.031698000 -0.035749500 0.202961000
v 0.034858000 -0.032440500 0.201627000
v 0.034825000 -0.031758500 0.207835000
v 0.036883000 -0.030436500 0.203127000
v 0.040928000 -0.021460500 0.214270000
v 0.040110000 -0.023660500 0.240719000
v 0.037264000 -0.026070500 0.239297000
v 0.037971000 -0.025294500 0.230277000
v 0.033197000 -0.029953500 0.257335000
v 0.034923000 -0.027657500 0.257594000
v 0.036077000 -0.028799500 0.241970000
v 0.040354000 -0.024317500 0.243614000
v 0.038884000 -0.024265500 0.232542000
v 0.041301000 -0.023913500 0.247304000
v 0.037855000 -0.027239500 0.210061000
v 0.037762000 -0.028701500 0.206369000
v 0.042429000 -0.019336500 0.210863000
v 0.042288000 -0.020674500 0.231631000
v 0.039459000 -0.023882500 0.237669000
v 0.039780000 -0.022910500 0.235101000
v 0.038243000 -0.025956500 0.242227000
v 0.037588000 -0.027506500 0.253265000
v 0.041435000 -0.023591500 0.250316000
v 0.036559000 -0.023161500 0.259944000
v 0.038826000 -0.019056500 0.261008000
v 0.035251000 -0.023010500 0.260348000
v 0.035907000 -0.020437500 0.261436000
v 0.036063000 -0.021852500 0.260761000
v 0.039488000 -0.021839500 0.259210000
v 0.035640000 -0.028618500 0.255240000
v 0.039374000 -0.024089500 0.257166000
v 0.037320000 -0.025271500 0.257764000
v 0.035965000 -0.020139500 0.183388000
v 0.039929000 -0.017290500 0.187325000
v 0.034875000 -0.015278500 0.259295000
v 0.029019000 -0.026772500 0.260545000
v 0.033441000 -0.021401500 0.260662000
v 0.036714000 -0.012497500 0.260084000
v 0.033165000 -0.018225500 0.258799000
v 0.029083000 -0.020334500 0.256445000
v 0.030320000 -0.021305500 0.258288000
v 0.029736000 -0.027338500 0.260529000
v 0.033521000 -0.024132500 0.260673000
v 0.031500000 -0.025073500 0.260762000
v 0.035427000 -0.025100500 0.259635000
v 0.044141000 -0.015326500 0.193221000
v 0.041970000 -0.019838500 0.193029000
v 0.043470000 -0.019127500 0.226261000
v 0.045881000 -0.011073500 0.194326000
v 0.042994000 -0.009934500 0.260681000
v 0.041274000 -0.022975500 0.255265000
v 0.043021000 -0.021092500 0.254209000
v 0.043241000 -0.021295500 0.250531000
v 0.047934000 -0.010230500 0.252235000
v 0.048713000 -0.005603500 0.253062000
v 0.044183000 -0.010820500 0.259825000
v 0.032594000 -0.000577500 0.256837000
v 0.046106000 0.010836500 0.230779000
v 0.045162000 0.007440500 0.258794000
v 0.047476000 0.004239500 0.256317000
v 0.044371000 -0.007684500 0.189539000
v 0.034066000 0.026411500 0.192688000
v 0.041264000 0.006126500 0.184276000
v 0.037532000 0.007454500 0.178179000
v 0.033609000 0.007036500 0.259068000
v 0.038811000 0.006291500 0.260676000
v 0.038129000 0.009436500 0.260197000
v 0.033331000 0.011971500 0.259861000
v 0.030619000 0.013933500 0.258868000
v 0.032716000 0.009912500 0.259066000
v 0.033505000 -0.011444500 0.256847000
v 0.034904000 -0.013072500 0.258592000
v 0.035278000 -0.003857500 0.258785000
v 0.033766000 -0.005219500 0.257260000
v 0.037319000 -0.009585500 0.260108000
v 0.042750000 -0.000306500 0.260809000
v 0.035875000 0.001157500 0.259878000
v 0.035085000 -0.008372500 0.258242000
v 0.035900000 -0.010766500 0.259135000
v 0.038769000 -0.010265500 0.261462000
v 0.032407000 0.003855500 0.257576000
v 0.033904000 0.004435500 0.258866000
v 0.035230000 0.004783500 0.259779000
v 0.037084000 0.004189500 0.260596000
v 0.043232000 0.007638500 0.259782000
v 0.040761000 0.008448500 0.260123000
v 0.041814000 0.004980500 0.260579000
v 0.044486000 -0.005295500 0.259965000
v 0.037346000 -0.006232500 0.259975000
v 0.040023000 -0.003848500 0.261598000
v 0.043010000 -0.005239500 0.261202000
v 0.041765000 -0.008990500 0.261685000
v 0.042567000 -0.002995500 0.260962000
v 0.039821000 0.002047500 0.261162000
v 0.046064000 0.004797500 0.258428000
v 0.044236000 0.002860500 0.259832000
v 0.043211000 0.014299500 0.220387000
v 0.045738000 0.008164500 0.221582000
v 0.037195000 0.024462500 0.211371000
v 0.041535000 0.020273500 0.243121000
v 0.030499000 0.017624500 0.259959000
v 0.035480000 0.008241500 0.260037000
v 0.036117000 0.012692500 0.260233000
v 0.036802000 0.020788500 0.259707000
v 0.035213000 0.029172500 0.244475000
v 0.034565000 0.019861500 0.260635000
v 0.035378000 0.016422500 0.260442000
v 0.032797000 0.015487500 0.260292000
v 0.031196000 0.022210500 0.261018000
v 0.032279000 0.018786500 0.260715000
v 0.032725000 0.031147500 0.243619000
v 0.032866000 0.030940500 0.248171000
v -0.055355000 0.022924500 0.048550000
v -0.051037000 -0.037334500 0.040494000
v -0.064296000 -0.002262500 0.009358000
v -0.065281000 -0.007324500 0.004076000
v -0.065887000 -0.011338500 0.000929000
v -0.058526000 -0.026885500 0.004297000
v -0.054840000 -0.034403500 0.003706000
v -0.024808000 -0.036044500 0.093809000
v -0.028185000 -0.034526500 0.092355000
v -0.001108000 -0.029724500 0.149938000
v 0.001103000 -0.029685500 0.148407000
v -0.001657000 -0.030055500 0.155859000
v -0.067195000 0.003221500 0.000509000
v -0.062492000 -0.018765500 0.002345000
v 0.016997000 -0.053449500 0.056017000
v -0.060860000 -0.006801500 0.046459000
v -0.012962000 -0.059090500 0.014688000
v 0.004992000 -0.055025500 0.057348000
v -0.015240000 -0.057527500 0.025507000
v -0.020056000 -0.056184500 0.023260000
v -0.006846000 -0.059015500 0.026815000
v -0.026527000 -0.055263500 0.011193000
v -0.031858000 -0.053885500 0.002235000
v 0.001520000 -0.059228500 0.023718000
v -0.010473000 -0.059860500 0.011994000
v -0.010363000 -0.060026500 0.005853000
v -0.042618000 -0.044141500 0.015484000
v -0.002117000 -0.060928500 0.008721000
v 0.002589000 -0.060773500 0.013569000
v 0.002183000 -0.060960500 0.006836000
v 0.022005000 -0.053633500 0.052494000
v 0.027812000 -0.054848500 0.036093000
v -0.025371000 -0.056553500 0.003090000
v -0.045080000 -0.047670500 0.000702000
v -0.042112000 -0.045524500 0.009009000
v -0.045621000 -0.043206500 0.006126000
v -0.044979000 -0.034551500 0.061369000
v -0.056890000 0.023111500 0.040876000
v -0.031354000 0.044983500 0.047026000
v -0.030614000 0.042314500 0.052858000
v -0.025875000 0.048566500 0.045089000
v 0.004595000 0.056910500 0.035246000
v -0.046710000 0.035253500 0.026564000
v -0.061138000 -0.021670500 0.003459000
v 0.007363000 -0.059530500 0.019640000
v -0.059650000 0.018607500 0.019906000
v -0.061583000 -0.011433500 0.028077000
v 0.039580000 -0.045749500 0.025471000
v -0.003988000 -0.059267500 0.022192000
v 0.051420000 -0.033709500 0.025900000
v -0.052669000 0.029814500 0.010965000
v 0.019640000 -0.058038500 0.000650000
v 0.022784000 0.056398500 0.045188000
v -0.021999000 -0.051049500 0.058421000
v -0.052084000 0.034691500 0.000749000
v 0.033902000 -0.033242500 0.199223000
v 0.038133000 -0.006635500 0.177917000
v -0.039718000 -0.033588500 0.255827000
v -0.043958000 -0.024420500 0.258848000
v -0.035818000 -0.021557500 0.259486000
v -0.038814000 -0.028221500 0.259814000
v -0.040984000 -0.024753500 0.259668000
v -0.049797000 -0.020232500 0.255723000
v -0.036233000 -0.030330500 0.260277000
v -0.032224000 -0.024764500 0.258953000
v -0.030053000 -0.025739500 0.258008000
v -0.033349000 -0.039268500 0.256101000
v -0.025394000 -0.029568500 0.258254000
v -0.027999000 -0.040147500 0.259948000
v -0.028179000 -0.022619500 0.254919000
v -0.030541000 -0.023572500 0.257015000
v -0.030877000 -0.020430500 0.255175000
v -0.033772000 -0.017937500 0.256249000
v -0.033972000 -0.014969500 0.255148000
v -0.035393000 -0.011513500 0.255622000
v -0.037185000 -0.011201500 0.257464000
v -0.039262000 -0.023991500 0.260401000
v -0.028363000 -0.029921500 0.259906000
v -0.035895000 -0.018421500 0.258107000
v -0.033291000 -0.021269500 0.257630000
v -0.037176000 -0.016501500 0.258439000
v -0.036314000 -0.014676500 0.257435000
v -0.052130000 -0.014351500 0.246353000
v -0.052022000 -0.012108500 0.239462000
v -0.046232000 -0.022101500 0.258662000
v -0.042172000 -0.021939500 0.259780000
v -0.027114000 -0.011984500 0.250575000
v -0.024220000 -0.041749500 0.225651000
v -0.038911000 -0.021364500 0.201628000
v -0.019056000 -0.029134500 0.174138000
v -0.021524000 -0.040405500 0.197065000
v -0.018259000 -0.039194500 0.190183000
v -0.045252000 -0.007092500 0.202252000
v -0.049899000 -0.008806500 0.223103000
v -0.047336000 0.004390500 0.208055000
v 0.000990000 -0.019129500 0.244693000
v -0.023179000 -0.042329500 0.234833000
v 0.004253000 -0.045608500 0.192442000
v -0.018673000 -0.044126500 0.218686000
v -0.013949000 -0.045629500 0.228966000
v -0.023243000 -0.036547500 0.191832000
v 0.008620000 -0.047481500 0.212494000
v 0.007344000 -0.047674500 0.212996000
v -0.004172000 -0.048137500 0.209380000
v 0.003744000 -0.048143500 0.210906000
v 0.015949000 -0.045518500 0.200690000
v 0.011074000 -0.045663500 0.196071000
v 0.007872000 -0.048462500 0.205740000
v 0.021734000 -0.042865500 0.204499000
v 0.018161000 -0.044873500 0.204510000
v 0.014829000 -0.046421500 0.205291000
v 0.013087000 -0.046911500 0.207501000
v 0.016417000 -0.045264500 0.208944000
v 0.022115000 -0.041325500 0.214121000
v 0.012151000 -0.047103500 0.204298000
v 0.012121000 -0.045785500 0.218015000
v 0.024443000 -0.040624500 0.207291000
v 0.020295000 -0.043347500 0.209623000
v 0.028583000 -0.037716500 0.200602000
v 0.027581000 -0.038593500 0.206603000
v 0.022517000 -0.041065500 0.219034000
v 0.027281000 -0.039182500 0.203185000
v 0.024231000 -0.040961500 0.205373000
v 0.026420000 -0.038486500 0.212326000
v 0.032485000 -0.033207500 0.211490000
v 0.035549000 -0.031300500 0.205329000
v 0.031922000 -0.033552500 0.217789000
v 0.035320000 -0.030274500 0.211294000
v 0.031917000 -0.028987500 0.258987000
v 0.030400000 -0.035053500 0.221012000
v 0.033934000 -0.030178500 0.230715000
v 0.033334000 -0.031718500 0.222638000
v 0.032790000 -0.032317500 0.228262000
v 0.033556000 -0.031488500 0.215863000
v 0.034136000 -0.030388500 0.226802000
v 0.025016000 -0.039642500 0.220126000
v 0.018789000 -0.014126500 0.246363000
v 0.017856000 -0.021084500 0.248651000
v 0.031796000 -0.035415500 0.242118000
v 0.018752000 -0.025414500 0.252528000
v 0.005953000 -0.049542500 0.240920000
v 0.019905000 -0.046015500 0.244636000
v -0.002200000 -0.048697500 0.204311000
v -0.061781000 -0.001774500 0.043103000
v 0.004028000 -0.047188500 0.224759000
v 0.022661000 -0.043637500 0.234411000
v 0.035311000 -0.028214500 0.227835000
v 0.025172000 -0.041428500 0.230988000
v 0.028743000 -0.038366500 0.232387000
v 0.028063000 -0.039603500 0.238673000
v 0.026683000 -0.040440500 0.250401000
v 0.022551000 -0.044250500 0.243738000
v 0.027652000 -0.039382500 0.230352000
v 0.034703000 -0.029624500 0.236643000
v 0.028103000 -0.038644500 0.250160000
v 0.017425000 -0.046312500 0.235690000
v 0.005475000 -0.034819500 0.256947000
v 0.001533000 -0.035076500 0.256383000
v 0.019537000 -0.046096500 0.252105000
v 0.016925000 -0.047811500 0.248400000
v 0.010574000 -0.048183500 0.257589000
v 0.016441000 -0.042835500 0.259363000
v 0.025567000 -0.040165500 0.255023000
v 0.024136000 -0.040251500 0.257062000
v 0.014865000 -0.045871500 0.258028000
v 0.012190000 -0.049097500 0.255391000
v 0.012377000 -0.045638500 0.259156000
v 0.013622000 -0.047325500 0.256796000
v -0.000872000 -0.044691500 0.260893000
v 0.007876000 -0.044784500 0.260236000
v 0.004005000 -0.047881500 0.259332000
v 0.002323000 -0.037185500 0.258974000
v -0.004328000 -0.038947500 0.258903000
v -0.007995000 -0.043402500 0.259875000
v -0.008523000 -0.041421500 0.259169000
v -0.022547000 -0.039565500 0.259711000
v -0.018560000 -0.043520500 0.256330000
v -0.019555000 -0.039784500 0.257501000
v -0.023132000 -0.044219500 0.256421000
v -0.021139000 -0.043494500 0.257724000
v -0.009223000 -0.045034500 0.259063000
v -0.017103000 -0.046200500 0.254411000
v -0.009043000 -0.047098500 0.257396000
v -0.006684000 -0.048358500 0.257075000
v -0.011314000 -0.048093500 0.252851000
v -0.023919000 -0.042164500 0.228204000
v 0.008285000 -0.047796500 0.259141000
v -0.003117000 -0.049733500 0.253805000
v 0.005878000 -0.037556500 0.259805000
v -0.007241000 -0.038259500 0.257271000
v -0.009199000 -0.039803500 0.257952000
v -0.001360000 -0.034458500 0.254852000
v -0.001554000 -0.036148500 0.256703000
v -0.014444000 -0.037981500 0.255221000
v -0.011907000 -0.042635500 0.258669000
v -0.018180000 -0.037690500 0.256252000
v -0.017598000 -0.036983500 0.255350000
v -0.017286000 -0.041888500 0.256136000
v -0.005600000 -0.036327500 0.255687000
v 0.000714000 -0.033191500 0.254075000
v -0.004575000 -0.034264500 0.254408000
v -0.006453000 -0.033176500 0.253243000
v -0.015706000 -0.029609500 0.252584000
v -0.011079000 -0.037577500 0.256222000
v -0.015197000 -0.040020500 0.256301000
v -0.018926000 -0.040557500 0.256054000
v -0.022391000 -0.031749500 0.258632000
v -0.021798000 -0.029999500 0.256978000
v -0.020960000 -0.033220500 0.258769000
v -0.027917000 -0.032385500 0.260513000
v -0.010999000 -0.039547500 0.257559000
v -0.011852000 -0.039375500 0.256773000
v -0.016255000 -0.036658500 0.254276000
v -0.017139000 -0.039061500 0.255210000
v -0.013793000 -0.035765500 0.254097000
v -0.019478000 -0.029177500 0.254551000
v 0.021094000 -0.030290500 0.258675000
v 0.009000000 -0.031359500 0.254572000
v 0.011288000 -0.032391500 0.256460000
v 0.009353000 -0.034147500 0.257828000
v 0.012558000 -0.033370500 0.258563000
v 0.003169000 -0.033004500 0.254568000
v -0.000195000 -0.036926500 0.258184000
v 0.010919000 -0.035329500 0.259456000
v 0.024669000 -0.029106500 0.259642000
v 0.023476000 -0.030761500 0.260076000
v 0.029378000 -0.034368500 0.257674000
v 0.026912000 -0.035760500 0.259029000
v 0.025911000 -0.034117500 0.260515000
v 0.027948000 -0.021476500 0.256203000
v 0.036837000 -0.027519500 0.254642000
v 0.011724000 -0.030772500 0.254974000
v 0.021218000 -0.027022500 0.255575000
v 0.021552000 -0.022578500 0.251757000
v 0.027539000 0.031006500 0.254821000
v 0.029249000 0.030760500 0.254446000
v 0.023397000 0.033723500 0.253021000
v 0.027633000 0.029759500 0.257636000
v 0.027868000 0.030763500 0.256263000
v 0.024290000 0.031037500 0.258508000
v 0.026486000 0.025953500 0.260613000
v 0.025250000 0.027982500 0.260632000
v 0.021228000 0.028058500 0.260145000
v 0.023334000 -0.028276500 0.258130000
v 0.013970000 0.032878500 0.261707000
v 0.014972000 0.028842500 0.259601000
v -0.014137000 0.004464500 0.243353000
v 0.000423000 0.041276500 0.259820000
v -0.001630000 0.040736500 0.260815000
v -0.007891000 0.041922500 0.259071000
v -0.007355000 0.043077500 0.255041000
v -0.014618000 0.041463500 0.255824000
v -0.017645000 0.040546500 0.257122000
v 0.003561000 0.041161500 0.259912000
v 0.018962000 0.031837500 0.261589000
v 0.017575000 0.037059500 0.260277000
v 0.015974000 0.036713500 0.260743000
v 0.009659000 0.041752500 0.258607000
v 0.006606000 0.041105500 0.259450000
v 0.006548000 0.039345500 0.260727000
v 0.022930000 0.032940500 0.257458000
v 0.021489000 0.033427500 0.259333000
v 0.019902000 0.033106500 0.260952000
v 0.022802000 0.033756500 0.255675000
v 0.018627000 0.039702500 0.255626000
v 0.021741000 0.035735500 0.254698000
v 0.027289000 0.022781500 0.259780000
v 0.009346000 0.042967500 0.256399000
v 0.004835000 0.044017500 0.253998000
v 0.012115000 0.042793500 0.255366000
v 0.004241000 0.041801500 0.258736000
v 0.019328000 0.039253500 0.246615000
v 0.018377000 0.040126500 0.248564000
v 0.020509000 0.038043500 0.240965000
v 0.019480000 0.039436500 0.239824000
v 0.017218000 0.040741500 0.242132000
v 0.017482000 0.040933500 0.252004000
v 0.013253000 0.042887500 0.252166000
v 0.017949000 0.040568500 0.234403000
v 0.019394000 0.039092500 0.243524000
v 0.020187000 0.038479500 0.229668000
v 0.017709000 0.040155500 0.238207000
v 0.020357000 0.037992500 0.232869000
v 0.024964000 0.034815500 0.231710000
v 0.029651000 0.032639500 0.245968000
v 0.024294000 0.033937500 0.246388000
v 0.027786000 0.032599500 0.248268000
v 0.022147000 0.035367500 0.249162000
v 0.021490000 0.036229500 0.252218000
v 0.020523000 0.038334500 0.253600000
v 0.029979000 0.032609500 0.243760000
v 0.009019000 0.020982500 0.248816000
v 0.015577000 0.019926500 0.249938000
v 0.027670000 0.033688500 0.232210000
v 0.028963000 0.032997500 0.224879000
v 0.032726000 0.028990500 0.211509000
v 0.028342000 0.032325500 0.213889000
v 0.024396000 0.035100500 0.217001000
v 0.025008000 0.035693500 0.222796000
v 0.019275000 0.039024500 0.236325000
v 0.030134000 0.032743500 0.229462000
v 0.027590000 0.033248500 0.219190000
v 0.019227000 0.039208500 0.228187000
v 0.022138000 0.037112500 0.229967000
v 0.028065000 0.033682500 0.228815000
v 0.019045000 0.039268500 0.229566000
v 0.017112000 0.040512500 0.229703000
v 0.017973000 0.040080500 0.225370000
v 0.015436000 0.039532500 0.220565000
v 0.013483000 0.038760500 0.214181000
v 0.018738000 0.036965500 0.208437000
v 0.006284000 0.042745500 0.229203000
v 0.011657000 0.041569500 0.226377000
v 0.020627000 0.037134500 0.242838000
v 0.021277000 0.036822500 0.241148000
v -0.002023000 0.043624500 0.243004000
v -0.000333000 0.044123500 0.246629000
v 0.009848000 0.042823500 0.233333000
v -0.013707000 0.041412500 0.242143000
v -0.010294000 0.042069500 0.234441000
v 0.002510000 0.044030500 0.244741000
v -0.013577000 0.040936500 0.235415000
v -0.011034000 0.041369500 0.231261000
v -0.011107000 0.040935500 0.222298000
v -0.015175000 0.038835500 0.219092000
v -0.004016000 0.041766500 0.214357000
v 0.001197000 0.042858500 0.228683000
v -0.006098000 0.042011500 0.209001000
v -0.013072000 0.040558500 0.208313000
v -0.016672000 0.038554500 0.211966000
v -0.002849000 0.042076500 0.223049000
v 0.021430000 0.036394500 0.237549000
v -0.011723000 0.040667500 0.227119000
v -0.003826000 0.043922500 0.248553000
v 0.000686000 0.003487500 0.239406000
v 0.004702000 0.001125500 0.239676000
v -0.013667000 0.010978500 0.244032000
v 0.015143000 0.041460500 0.255717000
v -0.015957000 0.041125500 0.247577000
v -0.005875000 0.043439500 0.242586000
v -0.000665000 0.044186500 0.253008000
v -0.019928000 0.036291500 0.222690000
v -0.024737000 0.036723500 0.237857000
v -0.028839000 0.033216500 0.231888000
v -0.034625000 0.028560500 0.226291000
v -0.035447000 0.028976500 0.233164000
v -0.048141000 0.009077500 0.231055000
v -0.046547000 0.013323500 0.238086000
v -0.045758000 0.013847500 0.225599000
v -0.042898000 0.020092500 0.231884000
v -0.034305000 0.028364500 0.220310000
v -0.031173000 0.030625500 0.220295000
v -0.034217000 0.031486500 0.249982000
v -0.035634000 0.025917500 0.213428000
v -0.025228000 0.033529500 0.215169000
v -0.040254000 0.019967500 0.205591000
v -0.037523000 0.023369500 0.207247000
v -0.045937000 0.009105500 0.207144000
v -0.007809000 0.042425500 0.233665000
v -0.027161000 0.032415500 0.208137000
v -0.022172000 0.035743500 0.209072000
v -0.039341000 0.025345500 0.233967000
v -0.008718000 0.041677500 0.211860000
v -0.045557000 0.012049500 0.215407000
v -0.046668000 0.013227500 0.245940000
v -0.040850000 0.024756500 0.250420000
v -0.042425000 0.021730500 0.254352000
v -0.036499000 0.029207500 0.256671000
v -0.049623000 0.005895500 0.239379000
v -0.047979000 0.009386500 0.244396000
v -0.046766000 0.013752500 0.250180000
v -0.037698000 0.028259500 0.253400000
v -0.034916000 0.030542500 0.257228000
v -0.036768000 0.027825500 0.257744000
v -0.030111000 0.032016500 0.258450000
v -0.026066000 0.035586500 0.258490000
v -0.032179000 0.026814500 0.259152000
v -0.029596000 0.034614500 0.253020000
v -0.031839000 0.033549500 0.254963000
v -0.026581000 0.036570500 0.254913000
v -0.026121000 0.033633500 0.259365000
v -0.010446000 0.042942500 0.248240000
v -0.024900000 0.034455500 0.259370000
v -0.023871000 0.037566500 0.258047000
v -0.033798000 0.030250500 0.257581000
v -0.025122000 0.013860500 0.248356000
v -0.023272000 0.036262500 0.259531000
v -0.023942000 0.015899500 0.248971000
v -0.030187000 0.015299500 0.250633000
v -0.048443000 0.008339500 0.252653000
v -0.051021000 0.003247500 0.250753000
v -0.028126000 0.034902500 0.258292000
v -0.026936000 0.015711500 0.250016000
v -0.027588000 0.013614500 0.249492000
v -0.025099000 0.006940500 0.247098000
v -0.026916000 0.009125500 0.248005000
v -0.019849000 0.007898500 0.245474000
v -0.026874000 -0.004639500 0.248800000
v -0.026377000 -0.008414500 0.249429000
v -0.030683000 0.002532500 0.249903000
v -0.050616000 -0.001405500 0.224682000
v -0.051381000 0.001371500 0.245001000
v -0.051493000 0.001833500 0.248314000
v -0.029461000 0.001377500 0.248980000
v -0.029972000 0.005311500 0.249406000
v -0.035471000 0.003335500 0.254192000
v -0.032787000 0.005801500 0.251283000
v -0.037580000 0.004871500 0.256727000
v -0.051475000 0.000760500 0.238849000
v -0.034346000 0.007519500 0.253035000
v -0.033715000 -0.002783500 0.253119000
v -0.052285000 -0.002057500 0.244112000
v -0.050662000 0.001831500 0.256825000
v -0.049003000 0.005322500 0.258550000
v -0.040351000 0.006724500 0.258922000
v -0.049179000 0.003172500 0.258519000
v -0.039362000 -0.002415500 0.259241000
v -0.037750000 -0.002912500 0.257498000
v -0.039121000 -0.007000500 0.258728000
v -0.034171000 -0.007017500 0.253820000
v -0.034253000 0.005014500 0.252885000
v -0.034591000 0.006319500 0.253555000
v -0.035992000 -0.002365500 0.255352000
v -0.026514000 0.022263500 0.256662000
v -0.038755000 0.017397500 0.258464000
v -0.044896000 0.004555500 0.260215000
v -0.037514000 0.023192500 0.258704000
v -0.034936000 0.028334500 0.257996000
v -0.037435000 0.009156500 0.256463000
v -0.040688000 0.018155500 0.258171000
v -0.042406000 0.008381500 0.259377000
v -0.037901000 0.014018500 0.257943000
v -0.042945000 0.015806500 0.257900000
v 0.028355000 -0.032188500 0.260123000
v 0.016735000 -0.044475500 0.258219000
v 0.025999000 -0.024493500 0.257141000
v 0.026625000 -0.027308500 0.259634000
v 0.028177000 -0.028767500 0.260667000
v 0.043472000 -0.020028500 0.197290000
v 0.030786000 -0.034460500 0.215150000
v 0.031278000 -0.034448500 0.212678000
v 0.046881000 0.001991500 0.257917000
v 0.045363000 0.000060500 0.259292000
v -0.014049000 -0.033851500 0.253177000
v -0.039125000 -0.019294500 0.260157000
v -0.037850000 -0.017441500 0.259250000
v -0.051586000 -0.008468500 0.255913000
v -0.025019000 -0.042634500 0.259180000
v 0.009285000 0.025470500 0.140826000
v 0.008432000 -0.045627500 0.193648000
v 0.007821000 -0.041956500 0.186254000
v 0.012041000 -0.043274500 0.190956000
v -0.001758000 -0.047103500 0.221713000
v 0.024824000 -0.042315500 0.245230000
v -0.023232000 -0.027569500 0.255751000
v 0.004764000 0.004760500 0.240384000
v 0.025246000 -0.022020500 0.253867000
v 0.027739000 -0.019689500 0.254471000
v 0.026680000 -0.037861500 0.218003000
v 0.001924000 -0.030817500 0.251996000
v -0.018949000 0.020501500 0.250723000
v -0.001131000 -0.009487500 0.240945000
v -0.003334000 -0.006676500 0.240409000
v -0.025502000 0.011896500 0.247656000
v -0.010155000 0.022743500 0.249563000
v 0.007955000 0.017943500 0.246269000
v -0.031113000 0.032783500 0.236797000
v -0.020266000 0.039570500 0.256744000
v -0.023763000 0.038025500 0.246745000
v -0.032517000 -0.004897500 0.252262000
v -0.029628000 -0.002530500 0.249742000
v -0.050417000 -0.005952500 0.257841000
v -0.020072000 -0.043833500 0.229302000
v -0.017645000 -0.044289500 0.230592000
v -0.018881000 0.023130500 0.165787000
v -0.015093000 0.023119500 0.157740000
v 0.002045000 -0.030751500 0.159842000
v -0.031227000 -0.005936500 0.135124000
v -0.024155000 -0.054319500 0.024582000
v -0.028679000 -0.052470500 0.021272000
v -0.029760000 -0.052135500 0.025609000
v -0.033064000 -0.050397500 0.021202000
v 0.014766000 -0.039447500 0.098684000
v 0.024129000 -0.023219500 0.126108000
v 0.014331000 -0.045173500 0.197140000
v 0.017289000 -0.043637500 0.197165000
v -0.000182000 -0.060287500 0.042247000
v -0.028455000 0.011517500 0.125574000
v -0.038901000 -0.044961500 0.054051000
v -0.036915000 -0.049775500 0.043554000
v -0.034324000 -0.051032500 0.039961000
v 0.005768000 -0.029307500 0.142178000
v -0.053970000 -0.032168500 0.006822000
v -0.052404000 -0.037417500 0.004406000
v 0.024998000 -0.031225500 0.260769000
v 0.022036000 -0.035353500 0.261170000
v -0.049681000 -0.039453500 0.005117000
v -0.051364000 0.006200500 0.063440000
v -0.054338000 0.004770500 0.059333000
v -0.033883000 0.002327500 0.252792000
v -0.032343000 0.002926500 0.251107000
v -0.042358000 -0.046184500 0.035327000
v -0.042577000 -0.046298500 0.041382000
v 0.028913000 0.032714500 0.243258000
v 0.019262000 0.036715500 0.259729000
v 0.043741000 0.011863500 0.258711000
v 0.047344000 -0.001038500 0.220559000
v 0.048422000 0.037702500 0.051580000
v 0.053330000 0.032578500 0.049642000
v 0.047980000 -0.010170500 0.199374000
v 0.048342000 -0.005796500 0.198878000
v 0.058657000 0.014653500 0.056983000
v 0.061918000 -0.011484500 0.025000000
v 0.061930000 0.020365500 0.044098000
v 0.067647000 0.006316500 0.009600000
v 0.067775000 0.003420500 0.007975000
v -0.062005000 -0.011315500 0.010082000
v -0.062850000 -0.010385500 0.007418000
v -0.063258000 -0.013297500 0.005250000
v 0.048655000 -0.013626500 0.076218000
v 0.058252000 -0.022453500 0.026848000
v -0.013892000 -0.058387500 0.018174000
v 0.048327000 0.001950500 0.255645000
v -0.007389000 -0.056186500 0.053737000
v -0.035270000 -0.049299500 0.049779000
v -0.012182000 -0.027469500 0.161905000
v -0.012724000 -0.029525500 0.126414000
v -0.039722000 -0.026097500 0.086777000
v -0.037176000 -0.029973500 0.085822000
v -0.032274000 -0.000495500 0.141569000
v -0.040233000 -0.006581500 0.106452000
v -0.030458000 -0.016982500 0.117606000
v -0.035685000 -0.013254500 0.111248000
v -0.034177000 -0.015771500 0.110755000
v -0.043417000 0.014881500 0.206810000
v -0.018666000 0.021137500 0.158904000
v -0.026581000 0.002026500 0.247601000
v -0.027069000 0.005513500 0.247740000
v 0.014980000 0.010829500 0.245426000
v -0.015940000 0.037720500 0.260944000
v 0.025836000 0.012890500 0.253883000
v 0.024049000 0.019372500 0.255438000
v 0.018107000 0.025194500 0.256267000
v 0.018808000 0.023830500 0.255532000
v 0.019179000 0.026053500 0.257878000
v 0.022307000 0.017604500 0.252759000
v 0.018254000 -0.042488500 0.259251000
v 0.018874000 -0.042832500 0.258223000
v 0.027774000 -0.011436500 0.251124000
v -0.003681000 -0.047323500 0.225684000
v 0.000476000 -0.048029500 0.211904000
v -0.000967000 -0.047015500 0.216716000
v -0.001327000 -0.048464500 0.209162000
v -0.007702000 -0.047047500 0.198408000
v -0.004961000 -0.046589500 0.196091000
v -0.012820000 -0.045732500 0.231052000
v -0.014003000 -0.045368500 0.234316000
v -0.022362000 -0.042790500 0.221023000
v -0.016643000 -0.043869500 0.198459000
v -0.020499000 -0.042521500 0.201936000
v -0.028491000 -0.031010500 0.190622000
v -0.033922000 -0.019558500 0.181954000
v -0.029058000 -0.034222500 0.199179000
v -0.027377000 -0.040226500 0.230221000
v -0.029015000 -0.039107500 0.228095000
v -0.022306000 -0.042465500 0.224835000
v -0.021221000 -0.043371500 0.226803000
v -0.046306000 -0.008342500 0.206734000
v -0.046468000 -0.010163500 0.210803000
v -0.047054000 -0.017004500 0.226700000
v -0.031486000 -0.040071500 0.249547000
v -0.022050000 -0.043325500 0.239677000
v -0.040475000 -0.031487500 0.244402000
v -0.046337000 -0.025737500 0.249189000
v -0.045699000 -0.024562500 0.258307000
v -0.053029000 -0.035010500 0.005707000
v 0.028816000 0.055161500 0.000929000
v 0.046746000 -0.019998500 0.072419000
v 0.045954000 -0.020633500 0.074054000
v -0.030058000 0.048880500 0.015358000
v 0.065820000 -0.003242500 0.017974000
v 0.062486000 -0.020148500 0.004541000
v -0.027237000 0.051620500 0.004906000
v 0.049887000 -0.022361500 0.064034000
v 0.057561000 -0.030096500 0.012750000
v 0.053718000 -0.034409500 0.016435000
v 0.044491000 -0.012264500 0.100055000
v 0.046028000 -0.012466500 0.095386000
v 0.045285000 -0.009197500 0.100497000
v 0.029257000 -0.013783500 0.161290000
v 0.035817000 -0.021518500 0.107330000
v 0.041872000 -0.019586500 0.097889000
v 0.049351000 0.004673500 0.086919000
v 0.030021000 -0.011076500 0.156475000
v 0.050585000 0.007658500 0.073497000
v 0.042576000 0.017758500 0.198732000
v 0.043402000 -0.018788500 0.218881000
v 0.031029000 -0.010150500 0.161999000
v 0.043290000 -0.007635500 0.105376000
v 0.045624000 -0.003413500 0.101991000
v 0.043500000 0.016858500 0.094798000
v -0.044791000 -0.027939500 0.251907000
v -0.051554000 -0.014125500 0.254130000
v -0.011798000 -0.045981500 0.221354000
v -0.016214000 -0.045049500 0.221283000
v -0.018131000 -0.044199500 0.233109000
v 0.008401000 -0.047154500 0.227253000
v 0.003963000 -0.048096500 0.231563000
v 0.010897000 -0.044469500 0.259696000
v 0.011954000 -0.041341500 0.261305000
v -0.010864000 -0.046885500 0.239746000
v 0.044776000 -0.021522500 0.076326000
v -0.026790000 -0.017828500 0.252317000
v -0.014584000 0.001285500 0.243459000
v 0.012274000 0.018916500 0.247898000
v 0.042666000 0.009305500 0.189584000
v 0.063969000 -0.011343500 0.017839000
v 0.064168000 -0.002787500 0.024643000
v 0.059080000 0.006216500 0.058978000
v 0.034458000 0.000467500 0.168641000
v 0.066098000 0.013853500 0.013589000
v -0.018747000 -0.021878500 0.154074000
v -0.046819000 -0.007464500 0.080323000
v -0.019493000 -0.021198500 0.142651000
v -0.032445000 -0.046343500 0.059489000
v -0.027093000 -0.048359500 0.060682000
v -0.026045000 -0.014765500 0.155199000
v -0.025561000 -0.014389500 0.150094000
v 0.065043000 0.011680500 0.043925000
v 0.044266000 -0.014373500 0.213705000
v 0.063317000 0.014944500 0.032862000
v 0.063543000 -0.004775500 0.025801000
v 0.064321000 0.001404500 0.051275000
v -0.015940000 0.039231500 0.208004000
v -0.018296000 0.038291500 0.207039000
v -0.016435000 0.039308500 0.205297000
v 0.002398000 0.039321500 0.191753000
v 0.014483000 0.038207500 0.204305000
v -0.004378000 0.040338500 0.192760000
v -0.001433000 0.041141500 0.196920000
v -0.007285000 0.041964500 0.199409000
v -0.013888000 0.040552500 0.201978000
v -0.009211000 0.042097500 0.205832000
v 0.012408000 0.038681500 0.208929000
v -0.004683000 0.042114500 0.205112000
v 0.007357000 0.039916500 0.204362000
v 0.032398000 0.030053500 0.206982000
v 0.029660000 0.031826500 0.208454000
v 0.024819000 0.034519500 0.210440000
v 0.027993000 0.033229500 0.206019000
v -0.021286000 0.036756500 0.197343000
v -0.020281000 0.037593500 0.202499000
v -0.029017000 0.030729500 0.194805000
v 0.016054000 0.036885500 0.194773000
v -0.013050000 0.040116500 0.195854000
v -0.032662000 0.022832500 0.187238000
v 0.017281000 0.034506500 0.188560000
v -0.027201000 0.028462500 0.187313000
v 0.023126000 0.034442500 0.194816000
v 0.006058000 0.028745500 0.170298000
v -0.012013000 0.031717500 0.177674000
v 0.044862000 -0.018115500 0.251924000
v 0.042749000 -0.021065500 0.242482000
v 0.011292000 -0.047044500 0.258567000
v 0.044078000 -0.018229500 0.256118000
v 0.049220000 -0.000230500 0.253035000
v 0.049625000 -0.002889500 0.249521000
v 0.047257000 -0.001864500 0.257158000
v 0.046876000 0.000698500 0.211872000
v 0.035894000 0.023001500 0.259517000
v 0.044377000 0.005587500 0.259802000
v 0.041699000 0.015891500 0.258430000
v -0.011577000 0.051266500 0.054676000
v -0.008750000 0.052737500 0.053117000
v 0.029179000 0.008054500 0.145504000
v -0.003614000 0.053104500 0.055909000
v 0.014690000 0.049410500 0.064660000
v 0.011204000 0.051336500 0.062494000
v -0.003557000 0.050644500 0.061199000
v 0.007983000 0.052992500 0.059618000
v 0.012415000 0.054090500 0.057279000
v 0.005822000 0.050165500 0.065276000
v 0.017120000 0.046638500 0.068334000
v 0.017352000 0.051861500 0.059822000
v 0.013354000 0.045075500 0.075289000
v 0.008574000 0.046019500 0.075186000
v -0.001117000 0.048134500 0.067906000
v 0.004779000 0.047359500 0.071794000
v 0.000340000 0.040981500 0.097351000
v 0.029658000 0.031355500 0.098953000
v 0.033072000 0.029686500 0.096078000
v 0.030290000 0.033706500 0.091281000
v 0.032461000 0.035622500 0.073621000
v 0.035944000 0.034636500 0.069946000
v 0.032108000 0.033519500 0.085949000
v 0.031551000 0.038087500 0.069853000
v 0.037820000 0.040647500 0.060835000
v 0.041699000 0.040849500 0.056976000
v 0.039188000 0.045268500 0.052788000
v 0.033541000 0.044818500 0.059980000
v 0.033260000 0.040351500 0.065187000
v 0.024223000 0.045273500 0.065540000
v 0.029145000 0.038381500 0.072409000
v 0.029298000 0.037137500 0.076882000
v 0.028729000 0.049008500 0.057959000
v 0.026496000 0.041351500 0.069882000
v 0.028484000 0.045755500 0.061955000
v 0.019017000 0.048711500 0.063783000
v 0.023399000 0.049378500 0.060668000
v 0.023937000 0.039837500 0.079486000
v 0.022288000 0.041960500 0.074120000
v 0.018589000 0.042279500 0.079722000
v 0.012486000 0.041544500 0.093783000
v 0.018908000 0.038970500 0.096171000
v 0.023519000 0.038921500 0.088342000
v 0.026850000 0.038460500 0.078310000
v 0.025355000 0.035037500 0.098051000
v 0.028636000 0.036699500 0.083396000
v 0.040308000 0.036568500 0.062889000
v 0.036488000 0.031793500 0.074830000
v 0.040197000 0.029662500 0.071013000
v 0.036741000 0.030232500 0.080016000
v 0.038894000 0.027371500 0.082654000
v 0.045127000 0.021096500 0.073822000
v 0.039682000 0.033408500 0.066857000
v 0.042195000 0.025588500 0.074083000
v 0.043810000 0.027931500 0.067006000
v 0.041200000 0.038557500 0.060148000
v 0.043987000 0.031623500 0.063607000
v 0.047333000 0.026768500 0.063653000
v 0.045411000 0.035183500 0.059108000
v 0.047729000 0.029967500 0.060883000
v 0.045243000 0.018515500 0.079300000
v 0.047858000 0.015472500 0.074196000
v 0.043602000 0.019489500 0.087421000
v 0.045601000 0.015100500 0.089248000
v 0.039636000 0.021213500 0.098130000
v 0.040009000 0.024588500 0.089752000
v 0.041783000 0.020601500 0.093492000
v 0.034709000 0.006252500 0.123998000
v 0.034306000 0.016170500 0.115108000
v 0.032899000 0.014302500 0.120278000
v 0.034779000 0.011701500 0.119107000
v 0.034691000 0.009213500 0.122005000
v 0.041272000 0.018827500 0.097450000
v 0.041011000 0.015447500 0.102905000
v 0.037061000 0.020770500 0.104266000
v 0.034762000 0.019771500 0.110172000
v 0.036204000 0.025429500 0.098165000
v 0.033573000 0.023703500 0.106134000
v 0.031882000 0.027896500 0.102068000
v 0.026958000 0.011869500 0.147479000
v 0.027467000 0.013285500 0.137570000
v 0.029298000 0.018816500 0.121127000
v 0.029341000 0.007980500 0.155260000
v 0.026835000 0.012168500 0.153826000
v 0.026652000 0.013678500 0.160603000
v 0.010313000 0.030073500 0.175559000
v 0.025274000 0.014837500 0.143191000
v 0.030327000 0.007319500 0.160689000
v 0.029635000 0.028402500 0.189284000
v -0.047768000 -0.043918500 0.001957000
v 0.031889000 0.023921500 0.185526000
v 0.027502000 0.011693500 0.142832000
v 0.027867000 0.020313500 0.175442000
v 0.029499000 0.011256500 0.164561000
v 0.028436000 0.010597500 0.158897000
v 0.030525000 0.016651500 0.174577000
v 0.029378000 0.009363500 0.140711000
v 0.034289000 0.004131500 0.169939000
v 0.031947000 0.007983500 0.167094000
v 0.031652000 -0.000026500 0.147616000
v 0.032044000 0.004483500 0.163428000
v 0.033276000 0.002713500 0.133333000
v 0.029814000 0.009648500 0.136997000
v 0.030706000 0.007041500 0.138698000
v 0.031499000 0.000150500 0.152705000
v 0.028463000 0.009018500 0.150333000
v 0.032021000 0.003522500 0.138310000
v 0.030284000 0.010897500 0.132933000
v 0.028771000 0.013700500 0.132161000
v 0.026399000 0.016520500 0.132370000
v 0.015920000 0.022198500 0.146389000
v 0.024661000 0.014904500 0.149301000
v 0.023057000 0.024610500 0.176075000
v 0.018957000 0.023941500 0.170647000
v 0.009789000 0.026872500 0.167997000
v 0.014506000 0.025669500 0.169714000
v 0.009248000 0.025748500 0.163129000
v 0.011292000 0.024405500 0.159111000
v 0.006932000 0.027521500 0.130366000
v 0.030962000 0.021440500 0.113992000
v 0.023474000 0.021696500 0.126467000
v 0.022276000 0.020396500 0.132843000
v 0.020720000 0.022896500 0.128992000
v 0.022086000 0.023760500 0.124228000
v 0.024238000 0.033617500 0.102039000
v 0.026110000 0.026415500 0.112623000
v 0.026627000 0.030802500 0.104628000
v 0.021904000 0.025973500 0.119395000
v 0.017154000 0.027761500 0.121331000
v 0.025846000 0.022612500 0.120346000
v -0.023657000 0.018208500 0.118502000
v -0.030591000 0.016568500 0.102146000
v -0.025594000 0.020939500 0.105388000
v -0.025258000 0.018339500 0.111743000
v -0.017624000 0.030636500 0.104021000
v -0.027958000 0.013045500 0.118075000
v -0.007275000 0.027579500 0.121347000
v 0.019010000 0.021014500 0.140968000
v 0.011445000 0.030591500 0.118499000
v 0.013090000 0.032678500 0.112793000
v 0.014970000 0.034839500 0.107784000
v -0.021197000 0.024785500 0.108406000
v -0.017163000 0.033880500 0.096502000
v -0.012054000 0.037131500 0.096818000
v 0.013249000 0.037974500 0.102875000
v 0.007025000 0.035737500 0.108998000
v 0.007876000 0.029419500 0.123356000
v 0.009042000 0.032363500 0.115211000
v 0.004777000 0.032016500 0.117182000
v -0.002173000 0.034209500 0.111288000
v -0.012413000 0.032152500 0.108911000
v -0.009447000 0.036179500 0.103252000
v -0.005905000 0.031671500 0.114144000
v -0.008239000 0.029552500 0.116388000
v -0.017131000 0.022860500 0.122732000
v -0.013050000 0.025327500 0.121887000
v 0.011371000 0.034833500 0.109475000
v 0.012698000 0.028661500 0.123226000
v 0.010303000 0.027639500 0.128283000
v 0.011902000 0.024040500 0.146164000
v -0.002482000 0.028583500 0.123046000
v 0.002384000 0.029097500 0.124318000
v -0.002475000 0.025330500 0.149565000
v -0.008941000 0.027660500 0.120074000
v -0.008013000 0.024065500 0.138523000
v 0.000529000 0.026173500 0.137638000
v -0.013086000 0.022584500 0.147442000
v -0.012215000 0.023362500 0.152056000
v -0.008045000 0.038893500 0.097386000
v -0.004096000 0.038181500 0.102621000
v -0.002400000 0.027011500 0.128241000
v 0.001284000 0.025662500 0.143921000
v 0.005073000 0.028360500 0.127189000
v 0.005327000 0.026337500 0.137566000
v -0.007588000 0.024867500 0.131407000
v 0.006013000 0.025319500 0.146729000
v -0.002851000 0.033737500 0.178747000
v 0.002286000 0.025473500 0.149559000
v -0.024144000 0.025178500 0.178707000
v -0.011012000 0.024589500 0.156386000
v -0.010620000 0.025926500 0.161717000
v -0.010261000 0.028092500 0.168582000
v -0.022117000 0.023640500 0.172491000
v -0.025722000 0.021598500 0.174497000
v -0.020058000 0.018703500 0.154321000
v -0.007588000 0.024609500 0.150290000
v -0.012115000 0.022740500 0.142419000
v 0.004561000 0.025460500 0.152560000
v 0.005971000 0.025763500 0.158877000
v 0.017583000 0.022418500 0.164541000
v -0.000280000 0.031244500 0.118102000
v -0.004103000 0.024967500 0.142698000
v -0.011531000 0.024133500 0.128035000
v -0.007042000 0.026642500 0.124208000
v -0.009649000 0.023767500 0.145534000
v -0.024611000 0.013296500 0.146012000
v -0.016784000 0.026103500 0.114728000
v -0.012783000 0.022593500 0.135296000
v -0.029871000 0.008182500 0.130417000
v -0.030063000 0.006388500 0.157099000
v -0.028021000 0.008001500 0.150825000
v -0.020297000 0.017799500 0.144816000
v -0.029135000 0.006182500 0.145295000
v -0.026481000 0.011729500 0.156583000
v -0.030315000 0.008404500 0.162298000
v -0.032996000 0.003241500 0.162993000
v -0.021905000 0.017140500 0.134053000
v -0.031430000 0.007689500 0.121683000
v 0.052401000 0.035383500 0.025302000
v -0.043652000 0.012264500 0.201128000
v 0.036568000 0.012828500 0.180340000
v -0.014378000 0.026055500 0.166856000
v -0.018786000 0.026672500 0.173860000
v 0.037200000 0.016904500 0.109234000
v -0.027348000 0.022244500 0.099637000
v -0.027166000 0.025854500 0.094501000
v 0.043679000 0.016271500 0.237375000
v 0.048183000 -0.005007500 0.224983000
v -0.039905000 0.012420500 0.092645000
v -0.032647000 0.007596500 0.114922000
v -0.036168000 0.013212500 0.098275000
v -0.031969000 0.019654500 0.095959000
v -0.028822000 0.015383500 0.107414000
v 0.042188000 0.013850500 0.259115000
v 0.041463000 0.020679500 0.249917000
v -0.040307000 0.015324500 0.086969000
v -0.045285000 0.011620500 0.073554000
v -0.041738000 0.014463500 0.082305000
v -0.046200000 0.016950500 0.065811000
v -0.044718000 0.020557500 0.065051000
v -0.042255000 0.020258500 0.071502000
v -0.037398000 0.023113500 0.079804000
v -0.040317000 0.019271500 0.078967000
v -0.030205000 0.026629500 0.088979000
v -0.034049000 0.020515500 0.092016000
v -0.023650000 0.034656500 0.081847000
v -0.034842000 0.025770500 0.080721000
v -0.030587000 0.029066500 0.082673000
v -0.042933000 0.015711500 0.076254000
v -0.035504000 0.018448500 0.092955000
v 0.011807000 0.043093500 0.086824000
v 0.016548000 0.041651500 0.088203000
v 0.013947000 0.043339500 0.082203000
v 0.005171000 0.045066500 0.079001000
v 0.000586000 0.044085500 0.083132000
v 0.009866000 0.044422500 0.080916000
v -0.000840000 0.042605500 0.090598000
v 0.002717000 0.042702500 0.091747000
v 0.007033000 0.043416500 0.088344000
v -0.004906000 0.041366500 0.092753000
v -0.011322000 0.039911500 0.089439000
v -0.023608000 0.031759500 0.090120000
v -0.031534000 0.033401500 0.068709000
v -0.016412000 0.042249500 0.069251000
v -0.025764000 0.035226500 0.074618000
v -0.005163000 0.043749500 0.079674000
v 0.030533000 0.032358500 0.242161000
v -0.008785000 0.048086500 0.063359000
v -0.009090000 0.042849500 0.078306000
v -0.014246000 0.040912500 0.077587000
v -0.023647000 0.038677500 0.068568000
v -0.020240000 0.044644500 0.059785000
v -0.024437000 0.047193500 0.050714000
v -0.023512000 0.045269500 0.055471000
v -0.016011000 0.048768500 0.056254000
v -0.008501000 0.051019500 0.057491000
v -0.008975000 0.044648500 0.071800000
v -0.002747000 0.045134500 0.075586000
v 0.018212000 0.044226500 0.073009000
v -0.025240000 0.041853500 0.059690000
v -0.045480000 0.033483500 0.049372000
v -0.038860000 0.037406500 0.052198000
v -0.049792000 0.031410500 0.045572000
v -0.049569000 0.028100500 0.050883000
v -0.045280000 0.025398500 0.058472000
v -0.043538000 0.028504500 0.057826000
v -0.052404000 0.022532500 0.052624000
v -0.048236000 0.024555500 0.055451000
v -0.031816000 0.037314500 0.060391000
v -0.046803000 0.021980500 0.059678000
v -0.038551000 0.033269500 0.058598000
v -0.055622000 0.016874500 0.052595000
v -0.053392000 0.027068500 0.046254000
v -0.055630000 0.024501500 0.044551000
v -0.058662000 0.020943500 0.035595000
v -0.061954000 0.008080500 0.034938000
v -0.047454000 -0.041527500 0.042947000
v -0.054142000 -0.032699500 0.036906000
v -0.051966000 -0.035479500 0.030453000
v -0.061343000 -0.014323500 0.035674000
v -0.061519000 -0.011596500 0.041481000
v -0.057819000 -0.015554500 0.051585000
v -0.061674000 0.004637500 0.041216000
v -0.051972000 -0.034978500 0.008536000
v -0.061236000 0.013665500 0.033740000
v -0.062817000 0.002750500 0.030998000
v -0.042508000 0.010129500 0.088174000
v -0.038508000 0.003249500 0.106285000
v -0.036803000 0.007157500 0.104530000
v -0.041725000 0.001109500 0.100035000
v -0.043835000 0.003965500 0.090971000
v -0.034755000 0.008073500 0.107743000
v -0.031444000 -0.007898500 0.160341000
v -0.010777000 -0.032597500 0.172576000
v -0.024706000 0.015943500 0.125365000
v -0.013352000 -0.038852500 0.185515000
v -0.029840000 -0.007366500 0.141251000
v -0.006802000 -0.032900500 0.121971000
v -0.006171000 -0.034509500 0.116932000
v 0.001767000 -0.043539500 0.092236000
v -0.004088000 -0.045754500 0.078260000
v -0.020774000 -0.043038500 0.075531000
v -0.027682000 -0.043711500 0.069715000
v -0.001293000 -0.045398500 0.081273000
v 0.000053000 -0.046378500 0.076168000
v -0.001522000 -0.047139500 0.072738000
v 0.006375000 -0.047485500 0.070281000
v -0.042343000 -0.044399500 0.050681000
v -0.031446000 -0.031881500 0.092131000
v -0.040757000 -0.038896500 0.061815000
v -0.049627000 -0.007272500 0.069924000
v -0.055442000 -0.020004500 0.054380000
v -0.051594000 -0.018854500 0.061924000
v -0.059047000 -0.004780500 0.051541000
v -0.044729000 0.005948500 0.083382000
v -0.044742000 0.016664500 0.069593000
v -0.055804000 0.010061500 0.055508000
v -0.059119000 0.010674500 0.048479000
v -0.057881000 -0.001701500 0.054256000
v -0.054453000 -0.002163500 0.060215000
v -0.042427000 -0.003376500 0.099888000
v -0.051750000 -0.010528500 0.064516000
v -0.059219000 0.017492500 0.041912000
v -0.052452000 0.012836500 0.058698000
v 0.025493000 -0.021166500 0.128842000
v 0.030821000 -0.013727500 0.130596000
v 0.027966000 -0.018096500 0.130647000
v -0.015537000 -0.026142500 0.163391000
v 0.032376000 -0.022146500 0.112218000
v 0.028691000 -0.022975500 0.117407000
v 0.020732000 -0.026534500 0.124119000
v 0.026281000 -0.030387500 0.107076000
v 0.023306000 -0.033781500 0.103867000
v 0.018393000 -0.029335500 0.120511000
v 0.024992000 -0.029028500 0.111438000
v 0.025635000 -0.026696500 0.115263000
v 0.019303000 -0.027778500 0.123217000
v 0.015603000 -0.029383500 0.124126000
v 0.018282000 -0.031035500 0.115990000
v 0.025928000 -0.018309500 0.138269000
v 0.024922000 -0.020869500 0.132943000
v 0.012598000 -0.026925500 0.141916000
v 0.022661000 -0.021923500 0.136370000
v 0.010344000 -0.027640500 0.145203000
v -0.006316000 -0.033256500 0.171049000
v 0.007397000 -0.033831500 0.171864000
v 0.021845000 -0.038914500 0.190235000
v 0.016955000 -0.027889500 0.164917000
v 0.021982000 -0.023608500 0.130453000
v 0.015245000 -0.026830500 0.159218000
v 0.000631000 -0.030087500 0.155158000
v 0.016383000 -0.025291500 0.154876000
v 0.018173000 -0.041756500 0.192065000
v -0.000870000 -0.036698500 0.176769000
v -0.019791000 -0.023254500 0.163207000
v -0.013367000 -0.025299500 0.153079000
v -0.030711000 -0.003255500 0.147213000
v 0.027141000 -0.015737500 0.152320000
v 0.022655000 -0.024260500 0.166273000
v 0.024627000 -0.018959500 0.151197000
v 0.031704000 -0.007769500 0.140373000
v 0.031952000 -0.001093500 0.157041000
v 0.032377000 -0.003638500 0.143758000
v 0.032944000 0.006921500 0.129504000
v 0.031605000 -0.004689500 0.148709000
v 0.034547000 0.001717500 0.127412000
v 0.030474000 0.004447500 0.150771000
v 0.031804000 -0.002808500 0.147743000
v 0.032839000 -0.000641500 0.137779000
v 0.033095000 -0.001190500 0.163017000
v 0.037850000 0.001774500 0.176543000
v 0.032113000 -0.010088500 0.166761000
v 0.030868000 -0.008018500 0.150819000
v 0.032005000 0.001241500 0.142777000
v 0.028465000 -0.013934500 0.154200000
v 0.030094000 -0.013690500 0.165633000
v 0.027799000 -0.016816500 0.163527000
v 0.030540000 -0.010397500 0.145523000
v 0.034246000 -0.017225500 0.178165000
v 0.032315000 -0.023364500 0.180929000
v 0.027023000 -0.016630500 0.143535000
v 0.030321000 -0.012702500 0.135298000
v 0.027124000 -0.016695500 0.157553000
v 0.032389000 -0.033475500 0.196226000
v 0.022975000 -0.020776500 0.141240000
v 0.032379000 -0.013407500 0.170953000
v 0.028847000 -0.033398500 0.188594000
v 0.034581000 -0.009085500 0.125512000
v 0.035279000 -0.006312500 0.124966000
v 0.032863000 -0.009892500 0.129883000
v 0.007607000 -0.029732500 0.134966000
v 0.027728000 -0.020713500 0.124051000
v 0.030098000 -0.012125500 0.139602000
v 0.033886000 -0.001712500 0.131841000
v 0.032572000 -0.007703500 0.134509000
v 0.043133000 0.000928500 0.106715000
v 0.035251000 -0.010574500 0.121395000
v 0.032314000 -0.018068500 0.118628000
v 0.035659000 -0.017616500 0.112486000
v 0.038766000 -0.017079500 0.107374000
v 0.034610000 -0.032592500 0.203521000
v 0.041085000 -0.016974500 0.103061000
v 0.030851000 -0.024935500 0.110423000
v 0.031871000 -0.026209500 0.106837000
v 0.042021000 -0.012699500 0.105196000
v 0.041646000 -0.003967500 0.109618000
v 0.038992000 0.001688500 0.115272000
v 0.036485000 -0.011351500 0.177391000
v 0.039050000 -0.005954500 0.114886000
v 0.037126000 -0.008735500 0.118406000
v 0.035997000 -0.007932500 0.122243000
v 0.040476000 0.004890500 0.110967000
v 0.037001000 0.006172500 0.118030000
v 0.041393000 0.009271500 0.107153000
v 0.035289000 -0.002846500 0.125980000
v 0.036901000 0.000630500 0.120799000
v 0.038053000 0.011462500 0.112227000
v 0.039441000 -0.024966500 0.211315000
v 0.044687000 -0.017077500 0.093617000
v 0.042554000 -0.021777500 0.091099000
v 0.043098000 -0.026011500 0.072307000
v 0.043635000 -0.024297500 0.074558000
v 0.043726000 -0.027010500 0.069005000
v 0.044930000 -0.022978500 0.072341000
v 0.047025000 -0.015648500 0.082357000
v 0.040564000 -0.025685500 0.086945000
v 0.040504000 -0.026715500 0.080435000
v 0.036748000 -0.029808500 0.085308000
v 0.037856000 -0.028181500 0.089130000
v 0.029554000 -0.029543500 0.104170000
v 0.040861000 -0.022621500 0.095197000
v 0.038983000 -0.025846500 0.092694000
v 0.032594000 -0.032986500 0.088603000
v 0.025582000 -0.037067500 0.091684000
v 0.026613000 -0.038464500 0.078933000
v 0.028335000 -0.037983500 0.074922000
v 0.015488000 -0.042233500 0.086075000
v 0.004513000 -0.044683500 0.085016000
v 0.017787000 -0.042122500 0.082669000
v 0.014232000 -0.042456500 0.087770000
v 0.021573000 -0.044611500 0.067647000
v 0.004307000 -0.045365500 0.079617000
v 0.022766000 -0.041037500 0.075431000
v 0.020231000 -0.043423500 0.071486000
v 0.024059000 -0.046538500 0.062510000
v 0.041243000 -0.028787500 0.071248000
v 0.025465000 -0.040932500 0.071014000
v 0.031715000 -0.037671500 0.070070000
v 0.039152000 -0.040435500 0.058536000
v 0.028958000 -0.044666500 0.061612000
v 0.035057000 -0.044212500 0.057547000
v 0.047028000 -0.041661500 0.043381000
v 0.046280000 -0.028752500 0.063491000
v 0.043015000 -0.036282500 0.059494000
v 0.031875000 -0.041223500 0.063749000
v 0.036503000 -0.038145500 0.063806000
v 0.039928000 -0.032622500 0.067455000
v 0.033435000 -0.033817500 0.078075000
v 0.032049000 -0.035539500 0.075229000
v 0.023063000 -0.055781500 0.046295000
v -0.025872000 0.051862500 0.009880000
v 0.038171000 -0.048689500 0.044557000
v 0.033117000 -0.052070500 0.036475000
v -0.059071000 -0.019657500 0.045365000
v -0.024838000 0.048618500 0.026737000
v 0.043640000 -0.044257500 0.045722000
v 0.038024000 -0.046851500 0.050279000
v 0.043035000 -0.045263500 0.041345000
v 0.042273000 -0.041515500 0.053781000
v 0.032939000 -0.048767500 0.052366000
v 0.029077000 -0.052465500 0.048784000
v 0.009084000 -0.056659500 0.053370000
v -0.003022000 -0.058564500 0.049927000
v 0.027952000 -0.049055500 0.056371000
v -0.039168000 -0.047756500 0.047538000
v -0.019424000 -0.044012500 0.073668000
v 0.019423000 -0.039349500 0.094345000
v 0.001247000 -0.052363500 0.061688000
v 0.015277000 -0.051243500 0.060365000
v -0.002601000 -0.055161500 0.056893000
v -0.008479000 -0.057776500 0.049444000
v 0.008546000 -0.050071500 0.064571000
v -0.043927000 -0.044685500 0.045573000
v -0.062383000 -0.003291500 0.035200000
v -0.016128000 -0.057812500 0.031864000
v -0.014440000 0.052564500 0.027445000
v -0.055750000 -0.028105500 0.009878000
v -0.030039000 -0.006438500 0.152442000
v -0.052308000 -0.010331500 0.252403000
v -0.024223000 -0.022874500 0.170068000
v -0.063638000 0.008596500 0.010455000
v -0.062718000 0.007414500 0.025265000
v -0.000118000 0.042804500 0.232138000
v 0.011097000 -0.032574500 0.170803000
v -0.046418000 0.036176500 0.037711000
v 0.019830000 0.057050500 0.009868000
v 0.046259000 0.044368500 0.009349000
v 0.036725000 0.051347500 0.002469000
v -0.036145000 -0.006812500 0.175447000
v -0.035188000 0.047293500 0.001595000
v -0.064942000 0.008918500 0.004285000
v 0.032393000 -0.050609500 0.024662000
v -0.001739000 -0.060168500 0.032200000
v 0.031522000 -0.031698500 0.190203000
v -0.046266000 0.004030500 0.078717000
v -0.024103000 0.034058500 0.193496000
v -0.032559000 -0.002308500 0.134033000
v -0.049766000 -0.017895500 0.257157000
v -0.050864000 0.002186500 0.254240000
v -0.052631000 -0.009929500 0.244370000
v -0.052788000 -0.005693500 0.247230000
v -0.036531000 0.041179500 0.048159000
v -0.033079000 0.006870500 0.168797000
v -0.042099000 0.001390500 0.192327000
v -0.045510000 0.006381500 0.201389000
v -0.035308000 0.008429500 0.178822000
v -0.027494000 0.013558500 0.164913000
v 0.031667000 -0.003623500 0.153429000
v 0.009989000 -0.047844500 0.206784000
v 0.020033000 -0.044358500 0.255900000
v 0.020533000 0.057339500 0.001592000
v 0.025993000 0.055588500 0.006496000
v 0.007100000 0.060774500 0.000333000
v 0.012882000 0.058760500 0.004060000
v 0.022397000 0.056419500 0.018431000
v 0.027669000 0.054977500 0.016206000
v 0.032156000 0.053361500 0.007074000
v 0.013341000 0.058260500 0.010047000
v 0.016160000 0.057500500 0.018198000
v -0.030888000 0.049792500 0.003807000
v -0.023003000 0.018499500 0.163670000
v -0.026993000 0.052238500 0.000189000
v -0.022459000 0.053620500 0.003044000
v -0.008179000 0.034258500 0.180643000
v -0.021557000 0.033503500 0.188635000
v -0.016160000 0.055592500 0.003763000
v -0.014437000 0.028511500 0.172858000
v -0.036211000 0.021801500 0.193059000
v -0.041177000 0.013487500 0.195075000
v -0.009401000 0.057375500 0.005138000
v -0.005559000 0.059127500 0.000292000
v 0.002941000 0.060591500 0.001994000
v -0.000452000 0.059875500 0.002954000
v -0.019392000 0.039610500 0.258433000
v -0.013843000 0.055869500 0.009795000
v -0.011198000 0.040847500 0.260076000
v 0.007920000 0.059405500 0.006258000
v -0.003097000 0.058726500 0.007395000
v 0.013515000 0.040216500 0.258842000
v 0.003192000 0.059223500 0.009541000
v 0.020318000 0.038436500 0.250815000
v 0.033782000 0.052299500 0.017349000
v 0.035228000 0.026904500 0.196440000
v -0.001075000 0.041698500 0.215363000
v 0.050137000 0.040566500 0.013158000
v 0.038950000 -0.049578500 0.005901000
v 0.005748000 0.057709500 0.022435000
v -0.025613000 0.034157500 0.203780000
v -0.000747000 0.058252500 0.015043000
v -0.027044000 0.018083500 0.171153000
v -0.003028000 0.056605500 0.022038000
v -0.034836000 0.046641500 0.009918000
v -0.052074000 -0.003607500 0.237680000
v -0.033928000 -0.052211500 0.005284000
v -0.051329000 -0.036848500 0.006121000
v -0.049342000 -0.038098500 0.008916000
v -0.034442000 0.026475500 0.206563000
v 0.009523000 0.058493500 0.014332000
v -0.053556000 0.031747500 0.002412000
v -0.046104000 0.036908500 0.009912000
v -0.043736000 0.018743500 0.256702000
v -0.028111000 0.035575500 0.256536000
v -0.023094000 0.038053500 0.255706000
v -0.026777000 0.034087500 0.258969000
v -0.051464000 -0.007444500 0.230642000
v -0.049903000 0.003402500 0.230307000
v 0.050493000 -0.039971500 0.006973000
v 0.040854000 -0.048260500 0.012231000
v 0.045693000 -0.043890500 0.013908000
v 0.050207000 -0.039106500 0.015693000
v 0.033888000 -0.052215500 0.002530000
v 0.019701000 -0.058789500 0.006374000
v 0.029648000 -0.053445500 0.033041000
v 0.015587000 -0.059744500 0.010308000
v 0.015532000 -0.059155500 0.015503000
v 0.008000000 -0.060747500 0.007990000
v 0.020000000 -0.057972500 0.015243000
v -0.001440000 -0.060863500 0.002086000
v 0.004373000 -0.060553500 0.001622000
v -0.005768000 -0.060764500 0.004093000
v -0.034814000 -0.050946500 0.009349000
v -0.039087000 -0.050492500 0.002128000
v -0.018511000 -0.058190500 0.009689000
v -0.056432000 -0.029358500 0.005501000
v -0.035784000 -0.051923500 0.002171000
v 0.018151000 -0.057472500 0.019018000
v 0.024794000 -0.056495500 0.015569000
v 0.030530000 -0.052891500 0.018775000
v 0.036813000 -0.050437500 0.015273000
v 0.034905000 -0.050449500 0.019112000
v 0.036987000 -0.048457500 0.020901000
v 0.030493000 -0.054442500 0.013958000
v 0.027165000 -0.053900500 0.021067000
v 0.012477000 -0.058264500 0.023046000
v 0.020125000 -0.056028500 0.021454000
v 0.028242000 -0.053682500 0.029457000
v 0.016529000 -0.057745500 0.027624000
v 0.022585000 -0.055571500 0.026905000
v 0.031516000 -0.051552500 0.022024000
v 0.022744000 -0.055844500 0.019284000
v 0.022916000 -0.056172500 0.032230000
v 0.017472000 -0.057025500 0.023124000
v 0.013390000 -0.058805500 0.019110000
v 0.009286000 -0.058984500 0.025983000
v 0.014408000 -0.058927500 0.032912000
v 0.010554000 -0.060130500 0.014188000
v -0.022707000 -0.057308500 0.007047000
v -0.021529000 -0.057787500 0.002332000
v -0.006893000 -0.060535500 0.010581000
v -0.016539000 -0.058972500 0.004671000
v -0.037128000 -0.050244500 0.005332000
v -0.009185000 -0.059543500 0.017286000
v -0.021430000 -0.056922500 0.013614000
v -0.019818000 -0.056293500 0.027144000
v 0.009001000 -0.058599500 0.048598000
v -0.007422000 -0.058639500 0.021655000
v -0.011948000 -0.058019500 0.021917000
v -0.040224000 -0.046172500 0.022531000
v -0.026909000 -0.055644500 0.006423000
v -0.017949000 -0.056843500 0.019670000
v -0.016881000 -0.058292500 0.014761000
v 0.022907000 -0.054834500 0.023293000
v -0.051243000 -0.035283500 0.022370000
v -0.046066000 -0.041618500 0.010355000
v -0.062428000 0.012544500 0.009297000
v -0.057213000 -0.024712500 0.022013000
v -0.056281000 -0.026320500 0.015410000
v -0.057800000 -0.022794500 0.016775000
v -0.053446000 -0.032005500 0.010364000
v -0.046765000 -0.040257500 0.015754000
v -0.049056000 -0.041333500 0.003152000
v -0.018712000 -0.046859500 0.067393000
v 0.038503000 -0.047818500 0.029227000
v 0.033877000 -0.050753500 0.030672000
v 0.043177000 -0.045248500 0.037355000
v 0.040360000 -0.046456500 0.019725000
v 0.037242000 -0.047166500 0.022984000
v 0.035998000 -0.049321500 0.020973000
v 0.048490000 -0.037820500 0.022538000
v 0.042801000 -0.043772500 0.024794000
v 0.045713000 -0.042003500 0.021001000
v 0.046703000 -0.041567500 0.033459000
v 0.046644000 -0.040285500 0.027535000
v 0.045234000 -0.043614500 0.041200000
v -0.036566000 0.024355500 0.200671000
v 0.045942000 0.042721500 0.044152000
v 0.043386000 0.044206500 0.048132000
v 0.030713000 0.053268500 0.045326000
v 0.039022000 0.047764500 0.047062000
v 0.044675000 0.041441500 0.052159000
v 0.016857000 0.054716500 0.055180000
v 0.018193000 0.056486500 0.049932000
v 0.033895000 0.047716500 0.055512000
v 0.022691000 0.053075500 0.055644000
v 0.028869000 0.051564500 0.053384000
v 0.028979000 0.053069500 0.049479000
v 0.024712000 0.054625500 0.050336000
v 0.035537000 0.050937500 0.040794000
v 0.026651000 0.054859500 0.046296000
v 0.035751000 0.050426500 0.024733000
v 0.040664000 0.046970500 0.037176000
v 0.027271000 0.055116500 0.039252000
v 0.031051000 0.052736500 0.028295000
v 0.021610000 0.056788500 0.039800000
v -0.016260000 0.054255500 0.015890000
v 0.020230000 0.056580500 0.024841000
v 0.022108000 0.056273500 0.032480000
v 0.026503000 0.054855500 0.031875000
v 0.025273000 0.055252500 0.025429000
v 0.037588000 0.048922500 0.031845000
v 0.042979000 0.045766500 0.021392000
v 0.043761000 0.044039500 0.030486000
v 0.048073000 0.040916500 0.022287000
v 0.052198000 0.035301500 0.031689000
v 0.045684000 0.043032500 0.039098000
v 0.039391000 0.047917500 0.025726000
v -0.019626000 0.051584500 0.022941000
v -0.029832000 0.046208500 0.031019000
v -0.022751000 0.049667500 0.032646000
v -0.030950000 0.046124500 0.024651000
v -0.050773000 0.032777500 0.007109000
v -0.051291000 0.030977500 0.024305000
v -0.049413000 0.033289500 0.011965000
v -0.040773000 0.040676500 0.016419000
v -0.046993000 0.035052500 0.018458000
v -0.031115000 0.046895500 0.020151000
v -0.008191000 0.056831500 0.014113000
v 0.011553000 0.057797500 0.020809000
v 0.014410000 0.057331500 0.028517000
v 0.000656000 0.056501500 0.040699000
v -0.007559000 0.054324500 0.029879000
v -0.001307000 0.055741500 0.034770000
v 0.017538000 0.057446500 0.037424000
v 0.011401000 0.057868500 0.040096000
v 0.008532000 0.057371500 0.031349000
v -0.014918000 0.052412500 0.033478000
v -0.015234000 0.052756500 0.040019000
v -0.007755000 0.054686500 0.039003000
v -0.019750000 0.051300500 0.042833000
v 0.005164000 0.057047500 0.046169000
v 0.005695000 0.057272500 0.041004000
v 0.014875000 0.057525500 0.045871000
v 0.017734000 0.057502500 0.043430000
v -0.005249000 0.054319500 0.050781000
v -0.002991000 0.055646500 0.046103000
v 0.013658000 0.055945500 0.052872000
v 0.007790000 0.055578500 0.053874000
v 0.011804000 0.057240500 0.048581000
v 0.000838000 0.055148500 0.052490000
v -0.018784000 0.050544500 0.048913000
v -0.020259000 0.051070500 0.037670000
v -0.026714000 0.048446500 0.038418000
v -0.032704000 0.045244500 0.042004000
v -0.039971000 0.040793500 0.039885000
v -0.042656000 0.038883500 0.032588000
v -0.048122000 0.034389500 0.031335000
v -0.056069000 0.025669500 0.033212000
v -0.053984000 0.028403500 0.028799000
v -0.053824000 0.027968500 0.040986000
v -0.051709000 0.031085500 0.034238000
v -0.045431000 -0.043805500 0.041685000
v -0.058116000 -0.022184500 0.011639000
v -0.059378000 -0.018030500 0.018879000
v -0.061531000 -0.010971500 0.016609000
v -0.060345000 -0.016189500 0.009715000
v -0.059160000 -0.020334500 0.007565000
v -0.057858000 0.022020500 0.019570000
v -0.060807000 -0.019059500 0.005446000
v -0.060077000 -0.027867500 0.001514000
v -0.059825000 -0.024352500 0.003306000
v -0.062564000 -0.023213500 0.000584000
v -0.064016000 -0.007525500 0.007502000
v -0.060551000 0.017111500 0.011492000
v -0.058326000 0.021498500 0.013590000
v -0.056343000 0.027267500 0.003745000
v -0.058556000 0.022465500 0.006172000
v -0.060992000 0.020624500 0.000941000
v -0.062611000 0.015436500 0.003606000
v -0.059901000 0.017477500 0.036019000
v -0.062001000 -0.009113500 0.036517000
v -0.062041000 -0.006289500 0.040884000
v 0.016474000 0.058604500 0.000269000
v 0.035053000 0.052592500 0.000137000
v 0.040259000 0.049487500 0.000000000
v 0.027982000 0.055600500 0.000238000
v 0.021851000 0.057346500 0.000265000
v 0.037220000 0.051463500 0.000092000
v 0.029113000 0.055191500 0.000227000
v 0.011789000 0.059766500 0.000277000
v 0.030214000 0.054704500 0.000210000
v 0.002744000 0.061154500 0.000232000
v 0.000847000 0.060798500 0.000177000
v -0.000970000 0.060565500 0.000132000
v 0.033402000 0.053430500 0.000170000
v 0.019455000 0.057932500 0.000268000
v -0.035139000 0.047563500 0.000099000
v -0.036629000 0.046422500 0.000099000
v -0.065890000 0.009491500 0.000099000
v -0.006635000 0.058810500 0.000099000
v -0.065204000 -0.016166500 0.000099000
v 0.050553000 -0.039375500 0.000099000
v 0.052499000 -0.037198500 0.000099000
v 0.046483000 -0.043128500 0.000099000
v 0.047509000 -0.042341500 0.000099000
v -0.014343000 -0.059474500 0.000099000
v -0.019685000 -0.058614500 0.000099000
v -0.004995000 -0.061154500 0.000099000
v -0.018549000 -0.058846500 0.000099000
v -0.018179000 -0.058932500 0.000099000
v -0.016505000 -0.059114500 0.000099000
v -0.014932000 -0.059339500 0.000099000
v 0.050042000 -0.039895500 0.000099000
v 0.053068000 -0.036732500 0.000099000
v 0.055097000 -0.034230500 0.000099000
v 0.054464000 -0.034945500 0.000099000
v 0.056047000 -0.032546500 0.000099000
v 0.057162000 -0.030678500 0.000099000
v 0.064085000 -0.011797500 0.000099000
v -0.054217000 -0.039794500 0.000099000
v -0.066749000 0.005671500 0.000099000
v -0.067384000 0.003329500 0.000099000
v -0.067462000 0.002629500 0.000099000
v -0.047799000 0.038021500 0.000099000
v -0.045802000 0.039601500 0.000099000
v -0.046721000 0.038830500 0.000099000
v 0.043759000 -0.045309500 0.000099000
v 0.037714000 -0.049042500 0.000099000
v -0.008952000 -0.060579500 0.000099000
v 0.042587000 -0.045948500 0.000099000
v 0.039048000 -0.048172500 0.000099000
v 0.053147000 0.037678500 0.000099000
v -0.035375000 -0.053101500 0.000099000
v -0.059410000 0.025260500 0.000099000
v -0.057923000 0.028093500 0.000099000
v 0.017798000 -0.058354500 0.000099000
v 0.013645000 -0.059221500 0.000099000
v -0.023609000 -0.057404500 0.000099000
v 0.005585000 -0.060316500 0.000099000
v -0.024193000 -0.057221500 0.000099000
v -0.025076000 -0.056967500 0.000099000
v -0.027686000 -0.056385500 0.000099000
v 0.061403000 -0.020864500 0.000099000
v 0.064191000 0.018092500 0.000099000
v -0.054024000 0.033646500 0.000099000
v -0.055950000 0.030962500 0.000099000
v -0.063002000 -0.023256500 0.000099000
v 0.019542000 -0.057998500 0.000099000
v 0.020374000 -0.057702500 0.000099000
v -0.028151000 -0.056211500 0.000099000
v -0.021617000 -0.058185500 0.000099000
v 0.018942000 -0.058165500 0.000099000
v 0.002726000 -0.060689500 0.000099000
v -0.000453000 -0.060866500 0.000099000
v -0.001801000 -0.060921500 0.000099000
v 0.063151000 -0.015984500 0.000099000
v 0.062719000 -0.017342500 0.000099000
v 0.057307000 -0.030231500 0.000099000
v 0.063627000 -0.013879500 0.000099000
v 0.064385000 -0.010591500 0.000099000
v 0.064051000 -0.012348500 0.000099000
v 0.066210000 -0.003569500 0.000099000
v 0.066408000 -0.001917500 0.000099000
v -0.045973000 -0.047640500 0.000099000
v -0.048764000 -0.045297500 0.000099000
v -0.067502000 -0.006953500 0.000099000
v -0.005527000 0.059193500 0.000099000
v -0.005712000 0.059125500 0.000099000
v -0.067466000 -0.007240500 0.000099000
v -0.066520000 -0.011031500 0.000099000
v 0.029543000 -0.054053500 0.000099000
v 0.004023000 -0.060595500 0.000099000
v 0.032094000 -0.052667500 0.000099000
v 0.066532000 0.003949500 0.000099000
v 0.066540000 0.005712500 0.000099000
v 0.064605000 0.016663500 0.000099000
v 0.065238000 0.014200500 0.000099000
v 0.061576000 0.024324500 0.000099000
v 0.065943000 0.010027500 0.000099000
v -0.057649000 -0.035232500 0.000099000
v -0.061312000 -0.028244500 0.000099000
v -0.062566000 -0.024576500 0.000099000
v -0.057314000 -0.035694500 0.000099000
v -0.050336000 -0.043783500 0.000099000
v -0.052472000 -0.041690500 0.000099000
v -0.017743000 0.055486500 0.000099000
v -0.022580000 0.054043500 0.000099000
v -0.018839000 0.055129500 0.000099000
v -0.052341000 0.035266500 0.000099000
v -0.053743000 0.033891500 0.000099000
v -0.012190000 -0.060238500 0.000099000
v -0.009374000 -0.060509500 0.000099000
v -0.032120000 -0.054742500 0.000099000
v 0.037039000 -0.049501500 0.000099000
v 0.026451000 -0.055547500 0.000099000
v -0.003644000 -0.061121500 0.000099000
v 0.057003000 -0.030982500 0.000099000
v -0.038870000 -0.051610500 0.000099000
v -0.041872000 -0.050324500 0.000099000
v -0.043309000 -0.049362500 0.000099000
v -0.042218000 -0.050117500 0.000099000
v -0.045265000 -0.048170500 0.000099000
v -0.037783000 -0.052088500 0.000099000
v -0.033243000 0.048737500 0.000099000
v -0.005144000 0.059310500 0.000099000
v -0.063820000 0.015785500 0.000099000
v -0.065500000 0.010500500 0.000099000
v -0.062166000 0.018994500 0.000099000
v -0.031064000 0.050145500 0.000099000
v -0.038812000 0.044692500 0.000099000
v -0.064679000 -0.017493500 0.000099000
v -0.063529000 -0.021308500 0.000099000
v 0.050303000 -0.039664500 0.000099000
v -0.028858000 -0.055858500 0.000099000
v 0.011563000 -0.059592500 0.000099000
v 0.009333000 -0.059937500 0.000099000
v 0.065904000 0.010679500 0.000099000
v -0.034422000 -0.053585500 0.000099000
v -0.061278000 0.021132500 0.000099000
v -0.065844000 -0.013665500 0.000099000
v -0.008737000 -0.060608500 0.000099000
v 0.065071000 -0.008006500 0.000099000
v 0.063197000 0.020716500 0.000099000
v 0.062373000 0.022896500 0.000099000
v 0.050251000 0.041091500 0.000099000
v 0.051538000 0.039511500 0.000099000
v 0.054235000 0.036119500 0.000099000
v 0.041941000 0.048473500 0.000099000
v 0.049101000 0.042212500 0.000099000
v 0.043842000 0.046948500 0.000099000
v 0.046398000 0.045168500 0.000099000
v 0.047185000 0.044223500 0.000099000
v 0.057373000 0.031869500 0.000099000
v 0.059724000 0.028258500 0.000099000
v -0.013187000 0.056791500 0.000099000
v -0.041285000 0.042805500 0.000099000
v 0.056090000 0.033852500 0.000099000
v 0.065846000 0.010997500 0.000099000
v -0.011855000 0.057168500 0.000099000
f 1150 1154 1153
f 2852 334 3481
f 3492 3494 3499
f 2849 3647 320
f 334 3513 3481
f 3513 2849 320
f 3638 267 3626
f 3648 321 3626
f 3807 3484 3483
f 3806 3487 3484
f 3806 3484 3808
f 3481 3513 3451
f 3645 3513 320
f 247 248 28
f 2849 334 3412
f 3626 269 3496
f 3487 269 3484
f 3499 3491 3492
f 3709 2846 3706
f 3626 267 269
f 3742 2282 3743
f 3499 3494 3501
f 2282 29 28
f 2282 28 248
f 248 246 3786
f 3703 3716 3472
f 3825 3492 3787
f 321 3638 3626
f 3491 3496 3487
f 3706 2846 3472
f 3706 3472 3707
f 3720 3788 3492
f 3626 3496 3648
f 3789 3786 246
f 3484 269 3412
f 2282 3452 29
f 3513 334 2849
f 248 247 246
f 3499 3510 3648
f 3494 3493 3501
f 267 3412 269
f 3496 269 3487
f 253 2324 128
f 329 2320 3644
f 3520 253 271
f 3696 99 3697
f 3826 3699 3827
f 330 2320 329
f 3809 2324 3810
f 99 3642 2320
f 251 3697 3698
f 3745 270 271
f 3745 271 3746
f 128 2324 3809
f 3697 327 3695
f 3765 3520 3766
f 99 3696 3520
f 3828 3698 3699
f 3828 3699 3826
f 3644 3642 3521
f 3755 251 3754
f 3520 2324 253
f 3839 3698 3828
f 270 3521 271
f 3520 3696 251
f 3766 3520 251
f 3766 251 3755
f 2849 3412 267
f 3520 3642 99
f 3644 3646 329
f 2320 3642 3644
f 3808 3484 3807
f 3521 3646 3644
f 3484 2852 3483
f 99 2320 327
f 327 326 3695
f 3697 251 3696
f 327 3697 99
f 3714 3494 3492
f 3714 3492 3825
f 3521 3642 271
f 327 2320 330
f 3699 3698 3697
f 3694 3586 3699
f 3645 3646 3521
f 3521 270 3645
f 326 327 330
f 3694 3699 3697
f 3695 3694 3697
f 3642 3520 271
f 3452 3699 3586
f 3412 2852 3484
f 3491 3648 3496
f 3713 3493 3494
f 3713 3494 3714
f 3648 3491 3499
f 267 3638 111
f 3499 3501 3510
f 3481 3483 2852
f 3412 334 2852
f 2849 267 111
f 270 3513 3645
f 3718 3451 270
f 3718 270 3830
f 3451 3513 270
f 2849 111 3647
f 2623 3518 245
f 1904 3486 2927
f 3137 1886 3148
f 1051 2588 1944
f 1574 1572 3145
f 3120 2927 1876
f 3140 1886 559
f 2633 2804 22
f 1576 3108 1878
f 2621 1965 1930
f 3121 2745 3109
f 3106 3128 3139
f 3136 3127 3109
f 3489 3490 1900
f 3623 2322 3625
f 1572 3482 1573
f 3108 3136 3109
f 3128 3136 3108
f 3145 1572 3468
f 2612 2613 1931
f 1817 2696 1925
f 1907 3525 1042
f 3146 3145 3468
f 2804 2633 2627
f 3482 3468 1573
f 3092 3076 1594
f 1573 3468 1572
f 3523 1906 2648
f 2613 1965 1931
f 1496 1637 1925
f 3151 2804 2627
f 1860 1859 1861
f 1878 2805 3126
f 2671 2638 1922
f 1887 3239 1570
f 3076 3083 1566
f 2012 1406 2688
f 1405 2012 1408
f 3142 3145 3141
f 1406 2012 1405
f 1399 1405 1408
f 2346 2333 2330
f 2927 3120 1904
f 1398 1399 2714
f 2346 2330 2331
f 2331 2330 1443
f 1443 2330 1455
f 2331 2355 2346
f 1399 1398 1672
f 1667 1406 1405
f 1455 2330 1577
f 1444 2331 1443
f 1017 1018 1406
f 1667 1017 1406
f 1667 1405 1401
f 1444 1443 2328
f 1671 1401 1672
f 1017 1667 1844
f 1577 1456 1455
f 1844 1018 1017
f 1401 1844 1667
f 1671 1666 1401
f 2671 1492 2681
f 1456 1428 1455
f 1402 1666 1671
f 1844 1841 1018
f 1757 1444 1396
f 1666 1402 1404
f 1403 1401 1666
f 1433 1428 1456
f 123 1446 1458
f 2328 1446 2844
f 1428 1457 1458
f 1448 1458 1457
f 1458 1448 123
f 1433 1434 1428
f 1395 1396 2354
f 1391 2844 1446
f 1391 1446 123
f 1434 1457 1428
f 1842 1020 1841
f 1403 1404 1392
f 2333 1447 1577
f 1445 2354 2844
f 1914 1493 2685
f 1433 2013 1434
f 1457 1434 2327
f 1448 1457 1658
f 1433 1421 2013
f 2327 1658 1457
f 1658 1465 1448
f 1400 1397 2011
f 2682 1493 1914
f 1914 1636 2682
f 2741 1392 1669
f 1397 1395 1445
f 1445 1395 2354
f 1658 2013 1678
f 1636 3460 2682
f 1669 2716 2741
f 2844 1391 131
f 1445 2844 131
f 2332 3459 1445
f 1678 1657 1658
f 1636 2716 15
f 15 3460 1636
f 2799 3458 1549
f 1678 2013 1421
f 3459 2332 1668
f 1670 1668 2872
f 1677 1421 2840
f 2871 1441 1465
f 1670 2872 3440
f 2842 1678 139
f 2332 122 1442
f 1668 263 2872
f 3440 3462 15
f 1492 3462 2681
f 1677 139 1678
f 1440 2332 1442
f 3462 3514 2681
f 119 2842 1435
f 117 1378 1677
f 1440 1442 1441
f 2843 130 1441
f 1441 130 1440
f 1438 2843 129
f 3514 3526 2670
f 1440 130 132
f 129 1435 1437
f 132 130 1439
f 130 1438 1437
f 1403 1844 1401
f 130 1437 1439
f 132 1439 1393
f 1439 2839 1393
f 3184 3183 3182
f 323 313 3508
f 3655 3664 3663
f 1393 2839 121
f 1819 1862 2133
f 2353 3461 2352
f 1391 123 1448
f 1402 1397 1400
f 1670 3459 1668
f 1672 2346 2355
f 3099 2017 3070
f 563 3082 1614
f 564 3070 3069
f 564 3064 566
f 58 59 60
f 1396 2328 2354
f 3214 3215 3224
f 431 64 478
f 3450 1902 2129
f 3273 2067 3264
f 1873 3100 562
f 194 514 177
f 1107 1090 1118
f 2028 2802 541
f 2514 1810 1091
f 3087 3098 3089
f 1810 2514 1978
f 130 2843 1438
f 1810 1083 1091
f 2514 1091 1084
f 1091 1087 1084
f 1083 1810 79
f 434 3233 3263
f 1109 1083 79
f 1400 2011 1669
f 79 1810 1779
f 2273 246 247
f 354 444 59
f 481 455 166
f 59 444 56
f 1401 1405 1399
f 1089 1094 1090
f 2518 1085 1087
f 1094 1091 1083
f 2514 1979 2524
f 58 481 166
f 483 448 482
f 1397 1445 3459
f 1088 1785 1097
f 553 556 454
f 1083 1109 1090
f 1094 1083 1090
f 182 2129 181
f 167 500 509
f 2129 182 2131
f 168 507 500
f 3444 41 1802
f 2330 2333 1577
f 1850 1010 1096
f 1087 1086 2518
f 1094 1088 1092
f 1116 1117 1039
f 1672 1757 1671
f 2896 177 2130
f 1474 2519 1473
f 3840 2274 328
f 3840 328 3721
f 3650 3480 3627
f 178 193 2897
f 433 3273 3264
f 2796 167 509
f 3439 2130 177
f 194 177 193
f 2030 2891 179
f 1086 1087 1092
f 523 193 178
f 3613 3663 3664
f 177 514 3439
f 1091 1094 1087
f 1786 1089 1090
f 1788 2512 1121
f 192 194 70
f 2030 179 2893
f 523 2030 2893
f 1092 1087 1094
f 447 159 13
f 2517 1085 2518
f 3308 3439 514
f 1402 1671 1757
f 3248 176 514
f 1474 1473 2518
f 192 70 67
f 1090 1109 1118
f 2840 1416 117
f 1787 1116 1785
f 1088 1094 1089
f 2132 2518 1086
f 2132 1474 2518
f 1473 1980 2517
f 3262 2041 2074
f 1092 2132 1086
f 2893 160 523
f 2871 1658 1657
f 399 2893 161
f 331 3443 1555
f 168 3249 3250
f 2747 3248 192
f 1786 1107 1106
f 2747 176 3248
f 1107 1786 1090
f 1490 1474 2132
f 1787 1089 1786
f 1088 1097 1092
f 1785 1116 1098
f 70 523 2037
f 2519 1474 1490
f 1785 1088 1089
f 3675 3676 1558
f 3656 3655 2311
f 1786 1106 1787
f 3625 3628 3623
f 3249 168 167
f 2799 3308 176
f 399 160 2893
f 1098 1097 1785
f 1837 1899 1836
f 3202 3195 3201
f 1779 1810 1978
f 1846 1836 2701
f 2028 154 2027
f 159 70 2037
f 3146 3147 3141
f 2132 1092 1490
f 3121 3109 3127
f 2148 943 2001
f 1641 2745 3121
f 3464 3468 1582
f 1787 1785 1089
f 1941 2651 1051
f 3122 1641 3121
f 2131 2130 3244
f 2627 3466 3151
f 1851 2646 1010
f 1935 2631 2615
f 1637 1496 2641
f 159 536 70
f 3153 2744 1641
f 3122 3153 1641
f 13 160 399
f 163 26 25
f 2518 1473 2517
f 3629 3623 3628
f 1093 1092 1097
f 1098 1116 1039
f 3070 564 562
f 1816 2736 1953
f 1143 87 88
f 2445 1186 1652
f 2038 2796 26
f 1571 2744 3124
f 507 168 510
f 1397 1402 1396
f 13 478 447
f 1740 1746 1739
f 3149 3161 3077
f 2744 3153 3154
f 2447 1185 2475
f 67 69 2747
f 3103 3088 3114
f 3458 2747 537
f 73 536 159
f 3075 1591 3072
f 2641 1489 2637
f 2957 3185 1563
f 1734 2467 2446
f 2618 2633 22
f 2757 3149 3077
f 1185 2447 1158
f 1190 1420 1188
f 1404 1400 1392
f 2589 2592 2628
f 181 2896 182
f 1665 1739 1664
f 1186 1746 1158
f 1757 1396 1402
f 1995 1760 1747
f 2483 1185 2465
f 1876 3467 1582
f 59 58 166
f 2624 245 2629
f 1555 51 331
f 3498 3501 3493
f 3143 3137 3148
f 3075 3077 1547
f 3675 3674 325
f 1042 1010 1009
f 1188 1420 2445
f 537 2747 69
f 3082 3081 3098
f 2340 2341 2339
f 1136 2515 1121
f 2445 1663 1664
f 1158 1746 1748
f 26 2796 431
f 1747 1746 1995
f 2341 2342 1415
f 3458 539 1549
f 1440 132 1393
f 1440 1668 2332
f 1664 1739 2445
f 478 13 25
f 3674 3675 1558
f 1159 1160 1995
f 2801 73 447
f 1455 1428 1458
f 1158 2465 1185
f 1748 1747 2465
f 2475 1189 2447
f 3639 3673 1558
f 2475 2483 2467
f 2306 3261 2055
f 505 509 500
f 68 536 71
f 539 3458 537
f 507 499 505
f 505 499 504
f 2483 2475 1185
f 2445 1652 1188
f 542 2801 172
f 478 26 431
f 1422 1665 1664
f 2466 1747 1760
f 2338 1662 1663
f 431 509 64
f 1446 2328 124
f 1677 1378 139
f 505 504 484
f 2447 1186 1158
f 2483 2465 2466
f 2482 2463 2483
f 534 71 2802
f 1663 2445 1420
f 3067 2040 3068
f 538 1887 539
f 440 2064 441
f 1740 1665 1738
f 1748 2465 1158
f 2482 2483 2466
f 1187 1190 1188
f 554 2271 3229
f 1073 1074 1075
f 538 534 1887
f 2803 2802 74
f 2038 26 163
f 172 447 171
f 1995 1746 1159
f 323 2311 313
f 2466 1760 2482
f 1187 1188 1652
f 478 64 171
f 2799 176 3458
f 1125 1124 2536
f 2800 1887 534
f 1187 1652 1189
f 1757 1672 2355
f 119 129 2843
f 2341 2882 2339
f 1160 1760 1995
f 3677 2312 3676
f 505 155 64
f 1663 1662 1664
f 169 542 173
f 28 29 51
f 542 543 2803
f 155 484 2277
f 3641 3647 111
f 1159 1740 2478
f 1734 2449 1190
f 3440 263 3461
f 51 2272 28
f 534 2802 2028
f 1186 1739 1746
f 1426 1662 2338
f 131 1442 122
f 2871 1465 1658
f 1190 2449 1420
f 1734 1189 2475
f 1074 1795 1075
f 2802 2803 543
f 1902 181 2129
f 2466 2465 1747
f 1422 1664 1662
f 2982 2983 3086
f 1740 1159 1746
f 3272 3241 1887
f 2475 2467 1734
f 500 507 505
f 539 537 538
f 1669 1670 2716
f 2024 3241 3272
f 1821 1047 1924
f 1395 1397 1396
f 1670 1669 2011
f 173 171 2092
f 119 1657 2842
f 1843 1403 1392
f 2027 2800 2028
f 1739 1665 1740
f 2272 247 28
f 70 536 67
f 2800 3272 1887
f 169 531 544
f 2445 1739 1186
f 1187 1189 1734
f 3105 3095 1592
f 1738 2478 1740
f 1734 1190 1187
f 541 2802 543
f 1747 1748 1746
f 1914 1842 2741
f 68 69 67
f 1665 1422 2479
f 2446 2449 1734
f 2013 1658 2327
f 1819 2133 1924
f 2447 1652 1186
f 171 170 2092
f 3206 3199 1562
f 1189 1652 2447
f 74 542 2803
f 72 540 169
f 2800 2027 535
f 121 3526 2353
f 331 3442 332
f 3452 3586 3442
f 2800 535 3272
f 2315 332 3694
f 3695 3688 2315
f 543 542 169
f 3688 3695 326
f 169 544 543
f 293 330 3643
f 3519 3501 3498
f 1802 2585 1954
f 250 324 3645
f 247 2272 2273
f 3694 3695 2315
f 3643 330 329
f 2515 1119 1779
f 3645 324 3646
f 1393 2353 2352
f 3586 3694 332
f 3446 3676 3675
f 293 326 330
f 332 3442 3586
f 3646 3643 329
f 531 169 540
f 2316 3701 3231
f 566 562 564
f 1124 1125 1126
f 1860 1861 1854
f 2131 182 2130
f 541 157 154
f 173 172 171
f 1843 1844 1403
f 441 556 440
f 158 535 2027
f 562 3099 3070
f 3086 3098 3087
f 2312 3677 3643
f 2353 1393 121
f 1568 3190 2982
f 509 505 64
f 2788 207 208
f 2017 3099 3080
f 1559 3675 325
f 3661 3662 3655
f 1463 554 3229
f 1850 1098 1013
f 1075 1983 2590
f 531 540 524
f 244 241 3685
f 154 158 2027
f 2547 1984 1075
f 1401 1399 1672
f 3200 3197 1629
f 2538 1983 1075
f 1443 124 2328
f 2694 1819 1495
f 533 532 158
f 506 507 510
f 3080 3081 2017
f 1614 3086 2983
f 2586 1099 2603
f 3183 2984 2983
f 72 2092 477
f 1924 2701 1819
f 1435 129 119
f 3519 3480 3649
f 2986 3066 1614
f 3081 563 2017
f 2982 3183 2983
f 158 157 548
f 3088 3090 3089
f 3195 1557 1562
f 1984 2547 2539
f 1859 1862 1861
f 3689 2283 208
f 2955 2957 1459
f 3067 3069 2040
f 1821 1924 2133
f 3081 3082 563
f 1853 1859 1852
f 2701 1495 1819
f 2702 1855 1834
f 551 3587 1896
f 3085 3084 1634
f 1956 1803 2628
f 3676 3446 3677
f 2984 2986 2983
f 1075 1984 2538
f 2538 1099 1983
f 2035 533 158
f 554 1463 440
f 3676 250 1558
f 540 477 3260
f 2346 1398 2714
f 3099 3088 3080
f 548 157 547
f 2266 2536 599
f 454 2055 449
f 1857 1047 1821
f 3645 320 250
f 2312 324 3676
f 3100 3088 3099
f 2609 1954 2585
f 3206 1562 3203
f 550 549 3232
f 483 2798 63
f 2035 446 439
f 435 440 373
f 524 540 3260
f 2129 3244 3450
f 531 545 547
f 2801 447 172
f 2586 2590 1099
f 1954 2609 1801
f 3415 435 373
f 3676 324 250
f 3655 3650 3654
f 3275 1554 2767
f 2273 3693 333
f 2312 3646 324
f 524 450 2798
f 3646 2312 3643
f 158 546 2035
f 57 2065 445
f 121 1385 2363
f 3443 3237 1006
f 1006 240 1555
f 533 2035 439
f 3082 3098 3086
f 3110 3191 3111
f 160 13 159
f 3442 331 51
f 3203 3211 3205
f 3107 3115 3113
f 157 544 547
f 1837 1836 1838
f 3227 3234 3237
f 1012 1037 2693
f 3089 3098 3081
f 2266 1123 2536
f 450 524 448
f 19 3444 1802
f 3416 322 3640
f 2511 599 2510
f 3416 111 3638
f 2035 546 446
f 3652 3437 321
f 1788 1121 1978
f 161 163 399
f 3508 3510 3501
f 2797 547 545
f 2133 1920 1821
f 2316 1896 3684
f 524 2797 545
f 1862 1859 1035
f 3261 166 455
f 1385 121 2839
f 2547 2607 2539
f 2328 1396 1444
f 131 1391 1465
f 3649 3650 3508
f 3264 3263 433
f 1448 1465 1391
f 3519 3508 3501
f 322 3416 3638
f 63 2798 450
f 2363 3526 121
f 2701 1866 1495
f 515 3249 502
f 2797 524 2798
f 2257 3166 604
f 1553 3221 3171
f 436 439 3262
f 3273 2068 3271
f 537 68 538
f 1560 3168 339
f 3217 3216 3219
f 541 154 2028
f 3678 3680 2307
f 2585 2603 2609
f 1099 2538 2610
f 2610 2603 1099
f 1801 2609 1945
f 178 2896 180
f 2537 2539 1972
f 1941 2609 2603
f 3206 3203 3205
f 1495 1912 1855
f 544 531 547
f 3688 335 2315
f 3440 2716 1670
f 1883 1882 3274
f 3680 3224 3225
f 752 2934 2209
f 446 438 2067
f 2931 2209 2934
f 742 899 185
f 167 2796 502
f 2257 699 3166
f 2716 1636 2741
f 2463 2474 2483
f 606 600 604
f 2446 1742 1661
f 3260 477 2278
f 3260 2278 486
f 532 533 2892
f 2529 2523 2528
f 1793 3500 1970
f 1084 1789 1979
f 238 1651 1181
f 2473 2460 2480
f 79 78 1109
f 3500 1486 2527
f 1945 2609 1941
f 3071 3069 3067
f 3185 2955 3187
f 3187 2954 3184
f 2527 2537 1972
f 2701 1836 1866
f 1181 2474 238
f 3062 3065 3071
f 2943 3207 2942
f 1735 1742 2446
f 1458 124 1455
f 2949 1880 3668
f 606 604 3166
f 1820 1857 1821
f 477 2277 2278
f 3100 3060 3088
f 2481 2473 2480
f 446 156 438
f 3063 566 3064
f 2481 238 2473
f 2480 1651 2481
f 2463 2473 238
f 3273 439 2067
f 1181 1753 2474
f 2474 1753 2467
f 476 486 2278
f 2467 1753 1745
f 2467 1745 1735
f 2474 2463 238
f 1651 238 2481
f 79 1779 1119
f 3068 3066 2986
f 1745 1742 1735
f 2467 2483 2474
f 3508 3519 3649
f 3064 3065 3062
f 170 171 64
f 1556 1553 3275
f 2467 1735 2446
f 3065 564 3069
f 1661 2449 2446
f 3190 3186 3185
f 3062 1612 3063
f 2420 1726 1235
f 2891 178 180
f 3071 3065 3069
f 3087 1568 3086
f 2983 2986 1614
f 1631 3186 3188
f 3069 3070 2040
f 3461 3526 3514
f 71 74 2802
f 1459 2952 2954
f 18 2527 2528
f 563 2040 2017
f 2871 119 2843
f 160 159 2037
f 438 156 437
f 3068 1614 3066
f 3511 1571 3125
f 605 610 2939
f 179 161 2893
f 2283 2313 3692
f 1979 2525 1476
f 2266 2263 2267
f 1443 1455 124
f 3244 2130 3439
f 484 504 2050
f 476 2278 2277
f 485 2050 504
f 439 3273 3262
f 1445 122 2332
f 476 61 486
f 435 3263 2066
f 437 56 438
f 3681 340 3680
f 486 61 62
f 541 544 157
f 2413 1539 2285
f 2523 2517 1980
f 2277 484 2057
f 2067 438 56
f 60 483 58
f 476 1895 61
f 1666 1404 1403
f 158 548 546
f 445 2067 56
f 2066 2065 2064
f 168 3250 510
f 2261 2263 1987
f 536 68 67
f 241 240 1006
f 1672 1398 2346
f 2956 1563 3209
f 605 608 610
f 531 524 545
f 611 2939 1987
f 600 605 611
f 3215 3217 3219
f 241 2316 3685
f 3446 3675 1559
f 3587 3684 1896
f 2068 3265 3270
f 3265 1539 3270
f 2274 333 328
f 2407 1794 1251
f 2407 1264 1794
f 2503 1709 2407
f 1852 1859 1851
f 2406 1250 1794
f 3680 340 3214
f 1465 1441 131
f 3275 3268 3223
f 445 3264 2067
f 3218 3215 3219
f 1883 3274 2307
f 1709 1767 2407
f 2034 1540 2074
f 3679 3678 293
f 1857 1864 1047
f 1252 1251 1257
f 2503 2407 1251
f 2727 1251 1252
f 1258 1794 1250
f 1495 1866 1912
f 1794 1257 1251
f 1883 2307 3225
f 1794 1264 2406
f 3060 3100 1873
f 1561 3215 3212
f 1257 1794 1258
f 613 3166 621
f 3224 3680 3214
f 3274 3269 1888
f 1861 1819 2694
f 485 2062 2050
f 3721 328 2283
f 3721 2283 3831
f 699 621 3166
f 1912 1866 1899
f 2050 1462 2057
f 3268 2768 2073
f 3223 3268 3269
f 3262 2074 436
f 1560 1553 3170
f 1861 2694 1854
f 1846 1924 1047
f 3680 3678 3681
f 3831 2283 3692
f 3831 3692 3832
f 3227 3236 1888
f 1920 1820 1821
f 3219 3221 1556
f 3234 1888 3269
f 2307 3226 3678
f 11 2538 18
f 1984 2537 2538
f 482 58 483
f 1836 1899 1866
f 3088 3060 3114
f 155 477 2092
f 2519 3497 1918
f 11 1980 1977
f 1836 1846 2698
f 59 56 437
f 1845 1016 2687
f 2610 1977 2520
f 548 547 2797
f 3767 3832 3692
f 1556 3223 3218
f 1473 1977 1980
f 3271 2068 3270
f 60 59 437
f 2274 246 2273
f 3700 3226 3274
f 2610 2520 2603
f 3177 1634 3193
f 3275 1553 1554
f 2519 2520 1473
f 3587 3588 3589
f 535 158 532
f 1433 1456 1750
f 1420 2717 1663
f 1660 2717 2448
f 2603 2520 2651
f 2809 1911 1981
f 1864 2698 1846
f 1429 1454 1453
f 2538 11 1977
f 3060 1873 3115
f 1654 1429 1453
f 1895 2277 2057
f 1838 1836 2698
f 2520 2519 1918
f 2520 1942 2651
f 1634 3084 3193
f 1490 3497 2519
f 1982 2809 1981
f 3090 3087 3089
f 1450 1654 2333
f 1422 1429 1654
f 1981 3497 1982
f 1942 2520 2521
f 2333 1453 1447
f 1422 1430 2479
f 1084 1979 2514
f 3093 1594 3085
f 1632 2942 3206
f 2520 1918 2521
f 1427 1426 1454
f 1442 131 1441
f 556 442 2054
f 1656 1450 1449
f 2608 2651 1942
f 1656 1655 1430
f 1918 3497 1981
f 3184 3182 3187
f 1982 3497 1490
f 1450 1430 1654
f 1427 1454 1429
f 1473 2520 1977
f 3660 3658 1633
f 2610 2538 1977
f 1426 1750 1454
f 3495 1918 1981
f 3678 3679 3681
f 2809 1982 1093
f 1851 1010 1852
f 1562 3199 3208
f 3476 3477 3630
f 1982 1490 1092
f 1095 1097 1780
f 1911 3495 1981
f 1093 1982 1092
f 1093 1095 2809
f 1095 1093 1097
f 3269 1882 3223
f 1095 1780 2809
f 1780 1097 1096
f 1098 1850 1097
f 2346 1449 1450
f 1432 2448 1736
f 1430 1655 2347
f 1097 1850 1096
f 1456 1577 1447
f 2767 2034 2768
f 3068 2040 1614
f 1425 1466 1424
f 1451 1466 1452
f 1421 1433 2336
f 2982 3190 3182
f 2338 1663 2717
f 1453 1454 1750
f 3182 3183 2982
f 115 1424 1660
f 1662 1427 1422
f 1425 1421 2336
f 3064 564 3065
f 1548 2799 1549
f 3672 3640 3657
f 1429 1422 1427
f 1061 1343 1334
f 1010 1042 1096
f 2774 1476 2525
f 1462 2050 2051
f 1062 1061 1063
f 1780 1096 1042
f 480 61 1895
f 2652 1042 2650
f 1010 2646 1009
f 2714 2329 1449
f 2717 1423 2338
f 482 479 481
f 2714 1449 2346
f 2537 2527 18
f 1662 1426 1427
f 1449 2329 1656
f 1061 1344 1343
f 3078 1592 3135
f 1422 1654 1430
f 2479 2347 1419
f 1780 1042 2652
f 3188 2958 3191
f 1750 1451 1452
f 1430 2347 2479
f 1780 1911 2809
f 3226 335 3678
f 1430 1450 1656
f 3512 3510 3508
f 1061 1690 1344
f 139 138 2842
f 2333 2346 1450
f 1780 2652 2656
f 3271 2768 2034
f 1654 1453 2333
f 2646 1860 1858
f 1051 2651 2588
f 3219 1556 3218
f 943 2148 1246
f 1050 1009 2646
f 944 2187 931
f 3525 2650 1042
f 2266 599 596
f 613 606 3166
f 1062 1690 1061
f 339 1554 1560
f 2650 3525 2652
f 2424 1726 2420
f 2522 3495 2737
f 3647 3641 320
f 2521 2522 1943
f 2150 943 942
f 1559 3214 340
f 2954 3187 2955
f 1945 1944 1801
f 57 445 444
f 1334 1110 1061
f 2151 943 2150
f 1943 1942 2521
f 2057 1462 1895
f 1009 1050 2644
f 1423 1451 2338
f 2644 1042 1009
f 1690 1062 1066
f 1853 2693 1035
f 1233 2146 1246
f 3525 2645 2652
f 3091 3132 2025
f 1124 1126 2512
f 1589 3091 3094
f 2645 3525 2661
f 3215 2270 3224
f 2737 3495 3524
f 2653 3495 1911
f 3209 3197 3208
f 1801 1944 2588
f 1152 944 2496
f 1486 1971 2529
f 3103 3112 3102
f 2628 1801 2589
f 3273 2041 3262
f 1134 78 1119
f 1942 1808 2608
f 2654 1050 2697
f 2143 942 1246
f 2646 2697 1050
f 2025 3094 3091
f 2270 1883 3225
f 1578 3092 1589
f 942 944 931
f 354 166 3261
f 3665 1633 3666
f 2146 2143 1246
f 1888 3236 3274
f 2656 2652 2645
f 2150 942 931
f 2656 2653 1911
f 1863 1862 1908
f 2432 2146 1233
f 1793 1789 1971
f 3136 3133 3127
f 335 3688 293
f 2685 1493 2683
f 1895 487 480
f 2146 944 2143
f 2150 931 2179
f 2496 2146 1226
f 2925 2927 23
f 2596 2581 1073
f 3111 1590 3091
f 2270 3225 3224
f 2496 1226 2497
f 2146 2496 944
f 3472 2846 3473
f 1789 1793 2526
f 2449 1661 2448
f 2595 3505 40
f 336 2315 335
f 3606 24 1877
f 942 2143 944
f 1817 1858 2696
f 1426 2338 1451
f 1635 1493 2682
f 2525 2526 1793
f 1087 2529 1084
f 2448 1661 1736
f 2768 3271 2073
f 1883 2270 1882
f 2717 1420 2449
f 2529 1971 1084
f 2685 2683 1020
f 3628 3650 3627
f 3447 3477 3476
f 3095 1588 1578
f 2525 1477 2774
f 3234 1539 2413
f 3207 3206 2942
f 3106 3133 3136
f 3460 1492 2660
f 3095 3105 1588
f 3132 1592 2025
f 3447 3472 3473
f 3132 3090 3103
f 2540 1478 18
f 129 1437 1438
f 3201 1879 3202
f 1592 3102 3135
f 3170 3171 3267
f 180 2896 181
f 3260 448 524
f 2449 2448 2717
f 1750 1452 1433
f 1424 1466 1423
f 1425 1424 115
f 3135 3105 3078
f 1425 1452 1466
f 3191 1629 1631
f 3116 561 3106
f 1431 116 115
f 3651 3659 3653
f 3700 3274 3236
f 1453 1750 1456
f 2517 2523 1085
f 1136 1134 1119
f 471 480 470
f 3095 1578 3094
f 466 470 487
f 1594 3084 3085
f 1425 2840 1421
f 3115 30 3060
f 1860 1854 2696
f 3112 3103 30
f 3094 1578 1589
f 3652 3653 3659
f 2538 2537 18
f 480 471 479
f 1941 2603 2651
f 3103 3090 3088
f 1633 1632 3671
f 1424 1423 1660
f 1019 1848 1020
f 115 1432 1431
f 556 554 440
f 1417 115 116
f 1440 263 1668
f 3519 3479 3480
f 1452 1425 2336
f 514 194 3248
f 3135 3134 3097
f 1451 1423 1466
f 11 1478 1980
f 1452 2336 1433
f 3640 3672 3673
f 2529 2528 1486
f 2528 2540 18
f 1417 2840 1425
f 1426 1451 1750
f 1453 1456 1447
f 3657 3437 3652
f 1161 1414 1755
f 3106 3136 3128
f 2050 2057 484
f 1853 1012 2693
f 1162 1755 1414
f 1413 2339 2882
f 115 1660 2448
f 354 3261 2306
f 1771 1673 1166
f 30 561 3112
f 115 1417 1425
f 1342 1756 1673
f 480 479 61
f 3135 3116 3134
f 1635 1905 1019
f 1905 1635 1497
f 1415 2882 2341
f 40 2582 2581
f 1414 1682 1348
f 1868 2696 1854
f 1771 1348 1673
f 561 3116 3112
f 2273 333 2274
f 25 26 478
f 328 333 2788
f 30 3107 561
f 482 481 58
f 3479 3498 3475
f 523 160 2037
f 3116 3139 3134
f 3665 2943 1633
f 64 155 170
f 2055 443 2306
f 2945 3665 3670
f 538 68 534
f 499 507 506
f 2067 439 446
f 3263 3264 2065
f 448 486 62
f 168 500 167
f 170 155 2092
f 432 3265 2068
f 3526 3461 2353
f 561 3107 3133
f 433 432 2068
f 2529 1087 1085
f 1085 2523 2529
f 1670 2011 3459
f 3106 561 3133
f 3265 2285 1539
f 1793 1971 3500
f 3673 3674 1558
f 3177 1879 1587
f 1912 1848 1019
f 2308 2310 3204
f 2659 1905 1497
f 482 448 62
f 13 399 25
f 2134 2636 1925
f 477 155 2277
f 2413 2285 3702
f 3661 3651 3662
f 3686 3683 3687
f 1416 2840 1417
f 2272 1555 240
f 1905 1830 1019
f 543 544 541
f 2273 2272 3693
f 192 3248 194
f 70 194 193
f 1633 2943 1632
f 1851 1859 1860
f 1478 11 18
f 3264 445 2065
f 1409 2882 1415
f 2788 333 2787
f 1037 1823 2693
f 3442 29 3452
f 3657 3658 3672
f 208 328 2788
f 1557 3202 3211
f 2283 328 208
f 192 67 2747
f 1905 1867 1008
f 607 2263 2261
f 433 3233 432
f 244 2272 240
f 3658 3657 3659
f 448 483 63
f 1559 3213 3212
f 613 643 697
f 1823 1037 1917
f 1989 1768 1249
f 3630 3627 3476
f 448 63 450
f 244 3693 2272
f 2891 2030 178
f 3693 2787 333
f 3095 3094 1592
f 2662 1823 1917
f 3460 1497 1635
f 1117 1037 1011
f 177 2897 193
f 207 2788 2787
f 2146 2432 1226
f 3440 15 2716
f 3588 3683 3589
f 1898 1832 1830
f 1832 1898 2702
f 1119 78 79
f 173 542 172
f 1802 2590 2585
f 193 523 70
f 3204 3205 2309
f 1979 2526 2525
f 1555 3443 1006
f 321 3648 3512
f 1830 1008 1898
f 1038 2657 1100
f 3689 243 2313
f 1784 1117 1116
f 2730 1040 1041
f 1038 1100 1114
f 3435 3234 2413
f 3214 3212 3215
f 3219 3216 3221
f 2787 2786 207
f 432 3233 550
f 440 2066 2064
f 1787 1106 1116
f 1113 1114 1100
f 1486 3500 1971
f 433 3263 3233
f 2540 2523 1980
f 1843 1842 1844
f 1041 1103 2730
f 3272 532 2024
f 240 241 244
f 1344 1342 1673
f 1103 1100 2730
f 1809 1115 2666
f 3522 1867 2636
f 1041 1102 1103
f 1034 1048 1823
f 3060 30 3114
f 2014 1409 1415
f 1823 1048 1035
f 1347 1348 1682
f 3656 3508 3650
f 1414 2882 1346
f 2842 138 1435
f 1682 1414 1346
f 2260 2264 648
f 1103 1783 1113
f 1783 1824 1113
f 1824 1070 2606
f 3268 3275 1569
f 2657 1917 1100
f 3200 3201 3208
f 1497 3460 2659
f 1673 1347 1343
f 648 2264 607
f 2356 1411 2882
f 1106 1107 1105
f 1110 1807 1061
f 1346 1347 1682
f 3091 1590 1640
f 1040 1117 1041
f 1409 1021 2356
f 2668 2356 1021
f 1807 1986 1063
f 2344 2689 2014
f 1063 1986 2516
f 1118 1109 1108
f 2356 1346 1411
f 1346 1345 1347
f 2310 3660 3671
f 1346 1390 1345
f 2134 3522 2636
f 612 696 648
f 1673 1343 1344
f 2787 3693 244
f 2528 2527 1486
f 1825 1026 2806
f 1971 1789 1084
f 3627 3480 3476
f 1633 3659 3666
f 1925 2696 1868
f 1830 1832 1019
f 3107 3113 3133
f 2840 117 1677
f 2668 1683 1346
f 2734 1102 1105
f 1134 1135 78
f 2265 2267 2264
f 3666 3670 3665
f 1110 1335 1782
f 2941 612 607
f 2636 1496 1925
f 3522 2134 1898
f 1335 1334 1345
f 2956 3199 2948
f 1065 1066 1776
f 1067 1059 1777
f 2664 1031 1029
f 2310 2308 3674
f 2260 648 696
f 697 607 609
f 1348 1771 1162
f 1970 2525 1793
f 178 2030 523
f 2606 1069 1058
f 1134 1132 1135
f 1812 1038 1114
f 1114 1112 1812
f 2525 1970 1477
f 1021 2689 2739
f 2448 1432 115
f 1020 1842 1914
f 1832 2702 1834
f 1046 1044 1822
f 1782 1115 2883
f 1409 1412 1021
f 1814 2666 1028
f 1856 2699 1855
f 1034 2662 2658
f 1660 1423 2717
f 1144 1132 1133
f 1824 1783 1070
f 2676 2690 2679
f 1979 1789 2526
f 697 609 613
f 1783 1103 1057
f 153 1066 1065
f 2883 2516 1986
f 2948 3199 3207
f 1038 2655 2657
f 1412 2689 1021
f 1812 1036 1038
f 1854 2694 2699
f 2261 2939 610
f 3654 3650 3628
f 1806 1055 1101
f 2540 2528 2523
f 2356 2668 1346
f 2546 2607 2547
f 1814 1813 1112
f 2692 2680 2689
f 2014 1415 2343
f 2665 2807 2674
f 1105 1108 1104
f 1335 1781 1782
f 84 2815 1140
f 1784 1041 1117
f 2739 1689 1021
f 1029 2666 1115
f 613 608 606
f 2546 2547 1795
f 1043 2658 2662
f 643 2941 697
f 1823 2662 1034
f 1334 1335 1110
f 1919 1049 2658
f 1036 2733 2655
f 1019 1020 2683
f 1036 1033 2733
f 1135 1132 1792
f 207 3686 208
f 1033 1036 1812
f 1063 2516 1058
f 648 607 612
f 80 1135 1052
f 1980 1478 2540
f 2689 2680 2739
f 2607 2546 2534
f 2739 2680 1689
f 2740 1026 2667
f 1135 75 1052
f 1781 1115 1782
f 1683 2667 1825
f 2662 2663 1043
f 2073 3270 1539
f 2882 1409 2356
f 2658 1044 1919
f 1814 1028 1031
f 1804 1777 1059
f 2534 1477 1975
f 3480 3479 3447
f 2561 1135 1792
f 1972 2607 3500
f 2655 1826 2662
f 1142 1792 1144
f 1868 1898 2134
f 1413 1418 1414
f 3103 3114 30
f 1057 1104 1101
f 1033 1812 1813
f 1052 1108 80
f 1143 84 87
f 2698 1864 1865
f 2655 2733 1826
f 2692 2689 1845
f 1071 1804 1806
f 1974 2774 1477
f 1023 2679 1818
f 1925 1868 2134
f 2658 1049 1034
f 2665 2733 1033
f 1142 87 2562
f 1022 2679 1865
f 84 85 87
f 1826 2663 2662
f 1975 1477 1970
f 1022 1865 1864
f 1975 3500 2607
f 1025 1828 2673
f 1061 1807 1063
f 1031 1032 1813
f 2769 1829 1916
f 1069 1776 1063
f 1108 1052 1101
f 2939 611 605
f 85 150 87
f 1857 1818 1864
f 2561 75 1135
f 1046 1023 1818
f 2883 1807 1110
f 3500 1975 1970
f 1053 2735 2884
f 1069 1056 1059
f 1916 2692 1909
f 208 3686 3689
f 1140 85 84
f 1044 2658 1045
f 2774 1974 1476
f 1026 2740 1025
f 1856 1855 2702
f 2534 1975 2607
f 1792 2562 2884
f 1134 81 1132
f 2668 1021 2667
f 1115 2516 2883
f 1029 1027 2664
f 1411 1346 2882
f 1826 1043 2663
f 1066 1063 1776
f 243 3689 3687
f 1350 1166 1756
f 2769 2690 2770
f 1348 1162 1414
f 2770 2676 2674
f 1825 2667 1026
f 1066 1062 1063
f 1057 1055 1056
f 2014 1412 1409
f 2806 1027 1030
f 1040 2730 1917
f 1024 2698 1865
f 1689 1829 1828
f 2664 1032 1031
f 1829 1689 2680
f 2065 443 2064
f 1056 1055 1059
f 2680 1916 1829
f 2604 153 1065
f 191 1806 2735
f 2679 2691 1024
f 75 2561 2735
f 3275 2767 1569
f 2607 1972 2539
f 85 1140 82
f 2516 1115 1809
f 1828 1025 2740
f 2815 1143 88
f 1101 1052 75
f 1792 2884 2561
f 3629 3630 3624
f 1059 1055 1804
f 2692 1916 2680
f 75 2735 1806
f 1105 1104 2734
f 150 85 82
f 1335 1345 1390
f 1108 1109 80
f 2740 2667 1021
f 1027 1029 1030
f 1048 1034 1049
f 2605 1332 1064
f 2735 1053 191
f 1029 1028 2666
f 1030 1781 1825
f 1071 191 1060
f 1143 2815 84
f 1079 149 2808
f 1141 150 82
f 1898 2699 1856
f 2699 1898 1868
f 1826 2733 2665
f 2655 1038 1036
f 1864 1818 1022
f 1916 1909 2675
f 1418 2882 1414
f 3624 3630 3477
f 1827 1023 1046
f 149 1079 1072
f 1043 1826 1827
f 1019 1832 1912
f 2562 150 1141
f 1118 1108 1107
f 1075 1795 2547
f 1905 2659 1867
f 1105 1784 1106
f 1043 1822 1045
f 1053 1060 191
f 3460 1635 2682
f 1669 1392 1400
f 1830 1905 1008
f 1112 1813 1812
f 83 2808 82
f 73 2801 71
f 3522 1008 1867
f 1044 1045 1822
f 149 1261 1805
f 1067 1777 2604
f 1067 1776 1069
f 2725 1060 1805
f 608 605 606
f 1857 1820 1919
f 1827 1826 2665
f 191 1071 1806
f 3226 3700 336
f 1117 1040 1037
f 2604 1065 1067
f 2683 1635 1019
f 3629 3628 3630
f 2660 2659 3460
f 1756 1166 1673
f 2606 1070 1069
f 1912 1832 1834
f 2806 1030 1825
f 2734 1057 1103
f 1493 1635 2683
f 153 2604 1064
f 1418 1413 2882
f 1777 1071 1068
f 1335 1825 1781
f 2807 2665 2664
f 1347 1334 1343
f 1079 152 83
f 1107 1108 1105
f 1103 1102 2734
f 1043 1827 1822
f 1132 1144 1792
f 1079 2808 152
f 2808 83 152
f 1113 1100 1103
f 2769 1916 2675
f 1865 2679 1024
f 1026 1025 2673
f 1777 1068 2604
f 1032 1033 1813
f 1116 1106 1784
f 1689 2740 1021
f 2562 87 150
f 1115 1781 1030
f 1683 2668 2667
f 2690 2769 2675
f 2527 1972 3500
f 2669 2674 2673
f 1041 1784 1102
f 1046 1818 1857
f 1825 1390 1683
f 1390 1346 1683
f 1111 1814 1112
f 1113 1112 1114
f 1045 2658 1043
f 1898 1856 2702
f 1857 1919 1044
f 1804 1071 1777
f 1059 1067 1069
f 1008 3522 1898
f 1912 1834 1855
f 149 1805 1060
f 1986 1807 2883
f 1390 1825 1335
f 2605 1064 2604
f 1068 1071 1060
f 1133 1142 1144
f 1047 1864 1846
f 57 443 2065
f 2516 1809 1058
f 1142 2562 1792
f 1022 1818 2679
f 2662 2657 2655
f 2770 2690 2676
f 1822 1827 1046
f 1917 2730 1100
f 2725 2605 2604
f 1954 1803 1802
f 2808 1053 1141
f 1057 1101 1055
f 1917 2657 2662
f 2806 2807 1027
f 2770 1829 2769
f 3223 1882 2270
f 1828 2770 2669
f 1895 476 2277
f 1868 1854 2699
f 1814 1111 2666
f 1111 1824 2606
f 1811 151 1072
f 1806 1804 1055
f 2669 2673 1828
f 2605 1261 1332
f 3440 3461 3462
f 1855 2699 2694
f 2674 1827 2665
f 2674 2676 1023
f 2679 2690 2691
f 1033 1032 2665
f 2807 2664 1027
f 537 69 68
f 1824 1111 1113
f 2058 455 471
f 899 742 2934
f 1068 1060 2725
f 1347 1673 1348
f 2896 2130 182
f 1412 2014 2689
f 1105 1102 1784
f 1689 1828 2740
f 2675 1024 2690
f 1053 2884 1141
f 1030 1029 1115
f 2884 2735 2561
f 1056 1069 1783
f 2666 1111 1809
f 1857 1044 1046
f 2674 2669 2770
f 2797 60 437
f 1023 2676 2679
f 1031 1813 1814
f 1842 1843 1392
f 2691 2690 1024
f 2806 2674 2807
f 2674 1023 1827
f 2665 1032 2664
f 2674 2806 2673
f 2673 2806 1026
f 2883 1110 1782
f 1347 1345 1334
f 2798 483 60
f 1035 2693 1823
f 2770 1828 1829
f 1161 1413 1414
f 336 335 3226
f 1805 2605 2725
f 1111 1112 1113
f 3673 3639 3640
f 1031 1028 1029
f 2498 16 2703
f 1765 1217 1215
f 1153 2765 1150
f 1783 1057 1056
f 1150 1217 1758
f 2765 187 2498
f 3689 3686 3687
f 2816 1219 2817
f 2765 1217 1150
f 2765 1769 1215
f 2495 1153 1154
f 2817 188 2816
f 146 1332 1261
f 2495 187 1153
f 1141 82 2808
f 2703 16 1764
f 1769 1219 1725
f 2498 1769 2765
f 3685 2316 3684
f 1219 1769 1221
f 78 80 1109
f 148 1215 1725
f 2433 1231 1220
f 145 151 144
f 2765 1215 1217
f 187 16 2498
f 3643 3681 3679
f 2817 2704 188
f 2073 3269 3268
f 1811 1072 1078
f 354 2306 444
f 3686 207 2786
f 2816 1725 1219
f 479 471 481
f 62 61 479
f 1221 1218 1219
f 1722 2817 1220
f 148 1725 2431
f 2431 1725 2816
f 3681 3446 340
f 1219 1218 2817
f 1221 2433 1220
f 1725 1215 1769
f 432 2285 3265
f 188 2431 2816
f 188 1222 2431
f 1151 2496 2497
f 1218 1221 1220
f 2817 1218 1220
f 1231 3471 1220
f 3268 1569 2768
f 2703 1151 2498
f 3471 1722 1220
f 1222 148 2431
f 149 1072 151
f 2704 1222 188
f 2943 2945 3207
f 609 610 608
f 3232 3231 3701
f 1053 2808 1060
f 2817 1722 2704
f 2765 1153 187
f 1104 1108 1101
f 1809 1111 2606
f 3512 313 3652
f 3263 2065 2066
f 3227 1888 3234
f 75 1806 1101
f 151 145 1261
f 3236 336 3700
f 1058 1809 2606
f 332 3443 331
f 2884 2562 1141
f 1135 80 78
f 2307 3274 3226
f 1540 2034 2767
f 2145 1726 2148
f 471 466 2058
f 2734 1104 1057
f 1783 1069 1070
f 149 1060 2808
f 149 151 1261
f 2001 2145 2148
f 1331 1064 1332
f 2604 1068 2725
f 1069 1063 1058
f 542 74 2801
f 3223 1556 3275
f 1040 1917 1037
f 1261 2605 1805
f 1261 145 146
f 1078 1072 1079
f 1776 1067 1065
f 470 466 471
f 81 1134 1136
f 487 1895 1462
f 1629 3201 3200
f 2949 2947 2951
f 1133 81 2812
f 2813 1133 2812
f 2812 1136 2814
f 2074 2041 2034
f 1121 2814 1136
f 87 1142 1133
f 2813 86 1133
f 2812 2814 1137
f 1978 2515 1779
f 1133 86 87
f 1137 2813 2812
f 1592 3094 2025
f 1126 1137 2814
f 2813 1137 86
f 3677 3681 3643
f 3177 1587 1634
f 3269 2073 1539
f 87 86 88
f 2812 81 1136
f 89 1125 2811
f 1121 1126 2814
f 3215 3218 2270
f 2811 1125 1130
f 3476 3480 3447
f 89 1137 1126
f 2587 1074 1073
f 1130 1125 2536
f 3666 3661 3670
f 1462 2051 473
f 2267 2263 2264
f 471 455 481
f 466 487 473
f 3674 2308 325
f 86 1137 89
f 3648 3510 3512
f 81 1133 1132
f 88 86 89
f 440 1463 373
f 88 89 2811
f 3443 3236 3227
f 1125 89 1126
f 1350 1756 2365
f 1350 2365 1351
f 434 550 3233
f 1770 1350 1351
f 1263 1249 1248
f 1756 1686 2365
f 487 1462 473
f 1264 2407 1263
f 1262 1263 1248
f 434 3263 435
f 1248 1352 1262
f 1352 2365 1262
f 1559 340 3446
f 1336 2731 1686
f 1338 1331 1337
f 205 243 3687
f 1262 1688 1263
f 1336 1690 2732
f 1685 1262 2365
f 1554 1553 1560
f 146 1711 1337
f 1688 1262 1341
f 479 482 62
f 1803 1956 19
f 1341 1262 1685
f 3461 263 2352
f 72 173 2092
f 606 605 600
f 3092 1594 3093
f 3672 3660 3673
f 1340 1341 1685
f 2283 3689 2313
f 1685 1338 1340
f 2731 1336 2732
f 2050 2062 2051
f 1685 2365 1686
f 2311 3653 313
f 1339 2731 2732
f 1338 1339 153
f 2064 443 2054
f 1338 2731 1339
f 2270 3218 3223
f 1351 1352 1770
f 3269 1539 3234
f 3493 3474 3498
f 1336 1342 1344
f 470 480 487
f 1341 1340 1711
f 153 1339 1691
f 2473 2459 2460
f 1264 1688 1687
f 143 146 144
f 1338 153 1331
f 1835 2677 1839
f 1691 1066 153
f 146 143 1711
f 1331 153 1064
f 1711 1688 1341
f 1766 1758 1472
f 1690 1066 1691
f 1688 1711 1687
f 1342 1336 1686
f 1711 143 1687
f 2786 3685 3686
f 1168 1759 2472
f 1690 1691 2732
f 1156 1157 1761
f 3679 293 3643
f 1711 1340 1337
f 1686 2731 1685
f 1166 1172 1771
f 2732 1691 1339
f 1352 1353 1770
f 2798 60 2797
f 1686 1756 1342
f 263 3440 2872
f 3678 335 293
f 621 643 613
f 2264 2260 2265
f 1263 1688 1264
f 1896 2316 3231
f 146 145 144
f 2590 1802 1073
f 3447 3473 3477
f 2264 2263 607
f 1685 2731 1338
f 1912 1899 1833
f 2365 1352 1351
f 2355 1444 1757
f 3479 3475 3447
f 550 434 3415
f 72 477 540
f 3207 3199 3206
f 3200 3208 3197
f 1344 1690 1336
f 1332 146 1337
f 2149 2001 2151
f 1859 1853 1035
f 1337 1331 1332
f 609 607 2261
f 1124 2511 2510
f 2001 2149 2408
f 3201 1629 3192
f 608 613 609
f 697 2941 607
f 2407 1249 1263
f 1337 1340 1338
f 610 609 2261
f 336 3236 332
f 3170 1553 3171
f 1126 1121 2512
f 1049 1820 1048
f 1636 1914 2741
f 2066 440 435
f 156 2797 437
f 3236 3443 332
f 1099 2590 1983
f 1075 2590 1073
f 3274 1882 3269
f 3684 3686 3685
f 3237 3443 3227
f 1076 2582 40
f 1123 2266 2267
f 1123 2267 2258
f 2258 1778 1123
f 2536 1778 77
f 1130 2536 77
f 2267 2265 2258
f 1128 1778 2258
f 205 3687 3683
f 548 156 546
f 3683 3686 3684
f 2226 1128 2258
f 1778 1128 1127
f 535 532 3272
f 2811 77 1131
f 2226 2265 2225
f 2225 2227 2226
f 1128 2226 1127
f 77 1127 91
f 1122 1127 2226
f 77 91 1131
f 2810 1131 91
f 1122 91 1127
f 1131 1054 2811
f 3702 3232 3701
f 1441 2871 2843
f 157 158 154
f 1122 2810 91
f 3435 2413 3702
f 2226 2227 90
f 2227 2222 90
f 1122 90 183
f 1054 2810 1129
f 2810 1122 183
f 434 435 3415
f 83 82 1129
f 1078 1079 83
f 77 2811 1130
f 1147 1078 83
f 514 176 3308
f 1147 83 1129
f 1811 94 1259
f 183 76 1129
f 3462 1492 15
f 1129 76 1147
f 1260 2406 1687
f 1811 1259 151
f 143 1260 1687
f 94 1145 1146
f 2246 2231 2230
f 1253 1258 1250
f 1146 1255 1253
f 1253 1255 1258
f 1014 1915 1913
f 2796 509 431
f 2235 1256 2231
f 3234 3435 3237
f 399 163 25
f 1146 2818 1255
f 2055 3261 449
f 2013 2327 1434
f 2316 3435 3701
f 1255 1257 1258
f 72 169 173
f 3587 2032 3588
f 119 2871 1657
f 74 71 2801
f 2355 2331 1444
f 2897 2896 178
f 3587 3589 3684
f 454 2054 2055
f 2714 1399 1408
f 1463 551 1896
f 549 550 3415
f 3435 2316 241
f 2228 2229 2141
f 1676 1655 2334
f 1755 2485 1161
f 124 1458 1446
f 263 1440 2352
f 454 556 2054
f 3237 3435 241
f 3244 2129 2131
f 2054 442 2064
f 444 443 57
f 2199 1727 2707
f 2328 2844 2354
f 3231 3232 549
f 131 122 1445
f 1841 1020 1018
f 2797 156 548
f 555 556 553
f 244 2786 2787
f 156 446 546
f 3701 3435 3702
f 59 166 354
f 550 3232 2285
f 551 1463 3229
f 1463 1896 373
f 549 1896 3231
f 51 1555 2272
f 2594 2611 1955
f 2214 1145 76
f 3523 2645 2661
f 1848 1847 1831
f 1549 1575 1548
f 1921 1485 2602
f 2179 931 2187
f 942 943 1246
f 1257 147 1252
f 2695 1020 1831
f 16 2707 1764
f 2141 2192 2196
f 2229 2228 2236
f 3624 3623 3629
f 2956 3208 3199
f 3473 3478 3477
f 1459 2957 2951
f 321 3437 3638
f 3116 3106 3139
f 332 2315 336
f 2322 3664 3625
f 1146 1253 144
f 1569 2767 2768
f 2168 2149 2151
f 2707 2193 2199
f 16 2764 1763
f 3078 3105 1592
f 2488 2501 1988
f 549 373 1896
f 3688 326 293
f 2582 1076 2578
f 2196 2198 2142
f 2600 2595 40
f 3215 1561 3217
f 3204 3206 3205
f 2707 1763 2706
f 3677 3446 3681
f 250 3641 3639
f 3221 1553 1556
f 2596 2600 40
f 2136 2595 2600
f 2142 2727 1252
f 1541 2767 1554
f 2197 2142 2198
f 3132 3102 1592
f 19 1802 1803
f 2472 1162 1172
f 2229 2236 2195
f 1588 3092 1578
f 1640 3090 3132
f 2148 1233 1246
f 2142 2197 2727
f 2706 2705 890
f 3135 3112 3116
f 2265 2226 2258
f 2494 2706 1763
f 2485 1755 2472
f 2706 2494 2513
f 3132 3091 1640
f 2198 890 2705
f 3683 3684 3589
f 73 159 447
f 1915 2686 1840
f 448 3260 486
f 2228 1256 2235
f 2499 2197 2198
f 2705 2706 2513
f 2705 2499 2198
f 2271 556 555
f 2484 2473 2463
f 2726 2503 1251
f 2482 2484 2463
f 2513 2494 2495
f 1406 1018 1840
f 1848 1849 1847
f 2581 2596 40
f 1155 2486 1154
f 2141 2142 1252
f 3664 3655 3654
f 1956 2136 2600
f 1820 1908 1048
f 3641 3416 3639
f 3671 3206 3204
f 3662 3651 2311
f 3110 3192 3191
f 1954 2628 1803
f 905 2151 2150
f 3671 3660 1633
f 3473 2846 3478
f 1987 2939 2261
f 3204 2310 3671
f 2582 2587 2581
f 2687 2692 1845
f 3192 1629 3191
f 1908 1862 1035
f 1835 2698 2677
f 1589 3111 3091
f 3267 1560 3170
f 19 2600 2596
f 2012 1407 2345
f 3508 313 3512
f 3508 3656 323
f 3480 3650 3649
f 3475 3498 3474
f 1157 2513 2486
f 2600 19 1956
f 1264 1687 2406
f 2501 1989 1988
f 3657 322 3437
f 1910 2684 1913
f 3641 250 320
f 3479 3519 3498
f 3097 3105 3135
f 3651 3653 2311
f 3195 1562 3208
f 3203 1557 3211
f 3093 3111 1589
f 3093 3085 3110
f 2266 596 1987
f 3135 3102 3112
f 3201 1587 1879
f 3110 3111 3093
f 3225 2307 3680
f 3092 3093 1589
f 2767 1541 1540
f 1410 1016 1845
f 2263 2266 1987
f 2677 1909 1015
f 3209 3208 2956
f 3197 1631 1629
f 2701 1924 1846
f 1908 1920 1863
f 1015 1909 2692
f 1788 2524 1120
f 1048 1908 1035
f 3110 3085 3192
f 2344 2343 2351
f 1839 1913 2684
f 2468 1754 2470
f 2073 3271 3270
f 339 1541 1554
f 3673 2310 3674
f 2943 2942 1632
f 1259 144 151
f 2344 1410 2689
f 147 1256 2228
f 1073 1802 41
f 2055 2054 443
f 3654 3628 3625
f 1562 1557 3203
f 2032 3587 551
f 3232 3702 2285
f 322 3657 3640
f 441 442 556
f 2945 3670 1880
f 1678 1421 1677
f 2285 432 550
f 534 68 71
f 1678 2842 1657
f 1978 2514 1788
f 2351 2350 1394
f 1393 2352 1440
f 171 447 478
f 556 2271 554
f 534 2028 2800
f 1136 1119 2515
f 2486 2513 2495
f 444 2306 443
f 1492 3460 15
f 3461 3514 3462
f 1844 1842 1841
f 2342 2341 2349
f 1392 2741 1842
f 3673 3660 2310
f 3459 2011 1397
f 3685 2786 244
f 1979 2532 2524
f 29 3442 51
f 1011 1012 1039
f 2692 2687 1015
f 1233 2148 2424
f 1020 1914 2685
f 3458 176 2747
f 484 155 505
f 2309 2308 3204
f 2343 1415 2342
f 3195 3208 3201
f 1402 1400 1404
f 3100 3099 562
f 73 71 536
f 241 1006 3237
f 2686 2688 1406
f 3650 3655 3656
f 1169 1168 2472
f 2591 1801 2588
f 3090 1640 3087
f 445 56 444
f 1768 1353 1249
f 441 2064 442
f 3415 373 549
f 1801 2591 2589
f 2896 2897 177
f 2491 2427 2469
f 2697 2643 2637
f 502 3249 167
f 2148 1726 2424
f 1161 2724 1413
f 1913 1839 1014
f 1840 1913 1915
f 3191 1631 3188
f 2592 2591 1921
f 3641 111 3416
f 2424 2420 1233
f 2498 1151 2497
f 1155 1154 1150
f 76 94 1147
f 3063 3064 3062
f 1587 3201 3192
f 1015 1915 1014
f 2695 1018 1020
f 3660 3672 3658
f 3444 19 2596
f 2034 2041 3271
f 1010 1850 1013
f 3659 1633 3658
f 1012 1011 1037
f 2635 1934 1926
f 752 2209 2208
f 3472 3447 3475
f 3666 3651 3661
f 1170 1754 1991
f 3214 1559 3212
f 1117 1011 1039
f 2225 2265 2260
f 2654 2697 2642
f 1352 1248 1353
f 2502 2705 2513
f 3659 3651 3666
f 3086 1568 2982
f 1908 1820 1920
f 1831 1837 2700
f 1257 1255 2818
f 2340 2334 2349
f 599 2536 2510
f 2348 2350 2351
f 3523 2653 2645
f 532 2097 2096
f 2024 532 2096
f 1988 2490 2488
f 2892 2097 532
f 2225 2260 2259
f 2727 2726 1251
f 2490 1988 1472
f 2724 45 1413
f 1763 2764 2495
f 3082 3086 1614
f 3663 3669 3655
f 1906 3523 2661
f 1655 1656 2334
f 2623 1929 2626
f 2214 2231 1145
f 2677 2675 1909
f 2345 1410 2344
f 2335 2334 2340
f 3655 3669 3661
f 3606 2626 2625
f 3524 2653 2649
f 1488 2615 2631
f 3468 3464 3146
f 1947 2588 1946
f 3072 3246 3077
f 1170 1991 2473
f 2688 1410 1407
f 2335 2340 45
f 2627 1994 2364
f 1837 1849 1833
f 1754 2468 1991
f 2499 2705 2726
f 2335 1676 2334
f 1655 1676 2347
f 2799 1884 3308
f 3088 3089 3080
f 45 2337 1676
f 1260 144 1253
f 1146 144 1259
f 2815 2811 1054
f 1712 2726 2705
f 1947 2591 2588
f 1852 1010 1013
f 1385 1901 2363
f 2337 45 2724
f 2513 1157 2502
f 2815 1054 1140
f 2347 1676 2337
f 1491 3527 1994
f 45 2340 2339
f 2502 1149 2409
f 1145 2231 1256
f 1901 3526 2363
f 147 2818 1256
f 2591 2592 2589
f 1901 3466 2364
f 2484 2482 14
f 3514 3527 2678
f 1250 2406 1253
f 3144 1884 1548
f 2337 1419 2347
f 2476 2337 2477
f 2342 2351 2343
f 2727 2499 2726
f 3190 3187 3182
f 2688 1016 1410
f 1489 1494 2642
f 2637 1489 2642
f 3142 1884 3144
f 1550 3096 3097
f 2678 2681 3514
f 1459 2954 2955
f 1906 1494 2648
f 1994 3527 2670
f 2649 3523 2647
f 1939 2649 2647
f 1161 2485 2724
f 1901 1994 2670
f 2927 2925 1876
f 2364 3466 2627
f 1788 2514 2524
f 3141 1884 3142
f 1956 2593 2136
f 2799 1548 1884
f 3439 1884 3244
f 1472 1758 2490
f 1637 2641 2637
f 1712 2705 2502
f 3526 1901 2670
f 3518 3606 1877
f 2136 2593 1952
f 1884 3450 3244
f 2764 16 187
f 2643 1637 2637
f 3450 1884 3147
f 2696 1858 1860
f 3466 1901 3465
f 3464 3450 3147
f 3524 3495 2653
f 1765 1758 1217
f 1939 1816 2738
f 1566 3083 3074
f 1494 1489 2648
f 3466 3465 3490
f 14 2482 1760
f 3527 3514 2670
f 2922 23 2927
f 88 2811 2815
f 2649 1939 3524
f 2648 2647 3523
f 3490 3465 1900
f 1937 1921 1947
f 3467 3450 3464
f 1884 3439 3308
f 1923 2659 1922
f 3111 2958 1590
f 3450 3467 3465
f 2659 2660 1922
f 3467 1900 3465
f 2672 1922 2660
f 1994 1901 2364
f 2594 1952 2593
f 321 3512 3652
f 3147 1884 3141
f 1816 2612 2738
f 3120 1876 3125
f 2694 1495 1855
f 1489 2641 2622
f 2648 2622 2647
f 1758 1766 1155
f 1816 1939 1932
f 3189 1568 2958
f 2633 2618 1491
f 3185 3187 3190
f 1780 2656 1911
f 3489 1900 2925
f 23 2922 24
f 2599 2594 1955
f 1766 1762 1155
f 2644 1494 1906
f 3653 3652 313
f 2642 1494 2654
f 2637 2642 2697
f 3109 1878 3108
f 2946 2952 1459
f 1640 1590 3087
f 23 3489 2925
f 1712 2502 2409
f 1921 1937 1936
f 2594 2599 1952
f 1648 1904 3154
f 1886 2757 3246
f 1922 2672 2671
f 3527 2638 2678
f 3246 3072 1584
f 1937 2612 1931
f 3143 3148 1875
f 2681 2678 2671
f 3074 3083 3075
f 3149 1575 1570
f 3115 1873 2718
f 1648 1638 1904
f 2920 3457 1646
f 3490 3489 1869
f 2409 1709 2503
f 3141 3145 3146
f 562 566 565
f 2620 1488 2623
f 1762 1761 1155
f 1585 1875 3148
f 3189 3186 3190
f 2804 3151 199
f 2927 3486 3457
f 1646 3486 1638
f 2477 1650 2476
f 3464 1582 3467
f 3628 3627 3630
f 3186 1563 3185
f 2956 1880 2951
f 1869 2625 199
f 1979 1476 2532
f 2653 3523 2649
f 3612 3667 3613
f 2636 1867 1927
f 1585 1584 3096
f 1127 77 1778
f 1869 3606 2625
f 3188 3186 3189
f 1978 1121 2515
f 1838 1835 2684
f 1408 1394 2715
f 2322 3623 3620
f 2947 1459 2951
f 2620 2621 1930
f 2947 2946 1459
f 1817 1637 2643
f 1778 2536 1123
f 2230 2231 2214
f 3511 1876 1582
f 1650 2477 2485
f 1568 3189 3190
f 1923 1922 2639
f 3128 3108 1576
f 1157 1156 2502
f 2958 3188 3189
f 1637 1817 1925
f 2246 2235 2231
f 2620 2623 1928
f 1546 1547 3161
f 2196 2142 2141
f 2577 2582 2578
f 3186 3209 1563
f 2737 3524 1943
f 3457 3486 1646
f 2943 3665 2945
f 1873 565 2718
f 199 2625 2804
f 2946 2947 2953
f 1568 3087 1590
f 2616 3527 1491
f 3143 1875 1576
f 1631 3197 3186
f 1252 147 2141
f 1738 1665 1419
f 1988 1766 1472
f 24 2922 1877
f 1831 1847 1849
f 2537 1984 2539
f 3197 3209 3186
f 1156 1761 1762
f 3120 3124 3154
f 2950 2953 2947
f 2949 2951 1880
f 2611 1485 1921
f 2707 1727 1764
f 3096 1550 1585
f 3482 3126 2805
f 2729 1354 1768
f 2611 2624 1955
f 1819 1861 1862
f 2660 1492 2672
f 559 1548 3140
f 1354 2729 1684
f 2626 1929 2625
f 2213 742 185
f 1940 2647 2622
f 2700 1910 1831
f 1353 1768 1354
f 2922 3457 1951
f 2672 1492 2671
f 2931 2210 2209
f 3097 3138 1588
f 1353 1354 1770
f 3518 2626 3606
f 1939 1943 3524
f 1350 1684 1166
f 1684 1770 1354
f 147 2228 2141
f 2322 3613 3664
f 1940 1932 1939
f 1167 1684 2729
f 1770 1684 1350
f 3490 199 3151
f 3416 3640 3639
f 2476 2478 1738
f 2646 1858 2697
f 2602 2592 1921
f 1410 2345 1407
f 1759 2485 2472
f 2228 2235 2236
f 1931 1936 1937
f 2634 2640 1923
f 3668 2950 2949
f 3667 3668 3669
f 1156 1149 2502
f 2591 1947 1921
f 1838 2684 1910
f 1867 2640 1927
f 3207 2945 2948
f 611 1987 596
f 1160 1168 14
f 1762 1988 1149
f 1904 1638 3486
f 2684 1835 1839
f 1862 1863 2133
f 2168 2151 905
f 3656 2311 323
f 3654 3625 3664
f 752 899 2934
f 2686 2687 1016
f 3246 3148 1886
f 2602 1956 2592
f 250 3639 1558
f 1632 3206 3671
f 2948 1880 2956
f 2625 22 2804
f 3154 3488 1648
f 2921 1951 2920
f 2651 2608 2588
f 1767 1709 2409
f 2629 1877 3509
f 1149 1156 1762
f 3097 1588 3105
f 1910 1018 2695
f 1159 2478 1650
f 1547 3077 3161
f 3072 3077 3075
f 1169 1172 1170
f 2351 2345 2344
f 1877 245 3518
f 1930 1938 2614
f 2706 2193 2707
f 147 1257 2818
f 2818 1146 1256
f 1591 3083 3138
f 1994 2627 2633
f 2472 1172 1169
f 1929 1488 22
f 76 1145 94
f 2677 2698 1024
f 2695 1831 1910
f 3657 3652 3659
f 1419 1665 2479
f 1913 1840 1910
f 2805 2744 3482
f 565 1873 562
f 1989 2409 1149
f 2645 2653 2656
f 1408 2012 1394
f 2337 2476 1419
f 1989 1767 2409
f 1953 2613 2612
f 1249 2407 1767
f 2639 2634 1923
f 3070 2017 2040
f 1563 2956 2957
f 2349 2334 2329
f 1758 1155 1150
f 3667 2950 3668
f 3096 1584 3138
f 3612 2950 3667
f 2921 3509 1951
f 2012 2345 2351
f 1936 2611 1921
f 2729 1148 2491
f 2611 2594 1485
f 1880 3670 3668
f 3075 3164 3074
f 3140 1575 3149
f 2628 2592 1956
f 3164 3075 1547
f 2622 2641 1926
f 3124 3125 1571
f 24 3489 23
f 3063 1612 3051
f 3142 3144 558
f 2736 2615 1938
f 1951 1877 2922
f 3509 2921 2630
f 3154 3153 3488
f 3246 1584 3148
f 3140 2757 1886
f 2612 1946 2738
f 1876 3511 3125
f 1078 1147 94
f 2012 2351 1394
f 2700 1837 1838
f 2503 1712 2409
f 2686 1915 1015
f 183 2214 76
f 2259 2227 2225
f 2713 1170 2484
f 2229 2195 2192
f 1930 1965 2613
f 1650 2485 1759
f 1932 2622 1935
f 1853 1852 1013
f 1169 1170 2713
f 2586 2585 2590
f 2675 2677 1024
f 2348 2329 2715
f 3126 1572 1574
f 2477 2337 2724
f 2686 1016 2688
f 1015 1014 2677
f 2334 1656 2329
f 2150 2171 905
f 1650 2478 2476
f 2729 1768 1148
f 1146 1145 1256
f 1760 1160 14
f 3062 3071 1612
f 1575 3140 1548
f 2689 1410 1845
f 2633 1491 1994
f 2713 1168 1169
f 1020 1848 1831
f 1676 2335 45
f 1849 1837 1831
f 1835 1838 2698
f 2501 2487 1989
f 41 2596 1073
f 1140 1129 82
f 2469 2461 1167
f 1413 45 2339
f 2014 2343 2344
f 2350 2715 1394
f 2486 2495 1154
f 2715 2714 1408
f 2351 2342 2348
f 1848 1912 1849
f 1584 1591 3138
f 1168 1160 1759
f 22 2619 2618
f 1547 1546 3243
f 1488 2619 22
f 1684 1172 1166
f 2522 2737 1943
f 3243 1546 3240
f 2707 16 1763
f 2700 1838 1910
f 2329 2714 2715
f 1541 339 1538
f 1885 3240 3162
f 2661 3525 1907
f 3457 2920 1951
f 3074 3156 1566
f 3144 1548 559
f 2805 1878 2745
f 2638 2671 2678
f 3156 3074 3073
f 1885 3073 3164
f 3242 2137 3241
f 3242 2024 2096
f 1593 3076 1566
f 3154 1904 3120
f 2151 2001 943
f 3162 2137 3160
f 905 2171 2169
f 1885 1547 3243
f 3266 3242 2096
f 3162 1567 3181
f 3213 3222 1561
f 2631 2619 1488
f 2715 2350 2348
f 3242 3238 2137
f 3162 3181 3163
f 1885 3243 3240
f 2137 3238 3160
f 1912 1833 1849
f 3266 3238 3242
f 1155 1761 2486
f 2810 183 1129
f 3163 3157 3156
f 2958 1568 1590
f 3163 3181 3176
f 1557 3195 3202
f 2596 41 3444
f 3073 1885 3162
f 2623 245 1928
f 2096 3456 3266
f 1876 1900 3467
f 1013 1039 1012
f 3084 1593 3193
f 3662 2311 3655
f 1488 2620 2614
f 1595 1889 3266
f 1565 1510 318
f 3157 3193 1593
f 3193 3179 3177
f 3169 3238 1889
f 3239 2137 3240
f 1559 325 3463
f 1564 1551 3176
f 3205 3211 2309
f 2629 3509 2630
f 2629 2630 2624
f 2641 1496 2635
f 2636 2635 1496
f 2628 1954 1801
f 2956 2951 2957
f 2603 2585 2586
f 1124 2510 2536
f 1567 3167 1552
f 3160 3167 1567
f 1593 3084 3076
f 3157 3163 1551
f 3173 1564 1552
f 3222 3217 1561
f 3174 3167 3169
f 1889 3168 3180
f 1509 1649 3179
f 3163 3176 1551
f 3238 3169 3167
f 3168 1560 3267
f 3267 3180 3168
f 3193 3175 3179
f 1853 1013 1012
f 3638 3437 322
f 3175 1564 3179
f 2947 2949 2950
f 3081 3080 3089
f 3178 1564 3173
f 3102 3132 3103
f 3073 3074 3164
f 1880 2948 2945
f 3173 3174 1510
f 3174 3180 3172
f 3180 3267 3172
f 3157 1566 3156
f 1564 3176 3181
f 3179 1649 3177
f 1788 1120 2512
f 3178 3173 1509
f 3463 2308 2309
f 2229 2192 2141
f 1551 1564 3175
f 3222 3213 3220
f 3171 3172 3267
f 596 599 611
f 1509 3179 3178
f 3266 1889 3238
f 1564 3181 1567
f 1552 3174 3173
f 3162 3240 2137
f 1889 3180 3169
f 3179 1564 3178
f 1564 1567 1552
f 3194 3196 1649
f 1547 1885 3164
f 3202 1879 3196
f 3221 3216 337
f 3115 3107 30
f 2503 2726 1712
f 3238 3167 3160
f 1510 1565 1509
f 1649 1509 3194
f 1565 337 3217
f 1919 1820 1049
f 3172 1510 3174
f 3202 3220 3211
f 337 3171 3221
f 3194 1509 1565
f 1510 3172 318
f 1122 2226 90
f 1649 3196 3177
f 3213 2309 3220
f 2308 3463 325
f 3174 3169 3180
f 3217 337 3216
f 3211 3220 2309
f 2619 2631 1934
f 3242 3241 2024
f 3157 1551 3175
f 2620 1930 2614
f 1538 3168 1595
f 1881 3194 1565
f 3194 3202 3196
f 1634 3192 3085
f 2012 2688 1407
f 3222 1881 1565
f 1900 1876 2925
f 3196 1879 3177
f 1593 1566 3157
f 3241 2137 3239
f 3073 3162 3163
f 1576 1878 3126
f 318 337 1565
f 1881 3222 3220
f 1538 339 3168
f 1149 1988 1989
f 3273 3271 2041
f 1039 1013 1098
f 1249 1353 1248
f 3192 1634 1587
f 3456 1595 3266
f 3083 1591 3075
f 1570 1546 3161
f 1073 2581 2587
f 2625 1929 22
f 3163 3156 3073
f 2953 2950 3612
f 2074 1540 1461
f 3222 1565 3217
f 3463 2309 3213
f 2632 2136 1952
f 1889 1595 3168
f 1881 3220 3194
f 433 2068 3273
f 3148 1584 1585
f 2745 1641 2744
f 2614 2615 1488
f 1927 1934 2635
f 1559 3463 3213
f 3240 1546 3239
f 3669 3668 3661
f 1078 94 1811
f 3171 337 318
f 3143 1574 3137
f 3194 3220 3202
f 3213 1561 3212
f 318 3172 3171
f 1761 1157 2486
f 2640 2659 1923
f 2487 2501 2488
f 1494 2644 1050
f 245 1877 2629
f 1989 1249 1767
f 1510 1509 3173
f 1567 3162 3160
f 1899 1837 1833
f 2727 2197 2499
f 539 1887 1570
f 3157 3175 3193
f 1552 3167 3174
f 1918 3495 2522
f 1946 2608 1808
f 3239 1546 1570
f 1585 1550 1875
f 3161 3149 1570
f 1487 1928 245
f 3668 3670 3661
f 2631 1935 1934
f 1907 2644 1906
f 1946 2588 2608
f 2461 1990 2470
f 1042 2644 1907
f 1576 1875 3139
f 1808 1942 1943
f 3511 3468 3482
f 2618 2616 1491
f 3097 3134 1550
f 2494 1763 2495
f 1768 2487 1148
f 2757 3077 3246
f 1988 1762 1766
f 1768 1989 2487
f 2617 2618 2619
f 2469 2427 2461
f 2491 2469 2729
f 2624 1487 245
f 2461 2470 1167
f 2611 1936 1965
f 2635 2636 1927
f 558 1886 3137
f 1588 3138 3092
f 2736 1816 1932
f 1808 1943 2738
f 1167 2729 2469
f 3482 2744 1571
f 2638 3527 2616
f 1167 2471 1171
f 3489 3606 1869
f 2468 2470 1990
f 1860 2646 1851
f 2485 2477 2724
f 2471 1167 2470
f 1931 1965 1936
f 1575 539 1570
f 2476 1738 1419
f 1934 1927 2619
f 1650 1759 1160
f 2617 2619 1927
f 2193 2706 890
f 1260 143 144
f 1938 1930 2613
f 2495 2764 187
f 2471 2470 1754
f 1935 2615 1932
f 2602 1485 2593
f 2626 3518 2623
f 2459 1991 2468
f 1260 1253 2406
f 2613 2736 1938
f 2459 2473 1991
f 1941 1051 1945
f 2643 2697 1817
f 3509 1877 1951
f 2621 2620 1928
f 1050 2654 1494
f 2616 2617 2638
f 3466 3490 3151
f 94 1146 1259
f 1927 2634 2617
f 2349 2348 2342
f 539 1575 1549
f 1935 1926 1934
f 2736 1932 2615
f 3096 3138 3097
f 2602 2593 1956
f 1489 2622 2648
f 1928 1487 2621
f 3144 559 558
f 2638 2617 2639
f 3669 3663 3613
f 3083 3076 3138
f 1926 1935 2622
f 2594 2593 1485
f 2622 1932 1940
f 2736 2613 1953
f 2624 2611 1965
f 3154 3124 2744
f 3241 3239 1887
f 1947 2612 1937
f 1907 1906 2661
f 1955 2624 2630
f 2647 1940 1939
f 563 1614 2040
f 1945 1051 1944
f 2641 2635 1926
f 2615 2614 1938
f 2639 1922 2638
f 3667 3669 3613
f 2634 2639 2617
f 1684 1167 1171
f 1965 2621 1487
f 1840 1018 1910
f 1953 2612 1816
f 2471 1754 1170
f 3076 3092 3138
f 2227 2259 2222
f 2471 1170 1171
f 2484 1170 2473
f 2634 1927 2640
f 3124 3120 3125
f 2686 1406 1840
f 1946 1808 2738
f 1550 3139 1875
f 1172 1162 1771
f 3139 1550 3134
f 3606 3489 24
f 2340 2349 2341
f 2713 14 1168
f 649 2249 184
f 199 3490 1869
f 1054 1129 1140
f 2182 897 649
f 2922 2927 3457
f 896 2200 927
f 2745 1878 3109
f 14 2713 2484
f 2237 2249 649
f 2186 294 2181
f 2182 2185 2184
f 2686 1015 2687
f 1152 1151 2703
f 185 649 184
f 3185 2957 2955
f 649 897 2237
f 897 2182 2184
f 2210 2180 738
f 2209 738 2208
f 185 2182 649
f 2237 897 2195
f 897 2196 2192
f 1571 3511 3482
f 2194 2184 900
f 2194 898 2198
f 184 2213 185
f 1939 2738 1943
f 2612 1947 1946
f 3468 3511 1582
f 3084 1594 3076
f 2398 2167 2166
f 2201 2199 2193
f 2232 2195 2236
f 2166 2187 944
f 2186 899 752
f 2133 1863 1920
f 2958 3111 3191
f 1867 2659 2640
f 2624 1965 1487
f 2136 2632 2595
f 3126 3482 1572
f 2201 2194 2200
f 1172 1171 1170
f 3147 3146 3464
f 944 1152 2166
f 3456 1538 1595
f 1160 1159 1650
f 3456 1461 1538
f 2703 1764 1152
f 185 899 2182
f 2232 2237 2195
f 1764 2398 1152
f 2232 2246 2237
f 738 903 2208
f 1461 3456 2096
f 2097 2892 436
f 897 2192 2195
f 2180 2210 2171
f 439 2892 533
f 2187 2500 2179
f 1247 2150 2179
f 901 894 2189
f 2186 2182 899
f 1727 2398 1764
f 436 2074 1461
f 2232 2235 2246
f 1540 1541 1461
f 1461 2097 436
f 895 2500 2187
f 895 2179 2500
f 2166 2167 2187
f 1247 903 738
f 738 2209 2210
f 2167 901 895
f 901 2167 894
f 2179 903 1247
f 2179 895 903
f 896 2398 1727
f 2236 2235 2232
f 890 2201 2193
f 2097 1461 2096
f 439 436 2892
f 896 894 2167
f 1538 1461 1541
f 2180 1247 738
f 1162 2472 1755
f 2167 895 2187
f 1727 2201 896
f 2200 896 2201
f 903 895 2188
f 2348 2349 2329
f 1131 2810 1054
f 752 2188 2186
f 897 2194 2196
f 1014 1839 2677
f 558 3137 3142
f 1247 2180 2171
f 896 927 2202
f 896 2167 2398
f 3139 3128 1576
f 902 2189 894
f 897 2184 2194
f 2185 2182 2181
f 2522 2521 1918
f 1817 2697 1858
f 902 894 2202
f 2623 1488 1929
f 900 2184 2185
f 2186 2181 2182
f 902 294 2189
f 3137 1574 3145
f 2198 2196 2194
f 2181 2202 927
f 2189 294 2188
f 559 1886 558
f 2189 895 901
f 2189 2188 895
f 3145 3142 3137
f 927 2183 2181
f 2208 903 2188
f 1152 2398 2166
f 294 2186 2188
f 1574 3143 3126
f 1247 2171 2150
f 900 2200 2194
f 2616 2618 2617
f 2202 2181 902
f 2185 2183 900
f 3149 2757 3140
f 2181 294 902
f 2202 894 896
f 898 2194 2201
f 2496 1151 1152
f 898 2201 890
f 2185 2181 2183
f 2183 927 900
f 2200 900 927
f 1727 2199 2201
f 3072 1591 1584
f 2198 898 890
f 3126 3143 1576
f 2188 752 2208
f 1171 1172 1684
f 2744 2805 2745
f 586 2565 587
f 2953 3615 2978
f 2967 1597 2968
f 2929 1598 3056
f 1596 3068 3020
f 2560 594 1791
f 2967 127 3000
f 3131 3055 3057
f 2996 2998 2999
f 3026 1872 1579
f 3079 2021 2023
f 570 569 1579
f 568 3131 3057
f 3017 3010 3061
f 36 1579 1872
f 2549 2545 2544
f 2971 2978 2976
f 2966 2969 1597
f 2966 1597 2967
f 291 801 681
f 3058 568 3056
f 588 3504 624
f 3027 577 581
f 3026 1579 575
f 569 570 2026
f 2977 2946 2953
f 2975 2965 2972
f 586 2571 2566
f 623 2565 2916
f 2988 2997 3000
f 2969 2966 2970
f 624 2219 679
f 2997 2966 2967
f 578 3027 3057
f 3131 568 2015
f 3059 568 3058
f 2573 2552 2550
f 862 852 848
f 682 664 858
f 560 3059 3130
f 2566 2571 2567
f 2971 2976 2970
f 2578 12 2577
f 2978 2971 2977
f 2970 2975 2971
f 2952 2946 2977
f 2998 2988 3000
f 2966 2997 2988
f 560 3129 3117
f 1611 1615 3023
f 3129 3119 1874
f 1598 3058 3056
f 3025 3036 3026
f 603 601 617
f 1949 2919 1800
f 3025 3026 575
f 2026 571 569
f 2977 2971 2952
f 2994 2988 2998
f 699 2257 3158
f 2988 2970 2966
f 1874 3117 3129
f 3198 603 2268
f 3030 31 3032
f 2969 2976 2974
f 3059 3058 3130
f 2959 3020 3068
f 2972 2973 262
f 2971 1628 2952
f 2988 2994 2970
f 2998 2996 2994
f 571 560 3101
f 3117 3101 560
f 587 2565 2256
f 852 807 848
f 595 617 590
f 2564 2570 2574
f 3020 2959 2960
f 3053 575 572
f 2916 2565 2917
f 569 2023 2022
f 3340 2098 3366
f 3339 2098 3340
f 2098 3345 3366
f 3362 3348 3339
f 2937 2712 2711
f 709 722 708
f 2712 2233 2253
f 689 692 693
f 2554 2556 1081
f 2556 2555 1081
f 2975 2980 1628
f 1790 2557 2555
f 2556 2554 593
f 2987 2961 2984
f 1791 2554 2773
f 2555 2557 1082
f 2554 2269 593
f 1081 2773 2554
f 1791 2773 2560
f 2583 1080 2549
f 1082 1080 1797
f 1797 2555 1082
f 2544 2543 2549
f 2560 2773 3198
f 2555 1797 1081
f 1797 1960 1081
f 1968 1081 1960
f 2545 1798 2551
f 619 618 647
f 2990 2994 2996
f 2549 2543 2583
f 1797 2601 1960
f 1796 1961 1960
f 601 603 3198
f 1077 1960 2601
f 571 3052 2023
f 3158 2257 627
f 2268 603 617
f 3024 3047 3318
f 3004 1625 3002
f 1613 3044 3049
f 3029 3036 3024
f 1618 3365 888
f 893 892 889
f 2578 197 12
f 3130 3129 560
f 3618 3620 3617
f 3615 2974 2978
f 2969 2974 3614
f 601 591 617
f 874 912 2862
f 3053 3021 3025
f 2963 2962 2965
f 262 2980 2975
f 595 2262 617
f 1624 2990 2996
f 3210 1628 2980
f 2718 3117 3115
f 3027 3056 3057
f 576 2016 2928
f 622 619 589
f 571 2026 2015
f 1579 37 570
f 809 681 801
f 2962 2972 2965
f 2993 1622 3003
f 2544 2601 2543
f 2551 1798 2548
f 2569 2544 2551
f 3117 2718 3101
f 572 575 569
f 2916 1949 623
f 2023 569 571
f 2929 3056 3027
f 1962 1961 1796
f 2970 2965 2975
f 3053 572 1610
f 1597 2969 3614
f 315 663 3633
f 2023 2021 2022
f 3059 2015 568
f 3611 2777 127
f 2980 2979 2981
f 3054 3055 37
f 2962 2963 2989
f 3618 3615 3613
f 2022 572 569
f 2993 1624 38
f 2565 623 2256
f 3003 883 882
f 3003 3002 2993
f 291 681 6
f 3131 37 3055
f 885 3002 882
f 3616 3615 3618
f 2975 1628 2971
f 2919 2918 1800
f 1077 1796 1960
f 3619 311 3609
f 565 3101 2718
f 669 658 679
f 2990 1624 2995
f 3061 3023 3071
f 568 3057 3056
f 2575 2 2576
f 2543 2601 2584
f 3011 1615 1611
f 3033 3028 3022
f 578 3057 3055
f 3623 3609 3620
f 3003 882 3002
f 2985 262 2973
f 566 567 565
f 2979 262 2985
f 2967 3611 127
f 1800 2928 2016
f 2954 3210 2981
f 2981 2979 2984
f 1627 2962 2989
f 2995 2993 1625
f 2995 1621 2990
f 3017 3155 3010
f 2549 1799 2545
f 126 3636 3607
f 2021 3079 2018
f 2565 2566 2917
f 2572 2550 2575
f 3634 3506 682
f 3079 567 566
f 1610 2022 2021
f 3054 3034 31
f 2989 2991 1627
f 1621 2989 2990
f 853 3150 682
f 1621 2995 1625
f 604 2262 595
f 2993 38 1622
f 3131 2015 2026
f 3028 3033 3021
f 3028 1610 2018
f 3150 3634 682
f 3611 2968 3608
f 3028 2018 3022
f 3052 567 3079
f 1610 2021 2018
f 3368 3155 3015
f 570 3131 2026
f 2964 1626 2961
f 2963 2994 2990
f 3052 3079 2023
f 622 587 618
f 20 2564 2574
f 311 3614 3616
f 622 618 619
f 2018 3063 3051
f 2987 2973 1627
f 2584 2583 2543
f 2918 2917 2566
f 3010 3011 1611
f 2918 2566 2567
f 575 1579 569
f 624 3504 2219
f 2568 12 2567
f 20 1963 2568
f 679 1608 669
f 1627 2991 1626
f 2991 1621 2992
f 1625 2992 1621
f 2980 2981 3210
f 2981 2984 3183
f 2963 2970 2994
f 2962 2973 2972
f 909 912 911
f 3016 3155 3017
f 567 3052 3101
f 2551 2544 2545
f 622 590 586
f 3611 3608 312
f 1611 3023 3061
f 3608 3610 126
f 3018 2960 1626
f 2992 1626 2991
f 2987 2979 2985
f 3032 31 3034
f 3019 3017 3061
f 3001 2999 2998
f 2968 1597 3614
f 3019 3018 3016
f 2552 2573 1967
f 1475 2533 2506
f 3131 570 37
f 1985 1139 1969
f 1790 1969 1139
f 2508 2504 1482
f 597 2507 602
f 2505 1139 616
f 2269 255 593
f 2569 2551 2548
f 291 862 851
f 597 254 611
f 1985 616 1139
f 620 255 2269
f 254 597 602
f 254 592 600
f 2506 1790 1138
f 592 616 600
f 255 616 1985
f 592 1482 616
f 198 884 911
f 3051 3050 3022
f 593 1985 2556
f 1475 2504 2508
f 616 1482 2505
f 1969 2556 1985
f 611 254 600
f 1790 2556 1969
f 598 592 602
f 2987 2984 2979
f 598 602 2507
f 1138 2504 1475
f 1985 593 255
f 1138 1139 2504
f 1616 1524 3325
f 2917 1949 2916
f 616 620 600
f 2558 2557 2506
f 1138 1475 2506
f 1596 3061 3067
f 2508 1482 598
f 1627 2973 2962
f 2558 2506 2535
f 3051 3022 2018
f 1959 1074 2587
f 2505 1482 2504
f 620 616 255
f 2535 2506 2533
f 3017 3019 3016
f 254 602 592
f 2508 2507 1475
f 598 1482 592
f 1138 1790 1139
f 2507 2508 598
f 2504 1139 2505
f 2964 2961 2987
f 1797 1080 2583
f 1615 3051 1612
f 2986 2984 2961
f 3020 3019 1596
f 2015 3059 571
f 1800 2580 1645
f 1598 3130 3058
f 3210 2952 1628
f 1962 1968 1961
f 2964 2987 1627
f 571 3101 3052
f 3609 3617 3620
f 3032 2219 3030
f 2959 2961 2960
f 3053 3025 575
f 1621 2991 2989
f 2959 2986 2961
f 809 678 681
f 3613 2322 3618
f 2583 2584 1797
f 3053 3028 3021
f 1627 1626 2964
f 2954 2952 3210
f 2986 2959 3068
f 3051 1615 3050
f 856 862 853
f 311 2968 3614
f 3019 3020 3018
f 666 309 312
f 3019 3061 1596
f 1626 2960 2961
f 2545 1799 1795
f 579 2923 584
f 3027 580 2020
f 2987 2985 2973
f 40 3505 1957
f 567 3101 565
f 1968 601 3198
f 736 2932 739
f 576 1964 2016
f 3023 1615 1612
f 3478 2846 260
f 2979 2980 262
f 2207 2249 749
f 3010 3012 3011
f 627 619 647
f 622 586 587
f 1610 3028 3053
f 2207 184 2249
f 717 713 703
f 3061 3071 3067
f 2207 749 2213
f 2954 2981 3184
f 2563 20 2574
f 2576 2572 2575
f 3037 3034 1872
f 590 622 589
f 3002 1625 2993
f 703 9 716
f 36 1872 3034
f 3010 3155 3368
f 3633 3636 3622
f 706 2213 749
f 2965 2970 2963
f 1615 3011 3012
f 2601 2552 1967
f 3117 1874 3119
f 3184 2981 3183
f 3000 2997 2967
f 2993 2995 1624
f 1579 36 37
f 3061 3010 1611
f 3006 3018 3007
f 681 853 6
f 1964 3504 588
f 2978 2974 2976
f 647 646 627
f 2601 2569 2552
f 1950 1958 2915
f 3007 1626 2992
f 2976 2969 2970
f 3016 3006 3015
f 1968 1960 1961
f 2249 2247 2248
f 576 2135 3030
f 3007 2992 1625
f 3059 560 571
f 3368 3012 3010
f 3000 3001 2998
f 627 646 3158
f 3018 3020 2960
f 2990 2989 2963
f 184 2207 2213
f 1610 572 2022
f 3617 3609 311
f 262 2975 2972
f 2773 1968 3198
f 3018 1626 3007
f 3635 3150 681
f 197 2580 2918
f 3631 3633 3622
f 749 2249 2248
f 3063 2018 3079
f 2953 2978 2977
f 749 2248 2245
f 3018 3006 3016
f 3071 3023 1612
f 3067 3068 1596
f 3079 566 3063
f 3616 3618 3617
f 581 577 2926
f 126 3619 3622
f 2245 706 749
f 3155 3016 3015
f 316 3503 120
f 2913 1950 2915
f 314 3632 316
f 3119 3113 3117
f 2580 197 2579
f 1950 40 1957
f 728 718 716
f 2913 2579 1950
f 1933 582 584
f 2246 2247 2237
f 2579 2913 2580
f 1958 1957 21
f 1644 1643 1581
f 2171 739 2932
f 1957 1958 1950
f 3045 3048 1524
f 2914 1958 21
f 7 730 739
f 2907 2913 2915
f 2915 1933 2907
f 3027 581 580
f 728 2936 718
f 706 2245 705
f 49 736 739
f 197 2578 2579
f 1620 883 874
f 198 871 870
f 1958 2914 585
f 2915 1958 585
f 1933 2923 1645
f 2247 2250 2248
f 739 2931 7
f 2862 912 909
f 2254 2215 646
f 2923 1933 584
f 2928 1645 2923
f 3477 3503 3624
f 3014 3015 3006
f 10 728 721
f 273 713 718
f 2245 700 705
f 718 717 716
f 707 2255 710
f 2237 2247 2249
f 2255 707 2215
f 2559 1479 2534
f 1615 3013 3009
f 708 2215 707
f 1973 1974 1477
f 1479 2559 2535
f 1254 2247 2246
f 723 621 699
f 2250 700 2248
f 1479 1973 1477
f 2535 2559 2558
f 316 3637 3621
f 1479 1477 2534
f 198 870 884
f 721 716 9
f 2247 2233 2250
f 2533 1973 2535
f 1515 3367 1617
f 1479 2535 1973
f 2558 3502 2557
f 2546 3502 2559
f 2559 2534 2546
f 1799 2542 1795
f 1082 2557 1080
f 2541 2542 1799
f 1480 1080 2557
f 2542 1480 3502
f 3502 1480 2557
f 1080 1480 2541
f 700 2250 2233
f 2559 3502 2558
f 2542 2546 1795
f 2541 1480 2542
f 723 699 690
f 2542 3502 2546
f 2906 583 582
f 2923 579 2926
f 583 579 584
f 2926 2135 2928
f 1074 1798 1795
f 2135 2926 577
f 2906 32 580
f 708 690 2215
f 581 579 580
f 2248 700 2245
f 3367 3366 3317
f 2862 886 908
f 2929 3027 2020
f 1645 2580 2907
f 579 2906 580
f 2929 2020 2019
f 2019 2020 1639
f 1639 1600 2019
f 1580 1600 1639
f 739 730 49
f 1598 2019 1599
f 1581 1600 1580
f 2579 1076 1950
f 1600 1643 1599
f 1598 1599 3130
f 1599 1643 1583
f 1583 3130 1599
f 673 2885 674
f 1644 1583 1643
f 3129 3130 1583
f 3127 1644 3121
f 3104 1644 3127
f 3119 1583 3104
f 3129 1583 3119
f 3133 3104 3127
f 3119 3104 3113
f 3133 3113 3104
f 204 259 3448
f 3036 3025 3024
f 3035 3040 1609
f 2212 726 727
f 3117 3113 3115
f 709 712 719
f 40 1950 1076
f 204 3448 314
f 1933 1645 2907
f 712 709 707
f 2870 1619 3015
f 582 1933 2915
f 909 886 2862
f 3047 3024 3025
f 2889 3039 1607
f 892 888 887
f 3356 2868 2858
f 882 883 1620
f 739 2171 2210
f 729 730 7
f 730 729 2211
f 730 703 49
f 3368 3364 3012
f 2211 10 730
f 730 10 9
f 2220 2885 673
f 730 9 703
f 716 717 703
f 2926 579 581
f 1616 3325 3041
f 9 10 721
f 721 728 716
f 718 713 717
f 2931 2934 737
f 691 690 708
f 698 615 723
f 3005 885 908
f 741 2211 729
f 3104 1583 1644
f 882 1620 885
f 1536 1521 1516
f 887 1871 908
f 913 889 909
f 3367 3358 1617
f 908 874 2862
f 3046 3041 1603
f 2870 3015 3014
f 949 2869 889
f 1871 3005 908
f 3506 3448 665
f 887 886 892
f 3014 3006 3008
f 1798 2545 1795
f 2019 1600 1599
f 3631 3624 3621
f 583 2906 579
f 2020 580 3118
f 3503 3477 3478
f 3506 665 664
f 864 863 918
f 870 864 872
f 864 904 863
f 864 870 871
f 872 864 918
f 864 871 878
f 806 904 864
f 872 884 870
f 878 871 2864
f 2580 2913 2907
f 3448 3506 261
f 2915 585 582
f 2926 2928 2923
f 584 582 583
f 3704 3449 260
f 3704 260 3715
f 3449 204 120
f 1600 1581 1643
f 3505 2595 1957
f 3621 3503 316
f 3715 260 2846
f 3715 2846 3711
f 2579 2578 1076
f 3709 3711 2846
f 3503 3478 120
f 3619 3623 3624
f 316 204 314
f 3850 3851 259
f 3619 3624 3631
f 2929 2019 1598
f 3621 3637 3631
f 3449 120 3478
f 1608 3152 669
f 3848 204 3449
f 3848 3449 3705
f 665 861 664
f 261 314 3448
f 2869 2858 2868
f 3632 3637 316
f 2595 21 1957
f 917 911 884
f 3852 259 3851
f 580 32 3118
f 2870 3005 1871
f 3041 3318 1616
f 3708 3705 3449
f 617 2262 2268
f 3846 861 665
f 3846 665 3845
f 2944 3033 3038
f 1618 3363 3365
f 913 909 911
f 3449 3478 260
f 120 204 316
f 665 3448 259
f 1514 1617 3358
f 3849 259 3852
f 3012 3364 3013
f 3012 3013 1615
f 889 892 886
f 3013 3364 3009
f 889 2869 893
f 1619 2870 1871
f 1524 2944 3038
f 1872 1609 3037
f 2870 3008 3004
f 3008 3006 3007
f 1616 3318 2944
f 912 198 911
f 261 3632 314
f 892 893 888
f 3357 3347 2869
f 3021 2944 3047
f 3049 1615 3315
f 949 889 913
f 1619 888 3015
f 1514 3357 1617
f 3039 2221 53
f 3049 3044 3022
f 893 1618 888
f 3035 3029 3040
f 3007 1625 3004
f 3024 3318 1601
f 949 2858 2869
f 3363 3368 3365
f 3362 1515 3361
f 3004 885 3005
f 1799 2549 2541
f 2548 2 2552
f 1967 1077 2601
f 1968 1962 601
f 2550 2552 2
f 2541 2549 1080
f 2569 2601 2544
f 2135 576 2928
f 2553 1077 1967
f 1077 2553 2563
f 1962 591 601
f 1796 2563 1962
f 2550 2 2575
f 2548 2576 2
f 591 1962 2563
f 2576 2548 1959
f 20 2563 2553
f 2573 20 1967
f 595 589 619
f 2570 591 2563
f 2574 2570 2563
f 590 589 595
f 2773 1081 1968
f 2577 2572 2576
f 2552 2569 2548
f 3356 1516 2868
f 1963 20 2573
f 2582 2577 2576
f 800 285 807
f 2572 2577 1963
f 1609 3040 53
f 2868 3357 2869
f 2570 2564 590
f 855 852 862
f 53 3152 1609
f 3029 3024 1601
f 12 2568 1963
f 851 285 2900
f 587 653 618
f 3002 885 3004
f 908 885 1620
f 3365 3015 888
f 2571 2564 2568
f 853 862 6
f 856 853 858
f 1798 1074 1959
f 2571 586 2564
f 587 2256 653
f 874 908 1620
f 810 808 2900
f 808 851 2900
f 862 848 851
f 848 807 851
f 3506 664 682
f 2571 2568 2567
f 12 197 2567
f 1618 893 3347
f 2968 3611 2967
f 682 858 853
f 862 291 6
f 801 291 851
f 807 285 851
f 2566 2565 586
f 3150 853 681
f 1963 2550 2572
f 809 801 808
f 646 647 2254
f 315 3634 3150
f 2564 586 590
f 3506 3634 261
f 2580 1800 2918
f 315 3150 3635
f 3632 261 3634
f 3633 3634 315
f 1949 2917 2919
f 3624 3503 3621
f 3612 3615 2953
f 3615 3616 2974
f 2974 3616 3614
f 678 3635 681
f 3634 3633 3632
f 197 2918 2567
f 315 3635 663
f 3034 37 36
f 2598 1952 2599
f 663 3635 678
f 578 3055 3054
f 658 624 679
f 3615 3612 3613
f 669 673 674
f 801 851 808
f 591 590 617
f 3034 3054 37
f 1798 1959 2548
f 3632 3633 3637
f 1619 887 888
f 3357 2868 1516
f 1608 3034 3037
f 1514 3347 3357
f 2869 3347 893
f 889 886 909
f 2573 2550 1963
f 577 3027 578
f 3608 2968 3610
f 311 3610 2968
f 1645 2928 1800
f 3034 1608 3032
f 2268 594 3198
f 577 578 2135
f 2135 578 3054
f 2777 3611 312
f 2903 2598 2599
f 862 856 855
f 311 3616 3617
f 678 668 666
f 2597 2914 21
f 1586 3118 3485
f 2632 1952 2598
f 2269 2554 594
f 2554 1791 594
f 2269 594 2268
f 1870 1903 2924
f 2597 2632 2912
f 2135 3054 31
f 2630 2599 1955
f 3619 3610 311
f 2777 312 309
f 2632 2598 2912
f 2912 2914 2597
f 3123 3488 3153
f 2597 2595 2632
f 2904 2905 2903
f 2598 2903 2905
f 1870 2930 3485
f 20 2553 1967
f 2909 582 585
f 2909 585 2910
f 1586 1639 3118
f 2601 1797 2584
f 2909 2906 582
f 2910 2908 2909
f 2630 2921 2904
f 2904 2921 2905
f 2911 2910 2912
f 2904 2599 2630
f 31 3030 2135
f 1580 1586 3123
f 2905 2921 2911
f 3619 126 3610
f 2921 2920 1647
f 3607 3608 126
f 2924 1647 1646
f 32 2908 1642
f 1870 2924 1646
f 3485 3118 1642
f 1796 1077 2563
f 312 3608 3607
f 2587 2582 1959
f 1642 3118 32
f 1639 2020 3118
f 3618 2322 3620
f 2560 3198 594
f 1608 679 3032
f 1648 2930 1638
f 1639 1586 1580
f 2582 2576 1959
f 3363 1618 3347
f 1514 3363 3347
f 3041 3046 3318
f 1515 3366 3367
f 3357 3360 1617
f 3029 3035 3036
f 1586 3485 2930
f 623 1949 588
f 2910 585 2914
f 3609 3623 3619
f 3361 3360 1516
f 2930 3123 1586
f 3363 1514 3358
f 3361 1516 1521
f 1617 3360 1515
f 3358 3364 3363
f 1536 3350 1521
f 3009 3364 3367
f 3361 1515 3360
f 3022 3044 3038
f 3361 1521 3348
f 12 1963 2577
f 2911 2921 1647
f 1580 3123 1581
f 1903 2908 2910
f 312 3607 666
f 3123 3122 1581
f 21 2595 2597
f 3367 3364 3358
f 3322 3039 2889
f 3367 3317 3009
f 3009 3317 3315
f 3325 1524 3048
f 627 2257 604
f 3636 666 3607
f 1615 3009 3315
f 679 2219 3032
f 3318 3047 2944
f 3366 1515 3340
f 688 2220 3322
f 3315 3317 3043
f 3340 3362 3339
f 2944 3021 3033
f 1613 3315 3043
f 3121 1644 3122
f 3317 3366 3345
f 3345 3043 3317
f 3008 3007 3004
f 2917 2918 2919
f 3348 1519 3339
f 576 3030 1964
f 3348 3362 3361
f 2598 2905 2911
f 2568 2564 20
f 3340 1515 3362
f 3014 3008 2870
f 707 710 712
f 887 908 886
f 2908 2906 2909
f 880 1622 38
f 838 869 877
f 850 677 676
f 847 859 860
f 880 879 877
f 880 877 1622
f 2999 879 659
f 838 877 859
f 876 1622 877
f 808 850 809
f 680 683 660
f 875 3003 1622
f 874 883 2864
f 659 38 1624
f 880 38 659
f 860 684 748
f 2783 287 803
f 881 3003 875
f 869 876 877
f 3003 881 883
f 879 860 859
f 671 879 2999
f 837 873 869
f 847 2781 859
f 662 2777 309
f 838 859 2781
f 760 2781 276
f 2996 659 1624
f 876 878 881
f 878 876 869
f 2999 3001 671
f 2996 2999 659
f 881 878 2864
f 873 878 869
f 837 869 841
f 869 838 841
f 2783 840 287
f 850 678 809
f 671 860 879
f 3000 660 3001
f 874 871 198
f 803 677 2783
f 671 660 860
f 839 841 838
f 3001 660 671
f 258 660 661
f 661 660 3000
f 2777 661 127
f 684 683 677
f 2781 847 748
f 684 860 683
f 683 860 660
f 878 873 864
f 677 670 676
f 660 258 680
f 875 876 881
f 748 276 2781
f 879 859 877
f 841 873 837
f 258 661 662
f 860 748 847
f 2864 883 881
f 2781 839 838
f 873 841 2888
f 839 2888 841
f 2888 864 873
f 2781 760 839
f 748 684 803
f 127 661 3000
f 839 760 2888
f 864 2888 806
f 803 287 748
f 874 2864 871
f 760 276 817
f 748 287 276
f 1 676 670
f 677 803 684
f 670 680 2778
f 2778 680 258
f 680 670 683
f 1622 876 875
f 817 806 2888
f 817 2888 760
f 677 683 670
f 2898 840 810
f 2778 258 662
f 286 287 840
f 662 661 2777
f 677 850 2783
f 309 2778 662
f 1 670 2778
f 2778 309 1
f 286 840 2898
f 808 2783 850
f 676 1 672
f 678 850 676
f 668 1 309
f 810 840 2783
f 678 676 672
f 1 668 672
f 810 2783 808
f 668 678 672
f 879 880 659
f 1605 2326 203
f 701 639 685
f 732 703 713
f 740 642 759
f 733 49 714
f 713 714 732
f 273 715 735
f 732 714 49
f 2175 743 756
f 711 2938 650
f 651 642 650
f 906 736 743
f 714 273 735
f 743 2175 906
f 638 701 731
f 719 712 3159
f 743 733 756
f 743 49 733
f 3159 52 715
f 688 3322 203
f 735 733 714
f 703 732 49
f 1603 3041 3319
f 642 702 650
f 650 2938 651
f 2779 274 745
f 746 735 715
f 711 650 2776
f 202 675 203
f 3159 2776 702
f 702 740 3159
f 274 755 745
f 712 2776 3159
f 757 740 759
f 2776 650 702
f 3041 3325 3314
f 753 751 745
f 735 746 756
f 52 757 907
f 743 736 49
f 2169 2171 2932
f 701 640 731
f 3159 715 720
f 710 2776 712
f 675 295 637
f 1630 731 641
f 720 273 719
f 757 52 740
f 710 711 2776
f 3159 740 52
f 631 667 638
f 756 746 52
f 202 203 2326
f 710 734 711
f 295 639 637
f 747 685 751
f 731 631 638
f 52 907 756
f 731 2938 641
f 686 295 675
f 1630 631 731
f 702 642 740
f 273 714 713
f 711 734 641
f 751 651 747
f 720 719 3159
f 394 3314 3320
f 2205 2175 756
f 2938 711 641
f 715 52 746
f 685 747 701
f 747 640 701
f 2205 756 907
f 756 733 735
f 747 651 640
f 3320 3314 3325
f 715 273 720
f 751 753 651
f 642 753 754
f 295 636 639
f 640 2938 731
f 642 651 753
f 755 754 753
f 640 651 2938
f 745 751 685
f 745 755 753
f 701 638 639
f 638 667 639
f 639 667 637
f 685 636 745
f 636 685 639
f 687 637 667
f 636 2780 745
f 2780 2779 745
f 3 637 687
f 636 295 2780
f 2779 2780 686
f 686 2780 295
f 637 3 688
f 686 675 2218
f 688 675 637
f 675 202 2218
f 203 675 688
f 1605 203 3322
f 3322 2889 1605
f 2326 1605 1525
f 3314 3319 3041
f 2935 725 2936
f 1613 3049 3315
f 3043 3048 1613
f 3158 646 2215
f 2792 2937 2711
f 3485 1642 1870
f 1613 3045 3044
f 741 726 2211
f 198 912 874
f 2910 2911 2924
f 3042 3040 3029
f 2911 1647 2924
f 1613 3048 3045
f 3022 3050 3049
f 3123 2930 3488
f 1615 3049 3050
f 3048 3043 3320
f 2599 2904 2903
f 3320 3325 3048
f 3038 3044 3045
f 2556 1790 2555
f 2506 2557 1790
f 3045 1524 3038
f 3038 3033 3022
f 3368 3363 3364
f 1616 2944 1524
f 2219 1964 3030
f 3021 3047 3025
f 3631 3622 3619
f 3360 3357 1516
f 1601 3318 3046
f 887 1619 1871
f 3042 3029 1601
f 1601 1607 3042
f 3035 3026 3036
f 1607 3039 3042
f 3026 3035 1872
f 3005 2870 3004
f 3042 3039 3040
f 3035 1609 1872
f 3037 1609 1608
f 3365 3368 3015
f 3636 126 3622
f 53 3040 3039
f 3039 3322 2221
f 3152 53 2221
f 3152 1608 1609
f 2221 673 3152
f 2220 2221 3322
f 673 2221 2220
f 669 3152 673
f 739 2210 2931
f 32 2906 2908
f 708 707 709
f 3158 2215 690
f 700 2937 705
f 2934 742 737
f 668 309 666
f 690 691 724
f 625 624 658
f 1949 1964 588
f 710 2255 734
f 698 723 689
f 3504 1964 2219
f 2930 1648 3488
f 742 741 737
f 724 723 690
f 2712 2937 700
f 2935 2212 2937
f 737 7 2931
f 2212 10 2211
f 737 741 729
f 273 718 709
f 689 723 692
f 3636 3633 663
f 627 595 619
f 704 726 741
f 699 3158 690
f 2937 2212 727
f 666 3636 663
f 394 3345 2098
f 1518 1512 2861
f 2711 2217 2792
f 2936 2212 2935
f 275 2866 907
f 2899 925 297
f 590 591 2570
f 2912 2598 2911
f 727 705 2937
f 2900 799 811
f 725 2935 692
f 3123 3153 3122
f 2233 2712 700
f 724 692 723
f 759 2899 275
f 2191 2190 947
f 741 742 704
f 691 725 692
f 1638 1870 1646
f 666 663 678
f 865 866 1623
f 948 949 914
f 573 891 574
f 2857 2856 2858
f 1893 303 3376
f 2792 692 2935
f 705 727 706
f 800 798 285
f 744 750 934
f 1522 299 934
f 2861 3382 1518
f 728 10 2212
f 3633 3631 3637
f 615 621 723
f 2212 2936 728
f 722 709 718
f 724 691 692
f 2253 2711 2712
f 2212 2211 726
f 727 726 704
f 706 704 2213
f 722 691 708
f 729 7 737
f 3337 3330 3359
f 704 706 727
f 273 709 719
f 3359 1525 3337
f 725 691 722
f 2900 285 799
f 725 718 2936
f 2217 692 2792
f 2215 2254 2255
f 1903 1870 1642
f 725 722 718
f 2711 2253 2252
f 2217 693 692
f 574 2326 3359
f 1513 3353 3356
f 704 742 2213
f 750 744 2779
f 926 2899 754
f 2924 1903 2910
f 934 2708 1522
f 274 2779 761
f 674 2885 687
f 667 631 629
f 674 687 629
f 2792 2935 2937
f 687 2885 3
f 2220 3 2885
f 624 625 588
f 2220 688 3
f 629 687 667
f 674 2865 658
f 2865 674 629
f 633 641 734
f 652 635 655
f 629 631 1532
f 1532 631 257
f 647 618 626
f 633 734 2255
f 625 658 2865
f 626 654 256
f 633 2255 2254
f 647 626 2254
f 628 588 656
f 657 588 625
f 1532 257 632
f 1532 2865 629
f 588 657 656
f 1630 641 633
f 632 257 652
f 633 634 630
f 625 2865 657
f 655 654 2256
f 256 635 630
f 1870 1638 2930
f 635 257 630
f 1630 630 257
f 658 669 674
f 634 256 630
f 256 634 2254
f 626 256 2254
f 656 657 632
f 628 656 652
f 2256 628 655
f 630 1630 633
f 2256 623 628
f 655 628 652
f 632 2865 1532
f 257 635 652
f 618 653 654
f 618 654 626
f 2865 632 657
f 652 656 632
f 623 588 628
f 2256 654 653
f 655 256 654
f 2254 634 633
f 635 256 655
f 1630 257 631
f 2269 2268 2262
f 695 2269 2262
f 695 604 600
f 2262 604 695
f 600 620 695
f 2269 695 620
f 1966 2509 2507
f 1124 1120 2511
f 1124 2512 1120
f 2509 1475 2507
f 1476 2531 2532
f 2509 1966 1976
f 2238 90 2239
f 1476 1974 2531
f 1966 2511 1976
f 1120 2524 1976
f 2326 574 202
f 2530 2531 1973
f 183 90 2238
f 2223 2241 2259
f 2509 1976 2531
f 2530 2509 2531
f 2224 2223 2259
f 2530 1475 2509
f 1966 599 2511
f 1254 2230 2214
f 597 599 1966
f 2532 2531 1976
f 2533 1475 2530
f 2214 183 2238
f 1966 2507 597
f 2530 1973 2533
f 573 574 3359
f 2511 1120 1976
f 2531 1974 1973
f 2239 2234 2238
f 599 597 611
f 1976 2524 2532
f 2899 759 754
f 2203 750 2206
f 2203 2191 2204
f 2861 3370 3371
f 1254 2246 2230
f 2102 2881 3373
f 2203 2206 891
f 952 2789 868
f 755 274 761
f 2234 2214 2238
f 1254 2214 2234
f 2239 2240 2234
f 1623 866 868
f 2203 891 2191
f 3371 303 1893
f 867 917 884
f 777 812 804
f 2206 2779 686
f 810 2900 811
f 2222 2239 90
f 750 2203 764
f 2222 2240 2239
f 1536 3351 3350
f 2240 2241 2234
f 2222 2259 2240
f 2204 2191 947
f 3348 1521 1519
f 2259 2241 2240
f 2241 2223 2251
f 202 574 2218
f 2861 1513 3370
f 2899 926 925
f 2775 614 698
f 2216 2252 2940
f 643 614 2941
f 2242 645 272
f 2251 2233 2247
f 2253 2940 2252
f 2191 573 3330
f 2216 694 693
f 3356 1536 1516
f 934 299 910
f 2224 2260 696
f 2217 2252 693
f 2243 696 645
f 2223 2244 2251
f 761 744 910
f 761 910 755
f 272 645 2775
f 761 2779 744
f 3359 3330 573
f 2216 693 2252
f 2253 644 2244
f 3376 915 2789
f 303 951 3376
f 2244 2243 2242
f 3378 3377 1893
f 698 694 2775
f 2224 2243 2223
f 3353 2861 1512
f 2242 2940 2244
f 2233 644 2253
f 934 910 744
f 686 2218 2206
f 3382 2861 3371
f 689 693 694
f 272 2216 2242
f 644 2251 2244
f 3376 951 950
f 2260 2224 2259
f 696 2243 2224
f 698 689 694
f 951 303 3370
f 2857 2858 949
f 3165 696 612
f 3165 2941 614
f 2856 1513 3356
f 615 643 621
f 3382 3383 1518
f 755 910 754
f 910 2174 926
f 2775 696 3165
f 644 2233 2251
f 1581 3122 1644
f 926 754 910
f 916 917 868
f 750 2779 2206
f 2914 2912 2910
f 2234 2251 2247
f 3165 614 2775
f 3383 3371 3377
f 2881 1894 2848
f 3371 3383 3382
f 2857 1513 2856
f 2857 3370 1513
f 914 915 950
f 3370 303 3371
f 754 759 642
f 948 951 2857
f 750 764 2708
f 2857 951 3370
f 3371 1893 3377
f 757 758 275
f 1894 1893 3376
f 1893 2102 3378
f 2866 275 297
f 275 2899 297
f 891 2206 2218
f 757 759 758
f 1893 1894 2881
f 759 275 758
f 3330 2190 2191
f 951 948 950
f 1892 3378 2102
f 2861 3353 1513
f 948 914 950
f 812 799 798
f 573 2191 891
f 948 2857 949
f 2102 1893 2881
f 1894 3376 2789
f 757 275 907
f 2866 938 907
f 913 914 949
f 3373 1892 2102
f 938 2205 907
f 913 911 914
f 3376 950 915
f 811 799 812
f 3373 2881 3375
f 3375 2881 2848
f 2848 1894 2847
f 2708 934 750
f 911 917 914
f 952 2847 1894
f 3353 1512 3351
f 2848 2847 3375
f 2204 2708 764
f 916 2789 915
f 1894 2789 952
f 915 917 916
f 868 2789 916
f 3353 3351 3356
f 917 867 868
f 866 952 868
f 1623 868 867
f 884 872 867
f 872 918 867
f 2326 1525 3359
f 865 1623 867
f 3351 1536 3356
f 865 867 918
f 863 865 918
f 926 297 925
f 3043 3345 3320
f 3356 2858 2856
f 2218 574 891
f 2203 2204 764
f 810 5 2898
f 394 3320 3345
f 810 811 5
f 926 2174 297
f 914 917 915
f 804 812 798
f 799 285 798
f 2908 1903 1642
f 2217 2711 2252
f 2940 2253 2244
f 615 698 614
f 696 2775 645
f 595 627 604
f 645 2242 2243
f 2244 2223 2243
f 272 2775 694
f 272 694 2216
f 2234 2241 2251
f 2216 2940 2242
f 2234 2247 1254
f 1949 2016 1964
f 2941 3165 612
f 614 643 615
f 1647 2920 1646
f 2016 1949 1800
f 2493 1758 1728
f 103 3245 66
f 1164 1377 1163
f 1416 1417 1311
f 105 104 1328
f 1366 2830 2370
f 496 511 501
f 521 520 65
f 2098 3341 3346
f 1467 2358 44
f 179 2891 3307
f 2389 1270 2158
f 1377 1468 140
f 98 1240 2823
f 3346 394 2098
f 3441 252 1370
f 2155 1522 2708
f 1744 1742 1741
f 98 105 1325
f 2455 110 2833
f 3441 1365 3306
f 1192 2452 1659
f 520 398 2795
f 252 1369 1370
f 2827 114 2835
f 1378 118 139
f 2710 2394 1269
f 1165 1356 2875
f 2361 3247 1367
f 2358 1467 112
f 382 376 1544
f 3441 196 1902
f 2841 1164 1163
f 3296 521 66
f 136 1363 1362
f 2828 1328 1464
f 3247 518 1367
f 1273 1708 2383
f 1385 1386 2838
f 1381 1382 1380
f 2154 2156 2155
f 3349 1519 1521
f 2361 1366 2370
f 66 65 103
f 382 388 384
f 3296 66 3245
f 1504 384 3385
f 3329 201 3324
f 1481 1512 1518
f 1512 1481 2860
f 1705 27 1468
f 1705 2875 2742
f 936 921 1522
f 3283 3286 417
f 2075 3286 2093
f 1522 921 299
f 1371 1376 2832
f 2157 921 936
f 3287 428 3281
f 920 919 3369
f 136 1361 2368
f 302 297 2162
f 2172 929 3369
f 2173 2160 935
f 2157 2161 921
f 2403 2394 2709
f 1380 1371 1375
f 1741 1742 1745
f 1651 2480 1737
f 1370 1369 1366
f 945 1523 2156
f 2075 2093 1535
f 3283 1535 2093
f 919 299 921
f 1751 1731 1198
f 1504 3385 389
f 1741 2464 1743
f 2162 933 923
f 3310 2088 403
f 2159 2161 2157
f 424 3355 1481
f 1518 3383 1511
f 2173 919 921
f 1371 2832 107
f 118 1379 2834
f 1501 3380 3379
f 2160 2395 1272
f 1272 2158 1270
f 1948 201 3329
f 2403 930 937
f 3381 2082 3283
f 1528 2863 1527
f 3354 3355 417
f 1511 1501 389
f 1370 2359 1365
f 1606 2867 3323
f 2441 1196 1997
f 1741 1753 2464
f 3352 2395 2161
f 3284 1535 3283
f 2082 3284 3283
f 945 2154 2155
f 424 2082 3381
f 1384 2837 2838
f 385 382 384
f 1737 2444 1651
f 2827 1653 113
f 1368 43 1372
f 1743 1182 1744
f 919 920 2174
f 2104 383 385
f 945 2156 2154
f 1742 1744 1996
f 2867 1606 1527
f 1724 1731 1751
f 1511 2082 424
f 1519 3277 3341
f 1382 118 1364
f 1388 1389 112
f 430 2359 103
f 3469 1528 39
f 2155 947 945
f 3350 3351 2860
f 939 928 2175
f 3350 3280 3349
f 1328 2823 1327
f 3281 3343 3349
f 3279 398 3306
f 2830 1366 1369
f 1525 1606 3323
f 65 2795 103
f 3380 1501 3383
f 1280 1329 135
f 105 1328 2828
f 1525 1605 1606
f 2170 2175 928
f 2460 1737 2480
f 1470 2176 2177
f 3377 3380 3383
f 1181 2464 1753
f 3321 1605 2889
f 1737 2460 2444
f 2444 2464 1651
f 3280 3354 429
f 2403 2006 2401
f 1724 1751 2453
f 1523 945 3455
f 3369 933 920
f 2426 2427 2491
f 50 1467 44
f 935 2172 2173
f 103 1367 3245
f 3323 3337 1525
f 39 1527 1606
f 920 933 2162
f 1723 1993 2454
f 1183 1715 1714
f 2153 2140 945
f 933 929 930
f 3384 389 1501
f 1368 108 2831
f 383 2104 3409
f 1997 1196 1202
f 424 1481 1511
f 2415 1237 1236
f 906 2163 2932
f 2170 928 2165
f 1606 1605 3321
f 3346 3341 1529
f 2422 1266 2417
f 398 3279 2795
f 2403 2709 2396
f 1372 1371 1368
f 1271 1270 2389
f 2147 1772 2408
f 2397 937 2172
f 2169 2163 2178
f 3313 3469 39
f 2387 2383 1704
f 929 2172 937
f 2174 910 919
f 1602 1890 4
f 2160 1270 2394
f 3277 1520 3278
f 3379 3378 1505
f 1772 2152 2408
f 3324 3316 1526
f 2104 3379 1505
f 3383 1501 1511
f 3352 2158 1272
f 165 179 3307
f 103 2359 1367
f 2441 2492 2427
f 114 110 2357
f 930 923 933
f 2866 302 922
f 3409 2104 1505
f 1386 1385 2839
f 1374 1361 1362
f 933 3369 929
f 396 3344 33
f 3384 2104 1504
f 930 929 937
f 2462 2492 1471
f 922 302 923
f 2394 2710 2709
f 938 2866 922
f 410 3332 3291
f 1504 2104 384
f 2147 2423 2002
f 2082 1511 389
f 2144 2416 2400
f 941 2416 932
f 3313 3046 3469
f 1708 2728 1469
f 3337 3327 1602
f 1148 2426 2491
f 2427 2426 2441
f 2489 2426 2487
f 1772 2419 1774
f 2863 3324 201
f 3469 3046 1603
f 941 932 940
f 2400 2416 2404
f 2390 1717 1718
f 1718 1238 1707
f 2426 1148 2487
f 2393 1469 1271
f 3469 1603 3316
f 940 923 930
f 924 923 940
f 2393 1704 1708
f 1271 1469 1269
f 2710 1269 2709
f 2149 2423 2147
f 932 2416 2144
f 1718 1716 1238
f 1268 1265 2399
f 388 3385 384
f 384 2104 385
f 1238 1281 1700
f 110 1383 2834
f 932 939 924
f 1436 1435 138
f 1469 1268 2709
f 932 924 940
f 2423 2168 2164
f 39 1528 1527
f 932 2165 928
f 2833 2834 1379
f 939 938 924
f 2390 2383 1717
f 1710 1242 2419
f 1773 1774 1775
f 388 382 1544
f 2152 1774 1773
f 2147 2408 2149
f 1704 2393 1271
f 2833 110 2834
f 1383 1364 118
f 2010 1373 2832
f 2492 1997 1471
f 939 932 928
f 2149 2168 2423
f 404 403 2088
f 403 4 3310
f 2442 1471 1997
f 2462 1990 2461
f 1471 2442 1194
f 1380 1376 1371
f 1992 1471 1194
f 2010 106 2829
f 946 2402 2401
f 2488 2489 2487
f 2144 2400 2423
f 3277 1519 1520
f 3316 1603 3319
f 2140 4 406
f 2860 3351 1512
f 133 2010 2832
f 2173 921 2161
f 2462 1992 1990
f 1194 2459 2468
f 2728 1708 2405
f 429 3354 417
f 1674 106 1363
f 103 3279 430
f 133 1374 106
f 2832 1376 133
f 2160 2397 935
f 2010 133 106
f 2160 2173 2395
f 402 4 403
f 2399 1267 946
f 133 1376 1380
f 417 3355 3283
f 1375 2358 112
f 2088 1890 401
f 3334 3311 401
f 1997 1202 2442
f 1364 133 1380
f 3287 429 417
f 1374 133 1364
f 2140 3455 945
f 1374 1363 106
f 1174 101 1356
f 1356 102 1349
f 2493 42 2489
f 1268 2728 1265
f 3312 3344 3329
f 939 2175 2205
f 102 2880 1349
f 1272 1270 2160
f 2880 102 1357
f 1311 1312 101
f 2492 2441 1997
f 521 65 66
f 3316 3319 3314
f 2839 1388 1387
f 1710 2418 2422
f 1992 2462 1471
f 2165 932 2144
f 1357 102 1360
f 1174 2841 1311
f 3355 424 3381
f 1359 2454 2009
f 1238 1700 1236
f 3333 3344 1529
f 3344 3312 1529
f 1773 2145 2152
f 105 98 104
f 1358 1360 1359
f 1269 1270 1271
f 938 922 924
f 2405 2390 1706
f 2205 938 939
f 1360 102 1312
f 1273 2405 1708
f 1179 1359 1749
f 2418 2003 946
f 2165 2144 2170
f 1206 1210 2456
f 3378 3379 3377
f 1178 1360 1312
f 3280 3355 3354
f 1360 1749 1359
f 1211 2439 1200
f 1208 1197 1731
f 1518 1511 1481
f 1730 1211 1210
f 2434 2437 2933
f 1360 1358 1357
f 1349 2826 1356
f 1355 1358 1359
f 1178 1179 1749
f 101 102 1356
f 3343 1520 3349
f 3381 3283 3355
f 2841 1174 1356
f 1355 1357 1358
f 924 922 923
f 1749 1360 1178
f 1432 1179 1431
f 1178 1311 1431
f 1312 102 101
f 1706 1707 1237
f 2396 2399 2006
f 2159 2158 3352
f 2325 2158 2159
f 1717 1286 1283
f 1701 2158 2325
f 1432 2451 1179
f 2388 1701 1279
f 2004 3335 2325
f 406 405 2140
f 2423 1470 2144
f 1417 116 1311
f 2418 946 2422
f 1279 1701 1702
f 1277 2388 1279
f 2177 2175 2170
f 1178 1312 1311
f 116 1431 1311
f 2383 1286 1717
f 1174 1311 101
f 2451 1736 1661
f 3298 824 407
f 1179 1178 1431
f 2402 2404 2401
f 2451 1432 1736
f 1179 2454 1359
f 1165 2841 1356
f 2841 1165 1164
f 2405 1266 1265
f 2325 2159 2157
f 2394 1270 1269
f 1710 2415 1242
f 824 1703 407
f 1523 3455 393
f 407 3338 405
f 2140 3338 3455
f 2099 3338 407
f 946 1267 17
f 1281 1238 1716
f 2145 2408 2152
f 2490 1758 2493
f 2001 2408 2145
f 393 2099 407
f 1694 407 405
f 2490 2489 2488
f 2383 2387 1286
f 1726 2145 1773
f 2493 2489 2490
f 2158 2388 2391
f 3335 2004 1523
f 1716 1717 1283
f 2177 2170 1470
f 405 406 1694
f 405 3338 2140
f 42 2458 2426
f 2158 2391 2389
f 1728 1201 2458
f 1526 3316 3314
f 1194 2442 2459
f 2493 1728 42
f 42 1728 2458
f 2489 42 2426
f 2399 2396 2709
f 1701 3335 1702
f 1201 1196 2458
f 2426 2458 2441
f 1702 3335 393
f 1237 2417 1266
f 17 2422 946
f 3338 2099 3455
f 2098 3339 3341
f 2003 2002 946
f 1242 1775 2419
f 2399 2709 1268
f 2004 2325 2157
f 1702 407 1703
f 1238 1236 1237
f 2418 1710 2003
f 3455 2099 393
f 2422 17 1266
f 1523 393 3335
f 1519 3341 3339
f 2325 3335 1701
f 2401 930 2403
f 2158 1701 2388
f 1772 2147 2003
f 2427 2492 2462
f 2416 941 2404
f 1702 393 407
f 2423 2164 1470
f 407 1694 3298
f 1279 1702 1703
f 1710 2419 2003
f 2147 2002 2003
f 1526 3314 3312
f 2419 1772 2003
f 2417 1710 2422
f 2176 2164 2163
f 2164 2176 1470
f 2389 1704 1271
f 2178 2168 905
f 1235 1726 1773
f 2005 2390 1718
f 2415 1236 2425
f 1237 1266 1706
f 2402 2002 2400
f 2421 2723 1242
f 2002 2423 2400
f 2005 1706 2390
f 2401 2399 946
f 1265 1266 17
f 3313 3321 1601
f 930 941 940
f 1191 1203 2438
f 2404 2402 2400
f 1237 1707 1238
f 1267 2399 1265
f 1774 2419 1775
f 3312 3314 394
f 1607 3321 2889
f 2396 2006 2403
f 2383 2390 1273
f 2709 1269 1469
f 3046 3313 1601
f 1774 2152 1772
f 1710 2417 2415
f 1607 1601 3321
f 1273 2390 2405
f 1469 2393 1708
f 1230 2723 1227
f 2397 2160 2394
f 2723 1235 1773
f 2723 1773 1775
f 2728 2405 1265
f 3379 3380 3377
f 1243 2421 1242
f 1890 1602 3328
f 2932 2163 2169
f 1602 3330 3337
f 1901 2838 2837
f 1234 2420 1230
f 44 43 50
f 1230 1235 2723
f 2863 201 3326
f 1765 1201 1728
f 1209 1730 1210
f 2456 1223 1206
f 3329 3344 1948
f 3329 3324 1526
f 1705 2366 1165
f 1165 2366 1164
f 3309 3334 3326
f 1705 2742 27
f 2859 2867 2863
f 2366 1377 1164
f 1416 1311 1163
f 1731 1724 1208
f 1527 2863 2867
f 117 1163 140
f 3333 1529 3277
f 1163 1377 140
f 2455 1468 27
f 109 1468 2833
f 1730 1203 1205
f 2411 2421 1243
f 1378 117 140
f 3331 2140 2153
f 1205 1196 1201
f 1675 136 2368
f 140 1468 109
f 136 1675 134
f 140 109 1378
f 935 2397 2172
f 134 135 136
f 1674 1363 136
f 1204 1205 92
f 1705 1468 2366
f 110 2455 2357
f 1363 1374 1362
f 2437 1224 1720
f 1234 1230 1232
f 2827 2368 1361
f 2428 1230 1227
f 148 2878 1216
f 2433 2432 1231
f 2428 1232 1230
f 195 4 3331
f 113 114 2827
f 1437 1435 1436
f 3346 1529 3312
f 148 1212 2878
f 1468 1377 2366
f 135 1329 1674
f 1361 1374 1653
f 1212 148 1222
f 1383 110 114
f 2088 395 404
f 118 1382 138
f 2444 1191 2443
f 114 113 1383
f 1724 2452 1193
f 1204 92 1216
f 1706 2005 1707
f 3471 1231 1232
f 1742 1996 1661
f 1379 118 1378
f 1216 2879 148
f 297 302 2866
f 1382 1436 138
f 1216 92 2879
f 1180 2452 1723
f 1758 1765 1728
f 1280 1325 1329
f 1203 1196 1205
f 1212 2436 2878
f 1200 2933 2456
f 1216 2439 1204
f 2433 1221 1225
f 1195 2438 1732
f 1990 1992 2468
f 1202 1191 2444
f 1653 1374 1364
f 105 1329 1325
f 2439 1216 2878
f 1732 2438 1209
f 1327 2823 2824
f 1212 1222 2436
f 2452 1724 2453
f 2436 1222 2434
f 1200 2456 1211
f 1364 1383 1653
f 1210 1211 2456
f 2434 1722 1224
f 1388 1436 1381
f 1389 1388 1381
f 1240 2824 2823
f 1436 1388 1437
f 1381 1436 1382
f 105 2828 1329
f 1232 1721 3471
f 1714 2457 1999
f 1184 2459 2442
f 2439 1730 1204
f 1999 1993 2453
f 2878 1200 2439
f 112 1387 1388
f 1208 1733 1732
f 114 2357 2835
f 1714 1999 1198
f 2828 2829 1329
f 1191 1202 1203
f 2436 2933 1200
f 2456 2933 2430
f 2430 1223 2456
f 1467 2362 1384
f 1382 1364 1380
f 2839 1387 1386
f 1730 1209 2438
f 2435 2430 2437
f 1232 2428 1721
f 2933 2437 2430
f 2360 2829 2828
f 2439 1211 1730
f 2878 2436 1200
f 1720 2428 1214
f 1184 2442 1202
f 1769 2498 2497
f 1180 1182 1659
f 2010 2829 2360
f 1203 1730 2438
f 1715 1183 1197
f 1224 1721 1720
f 2429 1214 2428
f 1327 1815 1464
f 2429 1227 2411
f 2434 1224 2437
f 1191 2438 1195
f 2468 1992 1194
f 2428 1227 2429
f 2010 2360 1373
f 1224 3471 1721
f 1993 1752 2454
f 1741 1743 1744
f 2444 1184 1202
f 2443 1191 1195
f 1715 2000 1714
f 1386 1467 1384
f 1380 1375 1381
f 1199 1207 1197
f 2460 2459 1184
f 2444 2460 1184
f 1232 1231 2432
f 1765 1215 2879
f 1209 1210 2440
f 1243 2415 2425
f 2435 1720 1214
f 1199 1732 1209
f 1386 1384 2838
f 1208 1732 1199
f 1199 1209 2440
f 1381 112 1389
f 2450 2443 1195
f 1205 2879 92
f 2450 2464 2443
f 1386 1387 112
f 1208 1724 1733
f 1210 1206 2440
f 1207 1199 2440
f 1206 1207 2440
f 2361 2828 1464
f 1731 1197 1183
f 1223 2435 1729
f 1722 2434 2704
f 1999 2453 1751
f 2436 2434 2933
f 1206 1223 1207
f 1729 1207 1223
f 1197 1207 1715
f 1375 112 1381
f 2828 2361 2360
f 2454 1752 2009
f 2361 1464 3247
f 1902 196 181
f 2462 2461 2427
f 2360 2361 2370
f 3471 1224 1722
f 1163 1311 2841
f 1205 1765 2879
f 1999 2457 1993
f 1731 1183 1198
f 2830 2832 1373
f 1744 1182 1996
f 2450 1659 1743
f 1367 518 3245
f 2359 1366 1367
f 2159 3352 2161
f 1366 2361 1367
f 1379 109 2833
f 3326 3334 2863
f 2830 107 2832
f 1207 1729 1229
f 2830 1373 2370
f 1180 1723 2454
f 518 3296 3245
f 2464 2444 2443
f 2827 1361 1653
f 44 2358 1372
f 1198 1183 1714
f 2359 1370 1366
f 498 501 2056
f 2358 1371 1372
f 43 44 1372
f 1723 2453 1993
f 1993 2457 1752
f 1715 1229 2000
f 107 1368 1371
f 2859 2863 3334
f 2452 1192 1193
f 1365 2359 430
f 1214 1213 2435
f 2830 1368 107
f 1370 1365 3441
f 3280 2860 3355
f 1469 2728 1268
f 3287 3281 429
f 2155 2156 1523
f 2411 1308 2429
f 1369 108 2830
f 2093 3286 3283
f 3329 1526 3312
f 3337 3323 3327
f 1724 1193 1733
f 3327 3323 2867
f 1365 430 3306
f 2094 1948 3332
f 1243 1242 2415
f 3316 3324 3469
f 394 3346 3312
f 39 1606 3321
f 3333 3277 33
f 1716 1718 1717
f 3309 3311 3334
f 1996 1180 2451
f 4 402 406
f 33 3277 3278
f 1196 1203 1202
f 386 3428 390
f 95 1700 96
f 2836 1680 2835
f 1281 1303 1699
f 1274 2392 2391
f 1531 2746 2077
f 1313 2821 1305
f 1517 2392 2378
f 2036 3342 512
f 3336 410 3291
f 3306 430 3279
f 1700 1303 96
f 464 467 469
f 1675 1280 134
f 2877 142 100
f 2387 2379 2382
f 1333 100 142
f 469 468 464
f 2047 2079 427
f 1291 2377 1299
f 427 2079 3300
f 1680 2874 2368
f 2039 518 1815
f 2046 2045 2029
f 252 1902 1369
f 2412 2373 2822
f 464 465 467
f 3252 3255 3256
f 2371 2372 1290
f 3292 3278 3276
f 3297 2100 3445
f 2373 1316 97
f 1288 1279 1287
f 1891 428 3287
f 3441 3306 196
f 136 135 1674
f 2053 511 494
f 522 513 516
f 1699 1303 1700
f 1278 1282 1275
f 412 3336 3294
f 2079 2047 2081
f 1545 3296 2039
f 525 502 503
f 3393 493 3389
f 3389 493 3251
f 2414 1304 189
f 401 1890 3334
f 2746 2087 3302
f 3393 3256 3255
f 3302 2281 2746
f 2414 1681 1304
f 2087 2279 3302
f 1330 2369 137
f 2873 137 1177
f 2038 162 2029
f 3303 395 414
f 3427 465 472
f 3287 2075 1891
f 1304 1681 1305
f 1318 1325 1316
f 3288 3282 428
f 1175 1177 1176
f 2376 2754 2721
f 2386 1517 1704
f 1534 402 3299
f 824 3304 1287
f 3305 1604 1545
f 2045 2044 2029
f 525 526 515
f 2089 1534 2084
f 1369 1902 2831
f 2425 1244 1308
f 418 2072 422
f 2062 2052 2063
f 1294 2375 1276
f 3391 381 380
f 420 419 492
f 1323 1698 3305
f 381 387 379
f 465 3427 467
f 1292 1297 1299
f 164 165 3307
f 2873 1692 1306
f 2722 141 2819
f 397 411 414
f 3285 1891 3290
f 1713 1313 1681
f 189 2819 142
f 2048 528 3342
f 1229 1715 1207
f 3342 2076 2081
f 414 3311 397
f 1697 1696 2382
f 1545 400 3296
f 1543 460 3393
f 529 515 526
f 381 3391 491
f 1320 2820 2374
f 3388 380 379
f 2367 1319 1293
f 528 526 512
f 1537 2043 2089
f 2082 389 386
f 1175 1176 1349
f 1720 2435 2437
f 1355 2009 1173
f 55 422 2072
f 3306 398 2891
f 2280 2279 2087
f 427 1460 426
f 488 493 490
f 1282 1278 1289
f 1240 98 2412
f 1324 1327 2824
f 1296 1292 1295
f 3252 474 3255
f 3428 419 2752
f 1245 1355 1719
f 3303 2085 416
f 2081 2076 2080
f 491 2103 475
f 1302 1681 1303
f 520 3307 398
f 2047 2048 2081
f 3389 475 1543
f 3390 1544 376
f 2043 1537 2087
f 2384 2381 2380
f 1228 1245 1719
f 528 529 526
f 2087 1533 2086
f 2095 1537 2084
f 474 490 3255
f 1356 2826 2875
f 2075 423 3290
f 2379 2375 1295
f 1517 2378 2379
f 3427 3253 467
f 1285 1284 1697
f 462 3252 3256
f 2380 2381 2382
f 528 2048 530
f 2819 190 142
f 1228 1229 1729
f 421 2091 527
f 1300 1316 1306
f 265 2874 1679
f 1295 2754 1296
f 2754 2376 1296
f 1730 1205 1204
f 1355 1173 1719
f 2435 1213 1729
f 1304 2821 2722
f 469 3252 462
f 1694 3304 3298
f 2455 27 2742
f 390 3428 2752
f 941 2401 2404
f 1529 3341 3277
f 1815 518 3247
f 409 413 3293
f 2412 2822 1320
f 1290 1302 1285
f 2000 1229 1719
f 518 2039 3296
f 2454 2451 1180
f 469 462 468
f 43 1368 2831
f 1276 1275 1282
f 3250 527 508
f 2399 2401 2006
f 1177 1175 190
f 1349 100 1333
f 1241 1308 1244
f 2155 2157 936
f 3292 3300 3294
f 1239 93 1301
f 919 2173 2172
f 1948 2094 201
f 2036 522 2761
f 2382 1696 1286
f 1706 1266 2405
f 1543 2061 460
f 1349 1355 100
f 941 930 2401
f 2162 297 2174
f 3327 2867 2859
f 467 489 2063
f 2451 1661 1996
f 2720 2719 2721
f 2382 2379 2380
f 2063 469 467
f 1297 2719 1293
f 3469 3324 1528
f 33 3291 396
f 3292 3294 3291
f 416 1530 2095
f 2859 3334 3328
f 1310 2821 1315
f 3278 3343 3276
f 3255 490 493
f 1523 2004 2155
f 1716 1283 1281
f 2063 489 2051
f 3343 3278 1520
f 2090 55 421
f 1752 1173 2009
f 2720 2721 1695
f 414 395 401
f 2008 1675 1307
f 3344 396 1948
f 2742 2875 2743
f 1279 1288 1277
f 1695 2101 2720
f 2280 516 2279
f 1359 2009 1355
f 3250 3249 527
f 1305 2821 1304
f 413 2080 3293
f 2753 3276 3343
f 1692 141 1317
f 905 2169 2178
f 2174 920 2162
f 2052 2062 485
f 3293 2080 2076
f 1321 1293 1319
f 488 3251 493
f 3300 2079 425
f 2045 164 519
f 2367 2719 2720
f 1815 1323 2039
f 519 521 2083
f 2753 3343 428
f 2753 3300 3276
f 474 2063 2052
f 2190 3330 3331
f 2155 936 1522
f 2761 2076 2036
f 65 520 2795
f 387 1544 379
f 2088 401 395
f 1713 1302 1290
f 2062 2063 2051
f 4 195 1602
f 906 2177 2176
f 412 408 413
f 112 1467 1386
f 2036 2076 3342
f 189 142 2877
f 2204 2155 2708
f 1317 1314 1300
f 2384 2380 1295
f 2163 906 2176
f 418 422 2090
f 3321 3313 39
f 3253 3427 472
f 522 2036 512
f 1309 2875 2826
f 474 3252 469
f 3331 3330 195
f 3287 417 3286
f 1278 1277 1288
f 2458 1196 2441
f 1697 2382 2381
f 2415 2417 1237
f 1531 1604 3297
f 2403 937 2397
f 1680 2368 2827
f 2411 1243 1308
f 1173 1752 2457
f 3343 3281 428
f 2086 2761 522
f 2369 2825 1177
f 1530 416 409
f 1282 2755 1294
f 2164 2168 2178
f 409 3295 1530
f 1282 1294 1276
f 2085 414 411
f 2144 1470 2170
f 2836 2835 2455
f 2395 3352 1272
f 1308 1241 2429
f 2428 1720 1721
f 2369 1309 2825
f 1713 2374 1313
f 2761 2086 1533
f 469 2063 474
f 96 1303 2876
f 2155 2004 2157
f 511 508 2091
f 493 3393 3255
f 1729 1213 1228
f 1228 1241 2410
f 2173 2161 2395
f 3470 1298 2377
f 1681 2876 1303
f 2394 2403 2397
f 3389 1543 3393
f 2374 1291 1320
f 2048 2049 530
f 2052 490 474
f 2140 3331 4
f 3297 2089 1531
f 2005 1718 1707
f 1277 1274 2391
f 1326 1316 1693
f 2002 2402 946
f 488 490 2052
f 2103 1543 475
f 2103 2061 1543
f 419 491 492
f 1694 1695 3304
f 1280 135 134
f 488 2052 2056
f 2056 2052 485
f 2103 3390 2061
f 1723 2452 2453
f 1733 1193 2450
f 502 2796 503
f 3299 404 3301
f 189 2877 2414
f 3251 475 3389
f 2103 491 3391
f 1693 1325 1280
f 1313 2820 2821
f 2056 485 497
f 1542 2071 3290
f 3390 2103 3388
f 491 475 492
f 475 3251 492
f 141 2821 1310
f 2103 3391 3388
f 425 408 412
f 1534 2100 1695
f 1283 1696 1284
f 2383 1708 1704
f 1297 1293 1299
f 501 488 2056
f 2859 3328 3327
f 2090 422 55
f 3388 379 3390
f 141 1314 1317
f 488 501 3251
f 419 381 491
f 3391 380 3388
f 2053 492 3251
f 2190 3331 947
f 1544 3390 379
f 379 380 381
f 3330 1602 195
f 2368 2874 1675
f 3334 1890 3328
f 2053 3251 501
f 3299 403 404
f 1287 1279 1703
f 492 2053 420
f 419 3428 381
f 1544 387 388
f 419 420 2752
f 3349 1520 1519
f 3428 387 381
f 3332 1948 396
f 2053 494 420
f 55 2091 421
f 1241 1213 2429
f 387 3428 388
f 2752 420 390
f 1182 1180 1996
f 2381 2007 1697
f 1265 17 1267
f 3385 388 3428
f 1289 1278 1288
f 416 2085 415
f 1277 1278 1274
f 390 420 2042
f 2042 420 495
f 495 420 494
f 1241 1228 1213
f 3250 508 510
f 390 3284 386
f 2385 1303 1281
f 3428 386 3385
f 2078 2042 495
f 1192 1659 2450
f 2076 1533 3295
f 2082 386 3284
f 389 3385 386
f 508 511 510
f 423 390 2042
f 2053 501 511
f 3379 3384 1501
f 2089 3297 3445
f 136 1362 1361
f 2432 1234 1232
f 511 2091 494
f 511 496 510
f 1177 190 2819
f 1233 2420 1234
f 1535 3284 390
f 1306 2008 2873
f 423 1535 390
f 910 299 919
f 947 3331 2153
f 2389 2392 2386
f 2880 1357 1349
f 2042 2078 1542
f 1233 1234 2432
f 2822 1315 2820
f 495 494 2078
f 98 2823 104
f 1324 1240 1319
f 1998 2377 1291
f 423 2042 1542
f 2452 1180 1659
f 498 496 501
f 2078 494 55
f 494 2091 55
f 1328 1327 1464
f 506 498 497
f 1349 1176 2826
f 1309 2743 2875
f 1517 2379 2387
f 2742 2836 2455
f 2279 516 2044
f 55 2072 2078
f 1276 2375 2379
f 425 2079 408
f 2075 1535 423
f 1542 3290 423
f 1719 1229 1228
f 1542 2078 2072
f 412 411 397
f 508 527 2091
f 2826 1176 2825
f 2071 1542 2072
f 1891 2075 3290
f 1225 1221 1769
f 1300 1306 1317
f 2457 2000 1719
f 2072 418 2071
f 2457 1714 2000
f 3290 2071 3285
f 1349 1357 1355
f 1680 2836 2742
f 1313 1305 1681
f 2090 421 530
f 3285 2071 418
f 2090 2049 418
f 1245 1228 2410
f 2831 3450 43
f 2049 2090 530
f 100 1355 1245
f 2877 2876 2414
f 3285 418 3289
f 1333 1175 1349
f 2049 3289 418
f 530 421 515
f 527 515 421
f 2891 180 3306
f 2742 2743 1330
f 1329 106 1674
f 1330 1680 2742
f 3288 3285 3289
f 3285 428 1891
f 3289 2049 2047
f 2410 1241 93
f 1205 1201 1765
f 1297 2376 2719
f 515 529 530
f 515 527 3249
f 1680 2827 2835
f 1309 2369 1330
f 3288 3289 426
f 1243 2425 1308
f 1679 1680 1330
f 2049 2048 2047
f 1291 2374 1998
f 496 498 506
f 1324 1323 1327
f 2101 1698 2720
f 428 3285 3288
f 3289 2047 426
f 1330 2743 1309
f 3282 3288 426
f 93 1244 1301
f 1244 2425 1301
f 161 179 165
f 1245 2410 100
f 528 530 529
f 1521 3350 3349
f 2835 2357 2455
f 1177 137 2369
f 2081 2048 3342
f 497 498 2056
f 428 3282 1460
f 2047 427 426
f 1296 1297 1292
f 1460 3282 426
f 2376 1297 1296
f 526 525 513
f 515 502 525
f 1287 1703 824
f 1383 118 2834
f 3342 528 512
f 1679 2874 1680
f 1460 2753 428
f 1293 1321 1299
f 512 526 513
f 1460 3300 2753
f 408 2079 2081
f 1284 1281 1283
f 497 499 506
f 1291 1321 1320
f 513 525 516
f 1284 1696 1697
f 1175 1333 190
f 95 1301 2425
f 142 190 1333
f 3300 1460 427
f 2411 1227 2421
f 2081 2080 408
f 141 1177 2819
f 1225 2497 1226
f 2083 2077 2746
f 517 525 503
f 906 2932 736
f 504 497 485
f 513 522 512
f 503 2029 517
f 2821 2820 1315
f 403 3299 402
f 2831 108 1369
f 3324 2863 1528
f 413 408 2080
f 2358 1375 1371
f 2172 3369 919
f 923 302 2162
f 517 2029 2044
f 2088 3310 1890
f 522 516 2086
f 1769 2497 1225
f 2029 503 2038
f 2723 2421 1227
f 3292 3276 3300
f 1179 2451 2454
f 2435 1223 2430
f 3294 3300 425
f 517 2044 525
f 3247 1464 1815
f 516 525 2044
f 516 2280 2086
f 3450 1467 50
f 3292 3291 3278
f 3293 2076 3295
f 3294 425 412
f 396 3291 3332
f 2425 1236 95
f 109 1379 1378
f 499 497 504
f 3281 3349 3280
f 3470 2384 1298
f 1195 1732 1733
f 1318 2373 2412
f 3278 3291 33
f 409 3293 3295
f 2029 162 165
f 148 2879 1215
f 2044 2045 2279
f 2877 2410 93
f 2280 2087 2086
f 1675 2874 1307
f 162 2038 163
f 1533 2076 2761
f 1285 1302 2385
f 1373 2360 2370
f 412 413 411
f 411 413 409
f 2175 2177 906
f 1321 1291 1299
f 2384 1292 1298
f 2046 2029 165
f 162 163 161
f 1679 1330 137
f 1468 2455 2833
f 1321 1319 2412
f 1182 1743 1659
f 3291 3294 3336
f 95 1236 1700
f 1534 3445 2100
f 1713 1998 2374
f 397 3336 412
f 411 409 415
f 1533 1530 3295
f 1301 95 1239
f 265 1679 137
f 95 96 1239
f 2045 2046 164
f 1901 1385 2838
f 1239 2876 93
f 2279 2045 2281
f 3302 2279 2281
f 161 165 162
f 415 2085 411
f 1388 1439 1437
f 165 164 2046
f 2362 1901 2837
f 519 2281 2045
f 2087 1530 1533
f 1226 2433 1225
f 945 947 2153
f 397 410 3336
f 409 416 415
f 2874 265 1307
f 2039 3305 1545
f 1222 2704 2434
f 1388 2839 1439
f 196 3306 180
f 2873 265 137
f 1530 2087 1537
f 2746 2043 2087
f 2826 2825 1309
f 3450 50 43
f 3465 1467 3450
f 416 2095 3303
f 1692 2873 1177
f 2083 2746 2281
f 1275 2378 1274
f 2043 2746 1531
f 2094 410 3311
f 1467 3465 2362
f 3332 410 2094
f 397 3311 410
f 1242 2723 1775
f 2085 3303 414
f 1537 2095 1530
f 2860 1481 3355
f 138 139 118
f 389 3384 1504
f 3303 2095 3301
f 2095 2084 3301
f 1602 3327 3328
f 520 164 3307
f 519 164 520
f 2083 2281 519
f 2819 189 2722
f 2163 2164 2178
f 93 2876 2877
f 3309 2094 3311
f 1902 3450 2831
f 429 3281 3280
f 1275 2379 2378
f 404 3303 3301
f 520 521 519
f 2043 1531 2089
f 1604 1531 2077
f 510 496 506
f 414 401 3311
f 3465 1901 2362
f 1751 1198 1999
f 1328 104 2823
f 395 3303 404
f 2084 1537 2089
f 2083 400 2077
f 2796 2038 503
f 2795 3279 103
f 1235 1230 2420
f 2077 400 1604
f 2392 1274 2378
f 400 2083 521
f 400 1545 1604
f 2084 3299 3301
f 2457 1719 1173
f 400 521 3296
f 1241 1244 93
f 2089 3445 1534
f 3299 2084 1534
f 1193 1192 2450
f 2385 1281 1284
f 1604 1698 3297
f 1604 3305 1698
f 265 2873 1307
f 2829 106 1329
f 1321 2412 1320
f 117 1416 1163
f 1651 2464 1181
f 2100 3297 2101
f 2101 3297 1698
f 2008 1307 2873
f 1902 252 3441
f 1534 406 402
f 1694 406 1534
f 2720 1698 1322
f 1698 1323 1322
f 2100 2101 1695
f 2392 2389 2391
f 1695 1694 1534
f 2367 2720 1322
f 1197 1208 1199
f 1322 1323 1324
f 2039 1323 3305
f 1324 2367 1322
f 398 3307 2891
f 2721 3304 1695
f 2719 2367 1293
f 1323 1815 1327
f 2754 3304 2721
f 2721 2719 2376
f 1733 2450 1195
f 2754 2755 3304
f 2367 1324 1319
f 2824 1240 1324
f 3384 3379 2104
f 3304 824 3298
f 189 1304 2722
f 1165 2875 1705
f 1289 3304 2755
f 1240 2412 1319
f 3304 1289 1287
f 1289 2755 1282
f 2821 141 2722
f 2754 1294 2755
f 2837 1384 2362
f 2375 1294 2754
f 1299 1298 1292
f 2377 1298 1299
f 1288 1287 1289
f 2754 1295 2375
f 1302 1303 2385
f 1692 1317 1306
f 98 1318 2412
f 1292 2384 1295
f 1998 3470 2377
f 2379 1275 1276
f 1295 2380 2379
f 2007 3470 1998
f 2007 1998 2371
f 181 196 180
f 2820 1320 2822
f 3470 2381 2384
f 1700 1281 1699
f 2374 2820 1313
f 2381 3470 2007
f 947 2155 2204
f 113 1653 1383
f 98 1325 1318
f 1318 1316 2373
f 1315 2822 2373
f 1214 2429 1213
f 1274 1278 1275
f 2433 1226 2432
f 3280 3350 2860
f 100 2410 2877
f 2464 2450 1743
f 2371 1998 2372
f 1741 1745 1753
f 2391 2388 1277
f 1998 1713 2372
f 1315 2373 97
f 1290 2372 1713
f 1890 3310 4
f 3309 201 2094
f 1325 1693 1316
f 2825 1176 1177
f 3286 2075 3287
f 97 1310 1315
f 2007 2371 1285
f 201 3309 3326
f 1285 2371 1290
f 2830 108 1368
f 2007 1285 1697
f 1316 1300 97
f 97 1314 1310
f 2392 1517 2386
f 2382 1286 2387
f 2387 1704 1517
f 1302 1713 1681
f 2008 1693 1675
f 1306 1316 1326
f 1692 1177 141
f 1314 97 1300
f 2876 1681 2414
f 1696 1283 1286
f 1326 1693 2008
f 1326 2008 1306
f 1314 141 1310
f 2386 1704 2389
f 2876 1239 96
f 1285 2385 1284
f 3333 33 3344
f 1280 1675 1693
f 978 968 982
f 3604 3601 249
f 974 3404 2853
f 866 865 975
f 3395 3398 3392
f 3429 2287 3431
f 3398 34 3392
f 955 988 2854
f 984 781 983
f 3406 3407 3402
f 288 813 818
f 975 865 844
f 2853 962 866
f 348 2124 3431
f 3405 1502 3420
f 976 975 963
f 974 964 3404
f 767 904 766
f 3406 3402 3401
f 964 974 976
f 349 3392 3396
f 365 3414 2301
f 3405 964 1502
f 249 3603 3604
f 2299 3540 3539
f 48 307 845
f 47 307 48
f 3402 3425 3401
f 964 976 965
f 976 968 965
f 967 980 310
f 802 852 855
f 963 844 843
f 3559 3563 3558
f 781 826 825
f 458 3393 460
f 802 2890 797
f 991 993 987
f 281 793 788
f 296 2321 3533
f 3596 3605 999
f 961 1502 964
f 2318 219 3577
f 457 2124 346
f 2793 352 348
f 775 813 812
f 3833 3528 1000
f 3833 1000 3722
f 763 767 769
f 35 772 981
f 3562 2301 3534
f 842 863 763
f 310 305 973
f 3425 3396 3401
f 2784 832 831
f 3418 3420 3417
f 3811 213 3812
f 2299 3539 2297
f 3430 3433 349
f 833 831 821
f 378 459 2060
f 3432 2793 3424
f 961 3417 3420
f 367 3436 369
f 3553 211 296
f 3423 3576 343
f 3577 2290 2318
f 2112 2121 2756
f 3418 1483 3421
f 782 2782 845
f 3582 3581 2791
f 963 762 968
f 3558 3566 3562
f 771 818 290
f 961 965 966
f 3436 2290 2288
f 963 763 762
f 981 980 35
f 461 2059 457
f 2314 2293 3565
f 2118 3424 2125
f 904 806 768
f 383 3387 3386
f 237 3413 374
f 361 356 366
f 1507 1506 3399
f 3396 3425 2119
f 972 305 310
f 975 2853 866
f 283 2901 780
f 3604 2139 2138
f 462 3256 3257
f 2756 3424 2118
f 369 2105 368
f 970 961 966
f 3757 206 2321
f 3757 2321 3756
f 2113 2114 2116
f 966 304 957
f 279 766 768
f 2112 3576 2108
f 768 806 2902
f 374 3413 3417
f 995 996 960
f 3413 3418 3417
f 2070 2059 468
f 3813 2292 3834
f 3413 1483 3418
f 957 970 966
f 3425 3422 2300
f 304 967 957
f 3571 3568 3544
f 3375 3372 3373
f 3567 3535 3537
f 762 977 982
f 3549 3554 3560
f 766 765 767
f 2902 279 768
f 997 3531 3600
f 3258 2070 2069
f 2301 3414 3534
f 2127 3575 2748
f 827 2784 828
f 3403 1503 970
f 3423 358 3576
f 1897 1483 3413
f 977 762 277
f 807 852 802
f 988 991 987
f 781 823 826
f 763 769 762
f 769 767 765
f 969 305 986
f 2293 2314 292
f 279 765 766
f 3417 3419 374
f 971 970 957
f 967 978 35
f 230 1499 2109
f 3811 3726 213
f 3557 3595 301
f 307 2790 305
f 2291 3574 3568
f 296 209 266
f 3533 210 296
f 1005 317 1003
f 765 279 773
f 818 794 288
f 817 2902 806
f 996 995 2319
f 3605 3403 999
f 982 977 979
f 3372 3375 3374
f 1500 3599 3551
f 977 277 794
f 1508 3399 1506
f 48 845 2782
f 352 350 2105
f 773 277 765
f 2902 817 816
f 2070 344 2059
f 994 2319 998
f 2298 2299 2297
f 3534 3595 3557
f 3537 3535 206
f 3605 3596 3419
f 2850 776 785
f 959 957 967
f 977 772 979
f 3411 2300 3422
f 362 3594 3595
f 2138 2319 994
f 458 2069 3256
f 3596 237 374
f 769 277 762
f 794 279 288
f 816 288 2902
f 3603 999 2139
f 2139 971 959
f 2117 1499 3454
f 2069 3257 3256
f 1001 795 283
f 778 977 794
f 970 999 3403
f 277 279 794
f 281 784 791
f 249 3594 362
f 457 463 461
f 3429 3431 2124
f 2105 2116 2107
f 3603 3596 999
f 3410 3387 383
f 362 3414 237
f 2105 369 2115
f 3563 3547 3564
f 3593 472 465
f 3577 3573 3578
f 3431 3424 2793
f 34 3406 3401
f 292 2314 2298
f 972 310 980
f 2105 2106 352
f 3404 962 2853
f 280 770 778
f 280 778 771
f 343 2118 2125
f 383 3409 3410
f 813 288 820
f 3530 3531 3528
f 3549 3553 218
f 362 3596 249
f 3604 3603 2139
f 2138 2139 996
f 3569 2302 3568
f 798 800 797
f 2107 2116 2114
f 996 2139 958
f 349 3433 378
f 2791 2286 3582
f 958 973 305
f 3728 3841 3541
f 974 2853 975
f 341 352 2106
f 359 358 2300
f 1001 775 795
f 3550 3597 3529
f 280 772 770
f 772 280 981
f 288 279 2902
f 3601 3602 3597
f 813 820 5
f 796 788 793
f 842 843 844
f 845 972 981
f 786 775 1001
f 863 767 763
f 2790 307 47
f 3601 3604 3602
f 776 823 781
f 280 1001 845
f 3756 2321 3772
f 3565 2109 3566
f 812 813 811
f 2289 2288 3581
f 249 2317 3594
f 356 3566 300
f 2121 300 2117
f 2118 343 3576
f 2290 3436 367
f 366 3576 358
f 3602 3604 3600
f 954 995 969
f 985 781 825
f 47 993 991
f 2138 3600 3604
f 305 969 960
f 357 366 356
f 355 1897 365
f 375 378 3433
f 3565 2293 2109
f 2293 292 229
f 2059 461 468
f 3563 3559 3583
f 2323 347 341
f 230 2109 2293
f 994 3600 2138
f 2294 2295 215
f 458 3258 2069
f 3552 3597 3551
f 1503 3417 961
f 956 998 2319
f 463 3593 465
f 3555 3563 3564
f 3730 214 3731
f 792 791 784
f 3401 3396 34
f 775 774 795
f 812 774 775
f 3575 2289 2748
f 3594 2317 306
f 220 2298 2297
f 3431 2793 348
f 3565 3555 2314
f 3595 306 301
f 462 3257 468
f 789 827 790
f 2317 3601 3597
f 2290 367 3454
f 3570 2295 2294
f 3555 3558 3563
f 1897 3422 1483
f 3528 298 8
f 3430 349 2119
f 461 463 464
f 955 998 956
f 361 2301 3562
f 3398 3387 3399
f 280 845 981
f 3573 2286 2791
f 366 359 3411
f 3536 3567 3564
f 973 959 967
f 795 774 283
f 774 812 777
f 3559 3557 125
f 956 995 954
f 2323 2106 2128
f 777 283 774
f 3554 3583 125
f 955 956 954
f 854 849 855
f 2748 2289 226
f 3732 3571 213
f 3732 213 3726
f 2790 47 986
f 782 779 2782
f 782 283 780
f 282 2782 779
f 3598 1500 306
f 3570 2297 3541
f 3403 3605 3417
f 3453 3560 125
f 3571 215 2295
f 3560 3551 3549
f 823 819 826
f 3552 3598 3597
f 787 783 46
f 3530 3597 3602
f 3530 3602 3531
f 989 2851 992
f 953 955 954
f 991 953 986
f 3433 3430 2122
f 779 782 780
f 804 793 777
f 777 793 2887
f 2886 784 776
f 3552 1500 3598
f 975 976 974
f 857 835 849
f 2113 2116 372
f 292 2298 229
f 3556 3563 3583
f 3560 3453 1500
f 125 3560 3554
f 2793 3432 352
f 341 2106 2323
f 46 2782 787
f 854 855 856
f 955 953 991
f 991 988 955
f 48 46 993
f 2782 282 787
f 282 780 2901
f 843 842 763
f 305 972 307
f 3540 3537 206
f 2901 2887 791
f 375 3258 459
f 805 793 804
f 2123 345 2895
f 3774 3539 3540
f 3774 3540 3773
f 1506 392 3408
f 215 3544 3582
f 3552 3551 3599
f 3551 3597 3550
f 46 2886 993
f 346 2124 348
f 3528 8 3530
f 791 282 2901
f 358 2284 2300
f 2850 788 796
f 3531 2855 317
f 3534 3414 3595
f 783 2886 46
f 212 3529 3507
f 2791 3581 3578
f 461 464 468
f 3749 2295 3541
f 3749 3541 3841
f 3421 3402 3418
f 797 805 798
f 793 281 791
f 845 307 972
f 2105 2115 2116
f 3529 212 3550
f 8 3529 3530
f 3528 3531 317
f 3815 266 3791
f 802 836 2890
f 963 975 844
f 2854 317 2855
f 375 3433 3258
f 370 2120 367
f 987 993 984
f 791 792 282
f 787 792 783
f 2785 2784 831
f 3554 3549 218
f 3414 365 1897
f 3550 3553 3551
f 3528 317 308
f 220 3570 3573
f 3574 3544 3568
f 792 784 783
f 2287 3429 3433
f 366 358 359
f 814 789 797
f 2112 2118 3576
f 2290 230 2293
f 3557 3562 3534
f 348 352 341
f 3574 3582 3544
f 785 281 788
f 796 805 790
f 3533 206 3535
f 784 281 785
f 2108 357 2112
f 3549 3551 3553
f 2300 2119 3425
f 2115 372 2116
f 2108 366 357
f 2297 3570 220
f 3594 306 3595
f 211 3553 212
f 3547 3561 3538
f 219 220 3573
f 2756 2121 2117
f 1503 961 970
f 2887 793 791
f 3507 3529 8
f 3573 2791 3578
f 3407 3400 3402
f 3729 3727 214
f 3568 3571 3569
f 989 988 990
f 3392 349 378
f 2287 2125 3431
f 317 1005 308
f 784 2886 783
f 3563 3556 3547
f 2069 2070 3257
f 2107 2128 2106
f 34 3396 3392
f 990 987 984
f 3561 3554 218
f 790 805 789
f 367 2120 3454
f 790 284 796
f 2060 2061 377
f 3580 2302 228
f 788 2850 785
f 796 284 2850
f 3436 372 369
f 2314 3555 3564
f 821 831 834
f 377 376 3394
f 209 212 3507
f 1000 308 1005
f 3551 3560 1500
f 3792 3540 3759
f 341 347 346
f 3533 3535 210
f 3835 206 3757
f 214 3569 3571
f 296 210 3553
f 3581 2288 3578
f 968 978 304
f 3733 298 3528
f 3733 3528 3833
f 2294 2286 3573
f 2784 2785 828
f 344 2124 2059
f 2286 2294 215
f 220 219 229
f 2284 358 2122
f 3747 3750 264
f 3574 226 3581
f 264 8 298
f 2105 2107 2106
f 1502 961 3420
f 3432 363 368
f 2298 2314 3567
f 990 2851 989
f 369 372 2115
f 984 983 990
f 284 790 819
f 345 2323 2895
f 368 350 3432
f 3433 3429 344
f 814 797 2890
f 3792 3773 3540
f 960 969 995
f 2120 2117 3454
f 2290 3454 230
f 3408 392 3397
f 363 3432 3424
f 347 345 346
f 278 2302 3569
f 370 363 2756
f 2287 3433 2122
f 2126 364 372
f 3760 3761 278
f 3593 346 345
f 993 47 48
f 2895 2323 2128
f 780 282 779
f 264 3507 8
f 362 237 3596
f 3532 209 3507
f 218 3548 3561
f 125 3583 3559
f 3762 2302 278
f 3762 278 3761
f 986 305 2790
f 990 983 2851
f 227 2291 3580
f 800 802 797
f 983 781 985
f 814 827 789
f 904 768 766
f 968 304 966
f 782 1001 283
f 842 844 865
f 125 3557 301
f 819 790 827
f 776 2850 284
f 3748 3507 264
f 3748 264 3751
f 3407 3405 3400
f 3574 2291 226
f 965 961 964
f 3396 2119 349
f 266 209 3532
f 820 2898 5
f 3430 2119 2284
f 3408 3405 3407
f 3421 3422 3425
f 1004 1005 1003
f 985 2851 983
f 284 819 823
f 457 346 463
f 3775 3816 3539
f 2122 3423 2287
f 2756 2120 370
f 1892 391 3378
f 826 819 827
f 3411 355 361
f 2890 830 814
f 3417 3605 3419
f 986 47 991
f 2126 2127 364
f 3536 3547 3538
f 3750 3751 264
f 378 2060 3395
f 2126 3436 2127
f 3431 2125 3424
f 3793 3532 3814
f 2127 3436 3575
f 3430 2284 2122
f 288 815 820
f 3723 1000 3734
f 3407 3399 1508
f 2061 3390 377
f 3553 3548 218
f 377 3390 376
f 2070 3258 3433
f 1505 3378 391
f 2122 358 3423
f 3735 1005 1004
f 3735 1004 3737
f 2118 2112 2756
f 3733 3725 298
f 3603 249 3596
f 776 284 823
f 765 277 769
f 830 827 814
f 998 955 2855
f 279 277 773
f 828 826 827
f 959 958 2139
f 969 986 954
f 987 990 988
f 3577 219 3573
f 2060 460 2061
f 989 2854 988
f 3564 3547 3536
f 266 2321 296
f 805 796 793
f 35 978 979
f 970 971 999
f 962 2847 952
f 3576 366 2108
f 350 352 3432
f 3394 3395 2060
f 3433 344 2070
f 2120 2756 2117
f 290 813 775
f 3583 3561 3556
f 992 1004 1003
f 781 984 776
f 219 2318 229
f 985 825 822
f 827 830 2784
f 458 459 3258
f 2785 826 828
f 289 830 2890
f 2109 1499 300
f 3555 3565 3558
f 3411 361 366
f 3548 3553 210
f 2126 372 3436
f 458 3256 3393
f 3817 1004 3738
f 1004 992 1002
f 3738 1004 3778
f 3558 3565 3566
f 833 825 826
f 830 832 2784
f 460 2060 459
f 289 835 834
f 2785 833 826
f 835 2890 836
f 957 959 971
f 3411 359 2300
f 2117 300 1499
f 996 958 960
f 2890 835 289
f 830 289 832
f 361 365 2301
f 963 843 763
f 3403 3417 1503
f 989 992 1003
f 3779 822 3781
f 3782 3842 825
f 794 818 771
f 3780 3739 822
f 959 973 958
f 300 357 356
f 855 849 836
f 385 3386 382
f 953 954 986
f 2298 3537 2299
f 981 972 980
f 3558 3562 3559
f 3453 301 306
f 2318 2290 2293
f 345 2123 452
f 356 361 3566
f 3453 306 1500
f 2854 989 1003
f 762 982 968
f 831 833 2785
f 836 849 835
f 355 3411 3422
f 792 787 282
f 1001 280 786
f 815 816 817
f 3581 3582 3574
f 2321 206 3533
f 3530 3529 3597
f 835 857 834
f 998 997 3600
f 3537 2298 3567
f 2286 215 3582
f 2293 229 2318
f 834 831 832
f 855 836 802
f 361 3562 3566
f 2124 457 2059
f 3580 3568 2302
f 846 834 857
f 834 832 289
f 2294 3573 3570
f 1507 3409 1505
f 813 290 818
f 815 288 816
f 3420 3418 3402
f 776 784 785
f 964 3405 3404
f 3794 3783 833
f 3536 3535 3567
f 992 2851 1002
f 2323 345 347
f 3394 3387 3398
f 3409 1507 3410
f 391 392 1505
f 1897 355 3422
f 3581 226 2289
f 237 3414 1897
f 849 854 200
f 228 2292 227
f 1507 1505 392
f 811 813 5
f 821 834 829
f 829 834 846
f 2289 3575 2288
f 3791 266 3532
f 3791 3532 3793
f 3257 2070 468
f 2299 3537 3540
f 3453 125 301
f 3410 1507 3399
f 3392 378 3395
f 3561 3548 3538
f 856 858 854
f 363 370 369
f 3557 3559 3562
f 369 368 363
f 3858 829 846
f 3858 846 3797
f 1499 230 3454
f 770 977 778
f 2291 3568 3580
f 209 296 211
f 3571 3544 215
f 3799 829 3837
f 200 854 858
f 3764 857 3843
f 367 369 370
f 452 472 345
f 3578 2290 3577
f 664 200 858
f 3854 200 3853
f 805 797 789
f 965 968 966
f 391 1892 392
f 2109 300 3566
f 863 842 865
f 290 775 771
f 980 967 35
f 392 1506 1507
f 1892 3397 392
f 375 459 378
f 3372 1892 3373
f 984 993 2886
f 3397 1892 3372
f 973 967 310
f 346 3593 463
f 3564 3567 2314
f 3436 2288 3575
f 3421 3425 3402
f 805 804 798
f 465 464 463
f 963 968 976
f 3758 3760 278
f 3539 3541 2297
f 2298 220 229
f 3836 206 3835
f 3420 3402 3400
f 2317 249 3601
f 2060 377 3394
f 357 300 2121
f 999 971 2139
f 771 786 280
f 3595 3414 362
f 984 2886 776
f 346 348 341
f 3752 3847 861
f 3846 3752 861
f 3536 3538 3535
f 1897 3413 237
f 2121 2112 357
f 2284 2119 2300
f 385 383 3386
f 1000 3528 308
f 2887 2901 777
f 228 227 3580
f 3374 3397 3372
f 1483 3422 3421
f 815 817 286
f 210 3535 3538
f 211 212 209
f 962 3375 2847
f 995 956 2319
f 3598 306 2317
f 212 3553 3550
f 374 3419 3596
f 3599 1500 3552
f 286 276 287
f 3571 2295 213
f 1508 1506 3408
f 2898 820 286
f 3410 3399 3387
f 361 355 365
f 807 802 800
f 3400 3405 3420
f 2290 3578 2288
f 3387 3394 3386
f 3407 1508 3408
f 3429 2124 344
f 3374 3375 962
f 3556 3561 3547
f 772 35 979
f 2295 3570 3541
f 3598 2317 3597
f 952 866 962
f 3408 3397 3374
f 376 382 3386
f 2138 996 2319
f 3386 3394 376
f 997 998 2855
f 2901 283 777
f 3600 994 998
f 778 794 771
f 305 960 958
f 286 820 815
f 3423 343 2287
f 962 3404 3374
f 458 460 459
f 343 2125 2287
f 2756 363 3424
f 771 775 786
f 3561 3583 3554
f 276 286 817
f 3398 3399 34
f 3408 3374 3404
f 48 2782 46
f 977 770 772
f 3407 3406 3399
f 3548 210 3538
f 782 845 1001
f 2105 350 368
f 3406 34 3399
f 978 982 979
f 3408 3404 3405
f 1003 317 2854
f 3593 345 472
f 967 304 978
f 3394 3398 3395
f 2855 3531 997
f 3600 3531 3602
f 904 767 863
f 2854 2855 955
f 225 2751 222
f 453 2758 342
f 3438 3683 3588
f 455 174 3261
f 552 236 2031
f 3542 221 227
f 473 489 467
f 3690 2275 217
f 3713 3715 3711
f 3713 3711 3709
f 3713 3709 3706
f 3713 3706 3707
f 3713 3707 3716
f 3713 3716 3703
f 3713 3703 3710
f 3713 3710 3474
f 3713 3474 3712
f 2763 3516 2766
f 2763 2276 2845
f 2762 2276 3545
f 456 54 342
f 2845 2276 2762
f 2772 2759 338
f 364 360 1498
f 2748 226 2749
f 3543 319 3572
f 242 186 3800
f 2749 2750 2748
f 2304 2296 223
f 2032 551 3230
f 236 557 2771
f 342 2758 239
f 217 242 3690
f 3228 553 3434
f 2748 2750 2127
f 243 205 1007
f 233 186 2276
f 2759 351 353
f 3579 224 2296
f 2275 3691 1007
f 3592 2766 234
f 3818 3819 3543
f 221 223 222
f 342 54 453
f 3690 3691 2275
f 3572 3515 3546
f 224 225 223
f 239 2758 449
f 2276 217 3545
f 226 221 2749
f 3838 2292 3813
f 1498 360 2111
f 3517 2766 3516
f 3235 3516 2845
f 3517 235 232
f 3235 235 3517
f 222 223 225
f 1498 2111 3579
f 2113 371 1484
f 3254 2123 175
f 2771 338 1498
f 3692 2313 3691
f 456 342 2894
f 3692 3691 3690
f 2032 3230 3584
f 3253 473 467
f 3253 472 466
f 236 3579 2031
f 3682 2772 557
f 466 3254 2058
f 3230 551 3229
f 452 466 472
f 217 2276 186
f 1498 2110 364
f 235 3590 2033
f 553 3228 555
f 2305 3585 2304
f 223 2296 224
f 3546 3543 3572
f 3784 2303 3822
f 552 3584 3230
f 2033 2032 235
f 3515 3572 3542
f 3235 3590 235
f 2304 3585 2296
f 268 319 2303
f 2107 2114 351
f 3517 231 2766
f 2766 231 234
f 186 242 217
f 2771 557 2772
f 2128 2107 54
f 2275 3545 217
f 2127 2750 360
f 3235 2845 2762
f 2123 3254 452
f 3259 3426 3434
f 3806 3808 3807
f 3806 3807 3483
f 3806 3483 3829
f 3806 3829 3824
f 3806 3824 3717
f 3806 3717 3718
f 3806 3718 3830
f 3806 3830 3856
f 3806 3856 3745
f 3806 3745 3746
f 3806 3746 3744
f 3806 3744 128
f 3806 128 3809
f 3806 3809 3810
f 3806 3810 3765
f 3806 3765 3766
f 3806 3766 3755
f 3806 3755 3754
f 3806 3754 3839
f 3806 3839 3828
f 3806 3828 3826
f 3806 3826 3827
f 3806 3827 3719
f 3806 3719 3741
f 3806 3741 3742
f 3806 3742 3743
f 3806 3743 248
f 3806 248 3786
f 3806 3786 3789
f 3806 3789 3790
f 3806 3790 3840
f 3806 3840 3721
f 3806 3721 3831
f 3806 3831 3832
f 3806 3832 3767
f 3806 3767 3802
f 3806 3802 3801
f 3806 3801 242
f 3806 242 3800
f 3806 3800 3803
f 3806 3803 3740
f 3806 3740 3805
f 3806 3805 3804
f 3806 3804 3785
f 3806 3785 3784
f 3806 3784 3822
f 3806 3822 3820
f 3806 3820 3821
f 3806 3821 3819
f 3806 3819 3818
f 3806 3818 3823
f 3806 3823 3753
f 3806 3753 3838
f 3806 3838 3813
f 3806 3813 3834
f 3806 3834 3770
f 3806 3770 3762
f 3806 3762 3761
f 3806 3761 3760
f 3806 3760 3758
f 3806 3758 3771
f 3806 3771 3727
f 3806 3727 3729
f 3806 3729 3730
f 3806 3730 3731
f 3806 3731 3732
f 3806 3732 3726
f 3806 3726 3811
f 3806 3811 3812
f 3806 3812 3749
f 3806 3749 3841
f 3806 3841 3728
f 3806 3728 3816
f 3806 3816 3775
f 3806 3775 3774
f 3806 3774 3773
f 3806 3773 3792
f 3806 3792 3759
f 3806 3759 3836
f 3806 3836 3835
f 3806 3835 3757
f 3806 3757 3756
f 3806 3756 3772
f 3806 3772 3768
f 3806 3768 3769
f 3806 3769 3815
f 3806 3815 3791
f 3806 3791 3793
f 3806 3793 3814
f 3806 3814 3748
f 3806 3748 3751
f 3806 3751 3750
f 3806 3750 3747
f 3806 3747 3724
f 3806 3724 3725
f 3806 3725 3733
f 3806 3733 3833
f 3806 3833 3722
f 3806 3722 3723
f 3806 3723 3734
f 3806 3734 3736
f 3806 3736 3735
f 3806 3735 3737
f 3806 3737 3817
f 3806 3817 3738
f 3806 3738 3778
f 3806 3778 1002
f 3806 1002 3763
f 3806 3763 3777
f 3806 3777 3776
f 3806 3776 3779
f 3806 3779 3781
f 3806 3781 3739
f 3806 3739 3780
f 3806 3780 3842
f 3806 3842 3782
f 3806 3782 3783
f 3806 3783 3794
f 3806 3794 3795
f 3806 3795 3799
f 3806 3799 3837
f 3806 3837 3858
f 3806 3858 3797
f 3806 3797 3796
f 3806 3796 3764
f 3806 3764 3843
f 3806 3843 3844
f 3806 3844 3798
f 3806 3798 3854
f 3806 3854 3853
f 3806 3853 3857
f 3806 3857 3847
f 3806 3847 3752
f 3806 3752 3846
f 3806 3846 3845
f 3806 3845 3849
f 3806 3849 3852
f 3806 3852 3851
f 3806 3851 3850
f 3806 3850 3848
f 3806 3848 3705
f 3806 3705 3708
f 3806 3708 3704
f 3806 3704 3715
f 3806 3715 3713
f 3806 3713 3714
f 3806 3714 3825
f 3806 3825 3787
f 3806 3787 3788
f 3806 3788 3720
f 3806 3720 3859
f 3806 3859 3855
f 3426 351 2759
f 3261 174 239
f 2033 3588 2032
f 3438 3545 205
f 3228 557 2271
f 2296 3585 3591
f 2128 54 456
f 2304 319 268
f 3259 454 449
f 2292 3546 3515
f 3031 233 3592
f 3516 2763 2845
f 2111 360 2750
f 2751 2749 221
f 364 2127 360
f 453 2794 3426
f 3542 227 3515
f 2894 2895 456
f 2760 1484 371
f 3821 319 3543
f 3821 3543 3819
f 3818 3543 3546
f 3818 3546 3823
f 3259 3434 553
f 175 2894 174
f 225 224 3579
f 3253 466 473
f 3592 233 2766
f 3235 2762 3590
f 338 2760 1498
f 205 3545 2275
f 175 2058 3254
f 2750 2751 2111
f 2291 221 226
f 2759 353 2760
f 2304 268 2305
f 3572 216 3542
f 3804 3031 3785
f 216 319 2304
f 3517 232 3585
f 239 449 3261
f 235 552 3591
f 3805 233 3031
f 3805 3031 3804
f 2763 2766 233
f 489 473 2051
f 371 2113 372
f 372 364 371
f 3031 268 2303
f 3259 453 3426
f 3438 2033 3590
f 1498 2760 2110
f 2751 225 2111
f 2110 2760 371
f 227 2292 3515
f 205 3683 3438
f 449 2758 3259
f 221 222 2751
f 557 552 3230
f 552 2031 3591
f 2305 231 3585
f 3592 234 3031
f 371 364 2110
f 2114 353 351
f 2032 3584 235
f 3031 234 2305
f 2772 3426 2759
f 451 455 2058
f 2123 2895 175
f 1498 236 2771
f 231 2305 234
f 3682 557 3228
f 3590 2762 3438
f 232 235 3591
f 3585 231 3517
f 351 54 2107
f 233 2276 2763
f 2758 453 3259
f 552 557 236
f 3438 2762 3545
f 3579 236 1498
f 2772 338 2771
f 232 3591 3585
f 353 1484 2760
f 2749 2751 2750
f 351 3426 2794
f 451 174 455
f 239 2894 342
f 3588 2033 3438
f 3542 223 221
f 3228 3434 3682
f 2759 2760 338
f 3426 2772 3434
f 3800 186 3803
f 2772 3682 3434
f 3740 233 3805
f 3229 2271 3230
f 2794 54 351
f 319 216 3572
f 2794 453 54
f 3822 2303 3820
f 451 2058 175
f 2895 2894 175
f 3230 2271 557
f 466 452 3254
f 2305 268 3031
f 3517 3516 3235
f 2031 2296 3591
f 3753 3823 3546
f 3691 243 1007
f 2296 2031 3579
f 553 454 3259
f 2128 456 2895
f 175 174 451
f 3584 552 235
f 2894 239 174
f 216 223 3542
f 2313 243 3691
f 2114 2113 353
f 205 2275 1007
f 3228 2271 555
f 225 3579 2111
f 223 216 2304
f 221 2291 227
f 2113 1484 353
f 3837 829 3858
f 3483 3481 3829
f 3493 3713 3712
f 3472 3716 3707
f 3449 3704 3708
f 3475 3474 3710
f 3493 3712 3474
f 3475 3710 3703
f 3475 3703 3472
f 3718 3717 3451
f 3491 3487 3855
f 3491 3855 3859
f 664 3857 3853
f 664 3853 200
f 259 204 3848
f 259 3848 3850
f 861 3847 3857
f 861 3857 664
f 259 3849 3845
f 259 3845 665
f 857 849 3844
f 857 3844 3843
f 270 3856 3830
f 3481 3451 3824
f 3481 3824 3829
f 2303 319 3821
f 2303 3821 3820
f 3487 3806 3855
f 3690 3801 3802
f 3690 3802 3692
f 200 3798 3844
f 200 3844 849
f 200 3854 3798
f 857 3796 3797
f 857 3797 846
f 829 3799 3795
f 829 3795 821
f 833 821 3795
f 833 3795 3794
f 2274 3840 3790
f 2274 3790 3789
f 2274 3789 246
f 3492 3788 3787
f 2303 3784 3785
f 2303 3785 3031
f 825 833 3783
f 825 3783 3782
f 822 825 3842
f 822 3842 3780
f 1004 1002 3778
f 985 3776 3777
f 985 3777 2851
f 822 3779 3776
f 822 3776 985
f 3539 3774 3775
f 228 3770 3834
f 228 3834 2292
f 2321 266 3815
f 2321 3815 3769
f 2321 3769 3768
f 2321 3768 3772
f 3692 3802 3767
f 2324 3520 3765
f 2324 3765 3810
f 857 3764 3796
f 2851 3777 3763
f 2851 3763 1002
f 228 2302 3762
f 228 3762 3770
f 206 3836 3759
f 206 3759 3540
f 3569 3771 3758
f 3569 3758 278
f 251 3698 3839
f 251 3839 3754
f 3546 2292 3838
f 3546 3838 3753
f 3690 242 3801
f 213 2295 3749
f 213 3749 3812
f 3532 3507 3748
f 3532 3748 3814
f 270 3745 3856
f 253 128 3744
f 253 3744 3746
f 253 3746 271
f 2282 3742 3741
f 2282 248 3743
f 186 233 3740
f 186 3740 3803
f 822 3739 3781
f 1004 3817 3737
f 1005 3735 3736
f 1005 3736 1000
f 1000 3736 3734
f 3571 3732 3731
f 3571 3731 214
f 214 3730 3729
f 3539 3816 3728
f 3539 3728 3541
f 3569 214 3727
f 3569 3727 3771
f 264 298 3724
f 264 3724 3747
f 298 3725 3724
f 1000 3723 3722
f 3491 3859 3720
f 3491 3720 3492
f 3452 2282 3741
f 3452 3741 3719
f 3699 3452 3719
f 3699 3719 3827
f 3451 3717 3824
