mtllib Rook_cleaned.mtl
o coarse_x+6.00_z-3.00
usemtl 3DModel
v 0.031148573 -0.010330068 0.248198523
v 0.032446606 -0.008613280 0.247175948
v 0.033715215 -0.009415366 0.247966075
v -0.021080571 0.045198565 0.002679232
v -0.021672595 0.044855688 0.004179966
v -0.022567769 0.044734565 0.002806008
v -0.012969738 0.047599929 0.002001422
v -0.013196317 0.047477059 0.002803797
v -0.013853594 0.047369175 0.002072029
v -0.028787056 0.042101267 0.003409098
v -0.026728168 0.043718900 0.196985013
v -0.025933675 0.043388697 0.190047346
v -0.022268528 0.046840216 0.193623346
v -0.013499980 0.043576151 0.164572966
v -0.014077629 0.047936498 0.170667903
v -0.019811397 0.042835208 0.170320211
v -0.019686500 0.022529792 0.131203635
v -0.021923274 0.020150466 0.120702571
v -0.017661447 0.024795660 0.118718692
v 0.000461343 0.064053090 0.223791555
v -0.003104242 0.062467507 0.222201136
v 0.000021908 0.063645967 0.221391741
v -0.017825082 0.025562050 0.137774176
v -0.018454020 0.026802742 0.144277808
v -0.020948103 0.022336079 0.141976795
v -0.017273269 0.038451673 0.162041857
v -0.023296675 0.032834172 0.163557233
v -0.025864029 0.015543009 0.116710519
v -0.024013044 0.016546992 0.124666692
v -0.036580721 0.030331061 0.201272618
v -0.034930529 0.032026265 0.192277170
v -0.033537479 0.036630689 0.201558811
v -0.011353817 0.029834295 0.128739335
v -0.008056505 0.031787834 0.130782780
v -0.010553438 0.031565098 0.136210773
v -0.021855263 0.049206224 0.202931967
v -0.016902874 0.052121078 0.205931998
v -0.021678958 0.050201892 0.208014747
v -0.005459343 0.034884902 0.139266090
v -0.009461063 0.033646146 0.141026200
v -0.006916905 0.033133677 0.135202490
v -0.003502728 0.032066233 0.121473307
v -0.007378061 0.031294769 0.125732942
v -0.008458139 0.030254246 0.118736353
v -0.004731230 0.032679080 0.128546601
v -0.002394003 0.034091746 0.133032002
v -0.028502940 0.037062891 0.177370865
v -0.033380333 0.029130212 0.180706311
v -0.029375348 0.029348890 0.172191013
v 0.026107003 0.049872705 0.017213923
v 0.021976895 0.051948912 0.023184302
v 0.020494486 0.051667177 0.017866002
v -0.017034538 0.029908449 0.147936227
v -0.019242574 0.027559051 0.147984673
v -0.021468349 0.025217939 0.150051091
v -0.014385301 0.057403835 0.219180876
v -0.018842300 0.053217653 0.213949404
v -0.014894570 0.055000569 0.212538773
v -0.025706795 0.049489317 0.241274312
v -0.025992371 0.046774256 0.242272970
v -0.028450353 0.047418092 0.241338985
v -0.016962376 0.056860058 0.240346677
v -0.015209844 0.057487974 0.240538322
v -0.014583281 0.055868230 0.241335078
v -0.024458901 0.019808164 0.148276929
v -0.037452348 0.026368549 0.193485843
v -0.009575304 0.036388535 0.091372025
v -0.015068283 0.034326749 0.087018944
v -0.011095347 0.037831068 0.084426029
v -0.016675984 0.058671660 0.238015588
v -0.018545150 0.057156979 0.239309159
v -0.020497974 0.056506654 0.236928160
v -0.028701340 0.048622532 0.238626905
v -0.026691105 0.050494659 0.239976358
v -0.035505762 0.028713054 0.186996505
v -0.023091047 0.046349987 0.242801759
v -0.019984443 0.044923604 0.242928974
v -0.023880559 0.042888150 0.243131419
v -0.012969445 0.031870268 0.142634472
v -0.014635409 0.028891577 0.138484961
v -0.040727790 0.023558003 0.232267724
v -0.039278748 0.027312132 0.226025196
v -0.039005301 0.028128604 0.233836646
v -0.035299376 0.003361716 0.100183031
v -0.035907605 0.007695416 0.093932792
v -0.031893841 0.008928946 0.103555330
v -0.018406964 0.029120413 0.092308908
v -0.020853893 0.029665909 0.084817532
v -0.027733942 0.012922167 0.247079021
v -0.030212477 0.019335195 0.247852828
v -0.027729991 0.016848481 0.246227101
v -0.030599821 0.013417282 0.248260241
v -0.028458883 0.009437429 0.248301894
v -0.022835846 0.017927133 0.136837066
v -0.024517540 0.017146456 0.143370710
v -0.030364296 0.008651821 0.248843452
v -0.027849854 0.000209518 0.250052522
v -0.024861071 -0.006129363 0.250563279
v -0.027455609 -0.004065678 0.249983436
v -0.029555222 0.005052156 0.249275123
v -0.027706503 0.004835466 0.249205573
v -0.029614487 -0.000618704 0.249521594
v -0.029764013 -0.002625879 0.249625124
v -0.027786022 -0.006379577 0.249836830
v -0.030781724 0.002200018 0.249342057
v -0.031450139 0.005941800 0.249062454
v -0.032539970 0.016742974 0.248145717
v -0.025682104 -0.007526318 0.250282978
v -0.031830045 0.001234510 0.249314667
v -0.032712416 0.019864122 0.247893710
v -0.033057924 0.024175755 0.247635444
v -0.033324729 0.012007501 0.248352552
v -0.032629348 -0.000357360 0.248836556
v -0.033852899 0.008152890 0.248395072
v -0.034832779 0.018599058 0.247642180
v -0.024899285 -0.010176019 0.250204671
v -0.035135170 0.010433169 0.247763161
v -0.041182418 0.021897387 0.236837368
v -0.041696995 0.020054946 0.231874016
v -0.027174347 -0.009655969 0.249138088
v -0.035457912 0.007654211 0.248224892
v -0.035435633 0.022779413 0.247084674
v -0.033088954 0.004761120 0.248598813
v -0.034426836 0.003648306 0.248548903
v -0.036478181 0.011032908 0.247656387
v -0.035914980 0.013621324 0.247482275
v -0.024751924 -0.013104176 0.248436881
v -0.031599421 -0.004890548 0.248578890
v -0.031866942 -0.003437644 0.248930702
v -0.029813532 -0.006367165 0.248946020
v -0.034399855 -0.000546138 0.248417639
v -0.029165089 -0.008683899 0.247872830
v -0.031476915 -0.006257110 0.247687005
v -0.027460971 -0.011058882 0.247905861
v -0.035859223 0.003717619 0.248373483
v -0.034900392 0.001946010 0.248486894
v -0.033286683 -0.003438499 0.247819922
v -0.037083162 0.019927771 0.246538223
v -0.035820707 0.027714029 0.246116382
v -0.037615712 0.014435190 0.247095530
v -0.024536885 -0.008605410 0.250638783
v -0.036670378 0.002317912 0.247725779
v -0.038612467 0.023840607 0.245502999
v -0.038443120 0.027179549 0.244626370
v -0.037737836 0.027031291 0.245299327
v -0.027196954 -0.011682558 0.245800161
v -0.028613009 -0.009884038 0.246769145
v -0.030837326 -0.008268853 0.245129580
v -0.024008757 -0.014687559 0.244114908
v -0.033893198 -0.004364115 0.245948642
v -0.037303730 0.009844965 0.247465901
v -0.036820900 0.006061986 0.248065570
v -0.038316346 0.008707600 0.247005835
v -0.039322473 0.025503283 0.243876510
v -0.039868953 0.020923767 0.243878403
v -0.039054295 0.017909097 0.245858080
v -0.038981329 0.012388749 0.246440048
v -0.028015733 -0.011317708 0.240451806
v -0.039672846 0.025530772 0.241283433
v -0.040343687 0.015182651 0.244335603
v -0.036043107 -0.001097193 0.246868745
v -0.038620779 0.003469331 0.245541717
v -0.038497162 0.005968574 0.246662401
v -0.031281147 -0.007820047 0.240769788
v -0.041124470 0.018699782 0.241122611
v -0.027655425 0.008377354 0.128994105
v -0.028385049 0.005627477 0.121778327
v -0.028495773 0.008863090 0.120390770
v -0.039794205 0.006789999 0.244096605
v -0.039743540 0.010119662 0.245098922
v -0.040440780 0.009345310 0.243288148
v -0.023682858 -0.015169874 0.237254349
v -0.020787106 -0.017206495 0.240906112
v -0.033879107 -0.004717671 0.242458088
v -0.036771778 -0.000960761 0.242931511
v -0.041276022 0.012898565 0.241137877
v -0.030021646 -0.009237826 0.235231999
v -0.025915279 -0.013269773 0.231638789
v -0.037229162 0.001350502 0.246403797
v -0.037666171 0.001022417 0.244836047
v -0.041140869 0.008895931 0.240398881
v -0.042034322 0.016849200 0.235453087
v -0.039670830 0.003855408 0.240334730
v -0.041865642 0.017700472 0.225689992
v -0.033295350 -0.005742047 0.238295878
v -0.031812660 -0.006951694 0.231442438
v -0.020086248 -0.017687072 0.234525473
v -0.021675709 -0.016739717 0.229168630
v -0.035570204 -0.002859476 0.239574796
v -0.037592357 -0.000074713 0.236845428
v -0.036035788 -0.002234201 0.236359406
v -0.034523207 -0.004017155 0.235678453
v -0.041681957 0.012995206 0.219174556
v -0.041154207 0.018220654 0.212456076
v -0.039220174 0.002996362 0.234995526
v -0.034757389 -0.003520260 0.230085224
v -0.037551514 0.000813767 0.227886534
v -0.040294917 0.005441416 0.230028814
v -0.037550115 0.002961962 0.216235446
v 0.015242163 0.043790393 0.062001835
v 0.018178945 0.042845424 0.068009677
v 0.013372603 0.044156543 0.066730962
v 0.003598113 0.050864655 0.008488709
v -0.000832049 0.050152642 0.008513185
v 0.003657130 0.050567454 0.001455672
v 0.010325071 0.052895883 0.018602762
v 0.016838472 0.052881170 0.021590489
v 0.014126255 0.053246747 0.024167328
v -0.040305453 0.008282980 0.219472602
v -0.024902503 0.039952995 0.242944121
v -0.021862170 0.041871331 0.242110874
v -0.022763668 0.040000078 0.241462363
v -0.041748446 0.009493092 0.228532639
v -0.042062343 0.012283220 0.233150413
v -0.041466883 0.008142871 0.235647566
v 0.016307225 0.034443321 0.104562247
v 0.018457941 0.035272228 0.097563033
v 0.020641964 0.033257619 0.102546812
v 0.019880942 0.036650122 0.091333229
v 0.017707463 0.038588467 0.088356275
v 0.022943786 0.037908890 0.084488430
v 0.022547921 0.031189392 0.107730151
v 0.025263587 0.031183562 0.100586262
v 0.024624140 0.029361562 0.110548168
v 0.021667089 0.030573297 0.116142121
v -0.037693096 -0.032912306 0.068039178
v -0.041758721 -0.030645555 0.064202299
v -0.038629536 -0.028718889 0.071651834
v -0.050565120 0.028068304 0.030872902
v -0.050049480 0.025454794 0.036540237
v -0.054138993 0.023889991 0.032305209
v -0.014084584 -0.022242422 0.111489776
v -0.017782978 -0.024769271 0.102977584
v -0.017795681 -0.019084357 0.112018952
v -0.029584999 0.006449364 0.163564761
v -0.022753805 -0.005744420 0.160839487
v -0.024471954 -0.001090957 0.153733079
v -0.051609312 -0.011106569 0.055076667
v -0.047322932 -0.018829029 0.061296697
v -0.051640378 -0.019695842 0.053559285
v 0.014154965 0.033564858 0.116003933
v 0.014204947 0.034098965 0.109835977
v 0.018060309 0.032830608 0.111404995
v -0.023520202 -0.001239056 0.131693346
v -0.024851549 0.002658315 0.134377988
v -0.022618395 -0.001094279 0.138405178
v 0.007204906 0.052947878 0.237292778
v 0.010513634 0.055581760 0.239068078
v 0.009867701 0.052900823 0.237033997
v -0.036226033 -0.006166538 0.096691025
v -0.032875079 -0.008079450 0.100784750
v -0.035719366 -0.011152402 0.093957808
v 0.025620971 0.056155266 0.241084321
v 0.021611873 0.055448404 0.240302260
v 0.018416656 0.058158621 0.240697481
v 0.009850215 0.039725973 0.089896438
v 0.014212446 0.038839069 0.090236471
v 0.012209026 0.037143267 0.096363014
v 0.026659763 0.053549059 0.240403705
v 0.015985552 0.056015020 0.239601218
v 0.021989392 0.059686301 0.240558730
v 0.013544208 0.061410253 0.240581675
v 0.019273151 0.053687435 0.238798061
v -0.058946109 -0.021200899 0.041144249
v -0.058439960 -0.017658789 0.043256731
v -0.055924355 -0.021746617 0.046454270
v 0.013550130 0.053043990 0.237280106
v 0.023982721 0.053283287 0.239649822
v -0.042834981 -0.034466956 0.058565402
v -0.045724088 -0.030201489 0.057781862
v -0.035211538 -0.036655247 0.066516623
v -0.034890779 -0.040192497 0.061649604
v -0.039366885 -0.036195664 0.061680733
v -0.044644564 -0.025463402 0.063127431
v 0.006889968 0.057034042 0.240320899
v 0.011147066 0.058682101 0.240655786
v 0.010031054 0.064020790 0.240089440
v 0.013719856 0.063433160 0.239866716
v 0.027999875 0.058136164 0.240358595
v 0.030593349 0.055049135 0.240815188
v -0.035862463 -0.030740314 0.073635932
v -0.032759445 -0.030624663 0.078379526
v -0.034405999 -0.033908281 0.071473031
v 0.004768684 0.058544542 0.241145266
v 0.001468273 0.056280233 0.240921949
v -0.002994703 0.057606708 0.241899594
v -0.047949792 -0.043826472 0.041981162
v -0.051796138 -0.038379435 0.042030024
v -0.047314186 -0.041610935 0.046143374
v -0.022620360 -0.002097857 0.148514594
v -0.020997605 -0.005017423 0.151315923
v -0.007877238 -0.025669188 0.111219284
v -0.010187970 -0.028268286 0.104798002
v -0.012446883 -0.025737471 0.107320798
v -0.023959873 0.000072646 0.148833301
v -0.006489902 -0.028431133 0.106805925
v -0.009165326 -0.031032525 0.100875496
v 0.009887859 0.062420108 0.211342784
v 0.011364716 0.062822830 0.212189709
v 0.009675363 0.063351239 0.215364391
v -0.009190936 0.053741069 0.242028940
v -0.015420912 0.051675666 0.242258933
v -0.010197885 0.055506735 0.242019987
v 0.008729914 0.062705031 0.240652036
v 0.005200025 0.061398740 0.241342296
v -0.002015120 0.052452514 0.239645215
v -0.006633972 0.048380069 0.238361372
v -0.008273249 0.050543332 0.240491656
v -0.020710837 -0.004123578 0.143951016
v -0.023453593 -0.000144072 0.144738808
v 0.006526023 0.064719010 0.239750929
v 0.003685039 0.065049941 0.238567537
v 0.008772742 0.065467594 0.238020907
v 0.012655163 0.050861250 0.007033421
v 0.013397807 0.050111859 0.000355180
v 0.016253264 0.049635786 0.000255638
v 0.018248449 0.049582616 0.003158016
v -0.018059589 -0.007477907 0.139444126
v -0.020897486 -0.004691244 0.134126711
v -0.020522073 -0.004402965 0.138820586
v -0.056010757 -0.015266990 0.047699743
v -0.009146901 -0.022567569 0.116565505
v -0.024820671 0.003833499 0.140389319
v -0.015403716 -0.010605614 0.136846951
v -0.013522246 -0.011407274 0.143326005
v -0.011709678 -0.013514362 0.137744169
v -0.018441860 -0.008660685 0.131650289
v 0.017669050 0.052691510 0.028132254
v 0.006802844 0.055146752 0.239130909
v 0.030051898 0.053208591 0.240711616
v 0.032755470 0.051090890 0.239736756
v 0.030217791 0.050984252 0.239348030
v -0.024967109 -0.000840725 0.126070545
v -0.022591984 -0.005185599 0.125830565
v -0.014926226 -0.012171120 0.131970097
v -0.022895319 -0.013950756 0.111646352
v -0.021989330 -0.009805110 0.119797300
v -0.018469737 -0.014092900 0.119424675
v 0.012024853 0.064405547 0.238918716
v -0.025780219 0.006335813 0.134844814
v -0.025274600 0.001492708 0.129414110
v -0.026491607 0.004851211 0.129272492
v -0.026416931 -0.001503600 0.120555017
v -0.017768245 -0.019052001 0.237466563
v 0.003674695 0.055341879 0.239938710
v 0.006697450 0.063705709 0.240694901
v 0.013420486 0.065745042 0.237767123
v -0.049162233 -0.007216820 0.059897094
v -0.051263180 -0.005115214 0.055555848
v -0.049094572 -0.002933235 0.059368326
v -0.018038858 -0.011226084 0.126022145
v -0.014771726 -0.014408972 0.126227793
v -0.011447277 -0.014985785 0.131991014
v -0.065313719 0.001287572 0.009618958
v -0.064753400 0.001846579 0.014551064
v -0.065439474 -0.001400092 0.009908421
v -0.003506682 -0.026547870 0.112258025
v -0.003176354 -0.028789804 0.107436153
v -0.027008256 0.002151804 0.123244217
v 0.003314132 0.052755186 0.238033698
v 0.003670860 0.064100944 0.240611727
v -0.005712538 0.053687994 0.241356383
v -0.020211648 -0.008716995 0.125940458
v -0.041048468 0.036538819 0.023488795
v -0.044160599 0.033751115 0.016659308
v -0.036180830 0.039081721 0.018700861
v 0.006951214 0.051328714 0.010167337
v 0.003245044 0.051411851 0.014308907
v 0.020565002 0.050223110 0.010654203
v -0.030770478 0.034001178 0.244439377
v -0.030021254 0.035653241 0.243806117
v -0.028033098 0.035168856 0.243278425
v -0.023099967 0.037881649 0.051232891
v -0.015821672 0.041425556 0.051042383
v -0.013181485 0.041130420 0.059344480
v -0.025363659 0.035924995 0.241564295
v -0.026463825 0.037583412 0.242707324
v -0.038273838 -0.009495606 0.090596769
v -0.038819349 -0.005958881 0.091465951
v -0.027117885 0.014806504 0.149774778
v 0.040930862 -0.014457290 0.236447296
v 0.044064998 -0.011268537 0.235955977
v 0.042970719 -0.012679533 0.232774459
v -0.008297643 0.035505510 0.144552340
v -0.026848370 0.019142163 0.155065395
v -0.024618237 0.025972050 0.157754106
v 0.003213638 0.064944751 0.224755364
v 0.000511433 0.064718980 0.227858556
v -0.004753218 0.036881868 0.144352554
v -0.025771788 0.003402807 0.148476410
v -0.037371552 0.022933139 0.188109716
v -0.019310895 0.048051570 0.242757455
v -0.020625013 0.050361019 0.241951703
v -0.026435275 0.049844911 0.224938267
v -0.029240292 0.045797583 0.217606980
v -0.025383417 0.049251486 0.216127979
v -0.026461291 0.051130006 0.236386449
v -0.026085596 -0.005210086 0.116711946
v -0.008206657 0.037705258 0.149639113
v -0.012777007 0.034721972 0.149209139
v -0.011588907 -0.017140721 0.125608850
v -0.012646596 -0.019424042 0.118536478
v -0.015105412 -0.016601949 0.120418040
v 0.024911627 0.048688809 0.009985835
v -0.000963421 0.060689594 0.241620988
v -0.017753775 0.056494095 0.224260289
v -0.020829401 0.053436676 0.218995635
v -0.018020812 0.055197926 0.219328952
v 0.031980016 0.041069550 0.233424739
v 0.029987073 0.042259008 0.232880730
v 0.032751633 0.042401037 0.234628928
v -0.011272762 -0.015522532 0.250398422
v -0.009525993 -0.014672798 0.248830597
v -0.009676211 -0.016587314 0.248858338
v -0.008397636 -0.019349681 0.125155948
v -0.017078597 0.032948928 0.153515219
v -0.015616331 0.036114370 0.155966849
v -0.004489327 -0.031547505 0.101912346
v -0.010214707 -0.010886296 0.249473914
v -0.008525699 -0.012684623 0.248206559
v -0.010999010 -0.012873827 0.250236590
v -0.027929489 0.013966640 0.108213299
v -0.029536033 0.013031941 0.101598681
v -0.024647919 0.018781165 0.103761546
v -0.012197763 0.039256561 0.156747725
v -0.008414876 -0.016054732 0.248067454
v -0.007385303 -0.015464675 0.247030028
v -0.007873718 -0.017012064 0.246696431
v -0.028246279 0.000776683 0.117890780
v 0.006075468 0.035135263 0.106175319
v 0.011504604 0.035268482 0.104869276
v 0.008923029 0.034737146 0.108959219
v -0.029273196 0.003061719 0.116777911
v -0.025548792 -0.008981340 0.113057208
v -0.022296725 0.023197757 0.096664500
v -0.017789662 0.027379217 0.099056858
v -0.020307281 0.023905300 0.103282797
v -0.023460848 0.054173145 0.237500813
v -0.025070032 0.052471312 0.239436286
v 0.005503638 0.046566950 0.051704996
v 0.006302803 0.045200413 0.059110928
v 0.002394075 0.045569706 0.055944673
v -0.008572159 -0.018672668 0.247810533
v -0.006237581 -0.018341773 0.246853699
v -0.007505210 -0.019920552 0.247325804
v -0.036182747 0.033408242 0.211148037
v -0.024716755 0.018221530 0.111410027
v -0.008194790 -0.014374643 0.247532999
v -0.009922621 -0.018445305 0.248959998
v -0.011369307 -0.017791299 0.250125663
v -0.010260704 -0.017418292 0.249319745
v -0.000141199 0.062103155 0.214296571
v -0.001067016 0.061014963 0.211278442
v 0.002296319 0.062328953 0.213340854
v -0.013403617 -0.010430644 0.250616660
v -0.014049092 -0.013075691 0.251270418
v -0.007342260 -0.011698996 0.246678497
v -0.006692541 -0.012215340 0.245064009
v -0.007354936 -0.012896969 0.246436524
v -0.006131633 -0.015656439 0.245568888
v -0.007105166 -0.014152504 0.246486067
v -0.028485880 0.021984575 0.164921510
v -0.016204084 0.051366961 0.197148758
v -0.018546780 0.049394189 0.190436477
v -0.015429376 0.026793457 0.129200681
v -0.028531718 0.015628790 0.097373781
v -0.033651168 0.041136488 0.024608286
v -0.037741145 0.038516736 0.027762116
v -0.018120913 0.053250545 0.241512771
v 0.016111586 0.037100991 0.093698451
v -0.019337678 0.000093464 0.246150047
v -0.019765657 0.002980723 0.243947493
v -0.017097219 0.000745174 0.243818365
v 0.027393571 0.049575078 0.237827946
v 0.026481594 0.051873599 0.239455334
v -0.013927573 -0.015867454 0.251222914
v -0.007878973 -0.013498152 0.247057752
v -0.022583025 0.005623919 0.244858549
v -0.020455486 0.007061023 0.242236939
v -0.030859647 0.006084551 0.112077578
v -0.008253542 -0.010458421 0.247683293
v -0.006685410 -0.010274231 0.245341751
v -0.027305315 -0.011033644 0.107257953
v -0.008876798 -0.017372852 0.247925698
v -0.031417026 0.040666495 0.013444163
v -0.027865498 0.043787243 0.020308342
v -0.045139143 -0.035412886 0.054629733
v -0.040917609 -0.039716090 0.055383899
v -0.046165697 -0.038679195 0.050773102
v -0.014261129 -0.030365476 0.098343051
v -0.029339686 -0.001052099 0.113352589
v -0.029303065 -0.006089908 0.108585887
v -0.011026872 -0.033537745 0.095808002
v -0.013672318 -0.035546537 0.090433129
v -0.029497404 -0.013727135 0.100780666
v -0.025899453 -0.015605685 0.104338490
v -0.018056441 -0.010066074 0.251225972
v -0.006573435 -0.013571783 0.245469497
v -0.016703789 -0.016005869 0.251016917
v -0.017159624 -0.013375877 0.251370402
v -0.030384349 -0.003752973 0.249229252
v -0.018193699 -0.034084212 0.088859491
v -0.005292797 -0.013401281 0.244288590
v -0.003436445 -0.014615286 0.245289107
v -0.033277414 -0.002087572 0.103734604
v 0.029072182 0.030714277 0.093585195
v 0.023698540 0.034270284 0.093205431
v 0.029144289 0.034046150 0.085080603
v -0.031752268 0.002126086 0.109019658
v -0.055906621 -0.031478784 0.040796313
v -0.052448231 -0.032097131 0.046934127
v -0.052939262 -0.034175660 0.043906373
v -0.011499177 -0.009342554 0.249709707
v -0.009620704 -0.017839899 0.248373446
v -0.054868413 -0.035884713 0.036850181
v -0.052408773 -0.040746402 0.034656437
v -0.055695926 -0.036566976 0.030691174
v 0.015380605 0.063965524 0.215691617
v 0.021955198 0.063674215 0.218430791
v 0.019316874 0.065614489 0.225846179
v -0.031409710 -0.010656352 0.100530794
v -0.030081040 -0.009501663 0.103865458
v -0.022408707 -0.020363938 0.103239812
v 0.035688061 0.045920586 0.238152468
v 0.035771791 0.049288082 0.239458006
v 0.038761432 0.045739829 0.239701351
v -0.037663933 -0.002014547 0.095446409
v -0.015839950 0.005151144 0.240553341
v -0.049710585 0.029199064 0.016300817
v -0.048573430 0.029435784 0.011386018
v -0.020475013 -0.028800256 0.093723446
v -0.031242386 -0.018631994 0.093477556
v -0.026958271 -0.019320529 0.098351572
v -0.032882732 -0.013334133 0.096393136
v -0.023128394 -0.033021623 0.085794559
v -0.029508818 0.041796802 0.003478968
v -0.032901811 0.039789971 0.007212470
v -0.033212674 0.039934323 0.003869102
v -0.009714603 -0.009366739 0.248567640
v -0.009999269 -0.019687577 0.248850256
v -0.019463040 -0.013711097 0.250970866
v 0.025760405 0.063525578 0.224590951
v 0.014446927 0.043493698 0.073780516
v 0.020984322 0.041167515 0.076106449
v 0.015719148 0.041096125 0.083194155
v -0.040219616 0.000358629 0.088663685
v -0.039490436 0.004818867 0.088198889
v -0.042414441 0.002130849 0.081572963
v -0.022808975 0.038682254 0.240191213
v -0.023713818 0.036886917 0.240164124
v -0.024322030 0.038278650 0.241748880
v -0.024273261 -0.024233678 0.095573183
v -0.036511434 0.016571729 0.246916219
v -0.034153428 -0.021514583 0.087051189
v -0.035271740 -0.016624523 0.090301600
v -0.005482956 0.033306622 0.102800132
v -0.004986407 0.034706989 0.098869500
v -0.001932532 0.034806858 0.101860198
v -0.016554546 -0.008235946 0.250585340
v -0.021218004 -0.024767205 0.098536152
v -0.016145265 0.046240648 0.037320652
v -0.008522505 0.046379106 0.044032145
v -0.014923410 0.043535667 0.045286140
v -0.027857689 -0.022794351 0.092798352
v -0.030569187 -0.024263446 0.088315227
v -0.040577797 -0.003930119 0.087955705
v -0.057858659 0.019786985 0.010016187
v -0.057285365 0.020243252 0.007203154
v -0.054660170 0.023192290 0.006755191
v -0.053296221 0.024961778 0.009954023
v 0.008619171 0.064633431 0.222107692
v 0.005476463 0.063494027 0.217227664
v -0.041040636 0.034666036 0.004833828
v -0.038650959 0.035995731 0.009813209
v -0.044951690 0.031924721 0.008601756
v -0.044242242 0.032549718 0.005224356
v -0.053311614 0.024693356 0.006526532
v 0.023156065 0.051431250 0.238231242
v -0.047412602 0.029836499 0.005676070
v -0.047631213 0.031760201 0.022290805
v -0.058297654 0.018826430 0.007405324
v -0.051010206 0.026833724 0.006180649
v -0.063541088 -0.016504939 0.019667533
v -0.063459083 -0.013129680 0.027753832
v -0.062874314 -0.018412290 0.027544890
v 0.033267573 0.048504300 0.238396453
v -0.026639543 0.043737689 0.242907272
v -0.038260349 -0.014462628 0.087220848
v -0.041542179 -0.010190567 0.082605088
v 0.008763786 0.043336561 0.079000948
v 0.008695559 0.044725445 0.068466883
v 0.014791205 0.035773592 0.099707322
v -0.044168428 0.033982943 0.029090110
v 0.004446885 0.052925012 0.025076092
v 0.004677837 0.052487509 0.019902424
v -0.058132022 -0.031693546 0.032123994
v -0.012426456 0.050285171 0.241748530
v 0.015361833 0.065926370 0.227992042
v 0.013246860 0.065202105 0.223517547
v -0.034270276 -0.026084476 0.082444151
v -0.064999598 -0.010776220 0.010872192
v -0.064757280 -0.009732009 0.013396746
v -0.064487225 -0.013198432 0.011100273
v 0.024397662 0.064882288 0.230404242
v 0.020964357 0.065691802 0.231767701
v -0.007983932 0.043082125 0.059516206
v -0.003980572 0.044101304 0.060533118
v -0.006418674 0.043285765 0.065176821
v 0.016104389 0.066335217 0.232554242
v -0.027271797 0.041010285 0.242842449
v -0.028182258 0.038533872 0.243056600
v -0.044499841 -0.008689230 0.073768381
v -0.043623913 -0.003300965 0.078504498
v -0.007597308 -0.034004414 0.096842218
v 0.010519135 0.065566830 0.225537028
v 0.012377522 0.066162753 0.228605738
v 0.007142649 0.065652592 0.227667382
v 0.025133466 0.040073078 0.068097570
v -0.026078964 -0.027614828 0.089376493
v 0.027512532 0.037429307 0.078101329
v 0.026621389 0.036538900 0.082294619
v -0.040019130 -0.017576534 0.080493271
v 0.008063907 0.037098269 0.098601644
v -0.019983100 0.040987352 0.046052939
v 0.023446406 0.065208680 0.233649401
v 0.009483635 0.045622158 0.055018578
v 0.011141503 0.046919622 0.048288181
v -0.016223900 0.046667223 0.241520961
v -0.016687689 0.048256410 0.242591468
v -0.031494289 0.039410090 0.242725168
v -0.030056270 0.039397194 0.242914424
v -0.031639094 0.038269034 0.243230106
v -0.057895397 -0.033658464 0.023919137
v -0.059588954 -0.030496376 0.015102827
v -0.061291333 -0.025569485 0.024698452
v -0.009896248 0.039790751 0.078743745
v -0.015029309 0.036586288 0.079134998
v -0.015300396 0.038428238 0.072421078
v 0.002494114 0.060936277 0.206933474
v 0.005729942 0.062688748 0.212467039
v -0.043990459 -0.012796744 0.072923378
v -0.029833893 -0.029026800 0.083981756
v -0.037079548 -0.019582791 0.084692600
v 0.042730980 0.045283550 0.240778105
v 0.040643922 0.048939337 0.240091844
v -0.042595127 -0.043505215 0.049477303
v -0.022034991 0.036463526 0.238056704
v -0.037373785 0.037413174 0.004352524
v 0.004748427 0.064441594 0.221935839
v -0.020180683 0.042646877 0.041582089
v -0.060931877 -0.017298329 0.037955714
v -0.061779486 -0.021099380 0.032570929
v -0.062701086 -0.014969429 0.032957943
v -0.035911281 -0.027866451 0.077817810
v -0.034869798 -0.029486390 0.077069459
v -0.044179431 -0.017022742 0.069476131
v -0.046597976 -0.011087279 0.065713310
v -0.057965598 -0.025196431 0.041182810
v -0.059605194 -0.026534068 0.034897810
v -0.036003885 -0.022832421 0.083495081
v 0.000946153 0.063132874 0.218412430
v -0.060068239 -0.022501976 0.037689644
v 0.016294195 0.052067185 0.015661038
v -0.052542793 0.011339495 0.046384114
v -0.048900321 0.009725180 0.052734961
v -0.051211526 0.005345733 0.051861654
v -0.049091132 0.028594654 0.005894740
v -0.034369010 -0.028514926 0.078964798
v -0.042289093 -0.015888927 0.075734948
v -0.048489992 -0.028486745 0.054974137
v -0.051696879 -0.026536581 0.051218947
v -0.048196925 -0.024665692 0.057261673
v -0.039122168 0.007697824 0.207846254
v -0.040562545 0.010670901 0.211792232
v -0.064540804 -0.002052124 0.020827047
v -0.065097542 -0.004045690 0.012453099
v -0.065421167 -0.003934598 0.010174215
v -0.065317245 -0.005637366 0.010347982
v -0.005852500 0.041562352 0.078853768
v -0.002976560 0.043391829 0.073772940
v -0.001610201 0.041473180 0.083903948
v -0.025189930 0.039925777 0.042127932
v -0.023694845 0.042759044 0.037416907
v 0.004982556 0.033944712 0.119843147
v 0.009769536 0.034042291 0.119477872
v 0.006098406 0.034224753 0.126086943
v -0.028882836 0.032593366 0.244345037
v -0.063427287 0.003724005 0.024001996
v -0.062799330 0.001101019 0.030639706
v -0.012625462 0.048078823 0.240444077
v -0.011700855 0.045733668 0.238254008
v -0.015133597 0.045464147 0.239742032
v 0.041275521 0.043562432 0.240292493
v 0.007266555 0.061700606 0.208932704
v -0.026668693 0.042456498 0.008613295
v -0.021341887 0.044726944 0.010035735
v -0.024238157 0.044220334 0.014212656
v 0.036798408 0.051030279 0.240000000
v 0.038021524 0.049000950 0.240169224
v -0.029326355 0.041882216 0.003460416
v -0.009211462 0.048310301 0.010014977
v -0.016229800 0.046337452 0.008220858
v 0.003495551 0.050562451 0.000826712
v 0.003062530 0.050539855 0.000851783
v -0.038380270 -0.023870800 0.078415172
v -0.021806619 0.040222378 0.240601802
v -0.062055618 -0.023515526 0.012058697
v -0.061863085 -0.024324615 0.012133762
v -0.018455649 0.043555428 0.240494266
v 0.026483617 0.063895161 0.233994194
v 0.005832587 0.050496222 0.000711203
v 0.009797968 0.050444860 0.000508792
v 0.003914168 0.050544670 0.000806644
v -0.028797871 0.036787704 0.243500106
v 0.001626516 -0.024780155 0.117942706
v -0.003981248 -0.023760904 0.118517423
v 0.052006812 0.040973080 0.222713557
v 0.052330020 0.042238078 0.229395791
v 0.049286789 0.046352769 0.225874395
v -0.048215468 0.015575760 0.049205384
v -0.046805728 0.020466648 0.045870525
v -0.044419544 0.019711855 0.051253031
v -0.047391644 -0.005015092 0.064583063
v -0.056973837 -0.008797797 0.046725354
v -0.054519167 -0.003322424 0.049907901
v -0.046361425 0.013041913 0.054475466
v -0.044532871 0.011931143 0.060842274
v -0.046925337 0.009149436 0.057581872
v -0.043624676 0.026664420 0.043021186
v -0.045340044 0.023685761 0.044154354
v -0.048469856 0.022501724 0.041438948
v -0.057574061 0.020881911 0.019720953
v -0.054872080 0.024120767 0.026999164
v -0.057960974 0.019325300 0.027681707
v 0.010557435 0.066441828 0.231864978
v 0.001944920 0.064391034 0.222011591
v -0.017525520 -0.008125621 0.147271596
v 0.020742158 0.065544797 0.234807908
v 0.023710571 0.064687986 0.235594780
v -0.031662379 0.036124214 0.243729522
v -0.060184709 0.015661349 0.007837340
v -0.060294775 0.016314108 0.014327719
v -0.061803133 0.012599529 0.008244410
v -0.057739827 0.017948669 0.032140513
v -0.058059746 0.015206107 0.035108898
v -0.060251187 0.013910835 0.029554676
v -0.056483431 0.021154201 0.031072508
v 0.052847858 0.001617401 0.241865862
v 0.055127123 0.004399921 0.240334569
v 0.053947876 0.001330533 0.238868344
v -0.043750860 -0.021701880 0.067394002
v 0.055666737 0.003972489 0.236122993
v 0.056101122 0.008324772 0.241488387
v 0.053352167 0.004616716 0.243385902
v 0.053644204 0.008194065 0.244148619
v 0.054557311 0.037220839 0.225821742
v -0.004134652 -0.016492203 0.246660461
v 0.050411898 0.045569217 0.233469628
v 0.046965196 0.049906565 0.234152215
v -0.005617703 -0.020634603 0.247657678
v -0.008070001 -0.021241149 0.247448293
v -0.026577319 -0.031660915 0.084354105
v -0.029195229 -0.032630861 0.080370947
v -0.045756797 -0.006123176 0.070058890
v 0.018183727 0.062533468 0.239713397
v 0.015163285 0.064265989 0.238845960
v 0.018175969 0.064116196 0.238222153
v 0.026634530 0.061033963 0.238897931
v 0.025033368 0.063076221 0.237339982
v 0.028144787 0.061742544 0.237475703
v 0.025665893 0.059956389 0.239893215
v -0.001956046 -0.015790998 0.246790063
v -0.000472068 -0.016712621 0.248209926
v -0.002554436 -0.017031180 0.247778667
v -0.000016758 -0.014127491 0.246037386
v 0.001949765 -0.016138033 0.247927151
v 0.000131589 -0.015913041 0.247607395
v 0.018108212 0.050537268 0.236238784
v 0.021370397 0.063127607 0.238535802
v 0.021177911 0.064615009 0.237131749
v 0.029239184 0.027924019 0.101730732
v 0.011097929 0.044748927 0.060822324
v 0.014256550 0.044642779 0.054967826
v 0.027221343 0.027818207 0.108043759
v 0.025714988 0.029598797 0.105643037
v -0.009060624 0.049694259 0.033296266
v -0.008566473 0.048541464 0.037831778
v -0.011798664 0.048466240 0.035187491
v -0.006048870 -0.019681940 0.247510399
v 0.008022073 0.050573206 0.038748614
v 0.001967146 0.050265053 0.038953224
v 0.007507895 0.052412718 0.032743476
v -0.021407673 0.039688005 0.238536350
v 0.010959450 0.034285367 0.112106147
v -0.000764489 -0.015832286 0.246855500
v -0.041571989 -0.020596051 0.073570920
v 0.026389828 0.027350815 0.114591295
v -0.003909778 -0.018184577 0.248080877
v -0.026125775 -0.034240803 0.081613165
v -0.005130847 -0.019429759 0.247866960
v -0.051253621 0.017450897 0.043129091
v 0.001961098 0.044804847 0.063587734
v 0.030354818 0.025124204 0.108112185
v 0.037331318 -0.018149620 0.238487588
v 0.038372817 -0.016763652 0.235681144
v 0.036882485 -0.019113447 0.235919109
v -0.002121001 0.044131877 0.067196868
v 0.000963476 0.044299965 0.071250311
v 0.017620570 0.045267437 0.047667480
v 0.017522774 0.065625672 0.236362796
v -0.041351368 -0.025206765 0.069965499
v -0.020637434 0.030491548 0.155628791
v -0.019107629 0.034385989 0.158418155
v 0.048653876 0.046630783 0.237185134
v 0.049280494 0.044707102 0.238378236
v 0.047337264 0.045823369 0.238923942
v 0.029155999 0.060079120 0.238930810
v 0.030861356 0.058246832 0.239238772
v 0.046061820 0.042865980 0.240505822
v 0.043778871 0.041837035 0.240851481
v -0.016155757 -0.037885461 0.083329894
v -0.011129699 -0.038627350 0.085749588
v -0.028223282 -0.035270572 0.077014658
v -0.054937747 -0.027314287 0.045777123
v -0.053137673 0.026332283 0.019800209
v -0.050742740 0.028853382 0.025943896
v -0.031179040 -0.034039501 0.075336352
v -0.062825232 -0.005019002 0.033329850
v -0.060873978 -0.001709757 0.038630093
v -0.061733701 -0.009590828 0.037240616
v -0.020426692 -0.036381333 0.082894385
v -0.024389809 -0.036503046 0.079289800
v 0.048244798 0.043641020 0.239341025
v 0.045480450 0.045644516 0.239933136
v -0.065147169 -0.008945494 0.010687244
v -0.000603840 0.046912663 0.048091857
v -0.001798933 0.044928425 0.056171800
v 0.050446986 0.044462885 0.236988164
v 0.045238670 0.048630185 0.238877480
v -0.063978334 -0.017217490 0.011496603
v -0.061302406 -0.025861807 0.012266165
v -0.059620254 -0.006963740 0.041912677
v -0.058285354 -0.003578781 0.044143499
v 0.028503990 0.000931528 0.234796133
v 0.032271703 0.005135490 0.233609146
v 0.035352918 0.002791726 0.236598964
v 0.026730084 0.004883951 0.231785483
v 0.032366463 -0.000200413 0.237851054
v 0.029261173 -0.001001163 0.237120421
v 0.029333778 0.007531736 0.231592532
v 0.032229349 0.007303735 0.232759346
v -0.056087095 0.008222338 0.043768864
v -0.056043307 0.014608913 0.040008110
v -0.052804116 0.020186365 0.039133421
v 0.026792378 -0.002169180 0.237184617
v -0.051380088 -0.000338356 0.053602572
v -0.049324029 0.001281266 0.057216019
v -0.055735612 0.023010511 0.014884828
v -0.024165716 0.034156592 0.239887176
v 0.039703790 0.005378081 0.238485054
v 0.036955540 0.007078302 0.235283563
v 0.038713165 0.002936086 0.239819173
v 0.034110406 0.007525947 0.233533653
v -0.043466447 0.030323745 0.038372453
v -0.046031729 0.030554479 0.034126801
v 0.052376096 0.042094672 0.235133265
v 0.054537430 0.038732551 0.232169884
v -0.059801117 0.007978978 0.036918943
v -0.061980003 0.007645516 0.029814846
v -0.012368357 -0.040353894 0.080375608
v -0.020140842 -0.038316194 0.078162747
v -0.054425279 0.003441769 0.048146434
v -0.057677829 0.002138492 0.043897436
v -0.045870937 0.016247228 0.052548454
v -0.062754894 0.009103341 0.022064387
v -0.060045185 0.016526512 0.022829175
v 0.014890986 0.065981619 0.235885859
v 0.000436895 0.064149709 0.239888166
v -0.001860887 0.064605156 0.238235976
v 0.011369496 0.066265283 0.235485310
v -0.026106307 0.032567113 0.241834129
v -0.025668267 0.018180636 0.243494447
v -0.026753022 0.018503680 0.244997813
v -0.026414968 0.020731889 0.244411494
v 0.003991990 0.065678458 0.234399700
v -0.061272625 0.013157252 0.023760143
v -0.022350645 0.035575469 0.064893884
v -0.021842018 0.033749175 0.073451411
v -0.059993669 -0.029924410 0.012625160
v -0.059389684 -0.031396671 0.012748460
v -0.022038339 -0.013152033 0.250347909
v -0.013784154 -0.018604910 0.250403419
v -0.015156034 -0.019412205 0.248772405
v -0.012067647 -0.020548027 0.247764970
v -0.004260424 0.061213516 0.241415660
v -0.008389488 0.061287124 0.240682754
v -0.003659662 0.063113629 0.240294897
v -0.020976788 -0.010343452 0.251120341
v -0.021190618 -0.011714256 0.250910351
v -0.022964282 -0.009959139 0.250880173
v -0.021863145 -0.007831263 0.251076941
v -0.003294870 0.063908464 0.232353765
v -0.000124011 0.062694611 0.241126177
v -0.023957699 -0.003647531 0.250723750
v -0.003221428 0.064262450 0.235793853
v -0.020117371 -0.005995255 0.250613077
v -0.006924863 0.039630884 0.085087978
v -0.013686957 0.048532611 0.032468519
v -0.019517705 -0.011886077 0.251204262
v -0.051916504 -0.035411705 0.045150555
v -0.049928247 -0.036643596 0.047236810
v -0.022653613 -0.001854587 0.249870188
v -0.025519637 0.000505619 0.249985296
v -0.005036953 0.062897367 0.227746642
v -0.020019281 -0.003698963 0.249618221
v -0.020643975 0.047095358 0.023920947
v -0.016292772 0.048130053 0.020692342
v -0.012125428 0.049650877 0.026993793
v -0.007843960 0.062810575 0.238884634
v -0.008238695 0.044040419 0.052838352
v 0.021644328 0.048435090 0.000099476
v 0.024028903 0.047711415 0.000050671
v 0.023311015 0.048279901 0.003622457
v -0.004125319 0.059645658 0.241782640
v -0.008544428 0.058707241 0.241597494
v -0.010931307 -0.021912482 0.244968261
v -0.009605970 -0.021677877 0.246535921
v -0.017023787 -0.005863936 0.249696406
v -0.019837900 -0.017512254 0.246277136
v -0.018766683 -0.017290843 0.249229788
v -0.017342767 -0.018630341 0.248377760
v -0.019190863 -0.015748692 0.250279226
v -0.021245883 -0.016024575 0.249195775
v -0.022263868 -0.015557523 0.247400794
v -0.015467481 -0.020162637 0.245691218
v -0.026664813 0.012375090 0.124825635
v -0.021452331 0.046219025 0.018867101
v -0.016357650 0.046956480 0.014241402
v -0.000039620 0.017530773 0.227385806
v -0.000766141 0.011654598 0.230159784
v -0.003733281 0.014518106 0.230491854
v 0.030807015 0.059648683 0.238336567
v -0.015984355 -0.040438859 0.077144598
v 0.002335883 0.020216354 0.225575382
v 0.000482328 0.024241961 0.225863892
v -0.027617858 -0.037090869 0.073791180
v -0.013310933 0.057881321 0.240781371
v -0.014534042 0.057079635 0.240950799
v -0.024454006 0.002467622 0.248640854
v -0.016748555 -0.017844276 0.250086876
v -0.031270230 -0.036156771 0.072116320
v 0.002601546 0.011959033 0.228673475
v -0.003745968 0.033367698 0.103976231
v -0.003351178 0.032797432 0.106914680
v -0.013914374 -0.008013110 0.249610453
v 0.002525567 0.043530851 0.078075973
v -0.005131770 0.049525588 0.001702978
v -0.005048331 0.049557620 0.001380234
v 0.004147439 0.016343869 0.226032965
v -0.027774590 -0.011366009 0.226227762
v -0.011669156 0.059675064 0.240618909
v -0.023861617 0.048744476 0.241919971
v 0.042070992 -0.012764505 0.239235791
v -0.020930553 0.053193238 0.240815834
v 0.043536575 -0.009211245 0.241956135
v 0.046605624 -0.005916116 0.241266577
v 0.046061329 -0.007428214 0.239307478
v 0.043430846 0.047235632 0.240129441
v 0.038742356 -0.016416022 0.237939879
v -0.006171833 0.063552707 0.237368628
v -0.008814668 0.062567554 0.237267000
v -0.035242070 0.038736093 0.004101570
v -0.009125334 0.062178115 0.234066594
v 0.047341737 -0.006838753 0.235644403
v 0.044505169 -0.009600857 0.238799659
v -0.003670113 0.019207889 0.229009549
v 0.045583675 -0.009091551 0.232088149
v -0.018577978 0.055407176 0.240477864
v 0.004931331 0.020797970 0.224463800
v 0.038661858 -0.015937767 0.239926002
v 0.040687522 -0.012958768 0.242199285
v -0.014521681 0.058905112 0.239833119
v 0.000794101 0.038609345 0.092881544
v 0.003065929 0.036509300 0.099898045
v -0.000008517 0.036769745 0.097441471
v -0.004487914 0.038517204 0.090673455
v -0.002777498 0.036497680 0.096244889
v -0.016592294 0.058226555 0.239840988
v -0.055984665 0.020093821 0.035217892
v -0.011705102 0.060964403 0.236593155
v -0.012347276 0.060786975 0.239017553
v 0.041903899 -0.008386689 0.245284631
v 0.040469684 -0.011237421 0.244764578
v 0.023390442 0.061659456 0.239408039
v 0.001517490 0.033619848 0.110598080
v 0.001142031 0.034522207 0.105258089
v 0.022834752 0.048991222 0.236017801
v -0.008106183 0.061984949 0.229883253
v -0.022316251 0.053588598 0.240051191
v -0.023437326 0.051754013 0.240771009
v 0.042833195 -0.011437356 0.240723935
v -0.006300679 0.036028688 0.095478401
v -0.005693959 0.050926320 0.030582573
v -0.003704660 0.051622854 0.025652557
v -0.021966587 0.041029062 0.241157784
v -0.020940097 0.041290816 0.240182954
v 0.036486204 -0.017278422 0.243093556
v 0.000646637 0.033444413 0.125270673
v -0.059517508 0.016745196 0.007688301
v -0.037550790 0.029165633 0.245046647
v -0.023958273 -0.038334966 0.074201757
v 0.048441372 -0.005086291 0.239058465
v 0.038253850 -0.014297499 0.244789401
v -0.025292847 0.037305589 0.171272888
v -0.024197349 0.041626907 0.174920753
v 0.011000744 0.062020812 0.207840592
v 0.016108817 0.061915000 0.208080209
v 0.004351446 0.041324737 0.086128890
v 0.038080691 -0.012417266 0.246424039
v 0.027583454 0.059813719 0.239527721
v 0.004961195 0.059183875 0.194089471
v 0.007954745 0.059209695 0.194926590
v 0.011686784 0.059555089 0.199008568
v -0.061922165 0.012652483 0.017000810
v -0.061949522 0.012262760 0.008287526
v -0.028404562 0.040564377 0.184603257
v -0.025406248 0.042657521 0.179686679
v -0.022641325 0.046340752 0.184816299
v -0.038374076 0.029637523 0.243535094
v -0.008423896 0.033836898 0.098544403
v 0.030792336 0.060900295 0.236733405
v -0.040026619 0.026143188 0.237704189
v 0.015776908 0.064744223 0.237561591
v 0.015148338 0.065442858 0.236979877
v -0.019765421 0.037876325 0.059641308
v -0.044197568 0.016425999 0.056247079
v -0.003487464 0.031955766 0.114300523
v 0.001251250 0.033210891 0.117146094
v -0.011949960 -0.021886046 0.241428894
v -0.015225863 -0.020543745 0.241746406
v -0.000373343 0.051743297 0.019985094
v -0.008876685 0.049827805 0.019014976
v -0.002679757 0.050261823 0.014322562
v -0.030453603 -0.038810036 0.068193924
v -0.026906557 -0.038483410 0.071394187
v -0.025063502 -0.041220364 0.068011079
v 0.006465614 0.034134794 0.113347964
v -0.019330864 0.047104739 0.029983600
v -0.035480852 0.033413342 0.244267082
v -0.033952422 0.032642143 0.245000262
v -0.017423743 -0.019274971 0.241705828
v -0.007622615 0.030846461 0.111279393
v -0.009489967 0.031270452 0.105125532
v -0.010021522 -0.002602548 0.242368471
v -0.009757592 0.001656716 0.239164249
v -0.007424060 -0.003471080 0.241289938
v -0.004409999 -0.002466418 0.238957722
v -0.013588157 -0.000180481 0.242562864
v -0.000889918 -0.000646795 0.236482514
v 0.000783591 0.005260167 0.232811633
v 0.003619244 -0.001228146 0.235584329
v 0.004922231 0.007841774 0.230108147
v 0.006285104 0.003363445 0.232054306
v -0.036368371 0.034727742 0.242039065
v -0.037985329 0.030406249 0.241540608
v 0.021303477 0.060326565 0.205124881
v -0.007452305 0.005449129 0.235933506
v -0.004400079 0.002579317 0.235971228
v -0.028885279 0.044321474 0.242338314
v -0.048882173 -0.032556440 0.052075056
v -0.003769670 0.050351790 0.035722492
v 0.000485709 0.051893474 0.031822811
v -0.059345667 -0.012759274 0.042537763
v -0.015531891 0.039421200 0.065836684
v -0.032014112 0.041497688 0.029537294
v -0.026639993 0.044742054 0.026851514
v -0.024885339 0.044075736 0.032514910
v -0.037319945 0.031403865 0.238790890
v -0.030609510 0.044447060 0.241749259
v -0.031154165 0.044830981 0.238428037
v -0.063233123 -0.009775070 0.031722079
v -0.034334082 0.037403737 0.242899205
v -0.019376975 0.010427400 0.239916287
v -0.016130810 0.042268790 0.237294772
v -0.034244535 0.038940441 0.238830710
v -0.034173236 0.039349470 0.241972859
v 0.049874528 0.040383324 0.239601776
v -0.039240771 0.034726555 0.036049605
v 0.054026118 0.039137804 0.236236033
v 0.052395477 0.040784344 0.238028801
v -0.012023754 0.041733544 0.234706243
v 0.024100971 -0.005661759 0.240015387
v 0.017633208 -0.006309065 0.238781642
v 0.022158596 -0.002235832 0.235722063
v 0.019080330 0.049119035 0.000161865
v -0.015969622 0.038129120 0.234018206
v -0.010045083 0.048347232 0.239563705
v -0.031659060 0.041057894 0.242382099
v -0.032763911 0.037538251 0.243021188
v -0.030948752 0.039580293 0.035610198
v -0.005354086 0.049497115 0.001402626
v -0.011935200 0.036608355 0.231629581
v -0.013039934 0.038147872 0.232788919
v -0.009556589 0.039378982 0.231844361
v -0.001127945 0.049417969 0.236743585
v -0.007934055 0.042874972 0.233655261
v -0.008471482 0.044964729 0.236109213
v -0.004979195 0.045506187 0.234778957
v -0.010138966 0.036426192 0.230867030
v -0.063890499 -0.007517872 0.025731327
v -0.006764535 0.036987609 0.229834681
v -0.003752331 0.042061686 0.231275215
v -0.005533704 0.029469221 0.228938873
v -0.007793310 0.025298842 0.230179162
v -0.009192836 0.029719935 0.230111125
v -0.032339876 0.042180676 0.241209835
v -0.001045167 0.046359136 0.233707797
v -0.018126852 0.039850190 0.236432842
v -0.019251210 0.041182251 0.238385084
v -0.021900947 0.010898415 0.241679393
v -0.004642617 0.008907983 0.233161746
v -0.011729799 0.009790003 0.236123906
v 0.047555905 0.035686162 0.240930732
v 0.046846853 0.039420349 0.240705654
v 0.049566809 0.037535889 0.240264047
v -0.001402563 0.037323594 0.228132557
v -0.004090486 0.035285934 0.228548994
v -0.001675391 0.034565306 0.227686337
v -0.003090908 0.032520217 0.227938839
v -0.053560878 0.007035697 0.047520734
v -0.016237729 0.010730989 0.238103673
v -0.014800252 0.008675647 0.238297060
v 0.002953759 0.048921238 0.234336393
v -0.001846573 0.021723432 0.227422148
v 0.005391688 0.038744739 0.093541016
v -0.019413219 0.015726626 0.238224318
v -0.015552813 0.014117713 0.236473387
v -0.002007097 0.023908187 0.227454985
v -0.024208534 0.011934870 0.243513552
v -0.023073282 0.016152178 0.241087354
v -0.003628119 0.025978028 0.228122171
v 0.008733798 0.049450665 0.233892662
v -0.007321000 0.013051230 0.232894504
v -0.010308396 0.014901479 0.233548916
v 0.051552017 0.037620928 0.239612803
v 0.051742154 0.034879264 0.240289798
v -0.012903398 0.019563916 0.233248458
v -0.016926191 0.021288240 0.234607395
v -0.015816340 0.024244422 0.233347052
v -0.013279901 0.015432845 0.234851897
v 0.000788428 0.044848035 0.231720092
v 0.018264110 0.046553895 0.232874261
v 0.044256602 0.038505022 0.240823197
v -0.007522072 0.017634460 0.231481482
v -0.006681812 0.021118534 0.230317082
v 0.053037598 0.038564925 0.238421249
v -0.003416979 0.048580703 0.041270357
v 0.007194402 0.023576205 0.223918345
v 0.004067843 0.025871854 0.224721771
v 0.006894935 0.028032854 0.224473501
v 0.006296301 0.033444287 0.225626534
v 0.010165856 0.030275558 0.224644852
v -0.014343622 0.029037392 0.232139739
v -0.012682357 0.030545132 0.231076042
v -0.012060232 0.027809574 0.231118134
v 0.050719470 0.042698991 0.238184288
v 0.001296013 0.031547462 0.226058152
v -0.001909218 0.029142020 0.227178098
v 0.023963916 0.046374780 0.233873124
v -0.011953643 0.034688508 0.231261362
v -0.009785946 0.034506419 0.230353588
v -0.021502832 0.018037848 0.239180407
v -0.020812698 0.034108604 0.236185479
v -0.019994067 0.036238873 0.235922289
v -0.019130542 0.034942927 0.235008620
v -0.004082314 0.022844182 0.228656466
v -0.021096399 0.013208898 0.239902912
v -0.010606574 0.031772253 0.230365990
v -0.011263985 0.029878259 0.230460783
v -0.030747384 0.040468355 0.242798059
v -0.029214956 0.041747717 0.242566111
v -0.019181352 0.037836741 0.234866715
v 0.025442981 0.045180666 0.233358071
v 0.027903151 0.045846029 0.234552968
v -0.021781147 0.028528842 0.236865981
v -0.023155528 0.027968209 0.238635710
v -0.023228968 0.030473609 0.238471871
v 0.002407196 0.041357331 0.229035044
v 0.009218306 0.018849467 0.223874348
v -0.014262556 0.036060984 0.232506345
v -0.013308372 0.034898498 0.231608649
v 0.012858408 0.038336209 0.227118685
v 0.007035261 0.038193806 0.227101594
v 0.008458903 0.043461672 0.229656914
v 0.028600640 0.062874180 0.230251179
v -0.012176388 0.032661767 0.230864034
v -0.024781155 0.020980987 0.242117016
v -0.022639985 0.020257067 0.239828899
v -0.022833083 0.008430170 0.243402611
v -0.016095203 0.031341762 0.232863154
v -0.016279901 0.027726972 0.233069349
v -0.019082567 0.027771717 0.234909318
v 0.004455539 0.045873895 0.231524495
v -0.009338220 0.021315396 0.231478473
v 0.031746251 0.039590216 0.232669224
v 0.033357834 0.039773577 0.233691112
v 0.032395682 0.037286681 0.232103465
v -0.020584355 0.020120435 0.237909381
v -0.018004821 0.035714634 0.234005619
v -0.020673611 0.038104618 0.236920276
v -0.019823356 0.039396194 0.236887013
v -0.014691673 0.034029239 0.232084636
v -0.013728695 0.033219815 0.231641471
v 0.023509744 0.044109635 0.231792162
v 0.013514213 0.049466128 0.234422718
v 0.012339759 0.046520730 0.231851752
v 0.029948807 0.062098633 0.233929356
v -0.018754598 0.020031908 0.236219789
v -0.016068675 0.017788837 0.235398760
v 0.014838137 0.042958212 0.229664139
v -0.016660043 0.035990380 0.233803057
v 0.009884345 0.034575599 0.225806123
v 0.028307726 0.062727378 0.235949397
v 0.019878914 0.042781420 0.230113755
v -0.016423640 0.034692971 0.233188216
v 0.026753716 0.043905295 0.232545763
v -0.013167974 0.001905837 0.240821538
v -0.024397863 0.031804286 0.239664559
v 0.013830198 0.032877319 0.225255377
v 0.031818357 0.058498837 0.237873826
v -0.021217964 0.031045085 0.236352959
v -0.022467628 0.033013858 0.237855682
v 0.026486320 0.041799012 0.230985588
v -0.023642196 0.032389052 0.238991337
v 0.030421496 0.039091925 0.231514843
v -0.018443560 0.022067264 0.235561509
v -0.020055475 0.022767005 0.236497074
v -0.018614596 0.023810328 0.234959326
v -0.014178712 0.031345203 0.231625142
v -0.022804015 0.025286754 0.238864618
v -0.021931677 0.022860657 0.238268658
v -0.023463699 0.023444665 0.240219722
v 0.028606381 0.039631280 0.230896471
v 0.021928226 0.036249163 0.227311521
v 0.018655505 0.039457313 0.228038329
v 0.023065421 0.040577273 0.229281354
v 0.002967837 0.036673547 0.227053762
v -0.025101621 0.024840931 0.241948430
v -0.019123108 0.036206884 0.234719717
v 0.026240085 0.047746019 0.235723713
v -0.014530674 0.026493724 0.232112777
v 0.008546842 -0.001182293 0.234489665
v -0.021360895 0.025650142 0.237032571
v -0.012338500 0.024013341 0.231946001
v -0.024516361 0.029665299 0.240102336
v 0.010936130 0.024334556 0.223494049
v 0.017290334 0.035359556 0.226339978
v -0.023448001 0.029351263 0.239152760
v 0.029552741 0.035705730 0.230062962
v 0.029234353 0.046079845 0.006450906
v 0.014951223 0.021978849 0.223832867
v 0.015455669 0.018102945 0.224173415
v 0.012336469 0.020077337 0.223504713
v 0.018632649 0.029967034 0.225242934
v 0.027285128 0.028111787 0.228081371
v 0.023116555 0.025339737 0.226251048
v 0.025588288 0.032210651 0.227707939
v 0.026193351 0.037941505 0.229133015
v -0.024302770 0.026482724 0.240213460
v 0.027066988 0.046468949 0.000022220
v -0.018623057 0.032759649 0.234374197
v 0.027217285 0.023577792 0.227867236
v 0.029655095 0.030412416 0.229286362
v 0.019786598 0.020133783 0.225098362
v 0.018067748 0.024284802 0.224658624
v 0.015069879 0.025672962 0.224068120
v 0.013621789 0.028445893 0.224283728
v 0.027372686 0.030673817 0.228461794
v -0.019774991 0.025086653 0.235796167
v -0.006965867 0.033119523 0.229380479
v 0.029538941 0.020905927 0.228965256
v 0.025952268 0.019375205 0.227378794
v -0.030308211 -0.042201038 0.063407702
v 0.037174517 -0.010587789 0.247743110
v 0.038036142 -0.007894456 0.247662901
v 0.039600718 -0.008752835 0.246970864
v 0.024087575 -0.014621191 0.250019907
v 0.029333186 -0.012533416 0.249213936
v 0.028771940 -0.015441343 0.249753674
v 0.033338684 -0.011684844 0.248769652
v 0.026326222 -0.011225209 0.248151684
v 0.035701049 -0.009128459 0.247940287
v 0.029419929 -0.018961088 0.247991948
v 0.031603796 -0.017804860 0.247684388
v 0.029977726 -0.019439848 0.246982435
v 0.034095897 -0.014718383 0.248060600
v 0.034733128 -0.007285941 0.247020693
v 0.028151444 -0.019946003 0.247628612
v 0.020459882 0.015293669 0.225998516
v 0.040533346 -0.006980327 0.246802403
v 0.029731674 -0.017500787 0.248748880
v 0.033817630 -0.016968144 0.246762774
v 0.025489889 -0.019057570 0.249284070
v 0.035175259 -0.017088218 0.245204928
v 0.033670267 -0.019132325 0.244391185
v 0.031981385 -0.019232727 0.245778615
v 0.023159050 0.017117324 0.226514805
v 0.027326708 0.014316071 0.228582893
v 0.027834997 -0.021044442 0.247309198
v 0.030303177 0.024924374 0.229231890
v 0.031850007 -0.018342962 0.246654836
v 0.029253780 -0.021248810 0.246353134
v 0.027615271 -0.019268815 0.248250481
v 0.025962572 -0.020644411 0.248014631
v 0.039766257 -0.010216955 0.246515346
v 0.030993225 -0.021261174 0.244809668
v -0.064282661 0.005402613 0.009131821
v 0.040312311 -0.015379351 0.232753017
v 0.012554010 0.017058486 0.224094376
v 0.011396513 0.049257141 0.041624170
v 0.006179667 0.048512011 0.044834712
v 0.029402339 0.047795713 0.236438759
v 0.030053194 0.046341436 0.235844857
v 0.030569400 0.048839807 0.237863505
v 0.031098197 0.044937394 0.235252983
v 0.031577399 0.046930027 0.236955313
v 0.033448698 0.045087112 0.236490498
v 0.035260159 0.041845868 0.236020275
v 0.036993738 0.043915001 0.237966704
v 0.019906113 0.062473314 0.211956796
v -0.019639411 -0.040564426 0.072731706
v 0.011445617 0.002568040 0.231588022
v 0.011768045 -0.000642506 0.233766241
v 0.011779260 -0.003127364 0.235558711
v 0.022555578 0.002024927 0.232551903
v 0.018604577 -0.000292393 0.233553726
v 0.008452711 0.007645512 0.229159987
v 0.017076571 0.003729531 0.230686838
v 0.014597174 -0.000398861 0.233437920
v 0.005982467 0.011770226 0.227607055
v 0.009153531 0.011681549 0.226771478
v 0.011719734 0.013794801 0.225298358
v 0.015618972 0.014566277 0.225129734
v 0.021378774 0.006311758 0.229655800
v 0.006936052 0.014427841 0.226008552
v 0.013010464 0.008332368 0.227968309
v 0.019553444 0.011010899 0.227115398
v 0.017282748 0.008121476 0.228152166
v 0.015260933 0.011191798 0.226397713
v 0.008739701 0.015117506 0.225185045
v 0.006622136 0.017197879 0.224917586
v 0.003871692 -0.014715999 0.246944272
v 0.024802282 0.008679832 0.229440956
v 0.023964777 0.011955961 0.227968656
v -0.027544495 0.030959787 0.243571795
v -0.026254400 0.028352158 0.242648177
v -0.027823112 0.029472270 0.244161641
v 0.027379990 -0.009113109 0.246062788
v 0.025855370 -0.009625703 0.246488253
v -0.004947399 -0.009578403 0.243086384
v -0.006525592 -0.008270272 0.244113643
v -0.004811823 -0.006630316 0.241685603
v 0.030257101 -0.006009926 0.243404506
v 0.031861686 -0.005812537 0.244021221
v 0.030384295 -0.006887964 0.244899365
v 0.000100304 -0.006063645 0.239605407
v 0.016387057 -0.003209857 0.235699460
v -0.031367429 0.035007525 0.244148488
v 0.043983323 -0.011131638 0.228481468
v 0.041977373 -0.014275537 0.229355880
v -0.009580836 0.041604471 0.071041339
v -0.063854812 0.007211622 0.008919003
v -0.064026063 0.006618479 0.008990405
v 0.019019037 0.058082324 0.197756572
v 0.041953002 0.040608854 0.240352018
v 0.040104494 0.042240683 0.239535627
v 0.037890651 0.041701790 0.237762066
v 0.040971128 0.040229689 0.239479812
v 0.041993676 0.036808703 0.239733915
v 0.039629930 0.039384767 0.238500946
v 0.036603214 0.038988467 0.235768537
v 0.044749676 0.034955969 0.240812207
v 0.044080397 0.032821137 0.240322444
v 0.037856378 0.038126165 0.236774714
v 0.039673806 0.035147451 0.237663082
v 0.036924482 0.035199088 0.235202326
v 0.034552756 0.037115526 0.233817929
v 0.042549996 0.030962064 0.239256245
v 0.044959404 0.029957708 0.240639563
v 0.039477356 0.029242642 0.236388168
v 0.034246591 0.031888268 0.232311210
v 0.032984431 0.026477433 0.230819599
v 0.034083367 0.020694037 0.231411608
v 0.030665752 0.017583334 0.229619680
v 0.037526013 0.024764567 0.234103712
v 0.027740441 0.010357230 0.229856300
v 0.039731361 0.018731431 0.235638204
v 0.035532307 0.014175766 0.232734613
v 0.048683703 0.016867518 0.243012099
v 0.044956920 0.017570356 0.240398736
v 0.046560680 0.019096485 0.241648765
v 0.032058597 0.009944107 0.231830783
v 0.035774221 0.009782140 0.233820239
v -0.027510607 0.027407876 0.244573638
v -0.027996567 0.025673107 0.245841787
v -0.028725526 0.028272684 0.245687978
v 0.046316006 0.014552074 0.241696310
v 0.041978499 0.013910084 0.237952008
v 0.038591725 0.010697423 0.235454120
v -0.056399859 -0.036891639 0.014962865
v -0.057195141 -0.035704712 0.013086863
v 0.044644696 0.011346634 0.240796005
v 0.046134462 0.009937063 0.242650807
v 0.043443734 0.007601426 0.240992980
v -0.018004115 -0.003427281 0.248297591
v -0.020911117 -0.000823285 0.248315779
v -0.008461297 -0.005908950 0.243792671
v 0.041024410 -0.003906712 0.246677002
v 0.041784873 -0.004668538 0.246283152
v 0.039469697 -0.005288453 0.247084756
v -0.050006474 -0.042303987 0.039611083
v -0.005917724 0.057008551 0.199786106
v -0.010465186 0.054997052 0.203943487
v -0.010621278 0.054531482 0.197379903
v 0.043782493 0.022134828 0.239455744
v -0.033541695 0.032830295 0.244986230
v -0.032931208 0.031687701 0.245492456
v -0.028809595 0.010703606 0.114005023
v -0.006577562 0.058258564 0.210373553
v -0.004880695 0.058118681 0.205130141
v -0.001997667 0.059801428 0.207305816
v 0.041157595 0.009408724 0.238033568
v -0.033358137 0.028566908 0.246558991
v 0.046137050 0.007837847 0.243628867
v 0.044387784 0.004872254 0.243609869
v 0.047170981 0.012280545 0.242838769
v 0.046272241 -0.007782571 0.228123859
v 0.040311947 -0.003334860 0.246661726
v 0.036291067 -0.007676162 0.247678511
v 0.036935389 -0.006379112 0.247099568
v 0.022348701 -0.009216880 0.244340324
v 0.022705217 -0.007805204 0.242638511
v 0.025448819 -0.007951180 0.244209298
v 0.024730088 0.057525889 0.199414074
v 0.041503957 0.001785602 0.243657706
v 0.041485058 0.004239157 0.241380793
v 0.006631243 0.060579590 0.202590513
v 0.037867093 -0.003954505 0.245964195
v 0.001730176 0.059619297 0.198815541
v -0.048116914 0.005206106 0.057457331
v 0.040166469 0.002530612 0.241780186
v 0.048030270 0.010675098 0.243952573
v 0.037110113 -0.001470296 0.243173079
v 0.040380267 -0.001024132 0.245827915
v 0.035906710 -0.005713137 0.246312160
v 0.034489740 -0.005065746 0.244785245
v -0.027921057 0.021464304 0.246165988
v -0.029681525 0.025001926 0.247083320
v 0.039015056 0.001379958 0.241750050
v -0.002841385 -0.012567431 0.243857630
v 0.036179120 0.000576186 0.239660155
v -0.032507151 0.033950597 0.244637898
v 0.029992049 -0.008495211 0.246586920
v 0.032276105 -0.006967730 0.245708872
v 0.048460193 -0.005647410 0.231079393
v -0.026971932 0.014484430 0.245842997
v -0.025889699 0.012498825 0.245399159
v -0.030794861 0.029823542 0.246144210
v -0.028886113 0.030501316 0.244744368
v -0.025712114 0.015265559 0.244534937
v -0.026534399 0.024174815 0.244066015
v 0.033574688 0.052384111 0.240413746
v -0.025037488 0.009038548 0.245762544
v 0.005427015 -0.013020532 0.245036949
v 0.003686348 -0.011559488 0.243446542
v 0.006385722 -0.011148309 0.243449754
v -0.025847763 0.007365279 0.247037990
v -0.026857417 0.009073145 0.247321695
v -0.022037176 0.002488065 0.246622248
v 0.031500593 0.056215743 0.239969495
v -0.002498789 -0.008878188 0.241834805
v -0.003366629 0.061142055 0.215591978
v 0.014131054 -0.009968831 0.243006712
v 0.012594358 -0.011774987 0.245160771
v 0.011651411 -0.010188580 0.242682495
v -0.025283098 0.051238961 0.240690072
v -0.012132103 -0.004117719 0.244989918
v -0.029796539 0.047315666 0.234060112
v -0.030212088 0.045781426 0.225287287
v -0.027518090 0.049509508 0.230718377
v 0.052256953 -0.000382518 0.240253022
v 0.000550558 -0.010631446 0.242739181
v 0.002591926 -0.012772917 0.244902437
v -0.023452008 0.053847252 0.239728211
v 0.032234469 -0.004120682 0.242215879
v -0.030903361 0.032227068 0.245101197
v -0.024596922 0.005403369 0.246880697
v -0.045816521 -0.002425713 0.069730150
v -0.044880280 0.002189735 0.072783189
v 0.023734591 -0.009936938 0.246475845
v 0.046888458 0.031253671 0.241338570
v -0.016196175 -0.002371225 0.245919011
v 0.011216350 0.053343965 0.027062210
v -0.030221231 0.040051799 0.196849290
v -0.028983008 0.040430752 0.191295173
v -0.018802280 -0.001936152 0.247380535
v -0.031820599 0.036879206 0.190243866
v -0.015237934 0.059434940 0.236195177
v -0.028738445 0.043952585 0.207002906
v -0.008413182 0.059409295 0.217623391
v -0.009046992 0.060991337 0.224468426
v -0.020965984 0.022540071 0.110426229
v -0.039555508 0.023215418 0.203418900
v -0.038816930 0.021824353 0.195067610
v -0.026399699 0.010849723 0.140227623
v -0.014154692 -0.005758001 0.247846461
v 0.033654781 -0.001736476 0.240221751
v -0.039571313 0.014275857 0.199790277
v -0.038499149 0.028011633 0.209210197
v -0.040094519 0.023693613 0.217373888
v 0.028144932 -0.005659290 0.242238640
v 0.029603368 -0.002882567 0.239135354
v -0.005242046 -0.011591697 0.243360593
v -0.041181048 0.022173217 0.226258054
v -0.024276821 0.015435574 0.131655489
v -0.011144104 -0.007908849 0.248327377
v -0.010640739 -0.006388900 0.246432695
v -0.021305181 0.055315247 0.239496304
v -0.011596799 0.029229947 0.112067091
v -0.013526273 0.028978208 0.106508594
v -0.018366738 0.057289667 0.234740630
v -0.015651156 0.058552182 0.231987030
v -0.001661368 0.059449621 0.202461796
v -0.002740016 0.058189827 0.196019814
v -0.034513946 0.016793875 0.179576023
v -0.012891976 0.059809819 0.227761224
v -0.022988260 0.024975242 0.090059275
v -0.021179927 0.046054254 0.177554926
v -0.011580159 0.056780876 0.214135906
v -0.036955073 0.032761402 0.234981536
v -0.040645691 0.024437543 0.235495408
v -0.023169756 0.053856693 0.232393709
v -0.021660823 0.053792260 0.225626928
v 0.004580881 0.044499386 0.072173178
v -0.007826050 0.055844463 0.192850293
v 0.028531158 -0.007179839 0.244734555
v 0.014994060 0.047579955 0.043815327
v -0.012148707 0.055235726 0.209279073
v -0.009550196 0.043571793 0.160889010
v -0.016733992 0.026823141 0.106603638
v -0.013498242 0.027965666 0.119962630
v 0.013905851 0.033548515 0.122590940
v -0.009688514 0.047942762 0.166743080
v -0.013287812 0.052263286 0.178860979
v -0.016335481 0.049132844 0.175555744
v -0.010456174 0.051963530 0.173841000
v -0.031563179 0.035299914 0.182865997
v 0.017297004 0.032512521 0.119740313
v -0.024991393 0.047002065 0.203412420
v -0.014897543 0.027433644 0.112642960
v -0.033584917 0.032440884 0.185901641
v -0.008447795 -0.008336673 0.246691596
v 0.016631112 0.051616597 0.033629549
v 0.013309215 0.052581399 0.031370012
v -0.033453515 0.040912271 0.231456310
v -0.026478067 0.006543820 0.247999258
v 0.025894870 0.050517723 0.024256767
v -0.037331196 0.031391071 0.230455114
v -0.023205985 0.047129478 0.199171719
v -0.032345914 0.010848553 0.097380528
v 0.027543589 0.058647818 0.203958018
v 0.017381869 0.049367151 0.038561798
v -0.038267343 0.029395989 0.217292485
v 0.012315614 0.051314070 0.036041315
v 0.012749264 -0.008111490 0.240252736
v 0.013144151 -0.005480493 0.237486646
v 0.007543571 -0.005751950 0.238024942
v 0.055479089 0.012216959 0.243058065
v -0.019877699 0.055704004 0.231605650
v -0.017670277 0.049841740 0.181051970
v 0.053953837 0.000661114 0.235239511
v -0.013629378 0.031176818 0.098150853
v 0.008067563 -0.009335679 0.241394448
v -0.035915388 0.035381131 0.231420781
v -0.035765068 0.036440214 0.235558312
v -0.007906103 0.040902538 0.155273751
v -0.011982523 0.053734855 0.183803300
v -0.017246513 0.050551404 0.185812156
v -0.022546968 0.050884230 0.213017784
v -0.024962841 0.047958488 0.209328268
v 0.016317969 -0.008979889 0.241849082
v -0.026118018 0.019759350 0.092956289
v 0.030461091 0.023398159 0.114380980
v -0.022320901 0.018806697 0.129097667
v -0.013497698 0.052754148 0.190654975
v -0.003141532 -0.010783174 0.242717730
v 0.051818307 -0.002321477 0.232487069
v 0.019959591 -0.008405856 0.242469782
v 0.009619701 -0.011322441 0.243730749
v -0.032935397 0.040364980 0.216414786
v -0.032054731 0.012620605 0.094548953
v -0.034289331 0.011329002 0.091600641
v -0.046110918 0.006294822 0.061971767
v -0.030509419 0.015605692 0.091827607
v -0.033991372 0.016534465 0.084600987
v -0.025067225 0.025561822 0.084298387
v -0.028184654 0.020287671 0.087689793
v -0.042109502 0.006527588 0.078980350
v -0.038301923 0.010256054 0.085016355
v -0.019098746 0.032958689 0.080152844
v -0.038051377 0.015080030 0.079338430
v 0.050657234 -0.003178705 0.228938999
v -0.043432950 0.007543944 0.071263985
v -0.036180328 0.019197431 0.076961400
v -0.033613274 0.021046000 0.078628721
v -0.038580445 0.031430056 0.042895985
v -0.040919535 0.012271105 0.075350548
v -0.029905136 0.022581311 0.081248586
v -0.025166787 0.028489700 0.078743296
v -0.032205569 0.022959951 0.077353256
v -0.045246516 0.005068229 0.066975497
v -0.044039558 0.008429750 0.065654960
v -0.042399776 0.012167717 0.067429672
v -0.037853220 0.027977615 0.050249808
v -0.038290065 0.023990940 0.058218044
v -0.040966465 0.023256221 0.052871094
v -0.029253328 0.030217504 0.066817040
v -0.040472233 0.015817989 0.068944387
v -0.037133080 0.037929027 0.031437195
v -0.033497307 0.024461769 0.072259655
v -0.030214203 0.025659436 0.076285257
v -0.038768553 0.017245960 0.073371661
v -0.036985703 0.021120071 0.070588977
v -0.036245489 0.024029423 0.065121011
v -0.039225323 0.020147271 0.064946327
v -0.042009493 0.016302957 0.062861268
v -0.033807347 0.028232003 0.059575885
v -0.028620329 0.032325761 0.060052304
v -0.028517519 0.028594626 0.073349719
v -0.033628996 0.026751349 0.065544869
v -0.041588031 0.020203361 0.057538604
v -0.031734520 0.035590228 0.043773246
v -0.030988257 0.032759429 0.052491911
v -0.024877473 0.035250100 0.057782856
v -0.043036909 0.023837917 0.047768242
v -0.034783225 0.032009467 0.047282345
v -0.046921698 0.000896142 0.063615920
v 0.000121780 0.058835098 0.191895461
v -0.020259322 0.049266333 0.199716077
v 0.007687288 -0.011962927 0.245018468
v -0.036249372 0.034479808 0.223624580
v 0.004447627 -0.010193969 0.242264345
v 0.003921457 -0.008424138 0.240682396
v 0.051639454 0.009627630 0.245461578
v 0.053181832 0.014296694 0.244804360
v 0.053751463 0.011474963 0.244421199
v 0.050163535 0.004261074 0.245581200
v 0.047808109 0.006911400 0.245622926
v 0.044685885 -0.003064297 0.245485093
v 0.044825485 -0.000753055 0.246196797
v 0.045916078 -0.000876090 0.245784672
v 0.050172321 0.013038957 0.244916413
v 0.050708022 0.001264850 0.244117440
v 0.049109238 -0.000739636 0.243971809
v 0.047820536 0.000081759 0.245178070
v 0.047378456 0.001489510 0.245849087
v 0.047267719 0.002979730 0.246346517
v 0.052128059 -0.001622218 0.235421579
v 0.052329186 -0.001354826 0.237723629
v 0.044756802 0.001954472 0.245843293
v 0.046103320 0.000710098 0.246289438
v 0.042648100 0.000277775 0.245830156
v 0.043104683 -0.005763691 0.245236209
v 0.046030655 -0.004656707 0.243516131
v 0.044282330 -0.006946735 0.243650103
v 0.042808425 -0.001651590 0.246519412
v 0.048648823 0.013558586 0.243571629
v 0.050616493 -0.002716881 0.239648969
v 0.047771506 -0.004915667 0.240466813
v 0.050516186 -0.003366850 0.236669904
v 0.047673115 -0.003458538 0.243181471
v 0.046830135 -0.002930655 0.244227904
v 0.048444382 -0.002296699 0.243244929
v 0.048526402 -0.003877153 0.241620679
v 0.050465447 -0.001223789 0.242385790
v 0.046663517 -0.001867441 0.245183344
v 0.047783764 -0.001718340 0.244519481
v 0.046538628 0.000297710 0.245633959
v 0.040679046 0.047718873 0.198610692
v 0.041419119 0.045718639 0.190802692
v 0.044029147 0.043692842 0.196265294
v 0.022475570 0.049979053 0.033966224
v 0.023456891 0.046940722 0.039371002
v 0.041473400 0.037797756 0.035757662
v 0.037188239 0.041037745 0.035877057
v 0.038744058 0.041679419 0.031192011
v 0.012407023 0.040568405 0.151542645
v 0.011589930 0.038375805 0.146719119
v 0.015989775 0.038375236 0.149289300
v 0.032678137 0.029749754 0.088854384
v 0.034229208 0.030777758 0.082615936
v 0.040561703 0.053425933 0.222434777
v 0.041608213 0.053103763 0.223405131
v 0.040207586 0.053384624 0.223074341
v 0.045598262 0.034962394 0.034034040
v 0.045277744 0.032403467 0.038378145
v 0.023550324 0.033427895 0.145989833
v 0.025282715 0.035695576 0.151764444
v 0.020793236 0.037344038 0.150874540
v 0.044105422 0.026230228 0.047212321
v 0.044101503 0.029459267 0.043366830
v 0.047422602 0.024610057 0.043839281
v 0.032336545 0.024152863 0.142685529
v 0.034130417 0.027049862 0.150216202
v 0.029797421 0.028090980 0.144399835
v 0.023602425 0.029032083 0.122744250
v 0.025759773 0.027571262 0.126040631
v 0.023778094 0.029338688 0.130028062
v 0.026337134 0.030642404 0.143675031
v 0.026005828 0.028868324 0.137152911
v 0.018922501 0.035522129 0.145390203
v 0.037537459 0.023711843 0.091509944
v 0.037352314 0.020770357 0.096881686
v 0.033973313 0.025896043 0.095296782
v 0.031746527 0.029695208 0.150171719
v 0.030010076 0.059951135 0.221979969
v 0.027764493 0.061435971 0.220514925
v 0.029882832 0.059823146 0.218267476
v 0.024543073 0.043475924 0.044670706
v 0.028591928 0.043449606 0.040816390
v 0.037824610 0.038131665 0.039825586
v 0.033521120 0.042210378 0.038691873
v 0.056895255 0.018181175 0.007796436
v 0.057554803 0.017971449 0.011971550
v 0.054439394 0.023093709 0.009525963
v 0.015162765 0.036649842 0.144642680
v 0.045430877 0.041156744 0.180291150
v 0.043034135 0.041710918 0.176003603
v 0.045175085 0.039103036 0.175502812
v 0.016965329 0.042502514 0.156340751
v 0.023477026 0.044766679 0.162175771
v 0.018982691 0.047555119 0.163976372
v 0.029538607 0.025685435 0.137746021
v 0.023521971 0.031598152 0.140891262
v 0.019259692 0.046725105 0.042789901
v 0.027046635 0.040109853 0.049339029
v 0.032076611 0.036809059 0.049438165
v 0.029824198 0.037452740 0.052068751
v 0.036755940 0.050975901 0.198159726
v 0.037195214 0.049379323 0.192984823
v 0.043730616 0.043666146 0.185941298
v 0.040834362 0.046202645 0.186203011
v 0.040408714 0.034317092 0.042236767
v 0.041149500 0.035932029 0.039218841
v 0.033522579 0.038442825 0.044431935
v 0.041655053 0.040760261 0.172416634
v 0.043769652 0.036187092 0.170192170
v 0.024470563 0.040163346 0.156997153
v 0.020816049 0.033361054 0.141768250
v 0.016964427 0.034785217 0.140718455
v 0.031954930 0.056237983 0.208650734
v 0.030349348 0.057498883 0.211513794
v 0.029995649 0.057578977 0.208291118
v 0.057748173 0.016210960 0.002461996
v 0.058772647 0.014048537 0.001772795
v 0.059563911 0.012285561 0.001916878
v 0.059241903 0.012667747 0.004301754
v 0.014600427 0.034199084 0.134791833
v 0.011645069 0.036164821 0.140616580
v 0.033448359 0.052572619 0.195938329
v 0.029987634 0.055889630 0.200076938
v 0.009869177 0.035080371 0.134480657
v 0.010980896 0.034185207 0.128641558
v 0.035119495 0.022010805 0.100959089
v 0.035101657 0.019202705 0.107947534
v 0.032713737 0.024216576 0.102791219
v 0.007425051 0.034739762 0.131636937
v 0.009493181 0.034694970 0.131662096
v 0.032120092 0.021794549 0.136156378
v 0.034005411 0.020860067 0.141286234
v 0.042542782 0.052093893 0.219727734
v 0.041403326 0.052941224 0.217550417
v 0.043743570 0.050986051 0.217159329
v 0.039652033 0.046938279 0.182396672
v 0.036395314 0.049282889 0.185096464
v 0.033570231 0.050392448 0.182043205
v 0.020574183 0.031963671 0.135241450
v 0.039999452 0.031691983 0.046603173
v 0.053796321 0.036251046 0.217409738
v 0.041021428 0.052968012 0.220852456
v 0.043289107 0.051926330 0.222324965
v 0.037042956 0.042356065 0.169044805
v 0.034550429 0.039085682 0.163037273
v 0.039055486 0.037408937 0.165765142
v 0.028618620 0.046167396 0.036431980
v 0.031843885 0.033839961 0.079217808
v 0.030231370 0.036783391 0.056647444
v 0.026840379 0.039071704 0.054556238
v 0.021804478 0.042978874 0.049030024
v 0.016821158 0.032775088 0.127909135
v 0.045852432 0.041157038 0.190987122
v 0.059804479 0.011630278 0.001973237
v 0.060235518 0.009981209 0.004435285
v 0.046742372 0.047416937 0.215268677
v 0.042919558 0.049670905 0.208468821
v 0.038455602 0.051431353 0.203747025
v 0.039889144 0.051746347 0.208250184
v 0.037789840 0.052619988 0.207608052
v 0.035077626 0.031780728 0.076388530
v 0.029699824 0.023961086 0.131451165
v 0.027797571 0.026377366 0.132603032
v 0.038193496 0.048180855 0.187590816
v 0.026157401 0.027583223 0.130585966
v 0.038795328 -0.000291601 0.109447251
v 0.037873436 0.000723924 0.114453336
v 0.038879187 0.003273978 0.110009946
v 0.038117556 -0.002964803 0.110380162
v 0.037823113 0.005157922 0.115749947
v 0.039346150 -0.002252561 0.106915622
v 0.038540558 -0.004971474 0.106454455
v 0.058433387 0.020726027 0.239102787
v 0.056674641 0.022928474 0.241079137
v 0.058119619 0.024651882 0.239385188
v 0.059604303 0.019866530 0.216908916
v 0.060279133 0.022170244 0.223903791
v 0.058801028 0.025504579 0.218626396
v 0.054153192 0.022786904 0.242776466
v 0.055593975 0.025787490 0.241321704
v 0.057826669 0.031636970 0.235388193
v 0.059607058 0.027273128 0.233305878
v 0.058146358 0.029249180 0.237441753
v 0.040362672 0.053739829 0.224636009
v 0.038634372 0.054013788 0.227025385
v 0.037113745 0.054394342 0.222269904
v 0.035044847 0.055143569 0.225192326
v 0.023094674 0.041299807 0.053698606
v 0.036475331 0.054614156 0.229407319
v 0.033068689 0.056938070 0.227879188
v 0.041431368 0.053290487 0.227759368
v 0.029945790 0.037182483 0.063191804
v 0.032040718 0.035192861 0.071285910
v 0.039469568 0.053479330 0.221985260
v 0.033010181 0.056492295 0.224709651
v 0.043692551 0.052295585 0.226851212
v 0.031192995 0.057908203 0.221479334
v 0.031380696 0.058102894 0.224199218
v 0.033102390 0.055934415 0.221414120
v 0.030970511 0.058573976 0.219514968
v 0.035356437 0.054276572 0.217420885
v 0.038812043 0.053586700 0.218752855
v 0.025792552 0.061866583 0.217521148
v 0.028024531 0.060352186 0.216674841
v 0.047494518 0.043976697 0.208066384
v 0.047017307 0.041115697 0.199959490
v 0.049968178 0.038801091 0.205054060
v 0.040738478 0.028496820 0.051166120
v 0.031683860 0.056494562 0.216289521
v 0.036724643 0.053334660 0.214540743
v 0.037550545 0.053170305 0.216410359
v 0.034796158 0.054312552 0.213301641
v 0.020836869 0.030929116 0.128137726
v 0.050472883 0.041723944 0.214700043
v 0.034685856 0.017792975 0.137966312
v 0.033528508 0.018208485 0.133004909
v 0.035541598 0.013706650 0.133905602
v 0.045043241 0.020445769 0.068513417
v 0.042824802 0.023917555 0.060874919
v 0.046206511 0.018431363 0.060501966
v 0.035861876 0.013955175 0.117861027
v 0.034107568 0.017127830 0.119642744
v 0.034346820 0.017846410 0.115432065
v 0.035982475 0.017813286 0.143369975
v 0.045521599 0.008657315 0.088601254
v 0.043935860 0.012836679 0.089477814
v 0.046466185 0.011764621 0.083972922
v 0.047597851 0.005753356 0.084940784
v 0.048736926 0.007660242 0.080743533
v 0.049914244 0.002204847 0.079000659
v 0.028620355 0.054525957 0.194392703
v 0.024191744 0.050820513 0.028397941
v 0.028394864 0.049118510 0.027504107
v 0.033628250 0.044514888 0.033878787
v 0.041088445 0.052016448 0.212959619
v 0.050668314 0.006420435 0.062116821
v 0.051271582 0.002479607 0.066077825
v 0.050687034 0.005618609 0.069573231
v 0.031873343 0.020692669 0.129902723
v 0.036452821 0.033346122 0.049718618
v 0.033192512 0.034830234 0.053431479
v 0.045813578 0.050046099 0.223281925
v 0.044575194 0.023824980 0.050683689
v 0.018970606 0.043454605 0.052541872
v 0.035391969 0.045899469 0.172312270
v 0.036293179 0.047666497 0.177224449
v 0.030892570 0.049123808 0.174125198
v 0.044480629 0.045521201 0.202784515
v 0.045520152 0.046832506 0.208555724
v 0.028670266 0.032218892 0.149957769
v 0.056736247 0.021003851 0.015495068
v 0.045784713 0.020298794 0.054756272
v 0.049206364 0.015663882 0.051095389
v 0.048507511 0.014735909 0.055686222
v 0.028045950 0.060277004 0.212842041
v 0.029473747 0.058973557 0.214866251
v 0.038869686 0.052852947 0.215066444
v 0.027692955 0.025821864 0.127677274
v 0.047079523 0.032519087 0.008181384
v 0.047784582 0.033225899 0.014050472
v 0.042011492 0.037580573 0.009003176
v 0.044167990 0.037738923 0.030742941
v 0.047859149 0.033912858 0.030432161
v 0.025042025 0.039854937 0.059187898
v 0.019727692 0.042369311 0.059415938
v 0.029692869 0.036998759 0.156820951
v 0.037265672 0.031138729 0.054886041
v 0.047193638 0.019987197 0.050414667
v 0.049802639 0.010642619 0.058172279
v 0.048027023 0.014449029 0.060080304
v 0.055801477 0.020014874 0.004910673
v 0.047498027 0.015706950 0.065472991
v 0.028504891 0.048121715 0.031568844
v 0.033488245 0.051160672 0.189491309
v 0.034429833 0.045825506 0.018801799
v 0.033309493 0.046601166 0.027631642
v 0.029886695 0.048769009 0.023267338
v 0.045902143 0.030607874 0.168691132
v 0.047563691 0.034608461 0.174635239
v 0.042892898 0.024821600 0.054610713
v 0.028853727 0.058361442 0.208154827
v 0.029007889 0.058841940 0.209649245
v 0.026937161 0.059635375 0.208243018
v 0.031742340 0.057376437 0.219808063
v 0.036239055 0.019589104 0.102318667
v 0.032146401 0.019922381 0.125292551
v 0.029957230 0.023112525 0.125374597
v 0.031814080 0.020835129 0.119881215
v 0.027875400 0.038305436 0.058032269
v 0.020011049 0.031194706 0.123261231
v 0.034381053 0.033425687 0.059883683
v 0.040289907 0.027546048 0.057034260
v 0.039904210 0.020720158 0.090807514
v 0.028233520 0.061699712 0.224006568
v 0.040809822 0.041299263 0.021053701
v 0.044425587 0.037650192 0.017550076
v 0.044975170 0.037979886 0.022579568
v 0.027909087 0.025431965 0.121383676
v 0.028955109 0.058125466 0.206786645
v 0.046389709 0.032752016 0.000453245
v 0.045827125 0.033393569 0.001035342
v 0.045930291 0.033290500 0.000420648
v 0.034439356 0.032599800 0.156467457
v 0.037811822 0.030243466 0.060205387
v 0.054131900 0.022626952 0.001113142
v 0.050297559 0.028236373 0.004478940
v 0.050545563 0.027979145 0.000737783
v 0.042660169 0.039986557 0.026477223
v 0.040905371 0.015692013 0.094414721
v 0.043335610 0.018428684 0.084507840
v 0.033545439 0.034310504 0.065925784
v 0.037225196 0.031103699 0.068649405
v 0.035108045 0.054233095 0.207092578
v 0.034398071 0.053887563 0.201566830
v 0.031342510 0.056481789 0.205114599
v 0.040766907 0.031101734 0.162216318
v 0.040101596 0.027715345 0.063058913
v 0.051119804 0.002238410 0.072210460
v 0.051422229 -0.002020879 0.066155180
v 0.039495232 0.023927034 0.085403591
v 0.046927718 0.035964014 0.026393633
v 0.038258039 0.043431598 0.025213649
v 0.038306335 0.027785529 0.078818343
v 0.036134369 0.027114564 0.087079284
v 0.047671579 0.027427223 0.040666983
v 0.032768441 0.055231884 0.211155456
v 0.036412743 0.054061969 0.234851939
v 0.034092717 0.056158367 0.234496103
v 0.034532325 0.055781995 0.231838357
v 0.040679998 0.053001433 0.229915882
v 0.039435777 0.053407053 0.231704843
v 0.038812645 0.053645483 0.229476153
v 0.039170917 0.053203975 0.235170811
v 0.038760392 0.053266316 0.233731367
v 0.041054693 0.053013158 0.234593731
v 0.041715801 0.050752174 0.238363995
v 0.039011839 0.052385506 0.236672001
v 0.042011493 0.051552201 0.236809902
v 0.040443864 0.052954675 0.233293902
v 0.042925726 0.052886068 0.232894536
v 0.043091195 0.052545817 0.230103165
v 0.059161698 0.013078630 0.008978870
v 0.044253313 0.050674648 0.237132577
v 0.044960199 0.051463431 0.231051153
v 0.043329358 0.052100405 0.235495619
v 0.037022900 0.054202711 0.232291662
v 0.051667180 0.000700543 0.060887040
v 0.052199366 -0.003540450 0.058728424
v 0.032803646 0.020546868 0.114397530
v 0.041104718 0.052484779 0.235932476
v 0.035693824 0.012221970 0.129136079
v 0.035483918 0.013412202 0.125171619
v 0.036591972 0.009495210 0.126310337
v 0.032593899 0.058188468 0.230833370
v 0.032985818 0.058010018 0.233337455
v 0.024233686 0.061642441 0.212488728
v 0.027312778 0.053404302 0.187542798
v 0.027487972 0.052217577 0.180011683
v 0.053574426 0.027269642 0.018156646
v 0.057677749 0.016464679 0.001575881
v 0.054900666 0.021309894 0.001211471
v 0.049185092 0.033452351 0.021119451
v 0.050876044 0.031592847 0.026608692
v 0.017576881 0.051375724 0.169849118
v 0.023840745 0.051625329 0.174174926
v 0.018286357 0.053275760 0.174718799
v 0.011708159 0.048872302 0.163512130
v 0.009280851 0.043316319 0.155248781
v 0.008608343 0.058339894 0.192226956
v 0.054956418 0.003124645 0.224178771
v 0.052996850 -0.000125287 0.227267991
v 0.055749758 0.003523634 0.230336469
v 0.040057710 0.044399099 0.175699189
v 0.054346555 0.013218648 0.243859787
v 0.055067449 0.015207675 0.243447845
v 0.038036619 0.016839220 0.101383377
v 0.059599325 0.013797205 0.225210704
v 0.059066375 0.012906682 0.221464360
v 0.058483411 0.011342755 0.225167408
v 0.037591882 0.053060512 0.210992081
v 0.037026922 0.028826893 0.155925145
v 0.058849049 0.012111245 0.229527016
v 0.059450295 0.013764176 0.227573383
v 0.039320656 0.041372183 0.015431378
v 0.056609280 0.015504850 0.241726783
v 0.041711804 0.023558833 0.079125254
v 0.041613291 0.025840821 0.070377962
v 0.054316180 0.022376203 0.001129875
v 0.054383488 0.022250926 0.001139533
v 0.052628815 0.035848309 0.209664341
v 0.014881208 0.057233046 0.191757979
v 0.008942450 0.057820393 0.186946328
v 0.015727872 0.055948679 0.183779470
v 0.051460609 0.019406220 0.244163227
v 0.054413281 0.017940725 0.243778261
v 0.030341035 0.043850102 0.165059389
v 0.050465280 0.028967452 0.010824995
v 0.035949518 0.042669465 0.010079222
v 0.055814287 0.017711568 0.242475973
v 0.024695176 0.048464294 0.168254740
v 0.021028673 0.055243427 0.188172057
v 0.022406953 0.055974468 0.193301070
v 0.059908110 0.015523338 0.231005788
v 0.060150340 0.017222569 0.225163708
v 0.020677166 0.053856448 0.178929315
v 0.013143611 0.055267427 0.177146776
v 0.005174336 0.058262646 0.189303169
v -0.000491728 0.035915487 0.138903956
v 0.002763328 0.037260787 0.142258623
v -0.000604687 0.037919685 0.144825800
v 0.035085166 0.014746651 0.121607954
v 0.036359612 0.011192187 0.121595839
v 0.003761292 0.058366098 0.184928455
v 0.057110184 0.006550739 0.234196762
v 0.058240827 0.009176744 0.230503790
v 0.022830995 0.054163143 0.183534564
v 0.060350843 0.018714303 0.231535473
v 0.057379866 0.018279147 0.241243057
v 0.057081955 0.007440256 0.222807126
v 0.049160824 0.011570122 0.062840002
v 0.052214950 0.002576290 0.055170484
v 0.052746052 -0.001180207 0.054951563
v 0.007817364 0.057351927 0.181516670
v 0.053967347 0.020142198 0.243280616
v 0.052335586 0.032147991 0.200865435
v 0.055812825 0.029996126 0.211431656
v 0.030467132 0.044986986 0.000000000
v 0.043295511 0.021086980 0.078661409
v 0.059132787 0.012773506 0.232055394
v 0.059469418 0.013405950 0.230297333
v 0.059021482 0.013896057 0.216855365
v 0.056057586 0.020282823 0.242023155
v 0.057678636 0.023592804 0.210335670
v 0.054899692 0.026184789 0.202685270
v 0.056262467 0.021357795 0.203444233
v 0.031717887 0.060463129 0.231988976
v 0.031977887 0.060012733 0.234313115
v 0.038105715 0.014739169 0.104574776
v 0.038225388 0.012055085 0.106922964
v 0.032780739 0.057893642 0.236003029
v 0.047921818 0.020188654 0.242500630
v 0.057221681 0.033448513 0.231063643
v 0.034823495 0.042473619 0.000036221
v 0.037007091 0.041031382 0.000073577
v 0.037390521 0.040875679 0.004045395
v 0.033710016 0.043281198 0.002949653
v 0.040181149 0.000621734 0.104901137
v 0.040203376 0.006047804 0.104345604
v 0.042113330 0.002469548 0.099224313
v 0.031352221 0.060213080 0.229230165
v 0.029291370 0.061627712 0.226896957
v 0.030124399 0.060503958 0.225023989
v 0.031016180 0.059655167 0.226781259
v 0.057285176 0.031081901 0.222648483
v 0.010043918 0.053819584 0.171651598
v 0.014431855 0.053743284 0.173574875
v 0.005583008 0.051716420 0.167107833
v 0.038242139 0.007991438 0.110889850
v 0.050057461 0.006848102 0.075185946
v 0.049116641 0.011086645 0.069826767
v 0.007762909 0.039883790 0.149063215
v 0.003896305 0.041836216 0.152281345
v 0.003362215 0.038990502 0.146703381
v 0.000177378 0.039903192 0.149070584
v 0.007110681 0.037737417 0.143876179
v 0.005762911 0.035890332 0.137657009
v 0.047408431 0.024747919 0.167147316
v 0.049983658 0.023298953 0.171028525
v 0.049930707 0.028349439 0.173948493
v 0.002671181 0.034655530 0.131931710
v 0.035397204 0.022219069 0.146750637
v 0.037973809 0.019264851 0.149536552
v 0.038336589 0.024400710 0.154331723
v 0.059633407 0.016482115 0.235439485
v 0.058386719 0.013351361 0.238005596
v 0.058286527 0.016433224 0.239400422
v 0.058041417 0.018791362 0.209087137
v 0.058802305 0.016456957 0.212695660
v 0.045356887 0.018771312 0.076158893
v 0.046329769 0.015236312 0.079776356
v 0.040536466 0.011975569 0.151880914
v 0.040459522 0.015776779 0.152710318
v 0.038799860 0.012845157 0.147133003
v 0.048395951 0.011229215 0.077882536
v 0.044351417 -0.009210856 0.090298612
v 0.045651418 -0.004180146 0.089760375
v 0.047353129 -0.006371642 0.085014584
v 0.057739619 0.008820695 0.235325671
v 0.058787291 0.011797103 0.235253267
v 0.040168123 0.011192460 0.100893698
v 0.048262522 0.019489529 0.166256432
v 0.036514269 0.008855036 0.131283653
v 0.056676653 0.007147670 0.237870605
v 0.059633818 0.026179765 0.226363659
v 0.056591470 0.034397532 0.236083261
v 0.055461929 0.036674604 0.234584385
v 0.047124561 0.016299881 0.070766920
v 0.058009025 0.010256405 0.238288594
v 0.041120502 -0.009750858 0.096417050
v 0.039141802 -0.008049249 0.102295395
v 0.042358009 -0.005088396 0.096662889
v 0.047317381 0.014751904 0.075164752
v 0.050969063 -0.001631769 0.073527386
v 0.041975888 0.006372141 0.098619475
v 0.036658132 0.009677173 0.136309241
v 0.036809885 0.006704664 0.134121853
v 0.049685291 -0.004582882 0.078363327
v 0.047803999 -0.000448801 0.085739027
v 0.043584074 0.022339466 0.074487303
v 0.004024706 0.046695640 0.159781772
v 0.055440618 -0.000901196 0.047817433
v 0.057320222 -0.008069158 0.045055401
v 0.054416837 -0.006314927 0.050268817
v 0.053207446 -0.003882408 0.053429052
v 0.059989559 -0.005492616 0.040989082
v 0.053047864 0.005445432 0.050794056
v 0.060912591 -0.001197510 0.038906782
v 0.051153873 0.006864215 0.055832340
v 0.032770378 0.043653656 0.000019623
v 0.043376384 0.025693344 0.161774049
v 0.040435180 0.038377575 0.000173227
v 0.050986537 -0.007424869 0.061653719
v 0.033959718 0.016632609 0.128305472
v 0.033885943 0.017320439 0.123380983
v 0.043222007 0.008985047 0.093864670
v 0.043588940 0.004054549 0.094702418
v 0.044272411 0.000014859 0.093588337
v 0.045610146 0.004484838 0.090006210
v 0.036785859 0.013436991 0.112390631
v 0.044189590 0.020077675 0.160262230
v 0.040779676 0.020657772 0.155493165
v 0.036932461 0.013223562 0.141182314
v 0.040248007 -0.003547803 0.103153733
v 0.034866783 0.054146551 0.210507636
v 0.061487704 0.006099016 0.004153714
v 0.061084165 0.007122298 0.008682773
v 0.057973933 0.015891760 0.001620658
v 0.061541815 0.008793584 0.013942864
v 0.046144371 0.040924175 0.195244395
v 0.063056348 0.009138658 0.020981739
v 0.060156733 0.015263106 0.016982182
v 0.045608118 0.033624419 0.000402387
v 0.042591107 0.036402885 0.000268073
v 0.040762084 0.038128816 0.000182276
v -0.004434833 0.057326818 0.188772973
v -0.007321803 0.056005108 0.188799519
v 0.052453916 0.029467628 0.022836846
v 0.002573271 0.058773567 0.188873488
v -0.000482248 0.043224821 0.155240459
v -0.001181605 0.047514679 0.161896350
v -0.004615670 0.051403657 0.168627586
v -0.001095704 0.054797496 0.173152043
v -0.005136950 0.055309562 0.176490587
v -0.000717384 0.058493463 0.185901350
v -0.003987268 0.039895554 0.150854690
v -0.009733803 0.054978231 0.188097841
v -0.007972450 0.055744333 0.186136916
v -0.005193321 0.044663353 0.159497072
v 0.006526046 0.056324384 0.176754881
v 0.000832664 0.057525359 0.179447856
v 0.003341714 0.055036428 0.172905236
v -0.005616627 0.056528280 0.182547919
v -0.009461075 0.054430845 0.179382796
v 0.000873508 0.051906504 0.167701254
v 0.041977242 -0.001258763 0.099205272
v 0.038400178 -0.013089426 0.098505048
v 0.044386726 0.014233355 0.159346360
v 0.049603216 0.015377942 0.167811545
v 0.037319994 0.009744096 0.116698760
v 0.036670370 -0.007135292 0.109355006
v 0.049393138 0.017946582 0.047578635
v 0.055906592 0.010046849 0.042711190
v 0.054323364 0.007451063 0.046755724
v 0.052383626 0.013368260 0.046350393
v 0.057857866 0.020886406 0.020994232
v 0.057634412 0.021217307 0.027094546
v 0.055656774 0.024997595 0.023696189
v 0.056827900 0.015708738 0.037746546
v 0.054929510 0.015044162 0.041060263
v 0.054798897 0.020111199 0.037043021
v 0.050831497 0.019579647 0.043673844
v 0.047204007 0.021830301 0.047472945
v 0.051702186 0.010662650 0.050210183
v 0.053242319 0.026686662 0.031113416
v 0.055323361 0.023452435 0.031776248
v 0.050996994 0.027089771 0.035796082
v 0.049959230 0.012538155 0.052625332
v 0.057350451 0.019509406 0.031778199
v 0.058627311 0.015595788 0.034040803
v 0.060832936 0.015610045 0.024459002
v 0.061516278 0.012834015 0.029560803
v 0.059462901 0.017054857 0.029270669
v 0.050746588 0.010101231 0.053750000
v 0.050611353 0.023522891 0.040221078
v 0.055468864 0.005365834 0.045727182
v 0.055532999 0.004102364 0.045964147
v 0.058286337 0.011615235 0.038130189
v 0.050514057 0.031042469 0.030305841
v 0.060115064 0.007317682 0.037322380
v 0.061207610 0.009942434 0.033868590
v 0.056588000 0.006048834 0.043863496
v 0.062710879 0.010758854 0.025996280
v 0.058112611 0.007603079 0.040827898
v 0.051230188 0.028887405 0.031950430
v 0.048835721 0.031582904 0.033480413
v 0.054866078 0.025499483 0.027874776
v 0.058787381 0.003494688 0.041154555
v 0.062551418 0.003441664 0.034519269
v 0.053523385 0.027957195 0.025638932
v 0.052623293 0.028526846 0.028885024
v 0.063891878 0.006937146 0.025214670
v 0.063433005 0.007174168 0.029431708
v 0.054027571 0.027414349 0.022519574
v 0.041701891 0.008730870 0.155118116
v 0.044711731 0.006062284 0.161760203
v 0.046962489 0.010556773 0.163934124
v 0.056091429 0.016515553 0.187587476
v 0.055673342 0.016063402 0.182438945
v 0.056329522 0.012878166 0.186725480
v 0.058010316 0.010467491 0.221629873
v 0.055396285 0.009613973 0.202384780
v 0.055071532 0.009640451 0.197001115
v 0.054179727 0.005959437 0.199394640
v 0.056371183 0.007064386 0.217138711
v 0.058026856 0.010242451 0.218600133
v 0.057875614 0.011262741 0.211840126
v 0.057434795 0.009004778 0.214443113
v 0.051909478 -0.001106705 0.216499148
v 0.054990542 0.003451171 0.218912993
v 0.055443593 0.004495533 0.213098461
v 0.055548655 0.019279497 0.198277600
v 0.055440390 0.017535427 0.193953878
v 0.055645793 0.014963569 0.197835232
v 0.055940272 0.012986193 0.193284133
v 0.052256867 -0.000275956 0.222388496
v 0.055305620 0.019915348 0.185081917
v 0.055332617 0.020502163 0.189318786
v 0.057479860 0.013521482 0.207588871
v 0.056345729 0.007592007 0.207741241
v 0.036661475 0.006109995 0.131754903
v 0.055772944 0.012884409 0.201499059
v 0.055769223 0.005158919 0.182897705
v 0.056045597 0.005570578 0.185837737
v 0.056479486 0.008588134 0.186222799
v 0.056778882 0.008112922 0.211639519
v 0.056402972 0.016907549 0.202750458
v 0.048648253 0.007740415 0.167650571
v 0.052019591 0.011108258 0.172193436
v 0.055630653 0.004895122 0.189191919
v 0.054655572 0.005772377 0.203084632
v 0.036998365 0.004775561 0.127881278
v 0.055828149 0.008478684 0.191525551
v 0.056257632 0.011075065 0.189752390
v 0.054047362 0.002518573 0.206553259
v 0.055655485 0.016035242 0.191283723
v 0.058475261 0.014043327 0.212264033
v 0.055306537 0.012576596 0.178831881
v 0.053479420 0.016882956 0.175531822
v 0.054258940 0.026045919 0.189523505
v 0.054688358 0.022266474 0.193818452
v 0.054478510 0.025053468 0.184484662
v 0.054271721 0.021487470 0.180370838
v 0.054927306 0.023219114 0.198305149
v 0.056090088 0.013639128 0.189659628
v 0.054659815 0.008166503 0.177932370
v 0.037150713 0.002983714 0.120870889
v 0.037127291 0.006985092 0.121553045
v 0.052785666 -0.000266223 0.210917934
v 0.054666312 0.004680424 0.194386299
v 0.056405428 0.011887731 0.183260905
v 0.052220134 0.022923672 0.175597156
v 0.056121985 0.009430032 0.181828959
v 0.050891976 0.019408774 0.171210113
v 0.051607867 0.006420718 0.173047561
v 0.040577145 0.003668832 0.155345592
v 0.060161208 0.021802022 0.234700653
v 0.060454986 0.022411315 0.229727284
v 0.059430839 0.024305627 0.237058168
v 0.037842465 0.015327167 0.146345938
v 0.058728083 0.029390301 0.228544889
v 0.047675019 0.037242851 0.178099513
v 0.057355572 0.012718805 0.240480196
v 0.040512074 -0.021164682 0.085141976
v 0.041150313 -0.017293556 0.089287943
v 0.043748787 -0.016966719 0.083946976
v 0.058630611 0.026671825 0.237481185
v 0.053568350 0.003089053 0.201222640
v 0.052291526 -0.000864405 0.203570911
v 0.052873174 0.002849319 0.197834590
v 0.052344331 0.001412422 0.197449903
v 0.051814211 -0.000118625 0.199132946
v 0.062252379 0.003580482 0.012426894
v 0.063574245 0.003581771 0.017788346
v 0.047002330 -0.003335523 0.172329223
v 0.042804201 -0.006612695 0.169019038
v 0.044680954 -0.008938733 0.174000100
v 0.054110433 -0.012033518 0.049332911
v 0.051145502 -0.017371709 0.052640698
v 0.052067761 -0.012023177 0.053514371
v 0.049290492 -0.009099165 0.074528767
v 0.050495287 -0.006696040 0.070083370
v 0.045656571 -0.000135251 0.167478111
v 0.050158248 0.001926639 0.173177927
v 0.047641587 0.003962019 0.167704521
v 0.047784399 -0.010270594 0.080326136
v 0.046520694 -0.009460502 0.085011966
v 0.045096870 -0.020566796 0.068543186
v 0.046617847 -0.016770136 0.073520070
v 0.048009775 -0.015088554 0.067772342
v 0.062040338 0.001883892 0.007453327
v 0.054712781 0.001145480 0.185268719
v 0.053723815 0.000147736 0.181986559
v 0.052854045 -0.002884126 0.185542995
v 0.049864579 -0.007637938 0.185233909
v 0.051201894 -0.005669226 0.188566030
v 0.042569727 -0.020305931 0.081724928
v 0.038533734 -0.001469455 0.156053033
v 0.040798079 -0.004364047 0.163573798
v 0.043014573 0.001337764 0.161933491
v 0.057345479 0.027509318 0.239580682
v 0.045560475 -0.012542850 0.084932754
v 0.043273737 -0.013711346 0.088781148
v 0.052513898 0.000952179 0.195699625
v 0.051104626 -0.004830344 0.182343935
v 0.055318562 0.003375472 0.186587345
v 0.052711999 0.027062817 0.179320718
v 0.050461994 0.032842835 0.179017922
v 0.053711550 0.026839947 0.195222348
v 0.050575278 0.035119756 0.186191192
v 0.051512715 0.033054929 0.189114537
v 0.049131154 0.036486648 0.190124655
v 0.052605537 0.030113492 0.182210198
v 0.053011090 0.030486116 0.186259931
v 0.049599333 0.036571887 0.198842947
v 0.047903894 0.038318616 0.194752436
v 0.050656814 0.033517296 0.193771075
v 0.047476234 0.039367613 0.186077643
v 0.048918841 0.037360412 0.183328908
v 0.048886766 0.036717372 0.180714751
v 0.051078309 0.033909008 0.182926228
v 0.052108499 0.030447330 0.194508100
v 0.052815923 0.029831231 0.190841477
v 0.046584520 0.050046995 0.228835345
v 0.038016999 0.051768462 0.238731765
v 0.035730017 0.053802981 0.237562750
v 0.032992646 0.056310270 0.238235428
v 0.034154506 0.053783630 0.239549263
v 0.043658280 0.026627319 0.239634190
v 0.045230342 0.027348683 0.240753308
v 0.034320286 0.055573483 0.236358258
v 0.050242142 0.029361461 0.242030105
v 0.048504453 0.027286514 0.242316722
v 0.049547715 0.032427591 0.241194165
v 0.047242348 0.024202276 0.242060211
v 0.051557813 -0.000689500 0.177678507
v 0.053377183 0.003648231 0.178132650
v 0.049358739 -0.005163741 0.178185197
v 0.046322652 -0.015051800 0.079237788
v 0.044025724 -0.020007584 0.077463466
v 0.043561309 -0.023652847 0.064379475
v 0.045388963 -0.021652367 0.062674841
v 0.044134792 -0.024615978 0.061342569
v 0.048849304 -0.017570912 0.057506872
v 0.049290502 -0.013880583 0.061343043
v 0.050756187 -0.012254973 0.057022070
v 0.046608050 0.027794340 0.241537216
v 0.052574318 -0.007906956 0.054849612
v 0.062062766 -0.007642730 0.010694867
v 0.062963740 -0.002346876 0.013839937
v 0.062388645 -0.003738111 0.008498387
v 0.051775094 -0.002292916 0.180742406
v 0.041208411 -0.013241556 0.093197862
v 0.051260177 0.025201369 0.242993479
v 0.055074788 0.034581346 0.239094630
v 0.054882607 0.036903331 0.237463407
v 0.056478646 0.030187998 0.239658862
v 0.055745298 0.028486613 0.240937271
v 0.054609614 0.030532213 0.240721326
v 0.053821204 0.032739930 0.240234853
v 0.055583601 0.032168341 0.239727416
v 0.056926289 0.032188704 0.238035513
v 0.053531050 -0.000341982 0.190105377
v 0.052166011 0.031407817 0.241097663
v 0.053228475 0.028013745 0.241930102
v 0.053744697 0.025503901 0.242344226
v 0.049917265 -0.010523917 0.064783438
v 0.048022697 -0.012976498 0.074276872
v 0.041339793 -0.026232623 0.067647669
v 0.041781405 -0.024386547 0.073960111
v 0.049279808 -0.010850654 0.070321766
v 0.053556549 0.036621455 0.239330799
v 0.040535493 -0.023799103 0.079762739
v 0.050853173 -0.002412313 0.195755642
v 0.050274946 -0.011014340 0.060801875
v 0.047141997 -0.018414190 0.062133882
v 0.046437746 -0.021072974 0.060245338
v 0.054035348 0.005235076 0.200874649
v 0.042007597 -0.026844435 0.062312503
v 0.051592274 -0.002083155 0.207830574
v 0.045305139 -0.023603690 0.058905971
v 0.047135984 -0.020659153 0.058500742
v 0.064275937 0.004383076 0.022455917
v 0.022141319 -0.011747616 0.247702589
v 0.021378667 -0.013467824 0.249125469
v -0.007357430 -0.017074892 0.157849877
v -0.004541429 -0.019788853 0.162557116
v -0.002798768 -0.018785108 0.156773902
v -0.013538019 -0.021266012 0.228720403
v -0.015428006 -0.020380526 0.227935804
v -0.015800470 -0.020094614 0.232242833
v -0.012902871 -0.021409600 0.236558542
v -0.004658218 -0.029814493 0.193931459
v -0.002225437 -0.030419469 0.192035161
v -0.003894679 -0.029584018 0.189335798
v -0.015724510 -0.017907690 0.173788660
v -0.021171768 -0.015719481 0.181233577
v -0.015887671 -0.021120015 0.182837005
v -0.004066097 -0.034647151 0.096703372
v 0.000259168 -0.033439785 0.098982589
v -0.001847437 -0.037936166 0.090927787
v 0.000080148 -0.019011331 0.152895533
v -0.004097381 -0.016911254 0.147597267
v -0.003735894 -0.017566397 0.152874351
v 0.036651686 -0.003191632 0.114909100
v 0.036639750 -0.000431296 0.119227953
v -0.034429528 0.003556544 0.187156928
v -0.030894205 -0.004634807 0.191498824
v -0.032812476 -0.000964781 0.184269146
v -0.008224055 -0.014990335 0.142469361
v 0.035697366 -0.021876908 0.194831021
v 0.039623505 -0.018288226 0.195576825
v 0.039609086 -0.019566416 0.190628784
v -0.015374762 -0.020758156 0.224169854
v -0.017976187 -0.019049206 0.228881311
v 0.000149493 -0.031317707 0.194078456
v 0.003978846 -0.031474967 0.189896992
v -0.000038623 -0.030884539 0.189799625
v -0.018066296 -0.010304123 0.159602341
v -0.019911940 -0.010305448 0.164461129
v -0.017056126 -0.013174549 0.165354388
v 0.046272494 -0.011461649 0.180972547
v -0.003504965 -0.021304043 0.248087463
v -0.003631824 -0.019873430 0.248553570
v -0.002863636 -0.029964117 0.198697905
v -0.014479197 -0.022075811 0.219606492
v -0.016905393 -0.020887652 0.217443102
v -0.017805770 -0.019857088 0.221554150
v -0.014794245 -0.013056872 0.159516875
v -0.014041257 -0.011602289 0.152603783
v 0.001620830 -0.022433419 0.248954532
v 0.002040852 -0.023446262 0.248294412
v -0.000099091 -0.022287341 0.248355550
v -0.009215257 -0.014309668 0.148017513
v -0.006538944 -0.016038303 0.151417848
v -0.021657785 -0.011141068 0.170288206
v -0.013344003 -0.023624560 0.212486439
v -0.015600418 -0.022074198 0.214868076
v -0.013065762 -0.022820576 0.216217158
v -0.022761740 -0.016244333 0.220888974
v 0.039758255 -0.017039486 0.200109405
v 0.040900040 -0.015973654 0.198706066
v 0.038711558 -0.017983956 0.199250769
v -0.011124166 -0.022208071 0.227286436
v -0.007106836 -0.023520334 0.229195713
v -0.008426264 -0.023540879 0.224393290
v -0.011019772 -0.024013659 0.181256865
v -0.006389568 -0.024323690 0.176311762
v -0.008778018 -0.020217361 0.169057605
v -0.032190577 -0.003648714 0.201919785
v 0.026202909 -0.037597868 0.072658885
v 0.023085223 -0.039798974 0.070219529
v 0.022358081 -0.039059404 0.074858862
v -0.018519212 -0.008410075 0.154333710
v -0.011954440 -0.021795904 0.231008937
v -0.000179330 -0.020688837 0.160874414
v -0.010249681 -0.025529226 0.204639557
v -0.012931374 -0.024700417 0.202109172
v -0.012956967 -0.024541411 0.204328296
v -0.008947839 -0.027621395 0.189954276
v -0.005662697 -0.027283180 0.183486434
v -0.003451801 -0.022478677 0.168940964
v 0.032505049 -0.022246509 0.205696915
v 0.033666765 -0.021421978 0.203378431
v 0.030664111 -0.023570576 0.202934018
v -0.036142168 0.002904619 0.201731087
v -0.037856195 0.007726214 0.199590343
v -0.028892896 -0.008995551 0.208508611
v -0.025578405 -0.013454956 0.214043962
v -0.024433381 -0.014479158 0.201875039
v 0.044281190 -0.012880371 0.179433642
v 0.043713444 -0.013359310 0.179540522
v 0.035414748 -0.012720170 0.104834753
v 0.024637744 -0.037403774 0.077645344
v 0.028691641 -0.035628371 0.075352143
v 0.030696116 -0.033394915 0.077512634
v 0.027048646 -0.034899547 0.080952341
v 0.035236822 -0.001683062 0.130593183
v 0.034099778 -0.003298119 0.135674552
v 0.035882483 0.001342682 0.135515890
v 0.037816155 -0.021706174 0.089680749
v 0.038241703 -0.017614729 0.093885851
v -0.012140990 -0.022316004 0.223986185
v -0.012962885 -0.022106711 0.221948538
v -0.010582567 -0.023637545 0.220687211
v 0.047523048 -0.011088292 0.185338817
v 0.047975440 -0.010417459 0.188624757
v 0.028668419 -0.026331623 0.095305528
v 0.027640377 -0.024416284 0.099525490
v 0.030911551 -0.022539419 0.098193362
v 0.024539412 -0.025561282 0.101647223
v 0.025973569 -0.026228513 0.098674783
v -0.026246247 -0.011671191 0.191133612
v -0.022664133 -0.016589262 0.195120973
v -0.021257137 -0.017815209 0.190147423
v 0.045143944 -0.014012605 0.186285600
v 0.028514447 -0.021625717 0.102979658
v 0.026701843 -0.019750982 0.109266675
v 0.031705882 -0.017699445 0.104455682
v 0.049318453 -0.005507188 0.196765513
v 0.049286999 -0.006864681 0.193100222
v 0.047871556 -0.007904050 0.197089687
v -0.013072429 -0.024028589 0.207495827
v -0.009802924 -0.025289454 0.210132499
v 0.050748740 -0.003150891 0.202034561
v 0.049542052 -0.004069074 0.199484817
v 0.046204709 -0.010298342 0.196226641
v 0.046490870 -0.009066778 0.199294641
v 0.045891800 -0.012215068 0.192762081
v 0.043031165 -0.015027372 0.194769500
v 0.044924146 -0.012948599 0.195319950
v 0.044818882 -0.014336175 0.189822240
v 0.042230262 -0.013727383 0.202757111
v 0.039410992 -0.016732641 0.202586342
v -0.028355248 -0.009065916 0.198764211
v 0.001059851 -0.016610262 0.248440434
v 0.042548846 -0.013608423 0.176835187
v 0.042072760 -0.015729056 0.180733571
v 0.023947134 -0.028585444 0.097117777
v 0.006855522 -0.024661712 0.248517238
v 0.008797072 -0.024723964 0.249167794
v 0.008615095 -0.025353119 0.248237445
v 0.031318029 -0.031245041 0.082709953
v -0.000724498 -0.018825282 0.249150748
v -0.001603541 -0.021062910 0.248715035
v 0.047930133 -0.006918727 0.199897992
v 0.048871504 -0.006088221 0.203905012
v 0.028506468 -0.012712067 0.153352382
v 0.026926938 -0.012900800 0.148950984
v 0.026294921 -0.014522349 0.153261811
v 0.042701479 -0.016490667 0.188706722
v 0.034042096 -0.025298293 0.089947847
v 0.034252842 -0.022284290 0.094219124
v 0.036120400 -0.026063506 0.085085965
v -0.024018956 -0.013665327 0.186009058
v -0.020328584 -0.018006969 0.223006538
v -0.019560180 -0.018997270 0.219400250
v 0.036342094 -0.028342881 0.079269588
v 0.039192768 -0.026553392 0.076594841
v 0.037858780 -0.028638657 0.073080068
v 0.043610907 -0.014898702 0.192188725
v 0.041531069 -0.016714885 0.192481367
v 0.033432755 -0.005265070 0.130248130
v 0.045603959 -0.009785038 0.204362484
v 0.044488549 -0.010957824 0.199839453
v 0.031770974 -0.025901126 0.092133690
v 0.030440229 -0.028718886 0.089336739
v 0.036491817 0.003249592 0.140152570
v 0.035350895 -0.000963629 0.141554214
v 0.037074795 0.003330231 0.144048615
v 0.033448660 -0.020553709 0.097665851
v -0.012700097 -0.016058427 0.164134108
v 0.038665407 0.004877410 0.148749559
v 0.036680851 0.000642557 0.146849126
v 0.038039366 0.001295167 0.151495129
v 0.013523953 -0.013548221 0.247950364
v 0.014102745 -0.016011677 0.249934937
v 0.010392846 -0.014967198 0.248786365
v 0.042562965 -0.016398266 0.190615900
v 0.025496725 -0.030069985 0.092728211
v -0.036832787 0.006121849 0.194419373
v -0.037921894 0.009015044 0.195319307
v 0.029569269 -0.035902439 0.071013576
v 0.002688445 -0.017597543 0.249299632
v -0.016072556 -0.022101161 0.209426450
v -0.015831502 -0.022031936 0.212537629
v -0.027077187 -0.008787463 0.181052825
v -0.030856677 -0.001862256 0.177426379
v -0.030271867 -0.005220891 0.185402347
v -0.002411293 -0.022219051 0.247890591
v 0.032930019 -0.033109057 0.072015711
v 0.031052275 -0.035411714 0.067601251
v -0.004684546 -0.022044914 0.247261500
v 0.005732039 -0.023622528 0.249352038
v 0.034637451 -0.006880593 0.116219356
v -0.020269225 -0.018843585 0.208618862
v -0.033202175 -0.003768326 0.215231735
v -0.031093665 -0.005980186 0.208539030
v -0.011740974 -0.014412290 0.157088905
v 0.036850536 0.006023568 0.137496289
v 0.037494471 0.006308062 0.142615591
v 0.050402173 -0.003522154 0.211870030
v 0.049056599 -0.004534267 0.215088655
v 0.035087891 -0.017578004 0.099002096
v 0.000139263 -0.029197170 0.183697683
v 0.031139917 -0.014603282 0.110802019
v -0.009796507 -0.014493953 0.152911197
v -0.005908037 -0.027883371 0.201924410
v -0.008780989 -0.027654503 0.197223862
v -0.008591379 -0.026970229 0.201647406
v 0.048548662 -0.004512686 0.218052197
v 0.047248736 -0.005573285 0.221451175
v 0.049420874 -0.003489410 0.223047740
v 0.049596880 -0.002854565 0.220362608
v 0.038842432 0.009634674 0.146599762
v 0.032395252 -0.019753506 0.100114997
v 0.041163139 -0.014647392 0.206405964
v 0.042400924 -0.013094422 0.209508272
v 0.004371581 -0.024764422 0.248003093
v 0.038712314 -0.017162731 0.177489807
v 0.016563350 -0.011495098 0.245462866
v -0.032627694 0.002114009 0.178169717
v 0.001640268 -0.024455014 0.246831956
v 0.004014799 -0.025660535 0.245976351
v -0.000493674 -0.024982500 0.244049742
v 0.010554404 -0.025526287 0.248116540
v 0.012734979 -0.026308130 0.246827410
v 0.009843364 -0.026055178 0.246642397
v 0.040763877 -0.012167582 0.172179798
v 0.036668400 -0.015758801 0.171442876
v 0.033888620 -0.031324579 0.076983494
v -0.024603019 -0.010184623 0.175882528
v -0.027045121 -0.005395507 0.171503258
v 0.034114105 -0.033492250 0.066616460
v 0.008189848 -0.016927027 0.250025077
v 0.032374463 -0.023299454 0.223289736
v 0.032007376 -0.023112089 0.216569309
v 0.028294310 -0.025123443 0.219137949
v 0.050249202 -0.002890824 0.226001906
v 0.047501284 -0.005809159 0.215992170
v 0.035416039 -0.003126573 0.120217754
v 0.037141519 -0.019651719 0.218444590
v 0.035049946 -0.020968570 0.214821287
v 0.034692591 -0.021571925 0.219475562
v 0.040701376 -0.015511599 0.205019598
v 0.036376646 -0.020417351 0.198379099
v 0.042285267 -0.013534695 0.225226402
v 0.040280564 -0.016228423 0.226981335
v 0.043731828 -0.013122352 0.197977594
v 0.048461971 -0.004955146 0.227894028
v 0.037355934 0.008987166 0.140735333
v 0.028577582 -0.026123747 0.198841115
v 0.032775367 -0.023226086 0.198978591
v 0.034893511 -0.006827394 0.155914592
v 0.030405094 -0.009764825 0.150759917
v 0.031478883 -0.012656545 0.159565552
v 0.034113777 -0.010641456 0.111518100
v 0.031770480 -0.011174354 0.116987147
v 0.037655897 -0.030624822 0.066641924
v 0.040156582 -0.016437500 0.229980473
v 0.036510477 0.004369337 0.132961597
v 0.036073871 0.001783284 0.130381324
v -0.007344712 -0.016434095 0.136626629
v 0.010964855 -0.013361254 0.247278347
v -0.014926461 -0.021983736 0.217043625
v 0.050488424 -0.003750327 0.204966238
v -0.015678645 -0.022769776 0.203676872
v 0.032609666 -0.007155641 0.126411121
v 0.034445089 -0.004142626 0.124974653
v 0.032986315 -0.007603993 0.121790109
v 0.009525682 -0.012761768 0.245790587
v 0.008750241 -0.014160812 0.247281267
v 0.029582505 -0.010076958 0.131268886
v 0.031582659 -0.008075855 0.129617470
v 0.030177641 -0.010395580 0.124678395
v 0.044588214 -0.009259384 0.223031850
v 0.042010694 -0.013437104 0.219906658
v 0.045706149 -0.007336475 0.217555756
v 0.044690975 -0.008983621 0.214096067
v 0.043474205 -0.010550458 0.217276410
v 0.044986372 -0.009657251 0.210220224
v 0.047155955 -0.006699161 0.213004573
v 0.035461816 -0.019696562 0.206078709
v 0.036434744 -0.019338107 0.202320544
v 0.035942989 -0.002396819 0.150950954
v 0.020488812 -0.010763147 0.246029296
v 0.038032411 -0.018822153 0.226689601
v 0.038742473 -0.017864694 0.228950040
v 0.047309081 -0.007825218 0.207740145
v 0.043447966 -0.011257097 0.213416521
v 0.031351635 -0.022694877 0.207743881
v 0.028754440 -0.024505598 0.206250712
v 0.029993076 -0.023686890 0.209746190
v 0.028424492 -0.024779629 0.213399097
v 0.031014178 -0.023327149 0.212502548
v 0.034870264 -0.021032011 0.200551004
v 0.049464397 -0.005473400 0.208086862
v 0.027447510 -0.024908736 0.208888166
v 0.037470625 -0.018448352 0.205941547
v 0.036962582 -0.019335700 0.210373690
v 0.039362332 -0.016573553 0.208489464
v 0.024306424 -0.026192705 0.210131837
v 0.024454053 -0.026147841 0.214910675
v -0.018309177 -0.020305206 0.214422228
v -0.030396034 -0.008106897 0.221213396
v 0.047314960 -0.005428571 0.225062491
v 0.036599078 -0.020078038 0.223035597
v 0.034809321 -0.021418811 0.228171602
v 0.038213006 -0.018082149 0.232398474
v 0.037222889 -0.019553598 0.229887234
v -0.016522838 -0.022898400 0.192722968
v -0.017577559 -0.020939798 0.187541686
v 0.023616323 -0.014715943 0.147562651
v 0.006872117 -0.015226670 0.248482495
v 0.006461170 -0.014046998 0.247083541
v 0.007363034 -0.013222650 0.246107424
v -0.013978087 -0.024575537 0.197965663
v -0.012589516 -0.025797769 0.193445441
v 0.039805360 -0.016543649 0.216062650
v 0.042180887 -0.012969836 0.215184351
v 0.029418901 -0.018483434 0.166086141
v -0.019267197 -0.020394811 0.198225708
v 0.033915395 -0.021173967 0.208501324
v -0.010945253 -0.025904880 0.200586090
v 0.026235244 -0.016565678 0.158674484
v 0.038295261 -0.017785261 0.212636395
v 0.028134750 -0.010920354 0.143785730
v 0.032496253 -0.006365945 0.143501158
v 0.029624479 -0.009387061 0.137637320
v -0.010356531 -0.022340395 0.232543049
v -0.008547415 -0.023090309 0.232784780
v -0.004027290 -0.024481060 0.232004113
v 0.000443436 -0.025988120 0.228733688
v 0.019354956 -0.012398948 0.247759623
v 0.036112385 0.000256843 0.125092674
v -0.000798671 -0.025449758 0.230893513
v -0.000348222 -0.025574928 0.233010234
v -0.007440281 -0.023375051 0.234749217
v -0.034675346 -0.000680435 0.208700988
v 0.038352912 -0.018399125 0.220269051
v -0.003766049 -0.024749905 0.235641833
v -0.001210505 -0.025396343 0.239125512
v 0.002532725 -0.026167618 0.241384604
v 0.034415656 -0.005262717 0.120773740
v -0.000186433 -0.025805369 0.236020847
v 0.032798457 -0.022430170 0.211932588
v -0.006773376 -0.023702144 0.241848546
v -0.005000685 -0.024338676 0.238526028
v 0.039883575 -0.016929884 0.222600912
v 0.017201649 -0.024866535 0.249066745
v 0.016309104 -0.023260377 0.250089282
v 0.019437424 -0.024121893 0.249124969
v -0.008497716 -0.023223358 0.237960982
v 0.017846421 -0.022411948 0.249952399
v 0.019105985 -0.020990711 0.249850232
v 0.020526907 -0.022413396 0.249468936
v 0.009046736 -0.023755473 0.250185207
v 0.011812296 -0.025283267 0.249056631
v 0.015635618 -0.020785173 0.250559239
v 0.025950416 -0.022430706 0.247403493
v 0.024632269 -0.024015131 0.246439624
v 0.022409870 -0.023483964 0.248290616
v -0.004239995 -0.024596186 0.225502395
v 0.004861816 -0.026982242 0.236363582
v 0.041604077 -0.017579249 0.186482718
v 0.027277086 -0.026230005 0.202383087
v 0.025873439 -0.025912574 0.205769651
v 0.038301599 -0.020379764 0.186485522
v -0.006174044 -0.022838774 0.245683717
v 0.036353607 -0.021779561 0.188720602
v 0.034364553 -0.022753910 0.186204114
v 0.043134292 -0.015814561 0.183634451
v 0.039918357 -0.018172214 0.183630592
v 0.032582218 -0.019963117 0.173080113
v 0.036440355 -0.020965461 0.183412200
v 0.033339288 -0.024164776 0.189306326
v 0.029020765 -0.024201630 0.178989861
v 0.030074203 -0.024367528 0.181790575
v 0.033488199 -0.021828771 0.179029537
v 0.033072422 -0.023181426 0.183139076
v 0.038221382 -0.019039826 0.180679089
v 0.035941075 -0.019021206 0.176264658
v 0.036952136 -0.019483846 0.178732678
v 0.037464708 -0.019056436 0.214707338
v 0.027482591 -0.022930038 0.173124971
v 0.035196908 -0.022890846 0.191538546
v 0.017118568 -0.013852370 0.248617527
v 0.018870919 -0.015296816 0.249982712
v 0.031523783 -0.023103406 0.210603208
v 0.027210145 -0.025729085 0.225193760
v 0.032803151 -0.022723945 0.232609797
v 0.035167002 -0.020642745 0.233712150
v 0.007166489 -0.019043476 0.250715514
v 0.011991494 -0.018617396 0.250965730
v 0.010411725 -0.020712785 0.250986653
v 0.034226416 -0.020673905 0.238750606
v 0.031978552 -0.023074490 0.236798388
v 0.030963201 -0.023939347 0.229579617
v 0.033515695 -0.005737112 0.149393929
v 0.036253887 -0.018639285 0.240839335
v 0.033652300 -0.004067716 0.139753470
v 0.013225527 -0.022637903 0.250516873
v 0.019493479 -0.025683703 0.247465771
v -0.013356951 -0.021408411 0.226150119
v 0.032214373 -0.006078841 0.138196115
v 0.034854630 -0.003029208 0.146709521
v -0.019037595 -0.018670723 0.225476408
v 0.018204530 -0.017731556 0.250570620
v 0.030205488 -0.024329830 0.233873476
v 0.039002914 -0.010079879 0.167201982
v -0.006304575 -0.026764040 0.207030072
v -0.007556610 -0.026765648 0.203871066
v 0.018636507 -0.019596836 0.250432651
v 0.020216218 -0.018610538 0.250387636
v 0.027905736 -0.023004511 0.245752902
v 0.027092287 -0.024325148 0.244508923
v 0.032849728 -0.020592151 0.242572578
v 0.030270225 -0.023459457 0.241301687
v 0.022092552 -0.020782348 0.249103271
v 0.021202947 -0.019512944 0.249984872
v 0.036301513 -0.008847403 0.161427961
v 0.024119169 -0.020686588 0.248607996
v 0.024954698 -0.013267876 0.144056832
v 0.003247127 -0.019478439 0.250220312
v 0.003239377 -0.022439406 0.249297693
v 0.023254730 -0.017488214 0.250239030
v -0.001576056 -0.023327869 0.246956837
v 0.023533247 -0.022027635 0.248632749
v 0.036084488 -0.015128929 0.246472753
v 0.006036157 -0.020768831 0.250601901
v 0.009606609 -0.022294970 0.250941492
v 0.002565875 -0.030756843 0.187290853
v 0.029724641 -0.022558877 0.243901810
v 0.007737499 -0.026584764 0.244736266
v 0.006999163 -0.025412692 0.247095053
v 0.005075222 -0.016287943 0.248798980
v 0.005924616 -0.022271493 0.250110316
v 0.021630833 -0.024729143 0.247507908
v -0.037124237 0.009674876 0.190662713
v 0.023113379 -0.025933394 0.245354959
v -0.013885025 -0.024304759 0.188411406
v 0.026213491 -0.025503040 0.242569637
v 0.027440254 -0.025599795 0.237999370
v -0.001814955 -0.025954034 0.176050262
v 0.004260185 -0.026176210 0.243894205
v 0.011605859 -0.026910436 0.244672396
v 0.012648025 -0.024228015 0.250217687
v 0.015651109 -0.025777804 0.247621850
v 0.015175403 -0.024131708 0.249569025
v 0.001966975 -0.021186483 0.249693440
v 0.019085359 -0.026977302 0.244629606
v 0.014895008 -0.027174590 0.244270748
v -0.006129089 -0.036532571 0.092844867
v -0.006628934 -0.038882850 0.087845060
v 0.022892415 -0.026871156 0.241105858
v 0.027217190 -0.025752175 0.231779031
v 0.031962275 -0.007036644 0.133883054
v 0.025784480 -0.033039947 0.087164767
v 0.021043737 -0.036753532 0.084228613
v 0.019991995 -0.033035899 0.092703016
v 0.024288826 -0.026409628 0.220415980
v 0.021505973 -0.026921120 0.217283768
v -0.011872973 -0.023482452 0.218219488
v -0.010002440 -0.024460212 0.215875360
v 0.020598672 -0.027155538 0.212309242
v 0.023131795 -0.026560270 0.212525501
v 0.031630871 -0.025468418 0.191629146
v 0.032271649 -0.024341922 0.194104800
v 0.010680814 -0.020017716 0.154762986
v 0.007529752 -0.019722291 0.148982666
v 0.007010859 -0.020228963 0.154431921
v 0.011377416 -0.029208708 0.205714745
v 0.007746175 -0.028613290 0.207541009
v 0.010849138 -0.028637327 0.208567318
v 0.030426829 -0.025477836 0.195902646
v 0.029719392 -0.026312304 0.193624028
v 0.010427226 -0.021244026 0.127421799
v 0.011644442 -0.021928798 0.123903272
v 0.007896043 -0.022256604 0.125306085
v 0.027390637 -0.012431473 0.128102616
v -0.012356500 -0.045682329 0.064919062
v -0.015518295 -0.042898697 0.069355946
v -0.008428866 -0.044537017 0.069408001
v 0.013523224 -0.027862783 0.222100682
v 0.008470678 -0.027705379 0.221743950
v 0.008917907 -0.027671275 0.228567303
v 0.026143572 -0.028259970 0.194093487
v 0.024657685 -0.028065826 0.198632606
v 0.005420006 -0.027110963 0.224708107
v -0.005780572 -0.046869662 0.064484332
v 0.018149773 -0.021719500 0.116966984
v 0.021294152 -0.019081736 0.119765177
v 0.022314941 -0.019614598 0.116227937
v 0.013062841 -0.031619917 0.197122233
v 0.015927908 -0.031542760 0.196353484
v 0.015221562 -0.031893936 0.193035980
v 0.025760914 -0.016595400 0.117837128
v -0.007201670 -0.025904960 0.212681543
v 0.001373342 -0.023326300 0.167940479
v -0.003938317 -0.017905545 0.137845285
v -0.000654250 -0.018943370 0.139421222
v -0.004211128 -0.018980502 0.132573636
v 0.005789303 -0.031839012 0.195541197
v 0.004116610 -0.030617341 0.200601815
v 0.006942527 -0.031003033 0.200265850
v -0.017396008 -0.045091354 0.064368767
v -0.003387831 -0.044866939 0.070453356
v -0.000421310 -0.044164533 0.073232421
v 0.000622249 -0.045799588 0.068224859
v 0.017070656 -0.029722980 0.202873767
v 0.015824426 -0.029835883 0.203468492
v 0.016708758 -0.029161774 0.204837418
v 0.028852623 -0.013598476 0.119787312
v 0.029184265 -0.014418790 0.115731380
v 0.013555289 -0.021317686 0.160974637
v 0.017665950 -0.021701374 0.163470161
v 0.017193702 -0.020248271 0.159553346
v 0.000479940 -0.029610701 0.202688620
v 0.003331790 -0.029356357 0.204093144
v 0.031162938 -0.024890131 0.187410936
v 0.030615842 -0.025096107 0.184563687
v 0.024382016 -0.023210821 0.105632019
v 0.004492630 -0.037062867 0.091952035
v 0.007328595 -0.032409404 0.099806493
v 0.007619133 -0.021232983 0.129680670
v 0.004972700 -0.021914445 0.127376795
v 0.004104152 -0.020841960 0.132407170
v 0.030042582 -0.025982823 0.189407563
v 0.026358255 -0.027931828 0.189115573
v 0.028110752 -0.027200363 0.191641674
v 0.024040226 -0.015028513 0.127566721
v 0.026789081 -0.014183149 0.123443418
v 0.016756877 -0.020582007 0.122374469
v 0.003884179 -0.021807791 0.162377504
v 0.000532147 -0.022001832 0.126145344
v -0.004529929 -0.021199145 0.125179678
v 0.005073035 -0.044407861 0.071269625
v 0.001625376 -0.043014140 0.077691871
v 0.005594874 -0.043050274 0.076516873
v 0.003276316 -0.040967688 0.083678014
v 0.013198106 -0.027825124 0.215243260
v 0.010486439 -0.028209514 0.211196711
v 0.009540907 -0.027952418 0.216172454
v 0.009030352 -0.019479152 0.141997737
v 0.005849489 -0.019640501 0.144340612
v 0.003606341 -0.019493373 0.145160377
v 0.014442021 -0.028156100 0.210054555
v 0.003812859 -0.019921098 0.139224269
v -0.007127310 -0.024743721 0.219352523
v -0.004497820 -0.025533165 0.220234671
v -0.004556831 -0.026050809 0.216911509
v -0.002793575 -0.026872052 0.212619550
v -0.000063395 -0.026663122 0.218333981
v -0.008330372 -0.017415959 0.131003705
v 0.021579418 -0.015104732 0.142554389
v 0.024980081 -0.013087695 0.138880063
v -0.018956384 -0.043540418 0.066556738
v -0.021363754 -0.044595121 0.064380619
v 0.001693698 -0.031014807 0.198222770
v 0.022648967 -0.021616838 0.111354344
v 0.024133201 -0.020286006 0.112007748
v 0.002256745 -0.026592887 0.223499919
v -0.000998766 -0.025760794 0.223724947
v 0.018576499 -0.030029605 0.186240325
v 0.021892358 -0.029446709 0.187051090
v 0.019255552 -0.028319681 0.180816323
v 0.032595591 -0.023767628 0.195949185
v 0.021447600 -0.019438582 0.160686020
v 0.022720844 -0.016416031 0.152795413
v 0.025448900 -0.026745738 0.181372391
v 0.005573819 -0.023441712 0.166666445
v 0.008140519 -0.021415296 0.160479000
v 0.000159147 -0.020191214 0.133647840
v 0.004504920 -0.023226502 0.123142845
v 0.015464976 -0.019056922 0.154242903
v 0.018483468 -0.017504085 0.150726721
v 0.023902557 -0.026853902 0.228651382
v 0.015873371 -0.025565148 0.110336891
v 0.014347265 -0.027556674 0.106656575
v 0.012683513 -0.026960846 0.109035953
v -0.007252538 -0.041256792 0.080875444
v -0.011515138 -0.042244632 0.075032895
v 0.024000589 -0.028721542 0.188949460
v 0.023711574 -0.029358082 0.190518446
v 0.025659873 -0.028659120 0.190756292
v 0.015466928 -0.040606461 0.078407724
v 0.017272396 -0.039495187 0.080606715
v 0.017182324 -0.040179076 0.078328441
v 0.012134798 -0.035435138 0.092705821
v 0.014544233 -0.038422823 0.085292503
v 0.008786921 -0.039573512 0.085663636
v 0.004692761 -0.026965263 0.175254222
v 0.010463401 -0.024516575 0.168585700
v 0.020956623 -0.038653286 0.078680323
v 0.019075566 -0.040011690 0.076967245
v 0.018763039 -0.031110860 0.191975937
v 0.016828081 -0.030992762 0.188773266
v -0.003714911 -0.017406570 0.141866513
v 0.000230598 -0.027488775 0.211259033
v -0.000387918 -0.028016511 0.207268807
v 0.007246181 -0.028057926 0.212545984
v 0.003487934 -0.027963972 0.210980727
v 0.005555181 -0.027750765 0.216615612
v 0.026455588 -0.012445268 0.132920712
v 0.022240772 -0.015076639 0.134040167
v 0.021577114 -0.023493624 0.108924786
v 0.021196331 -0.025750686 0.104670027
v 0.014692040 -0.029200912 0.204830871
v 0.012446020 -0.022974602 0.119411998
v 0.008154187 -0.023189319 0.121702399
v 0.013868423 -0.019999277 0.128508763
v 0.021855825 -0.028779196 0.201373405
v 0.024533453 -0.027430691 0.202605859
v 0.003956207 -0.020462392 0.156734086
v 0.009696652 -0.043357983 0.072963381
v 0.010675605 -0.044716657 0.067846710
v 0.005147250 -0.023933215 0.120253239
v 0.012638028 -0.040672625 0.080860654
v 0.009570807 -0.031393805 0.198394431
v 0.008903203 -0.030245869 0.202823369
v 0.012107753 -0.030523507 0.201663415
v 0.016623060 -0.040615223 0.076629798
v 0.011557279 -0.030354094 0.183028359
v 0.008723487 -0.031642071 0.189198528
v 0.013352513 -0.031461735 0.188561042
v 0.014327175 -0.018403981 0.146870507
v 0.011324203 -0.019286942 0.149574336
v 0.006179154 -0.026830279 0.241543692
v 0.008982654 -0.028470253 0.107015443
v 0.005931428 -0.020102510 0.137576933
v 0.024753821 -0.019157052 0.113812888
v 0.022000486 -0.020930997 0.113707962
v -0.002054919 -0.041146962 0.083366300
v -0.002425081 -0.042593475 0.078096333
v 0.027704382 -0.026586889 0.186696818
v 0.006119759 -0.030206870 0.183543096
v 0.019587046 -0.030564843 0.189230727
v 0.022028252 -0.030155083 0.191667980
v -0.005307385 -0.043339926 0.074871006
v 0.016645768 -0.036245689 0.088802302
v 0.011798390 -0.028009453 0.235679660
v 0.010901571 -0.027641178 0.241208915
v 0.021437925 -0.015069650 0.138076948
v 0.018714497 -0.016340159 0.139338642
v 0.017784574 -0.018775740 0.126496016
v 0.013891970 -0.041817901 0.075787206
v 0.008765639 -0.042180798 0.079024408
v 0.017696662 -0.028171835 0.207412091
v 0.018721870 -0.040963053 0.073112184
v 0.020122121 -0.030428053 0.194509119
v 0.021242416 -0.029842860 0.197603516
v 0.022855824 -0.029657233 0.195253369
v 0.017145749 -0.027979184 0.239226842
v 0.011548593 -0.019492925 0.135169116
v 0.007871737 -0.020222672 0.134687279
v 0.017850742 -0.016866392 0.143899401
v 0.020245526 -0.028883756 0.099981611
v -0.020192316 -0.042322338 0.068355090
v 0.019424476 -0.028508439 0.204395794
v 0.022804843 -0.027433665 0.205370808
v -0.003860901 -0.045847116 0.067486778
v 0.007684147 -0.024832518 0.117165373
v 0.004278713 -0.027250687 0.220846815
v 0.005152071 -0.026932164 0.112149144
v 0.003366140 -0.029763064 0.105534220
v 0.000068582 -0.027674424 0.110485259
v 0.001521665 -0.028895900 0.205601494
v -0.005301996 -0.026126138 0.213965376
v -0.006920640 -0.025751798 0.216201474
v 0.018076464 -0.017092836 0.134617154
v 0.020210611 -0.016945418 0.129039656
v 0.017042575 -0.018322966 0.130143921
v -0.000924314 -0.030020442 0.105344839
v 0.022119128 -0.027402182 0.234200405
v 0.021146318 -0.027113899 0.221147025
v 0.019585509 -0.027592217 0.225700387
v 0.023175589 -0.026783673 0.224418637
v 0.010228865 -0.020571826 0.131095135
v 0.014730372 -0.042879080 0.070153540
v -0.015547160 -0.041581663 0.073604450
v 0.014776784 -0.027557864 0.176233433
v 0.015798809 -0.030270061 0.183987341
v 0.014704601 -0.018104922 0.139403211
v 0.004636412 -0.028746279 0.206639320
v 0.005899297 -0.029947528 0.203694790
v 0.010416519 -0.026215357 0.111992388
v 0.020220040 -0.024809179 0.171910914
v -0.003034387 -0.027640937 0.207524485
v -0.004824015 -0.026692063 0.210953324
v -0.008087152 -0.023954379 0.221885058
v 0.015493631 -0.023768231 0.167690352
v 0.027654078 -0.016785276 0.113362365
v 0.001407523 -0.028121130 0.208392778
v 0.011003538 -0.032016098 0.193613271
v 0.023817740 -0.016602954 0.122273085
v 0.000188430 -0.018633379 0.146174121
v 0.004088716 -0.019727473 0.150959604
v 0.020748309 -0.018019764 0.124235749
v 0.002847442 -0.028508329 0.206853860
v -0.006014186 -0.024674799 0.222440467
v -0.003249790 -0.025384659 0.222248689
v 0.024853724 -0.027955103 0.186712239
v 0.014979622 -0.018588778 0.133618731
v 0.017708664 -0.027526709 0.217460206
v 0.016045760 -0.028134514 0.231436987
v 0.018104659 -0.030822620 0.197188006
v 0.017695654 -0.031397623 0.194398614
v 0.013816356 -0.024104205 0.114901598
v -0.001349728 -0.028380155 0.205043839
v -0.002927024 -0.028561036 0.203607444
v 0.020688355 -0.016067451 0.147114854
v -0.009507249 -0.036307845 0.091825841
v 0.017099742 -0.028311373 0.103285441
v 0.018173619 -0.026109038 0.106904170
v 0.018729598 -0.030047091 0.200528050
v 0.020142220 -0.015856494 0.136374039
v 0.015393877 -0.031520539 0.098586085
v 0.011385559 -0.032593188 0.098174450
v 0.020892383 -0.027382887 0.207926514
v 0.012594938 -0.030208255 0.102255472
v 0.015499233 -0.030570499 0.200412679
v 0.019000450 -0.023049661 0.112669116
v -0.002159036 -0.020598324 0.129387544
v 0.009745890 -0.028098086 0.177088467
v 0.058554916 -0.027757467 0.031109423
v 0.057002101 -0.027790186 0.036619409
v 0.060003076 -0.023015289 0.032452929
v 0.044343032 -0.046466836 0.016639320
v 0.040331386 -0.050227490 0.014587903
v 0.040128791 -0.050218934 0.019942557
v 0.050557501 -0.028130356 0.046704203
v 0.046114701 -0.030467219 0.050799316
v 0.049774960 -0.024102100 0.050318667
v 0.053354780 -0.020473842 0.047084944
v 0.020507790 -0.043699326 0.062064608
v 0.025716744 -0.041350323 0.060982387
v 0.021619430 -0.045380497 0.058337870
v 0.000947932 -0.053584498 0.054579103
v 0.004422721 -0.056818824 0.050406739
v -0.003183656 -0.056922178 0.050405717
v 0.027272466 -0.043519387 0.056268376
v 0.031693142 -0.042634552 0.053460442
v 0.036329985 -0.039628921 0.052861848
v 0.034496666 -0.046422854 0.047517480
v 0.065064166 -0.002934894 0.028942787
v 0.064949759 -0.002083865 0.022184930
v 0.065439474 -0.006639105 0.025371543
v 0.055914737 -0.015321539 0.045319822
v 0.047585651 -0.023311697 0.054706715
v -0.010408086 -0.055105278 0.051707132
v -0.005776606 -0.052028696 0.056054330
v 0.042589975 -0.038404290 0.047984122
v 0.045198555 -0.040325067 0.043093660
v 0.041494900 -0.044310277 0.043034891
v 0.053648700 -0.027763616 0.042630648
v 0.057107228 -0.019622874 0.041706680
v 0.048624143 -0.034866601 0.044029694
v 0.060597949 -0.009141506 0.039716877
v 0.062086953 -0.007500665 0.037074895
v 0.028642025 -0.046285733 0.051948428
v 0.017361296 -0.049474703 0.055413156
v 0.023795120 -0.047971929 0.053353973
v 0.027742874 -0.058695122 0.031346653
v 0.031303868 -0.056863318 0.027760516
v 0.025973426 -0.059605044 0.028037468
v 0.044739441 -0.046987983 0.022665881
v 0.057994418 -0.022763744 0.009683192
v 0.057350916 -0.026538403 0.014094781
v 0.060046802 -0.020873002 0.015622838
v 0.056596665 -0.027454524 0.009611549
v 0.027314404 -0.051291439 0.047373142
v 0.052334709 -0.034172814 0.039183633
v 0.056845797 -0.032321184 0.027433974
v 0.058802863 -0.028152095 0.023808993
v 0.057178031 -0.030640266 0.022707418
v 0.057356197 -0.014309196 0.043525242
v 0.020219424 -0.061424346 0.019329330
v 0.014889539 -0.063285716 0.016061155
v 0.014205956 -0.063418261 0.020661786
v 0.006068522 -0.046100418 0.065823265
v 0.062099836 -0.011337713 0.004270289
v 0.062350784 -0.008085911 0.006026400
v 0.062677989 -0.009745305 0.004072391
v 0.041428819 -0.050104174 0.027192598
v 0.043712170 -0.048020748 0.030675340
v 0.046742400 -0.045459206 0.027935044
v 0.047705288 -0.041161701 0.038458459
v -0.006597587 -0.065374309 0.016643949
v -0.007958610 -0.066055582 0.013737206
v -0.010054373 -0.064779529 0.016227893
v -0.010115841 -0.049173174 0.059071545
v -0.015277020 -0.050658964 0.056398908
v -0.008151199 -0.058282374 0.047683631
v -0.013718526 -0.057902183 0.046945529
v 0.064405238 -0.008740487 0.018795170
v 0.059030534 -0.013136265 0.041235328
v 0.061567022 -0.012396483 0.037118793
v 0.059793707 -0.026101033 0.026917378
v 0.061536821 -0.020943776 0.025844374
v 0.060511039 -0.023673228 0.022514775
v 0.020855955 -0.061350003 0.024659876
v 0.027635668 -0.058621702 0.024732735
v 0.056758600 -0.012039316 0.045042422
v 0.055685992 -0.031580315 0.017124528
v 0.055820347 -0.033782791 0.023008200
v 0.037026388 -0.049996108 0.040487830
v 0.042379914 -0.048066945 0.035324897
v 0.014882203 -0.052806332 0.052328650
v 0.008411391 -0.051032311 0.056727134
v 0.015191274 -0.046719383 0.060445988
v 0.010870457 -0.046279126 0.063561543
v 0.016651286 -0.043898741 0.065228961
v -0.009495231 -0.060390514 0.043696759
v -0.004023298 -0.061175132 0.043964331
v -0.009626167 -0.064190646 0.028672381
v -0.018150228 -0.062562543 0.026728462
v -0.014227844 -0.062349198 0.034987313
v 0.008270248 -0.058991491 0.046442558
v 0.007902785 -0.061519532 0.041968136
v 0.004237313 -0.060025265 0.045714532
v -0.009182531 -0.064505183 0.021353475
v 0.005110176 -0.063283343 0.038088708
v 0.003946200 -0.064228295 0.033893438
v -0.001640713 -0.063890237 0.036416804
v 0.033425719 -0.053429798 0.038450947
v 0.032062176 -0.051572280 0.043086905
v 0.060854635 -0.015999649 0.012545735
v 0.059572679 -0.018400818 0.009597548
v -0.020579998 -0.063367605 0.014079422
v -0.020670689 -0.063125271 0.014633804
v -0.019148732 -0.063805789 0.014050531
v 0.060560216 -0.017650709 0.036196969
v 0.012389796 -0.063895528 0.026169109
v 0.064923536 -0.011209563 0.023497876
v 0.065005732 -0.006771031 0.022718424
v 0.053047834 -0.036333534 0.035153123
v -0.017631431 -0.063096216 0.020345939
v -0.009905080 -0.047375388 0.061827406
v -0.005107931 -0.049112465 0.060197377
v 0.004584756 -0.066092977 0.013504411
v -0.001010339 -0.065207236 0.017837027
v 0.006875035 -0.064770328 0.019606688
v 0.001735291 -0.062090585 0.042184093
v 0.000369097 -0.059541513 0.046824436
v 0.062203872 -0.004918281 0.036937345
v 0.028820824 -0.037963813 0.064314351
v 0.027332926 -0.037912660 0.068445070
v 0.036645006 -0.053827298 0.029764207
v 0.036832622 -0.052545651 0.035046051
v 0.039818103 -0.051192002 0.031592640
v 0.020836638 -0.061396791 0.031898260
v 0.012938021 -0.063311965 0.032230064
v 0.014608697 -0.061650004 0.038047486
v 0.035204893 -0.033529602 0.062889255
v 0.036564572 -0.034632981 0.059482470
v 0.031916060 -0.038308622 0.059277034
v 0.020150716 -0.052309977 0.050407950
v 0.058389574 -0.026960689 0.019347802
v 0.061937063 -0.011911143 0.012710920
v 0.061270630 -0.011664041 0.009444757
v 0.061003877 -0.013969726 0.010594418
v 0.049662423 -0.042315789 0.021970827
v 0.047505380 -0.042753649 0.015917095
v -0.001152305 -0.046970435 0.065014429
v -0.017638901 -0.059338645 0.042069544
v -0.012150573 -0.061226024 0.040473974
v 0.049511782 -0.041840464 0.032540962
v -0.028835863 -0.057354502 0.037962879
v -0.029096846 -0.056325581 0.040989106
v -0.023891443 -0.058475597 0.039481971
v 0.056075425 -0.032360834 0.032399959
v 0.053657507 -0.037243017 0.030591457
v 0.063953049 -0.007567285 0.033449424
v 0.009173419 -0.062641129 0.038223340
v 0.063550944 -0.002316134 0.033840578
v 0.051201834 -0.037006389 0.014098457
v 0.050819910 -0.039177470 0.017282160
v 0.053217293 -0.035591911 0.016814692
v 0.000957885 -0.048486931 0.061760709
v 0.027982113 -0.055648544 0.040230409
v 0.021132636 -0.056253237 0.044454774
v 0.043460760 -0.026594658 0.059361698
v 0.062465002 -0.017439888 0.029650164
v 0.027946253 -0.059517090 0.011131008
v 0.026731023 -0.060089735 0.011254966
v 0.024461036 -0.060560897 0.013074782
v 0.028870744 -0.058162043 0.013476527
v 0.062523375 -0.009762163 0.035696551
v 0.047667161 -0.044142843 0.008479363
v 0.046411744 -0.045508610 0.008688902
v 0.045906839 -0.044675887 0.011272400
v 0.006586592 -0.047717665 0.062176079
v 0.002698048 -0.047003752 0.064416926
v -0.026496483 -0.059985820 0.024647118
v -0.022101425 -0.061610649 0.022070996
v -0.026569988 -0.059926634 0.019529835
v 0.045637996 -0.045827881 0.032484056
v 0.046353525 -0.044487926 0.034636442
v 0.014014026 -0.058779132 0.044479532
v 0.031958597 -0.056044055 0.034048036
v 0.063097843 -0.012201441 0.033267330
v 0.060741335 0.009363139 0.002162752
v 0.053333579 -0.034064451 0.014072599
v 0.054217991 -0.031568303 0.011563066
v -0.000259484 -0.066441828 0.013338026
v 0.002122652 -0.066332419 0.013201669
v 0.041517948 -0.049611467 0.031153464
v 0.050956723 -0.041083352 0.027954203
v -0.001860097 -0.064976253 0.022922548
v 0.001021878 -0.065095594 0.026442685
v 0.004272480 -0.064785804 0.023775341
v 0.026023286 -0.059294179 0.021294144
v 0.031732794 -0.056301812 0.021803389
v 0.029420950 -0.056988046 0.018775078
v 0.055971100 -0.029003134 0.013030617
v 0.063468308 -0.009854997 0.034021586
v 0.064831442 -0.010350041 0.028789643
v 0.049045180 -0.040207669 0.013912080
v 0.060443336 -0.023051188 0.029409589
v 0.043892059 -0.028010736 0.056183106
v 0.032165053 -0.057263623 0.010672736
v 0.032649117 -0.055889354 0.013336828
v 0.033293876 -0.056134562 0.011896186
v 0.032377628 -0.057156196 0.010650289
v 0.036012837 -0.036608653 0.056885411
v -0.012953988 -0.059956444 0.043377250
v 0.064074183 -0.000007776 0.031529847
v 0.000409418 -0.050809857 0.058031704
v 0.047390773 -0.042395165 0.012802729
v 0.048858327 -0.041535353 0.009887034
v 0.053838043 -0.037259279 0.025677468
v 0.021819305 -0.059181894 0.038529520
v 0.036768434 -0.053409437 0.024153828
v 0.036279839 -0.053627688 0.019736315
v 0.000423013 -0.064687877 0.030391176
v -0.003777089 -0.065026469 0.026541018
v 0.063080395 -0.014063625 0.016821075
v 0.063412854 -0.010683821 0.015673775
v 0.063694364 -0.014595988 0.025838158
v 0.062020842 -0.011627022 0.004304878
v 0.061628818 -0.013890178 0.004563617
v 0.061266928 -0.012335122 0.006277271
v -0.014465767 -0.047325769 0.061108619
v -0.026316299 -0.055992184 0.044566578
v 0.032557632 -0.035544262 0.064095191
v -0.019614156 -0.060377113 0.037700601
v 0.010712828 -0.065439633 0.012657512
v 0.015298364 -0.064192057 0.012285889
v -0.018622357 -0.047167678 0.060665309
v -0.011232878 -0.065614418 0.013826034
v -0.013042552 -0.065375266 0.013895705
v -0.014554836 -0.064077460 0.016666292
v 0.004198083 -0.066239827 0.013083155
v -0.020420919 -0.055969370 0.047918332
v 0.062807999 -0.017103412 0.021961263
v 0.062862658 -0.017501035 0.025950366
v 0.064692868 0.002693128 0.026512194
v 0.062381673 0.002628158 0.002785632
v 0.061998154 0.004498428 0.002608888
v 0.053189517 -0.036773369 0.020461038
v -0.016876045 -0.053996139 0.051804869
v 0.017926787 -0.059268381 0.041122226
v 0.037540964 -0.053559547 0.010001149
v 0.037589300 -0.053502934 0.010048007
v 0.037589675 -0.053523171 0.009994767
v 0.043027205 -0.048987598 0.010440509
v 0.062909837 -0.008061617 0.003883034
v 0.064231384 -0.012916773 0.020277299
v -0.022563025 -0.061991861 0.018224513
v 0.037146995 -0.052064601 0.015693117
v 0.006659597 -0.064375242 0.029795551
v 0.052235788 -0.035000942 0.011189706
v 0.056136118 -0.030866566 0.006638216
v 0.058394687 -0.025418237 0.005946421
v 0.008832083 -0.063423215 0.035069671
v 0.026385094 -0.058547100 0.035207354
v 0.010269598 -0.047904066 0.060807248
v -0.003620988 -0.066397413 0.013509521
v 0.020334885 -0.061154802 0.015639714
v -0.022441971 -0.052420902 0.052500105
v -0.019229238 -0.051669280 0.054533620
v 0.032642711 -0.056927444 0.010612321
v 0.034280903 -0.055298835 0.011659264
v 0.036974947 -0.053946890 0.010071579
v 0.050343605 -0.038081403 0.011163075
v 0.010552191 -0.065477350 0.012669901
v 0.009892745 -0.064465587 0.016425422
v 0.061624192 -0.015389028 0.004721611
v 0.061472072 -0.015633186 0.005522391
v 0.063011485 -0.007932501 0.014596363
v 0.033222877 -0.054704792 0.016961994
v 0.052472192 -0.037040112 0.007479991
v 0.051871015 -0.037979414 0.007610357
v 0.025558947 -0.058982194 0.016948345
v -0.026401320 -0.053236765 0.049393820
v 0.052735519 -0.036649674 0.007425097
v -0.027298226 -0.060993010 0.014181587
v -0.026917695 -0.061157813 0.014178990
v 0.060229790 -0.015963666 0.010066106
v 0.060675964 -0.015162264 0.008058834
v 0.034662384 -0.053757272 0.013542809
v 0.029903770 -0.056902569 0.015918982
v 0.031613913 -0.057578322 0.010734742
v 0.060976909 -0.017567348 0.006623653
v 0.061129183 -0.017715046 0.004992363
v 0.060533704 -0.019122603 0.005171714
v 0.059929955 -0.020353323 0.005966893
v 0.042952420 -0.049459119 0.009285982
v 0.037635844 -0.053486682 0.009988507
v 0.043958959 -0.048510037 0.009133342
v 0.053890837 -0.033637639 0.008981282
v 0.053041901 -0.036169668 0.007358521
v 0.056055552 -0.031039950 0.006660687
v 0.055951211 -0.031215431 0.006684624
v 0.010960415 -0.055889942 0.049995235
v 0.061836596 -0.009846335 0.008010613
v -0.023642815 -0.059946831 0.033788509
v 0.017446380 -0.062539428 0.014128893
v 0.058736861 -0.024419504 0.005823374
v 0.059532221 -0.022111885 0.005538817
v 0.062873346 -0.003017624 0.003803317
v -0.026487222 -0.046533145 0.059444387
v -0.022172537 -0.048301567 0.058261292
v -0.027384800 -0.049406684 0.054687622
v 0.039015543 -0.031140641 0.061425928
v 0.039985280 -0.033729362 0.055578127
v 0.060167420 -0.020137242 0.005297700
v 0.016337998 -0.055565818 0.048204880
v -0.016184238 -0.064693804 0.013988631
v 0.062796186 -0.001769903 0.003226797
v -0.007306940 -0.063823176 0.033605884
v -0.004533879 -0.064620388 0.030585905
v 0.061325745 -0.016759810 0.004881525
v 0.024382307 -0.061208133 0.011495766
v 0.062972084 -0.004249813 0.003478586
v 0.062992301 -0.003305058 0.003378092
v -0.008039305 -0.066058583 0.013705414
v -0.007947682 -0.066067388 0.013701539
v 0.038659272 -0.042599234 0.047783570
v 0.015572468 -0.064059147 0.012257535
v 0.020128593 -0.062573042 0.011862349
v 0.062960293 -0.002857179 0.003332631
v 0.019629164 -0.041729137 0.068571091
v 0.009265589 -0.065638249 0.012754263
v 0.023277596 -0.040862591 0.065523068
v -0.007667489 -0.066088785 0.013689106
v -0.021033032 -0.063201477 0.014085680
v -0.024536437 -0.061938904 0.014136402
v -0.008249646 -0.062620867 0.038812428
v 0.004823304 -0.066203060 0.013046519
v 0.041535401 -0.029460445 0.058771290
v -0.024314326 -0.060260411 0.028755158
v -0.030403757 -0.057657047 0.029314941
v 0.061452997 0.006992943 0.002374915
v 0.040246194 -0.028538445 0.064185741
v 0.064198885 0.002319684 0.030042483
v 0.049487295 -0.041728509 0.008129869
v 0.019942435 -0.062635185 0.011878645
v 0.019851776 -0.062658781 0.011885880
v -0.004248254 -0.066367878 0.013539286
v -0.024758956 -0.044709097 0.062814349
v 0.048340505 -0.043295815 0.008354926
v -0.038877876 -0.054691530 0.014125230
v -0.039656569 -0.053891448 0.015105873
v -0.035642663 -0.056359332 0.016191542
v -0.037025969 -0.055955545 0.014161211
v -0.037748466 -0.049629722 0.046241347
v -0.039541997 -0.046737276 0.048361272
v -0.035172527 -0.048888851 0.049474355
v -0.034996079 -0.043829912 0.056607001
v -0.050525649 -0.044783752 0.017999031
v -0.045767111 -0.049191959 0.022913577
v -0.047031039 -0.048541462 0.015442180
v -0.030773903 -0.050634936 0.050693495
v -0.032618478 -0.052108692 0.046833775
v -0.043951767 -0.049625492 0.036194431
v -0.038188721 -0.052865645 0.038465460
v -0.040481947 -0.052438211 0.033787428
v -0.033195004 -0.056885647 0.024638311
v -0.038841840 -0.053836979 0.027424527
v -0.027992388 -0.060647796 0.014181633
v -0.031270664 -0.058458503 0.016274571
v -0.032097085 -0.057564523 0.020587710
v -0.053910274 -0.040168563 0.024530507
v -0.048548743 -0.046239587 0.030327220
v -0.044083984 -0.050281627 0.030171442
v -0.037637534 -0.045342111 0.052190029
v -0.048708535 -0.044636616 0.037415644
v -0.045049831 -0.047478677 0.040216880
v -0.033603034 -0.053610564 0.042647691
v -0.033167578 -0.055191127 0.039156021
v -0.044003904 -0.051376446 0.014044966
v -0.042694764 -0.051915982 0.017377149
v -0.042455350 -0.052447317 0.014076517
v -0.040877137 -0.053330274 0.014086736
v -0.039847077 -0.054047661 0.014108257
v -0.032449274 -0.058431682 0.014181966
v -0.037570429 -0.054961800 0.020275358
v -0.030857842 -0.056981997 0.034394007
v -0.032217827 -0.056114540 0.036792155
v -0.027428093 -0.043644998 0.063074678
v -0.030182682 -0.045345922 0.058858809
v -0.032787271 -0.047495112 0.053553663
v -0.053655844 -0.041006545 0.016460276
v -0.046772532 -0.047080461 0.036339599
v -0.034182226 -0.055890356 0.031714702
v -0.056518687 -0.037042839 0.013192248
v -0.055612182 -0.038401500 0.013287737
v -0.043170346 -0.046565797 0.045147960
v -0.040197815 -0.050331363 0.042281808
v -0.035191842 -0.057100363 0.014185579
v -0.036183888 -0.051623947 0.044475346
v -0.035815928 -0.054597501 0.034919957
v -0.052048221 -0.043513092 0.013638945
v -0.050015008 -0.045902351 0.013783854
v -0.047801183 -0.048026771 0.013891425
v -0.053648467 -0.041479085 0.013508734
v -0.032689898 -0.042872510 0.060170696
v -0.046583911 -0.049184539 0.013949483
v 0.003648451 -0.013100188 0.007519094
f 1 2 3
f 4 5 6
f 7 8 9
f 9 8 5
f 9 5 4
f 6 5 10
f 11 12 13
f 14 15 16
f 17 18 19
f 20 21 22
f 23 24 25
f 26 16 27
f 28 18 29
f 30 31 32
f 33 34 35
f 36 37 38
f 39 40 41
f 42 43 44
f 45 46 41
f 47 48 49
f 50 51 52
f 24 53 54
f 34 45 41
f 43 45 34
f 25 24 55
f 56 57 58
f 59 60 61
f 62 63 64
f 65 25 55
f 31 30 66
f 53 55 54
f 67 68 69
f 54 55 24
f 70 71 72
f 57 37 58
f 73 74 61
f 75 31 66
f 76 77 78
f 35 79 80
f 81 82 83
f 84 85 86
f 68 87 88
f 89 90 91
f 92 89 93
f 94 25 95
f 90 89 92
f 96 92 93
f 97 98 99
f 16 26 14
f 100 96 101
f 97 99 102
f 102 99 103
f 103 99 104
f 102 105 97
f 96 100 106
f 107 90 92
f 104 99 108
f 109 102 103
f 110 111 90
f 107 110 90
f 107 92 112
f 109 103 113
f 114 112 106
f 110 107 115
f 108 116 104
f 115 111 110
f 112 115 107
f 114 117 112
f 81 118 119
f 116 120 104
f 121 117 114
f 115 122 111
f 123 109 124
f 117 121 125
f 126 112 117
f 127 120 116
f 128 129 130
f 113 129 131
f 120 132 130
f 133 130 132
f 130 133 128
f 127 134 120
f 135 124 136
f 137 131 129
f 137 129 128
f 134 132 120
f 138 139 122
f 126 125 140
f 98 141 108
f 142 136 131
f 143 144 145
f 127 146 134
f 132 134 147
f 133 132 148
f 127 149 146
f 147 148 132
f 148 150 133
f 151 152 153
f 154 144 143
f 143 155 154
f 156 140 157
f 152 135 142
f 142 135 136
f 148 146 158
f 155 159 154
f 157 160 156
f 131 137 161
f 142 131 161
f 162 163 142
f 158 164 148
f 155 160 165
f 165 159 155
f 166 167 168
f 158 146 149
f 163 162 169
f 170 169 171
f 172 149 173
f 174 175 150
f 170 171 176
f 177 158 178
f 162 179 180
f 169 181 171
f 176 182 165
f 118 182 119
f 172 178 158
f 183 162 180
f 182 184 119
f 185 177 186
f 187 188 172
f 183 180 175
f 189 190 175
f 175 190 183
f 191 189 192
f 184 193 194
f 183 190 195
f 192 186 196
f 195 190 197
f 190 191 196
f 126 115 112
f 190 196 197
f 195 197 198
f 197 199 198
f 200 201 202
f 203 204 205
f 206 207 208
f 198 199 209
f 210 211 212
f 213 214 215
f 137 128 133
f 121 152 151
f 170 163 169
f 106 97 105
f 216 217 218
f 219 220 221
f 222 218 223
f 222 224 225
f 226 227 228
f 124 113 136
f 229 230 231
f 232 233 234
f 235 236 237
f 238 239 240
f 241 242 243
f 244 245 246
f 247 248 249
f 250 251 252
f 253 254 255
f 256 257 258
f 254 253 259
f 190 189 191
f 254 260 255
f 253 255 261
f 255 262 261
f 260 254 263
f 264 265 266
f 267 260 263
f 151 153 157
f 263 254 268
f 269 270 227
f 271 272 273
f 227 270 274
f 112 92 96
f 275 276 248
f 277 278 262
f 276 255 260
f 253 279 280
f 226 271 273
f 281 282 283
f 152 142 163
f 284 285 286
f 287 288 289
f 260 267 248
f 276 260 248
f 290 237 291
f 292 293 294
f 237 290 295
f 296 297 293
f 298 299 300
f 99 98 108
f 301 302 303
f 262 304 277
f 276 284 305
f 306 307 308
f 106 123 114
f 309 246 310
f 311 312 313
f 314 315 316
f 314 316 317
f 318 319 320
f 321 238 240
f 322 292 294
f 323 310 246
f 244 246 319
f 324 325 326
f 304 262 305
f 327 319 318
f 328 208 207
f 246 245 323
f 255 276 262
f 329 275 248
f 330 331 332
f 333 244 334
f 324 326 335
f 327 324 335
f 305 262 276
f 336 337 338
f 339 278 277
f 340 323 245
f 121 114 123
f 341 342 245
f 311 313 277
f 333 334 343
f 248 267 249
f 173 344 187
f 345 306 285
f 284 276 275
f 346 277 304
f 346 311 277
f 313 347 339
f 348 349 350
f 305 346 304
f 335 351 327
f 174 148 164
f 352 335 353
f 354 355 356
f 296 357 358
f 359 341 333
f 329 247 360
f 359 342 341
f 247 329 248
f 361 311 346
f 345 275 329
f 284 286 305
f 285 306 362
f 334 327 363
f 312 311 361
f 285 284 275
f 364 365 366
f 367 206 368
f 329 360 345
f 52 369 50
f 357 296 292
f 166 340 342
f 352 351 335
f 362 286 285
f 370 371 372
f 373 374 375
f 268 254 259
f 376 372 377
f 250 378 379
f 337 334 363
f 65 380 95
f 346 305 361
f 39 41 46
f 381 382 383
f 384 40 39
f 385 55 386
f 345 285 275
f 387 388 20
f 389 384 39
f 295 310 390
f 66 391 75
f 392 393 302
f 394 395 396
f 74 73 397
f 337 398 334
f 399 400 384
f 389 399 384
f 338 351 352
f 401 402 403
f 277 313 339
f 404 50 369
f 405 305 286
f 362 306 308
f 218 222 243
f 406 407 408
f 409 410 411
f 412 413 414
f 415 322 402
f 416 400 417
f 297 296 418
f 152 121 124
f 338 234 336
f 419 420 421
f 422 423 424
f 400 399 425
f 426 427 428
f 343 429 359
f 430 431 432
f 167 359 433
f 434 398 337
f 435 436 437
f 397 438 439
f 440 441 442
f 443 444 445
f 446 30 32
f 447 422 424
f 427 426 448
f 449 450 451
f 125 151 140
f 452 453 454
f 291 309 290
f 455 421 456
f 413 420 448
f 123 124 121
f 457 458 459
f 460 427 461
f 27 462 386
f 227 226 273
f 463 13 464
f 465 17 19
f 435 424 466
f 364 467 468
f 64 302 469
f 451 450 412
f 433 359 429
f 220 470 257
f 471 472 473
f 474 475 332
f 412 476 456
f 448 420 477
f 402 322 232
f 459 420 457
f 472 478 479
f 167 480 168
f 183 195 198
f 183 169 162
f 456 421 412
f 234 338 403
f 467 364 366
f 481 482 457
f 483 434 336
f 104 120 130
f 448 461 427
f 477 459 461
f 428 484 426
f 485 486 366
f 428 460 444
f 487 488 489
f 490 294 293
f 491 398 492
f 480 167 433
f 297 493 490
f 490 493 494
f 460 428 427
f 412 414 451
f 495 483 496
f 234 402 232
f 497 455 456
f 498 459 458
f 499 500 476
f 232 294 233
f 129 113 501
f 172 188 178
f 490 494 502
f 426 413 448
f 460 461 498
f 503 504 460
f 505 492 251
f 476 412 450
f 506 507 508
f 509 84 480
f 510 511 512
f 419 455 513
f 477 461 448
f 503 460 498
f 514 449 451
f 515 516 517
f 518 519 520
f 509 505 84
f 521 251 522
f 415 402 401
f 496 336 523
f 457 420 481
f 203 368 204
f 498 458 503
f 514 451 414
f 234 233 523
f 166 342 167
f 524 525 526
f 527 84 505
f 514 414 484
f 123 106 105
f 185 192 189
f 472 528 473
f 482 458 457
f 529 530 365
f 490 531 233
f 476 500 456
f 532 495 533
f 495 534 521
f 531 502 535
f 536 537 538
f 481 419 539
f 443 540 449
f 176 181 214
f 505 251 250
f 413 421 420
f 541 500 499
f 161 180 179
f 174 150 148
f 449 540 450
f 443 484 428
f 519 542 520
f 251 521 534
f 236 291 237
f 498 461 459
f 497 456 500
f 543 544 545
f 419 481 420
f 546 547 84
f 428 444 443
f 293 297 490
f 480 433 509
f 157 170 160
f 548 547 546
f 549 550 551
f 135 152 124
f 170 157 153
f 533 523 552
f 185 164 177
f 553 126 140
f 379 527 250
f 421 455 419
f 334 398 343
f 527 546 84
f 532 554 555
f 412 421 413
f 514 484 443
f 556 557 558
f 513 539 419
f 443 449 514
f 252 251 534
f 459 477 420
f 143 138 156
f 491 429 343
f 455 497 559
f 445 540 443
f 146 148 147
f 210 212 551
f 426 414 413
f 523 560 552
f 561 562 563
f 484 414 426
f 522 495 521
f 564 565 532
f 527 379 566
f 209 193 213
f 527 566 546
f 534 495 532
f 532 555 534
f 567 568 569
f 567 569 570
f 300 571 572
f 573 574 575
f 573 575 576
f 577 570 569
f 475 578 268
f 576 575 579
f 198 213 215
f 580 365 364
f 568 567 581
f 582 570 577
f 554 532 565
f 583 584 585
f 225 243 222
f 525 524 586
f 76 78 587
f 295 290 310
f 252 588 378
f 533 496 523
f 553 115 126
f 512 288 510
f 589 566 379
f 243 216 218
f 545 257 256
f 530 529 570
f 213 198 209
f 590 591 543
f 294 490 233
f 217 216 592
f 593 364 468
f 594 595 206
f 596 515 517
f 301 362 597
f 520 598 599
f 554 565 600
f 601 602 603
f 378 589 379
f 604 605 520
f 112 96 106
f 606 607 608
f 609 598 520
f 103 501 113
f 610 210 611
f 612 613 589
f 614 297 418
f 592 470 217
f 221 545 544
f 615 616 617
f 201 618 544
f 564 552 619
f 551 377 210
f 186 192 185
f 620 621 221
f 470 219 217
f 543 201 544
f 589 588 622
f 431 623 258
f 374 624 563
f 605 604 625
f 77 211 78
f 626 440 627
f 506 223 507
f 549 551 212
f 470 220 219
f 628 77 629
f 377 611 210
f 630 631 632
f 633 634 635
f 636 637 638
f 639 640 454
f 365 580 529
f 618 620 544
f 520 605 609
f 609 616 598
f 641 612 589
f 515 596 510
f 365 574 366
f 565 619 642
f 97 100 101
f 216 431 592
f 622 588 643
f 644 526 645
f 289 489 646
f 647 550 549
f 573 648 574
f 530 575 365
f 242 431 216
f 649 572 571
f 561 563 650
f 651 652 653
f 281 654 655
f 641 656 657
f 658 510 659
f 600 565 642
f 237 390 235
f 554 660 643
f 483 336 496
f 615 599 616
f 572 649 661
f 662 658 659
f 365 575 574
f 206 314 663
f 664 665 666
f 530 667 579
f 530 579 575
f 600 668 654
f 582 667 530
f 582 530 570
f 589 669 641
f 670 671 672
f 209 673 674
f 355 675 676
f 677 676 678
f 612 641 657
f 220 257 545
f 679 680 681
f 351 338 337
f 650 682 683
f 684 685 686
f 588 555 643
f 370 372 687
f 688 689 675
f 690 691 692
f 258 257 470
f 644 693 526
f 668 600 282
f 694 298 300
f 695 696 697
f 698 645 699
f 695 700 10
f 695 10 5
f 641 669 656
f 701 702 8
f 330 332 259
f 353 401 352
f 703 205 704
f 705 643 660
f 212 706 549
f 707 583 635
f 707 635 708
f 600 705 660
f 211 77 709
f 488 273 272
f 673 209 199
f 604 710 625
f 113 124 109
f 161 137 150
f 711 712 314
f 711 314 205
f 240 266 321
f 133 150 137
f 713 205 703
f 696 695 5
f 655 654 668
f 674 193 209
f 377 714 611
f 715 357 716
f 705 600 654
f 717 718 719
f 720 721 722
f 723 657 348
f 238 724 725
f 433 491 509
f 726 727 728
f 729 730 731
f 252 378 250
f 732 733 734
f 571 617 649
f 616 609 735
f 735 617 616
f 661 649 736
f 318 309 737
f 738 625 739
f 387 649 617
f 561 650 683
f 611 740 631
f 555 554 643
f 741 742 743
f 176 160 170
f 744 745 746
f 733 231 747
f 748 749 750
f 656 751 239
f 752 750 749
f 753 754 755
f 292 322 716
f 717 756 718
f 160 155 156
f 504 757 460
f 758 759 719
f 445 760 761
f 642 619 762
f 642 762 763
f 613 612 764
f 765 766 767
f 768 769 770
f 261 771 279
f 772 773 774
f 775 776 777
f 263 778 267
f 769 779 780
f 736 649 387
f 781 223 506
f 441 626 782
f 782 783 200
f 780 738 739
f 377 372 714
f 774 757 772
f 784 785 781
f 786 787 788
f 789 760 445
f 130 501 104
f 790 791 792
f 758 719 718
f 793 647 549
f 619 535 762
f 242 794 431
f 795 775 777
f 656 796 751
f 797 225 224
f 795 772 775
f 777 773 795
f 504 775 772
f 238 657 239
f 774 798 757
f 757 798 444
f 799 763 762
f 444 798 800
f 444 800 789
f 757 504 772
f 773 772 795
f 263 268 578
f 508 621 620
f 800 760 789
f 444 460 757
f 711 205 713
f 224 785 784
f 560 523 233
f 801 720 664
f 444 789 445
f 785 222 223
f 761 540 445
f 591 802 441
f 784 803 797
f 804 805 806
f 325 318 737
f 781 785 223
f 256 590 545
f 544 620 221
f 807 802 808
f 223 218 507
f 214 193 184
f 492 522 251
f 627 809 783
f 810 780 767
f 219 507 217
f 174 185 189
f 351 337 363
f 751 796 811
f 508 221 621
f 812 416 813
f 814 815 816
f 326 353 335
f 279 817 818
f 644 819 820
f 103 104 501
f 390 310 323
f 502 494 821
f 799 762 535
f 822 821 494
f 657 238 348
f 142 179 162
f 799 823 763
f 658 266 824
f 811 274 751
f 825 826 733
f 763 823 827
f 252 555 588
f 828 829 830
f 766 339 347
f 535 502 831
f 239 751 274
f 228 281 226
f 799 832 823
f 117 125 126
f 589 622 669
f 672 239 274
f 824 671 511
f 296 358 418
f 833 819 834
f 398 491 343
f 602 835 678
f 602 678 676
f 106 100 97
f 836 442 837
f 814 838 815
f 554 600 660
f 839 816 834
f 759 814 839
f 230 729 731
f 603 602 583
f 603 583 840
f 580 364 593
f 634 841 708
f 634 708 635
f 724 842 843
f 842 829 843
f 844 845 846
f 844 847 845
f 848 849 844
f 629 77 392
f 850 851 845
f 733 826 229
f 150 175 161
f 664 852 853
f 672 240 239
f 854 230 731
f 744 746 734
f 849 855 844
f 856 857 350
f 858 732 567
f 647 859 550
f 860 846 861
f 848 844 846
f 862 846 860
f 863 845 851
f 611 714 740
f 845 861 846
f 744 734 747
f 845 847 850
f 794 242 241
f 864 230 865
f 861 845 863
f 866 718 867
f 231 733 229
f 746 868 869
f 78 210 610
f 822 870 821
f 756 867 718
f 740 714 371
f 821 871 831
f 852 872 873
f 853 852 868
f 348 350 723
f 726 720 874
f 78 610 587
f 376 551 550
f 733 732 825
f 688 875 869
f 706 793 549
f 731 721 801
f 689 869 868
f 734 876 732
f 877 609 810
f 605 738 609
f 283 226 281
f 372 371 714
f 431 794 432
f 531 619 552
f 312 878 879
f 877 347 880
f 372 376 881
f 227 274 811
f 882 883 884
f 735 880 885
f 622 643 705
f 801 853 854
f 313 880 347
f 725 724 843
f 228 227 811
f 886 876 746
f 735 885 617
f 887 638 888
f 664 720 665
f 312 885 313
f 889 634 890
f 566 589 613
f 127 116 891
f 450 892 476
f 893 892 894
f 617 885 388
f 895 896 897
f 859 881 376
f 898 899 900
f 609 877 880
f 794 241 685
f 901 898 900
f 832 535 831
f 687 372 881
f 885 312 879
f 885 902 388
f 638 637 888
f 361 878 312
f 903 895 897
f 623 256 258
f 904 901 98
f 497 898 901
f 897 878 903
f 902 885 905
f 98 900 141
f 497 906 559
f 261 279 253
f 907 69 636
f 908 788 561
f 885 879 905
f 909 541 899
f 180 161 175
f 288 910 911
f 912 904 913
f 914 388 902
f 912 915 906
f 879 878 897
f 200 202 782
f 903 878 361
f 904 906 901
f 909 899 898
f 313 885 880
f 916 917 918
f 735 609 880
f 541 891 899
f 919 879 897
f 732 858 825
f 895 903 405
f 392 302 629
f 563 562 920
f 921 922 923
f 903 361 305
f 924 286 925
f 896 919 897
f 405 903 305
f 405 924 895
f 924 405 286
f 868 745 853
f 924 925 895
f 925 286 303
f 362 301 286
f 97 913 904
f 926 894 927
f 906 915 928
f 286 301 303
f 116 108 141
f 666 856 872
f 508 507 221
f 929 930 931
f 932 930 933
f 149 127 934
f 543 591 202
f 499 476 892
f 900 899 891
f 202 201 543
f 935 931 893
f 500 909 497
f 929 149 934
f 224 222 785
f 936 166 168
f 937 697 938
f 898 497 909
f 939 940 941
f 302 64 303
f 942 818 817
f 871 821 943
f 944 939 945
f 925 303 64
f 946 823 832
f 947 64 948
f 302 393 469
f 101 949 913
f 892 950 499
f 283 951 271
f 101 913 97
f 738 780 810
f 500 541 909
f 913 949 912
f 939 952 940
f 953 558 954
f 497 901 906
f 559 928 955
f 925 64 947
f 808 956 680
f 891 932 933
f 906 928 559
f 925 896 895
f 876 742 732
f 906 904 912
f 957 958 704
f 957 704 205
f 939 959 952
f 178 960 177
f 98 97 904
f 925 947 961
f 725 872 856
f 901 900 98
f 393 76 962
f 20 388 21
f 731 801 854
f 382 381 963
f 964 469 393
f 965 966 967
f 63 948 64
f 644 645 968
f 866 758 718
f 944 959 939
f 728 665 726
f 948 63 947
f 969 805 804
f 970 919 971
f 538 537 972
f 905 970 973
f 974 382 975
f 593 229 826
f 783 782 626
f 736 22 661
f 670 672 270
f 941 976 939
f 977 382 974
f 973 902 905
f 831 871 832
f 469 964 978
f 950 932 499
f 978 64 469
f 959 944 979
f 628 692 709
f 980 981 963
f 63 982 947
f 983 984 985
f 525 586 331
f 986 983 987
f 982 63 988
f 230 989 231
f 971 919 990
f 991 919 896
f 837 607 920
f 661 22 21
f 992 965 993
f 779 994 765
f 430 995 996
f 454 661 452
f 238 349 348
f 997 778 578
f 902 998 914
f 999 964 1000
f 1001 975 963
f 393 1000 964
f 985 987 983
f 989 744 747
f 1002 67 986
f 975 965 967
f 269 273 488
f 1003 918 1004
f 981 1001 963
f 869 875 746
f 961 947 982
f 974 975 967
f 961 991 896
f 1005 211 1006
f 1007 981 980
f 768 771 994
f 45 1008 46
f 742 741 1009
f 742 1009 567
f 145 144 1010
f 832 1011 946
f 981 965 1001
f 974 967 1012
f 993 981 1013
f 1014 16 1015
f 1016 1017 518
f 681 1018 983
f 989 747 231
f 993 1013 1019
f 981 993 965
f 771 768 1020
f 540 761 894
f 1021 1022 1023
f 1024 1025 743
f 1024 743 742
f 1026 1027 1028
f 975 1001 965
f 59 962 60
f 541 499 932
f 1029 144 154
f 817 1020 768
f 262 765 261
f 894 761 927
f 872 725 873
f 744 989 745
f 892 450 540
f 765 994 261
f 145 1010 139
f 369 314 317
f 557 1030 1002
f 817 1031 942
f 689 829 828
f 787 561 788
f 42 1008 45
f 159 118 1032
f 557 556 1030
f 984 558 985
f 984 623 430
f 1033 1034 810
f 192 196 191
f 375 1035 373
f 558 996 954
f 874 722 1036
f 737 309 291
f 642 282 600
f 540 894 892
f 891 933 127
f 931 930 950
f 929 931 935
f 954 556 953
f 929 933 930
f 680 608 807
f 1037 1038 42
f 1039 1040 935
f 1041 1042 1043
f 886 746 875
f 900 891 116
f 339 766 278
f 474 997 578
f 1044 946 1045
f 557 1002 987
f 1046 1045 1011
f 69 637 636
f 929 173 149
f 685 1047 794
f 76 587 60
f 995 430 1047
f 987 1002 986
f 701 1043 1042
f 609 738 810
f 946 1044 951
f 387 617 388
f 430 623 431
f 918 908 1048
f 931 950 893
f 1049 1050 139
f 935 926 1039
f 288 515 510
f 1051 935 1040
f 183 181 169
f 933 929 934
f 245 244 341
f 954 1052 1053
f 932 950 930
f 877 1034 347
f 933 934 127
f 697 937 486
f 765 767 779
f 767 1033 810
f 1051 173 929
f 541 932 891
f 900 116 141
f 938 702 701
f 1054 1055 1056
f 42 45 43
f 821 831 502
f 628 690 692
f 1057 1056 1055
f 1058 473 528
f 935 893 894
f 269 488 487
f 1059 1060 1061
f 1047 1038 995
f 935 1051 929
f 1062 1063 1060
f 946 951 823
f 954 1037 1052
f 1029 1064 1049
f 1064 1029 1065
f 479 528 472
f 1023 1066 1017
f 1055 1067 1068
f 1069 60 587
f 1059 1068 1060
f 1038 1037 995
f 403 402 234
f 1047 684 1038
f 283 271 226
f 327 351 363
f 1037 44 1052
f 1003 786 918
f 233 531 560
f 489 1070 487
f 1071 1003 1072
f 509 491 505
f 493 297 614
f 239 657 656
f 266 240 671
f 282 763 827
f 296 293 292
f 560 531 552
f 1073 842 724
f 193 214 213
f 1038 684 1008
f 321 1073 724
f 765 262 278
f 278 766 765
f 170 153 163
f 42 1038 1008
f 842 830 829
f 768 994 769
f 486 467 366
f 887 1035 1074
f 740 1050 1049
f 1075 1076 1077
f 1078 1064 1065
f 283 282 827
f 338 352 403
f 1079 1080 61
f 619 531 535
f 828 830 1081
f 594 1041 595
f 344 173 1051
f 1064 1082 1049
f 534 555 252
f 333 341 244
f 334 244 319
f 918 786 908
f 392 77 76
f 1034 877 810
f 240 672 671
f 1083 528 479
f 691 1084 692
f 938 917 937
f 624 373 682
f 333 343 359
f 1064 1085 1086
f 1087 819 833
f 321 265 1073
f 917 938 1042
f 282 281 655
f 593 1088 865
f 866 1089 1090
f 1084 691 1091
f 1092 1093 1094
f 921 923 317
f 921 317 1095
f 282 655 668
f 325 324 318
f 557 987 558
f 1096 1084 1091
f 159 1065 1029
f 307 691 1097
f 246 320 319
f 981 1007 1013
f 176 165 160
f 1098 1099 1082
f 1099 1098 630
f 578 778 263
f 533 495 496
f 300 599 571
f 319 327 334
f 1077 683 1100
f 279 1020 817
f 677 356 355
f 677 355 676
f 8 7 1101
f 8 1101 957
f 1082 1086 1098
f 1102 1103 1104
f 1105 307 306
f 1106 1107 1108
f 1102 1104 1109
f 1110 689 828
f 229 865 230
f 731 730 721
f 1073 265 651
f 510 824 511
f 345 360 306
f 1111 1109 1104
f 779 769 994
f 321 266 265
f 1033 766 347
f 553 138 115
f 1108 1112 1106
f 546 613 548
f 835 602 601
f 952 1062 1060
f 1112 1104 1106
f 1113 1114 1115
f 1116 1085 1080
f 1108 1117 1112
f 1118 1119 1084
f 794 1047 432
f 1120 1083 479
f 1084 1119 709
f 1121 1068 1067
f 367 205 314
f 1055 528 1122
f 177 960 186
f 1067 1055 1122
f 1123 1124 1125
f 1112 1126 1111
f 1126 1127 1111
f 1127 1128 1129
f 852 664 1130
f 1103 1091 1104
f 606 375 920
f 1065 159 1078
f 1060 1121 940
f 1125 1124 1087
f 1131 1132 528
f 360 247 1133
f 976 1134 939
f 1122 1121 1067
f 983 1018 1135
f 1107 307 1108
f 1083 1136 1131
f 1137 1131 1136
f 1134 1138 945
f 1139 1140 1120
f 945 1138 1141
f 249 267 1142
f 1131 1122 1132
f 1122 1143 1121
f 1076 916 1048
f 1122 1144 1143
f 1079 1116 1080
f 1145 1146 1125
f 1060 940 952
f 767 780 779
f 1147 1148 1149
f 994 771 261
f 1095 317 316
f 918 1042 1004
f 61 60 1069
f 1082 1099 1049
f 684 686 1008
f 173 187 172
f 1137 1150 1122
f 1151 1117 1133
f 997 1152 778
f 1153 820 1124
f 1004 1072 1003
f 976 1154 1155
f 1156 1145 1087
f 1080 73 61
f 1116 1079 1098
f 1154 941 1143
f 836 562 1157
f 1158 979 1159
f 1160 1161 1162
f 1163 1164 1165
f 1076 1075 467
f 1123 1125 1146
f 1090 1087 1166
f 1068 1059 1057
f 770 817 768
f 318 324 327
f 1129 1167 1168
f 997 1169 1152
f 1170 1102 1109
f 1109 1171 1170
f 817 770 1031
f 1136 1140 1172
f 894 926 935
f 139 138 143
f 1099 630 632
f 1173 1174 1175
f 1155 1114 1176
f 1083 1177 1136
f 1178 1115 1179
f 1180 1181 631
f 1118 1096 1182
f 893 950 892
f 1183 1169 1184
f 1127 1126 1128
f 1185 1186 1187
f 279 771 1020
f 1090 1166 866
f 1126 1112 1188
f 1189 979 1158
f 1176 1141 1138
f 1157 562 787
f 1102 1190 1103
f 1177 1140 1136
f 1170 1191 1102
f 587 610 1181
f 833 816 815
f 663 314 369
f 1192 1193 1194
f 1033 767 766
f 1131 1137 1122
f 1195 710 604
f 1178 1196 1171
f 1197 1198 1140
f 1120 479 1199
f 1200 1201 1202
f 1133 1142 1203
f 1154 1204 1155
f 1205 1206 1207
f 1105 1108 307
f 1172 1208 1136
f 1165 1115 1114
f 866 838 758
f 1195 604 542
f 1209 1182 1096
f 1089 1156 1090
f 1084 1096 1118
f 941 1154 976
f 1210 1211 1182
f 1191 1212 1190
f 1049 139 1010
f 1191 1213 1212
f 1152 1169 1214
f 1213 1191 1170
f 945 1141 1168
f 1125 1087 1145
f 1215 1152 1216
f 347 1034 1033
f 1140 1198 1172
f 710 1195 1217
f 1172 1198 1208
f 1218 1148 1219
f 1152 1220 1216
f 1204 1114 1155
f 1150 1219 1147
f 1096 1221 1209
f 873 843 829
f 528 1083 1131
f 1182 1174 1210
f 1178 1179 1164
f 1222 1162 1161
f 1217 1031 1223
f 1224 1152 1214
f 739 710 769
f 1190 1225 1096
f 1226 1214 1183
f 1069 1098 1079
f 1058 1227 1055
f 430 432 1047
f 1188 1203 1194
f 1213 1170 1196
f 1216 1142 1215
f 409 1205 410
f 881 859 1228
f 1190 1212 1225
f 1197 1140 882
f 1229 1222 1192
f 1230 942 1031
f 1231 1187 1232
f 61 1069 1079
f 1182 1211 1118
f 1200 1212 1213
f 1226 410 1233
f 1234 1187 1228
f 1205 1235 410
f 1225 1221 1096
f 1223 1031 770
f 1234 1228 859
f 1223 769 710
f 1236 1237 1238
f 939 1134 945
f 1164 1239 1196
f 1240 1241 1242
f 1167 1159 945
f 1142 1216 1194
f 816 839 814
f 1235 1243 410
f 647 1232 859
f 1224 1220 1152
f 1173 1231 1232
f 1176 1134 976
f 769 1223 770
f 1244 1245 1246
f 1167 1247 1161
f 1242 1197 1248
f 1207 1235 1205
f 1174 1182 1249
f 942 1230 818
f 1148 1218 1236
f 1180 631 630
f 1217 1223 710
f 1214 1233 1246
f 997 1250 1169
f 1137 1136 1219
f 1114 1141 1176
f 1165 1251 1163
f 1132 1122 528
f 1225 1209 1221
f 979 945 1159
f 1252 1061 1063
f 1240 1186 1253
f 1068 1057 1055
f 1253 1185 1202
f 1147 1219 1148
f 979 944 945
f 1188 1193 1247
f 1120 1177 1083
f 1149 1251 1254
f 1107 1106 1091
f 1255 881 1228
f 1208 1241 1237
f 1163 1239 1164
f 1241 1208 1198
f 671 1070 511
f 1247 1193 1161
f 1198 1242 1241
f 1256 1189 1158
f 1257 1192 1245
f 1187 1258 1255
f 1220 1224 1245
f 664 666 1130
f 710 739 625
f 1235 1207 1259
f 1141 1114 1113
f 1237 1236 1218
f 1206 409 411
f 1194 1216 1220
f 1214 1246 1224
f 404 923 1260
f 1161 1193 1222
f 1197 1242 1198
f 1220 1245 1192
f 1133 1203 1151
f 1243 1235 1259
f 1154 1143 1144
f 1142 267 1215
f 1218 1219 1136
f 1251 1165 1254
f 1119 1118 1211
f 1261 1262 1263
f 1245 1244 1257
f 1165 1179 1115
f 1254 1204 1147
f 1229 1257 1264
f 409 1206 1205
f 1265 1266 1267
f 1268 1243 1259
f 1098 1181 1180
f 1181 1098 1069
f 1225 1212 1200
f 1190 1102 1191
f 859 1232 1234
f 1242 1248 1269
f 1227 528 1055
f 1270 1260 923
f 1270 923 922
f 1271 1231 1173
f 1266 1265 1272
f 1209 1225 1271
f 1049 1099 740
f 1233 1243 1268
f 249 1142 247
f 520 542 604
f 1064 1078 1085
f 1133 1105 360
f 1209 1175 1249
f 1244 1264 1257
f 159 1029 154
f 157 140 151
f 1082 1064 1086
f 1171 1196 1170
f 1273 1267 1259
f 434 483 492
f 1116 1086 1085
f 1174 1249 1175
f 1266 1274 1275
f 1160 1162 1256
f 1160 1159 1167
f 1276 1264 1275
f 838 814 758
f 647 793 1210
f 1271 1225 1200
f 1257 1229 1192
f 876 886 1024
f 307 1107 691
f 1256 1158 1160
f 1010 1029 1049
f 404 369 923
f 1032 1078 159
f 1063 1061 1060
f 1129 1128 1167
f 740 1099 632
f 1149 1254 1147
f 1151 1188 1112
f 144 1029 1010
f 1189 1256 1263
f 1227 1058 528
f 1162 1229 1277
f 1154 1147 1204
f 1201 1200 1163
f 1121 941 940
f 1265 1278 1273
f 247 1142 1133
f 1112 1117 1151
f 1209 1271 1175
f 1169 1183 1214
f 1265 1267 1278
f 1267 1273 1278
f 1111 1104 1112
f 1240 1242 1269
f 1228 1187 1255
f 1148 1236 1238
f 1162 1277 1256
f 1239 1213 1196
f 306 360 1105
f 1208 1218 1136
f 1233 410 1243
f 1114 1204 1254
f 1150 1137 1219
f 1186 1240 1269
f 780 739 769
f 1279 1202 1238
f 1108 1105 1117
f 1173 1232 647
f 1147 1144 1150
f 1144 1122 1150
f 1280 1178 1171
f 1111 1171 1109
f 1249 1182 1209
f 1098 1180 630
f 647 1210 1174
f 1222 1229 1162
f 1161 1160 1167
f 1086 1116 1098
f 740 632 631
f 1266 1275 1264
f 1138 1134 1176
f 1144 1147 1154
f 1261 1263 1256
f 1277 1229 1264
f 1184 1226 1183
f 550 859 376
f 670 1070 671
f 1141 1113 1168
f 1226 1233 1214
f 1234 1232 1187
f 1096 1103 1190
f 1253 1186 1185
f 1175 1271 1173
f 1091 1106 1104
f 1276 1261 1256
f 572 640 300
f 1267 1244 1268
f 1188 1194 1193
f 1091 1103 1096
f 1149 1201 1251
f 1253 1241 1240
f 853 745 989
f 1237 1253 1279
f 832 799 535
f 1069 587 1181
f 1178 1280 1115
f 1280 1127 1129
f 1281 1282 1272
f 1192 1222 1193
f 1279 1238 1237
f 1261 1274 1262
f 176 214 182
f 631 1181 610
f 1202 1271 1200
f 1202 1185 1231
f 1187 1186 1258
f 1213 1239 1200
f 1201 1163 1251
f 433 429 491
f 1127 1280 1111
f 1283 272 1044
f 754 753 749
f 1277 1264 1276
f 1121 1060 1068
f 309 310 290
f 1177 1120 1140
f 1133 1117 1105
f 1208 1237 1218
f 1269 1255 1186
f 1244 1246 1268
f 1254 1165 1114
f 1246 1245 1224
f 1247 1167 1126
f 1115 1280 1113
f 647 1174 1173
f 1202 1279 1253
f 705 228 811
f 1231 1185 1187
f 1164 1196 1178
f 138 553 140
f 1258 1186 1255
f 1149 1202 1201
f 1202 1231 1271
f 1200 1239 1163
f 1202 1149 1238
f 1238 1149 1148
f 1176 976 1155
f 1121 1143 941
f 654 281 228
f 709 692 1084
f 1253 1237 1241
f 1054 1058 1055
f 1024 742 876
f 1275 1261 1276
f 1280 1171 1111
f 486 485 697
f 1164 1179 1165
f 1284 1285 1286
f 1287 1288 1289
f 3 1290 1
f 1126 1188 1247
f 1 1288 1291
f 1290 1292 1284
f 1293 1294 1295
f 1290 1288 1
f 1290 1296 1289
f 1297 3 2
f 1295 1298 1293
f 1299 1262 1274
f 1297 1292 3
f 1268 1259 1267
f 1286 1285 1300
f 1296 1294 1301
f 1284 1296 1290
f 840 583 707
f 1294 1296 1302
f 778 1215 267
f 1303 1289 1301
f 1304 1305 1306
f 1307 1282 1308
f 1290 1289 1288
f 1292 1285 1284
f 570 825 858
f 1295 1309 1298
f 873 868 852
f 1281 1272 1310
f 269 487 270
f 1293 1301 1294
f 951 1044 271
f 827 823 951
f 1302 1311 1294
f 1312 1295 1306
f 1303 1301 1313
f 1313 1301 1293
f 825 580 826
f 1294 1311 1295
f 1302 1304 1306
f 1301 1289 1296
f 1073 830 842
f 1298 1313 1293
f 1298 1314 1313
f 1315 993 1019
f 1311 1302 1306
f 1295 1311 1306
f 1305 1316 1306
f 852 1130 872
f 1286 1315 1284
f 1316 1312 1306
f 1314 1303 1313
f 1266 1272 1282
f 1309 1314 1298
f 786 1071 787
f 1166 815 838
f 653 585 584
f 1244 1267 1264
f 1295 1312 1309
f 1290 3 1292
f 1203 1142 1194
f 1113 1280 1129
f 957 204 701
f 266 671 824
f 688 869 689
f 1220 1192 1194
f 1282 1307 1274
f 875 1024 886
f 1168 1113 1129
f 1317 355 354
f 1246 1233 1268
f 1152 1215 778
f 734 746 876
f 857 856 666
f 1318 805 381
f 1044 1046 1283
f 1151 1203 1188
f 1126 1167 1128
f 1266 1264 1267
f 1266 1282 1274
f 383 1318 381
f 1319 1263 1262
f 1256 1277 1276
f 1167 945 1168
f 495 522 483
f 853 801 664
f 1107 1091 691
f 1274 1261 1275
f 1274 1307 1299
f 1310 1272 1265
f 1159 1160 1158
f 1045 1046 1044
f 1250 997 474
f 1011 832 871
f 608 375 606
f 790 1320 1321
f 1184 1250 1322
f 1323 1184 1322
f 1322 474 1324
f 350 349 856
f 332 1324 474
f 410 1226 1184
f 1323 1325 1184
f 1322 1324 1326
f 259 475 268
f 1184 1325 410
f 1326 1323 1322
f 558 987 985
f 586 1326 1324
f 1323 1326 1325
f 529 825 570
f 887 1074 638
f 868 873 829
f 410 1325 411
f 1322 1250 474
f 1327 524 1328
f 332 586 1324
f 230 854 989
f 1328 524 1329
f 1327 1326 586
f 1330 519 518
f 1329 524 526
f 1004 594 1072
f 871 943 1331
f 820 819 1124
f 1044 272 271
f 1046 1011 1331
f 467 1075 468
f 1325 1326 1327
f 1101 958 957
f 1250 1184 1169
f 411 1325 1327
f 510 596 659
f 411 1327 1328
f 355 875 688
f 524 1327 586
f 1252 1063 1332
f 1252 1332 1333
f 264 651 265
f 1334 1252 1333
f 1335 1094 1336
f 1063 1337 1332
f 1011 871 1331
f 847 844 1335
f 1338 1335 1336
f 264 266 658
f 1336 1339 1338
f 1339 1332 1338
f 593 826 580
f 1340 1341 1337
f 1342 1319 1343
f 1338 1344 1335
f 1340 959 1345
f 1346 1338 1332
f 665 720 726
f 1299 1347 1343
f 1344 1338 1348
f 951 283 827
f 640 639 694
f 1348 1338 1346
f 214 181 215
f 564 533 552
f 758 814 759
f 67 69 907
f 937 916 486
f 1349 1348 1346
f 1346 1342 1349
f 1341 1340 1345
f 821 870 943
f 1346 1332 1337
f 368 1043 204
f 1350 1341 1345
f 1342 1350 1189
f 511 1070 911
f 1342 1341 1350
f 989 854 853
f 1333 1339 1334
f 868 829 689
f 1340 1062 952
f 1045 946 1011
f 1348 1349 1347
f 1189 1350 1351
f 775 1352 776
f 847 1344 1353
f 1354 1299 1308
f 1342 1189 1319
f 1355 1356 1357
f 1351 979 1189
f 1299 1354 1347
f 1319 1189 1263
f 1347 1344 1348
f 1358 1291 1359
f 959 979 1351
f 1344 1347 1353
f 1062 1340 1337
f 1347 1354 1353
f 1360 1361 1362
f 959 1351 1345
f 1363 1364 1365
f 858 567 570
f 1347 1349 1343
f 1337 1341 1346
f 1061 1366 1059
f 1345 1351 1350
f 1339 1367 1334
f 654 228 705
f 1337 1063 1062
f 181 176 171
f 732 742 567
f 867 1089 866
f 1124 1123 1153
f 1335 1344 847
f 635 583 585
f 1299 1307 1308
f 599 300 518
f 1124 819 1087
f 1346 1341 1342
f 740 371 1368
f 1332 1339 1333
f 105 109 123
f 651 264 662
f 564 619 565
f 787 562 561
f 606 920 607
f 952 959 1340
f 1262 1299 1343
f 1369 383 977
f 77 628 709
f 1343 1319 1262
f 1166 1087 833
f 525 698 699
f 383 1369 1370
f 375 608 1371
f 838 866 1166
f 1090 1156 1087
f 844 1094 1335
f 1343 1349 1342
f 815 1166 833
f 1372 1024 875
f 1372 875 1373
f 874 720 722
f 586 332 331
f 1211 793 1119
f 155 143 156
f 824 510 658
f 796 705 811
f 1373 875 355
f 1373 355 1317
f 616 599 598
f 520 599 518
f 746 745 868
f 675 355 688
f 1374 1066 1023
f 693 644 820
f 693 820 1375
f 1375 1376 693
f 526 1376 1377
f 1329 526 1377
f 820 1153 1375
f 1378 1376 1375
f 622 796 669
f 1379 1378 1375
f 1376 1378 1380
f 566 613 546
f 1328 1377 1381
f 1379 1153 1382
f 1382 1383 1379
f 1378 1379 1380
f 1377 1380 1384
f 1385 1380 1379
f 1377 1384 1381
f 1386 1381 1384
f 1385 1384 1380
f 1381 1387 1328
f 1081 653 584
f 175 174 189
f 588 589 378
f 1385 1386 1384
f 1110 828 1081
f 1379 1383 1388
f 1383 1389 1388
f 1385 1388 1390
f 1387 1386 1391
f 1386 1385 1390
f 264 658 662
f 1273 1259 1391
f 1310 1265 1273
f 1377 1328 1329
f 1392 1310 1273
f 245 342 340
f 1392 1273 1391
f 1281 1393 1394
f 1390 1395 1391
f 182 118 165
f 1391 1395 1392
f 1396 850 1353
f 1281 1394 1282
f 1354 1396 1353
f 1393 1397 1398
f 1399 1400 1401
f 1402 863 851
f 1398 1403 1402
f 1402 1403 863
f 1404 1405 1406
f 322 294 232
f 1407 1408 1400
f 689 1110 675
f 352 401 403
f 1398 1409 1403
f 489 488 646
f 146 147 134
f 583 1110 584
f 1403 861 863
f 564 532 533
f 890 634 1410
f 890 1410 1411
f 185 174 164
f 522 492 483
f 105 102 109
f 320 309 318
f 841 634 889
f 289 911 489
f 101 96 93
f 596 633 635
f 652 651 662
f 1110 583 602
f 1412 1413 1414
f 1415 915 1416
f 1056 1417 1054
f 501 130 129
f 181 183 215
f 289 288 911
f 675 1110 602
f 390 237 295
f 911 910 511
f 270 1070 670
f 1418 1419 1420
f 113 131 136
f 585 653 652
f 161 179 142
f 122 139 111
f 705 796 622
f 1421 288 287
f 796 656 669
f 584 1110 1081
f 227 273 269
f 651 653 830
f 633 596 517
f 596 635 659
f 652 635 585
f 1422 1423 1424
f 1425 1397 1395
f 70 982 988
f 1050 1426 1427
f 168 1428 936
f 1429 1430 1431
f 1012 967 966
f 975 382 963
f 861 1432 860
f 1433 139 1427
f 1285 1420 1300
f 1414 1434 1435
f 1413 1412 1436
f 1260 50 404
f 836 920 562
f 627 440 1321
f 8 702 5
f 1037 42 44
f 1372 1025 1024
f 51 207 52
f 1398 1402 1308
f 1130 666 872
f 1437 1369 977
f 1420 1438 1418
f 1285 1439 1440
f 953 556 558
f 1441 1442 1443
f 652 659 635
f 1009 581 567
f 1066 1374 1444
f 1435 1445 1446
f 1447 1021 1023
f 230 864 729
f 1077 561 683
f 1420 1440 1448
f 529 580 825
f 574 537 485
f 721 720 801
f 1016 1447 1023
f 1449 1021 1447
f 1446 862 860
f 1450 666 665
f 1451 1446 1445
f 984 996 558
f 694 300 640
f 1362 1057 1366
f 1413 1436 1452
f 1030 67 1002
f 1135 623 984
f 381 980 963
f 1446 1451 862
f 1448 1453 1454
f 954 995 1037
f 1153 1379 1375
f 1455 1448 1440
f 1417 1056 1362
f 1448 1455 1456
f 984 983 1135
f 1445 1454 1453
f 434 337 336
f 1405 1457 1458
f 282 642 763
f 1412 1408 1407
f 1459 1451 1445
f 1453 1448 1456
f 1453 1459 1445
f 516 288 1421
f 1460 775 504
f 1461 848 846
f 503 1460 504
f 1456 1455 1297
f 90 111 1458
f 1050 1462 1426
f 1017 1016 1023
f 1463 1464 2
f 1414 1446 860
f 207 206 663
f 639 1449 1447
f 793 1006 1119
f 537 695 485
f 1048 561 1077
f 595 1041 368
f 679 1371 680
f 572 454 640
f 1465 977 974
f 1048 916 918
f 834 816 833
f 1077 1076 1048
f 1066 1330 1017
f 884 1197 882
f 1371 608 680
f 1006 211 709
f 1355 881 1356
f 986 681 983
f 1036 726 874
f 694 1447 1016
f 89 1466 1467
f 205 204 957
f 205 367 203
f 315 314 712
f 1364 1456 1464
f 1447 694 639
f 847 1353 850
f 1442 1092 1443
f 938 696 702
f 1468 1469 1406
f 972 537 574
f 972 574 648
f 1053 556 954
f 1041 1043 368
f 374 563 920
f 650 624 682
f 907 681 986
f 907 636 679
f 644 968 834
f 954 996 995
f 375 1074 1035
f 679 681 907
f 747 734 733
f 67 907 986
f 666 1450 857
f 1470 883 882
f 819 644 834
f 1356 1248 1471
f 837 920 836
f 607 807 608
f 377 551 376
f 1006 706 1005
f 1471 1248 1197
f 330 280 1472
f 1119 1006 709
f 679 636 1371
f 1139 1199 1473
f 1357 1406 1469
f 1474 1475 1476
f 873 725 843
f 728 1450 665
f 486 1076 467
f 786 788 908
f 1394 1308 1282
f 1139 1470 1140
f 1432 1408 1412
f 518 300 299
f 489 911 1070
f 663 369 52
f 563 624 650
f 1410 634 633
f 653 1081 830
f 696 938 697
f 512 910 288
f 1071 1072 791
f 158 149 172
f 830 1073 651
f 505 491 492
f 158 177 164
f 259 253 330
f 1473 1477 1478
f 198 215 183
f 523 336 234
f 288 516 515
f 505 250 527
f 474 578 475
f 1464 1456 1297
f 270 487 1070
f 118 159 165
f 214 184 182
f 115 138 122
f 478 472 1479
f 140 156 138
f 486 916 1076
f 163 153 152
f 279 1480 280
f 1097 690 308
f 1197 884 1471
f 980 381 969
f 139 143 145
f 167 342 359
f 502 531 490
f 1100 1075 1077
f 1199 479 478
f 374 920 375
f 121 151 125
f 242 216 243
f 434 492 398
f 602 676 675
f 1457 91 90
f 314 206 367
f 1481 1360 1362
f 1482 661 21
f 623 1135 256
f 672 274 270
f 1093 1367 1094
f 512 511 910
f 662 659 652
f 661 1482 452
f 309 320 246
f 1483 1484 1485
f 1000 1486 439
f 716 357 292
f 381 805 969
f 1054 1487 1058
f 1406 1357 1404
f 1458 1406 1405
f 680 807 808
f 453 1482 1429
f 537 536 700
f 537 700 695
f 969 804 980
f 1284 1315 1019
f 1463 2 1
f 1395 1393 1392
f 797 224 784
f 1074 375 1371
f 1471 1405 1404
f 1433 111 139
f 916 937 917
f 298 694 1016
f 856 349 725
f 302 301 597
f 1042 918 917
f 690 1097 691
f 1488 1489 1490
f 748 750 1491
f 1004 1041 594
f 1492 1475 1493
f 229 593 865
f 307 1097 308
f 1382 1153 1123
f 999 1000 1494
f 1339 1336 1367
f 1495 1453 1456
f 1042 1041 1004
f 545 590 543
f 1006 793 706
f 1427 370 1496
f 861 1403 1409
f 471 1416 1479
f 645 526 699
f 1497 1477 1473
f 70 991 982
f 613 1498 1499
f 548 613 1499
f 1443 1500 1441
f 764 1498 613
f 1382 1123 1501
f 862 1461 846
f 1500 1443 1359
f 1487 1502 1058
f 1440 1439 1297
f 220 545 221
f 208 1503 206
f 71 70 988
f 915 912 1416
f 11 1504 1505
f 1425 1400 1397
f 1356 1269 1248
f 1467 1470 1139
f 1506 1416 471
f 206 1503 594
f 1026 1505 1507
f 990 991 1508
f 1509 396 395
f 55 385 65
f 1510 21 1511
f 437 1512 424
f 1492 1493 775
f 91 1470 1466
f 1506 471 1502
f 66 1513 1514
f 370 1462 1368
f 1475 1474 1493
f 1459 1453 1461
f 1506 1415 1416
f 915 1415 928
f 166 1515 340
f 431 258 592
f 1502 1516 1415
f 1396 1308 1402
f 1398 1308 1394
f 1206 1328 1387
f 1517 1461 1453
f 1510 1482 21
f 629 302 597
f 673 1518 674
f 1516 1502 1487
f 1456 1364 1495
f 1206 1387 1207
f 928 1415 1516
f 1519 1520 1513
f 1502 471 473
f 1495 1521 1522
f 1397 1400 1408
f 1518 193 674
f 1432 1409 1408
f 1482 453 452
f 1518 391 1514
f 1460 503 1523
f 184 1520 1524
f 851 850 1402
f 1525 1515 936
f 1516 955 928
f 1526 1516 1527
f 478 1473 1199
f 862 1459 1461
f 591 782 202
f 91 883 1470
f 438 1528 1494
f 439 438 1494
f 94 1515 1525
f 1529 1530 1053
f 1524 119 184
f 627 783 626
f 71 1528 72
f 1513 1520 194
f 1508 70 1531
f 1532 1508 1531
f 1054 1417 1487
f 1518 1513 194
f 16 1014 27
f 1514 391 66
f 330 253 280
f 95 1515 94
f 639 1533 1449
f 166 936 1515
f 323 1515 390
f 1359 1291 1500
f 74 397 439
f 1517 1453 1495
f 193 1518 194
f 12 1026 1028
f 1449 1533 1534
f 1515 235 390
f 1439 1285 1292
f 1486 74 439
f 235 1515 380
f 60 962 76
f 391 1518 1535
f 385 235 380
f 990 919 991
f 1287 1291 1288
f 1532 406 1536
f 88 87 1537
f 1528 438 72
f 391 1535 48
f 1523 503 458
f 1520 184 194
f 1538 1015 16
f 411 1328 1206
f 1508 1532 990
f 72 1531 70
f 48 1535 49
f 1539 1429 1510
f 462 235 385
f 1515 323 340
f 1540 1078 83
f 681 956 1018
f 235 462 1535
f 1078 1032 83
f 462 49 1535
f 1541 83 1032
f 1513 1518 1514
f 1422 1534 1533
f 8 957 701
f 380 1515 95
f 406 56 1536
f 26 27 813
f 610 611 631
f 438 397 1542
f 72 1542 1531
f 1291 1358 1463
f 406 1532 1543
f 1544 590 956
f 30 446 1519
f 441 782 591
f 925 961 896
f 47 49 1014
f 1015 1538 1027
f 1545 1422 1424
f 1358 1546 1463
f 978 1528 71
f 1043 701 204
f 1494 1528 999
f 439 1494 1000
f 41 35 34
f 1547 809 627
f 1135 1018 256
f 1015 47 1014
f 1517 1495 1522
f 1429 1539 1548
f 1422 1545 1534
f 1549 14 425
f 18 447 1512
f 83 1541 81
f 1520 82 1524
f 1512 437 1550
f 1539 56 58
f 465 19 1551
f 119 1524 81
f 1537 87 435
f 422 1428 86
f 685 241 1552
f 1549 1553 14
f 1554 1555 1556
f 48 47 1557
f 1522 849 848
f 95 25 65
f 243 225 1558
f 1559 1509 11
f 1546 1365 1463
f 1560 1551 19
f 1544 802 591
f 31 75 1561
f 16 15 1555
f 1556 15 1553
f 1527 1562 1526
f 385 386 462
f 369 317 923
f 802 442 441
f 836 791 1321
f 1557 1507 1561
f 279 818 1480
f 991 70 1508
f 1563 1564 328
f 1080 1085 1565
f 1560 1550 1530
f 1380 1377 1376
f 1557 1026 1507
f 808 802 1544
f 259 332 475
f 687 1355 1469
f 93 1478 1566
f 51 50 1567
f 1320 627 1321
f 1559 36 38
f 1320 1547 627
f 59 74 1486
f 1376 526 693
f 1401 1400 1425
f 812 27 386
f 1562 1527 1417
f 590 1544 591
f 1540 83 1568
f 43 34 33
f 1364 1363 1495
f 956 808 1544
f 74 59 61
f 1399 1407 1400
f 1559 11 1569
f 1570 466 423
f 1435 1446 1414
f 1571 1066 1444
f 802 837 442
f 971 990 973
f 1555 15 1556
f 786 1003 1071
f 241 1558 1552
f 1561 1507 31
f 1547 1320 1572
f 590 256 1018
f 1573 1520 1519
f 465 1551 33
f 807 607 802
f 860 1432 1414
f 513 455 955
f 1443 1358 1359
f 1027 1538 1028
f 1427 1426 1462
f 738 605 625
f 607 837 802
f 1363 1365 1546
f 26 417 425
f 1574 1572 1320
f 790 1321 791
f 1423 1430 1429
f 1420 1419 1300
f 1530 1529 1560
f 53 80 79
f 1575 1576 1093
f 1423 463 1424
f 210 78 211
f 1032 118 1541
f 29 936 28
f 1576 1575 1577
f 1505 1504 1507
f 1578 753 755
f 1579 1531 1542
f 1496 1468 1427
f 1367 1093 1576
f 1538 1555 1580
f 1541 118 81
f 752 1581 750
f 1053 1582 1030
f 1367 1576 1334
f 12 1505 1026
f 1532 973 990
f 1252 1577 1061
f 1577 1334 1576
f 1432 1412 1414
f 51 328 207
f 1579 1543 1532
f 1583 1577 1575
f 1334 1577 1252
f 48 1561 75
f 695 697 485
f 1526 539 513
f 393 962 1000
f 1431 453 1429
f 1470 1467 1466
f 1361 1417 1362
f 1412 1407 1436
f 58 1548 1539
f 1584 1585 1540
f 792 1574 790
f 1564 792 1503
f 1363 1521 1495
f 1482 1510 1429
f 687 1469 1468
f 1085 1585 1565
f 787 1071 1157
f 839 834 968
f 482 1360 1523
f 1546 1443 1521
f 14 1553 15
f 1469 1355 1357
f 211 1005 212
f 1437 977 1465
f 367 368 203
f 663 52 207
f 748 754 749
f 1457 884 883
f 1512 19 18
f 1431 639 453
f 574 485 366
f 908 561 1048
f 1157 791 836
f 1507 32 31
f 425 1586 1549
f 1587 1580 1554
f 388 914 21
f 855 849 1522
f 464 1028 1588
f 1521 1363 1546
f 1053 1030 556
f 1468 111 1433
f 481 539 1562
f 466 424 423
f 437 424 435
f 1481 1366 1492
f 1473 1467 1139
f 1028 13 12
f 38 1589 1590
f 1448 1438 1420
f 1432 861 1409
f 1409 1398 1408
f 436 87 1582
f 1513 66 30
f 1362 1366 1481
f 1504 1509 32
f 1395 1397 1393
f 1356 881 1255
f 1433 1427 1468
f 938 701 1042
f 955 455 559
f 1406 1458 1468
f 79 400 53
f 1558 241 243
f 1092 1522 1521
f 982 991 961
f 93 89 1478
f 1516 1526 955
f 1092 855 1522
f 408 57 56
f 1094 844 855
f 1568 1584 1540
f 218 217 507
f 442 836 440
f 1479 1416 949
f 1291 1463 1
f 1564 1574 792
f 1530 1550 1582
f 1563 1574 1564
f 1587 1588 1580
f 89 1467 1473
f 1548 1423 1429
f 1575 1591 1483
f 1423 1422 1430
f 791 1072 792
f 435 1592 1537
f 28 1428 422
f 454 453 639
f 1592 435 466
f 1542 397 1490
f 417 813 416
f 1027 47 1015
f 797 803 1593
f 94 1525 1594
f 407 396 1589
f 1580 1028 1538
f 1588 1587 1595
f 425 399 1586
f 1512 1550 19
f 28 447 18
f 56 1511 1536
f 27 812 813
f 1310 1392 1393
f 89 1473 1478
f 1496 370 687
f 848 1517 1522
f 1457 1405 1471
f 1390 1425 1395
f 1501 1383 1382
f 1596 1492 1460
f 1413 1452 1434
f 38 37 57
f 1562 1417 1361
f 1543 1542 394
f 628 629 597
f 1481 1492 1596
f 615 571 599
f 1269 1356 1255
f 1497 949 1566
f 80 24 23
f 1527 1516 1487
f 1457 883 91
f 1471 1404 1356
f 1416 912 949
f 974 1597 1465
f 1562 539 1526
f 1575 1093 1591
f 1398 1397 1408
f 458 482 1523
f 784 781 803
f 1428 28 936
f 1140 1470 882
f 30 1519 1513
f 1596 1360 1481
f 139 1050 1427
f 1415 1506 1502
f 1462 370 1427
f 1355 687 881
f 1442 1598 1092
f 299 1016 518
f 1207 1391 1259
f 1485 1599 1583
f 1058 1502 473
f 1120 1199 1139
f 1477 1566 1478
f 1464 1297 2
f 1566 101 93
f 1473 478 1497
f 1050 740 1462
f 1550 436 1582
f 1360 482 1361
f 32 1600 446
f 466 1570 1601
f 1509 1600 32
f 1577 1366 1061
f 970 971 973
f 1601 1570 1602
f 1420 1285 1440
f 1496 687 1468
f 949 101 1566
f 1450 728 1603
f 1604 1602 1605
f 988 63 62
f 1555 1554 1580
f 1537 1606 88
f 1525 936 29
f 79 35 40
f 82 81 1524
f 1606 1537 1607
f 1604 1607 1592
f 1608 1609 547
f 1608 548 1499
f 1610 68 88
f 425 14 26
f 977 383 382
f 1605 1609 1611
f 1465 1597 1612
f 1604 466 1601
f 1613 1608 1499
f 1605 1614 1615
f 1088 1616 864
f 395 1600 1509
f 1566 1477 1497
f 1608 1617 1609
f 1605 1615 1618
f 1604 1601 1602
f 1609 1617 1611
f 740 1368 1462
f 1613 1617 1608
f 1463 1365 1464
f 1386 1390 1391
f 1618 1619 1606
f 956 590 1018
f 1618 1615 1620
f 624 374 373
f 1016 299 298
f 1607 1604 1605
f 11 13 1569
f 1499 1621 1613
f 27 49 462
f 597 308 690
f 637 1610 888
f 595 368 206
f 1509 1559 1590
f 1622 1623 1613
f 1624 1625 1626
f 1619 888 1610
f 888 1627 887
f 1628 1617 1623
f 85 1609 1602
f 593 468 1629
f 1630 1631 1620
f 683 682 1100
f 464 1588 1595
f 464 1595 463
f 397 73 1488
f 1080 1488 73
f 454 572 661
f 836 1321 440
f 617 571 615
f 525 699 526
f 1614 1632 1633
f 1611 1632 1614
f 1610 637 68
f 1619 1618 1631
f 1634 1630 1633
f 1616 729 864
f 1635 1632 1628
f 1623 727 1636
f 1637 1638 1627
f 1618 1620 1631
f 1617 1628 1632
f 727 726 1036
f 1036 1636 727
f 888 1639 1627
f 628 597 690
f 5 702 696
f 1639 1630 1627
f 1320 790 1574
f 470 592 258
f 1640 1630 1634
f 996 984 430
f 1607 1537 1592
f 791 1157 1071
f 1634 1635 1625
f 1635 1636 1641
f 1636 1036 1641
f 1619 88 1606
f 1630 1620 1615
f 1627 1638 887
f 330 1472 331
f 1640 1634 1637
f 1629 1075 1100
f 1413 1434 1414
f 1631 1630 1639
f 1616 1088 1642
f 722 1641 1036
f 968 645 839
f 1637 1627 1640
f 1613 1623 1617
f 1630 1615 1614
f 1633 1635 1634
f 1605 1602 1609
f 1623 1636 1628
f 1627 1630 1640
f 1630 1614 1633
f 1643 1644 1638
f 466 1604 1592
f 373 1035 1644
f 721 730 1645
f 685 684 1047
f 848 1461 1517
f 1617 1632 1611
f 1625 1624 1637
f 1638 1637 1643
f 1624 1645 729
f 1210 793 1211
f 1641 1625 1635
f 373 1642 682
f 1645 722 721
f 1643 1637 1624
f 1625 1641 1626
f 1385 1379 1388
f 1638 1644 887
f 1088 1100 1642
f 1075 1629 468
f 1635 1628 1636
f 729 1645 730
f 682 1642 1100
f 1600 395 1489
f 1608 547 548
f 1619 1631 1639
f 1559 38 1590
f 1603 727 1622
f 1646 1643 1624
f 1643 373 1644
f 638 1371 636
f 89 91 1466
f 1616 1646 1624
f 49 27 1014
f 1644 1035 887
f 1610 88 1619
f 547 1609 85
f 1607 1605 1618
f 33 35 80
f 1626 1645 1624
f 1646 1616 1642
f 1603 728 727
f 1521 1443 1092
f 238 725 349
f 308 597 362
f 1094 1367 1336
f 1371 638 1074
f 1621 1622 1613
f 87 436 435
f 86 1570 423
f 518 1017 1330
f 1507 1504 32
f 1618 1606 1607
f 1572 1574 1563
f 350 857 1647
f 1616 1624 729
f 1629 1100 1088
f 1648 1449 1534
f 1623 1622 727
f 1646 1642 1643
f 321 724 238
f 19 1550 1560
f 40 384 400
f 1590 396 1509
f 1565 1489 1488
f 593 1629 1088
f 1602 1570 85
f 1503 792 594
f 1310 1393 1281
f 722 1645 1626
f 465 23 17
f 1643 1642 373
f 1088 864 865
f 1626 1641 722
f 1365 1364 1464
f 1585 1078 1540
f 1598 1442 1441
f 1528 978 964
f 13 1028 464
f 1092 1094 855
f 1625 1637 1634
f 1614 1605 1611
f 371 370 1368
f 862 1451 1459
f 480 84 86
f 1619 1639 888
f 1633 1632 1635
f 879 919 970
f 1511 914 998
f 85 1570 86
f 1560 1529 1551
f 423 422 86
f 1649 1569 13
f 792 1072 594
f 395 394 1489
f 62 978 71
f 1511 21 914
f 1599 1650 1476
f 64 978 62
f 33 1551 44
f 998 902 973
f 812 55 53
f 446 1573 1519
f 1053 1052 1529
f 1455 1440 1297
f 1093 1598 1591
f 447 424 1512
f 1443 1546 1358
f 1093 1092 1598
f 1651 446 1600
f 1485 1484 1599
f 1483 1485 1575
f 463 1649 13
f 1599 1476 1583
f 1423 1548 37
f 1488 1080 1565
f 1594 18 17
f 1030 1582 67
f 407 406 1543
f 998 973 1536
f 1583 1575 1485
f 53 400 416
f 82 1520 1573
f 1583 1652 1653
f 47 1026 1557
f 1474 1476 1650
f 76 393 392
f 1417 1527 1487
f 1652 1583 1476
f 58 37 1548
f 1428 480 86
f 1526 513 955
f 1489 1565 1600
f 1562 1361 482
f 1651 1600 1565
f 1438 1448 1454
f 1396 1354 1308
f 1589 38 57
f 1297 1439 1292
f 1652 1476 1475
f 394 396 1543
f 1431 1430 1533
f 1505 12 11
f 1352 1493 1474
f 1396 1402 850
f 57 407 1589
f 1352 775 1493
f 387 20 736
f 1486 1000 59
f 1588 1028 1580
f 36 1559 1569
f 964 999 1528
f 1573 1651 82
f 391 48 75
f 1393 1398 1394
f 1565 1584 1651
f 1479 1497 478
f 480 1428 168
f 394 1490 1489
f 407 1543 396
f 1530 1582 1053
f 1431 1533 639
f 438 1542 72
f 1569 1649 36
f 1525 29 1594
f 82 1651 1568
f 1503 208 328
f 87 68 1582
f 1490 394 1542
f 1422 1533 1430
f 1542 1543 1579
f 407 57 408
f 463 1423 37
f 425 417 400
f 547 85 84
f 1510 56 1539
f 62 71 988
f 1424 463 1595
f 1531 1579 1532
f 219 221 507
f 736 20 22
f 397 1488 1490
f 396 1590 1589
f 1568 83 82
f 1564 1503 328
f 1584 1568 1651
f 1577 1583 1653
f 37 36 1649
f 1458 111 1468
f 408 56 406
f 1652 1475 1492
f 68 67 1582
f 1383 1501 1389
f 1652 1492 1653
f 1460 1492 775
f 1584 1565 1585
f 417 26 813
f 1457 90 1458
f 1511 998 1536
f 1529 44 1551
f 1366 1057 1059
f 44 1529 1052
f 1026 47 1027
f 471 1479 472
f 1596 1523 1360
f 1654 1655 1656
f 1561 48 1557
f 1387 1391 1207
f 1657 1658 1654
f 1538 16 1555
f 1659 1660 1661
f 40 35 41
f 1523 1596 1460
f 1662 1655 1654
f 1663 1664 1665
f 1657 1666 1667
f 1457 1471 884
f 992 1315 1286
f 755 1654 1656
f 441 440 626
f 1654 1658 1662
f 1658 1657 1667
f 1581 1668 1669
f 750 1669 1491
f 755 1657 1654
f 1662 1658 1452
f 1658 1435 1434
f 416 812 53
f 1670 1667 1671
f 1670 1672 1445
f 1656 1578 755
f 1532 1536 973
f 56 1510 1511
f 55 812 386
f 637 69 68
f 1673 1674 1675
f 1676 1418 1438
f 1677 1452 1436
f 1675 966 965
f 1663 754 748
f 212 1005 706
f 956 681 680
f 1085 1078 1585
f 463 37 1649
f 1449 1648 1021
f 80 53 24
f 1676 1670 1660
f 1366 1653 1492
f 380 65 385
f 965 992 1675
f 1621 1603 1622
f 482 481 1562
f 1621 1647 1603
f 1286 1300 992
f 755 754 1657
f 1677 1662 1452
f 1300 1673 992
f 1677 1399 1662
f 1669 1678 1491
f 1647 1621 1499
f 1498 764 723
f 1658 1434 1452
f 1668 1581 1597
f 657 764 612
f 966 1679 1012
f 1680 974 1012
f 1681 1682 1683
f 1663 1657 754
f 1419 1673 1300
f 723 350 1647
f 1677 1407 1399
f 857 1450 1647
f 1647 1498 723
f 1684 1679 966
f 1684 1012 1679
f 1675 1674 966
f 1680 1678 1669
f 1669 750 1581
f 1674 1681 1684
f 1681 1674 1682
f 1012 1678 1680
f 1012 1684 1678
f 1659 1673 1419
f 1436 1407 1677
f 1454 1676 1438
f 1498 1647 1499
f 657 723 764
f 1659 1682 1674
f 1603 1647 1450
f 1668 1680 1669
f 1057 1362 1056
f 1674 1684 966
f 1419 1676 1659
f 1660 1659 1676
f 1678 1684 1685
f 1497 1479 949
f 1381 1386 1387
f 748 1685 1663
f 1658 1670 1435
f 1404 1357 1356
f 1594 17 94
f 1680 1668 1597
f 1659 1661 1686
f 1659 1674 1673
f 44 43 33
f 1687 1683 1682
f 1658 1667 1670
f 1666 1657 1665
f 970 905 879
f 59 1000 962
f 1687 1682 1686
f 11 1509 1504
f 1671 1667 1666
f 1663 1665 1657
f 1687 1664 1683
f 17 23 25
f 1445 1435 1670
f 1665 1686 1661
f 1683 1664 1685
f 29 18 1594
f 1683 1684 1681
f 1683 1685 1684
f 25 94 17
f 1661 1688 1665
f 1491 1678 1685
f 992 1673 1675
f 1664 1663 1685
f 23 465 80
f 1680 1597 974
f 1671 1660 1670
f 1573 446 1651
f 1686 1665 1687
f 1666 1688 1671
f 422 447 28
f 1665 1664 1687
f 1686 1682 1659
f 1672 1670 1676
f 993 1315 992
f 1672 1676 1454
f 1666 1665 1688
f 1688 1661 1671
f 1660 1671 1661
f 1419 1418 1676
f 437 436 1550
f 1445 1672 1454
f 80 465 33
f 1685 748 1491
f 1653 1366 1577
f 400 79 40
f 1689 1690 1691
f 1572 1692 1693
f 1694 1695 1696
f 1697 1698 1699
f 1700 508 1701
f 1702 1703 1704
f 1694 1705 1706
f 1707 1708 1709
f 1710 1711 1712
f 1713 1714 1715
f 1716 1717 1718
f 1719 1720 1715
f 1721 1707 1709
f 1722 1723 1724
f 1725 1715 1714
f 1726 1727 1728
f 1729 1693 1730
f 1731 1732 1695
f 1731 1695 1694
f 1733 1734 1735
f 1736 1721 1699
f 1737 1738 1739
f 1740 1741 1742
f 1713 1715 1743
f 1720 1719 1744
f 1745 1547 1572
f 1746 1747 1748
f 1689 1749 1750
f 1751 1690 1752
f 1753 1754 1706
f 1732 1731 1755
f 1739 1756 1757
f 1754 1731 1694
f 1758 1740 1709
f 1707 1721 1759
f 1760 1721 1736
f 1761 1762 1763
f 1764 1765 1766
f 1764 1766 1767
f 1768 1760 1769
f 1750 1749 1770
f 1729 1730 1755
f 1444 1771 1571
f 1693 1729 1745
f 1755 1746 1729
f 809 1547 1745
f 1711 1753 1706
f 1731 1754 1753
f 1768 1772 1773
f 1774 1775 1776
f 1772 1777 1778
f 1698 1736 1699
f 1779 1780 1713
f 1781 1782 1783
f 1784 1785 1786
f 1779 1713 1743
f 1744 1787 1720
f 1745 1729 809
f 1788 1753 1711
f 756 717 1789
f 1753 1755 1731
f 1778 1773 1772
f 1790 1781 1791
f 1792 1793 1794
f 1732 1730 1795
f 1760 1736 1769
f 1796 1701 508
f 1748 1797 1798
f 1729 1799 809
f 1753 1788 1755
f 1711 1710 1788
f 1787 1768 1800
f 1773 1800 1768
f 1691 1690 1801
f 1766 1802 1803
f 1766 1803 1767
f 1804 1783 1805
f 1806 1807 1808
f 1701 1796 1809
f 1810 1743 1811
f 1752 1690 1812
f 1720 1718 1813
f 1814 1815 1816
f 1817 1815 1814
f 1815 1818 1816
f 1819 1820 1817
f 1821 1822 1823
f 1824 1825 1826
f 1822 1827 1828
f 1829 1830 1831
f 1832 1833 1834
f 1833 1835 1834
f 1746 1836 1799
f 1837 1838 1835
f 1833 1832 1839
f 1840 1841 618
f 1704 1832 1842
f 1835 1838 1843
f 1832 1844 1839
f 1834 1842 1832
f 1704 1842 1702
f 1845 1846 1726
f 1843 1846 1847
f 1847 1835 1843
f 1728 1848 1726
f 1702 1842 1790
f 1835 1847 1834
f 1847 1849 1834
f 1850 1834 1849
f 1727 1851 1852
f 1853 1854 1855
f 1856 1788 1710
f 1726 1848 1845
f 1847 1857 1849
f 1858 1859 1849
f 1782 1781 1790
f 1860 1849 1857
f 1787 1861 1718
f 1789 717 1862
f 1791 1781 1783
f 1863 1864 1865
f 1866 1867 1868
f 1869 1870 1871
f 1872 1780 1863
f 1873 1874 1875
f 1876 1877 1878
f 1444 1879 1771
f 1769 1772 1768
f 1880 1567 1881
f 1692 1795 1693
f 1732 1795 1882
f 1782 1883 1783
f 1884 1885 1886
f 1810 1887 1779
f 1888 1889 1747
f 1798 1836 1746
f 1804 1890 1783
f 1891 1856 1710
f 1892 1799 1836
f 1552 1773 685
f 1740 1699 1709
f 1893 1894 1895
f 1896 1853 1897
f 1787 1744 1759
f 1715 1898 1719
f 1899 1735 1734
f 1889 1748 1747
f 1900 1901 1902
f 1728 1857 1848
f 1852 1851 1903
f 1904 1728 1852
f 1773 1552 1800
f 1811 1743 1720
f 1752 1784 1751
f 1718 1720 1787
f 1697 1699 1740
f 1905 1859 1858
f 1755 1747 1746
f 1810 1811 1906
f 1695 1732 1882
f 1907 1908 1909
f 1718 1717 1813
f 1760 1759 1721
f 1910 1911 1705
f 1836 1912 1913
f 1914 1708 1898
f 1889 1888 1915
f 1880 1692 328
f 1813 1811 1720
f 1900 1891 1916
f 1690 1751 1801
f 1902 1917 1918
f 1902 1868 1900
f 1733 1735 1919
f 1707 1898 1708
f 1920 1868 1918
f 1921 1692 1880
f 1746 1799 1729
f 1785 1922 1786
f 1860 1858 1849
f 1923 1924 1925
f 1558 1800 1552
f 1926 1927 1757
f 1856 1891 1928
f 1724 1776 781
f 1721 1709 1699
f 1929 1930 1931
f 1848 1857 1932
f 1933 1775 1774
f 1934 1935 1936
f 1758 1709 1708
f 50 1925 1567
f 1902 1918 1868
f 1937 1798 1797
f 225 1938 1558
f 1912 1798 1937
f 1694 1910 1705
f 1786 1895 1894
f 783 1892 1913
f 1913 1912 618
f 1939 1889 1915
f 1928 1900 1867
f 1928 1940 1856
f 1722 1941 1723
f 1726 1942 1727
f 1943 1944 1945
f 1717 1716 1946
f 1690 1750 1812
f 1947 1763 1929
f 1948 1949 1950
f 1716 1938 225
f 1906 1813 1717
f 1914 1951 1793
f 1915 1952 1939
f 1940 1915 1856
f 1953 1954 1955
f 1940 1928 1867
f 719 1890 1804
f 1900 1916 1901
f 1707 1759 1744
f 1935 1934 1887
f 1935 1906 1946
f 1955 1954 1949
f 1955 1949 1948
f 1910 1696 1956
f 1935 1946 1936
f 1861 1938 1716
f 1906 1717 1946
f 1957 1941 1958
f 1719 1707 1744
f 1959 1960 1841
f 1888 1788 1856
f 1861 1716 1718
f 1896 1691 1854
f 1961 1806 1808
f 1924 1882 1921
f 1896 1854 1853
f 1946 797 1593
f 1840 1797 1939
f 1932 1845 1848
f 1922 1812 1750
f 1723 1933 1774
f 1922 1750 1770
f 1743 1715 1720
f 1739 1738 1756
f 1962 1771 1770
f 1961 1963 1962
f 1757 1964 1926
f 1939 1952 1960
f 1952 1940 1965
f 1867 1965 1940
f 1836 1913 1892
f 1913 618 201
f 1888 1755 1788
f 1889 1797 1748
f 1966 1885 1967
f 1968 1941 1722
f 1938 1861 1800
f 1852 1728 1727
f 1896 1805 1689
f 1910 1956 1969
f 1774 1776 1724
f 1956 1970 1943
f 1971 1809 1960
f 1965 1960 1952
f 1840 1912 1937
f 1794 1793 1951
f 1972 1722 1724
f 1973 1712 1711
f 1696 1695 1882
f 1972 1971 1968
f 1762 1761 1974
f 1975 1976 1977
f 1707 1719 1898
f 1978 1979 1980
f 1837 1980 1979
f 1981 1982 1983
f 1984 1985 1986
f 1987 1979 1988
f 1844 1989 1839
f 1904 1852 1903
f 1733 1764 1990
f 1984 1991 839
f 1978 1988 1979
f 1992 1989 1844
f 1991 1984 1986
f 1991 1993 759
f 1977 1837 1994
f 1993 1988 759
f 1989 1988 1978
f 1993 1983 1988
f 1995 1996 1967
f 1593 1997 1936
f 1839 1978 1833
f 1975 1982 1981
f 1988 1983 1987
f 1980 1833 1978
f 839 1991 759
f 1837 1833 1980
f 1998 1993 1986
f 1840 618 1912
f 1998 1986 1985
f 1994 1982 1975
f 1978 1839 1989
f 1994 1979 1982
f 1999 2000 2001
f 1812 1784 1752
f 1988 1992 759
f 2002 1838 1977
f 1994 1975 1977
f 1700 1724 506
f 1981 1983 1998
f 1939 1797 1889
f 2002 1977 2003
f 1593 1936 1946
f 2004 519 1330
f 1987 1983 1982
f 1992 1988 1989
f 2003 1977 1976
f 1722 1972 1968
f 1991 1986 1993
f 1981 1985 1975
f 1998 1983 1993
f 1994 1837 1979
f 1985 1981 1998
f 1982 1979 1987
f 1959 1841 1840
f 1847 1846 1845
f 1775 1593 803
f 620 618 1841
f 1701 1972 1700
f 1759 1760 1787
f 1786 2005 2006
f 1698 1769 1736
f 1892 809 1799
f 1905 1850 1859
f 1959 1840 1939
f 1787 1800 1861
f 1925 1881 1567
f 1794 1756 1792
f 1796 1841 1809
f 1810 1779 1743
f 1940 1952 1915
f 1796 620 1841
f 1899 2007 1735
f 328 51 1880
f 1845 1932 1847
f 1810 1935 1887
f 1939 1960 1959
f 783 809 1892
f 620 1796 508
f 1593 1775 1997
f 2008 1764 2009
f 1924 1696 1882
f 1972 1701 1971
f 2010 2011 1969
f 1972 1724 1700
f 1960 1809 1841
f 1727 1942 542
f 2012 2013 2014
f 1740 2015 2016
f 1840 1937 1797
f 1023 1022 2017
f 1938 1800 1558
f 1850 1782 1790
f 2018 2019 2020
f 1893 2021 1894
f 1776 1775 803
f 1912 1836 1798
f 2022 1655 2023
f 1723 2024 1933
f 1862 1853 1855
f 1896 1689 1691
f 1906 1935 1810
f 2022 1656 1655
f 2025 2026 2027
f 1724 781 506
f 2022 2023 1578
f 783 1913 200
f 2028 1961 1808
f 1931 1947 1929
f 2029 1951 1714
f 1805 1896 1897
f 1868 1867 1900
f 2027 2030 2031
f 1725 1714 1951
f 1723 1941 1957
f 1909 1944 2032
f 2033 1578 2023
f 1747 1755 1888
f 1775 1933 2024
f 1857 1762 1974
f 1773 1778 1777
f 200 1913 201
f 1706 1754 1694
f 1900 1928 1891
f 1715 1725 1898
f 1724 1723 1774
f 2034 1971 2035
f 1735 2036 2037
f 1735 2037 1919
f 2021 1738 1737
f 1693 1795 1730
f 1855 2038 1862
f 1857 1904 1762
f 2039 2040 2041
f 2035 1960 1965
f 1730 1732 1755
f 1968 2034 1958
f 1850 1849 1859
f 1655 2042 2043
f 1893 2044 1792
f 2035 1965 1867
f 1760 1768 1787
f 1957 2024 1723
f 1706 1973 1711
f 1862 2038 1789
f 1971 1701 1809
f 1856 1915 1888
f 1656 2022 1578
f 1906 1811 1813
f 1881 1925 1924
f 1798 1746 1748
f 1842 1850 1790
f 1971 1960 2035
f 2045 1954 1735
f 1879 2005 1922
f 2046 1909 2032
f 2023 1655 2043
f 797 1946 1716
f 1572 1693 1745
f 2023 2043 2047
f 1971 2034 1968
f 781 1776 803
f 506 508 1700
f 1716 225 797
f 1921 1880 1881
f 1742 1741 2048
f 1943 1923 2032
f 2047 2033 2023
f 1941 1968 1958
f 2049 2039 2041
f 1777 686 1773
f 2005 1879 2050
f 2039 1023 2017
f 2051 2052 2031
f 2049 2050 2039
f 2053 2054 2014
f 1399 2042 1662
f 2050 2049 2005
f 2040 2017 2055
f 2056 2057 2058
f 1597 2020 2019
f 2017 2040 2039
f 2059 2060 2000
f 2061 2040 2055
f 2062 2063 2020
f 2064 2049 2041
f 2041 2053 2064
f 1740 1742 2015
f 2051 2065 2052
f 2033 2047 2066
f 2067 2018 2020
f 1879 1444 2050
f 2068 1917 1884
f 1995 2069 2070
f 2040 2061 2071
f 2041 2040 2071
f 2053 2013 2006
f 2042 2072 2043
f 2020 752 2062
f 1886 1885 1966
f 2073 2074 2038
f 2013 2053 2014
f 1895 2006 2013
f 1270 2075 1260
f 2076 1958 2034
f 2077 2051 2078
f 2079 2026 2052
f 2047 2080 2066
f 2052 2025 2031
f 2081 2082 2083
f 1662 2042 1655
f 2082 2081 2074
f 2084 2085 1217
f 1775 2086 2087
f 1826 2074 2081
f 2088 1230 1031
f 2085 2084 2003
f 2089 2042 1399
f 2090 867 756
f 2072 2080 2043
f 2085 2088 1031
f 2003 2084 2002
f 2091 2092 2093
f 2091 2093 2094
f 2085 1031 1217
f 1995 2070 1996
f 2078 2031 2030
f 2042 1827 2072
f 1976 2088 2003
f 2095 2096 2097
f 2085 2003 2088
f 2002 2098 1838
f 1195 2098 2084
f 2084 1217 1195
f 1942 2099 542
f 1843 1838 1846
f 2100 2099 1942
f 2101 1846 1838
f 2099 2101 2098
f 2098 2101 1838
f 1846 2101 2100
f 2080 2072 1827
f 2084 2098 2002
f 2099 1195 542
f 2100 2101 2099
f 2090 756 2102
f 2099 2098 1195
f 2103 2104 2054
f 2013 2012 2048
f 2104 2012 2014
f 2048 2044 1895
f 519 1851 542
f 2044 2048 1741
f 2103 2105 2015
f 1826 2102 2074
f 1742 2012 2015
f 2043 2080 2047
f 2096 1816 2106
f 1886 2107 2108
f 1697 1740 2016
f 2006 2005 2064
f 2012 2103 2015
f 1697 2016 2109
f 2109 2016 2110
f 2110 2111 2109
f 2112 2111 2110
f 2020 2063 2067
f 1698 2109 2113
f 2058 2111 2112
f 2050 1374 2039
f 2111 2057 2113
f 1698 2113 1769
f 2113 2057 2114
f 2114 1769 2113
f 2115 2116 2117
f 2056 2114 2057
f 1772 1769 2114
f 46 2056 39
f 2118 2056 46
f 1777 2114 2118
f 1772 2114 1777
f 1008 2118 46
f 1777 2118 686
f 1008 686 2118
f 1780 1779 1863
f 2119 2120 2121
f 2122 2123 2124
f 1773 686 685
f 1824 2125 2126
f 1023 2039 1374
f 2053 2006 2064
f 2125 1824 2081
f 2127 2128 1958
f 2054 2053 2041
f 1966 2107 1886
f 1864 1863 1779
f 2129 2130 2131
f 1877 1875 2132
f 2133 2134 2135
f 1918 1917 2068
f 2020 1597 1581
f 2136 2063 2062
f 2063 2136 2137
f 2063 2027 2067
f 1957 2138 2024
f 2137 2077 2063
f 2063 2077 2030
f 2139 2116 2115
f 2063 2030 2027
f 2031 2025 2027
f 2048 2012 1742
f 1999 2001 2140
f 2030 2077 2078
f 2078 2051 2031
f 2052 2026 2025
f 752 749 2141
f 2142 2102 1826
f 2143 2144 2090
f 2145 1920 2108
f 2146 2137 2136
f 2118 2114 2056
f 1918 2068 1920
f 2147 2148 2149
f 2132 2150 2108
f 2151 1878 1966
f 2096 2152 2097
f 2108 1884 1886
f 2153 2140 2154
f 2127 1958 2076
f 2155 2156 1878
f 2150 2145 2108
f 2132 2107 1877
f 2076 2034 2157
f 1851 1727 542
f 2109 2111 2113
f 2046 1260 2094
f 2104 2103 2012
f 2016 2015 2158
f 2159 2160 2161
f 2070 2159 2162
f 2159 2163 2160
f 2159 2070 2069
f 2162 2159 2161
f 2159 2069 2164
f 2165 2163 2159
f 2162 1996 2070
f 2164 2069 2166
f 2005 2049 2064
f 2041 2071 2054
f 2048 1895 2013
f 2014 2054 2104
f 2111 2058 2057
f 1022 1021 2017
f 2091 2094 2167
f 2050 1444 1374
f 1923 50 1260
f 1923 1260 2046
f 1697 2109 1698
f 2094 2093 2046
f 1964 2168 1926
f 2156 2135 2134
f 2169 2093 2092
f 1021 2055 2017
f 2170 1967 1996
f 2015 2105 2158
f 2127 2145 2150
f 2140 1865 1999
f 1783 1890 1791
f 2171 1934 2172
f 1873 2173 1874
f 2151 1966 1967
f 2174 2097 2152
f 2024 2138 2086
f 2024 2086 1775
f 1878 1877 2107
f 2086 2138 2087
f 1878 2156 1876
f 2128 2127 2150
f 2000 2171 2172
f 1714 2121 2029
f 2127 2157 1866
f 2157 2034 2035
f 1999 1865 2171
f 1885 1995 1967
f 1877 1876 1875
f 2175 2176 2156
f 1887 2171 1864
f 1871 1775 2177
f 2155 1878 2151
f 2128 1875 1958
f 2174 2175 2097
f 2130 2178 2179
f 1871 1870 1936
f 1876 1873 1875
f 2119 1872 2120
f 2035 1867 1866
f 1863 1865 2180
f 2155 2135 2156
f 2173 1957 1874
f 1819 2095 2181
f 1866 1920 2145
f 1942 1726 2100
f 1903 1930 1762
f 1974 1860 1857
f 1850 1905 1782
f 1763 1762 1930
f 2100 1726 1846
f 1904 1857 1728
f 2044 1893 1895
f 2182 1860 1974
f 1860 2182 2028
f 1905 1883 1782
f 1858 2028 1905
f 1763 1930 1929
f 1903 1931 1930
f 1883 1905 2028
f 1931 1903 2004
f 1961 2028 2182
f 1761 1961 1974
f 1804 1897 1853
f 1807 1883 2028
f 1808 1807 2028
f 1805 1897 1804
f 1842 1834 1850
f 1571 1947 1931
f 1762 1904 1903
f 2133 2149 2134
f 1963 1961 1761
f 1066 1571 1931
f 2183 2184 1803
f 1947 1571 1963
f 2121 2120 2179
f 2134 2175 2156
f 1807 1806 1805
f 2185 1765 1764
f 2179 2168 2121
f 1872 1863 2180
f 1771 1962 1963
f 1990 2184 2186
f 1691 2187 1854
f 1868 1920 1866
f 2108 1920 2068
f 1874 1958 1875
f 1749 1806 1962
f 2037 2009 1764
f 2037 1764 1919
f 1851 519 2004
f 1749 1689 1806
f 1691 1801 2187
f 1884 2108 2068
f 2188 2189 2186
f 2189 1990 2186
f 1764 1767 1990
f 1767 1803 1990
f 1749 1962 1770
f 1771 1879 1770
f 1873 1876 2176
f 1696 1910 1694
f 1764 1733 1919
f 1734 1733 1990
f 1803 2184 1990
f 1750 1690 1689
f 1954 1953 2036
f 1954 2036 1735
f 1963 1763 1947
f 1899 1734 2189
f 2038 1855 2073
f 1907 1949 1954
f 1806 1689 1805
f 1950 1949 2190
f 2005 1786 1922
f 1907 1954 2045
f 2191 2190 1949
f 1909 1949 1907
f 1784 1812 1785
f 1260 2075 2167
f 1260 2167 2094
f 1563 1692 1572
f 1692 1921 1795
f 1795 1921 1882
f 2007 2045 1735
f 2191 1949 1909
f 2191 1909 2192
f 1879 1922 1770
f 1907 2045 1908
f 1951 1898 1725
f 2193 1534 1545
f 1908 2045 2007
f 1758 1708 1914
f 1927 1739 1757
f 1692 1563 328
f 1926 2115 2117
f 1734 1990 2189
f 1883 1805 1783
f 1951 1914 1898
f 1851 2004 1903
f 2169 2192 1909
f 2169 1909 2093
f 2128 2132 1875
f 2175 2134 2149
f 1964 1951 2029
f 2174 2176 2175
f 2156 2176 1876
f 1878 2107 1966
f 1761 1763 1963
f 1741 1740 1758
f 1956 1696 1970
f 1924 1970 1696
f 2006 1895 1786
f 1951 1964 1794
f 1791 1703 1790
f 1741 1758 2044
f 2044 1758 1914
f 1911 1910 1969
f 2194 2193 1545
f 2185 1764 2008
f 1924 1921 1881
f 2007 2195 2010
f 2196 2061 2055
f 2197 2158 2198
f 1648 1534 2193
f 1844 1832 1703
f 1832 1704 1703
f 1844 1703 1791
f 2199 2200 2201
f 2196 1648 2202
f 2044 1914 1793
f 1595 1545 1424
f 1923 1970 1924
f 1911 1969 2011
f 1648 2193 2202
f 2202 2061 2196
f 2203 1586 399
f 2196 1021 1648
f 2204 2205 2194
f 2193 2194 2205
f 2199 2206 2198
f 1961 2182 1974
f 2207 2054 2071
f 2207 2071 2208
f 2197 2110 2158
f 1857 1847 1932
f 2207 2103 2054
f 2208 2209 2207
f 1595 1587 2204
f 2204 1587 2205
f 2210 2208 2202
f 2204 1545 1595
f 1793 1792 2044
f 2112 2197 2203
f 2205 1587 2210
f 1923 1943 1970
f 1587 1554 2211
f 1945 1956 1943
f 2201 2211 1556
f 2105 2209 2212
f 2199 2201 1556
f 2198 2158 2212
f 1858 1860 2028
f 1969 1956 1945
f 1330 1066 2004
f 2212 2158 2105
f 2110 2016 2158
f 1880 51 1567
f 1702 1790 1703
f 1964 1757 1794
f 1549 2206 1553
f 2110 2197 2112
f 1066 1931 2004
f 2173 1873 2176
f 2174 2173 2176
f 2140 2153 1865
f 2095 1816 2096
f 2175 2213 2097
f 1872 2119 1780
f 2197 2198 2206
f 1751 1784 1737
f 2208 2071 2061
f 1925 50 1923
f 2181 2213 2149
f 2206 2203 2197
f 2173 2174 2152
f 2181 2149 2148
f 2097 2213 2095
f 2152 2138 2173
f 2147 2214 2148
f 2087 2138 2096
f 2181 2095 2213
f 1936 1870 2172
f 2181 2148 1820
f 1771 1963 1571
f 2210 1587 2211
f 2112 2203 2058
f 2200 2209 2208
f 1969 1945 2010
f 2203 389 2058
f 2055 1021 2196
f 2096 2138 2152
f 2215 2130 2129
f 2096 2106 2087
f 2087 2106 2177
f 2001 2000 2060
f 1862 717 719
f 1944 2010 1945
f 1775 2087 2177
f 1757 1756 1794
f 1865 1864 2171
f 1816 2095 1814
f 2216 2139 2215
f 2177 2106 2217
f 1814 1819 1817
f 2171 1887 1934
f 1869 2177 2217
f 39 2056 389
f 2106 1816 1818
f 1818 2217 2106
f 2157 2035 1866
f 1812 1922 1785
f 1820 2218 1817
f 1893 1792 2021
f 1820 1819 2181
f 2193 2205 2210
f 1962 1806 1961
f 1814 2095 1819
f 2076 2157 2127
f 2081 2083 2125
f 2132 2108 2107
f 2209 2103 2207
f 2219 1901 1916
f 2220 2221 2222
f 2223 2224 2225
f 2226 2227 2228
f 2219 2229 2222
f 2219 2222 1901
f 1712 2229 2230
f 2220 2222 2227
f 2231 1901 2222
f 2189 2223 1899
f 2232 2233 2234
f 2235 1902 1901
f 1884 1917 2166
f 2230 1916 1891
f 2219 1916 2230
f 2228 2236 2237
f 2238 2239 2240
f 2241 1902 2235
f 2221 2231 2222
f 1902 2241 1917
f 2229 2228 2227
f 2242 2229 1712
f 2243 2244 2221
f 2226 2245 2227
f 2246 1911 2011
f 2220 2227 2245
f 2247 2245 2248
f 1710 2230 1891
f 2231 2164 2241
f 2164 2231 2221
f 1712 1973 2242
f 1710 1712 2230
f 2241 2164 2166
f 2244 2164 2221
f 2243 2221 2249
f 2221 2220 2249
f 2238 2250 2239
f 2223 2007 1899
f 2242 2228 2229
f 1706 2234 1973
f 1884 2069 1995
f 2240 2224 2238
f 2242 2234 2228
f 2251 2249 2220
f 1973 2234 2242
f 2252 2234 2253
f 2253 2234 1706
f 1911 2253 1705
f 2236 2233 2224
f 2245 2226 2237
f 2236 2228 2233
f 2233 2228 2234
f 2164 2244 2159
f 2224 2254 2225
f 2234 2252 2232
f 2235 2231 2241
f 2237 2248 2245
f 2229 2227 2222
f 2249 2244 2243
f 2252 2253 2246
f 2228 2237 2226
f 2166 1917 2241
f 2245 2251 2220
f 2244 2249 2255
f 2251 2255 2249
f 2255 2159 2244
f 2245 2247 2251
f 2237 2236 2240
f 1705 2253 1706
f 2251 2247 2255
f 2159 2255 2165
f 2240 2239 2237
f 1884 2166 2069
f 2247 2248 2256
f 2237 2239 2248
f 2257 2225 2254
f 2224 2240 2236
f 2254 2232 2258
f 2258 2232 2252
f 2232 2254 2233
f 1901 2231 2235
f 2256 2165 2255
f 2256 2255 2247
f 2224 2233 2254
f 2259 2250 2188
f 2258 2252 2246
f 2260 2239 2250
f 2246 2253 1911
f 2224 2223 2238
f 2011 2258 2246
f 2257 2254 2258
f 2258 2011 2257
f 2260 2250 2259
f 2189 2238 2223
f 2225 2257 2261
f 2007 2223 2225
f 2195 2257 2011
f 2188 2250 2238
f 2007 2225 2261
f 2257 2195 2261
f 2188 2238 2189
f 2195 2007 2261
f 2229 2219 2230
f 2262 2263 2264
f 2265 2266 2267
f 2268 2027 2026
f 2269 2270 2271
f 2272 2067 2273
f 2026 2273 2268
f 2079 2274 2275
f 2268 2273 2067
f 2276 2277 2278
f 2279 2280 2281
f 2282 2270 2281
f 2283 2018 2277
f 2273 2079 2275
f 2277 2276 2283
f 2284 2265 2285
f 2126 2125 2286
f 2277 2272 2278
f 2277 2067 2272
f 2286 2287 2274
f 2216 2215 2264
f 2275 2272 2273
f 2027 2268 2067
f 2154 2140 2288
f 2270 2289 2281
f 2281 2280 2282
f 2290 2291 2292
f 2293 2275 2274
f 2279 2281 2294
f 2295 2296 2264
f 2286 2294 2289
f 2289 2269 2286
f 2291 2297 2292
f 2125 2294 2286
f 2298 2269 2271
f 2294 2281 2289
f 2140 2001 2299
f 2300 2301 2292
f 2275 2293 2278
f 2287 2298 2302
f 2277 2018 2067
f 1612 1597 2019
f 2265 2303 2285
f 2286 2274 2304
f 2083 2294 2125
f 2296 2305 2306
f 2307 2285 2308
f 2304 2079 2126
f 2298 2287 2269
f 2083 2279 2294
f 2286 2269 2287
f 2309 2310 2284
f 2278 2293 2287
f 2295 2264 2263
f 2083 2311 2279
f 2305 2266 2306
f 2312 2267 2301
f 2285 2309 2284
f 2287 2302 2278
f 2285 2280 2308
f 2313 2305 2296
f 2307 2309 2285
f 2289 2270 2269
f 2079 2273 2026
f 2279 2311 2308
f 2301 2282 2312
f 2304 2126 2286
f 2314 2299 2315
f 2316 2276 2278
f 2280 2279 2308
f 2274 2287 2293
f 2267 2312 2265
f 2312 2303 2265
f 2316 2278 2302
f 2278 2272 2275
f 2312 2282 2303
f 2315 2299 2001
f 2274 2079 2304
f 2301 2300 2282
f 2270 2300 2317
f 2305 2318 2266
f 2303 2280 2285
f 2270 2282 2300
f 2297 2317 2300
f 2303 2282 2280
f 2292 2301 2267
f 2292 2297 2300
f 2265 2284 2266
f 2284 2310 2266
f 2266 2310 2306
f 2267 2318 2292
f 2318 2267 2266
f 2319 2306 2310
f 2318 2320 2292
f 2320 2290 2292
f 2321 2306 2319
f 2318 2305 2320
f 2290 2320 2313
f 2313 2320 2305
f 2306 2321 2216
f 2313 2296 2322
f 2216 2296 2306
f 2296 2295 2322
f 2264 2296 2216
f 2262 2264 2215
f 2215 2129 2262
f 2263 2262 2323
f 2299 2288 2140
f 2324 2325 2065
f 1869 1871 2177
f 2217 2060 1869
f 1789 2038 2074
f 2326 1821 1823
f 2198 2212 2199
f 1869 2059 1870
f 2146 2123 2137
f 1995 1885 1884
f 2208 2210 2201
f 2327 2120 1872
f 2210 2211 2201
f 1869 2060 2059
f 1936 1997 1871
f 2203 2206 1586
f 1775 1871 1997
f 2060 2217 2315
f 1545 2204 2194
f 2315 2001 2060
f 2172 1870 2059
f 1833 1837 1835
f 1977 1838 1837
f 2059 2000 2172
f 2172 1934 1936
f 1957 2173 2138
f 1999 2171 2000
f 1756 2021 1792
f 1887 1864 1779
f 2046 2032 1923
f 2213 2175 2149
f 2180 1865 2153
f 2132 2128 2150
f 2327 1872 2180
f 2180 2131 2327
f 2119 1713 1780
f 2131 2130 2327
f 1713 2119 1714
f 2145 2127 1866
f 2327 2130 2120
f 2119 2121 1714
f 2029 2121 1964
f 1874 1957 1958
f 1944 1943 2032
f 2179 2120 2130
f 2130 2215 2178
f 2168 2179 2178
f 2168 1964 2121
f 2178 2115 2168
f 2139 2178 2215
f 2115 2178 2139
f 1926 2168 2115
f 2020 1581 752
f 2105 2103 2209
f 1826 2081 1824
f 1789 2074 2102
f 2080 1821 2066
f 749 753 2141
f 2195 2011 2010
f 2102 2142 2328
f 2329 1739 1927
f 1784 2021 1737
f 2083 2082 2311
f 2143 2090 1829
f 1738 2021 1756
f 2206 1549 1586
f 753 2146 2141
f 2328 2090 2102
f 1822 1821 2080
f 2324 2122 1821
f 2141 2062 752
f 2122 2077 2137
f 2141 2146 2136
f 2079 2052 1824
f 1829 2090 1830
f 1944 1909 1908
f 1862 1804 1853
f 2330 2123 2146
f 756 1789 2102
f 1821 2122 2124
f 2010 1944 1908
f 2314 1818 1815
f 2331 2332 2333
f 1823 2334 2326
f 2065 2122 2324
f 2335 2336 2302
f 2337 2338 2339
f 1805 1883 1807
f 2202 2193 2210
f 2124 2066 1821
f 2186 2340 2341
f 2325 2324 1830
f 2203 399 389
f 1827 1822 2080
f 2328 1830 2090
f 2271 2337 2335
f 2342 2343 2344
f 2146 753 2330
f 2142 2325 1830
f 1553 2199 1556
f 2010 1908 2007
f 2345 2346 2347
f 2348 2155 2349
f 2350 2351 2352
f 2353 2354 2135
f 2355 2356 2357
f 2326 1830 2324
f 2066 2124 2033
f 2183 2358 2184
f 2359 2360 2361
f 2362 2363 2361
f 2333 2364 2331
f 2051 2077 2122
f 1909 2046 2093
f 2144 867 2090
f 2122 2065 2051
f 1825 1824 2052
f 2328 2142 1830
f 1828 1823 1822
f 2122 2137 2123
f 2124 2123 2330
f 2033 2330 1578
f 1825 2142 1826
f 2136 2062 2141
f 2365 2366 2367
f 2330 2033 2124
f 2079 1824 2126
f 2367 2323 2365
f 2325 2142 1825
f 2186 2184 2340
f 2325 2052 2065
f 2334 1830 2326
f 2074 2073 2082
f 2200 2199 2212
f 2325 1825 2052
f 1823 1828 2368
f 2334 1831 1830
f 2352 2263 2367
f 2369 2370 2133
f 2330 753 1578
f 2360 2359 2290
f 2371 2337 2317
f 2201 2200 2208
f 2361 2372 2362
f 2291 2290 2373
f 2117 2116 2319
f 2310 2309 2374
f 2117 2319 2374
f 2326 2324 1821
f 2319 2116 2321
f 2139 2321 2116
f 1739 2329 1737
f 2139 2216 2321
f 2374 2319 2310
f 2117 2375 1927
f 2375 2117 2374
f 2376 2308 2311
f 2377 2378 2379
f 2374 2309 2380
f 2380 2309 2381
f 1855 1854 2382
f 2376 2311 2082
f 2329 1927 2375
f 2382 2383 2384
f 2376 2082 2073
f 1855 2382 2073
f 2385 1737 2386
f 2387 1737 2329
f 2380 2381 2388
f 2380 2375 2374
f 1737 2387 2386
f 2307 2308 2376
f 2388 2381 2377
f 2376 2389 2390
f 2329 2375 2387
f 2379 2383 1801
f 2384 2378 2390
f 2199 1553 2206
f 2378 2381 2390
f 2307 2390 2381
f 1927 1926 2117
f 2389 2384 2390
f 2384 2389 2073
f 2382 2384 2073
f 2386 2387 2388
f 2385 2386 2377
f 1801 2385 2379
f 2390 2307 2376
f 1801 1751 2385
f 2379 2385 2377
f 2388 2375 2380
f 2381 2378 2377
f 1854 2187 2383
f 1854 2383 2382
f 2375 2388 2387
f 2377 2386 2388
f 1751 1737 2385
f 1801 2383 2187
f 2379 2384 2383
f 2073 2389 2376
f 2378 2384 2379
f 2307 2381 2309
f 1844 1791 1890
f 2391 1844 1890
f 2391 719 759
f 1890 719 2391
f 759 1992 2391
f 1844 2391 1992
f 2392 2393 1985
f 525 1472 698
f 525 331 1472
f 2393 1975 1985
f 818 2394 1480
f 2393 2392 2395
f 2396 1388 2397
f 818 1230 2394
f 2392 698 2395
f 1472 280 2395
f 2263 2352 2295
f 2398 2394 2088
f 1390 1388 2396
f 2399 2400 1501
f 2393 2395 2394
f 2398 2393 2394
f 2401 2399 1501
f 2398 1975 2393
f 2392 645 698
f 2089 1401 1425
f 1984 645 2392
f 1480 2394 2395
f 1976 1975 2398
f 1425 1390 2396
f 2392 1985 1984
f 2398 2088 1976
f 2350 2352 2367
f 698 1472 2395
f 2394 1230 2088
f 2397 2402 2396
f 645 1984 839
f 2395 280 1480
f 2337 2271 2317
f 2403 2360 2404
f 2403 2342 2405
f 2333 2406 2407
f 2089 1399 1401
f 2408 2409 2410
f 2403 2404 2351
f 2411 2412 2413
f 2297 2291 2373
f 2402 1425 2396
f 2089 1425 2402
f 2397 2414 2402
f 2347 2346 2413
f 2403 2351 2342
f 2407 2356 2355
f 2415 2170 1996
f 2416 2417 2418
f 2404 2290 2313
f 2188 2186 2341
f 1389 2397 1388
f 2360 2403 2419
f 1389 2414 2397
f 2147 2420 2214
f 2414 2400 2402
f 1389 1501 2414
f 2405 2342 2344
f 1820 2148 2218
f 1501 2400 2414
f 2400 2399 2421
f 2295 2352 2322
f 2333 2369 2406
f 2337 2371 2338
f 2422 2423 2143
f 2424 2368 2425
f 1089 2423 1156
f 2426 2427 2428
f 2421 1827 2042
f 1828 2425 2368
f 2342 2350 2366
f 2424 2429 1831
f 2133 2147 2149
f 2361 2363 2430
f 2401 1123 1146
f 2334 2368 1831
f 2431 1146 2427
f 2399 2432 2421
f 2373 2359 2430
f 2373 2430 2297
f 2428 2427 2422
f 2373 2290 2359
f 2367 2366 2350
f 2424 1831 2368
f 1828 2433 2432
f 2357 2434 2412
f 2356 2435 2357
f 2432 2431 2426
f 2436 2437 2355
f 2143 2429 2422
f 2401 2431 2399
f 2370 2333 2332
f 2426 2425 2432
f 1827 2433 1828
f 2361 2430 2359
f 2313 2322 2404
f 2364 2333 2407
f 1829 1831 2429
f 2428 2424 2426
f 2433 2421 2432
f 2357 2435 2438
f 1123 2401 1501
f 1146 2431 2401
f 2143 1829 2429
f 2435 2356 2406
f 2353 2135 2155
f 2439 1146 1145
f 2439 1156 2423
f 2354 2369 2133
f 2144 1089 867
f 2364 2440 2331
f 2297 2430 2317
f 2430 2441 2371
f 2422 1146 2439
f 2433 1827 2421
f 2058 389 2056
f 2371 2317 2430
f 2442 2170 2413
f 2360 2290 2404
f 2061 2202 2208
f 2402 2421 2042
f 2439 2423 2422
f 2440 2407 2437
f 2409 2443 2444
f 2407 2440 2364
f 2353 2369 2354
f 2353 2406 2369
f 2349 2434 2438
f 2406 2356 2407
f 2317 2271 2270
f 2348 2435 2353
f 2360 2419 2372
f 2353 2435 2406
f 2407 2355 2437
f 2298 2445 2335
f 2443 2355 2357
f 2355 2408 2436
f 2336 2335 2339
f 2335 2337 2339
f 2351 2404 2322
f 2298 2271 2445
f 2355 2443 2409
f 2271 2335 2445
f 2366 2343 2342
f 2435 2348 2438
f 2446 2436 2408
f 2333 2370 2369
f 2348 2349 2438
f 2417 2340 2358
f 2350 2342 2351
f 2348 2353 2155
f 2408 2355 2409
f 2443 2357 2412
f 2298 2335 2302
f 2336 2447 2302
f 2151 2349 2155
f 2410 2446 2408
f 2447 2316 2302
f 2151 1967 2349
f 2357 2438 2434
f 2341 2340 2417
f 2410 2409 2448
f 2448 2409 2444
f 2444 2443 2449
f 2372 2361 2360
f 1967 2170 2349
f 2411 2449 2443
f 2370 2332 2420
f 2444 2449 2448
f 2405 2372 2419
f 2442 2412 2434
f 2443 2412 2411
f 2434 2170 2442
f 2413 2412 2442
f 2370 2420 2133
f 2170 2415 2413
f 2346 2411 2413
f 2347 2413 2415
f 1996 2162 2415
f 2162 2161 2415
f 2263 2323 2367
f 2345 2347 2415
f 2420 2147 2133
f 2345 2415 2161
f 2160 2345 2161
f 2371 2339 2338
f 2217 1818 2315
f 2133 2135 2354
f 2322 2352 2351
f 2403 2405 2419
f 2188 2450 2259
f 2314 2315 1818
f 2188 2341 2450
f 2371 2441 2339
f 2349 2170 2434
f 2418 2417 2358
f 2340 2184 2358
f 2209 2200 2212
f 2334 1823 2368
f 2425 1828 2432
f 2144 2143 2423
f 1146 2422 2427
f 1804 1862 719
f 2427 2426 2431
f 2432 2399 2431
f 2428 2422 2429
f 2428 2429 2424
f 2402 2400 2421
f 2424 2425 2426
f 2402 2042 2089
f 1784 1894 2021
f 1156 2439 1145
f 2423 1089 2144
f 2211 1554 1556
f 1894 1784 1786
f 2451 1291 2452
f 2453 2454 2455
f 2456 2457 2458
f 344 1051 2459
f 2460 2461 2462
f 2463 2464 2465
f 2466 2467 2468
f 2469 2470 2471
f 1815 2472 2473
f 2474 2475 2476
f 326 325 2477
f 2478 2479 2480
f 2457 2481 2482
f 2483 2484 2485
f 2473 2314 1815
f 2486 2487 2488
f 2489 2362 2372
f 2490 760 2491
f 2483 2460 2492
f 2493 2494 2495
f 2486 2496 2497
f 2498 2499 2500
f 2470 2501 2502
f 2487 2503 2488
f 2504 2505 2506
f 188 2507 178
f 2508 2509 2510
f 2511 2512 2513
f 2514 2515 2516
f 2475 2474 2517
f 2518 2519 2520
f 2486 2521 236
f 2522 2456 2458
f 2523 2469 2455
f 2524 2525 2526
f 2527 2462 2528
f 2515 2529 2516
f 2530 2531 2532
f 673 2533 2534
f 2535 2536 2537
f 2538 2539 2489
f 2540 2218 2148
f 2514 2463 2465
f 2455 2471 2453
f 2518 2541 2542
f 2523 2455 2454
f 2543 2542 2544
f 2545 2546 2547
f 2548 2332 2331
f 2332 2548 2549
f 2550 2551 2481
f 2550 2513 2552
f 2553 2554 2362
f 2555 2556 2557
f 2558 2556 2559
f 2362 2554 2363
f 2560 2561 2562
f 2563 2554 2553
f 2564 2565 2566
f 2567 2568 2569
f 2524 2570 2571
f 2572 2339 2573
f 2574 2575 2569
f 2576 2577 2578
f 2563 2579 2554
f 2580 2509 2581
f 2537 2560 2582
f 2491 760 800
f 773 777 2583
f 2488 2503 2463
f 2584 2585 2539
f 2558 2559 2586
f 2555 2586 2559
f 2568 2363 2554
f 2587 2588 2589
f 2543 2544 2590
f 2491 2591 2592
f 2573 2593 2594
f 2595 2596 2597
f 2598 2579 2563
f 2599 2600 2548
f 2331 2440 2601
f 2576 2568 2554
f 2560 2562 2602
f 2507 2603 2604
f 2605 2606 2607
f 2577 2608 2609
f 2609 2480 2479
f 2610 2546 2545
f 2580 2611 2612
f 2613 2614 2555
f 2615 2616 2617
f 2618 2600 2557
f 2601 2605 2590
f 2488 2619 2496
f 2620 2621 2622
f 2623 2624 2625
f 2491 798 2591
f 2626 2608 2579
f 2627 2586 2555
f 2614 2627 2555
f 2584 2538 2489
f 2599 2614 2613
f 2628 2629 2534
f 2630 2518 2542
f 2583 2631 773
f 2504 2632 2633
f 2634 2635 2636
f 2592 2637 2490
f 2568 2567 2441
f 2638 2639 2630
f 2584 2539 2538
f 760 2490 2640
f 2621 2620 2617
f 2641 2588 2587
f 2601 2614 2599
f 2218 2642 2472
f 2536 2507 2643
f 2644 2645 2517
f 2646 2619 2453
f 2647 2615 2648
f 2489 2344 2584
f 2214 2420 2549
f 2649 2650 2276
f 2214 2651 2540
f 2462 2485 2652
f 2566 2653 2540
f 2654 2501 2497
f 2464 2463 2503
f 2323 2620 2622
f 2471 2502 2453
f 2606 2605 2440
f 2655 2656 2657
f 2460 2462 2527
f 2323 2262 2620
f 2658 2276 2650
f 776 2583 777
f 2659 2660 2661
f 2437 2606 2440
f 774 2591 798
f 2662 2262 2129
f 2583 776 2631
f 2631 2591 773
f 2651 2618 2663
f 2580 2664 2665
f 2641 2587 2666
f 2585 2584 2667
f 2569 2593 2567
f 2668 1484 1483
f 2669 2474 2476
f 2578 2574 2576
f 2453 2516 2454
f 2622 2365 2323
f 2648 2617 2620
f 2567 2593 2573
f 2670 2671 2672
f 2673 2674 2675
f 2676 2677 2584
f 2593 2575 2611
f 2678 2590 2605
f 2634 2679 2680
f 2639 2638 2681
f 2625 2624 2682
f 2599 2548 2601
f 2683 2684 2685
f 2283 2686 2019
f 2658 2650 2687
f 2620 2262 2662
f 2473 2472 2688
f 2689 2690 2691
f 2501 2654 2502
f 2580 2581 2692
f 2636 2560 2634
f 2693 2479 2478
f 2694 2695 1370
f 2696 2612 2574
f 1612 2686 2697
f 2698 2647 2648
f 2699 2532 2700
f 2575 2574 2612
f 2441 2430 2568
f 2701 2702 2703
f 2577 2479 2509
f 2642 2704 2705
f 2607 2436 2706
f 2695 2707 1370
f 2547 2708 2709
f 2638 2607 2706
f 2440 2605 2601
f 2626 2480 2609
f 2710 326 2477
f 2453 2619 2516
f 2623 2711 1484
f 2505 2494 2712
f 2611 2594 2593
f 2336 2572 2713
f 2681 2638 2706
f 2533 673 199
f 2714 2570 2526
f 2593 2569 2575
f 2715 2716 2717
f 2678 2638 2543
f 2611 2575 2612
f 2718 2711 2719
f 2713 2572 2594
f 2509 2508 2581
f 2447 2336 2713
f 2720 2721 2722
f 2543 2638 2542
f 2694 2723 2724
f 2614 2601 2590
f 2725 2726 2727
f 2728 2726 2729
f 2698 2153 2647
f 2531 2730 2731
f 2365 2732 2701
f 1591 2668 1483
f 1484 2668 2623
f 2733 2668 1598
f 2695 2734 2735
f 2616 2547 2546
f 2647 2153 2154
f 2728 2729 2736
f 2727 2726 2737
f 2738 2739 2740
f 2740 2741 2742
f 2668 1591 1598
f 2743 2731 2693
f 2647 2154 2708
f 2736 2594 2611
f 2744 2594 2736
f 2743 2700 2531
f 2693 2731 2510
f 2508 2510 2581
f 1369 2723 2694
f 2729 2726 2725
f 2740 2745 2741
f 2746 2747 2748
f 2541 2544 2542
f 2542 2638 2630
f 2741 2749 2750
f 2494 2751 2604
f 2729 2649 2744
f 2752 186 960
f 2731 2746 2581
f 2729 2744 2736
f 2723 1437 2753
f 2648 2615 2617
f 2729 2687 2650
f 2495 2604 2603
f 2649 2447 2744
f 2738 2532 2739
f 2754 2755 2734
f 2756 2735 2757
f 2541 2518 2520
f 2707 2735 2756
f 2694 1370 1369
f 2700 2743 2693
f 2495 2494 2604
f 2751 2643 2507
f 2758 2759 2562
f 2711 2625 2719
f 2649 2729 2650
f 1369 1437 2723
f 2760 2597 2596
f 2597 2703 2595
f 2761 2719 2625
f 2718 1650 1599
f 2719 2761 2762
f 2537 2561 2560
f 2763 2719 2762
f 2758 2764 2765
f 2766 2767 2665
f 1441 2733 1598
f 2725 2727 2723
f 2642 2218 2704
f 2708 2154 2288
f 2677 2703 2768
f 2549 2420 2332
f 2769 2758 2562
f 2576 2554 2579
f 2718 2763 1650
f 2762 1352 1474
f 2730 2531 2770
f 2663 2618 2557
f 2771 2764 2525
f 2453 2654 2646
f 2769 2714 2764
f 2562 2561 2769
f 2577 2696 2578
f 2758 2769 2764
f 2577 2576 2608
f 2772 2703 2597
f 2748 2773 2766
f 2769 2561 2537
f 2557 2600 2555
f 2582 2475 2517
f 2596 2702 2774
f 2775 2776 2774
f 2625 2682 2761
f 2643 2769 2537
f 2564 2663 2557
f 2714 2769 2643
f 2677 2667 2584
f 2714 2525 2764
f 2777 2778 2512
f 2512 2779 2780
f 2451 2781 2733
f 2746 2730 2747
f 2782 2716 2545
f 2649 2276 2316
f 2779 2783 2780
f 2609 2479 2577
f 2783 2779 2784
f 2459 2785 2778
f 2711 2623 2625
f 2469 2471 2455
f 2708 2288 2299
f 199 2644 2786
f 2754 2787 2689
f 2763 2718 2719
f 2687 2729 2725
f 2784 2779 2788
f 2777 2522 2459
f 2600 2599 2613
f 2789 2672 2790
f 2741 2750 2685
f 2791 2716 2688
f 2716 2782 2688
f 2756 1318 2707
f 2460 2483 2461
f 2792 2788 2789
f 2510 2479 2693
f 2447 2713 2744
f 2770 2738 2793
f 2316 2447 2649
f 2788 2779 2785
f 2530 2770 2531
f 2794 2789 2795
f 2787 2796 2766
f 2687 2725 2658
f 2797 2798 2799
f 2436 2607 2437
f 2800 2788 2785
f 2651 2600 2618
f 2788 2795 2789
f 2801 2802 2803
f 2804 2805 2588
f 2331 2601 2548
f 2806 2801 2798
f 2807 2808 2809
f 2788 2792 2784
f 2780 2810 2512
f 2811 2792 2789
f 2800 2794 2795
f 2778 2779 2512
f 2653 2704 2540
f 2613 2555 2600
f 2522 2777 2512
f 2811 2784 2792
f 2744 2713 2594
f 2795 2788 2800
f 926 2794 1039
f 2800 2459 1039
f 2785 2779 2778
f 2793 2742 2684
f 2692 2748 2664
f 2598 2480 2626
f 2812 2480 2598
f 2739 2813 2814
f 2815 2480 2812
f 926 2816 2794
f 2817 2815 2818
f 2819 2820 2812
f 2768 2821 2677
f 2723 2659 2725
f 1051 1040 2459
f 2787 2766 2689
f 2818 2815 2822
f 2823 2817 2818
f 2661 2276 2658
f 2800 2785 2459
f 1040 1039 2459
f 2532 2813 2739
f 2777 2459 2778
f 2816 927 761
f 2824 2825 2826
f 2794 2800 1039
f 2767 2737 2665
f 2816 926 927
f 2794 2672 2789
f 2511 2522 2512
f 2522 2511 2456
f 2770 2690 2747
f 2812 2598 2563
f 2509 2479 2510
f 2754 2683 2755
f 2825 2827 2826
f 2585 2667 2828
f 2826 2829 2821
f 2677 2829 2667
f 2830 2829 2826
f 2766 2773 2831
f 2749 2741 2745
f 1318 1370 2707
f 1500 1291 2451
f 383 1370 1318
f 2828 2830 2826
f 2832 2826 2821
f 1500 2733 1441
f 2532 2699 2813
f 805 1318 2756
f 2451 2733 1500
f 2480 2817 2833
f 2820 2819 2585
f 2745 2739 2814
f 2661 2658 2659
f 2821 2768 2832
f 2821 2829 2677
f 2781 2834 2668
f 2480 2833 2478
f 2452 2835 2834
f 2709 2708 2299
f 2762 2761 1352
f 2451 2452 2781
f 2781 2452 2834
f 2733 2781 2668
f 2748 2692 2581
f 2815 2820 2822
f 2835 2624 2834
f 2668 2834 2623
f 2822 2820 2828
f 2684 2691 2690
f 2831 2689 2766
f 2829 2830 2667
f 1815 1817 2472
f 2796 2724 2766
f 2755 2757 2734
f 2748 2581 2746
f 2819 2812 2563
f 2822 2826 2827
f 2741 2685 2684
f 2787 2754 2796
f 2667 2830 2828
f 2689 2831 2690
f 2585 2828 2820
f 2218 2472 1817
f 2812 2820 2815
f 2665 2611 2580
f 2480 2815 2817
f 2695 2694 2796
f 1484 2711 2718
f 2726 2728 2737
f 2822 2828 2826
f 2723 2753 2659
f 2826 2832 2824
f 2818 2822 2827
f 2754 2734 2796
f 2694 2724 2796
f 2709 2299 2782
f 2734 2695 2796
f 2691 2754 2689
f 2660 2753 2686
f 2753 2660 2659
f 2478 2700 2693
f 2697 1437 1465
f 806 805 2756
f 2836 2738 2740
f 2683 2685 2837
f 2684 2690 2793
f 2767 2724 2727
f 2838 2839 2755
f 2724 2723 2727
f 2836 2793 2738
f 2665 2748 2766
f 2747 2690 2831
f 2698 2662 2180
f 2611 2728 2736
f 2840 2841 2842
f 2737 2767 2727
f 2684 2742 2741
f 2773 2748 2747
f 2735 2734 2757
f 2782 2299 2314
f 2131 2662 2129
f 2692 2664 2580
f 2532 2738 2530
f 2581 2510 2731
f 2153 2698 2180
f 2735 2707 2695
f 2754 2691 2683
f 2131 2180 2662
f 2530 2738 2770
f 2731 2743 2531
f 2843 2839 2844
f 2696 2577 2509
f 2839 806 2756
f 2839 2756 2757
f 2730 2770 2747
f 2607 2606 2437
f 2845 2838 2755
f 2702 2701 2846
f 2019 2686 1612
f 2701 2366 2365
f 1518 2534 2629
f 2847 804 2843
f 2476 2635 2669
f 2843 806 2839
f 2616 2546 2848
f 1287 2835 2452
f 2849 2806 2798
f 2799 2850 2797
f 2545 2716 2610
f 2545 2547 2709
f 2550 2851 2511
f 2511 2851 2456
f 2852 2775 2848
f 2550 2552 2551
f 2853 2621 2616
f 2851 2457 2456
f 344 2459 2458
f 2588 2641 2804
f 2617 2616 2621
f 187 2458 2482
f 2791 2688 2642
f 2458 2457 2482
f 2493 2481 2551
f 2854 2481 2495
f 2806 2841 2855
f 2856 2838 2845
f 188 187 2482
f 2857 2677 2676
f 2855 2624 2835
f 2858 2524 2571
f 2482 2481 2854
f 2524 2858 2859
f 2482 2854 188
f 2578 2696 2574
f 2859 2657 2524
f 2771 2525 2524
f 2860 2855 2861
f 2550 2481 2851
f 2494 2493 2712
f 2525 2714 2526
f 2808 2862 2863
f 2847 2843 2864
f 2504 2571 2570
f 2865 2843 2844
f 1303 2866 2867
f 1304 1007 1305
f 2865 2864 2843
f 2868 2703 2857
f 2633 2505 2504
f 196 186 2752
f 2473 2688 2782
f 1303 2869 2866
f 2481 2457 2851
f 2657 2656 2771
f 2570 2714 2632
f 2869 1303 1314
f 2751 2494 2505
f 2596 2870 2760
f 2507 2536 960
f 2631 2840 2871
f 2505 2633 2751
f 2641 2499 2872
f 2860 2861 2867
f 2793 2836 2742
f 1316 1305 2864
f 760 2640 761
f 2603 2507 188
f 2867 2873 1303
f 2339 2572 2336
f 2536 2752 960
f 2867 2861 2873
f 2874 2499 2670
f 1291 1287 2452
f 2655 2492 2656
f 2841 2624 2855
f 2869 2875 2866
f 2803 2809 2799
f 2867 2802 2860
f 1304 1302 2876
f 2877 2842 2878
f 1650 2763 1474
f 2682 2840 2631
f 2632 2714 2643
f 2460 2656 2492
f 2802 2867 2866
f 2878 2842 2849
f 2652 2485 2879
f 2869 1314 2875
f 2499 2641 2666
f 2875 1314 2807
f 2803 2799 2801
f 2643 2751 2632
f 2798 2801 2799
f 2807 1312 2862
f 2644 2752 2535
f 2645 2644 2535
f 2484 2879 2485
f 2752 2644 196
f 2535 2752 2536
f 2460 2527 2656
f 2864 2880 1316
f 2675 2881 2882
f 2883 1352 2761
f 2802 2806 2860
f 2882 2671 2666
f 2866 2803 2802
f 2517 2786 2644
f 2804 2884 2878
f 2505 2712 2506
f 2675 2882 2589
f 2527 2765 2656
f 2840 2682 2841
f 2875 2809 2803
f 2799 2809 2885
f 2885 2850 2799
f 2474 2886 2628
f 2536 2643 2537
f 199 2786 2533
f 2806 2849 2842
f 2887 2885 2808
f 2864 2865 2880
f 2809 2808 2885
f 2888 2765 2527
f 2802 2801 2806
f 2866 2875 2803
f 2863 2865 2889
f 2883 2761 2682
f 1296 1284 1019
f 2874 2637 2500
f 2758 2765 2888
f 2841 2806 2842
f 2674 2673 2805
f 2862 2880 2863
f 2890 2889 2865
f 2652 2891 2528
f 2890 2844 2856
f 2807 2862 2808
f 2840 2842 2877
f 1474 2763 2762
f 2865 2844 2890
f 2758 2888 2759
f 2862 1316 2880
f 2671 2892 2672
f 2491 2592 2490
f 2631 2883 2682
f 2871 2840 2877
f 2674 2893 2675
f 2533 2474 2628
f 2537 2582 2535
f 2894 2895 2805
f 776 1352 2883
f 2631 776 2883
f 2864 1305 1007
f 1287 1289 2873
f 2849 2798 2896
f 2845 2683 2837
f 2887 2863 2889
f 2894 2878 2849
f 2533 2628 2534
f 2804 2878 2894
f 2894 2849 2896
f 2535 2517 2645
f 2897 2871 2877
f 2855 2873 2861
f 2897 2591 2871
f 2533 2786 2517
f 2804 2641 2884
f 2798 2797 2896
f 2895 2894 2896
f 2797 2895 2896
f 2514 2527 2528
f 2588 2805 2673
f 2850 2887 2898
f 1312 2807 1309
f 2882 2666 2587
f 2875 2807 2809
f 2797 2850 2895
f 2898 2895 2850
f 2805 2895 2674
f 2582 2517 2535
f 2527 2514 2888
f 2672 2892 2790
f 2514 2528 2515
f 236 2521 291
f 2718 1599 1484
f 2888 2514 2465
f 1316 2862 1312
f 2458 2459 2522
f 2855 1287 2873
f 2882 2881 2671
f 2588 2673 2589
f 2464 2562 2759
f 2490 2637 2640
f 2897 2500 2592
f 2516 2529 2454
f 2619 2463 2516
f 2598 2626 2579
f 2463 2514 2516
f 2603 2854 2495
f 2848 2775 2616
f 2464 2602 2562
f 2895 2898 2899
f 2464 2759 2465
f 2874 2670 2672
f 2529 2523 2454
f 2591 2631 2871
f 2504 2570 2632
f 2476 2475 2636
f 2589 2673 2675
f 2619 2488 2463
f 2900 2468 2901
f 2475 2560 2636
f 2635 2476 2636
f 2670 2666 2671
f 2671 2881 2892
f 2674 2899 2893
f 2602 2634 2560
f 2853 2616 2775
f 2499 2498 2872
f 2496 2619 2646
f 2889 2902 2887
f 2464 2634 2602
f 2488 2496 2486
f 2651 2549 2600
f 2731 2730 2746
f 2564 2566 2663
f 2489 2539 2585
f 2856 2903 2890
f 2503 2679 2464
f 2559 2556 2555
f 2545 2709 2782
f 2365 2622 2732
f 2641 2872 2884
f 2732 2622 2621
f 2496 2646 2497
f 2904 2610 2721
f 2845 2755 2683
f 2708 2547 2647
f 2314 2473 2782
f 2648 2620 2662
f 2791 2642 2717
f 2745 2740 2739
f 2852 2776 2775
f 2640 2874 2816
f 2703 2772 2768
f 2717 2642 2705
f 2624 2841 2682
f 2905 2906 2907
f 2908 2750 2909
f 2910 2911 2506
f 2749 2912 2913
f 2914 2915 2833
f 2916 2917 2918
f 2919 2920 2921
f 2922 2915 2923
f 2924 2925 2926
f 2927 2720 2722
f 2497 2646 2654
f 2750 2912 2909
f 2928 2929 2930
f 2858 2655 2859
f 2931 2932 2933
f 2699 2934 2935
f 2936 2933 2932
f 2930 2937 2928
f 2938 2939 2940
f 2941 2942 2943
f 2940 2939 2944
f 2911 2945 2571
f 2946 2529 2891
f 2947 2948 2949
f 2487 236 2503
f 2950 2951 2952
f 2928 2953 2929
f 2954 2955 2956
f 2957 2958 2959
f 2960 2705 2961
f 2962 2963 2964
f 2951 2965 2966
f 2967 2818 2968
f 2969 2565 2564
f 2486 2497 2521
f 2524 2657 2771
f 2970 2467 2971
f 2972 2973 2974
f 2913 2912 2750
f 2975 2976 2977
f 2978 2927 2979
f 2939 2938 2980
f 2981 2523 2946
f 2982 716 2983
f 2984 2985 2986
f 2986 2985 2987
f 2988 2989 2990
f 2774 2702 2775
f 2917 2991 2992
f 2984 2956 2955
f 2992 2993 2917
f 2988 2994 2989
f 2991 2995 2992
f 2996 2997 2998
f 2999 2998 3000
f 415 3001 2949
f 3002 2870 3003
f 3004 2953 3005
f 2564 2558 2969
f 2989 2994 2921
f 3006 2492 2965
f 3007 3008 2565
f 3009 3000 3010
f 3011 3012 3013
f 3014 2922 2700
f 3015 2772 3016
f 2825 3017 2968
f 3018 3019 2981
f 2948 3020 2949
f 2982 3021 715
f 3022 3015 3023
f 2503 236 2680
f 2837 3024 2903
f 3025 3026 3027
f 870 3028 3029
f 3030 3031 3032
f 3033 3034 3035
f 3036 3037 3038
f 3039 3040 3018
f 3034 3041 3042
f 2953 3004 2929
f 3043 3044 2943
f 3045 2710 2477
f 2999 3046 3047
f 3048 3049 3050
f 3051 3052 3003
f 3053 2969 3054
f 3055 2919 2994
f 2990 3050 2932
f 3056 3057 2925
f 2899 2674 2895
f 2925 3058 2980
f 3003 2776 3051
f 3059 3060 2935
f 2981 3061 2523
f 3062 3063 2984
f 3064 715 3021
f 3034 3033 3065
f 3066 3067 3068
f 3069 3035 3042
f 3070 3071 3072
f 3057 3021 2926
f 3073 3074 3022
f 2614 2590 2905
f 3009 3010 2780
f 2863 2887 2808
f 2811 2790 3075
f 3076 3027 3026
f 2497 2501 325
f 3077 2995 2991
f 2940 3078 3079
f 3080 2985 3081
f 2976 2975 3082
f 2484 2483 2950
f 3083 2652 2879
f 3084 3043 3085
f 2954 3086 2955
f 2906 3037 3087
f 3088 2811 3089
f 3002 3090 3091
f 2980 3058 3092
f 3065 3093 3094
f 3095 2994 2912
f 2470 2477 2501
f 2938 3056 2980
f 2986 3094 3062
f 3096 2520 2519
f 3074 3073 2991
f 3097 3098 3099
f 3100 3088 3089
f 3057 3064 3021
f 2991 3101 3102
f 3103 3073 3023
f 3086 3081 2955
f 2512 2810 2513
f 2558 3104 3054
f 2934 3031 3085
f 2922 2923 2934
f 3004 3105 2929
f 3106 3107 3059
f 3108 2954 2956
f 3099 3098 2935
f 3057 3056 3109
f 3050 3110 2932
f 3100 2899 2898
f 3111 3112 3113
f 3114 2965 3047
f 3115 2945 3116
f 3085 3012 3084
f 3012 3011 3084
f 2806 2855 2860
f 2811 3075 3089
f 2887 2902 2898
f 2989 2920 3048
f 2930 2954 3108
f 2832 3017 2824
f 2493 2551 2552
f 2907 2906 3087
f 2728 2665 2737
f 2688 2472 2642
f 2891 2529 2515
f 3117 3118 3119
f 2950 2952 3066
f 2959 3095 3106
f 2893 2899 3089
f 2529 2946 2523
f 2672 2816 2874
f 2930 3108 2937
f 2635 2634 2680
f 3032 2977 2976
f 358 3113 3120
f 2748 2665 2664
f 3000 3009 3110
f 2780 2933 2936
f 3121 2903 3024
f 2489 2563 2553
f 2960 2944 2979
f 3122 3123 3124
f 2568 2576 2574
f 2610 2904 2546
f 2924 2972 3125
f 2935 3060 2813
f 2793 2690 2770
f 3062 3126 3063
f 2780 2811 2933
f 2728 2611 2665
f 2573 2339 2441
f 2732 2621 2853
f 2929 3127 3029
f 2816 761 2640
f 3128 3129 3013
f 2935 2934 3099
f 3029 2930 2929
f 3044 3129 3072
f 2647 2547 2615
f 2717 2722 2715
f 2960 2979 2722
f 3091 3130 3103
f 2853 2775 2846
f 3131 2920 3132
f 2705 2653 2961
f 2955 3081 2985
f 2585 2819 2489
f 2745 2814 2749
f 3029 3127 943
f 2653 2705 2704
f 3133 3076 3111
f 2892 3075 2790
f 3128 3013 3134
f 3003 2870 2774
f 3135 2858 3136
f 2716 2715 2610
f 2552 2513 3137
f 2818 2967 2823
f 3134 3138 3128
f 3077 2974 2995
f 2789 2790 2811
f 358 357 3113
f 2921 2920 2989
f 3118 3092 3119
f 3139 2961 2653
f 3046 3049 3140
f 1465 1612 2697
f 2441 2567 2573
f 3028 870 822
f 3119 3092 3058
f 3141 3072 3071
f 3080 2987 2985
f 2944 2939 3142
f 2948 3045 3143
f 3070 3129 3128
f 2891 3039 2946
f 3143 2469 3144
f 3139 2653 2565
f 3139 2944 2961
f 3086 3029 3028
f 2343 2366 2857
f 2489 2553 2362
f 3125 3058 2924
f 2471 2470 2502
f 3041 2520 3042
f 2596 2774 2870
f 3055 3095 2959
f 870 3029 943
f 2703 2868 2701
f 2283 2661 2660
f 2978 3145 3118
f 2517 2474 2533
f 2924 3058 2925
f 2990 2932 2931
f 2405 2489 2372
f 3140 3146 3114
f 3097 3099 3085
f 2686 2283 2660
f 3025 3027 3133
f 2662 2698 2648
f 3105 3004 3005
f 2972 2924 2926
f 3147 2513 2810
f 3086 2954 2930
f 2857 2366 2868
f 2564 2557 2556
f 2975 2823 2967
f 2834 2624 2623
f 3059 2935 3098
f 2683 2691 2684
f 2916 3019 2962
f 2580 2612 2696
f 2911 2571 2504
f 2856 2845 2903
f 3075 2892 2881
f 2653 2566 2565
f 3102 3125 2972
f 2997 3148 3000
f 3130 3091 3117
f 2976 3149 3030
f 2753 1437 2697
f 3117 3150 3130
f 2976 3030 3032
f 3090 3003 3052
f 2725 2659 2658
f 2910 2506 2493
f 2608 2626 2609
f 2903 3121 2890
f 2865 2863 2880
f 2997 3147 3148
f 3055 3068 2919
f 3125 3102 3101
f 2930 3029 3086
f 2909 2912 3151
f 2489 2819 2563
f 2467 3120 3112
f 2985 2984 2955
f 2898 2902 3100
f 3100 3121 3152
f 2576 2579 2608
f 3153 3154 2942
f 2994 3151 2912
f 2509 2580 2696
f 2986 3062 2984
f 3068 2941 3066
f 3056 3155 3109
f 3028 3081 3086
f 2677 2857 2703
f 2962 3022 2916
f 2836 2740 2742
f 2823 2914 2833
f 3156 2965 3157
f 2724 2767 2766
f 3080 3081 3028
f 3093 3062 3094
f 3093 3126 3062
f 3037 3065 3038
f 2832 3134 3017
f 2655 2657 2859
f 3080 3028 2901
f 2901 3028 822
f 3093 3096 3126
f 2670 2499 2666
f 2884 2872 2897
f 716 322 2983
f 3016 2760 3158
f 2990 2931 2988
f 2987 3094 2986
f 3093 3065 3033
f 3157 2492 2655
f 2919 3067 2920
f 2901 822 3159
f 3160 3161 3054
f 3096 3093 3069
f 3065 3094 3038
f 3094 2987 3038
f 3049 2920 3131
f 3093 3033 3069
f 3142 3145 2978
f 3015 2963 3134
f 2814 3060 3107
f 2532 2531 2700
f 3044 3072 2943
f 2468 3080 2901
f 2853 2846 2732
f 3133 3027 3076
f 3069 3042 3096
f 3049 3146 3140
f 3080 2468 2987
f 3037 3034 3065
f 3033 3035 3069
f 2970 3038 2987
f 2343 2857 2344
f 2520 3096 3042
f 3042 3035 3034
f 2366 2701 2868
f 2571 2945 2858
f 2775 2702 2846
f 2970 2987 2468
f 3016 2597 2760
f 2968 2818 2827
f 3038 2970 3036
f 3037 2906 3034
f 2520 3041 2541
f 3037 3036 3087
f 2540 2704 2218
f 2906 3041 3034
f 2721 2610 2715
f 2970 2971 3036
f 3076 3112 3111
f 3121 2902 2890
f 3041 2906 2541
f 3087 3036 2907
f 2637 2874 2640
f 3098 3162 3059
f 2747 2831 2773
f 2544 2541 2906
f 3082 2975 2967
f 3091 3090 3163
f 2823 2975 2914
f 2907 3036 3164
f 3164 3036 3165
f 3165 3036 2971
f 3121 3100 2902
f 358 3120 418
f 2907 2627 2905
f 3166 2912 2749
f 2906 2905 2544
f 3167 3164 3165
f 2498 2500 2897
f 3058 3101 3150
f 2614 2905 2627
f 2590 2544 2905
f 3120 2467 418
f 3104 2907 3164
f 2970 2468 2467
f 2607 2678 2605
f 3022 2962 2964
f 2524 2526 2570
f 1007 2847 2864
f 2467 3112 2971
f 2467 2466 418
f 3000 3110 3050
f 980 804 2847
f 2586 2627 2907
f 3047 3135 2999
f 3104 2586 2907
f 2430 2363 2568
f 2344 2857 2676
f 2478 2915 3014
f 2783 2784 2780
f 3164 3167 3160
f 980 2847 1007
f 2952 3132 3067
f 3165 2971 3167
f 2483 2485 2461
f 3083 2484 3071
f 3168 2942 2941
f 3104 3164 3160
f 2499 2874 2500
f 2900 2466 2468
f 3167 2971 3076
f 2971 3112 3076
f 2462 2652 2528
f 614 2900 3159
f 2780 3010 2810
f 3147 3137 2513
f 2922 2934 2699
f 2552 2910 2493
f 2995 2974 3020
f 3076 3026 3167
f 3032 3031 2934
f 3142 2939 3145
f 2558 2586 3104
f 3160 3054 3104
f 3089 2899 3100
f 3160 3167 3026
f 2978 3052 3051
f 3120 3113 3112
f 2810 3010 3148
f 3161 3160 3026
f 2969 2558 3054
f 2876 1302 1296
f 3114 3047 3140
f 2881 2893 3089
f 3026 3025 3161
f 2881 2675 2893
f 3054 3161 3053
f 2780 2784 2811
f 2911 2910 2552
f 2919 2921 2994
f 3133 3111 3109
f 3053 3161 3025
f 3133 3155 3025
f 3088 3100 3152
f 2680 235 2635
f 3155 3133 3109
f 2933 2811 3088
f 2931 3151 2988
f 3053 3025 3169
f 2936 3009 2780
f 3155 3169 3025
f 3109 3111 715
f 3113 715 3111
f 325 737 2497
f 2552 3137 2996
f 2656 2764 2771
f 2996 2911 2552
f 3007 3053 3169
f 3053 2565 2969
f 3169 3155 2938
f 3152 3121 3123
f 2855 2835 1287
f 3044 3011 3129
f 715 3064 3109
f 715 3113 357
f 2911 2504 2506
f 3147 2997 2996
f 3007 3169 3079
f 2845 2837 2903
f 3116 2911 2996
f 3155 3056 2938
f 2941 3068 3168
f 2466 2900 614
f 3083 3039 2652
f 3138 3040 3128
f 2565 3053 3007
f 3169 2938 3079
f 2996 3137 3147
f 3008 3007 3079
f 3123 3024 3124
f 3024 2837 3124
f 353 326 2710
f 3088 3152 2933
f 3057 3109 3064
f 2148 2214 2540
f 2506 2712 2493
f 3000 2998 2997
f 2980 3056 2925
f 3159 2900 2901
f 2565 3008 3078
f 2938 2940 3079
f 3084 3044 3043
f 3078 3008 3079
f 3011 3044 3084
f 3021 2982 2973
f 715 716 2982
f 2968 2827 2825
f 2751 2507 2604
f 2925 3057 2926
f 3116 2945 2911
f 3078 3139 2565
f 3072 3141 2943
f 2926 3021 2973
f 3078 2944 3139
f 3145 2939 2980
f 3107 2749 2814
f 3159 493 614
f 2941 3141 3066
f 2973 2982 2974
f 3107 3060 3059
f 3009 2936 3110
f 2908 3124 2837
f 2932 3110 2936
f 2944 3078 2940
f 2856 2844 2838
f 2980 3092 3145
f 3049 3000 3050
f 2876 1019 1013
f 3144 2918 2917
f 3170 2982 2983
f 2283 2019 2018
f 494 3159 822
f 2973 2972 2926
f 2983 2949 3170
f 2920 3067 3132
f 2597 3016 2772
f 2680 2679 2503
f 2547 2616 2615
f 3118 3145 3092
f 2475 2582 2560
f 2574 2569 2568
f 2594 2572 2573
f 3170 2949 3020
f 2596 2595 2702
f 2972 2974 3102
f 1296 1019 2876
f 2949 2983 415
f 2839 2838 2844
f 2960 2961 2944
f 2794 2816 2672
f 2887 2850 2885
f 2979 2944 3142
f 3170 3020 2982
f 2515 2528 2891
f 2974 2982 3020
f 2974 3077 3102
f 235 2474 2669
f 2960 2722 2705
f 3119 3058 3150
f 2979 3142 2978
f 2715 2722 2721
f 2837 2685 2908
f 2854 2603 188
f 493 3159 494
f 2566 2540 2651
f 3153 3097 3154
f 2877 2878 2884
f 3006 2951 2950
f 2705 2722 2717
f 3117 3119 3150
f 2949 3001 2710
f 1303 2873 1289
f 3020 2948 2995
f 2931 3152 3123
f 3077 2991 3102
f 2858 2945 3136
f 3001 415 401
f 3101 3058 3125
f 3106 3095 3166
f 2759 2888 2465
f 2978 3118 3052
f 3052 3118 3117
f 2276 2661 2283
f 3141 2941 2943
f 3097 3043 3154
f 2947 2949 2710
f 3001 401 353
f 3116 2996 2998
f 2481 2493 2495
f 3141 3071 2950
f 2637 2592 2500
f 2722 2979 2927
f 2908 2685 2750
f 3015 2964 2963
f 3055 3168 3068
f 3051 2927 2978
f 3052 3117 3163
f 3101 3130 3150
f 3124 2908 3122
f 3115 3116 2998
f 2908 2909 3122
f 2948 2947 3045
f 1518 673 2534
f 3122 3151 3123
f 2995 2948 2993
f 2992 2995 2993
f 353 2710 3001
f 3163 3090 3052
f 2644 197 196
f 2710 3045 2947
f 2886 1518 2629
f 3143 2993 2948
f 2991 3130 3101
f 1013 1304 2876
f 2584 2344 2676
f 3051 2720 2927
f 3117 3091 3163
f 2945 3115 3136
f 2946 3018 2981
f 1314 1309 2807
f 2644 199 197
f 2521 2497 737
f 2999 3115 2998
f 3130 2991 3073
f 2917 3074 2991
f 2810 3148 3147
f 235 2669 2635
f 1535 2474 235
f 3091 3103 3002
f 3046 2999 3000
f 3144 2917 2993
f 2977 2923 2914
f 3074 2917 2916
f 2904 2720 2776
f 2474 1535 2886
f 2721 2720 2904
f 3051 2776 2720
f 2755 2839 2757
f 3090 3002 3003
f 3073 3103 3130
f 2549 2548 2600
f 960 178 2507
f 2590 2678 2543
f 3002 3103 3158
f 3103 3023 3158
f 2701 2732 2846
f 2470 3045 2477
f 3143 3045 2470
f 3144 2993 3143
f 3050 2990 3048
f 2686 2753 2697
f 3123 3151 2931
f 2852 2904 2776
f 236 235 2680
f 2663 2566 2651
f 2977 2934 2923
f 2760 3002 3158
f 2470 2469 3143
f 3074 2916 3022
f 3019 2916 2918
f 418 2466 614
f 3003 2774 2776
f 1535 1518 2886
f 2587 2589 2882
f 2462 2461 2485
f 2870 3002 2760
f 3023 3073 3022
f 3144 3061 2918
f 322 415 2983
f 2502 2654 2453
f 806 2843 804
f 2918 3061 3019
f 2915 2914 2923
f 3061 3144 2469
f 3061 2981 3019
f 3023 3016 3158
f 2881 3089 3075
f 3061 2469 2523
f 3121 3024 3123
f 3022 2964 3015
f 3016 3023 3015
f 2872 2498 2897
f 3166 2749 3107
f 3019 3040 2962
f 3019 3018 3040
f 3115 2999 3136
f 2765 2764 2656
f 3141 2950 3066
f 187 344 2458
f 773 2591 774
f 2963 2962 3138
f 3138 2962 3040
f 3135 3136 2999
f 236 2487 2486
f 3015 2768 2772
f 2832 2768 3015
f 3128 3040 3171
f 3040 3039 3171
f 2963 3138 3134
f 2915 2478 2833
f 3134 2832 3015
f 3070 3128 3171
f 2805 2804 2894
f 3171 3039 3083
f 2946 3039 3018
f 3083 3070 3171
f 2501 2477 325
f 3013 3017 3134
f 3129 3070 3072
f 3039 2891 2652
f 3012 3017 3013
f 3013 3129 3011
f 2884 2897 2877
f 3012 3149 3017
f 3070 3083 3071
f 2879 2484 3083
f 2678 2607 2638
f 3017 2825 2824
f 2990 2989 3048
f 2511 2513 2550
f 3082 3017 3149
f 2484 2950 3071
f 3017 3082 2968
f 3082 3149 2976
f 2920 3049 3048
f 3012 3030 3149
f 2629 2628 2886
f 3031 3030 3012
f 2943 3154 3043
f 2942 3154 2943
f 2967 2968 3082
f 3012 3085 3031
f 3095 2912 3166
f 3046 3140 3047
f 2483 3006 2950
f 3043 3097 3085
f 3168 3153 2942
f 2934 2977 3032
f 3085 3099 2934
f 3162 3153 3168
f 3162 3168 2957
f 291 2521 737
f 3067 3066 2952
f 3153 3098 3097
f 2750 2749 2913
f 3068 3067 2919
f 3098 3153 3162
f 2344 2489 2405
f 2633 2632 2751
f 2483 2492 3006
f 3006 2965 2951
f 3132 2952 2951
f 2889 2890 2902
f 2914 2975 2977
f 1304 1013 1007
f 2651 2214 2549
f 2933 3152 2931
f 2591 2897 2592
f 2957 3168 2958
f 2491 800 798
f 2833 2817 2823
f 3168 3055 2958
f 3132 2951 2966
f 2959 2958 3055
f 2702 2595 2703
f 2852 2546 2904
f 2492 3157 2965
f 3148 3010 3000
f 2556 2558 2564
f 2966 3131 3132
f 3162 2957 3106
f 2546 2852 2848
f 3106 2957 2959
f 2464 2679 2634
f 3162 3106 3059
f 2965 3114 2966
f 2966 3146 3131
f 2915 2922 3014
f 2935 2813 2699
f 2699 2700 2922
f 3095 3055 2994
f 3135 3157 2858
f 3047 2965 3156
f 3046 3000 3049
f 3146 2966 3114
f 3151 2994 2988
f 3060 2814 2813
f 3156 3157 3135
f 3156 3135 3047
f 3146 3049 3131
f 3014 2700 2478
f 3151 3122 2909
f 3106 3166 3107
f 2791 2717 2716
f 2655 2858 3157
f 3172 3173 3174
f 3175 3176 3177
f 3178 3179 3180
f 2346 2345 3181
f 3182 3183 3184
f 3185 3186 3187
f 3183 3188 3184
f 3189 3190 3191
f 3192 3193 3194
f 3181 2345 3195
f 3180 3196 2346
f 3197 3198 3187
f 3199 3200 3201
f 3202 3181 3203
f 3178 3204 3179
f 3205 2163 3206
f 3189 3191 3207
f 3204 3178 3202
f 3208 3184 3209
f 3210 3211 3212
f 3199 3204 3200
f 3177 3213 3175
f 3214 3215 3216
f 3217 3215 3214
f 3191 3218 3207
f 3204 3202 3219
f 3202 3173 3219
f 3220 3221 3222
f 3203 3195 3223
f 3224 3225 3226
f 3227 2984 3063
f 3228 3229 3230
f 3231 3232 3233
f 3234 3200 3204
f 3235 3236 3237
f 3238 3198 3239
f 3240 3241 3197
f 3242 3193 2417
f 3243 3205 3244
f 3245 3246 3247
f 3248 3212 3249
f 3250 2160 3243
f 3222 3251 3252
f 3218 3209 3207
f 3253 3201 3254
f 3255 3256 3208
f 3257 3258 3259
f 3260 3240 3261
f 3234 3254 3201
f 3262 3263 3264
f 3265 3266 3267
f 3237 3268 3235
f 3269 3270 3271
f 3253 3272 3273
f 3274 3275 3216
f 3276 3277 3278
f 3203 3279 3173
f 3226 3280 3248
f 3281 3194 3282
f 3234 3219 3283
f 3263 3268 3284
f 3203 3243 3279
f 3247 3221 3245
f 3285 3286 3238
f 3287 3288 3289
f 3290 3261 3291
f 2163 2165 3292
f 2639 3293 3294
f 3295 3296 3297
f 3298 3299 3300
f 3301 3302 3303
f 3209 3218 3304
f 3305 3251 3222
f 3181 3180 2346
f 3306 3307 3308
f 3175 3309 3310
f 3108 2956 3311
f 3271 3261 3290
f 3264 3312 3313
f 3314 3234 3283
f 3315 3316 3317
f 3283 3318 3319
f 3320 3206 3292
f 3269 3266 3321
f 3292 2165 3322
f 3297 3296 3254
f 3323 3324 3325
f 3296 3253 3254
f 3326 3286 2937
f 3296 3272 3253
f 3319 3314 3283
f 3218 3327 3328
f 3318 3220 3319
f 2448 3329 2410
f 3279 3330 3174
f 3331 3332 3333
f 3331 3333 3334
f 3206 3335 3205
f 3322 3320 3292
f 3336 3337 3338
f 3339 3326 3340
f 3212 3211 3249
f 3341 3342 3343
f 3344 3345 3314
f 3265 3346 3266
f 3347 3272 3296
f 3330 3279 3348
f 3349 1803 1802
f 3243 3244 3279
f 3244 3205 3335
f 3350 3251 3351
f 3352 3288 3287
f 3352 3287 3353
f 3320 3335 3206
f 3254 3354 3297
f 3355 3314 3319
f 3220 3172 3245
f 3356 3357 3358
f 3359 3360 3361
f 3215 3362 3251
f 3335 3320 3363
f 3194 3364 3192
f 2256 3322 2165
f 3324 3323 3365
f 3232 3344 3233
f 3174 3330 3366
f 3329 2448 3367
f 3368 3369 3370
f 3368 3370 3371
f 3330 3348 3364
f 3372 3303 3302
f 3214 3216 3275
f 3241 3373 3312
f 3363 3348 3335
f 3322 2256 3374
f 3326 3375 3286
f 3376 3365 3377
f 3249 3360 3359
f 3232 3231 3354
f 3378 3319 3220
f 3330 3246 3366
f 3379 3328 3327
f 3380 3381 3360
f 3310 3365 3376
f 3227 3340 2956
f 3231 3295 3297
f 3244 3348 3279
f 3364 3320 3192
f 3374 3192 3322
f 3213 3233 3309
f 3309 3355 3378
f 3382 3357 3383
f 3340 3311 2956
f 3384 3385 3306
f 3386 3330 3364
f 3314 3233 3344
f 3348 3320 3364
f 3387 3388 3389
f 3177 3381 3380
f 3238 3390 3285
f 3185 3187 3198
f 3312 3317 3391
f 3213 3231 3233
f 3392 3293 2639
f 3380 3211 3295
f 3312 3264 3393
f 3394 3225 3395
f 3396 3005 2953
f 3237 3397 3398
f 3237 3398 3399
f 3187 3261 3240
f 3188 3189 3207
f 3353 3287 3400
f 3305 3222 3221
f 3312 3401 3241
f 3179 3196 3180
f 3402 3403 3386
f 3402 3386 3281
f 3267 3290 3291
f 2639 2681 3392
f 3193 3192 3404
f 3380 3231 3177
f 3175 3213 3309
f 3310 3309 3324
f 3405 2358 2183
f 3405 2183 3406
f 3391 3317 3316
f 3324 3309 3407
f 3208 3256 3257
f 3407 3252 3251
f 3178 3180 3181
f 3408 3241 3401
f 3409 3346 3328
f 3384 3242 3385
f 3410 3411 3412
f 3402 3246 3403
f 3246 3402 3247
f 3192 3320 3322
f 3176 3413 3411
f 3193 3404 2450
f 3414 3230 3229
f 3250 3223 3195
f 3216 3305 3247
f 3415 3242 3384
f 2160 3205 3243
f 3362 3215 3217
f 3176 3175 3413
f 3402 3384 3216
f 3289 3358 3280
f 2417 3193 2341
f 3416 3284 3277
f 3177 3417 3381
f 3299 3280 3418
f 3270 3418 3382
f 3290 3267 3266
f 3268 3263 3262
f 3300 3266 3346
f 3413 3175 3338
f 3419 3323 3350
f 3420 3217 3421
f 3310 3338 3175
f 3251 3350 3325
f 3422 3300 3299
f 3423 3347 3210
f 3424 3257 3256
f 3289 3288 3358
f 3425 3288 3352
f 3286 3285 2937
f 3225 3224 3426
f 3427 3428 3408
f 3356 3358 3288
f 3376 3338 3310
f 3227 3339 3340
f 3429 3430 3411
f 3429 3411 3431
f 3345 3254 3234
f 3432 3377 3365
f 3390 3396 2953
f 3433 3434 3225
f 3433 3225 3394
f 3435 3436 3389
f 3435 3389 3388
f 3207 3209 3188
f 3242 3437 3385
f 2417 3437 3242
f 3342 3416 3343
f 3381 3417 3438
f 3187 3240 3197
f 3289 3434 3287
f 3360 3438 3361
f 3108 3311 2937
f 3417 3176 3411
f 3268 3262 3383
f 3434 3226 3225
f 3347 3327 3272
f 3255 3208 3304
f 3285 3390 2928
f 3439 3440 3377
f 3439 3377 3432
f 3298 3212 3248
f 3183 3293 3303
f 3402 3216 3247
f 3300 3409 3379
f 3252 3378 3220
f 3385 3437 3306
f 3437 2417 2416
f 3224 3359 3441
f 3432 3323 3419
f 3427 3401 3442
f 2416 3306 3437
f 3333 3426 3441
f 3443 3439 3432
f 3443 3432 3419
f 3444 3343 3416
f 3444 3416 3445
f 3362 3217 3351
f 3274 3446 3275
f 3274 3306 3308
f 3447 3275 3446
f 3448 3369 3438
f 3344 3232 3254
f 3449 3334 3441
f 3331 3334 3450
f 3430 3448 3411
f 3451 3452 3453
f 3451 3453 3454
f 3455 3456 3411
f 3455 3411 3413
f 3455 3413 3457
f 3458 3459 3443
f 3458 3443 3419
f 3460 3461 3458
f 3460 3458 3351
f 3256 3255 3462
f 3446 3274 3308
f 2418 3229 2416
f 2416 3229 3463
f 3430 3369 3448
f 3181 3202 3178
f 3315 3317 3464
f 3465 3225 3426
f 3334 3449 3369
f 3441 3334 3333
f 3240 3260 3241
f 3408 3401 3427
f 3454 3275 3451
f 3459 3458 3461
f 3466 3214 3454
f 3466 3454 3467
f 3275 3447 3451
f 3447 3308 3307
f 3223 3250 3243
f 3251 3305 3215
f 3307 3463 3389
f 3424 3339 3258
f 3468 3229 2418
f 3469 3470 3471
f 3302 3472 3473
f 3430 3429 3371
f 3430 3371 3370
f 3431 3411 3410
f 3467 3454 3474
f 3239 3198 3197
f 3389 3447 3307
f 3346 3475 3328
f 3249 3211 3360
f 3453 3474 3454
f 3476 3278 3277
f 3476 3277 3399
f 3285 2928 2937
f 3273 3191 3253
f 3405 3477 3468
f 3405 3468 2358
f 3229 3228 3387
f 3229 3387 3389
f 3216 3215 3305
f 3312 3393 3317
f 3203 3181 3195
f 3424 3256 3339
f 3478 3479 3262
f 3389 3436 3447
f 3452 3451 3436
f 3452 3436 3480
f 3481 3333 3332
f 3211 3210 3347
f 3480 3436 3435
f 3186 3185 3256
f 3300 3346 3409
f 3269 3290 3266
f 3268 3356 3288
f 3359 3248 3249
f 3197 3241 3408
f 3482 3468 3483
f 3321 3422 3269
f 3328 3304 3218
f 3393 3464 3317
f 3321 3300 3422
f 3381 3438 3360
f 3484 3236 3485
f 3271 3270 3382
f 3345 3234 3314
f 3463 3229 3389
f 3398 3476 3399
f 3190 3486 3191
f 3184 3208 3257
f 3186 3291 3187
f 3395 3225 3465
f 3395 3465 3487
f 3340 3326 3311
f 3391 3442 3401
f 3188 3209 3184
f 3488 3333 3481
f 3483 3468 3489
f 3262 3479 3383
f 3259 3126 3490
f 3263 3464 3264
f 3491 3287 3434
f 3491 3434 3433
f 3490 2519 3492
f 3368 3450 3334
f 3368 3334 3369
f 3408 3428 3239
f 3277 3284 3399
f 3173 3172 3318
f 3375 3198 3286
f 3485 3236 3493
f 3475 3346 3462
f 3494 3495 3277
f 3312 3391 3401
f 3200 3234 3201
f 3260 3496 3313
f 3400 3287 3497
f 3264 3464 3393
f 3470 3427 3471
f 3313 3373 3260
f 3256 3185 3375
f 3325 3350 3323
f 3479 3382 3383
f 3268 3383 3356
f 3473 3472 3498
f 3496 3260 3261
f 3428 3470 3239
f 3478 3496 3271
f 3186 3256 3462
f 3499 3500 3464
f 3396 3239 3470
f 3466 3421 3217
f 3466 3217 3214
f 3471 3427 3442
f 3308 3447 3446
f 3380 3295 3231
f 3441 3426 3224
f 3351 3251 3362
f 3406 2183 3501
f 2163 3292 3206
f 3173 3318 3283
f 3274 3384 3306
f 3250 3195 2345
f 3441 3359 3361
f 3190 3199 3486
f 3219 3234 3204
f 3209 3304 3208
f 3404 2259 2450
f 3255 3304 3475
f 3473 3199 3190
f 3273 3327 3218
f 3238 3239 3390
f 3462 3265 3186
f 3271 3479 3478
f 2446 3502 2436
f 3379 3423 3298
f 3254 3232 3354
f 3460 3351 3217
f 3460 3217 3420
f 3499 3341 3500
f 3257 3259 3182
f 3499 3263 3341
f 3187 3291 3261
f 3341 3263 3342
f 3255 3475 3462
f 3192 3503 3404
f 3190 3303 3372
f 3126 3096 3490
f 3490 3096 2519
f 3326 3339 3256
f 2706 2436 3502
f 3462 3346 3265
f 3290 3269 3271
f 3213 3177 3231
f 3335 3348 3244
f 3504 3377 3440
f 3320 3348 3363
f 3378 3407 3309
f 3350 3351 3419
f 3397 3237 3236
f 3397 3236 3484
f 3259 3063 3126
f 3468 3482 3414
f 3468 3414 3229
f 3245 3172 3366
f 3314 3355 3233
f 3196 2449 2411
f 3266 3300 3321
f 3373 3241 3260
f 3492 3182 3259
f 3256 3375 3326
f 3479 3271 3382
f 3282 3193 3242
f 3426 3505 3506
f 3426 3506 3465
f 3493 3236 3235
f 3493 3235 3507
f 3227 3258 3339
f 3358 3357 3418
f 3434 3289 3226
f 3379 3298 3300
f 3499 3464 3263
f 3227 2956 2984
f 3226 3289 3280
f 3063 3259 3258
f 3319 3378 3355
f 3379 3409 3328
f 3382 3418 3357
f 3324 3407 3325
f 3298 3210 3212
f 3203 3223 3243
f 3344 3254 3345
f 3364 3194 3281
f 3378 3252 3407
f 3418 3422 3299
f 2630 3294 2518
f 3458 3419 3351
f 3247 3305 3221
f 3226 3248 3224
f 3449 3361 3438
f 3235 3268 3288
f 3470 3469 3508
f 3299 3298 3280
f 3449 3438 3369
f 3279 3174 3173
f 3423 3379 3327
f 3436 3451 3447
f 3384 3402 3415
f 3503 3374 2256
f 3494 3277 3276
f 3456 3412 3411
f 3377 3509 3336
f 3377 3336 3338
f 3288 3425 3507
f 3288 3507 3235
f 3298 3248 3280
f 3198 3238 3286
f 3301 2681 2706
f 3193 3282 3194
f 3503 3192 3374
f 3201 3253 3191
f 3204 3199 3179
f 3427 3470 3428
f 3492 3293 3183
f 2681 3301 3392
f 3502 3472 2706
f 3347 3423 3327
f 3277 3495 3445
f 3277 3445 3416
f 3295 3211 3347
f 3301 2706 3472
f 2341 3193 2450
f 3416 3342 3284
f 3311 3326 2937
f 3449 3441 3361
f 3392 3301 3303
f 3184 3257 3182
f 3496 3478 3264
f 3359 3224 3248
f 3264 3313 3496
f 3357 3356 3383
f 3403 3330 3386
f 3262 3264 3478
f 3508 3005 3470
f 3399 3268 3237
f 3489 3468 3477
f 3219 3173 3283
f 3502 2446 3472
f 3358 3418 3280
f 2160 3250 2345
f 3282 3242 3281
f 3221 3220 3245
f 3472 3302 3301
f 2446 3498 3472
f 3424 3258 3257
f 3329 2446 2410
f 3498 2446 3329
f 3252 3220 3222
f 3239 3396 3390
f 3491 3497 3287
f 3263 3284 3342
f 3273 3218 3191
f 3468 2418 2358
f 2953 2928 3390
f 3203 3173 3202
f 3201 3191 3486
f 3417 3177 3176
f 3259 3490 3492
f 3422 3418 3270
f 3233 3355 3309
f 3281 3415 3402
f 3360 3211 3380
f 3239 3197 3408
f 3347 3296 3295
f 3270 3269 3422
f 3475 3304 3328
f 2630 2639 3294
f 3463 3307 2416
f 3367 3498 3329
f 3272 3327 3273
f 3503 2256 2260
f 3196 2448 2449
f 3323 3432 3365
f 3448 3438 3417
f 3297 3354 3231
f 3370 3369 3430
f 2260 2248 2239
f 3372 3302 3473
f 2259 3404 2260
f 3392 3303 3293
f 3298 3423 3210
f 1803 3349 3501
f 1803 3501 2183
f 3486 3199 3201
f 3268 3399 3284
f 3293 3492 3294
f 3190 3372 3473
f 3185 3198 3375
f 3367 2448 3196
f 3487 3465 3506
f 3246 3245 3366
f 3448 3417 3411
f 2411 2346 3196
f 3473 3498 3367
f 2519 2518 3294
f 3310 3324 3365
f 3294 3492 2519
f 3509 3377 3504
f 3307 3306 2416
f 3338 3376 3377
f 3386 3364 3281
f 3251 3325 3407
f 2260 3404 3503
f 3265 3267 3186
f 3196 3179 3367
f 3227 3063 3258
f 3267 3291 3186
f 3271 3496 3261
f 3281 3242 3415
f 3488 3505 3426
f 3488 3426 3333
f 2248 2260 2256
f 3183 3303 3188
f 3473 3367 3179
f 3214 3275 3454
f 3330 3403 3246
f 3190 3189 3303
f 3274 3216 3384
f 3312 3373 3313
f 3189 3188 3303
f 3172 3174 3366
f 3473 3179 3199
f 3396 3470 3005
f 3220 3318 3172
f 3492 3183 3182
f 3338 3337 3457
f 3338 3457 3413
f 2163 3205 2160
f 3510 3511 3512
f 3510 3512 3513
f 3514 3515 3516
f 272 3517 488
f 3518 3519 3520
f 1331 3127 2929
f 3521 3522 3516
f 3523 3524 3525
f 3500 3526 3527
f 3343 3444 3528
f 3343 3528 3529
f 3529 3530 3343
f 1410 633 3531
f 3519 3532 3533
f 3516 3515 3534
f 3535 287 3536
f 3343 3530 3341
f 3524 3537 3538
f 3539 3540 3541
f 3516 3522 3514
f 3542 3511 3543
f 3534 3515 646
f 3528 3544 3529
f 3527 3526 3545
f 3510 3543 3511
f 3527 3545 3540
f 3315 3546 3547
f 3548 3469 3549
f 3533 3525 3527
f 3521 3516 3550
f 1410 3531 3551
f 3105 1331 2929
f 3105 3005 1046
f 3519 3540 3520
f 3552 3523 3532
f 1046 3548 1283
f 3531 633 517
f 3508 1046 3005
f 3527 3553 3500
f 287 3535 1421
f 3518 3551 3531
f 3554 1410 3555
f 3391 3316 3537
f 3533 3532 3523
f 3442 3391 3522
f 3341 3530 3526
f 3469 3548 3508
f 3556 3557 3536
f 3557 3537 3524
f 488 3517 3534
f 3554 1411 1410
f 3535 3532 516
f 3442 3522 3521
f 3556 289 646
f 3545 3526 3530
f 3558 3512 3529
f 3558 3529 3544
f 3500 3341 3526
f 3514 3559 3557
f 3550 3471 3521
f 3560 3547 3546
f 3556 3536 287
f 3549 3550 3517
f 3511 3542 3541
f 3511 3541 3540
f 3105 1046 1331
f 3525 3560 3527
f 3549 1283 3548
f 3530 3512 3545
f 3524 3538 3560
f 3534 646 488
f 3561 3518 3562
f 3127 1331 943
f 3546 3315 3464
f 3464 3500 3546
f 3556 3514 3557
f 3527 3560 3553
f 3512 3511 3545
f 3553 3560 3546
f 646 3515 3556
f 3558 3513 3512
f 3532 3518 3531
f 3562 3518 3520
f 3562 3520 3563
f 3546 3500 3553
f 3316 3538 3537
f 3555 1410 3551
f 3555 3551 3564
f 3523 3557 3524
f 3565 272 1283
f 3469 3471 3549
f 3527 3519 3533
f 3552 3532 3535
f 3537 3522 3391
f 3515 3514 3556
f 3518 3532 3519
f 3540 3519 3527
f 3523 3525 3533
f 3538 3547 3560
f 3529 3512 3530
f 3537 3557 3559
f 3565 3517 272
f 3534 3550 3516
f 3535 3536 3552
f 3524 3560 3525
f 3557 3523 3536
f 3523 3552 3536
f 517 516 3531
f 3559 3522 3537
f 3559 3514 3522
f 3565 1283 3549
f 3471 3550 3549
f 3531 516 3532
f 1046 3508 3548
f 3563 3520 3566
f 3539 3566 3520
f 3539 3520 3540
f 287 289 3556
f 3442 3521 3471
f 3549 3517 3565
f 3564 3551 3518
f 3564 3518 3561
f 3550 3534 3517
f 3316 3315 3538
f 3535 516 1421
f 3511 3540 3545
f 3315 3547 3538
f 3567 835 601
f 3567 678 835
f 3567 677 678
f 3567 356 677
f 3567 354 356
f 3567 1317 354
f 3567 1373 1317
f 3567 1372 1373
f 3567 1025 1372
f 3567 743 1025
f 3567 741 743
f 3567 1009 741
f 3567 581 1009
f 3567 568 581
f 3567 569 568
f 3567 577 569
f 3567 582 577
f 3567 667 582
f 3567 579 667
f 3567 576 579
f 3567 573 576
f 3567 648 573
f 3567 972 648
f 3567 538 972
f 3567 536 538
f 3567 700 536
f 3567 10 700
f 3567 6 10
f 3567 4 6
f 3567 9 4
f 3567 7 9
f 3567 1101 7
f 3567 958 1101
f 3567 704 958
f 3567 703 704
f 3567 713 703
f 3567 711 713
f 3567 712 711
f 3567 315 712
f 3567 316 315
f 3567 1095 316
f 3567 921 1095
f 3567 922 921
f 3567 1270 922
f 3567 2075 1270
f 3567 2167 2075
f 3567 2091 2167
f 3567 2092 2091
f 3567 2169 2092
f 3567 2192 2169
f 3567 2191 2192
f 3567 2190 2191
f 3567 1950 2190
f 3567 1948 1950
f 3567 1955 1948
f 3567 1953 1955
f 3567 2036 1953
f 3567 2037 2036
f 3567 2009 2037
f 3567 2008 2009
f 3567 2185 2008
f 3567 1765 2185
f 3567 1766 1765
f 3567 1802 1766
f 3567 3349 1802
f 3567 3501 3349
f 3567 3406 3501
f 3567 3405 3406
f 3567 3477 3405
f 3567 3489 3477
f 3567 3483 3489
f 3567 3482 3483
f 3567 3414 3482
f 3567 3230 3414
f 3567 3228 3230
f 3567 3387 3228
f 3567 3388 3387
f 3567 3435 3388
f 3567 3480 3435
f 3567 3452 3480
f 3567 3453 3452
f 3567 3474 3453
f 3567 3467 3474
f 3567 3466 3467
f 3567 3421 3466
f 3567 3420 3421
f 3567 3460 3420
f 3567 3461 3460
f 3567 3459 3461
f 3567 3443 3459
f 3567 3439 3443
f 3567 3440 3439
f 3567 3504 3440
f 3567 3509 3504
f 3567 3336 3509
f 3567 3337 3336
f 3567 3457 3337
f 3567 3455 3457
f 3567 3456 3455
f 3567 3412 3456
f 3567 3410 3412
f 3567 3431 3410
f 3567 3429 3431
f 3567 3371 3429
f 3567 3368 3371
f 3567 3450 3368
f 3567 3331 3450
f 3567 3332 3331
f 3567 3481 3332
f 3567 3488 3481
f 3567 3505 3488
f 3567 3506 3505
f 3567 3487 3506
f 3567 3395 3487
f 3567 3394 3395
f 3567 3433 3394
f 3567 3491 3433
f 3567 3497 3491
f 3567 3400 3497
f 3567 3353 3400
f 3567 3352 3353
f 3567 3425 3352
f 3567 3507 3425
f 3567 3493 3507
f 3567 3485 3493
f 3567 3484 3485
f 3567 3397 3484
f 3567 3398 3397
f 3567 3476 3398
f 3567 3278 3476
f 3567 3276 3278
f 3567 3494 3276
f 3567 3495 3494
f 3567 3445 3495
f 3567 3444 3445
f 3567 3528 3444
f 3567 3544 3528
f 3567 3558 3544
f 3567 3513 3558
f 3567 3510 3513
f 3567 3543 3510
f 3567 3542 3543
f 3567 3541 3542
f 3567 3539 3541
f 3567 3566 3539
f 3567 3563 3566
f 3567 3562 3563
f 3567 3561 3562
f 3567 3564 3561
f 3567 3555 3564
f 3567 3554 3555
f 3567 1411 3554
f 3567 890 1411
f 3567 889 890
f 3567 841 889
f 3567 708 841
f 3567 707 708
f 3567 840 707
f 3567 603 840
f 3567 601 603
