mtllib Rook_cleaned.mtl
o coarse_x+0.00_z-3.00
usemtl 3DModel
v 0.031141716 -0.009440019 0.244788910
v 0.032439749 -0.007723231 0.243766335
v 0.033708358 -0.008525317 0.244556462
v -0.026735025 0.044608949 0.193575400
v -0.025940532 0.044278746 0.186637733
v -0.022275385 0.047730265 0.190213733
v -0.013506837 0.044466200 0.161163353
v -0.014084486 0.048826547 0.167258290
v -0.019818254 0.043725257 0.166910598
v -0.019693357 0.023419841 0.127794022
v -0.021930131 0.021040515 0.117292958
v -0.017668304 0.025685709 0.115309079
v 0.000454486 0.064943139 0.220381942
v -0.003111099 0.063357556 0.218791523
v 0.000015051 0.064536016 0.217982128
v -0.017831939 0.026452099 0.134364563
v -0.018460877 0.027692791 0.140868195
v -0.020954960 0.023226128 0.138567182
v -0.017280126 0.039341722 0.158632244
v -0.023303532 0.033724221 0.160147620
v -0.025870886 0.016433058 0.113300906
v -0.024019901 0.017437041 0.121257079
v -0.036587578 0.031221110 0.197863005
v -0.034937386 0.032916314 0.188867557
v -0.033544336 0.037520738 0.198149198
v -0.011360674 0.030724344 0.125329722
v -0.008063362 0.032677883 0.127373167
v -0.010560295 0.032455147 0.132801160
v -0.021862120 0.050096273 0.199522354
v -0.016909731 0.053011127 0.202522385
v -0.021685815 0.051091941 0.204605134
v -0.005466200 0.035774951 0.135856477
v -0.009467920 0.034536195 0.137616587
v -0.006923762 0.034023726 0.131792877
v -0.003509585 0.032956282 0.118063694
v -0.007384918 0.032184818 0.122323329
v -0.008464996 0.031144295 0.115326740
v -0.004738087 0.033569129 0.125136988
v -0.002400860 0.034981795 0.129622389
v -0.028509797 0.037952940 0.173961252
v -0.033387190 0.030020261 0.177296698
v -0.029382205 0.030238939 0.168781400
v 0.026100146 0.050762754 0.013804310
v 0.021970038 0.052838961 0.019774689
v 0.020487629 0.052557226 0.014456389
v -0.017041395 0.030798498 0.144526614
v -0.019249431 0.028449100 0.144575060
v -0.021475206 0.026107988 0.146641478
v -0.014392158 0.058293884 0.215771263
v -0.018849157 0.054107702 0.210539791
v -0.014901427 0.055890618 0.209129160
v -0.025713652 0.050379366 0.237864699
v -0.025999228 0.047664305 0.238863357
v -0.028457210 0.048308141 0.237929372
v -0.016969233 0.057750107 0.236937064
v -0.015216701 0.058378023 0.237128709
v -0.014590138 0.056758279 0.237925465
v -0.024465758 0.020698213 0.144867316
v -0.037459205 0.027258598 0.190076230
v -0.009582161 0.037278584 0.087962412
v -0.015075140 0.035216798 0.083609331
v -0.011102204 0.038721117 0.081016416
v -0.016682841 0.059561709 0.234605975
v -0.018552007 0.058047028 0.235899546
v -0.020504831 0.057396703 0.233518547
v -0.028708197 0.049512581 0.235217292
v -0.026697962 0.051384708 0.236566745
v -0.035512619 0.029603103 0.183586892
v -0.023097904 0.047240036 0.239392146
v -0.019991300 0.045813653 0.239519361
v -0.023887416 0.043778199 0.239721806
v -0.012976302 0.032760317 0.139224859
v -0.014642266 0.029781626 0.135075348
v -0.040734647 0.024448052 0.228858111
v -0.039285605 0.028202181 0.222615583
v -0.039012158 0.029018653 0.230427033
v -0.035306233 0.004251765 0.096773418
v -0.035914462 0.008585465 0.090523179
v -0.031900698 0.009818995 0.100145717
v -0.018413821 0.030010462 0.088899295
v -0.020860750 0.030555958 0.081407919
v -0.027740799 0.013812216 0.243669408
v -0.030219334 0.020225244 0.244443215
v -0.027736848 0.017738530 0.242817488
v -0.030606678 0.014307331 0.244850628
v -0.028465740 0.010327478 0.244892281
v -0.022842703 0.018817182 0.133427453
v -0.024524397 0.018036505 0.139961097
v -0.030371153 0.009541870 0.245433839
v -0.027856711 0.001099567 0.246642909
v -0.024867928 -0.005239314 0.247153666
v -0.027462466 -0.003175629 0.246573823
v -0.029562079 0.005942205 0.245865510
v -0.027713360 0.005725515 0.245795960
v -0.029621344 0.000271345 0.246111981
v -0.029770870 -0.001735830 0.246215511
v -0.027792879 -0.005489528 0.246427217
v -0.030788581 0.003090067 0.245932444
v -0.031456996 0.006831849 0.245652841
v -0.032546827 0.017633023 0.244736104
v -0.025688961 -0.006636269 0.246873365
v -0.031836902 0.002124559 0.245905054
v -0.032719273 0.020754171 0.244484097
v -0.033064781 0.025065804 0.244225831
v -0.033331586 0.012897550 0.244942939
v -0.032636205 0.000532689 0.245426943
v -0.033859756 0.009042939 0.244985459
v -0.034839636 0.019489107 0.244232567
v -0.024906142 -0.009285970 0.246795058
v -0.035142027 0.011323218 0.244353548
v -0.041189275 0.022787436 0.233427755
v -0.041703852 0.020944995 0.228464403
v -0.027181204 -0.008765920 0.245728475
v -0.035464769 0.008544260 0.244815279
v -0.035442490 0.023669462 0.243675061
v -0.033095811 0.005651169 0.245189200
v -0.034433693 0.004538355 0.245139290
v -0.036485038 0.011922957 0.244246774
v -0.035921837 0.014511373 0.244072662
v -0.024758781 -0.012214127 0.245027268
v -0.031606278 -0.004000499 0.245169277
v -0.031873799 -0.002547595 0.245521089
v -0.029820389 -0.005477116 0.245536407
v -0.034406712 0.000343911 0.245008026
v -0.029171946 -0.007793850 0.244463217
v -0.031483772 -0.005367061 0.244277392
v -0.027467828 -0.010168833 0.244496248
v -0.035866080 0.004607668 0.244963870
v -0.034907249 0.002836059 0.245077281
v -0.033293540 -0.002548450 0.244410309
v -0.037090019 0.020817820 0.243128610
v -0.035827564 0.028604078 0.242706769
v -0.037622569 0.015325239 0.243685917
v -0.024543742 -0.007715361 0.247229170
v -0.036677235 0.003207961 0.244316166
v -0.038619324 0.024730656 0.242093386
v -0.038449977 0.028069598 0.241216757
v -0.037744693 0.027921340 0.241889714
v -0.027203811 -0.010792509 0.242390548
v -0.028619866 -0.008993989 0.243359532
v -0.030844183 -0.007378804 0.241719967
v -0.024015614 -0.013797510 0.240705295
v -0.033900055 -0.003474066 0.242539029
v -0.037310587 0.010735014 0.244056288
v -0.036827757 0.006952035 0.244655957
v -0.038323203 0.009597649 0.243596222
v -0.039329330 0.026393332 0.240466897
v -0.039875810 0.021813816 0.240468790
v -0.039061152 0.018799146 0.242448467
v -0.038988186 0.013278798 0.243030435
v -0.028022590 -0.010427659 0.237042193
v -0.039679703 0.026420821 0.237873820
v -0.040350544 0.016072700 0.240925990
v -0.036049964 -0.000207144 0.243459132
v -0.038627636 0.004359380 0.242132104
v -0.038504019 0.006858623 0.243252788
v -0.031288004 -0.006929998 0.237360175
v -0.041131327 0.019589831 0.237712998
v -0.027662282 0.009267403 0.125584492
v -0.028391906 0.006517526 0.118368714
v -0.028502630 0.009753139 0.116981157
v -0.039801062 0.007680048 0.240686992
v -0.039750397 0.011009711 0.241689309
v -0.040447637 0.010235359 0.239878535
v -0.023689715 -0.014279825 0.233844736
v -0.020793963 -0.016316446 0.237496499
v -0.033885964 -0.003827622 0.239048475
v -0.036778635 -0.000070712 0.239521898
v -0.041282879 0.013788614 0.237728264
v -0.030028503 -0.008347777 0.231822386
v -0.025922136 -0.012379724 0.228229176
v -0.037236019 0.002240551 0.242994184
v -0.037673028 0.001912466 0.241426434
v -0.041147726 0.009785980 0.236989268
v -0.042041179 0.017739249 0.232043474
v -0.039677687 0.004745457 0.236925117
v -0.041872499 0.018590521 0.222280379
v -0.033302207 -0.004851998 0.234886265
v -0.031819517 -0.006061645 0.228032825
v -0.020093105 -0.016797023 0.231115860
v -0.021682566 -0.015849668 0.225759017
v -0.035577061 -0.001969427 0.236165183
v -0.037599214 0.000815336 0.233435815
v -0.036042645 -0.001344152 0.232949793
v -0.034530064 -0.003127106 0.232268840
v -0.041688814 0.013885255 0.215764943
v -0.041161064 0.019110703 0.209046463
v -0.039227031 0.003886411 0.231585913
v -0.034764246 -0.002630211 0.226675611
v -0.037558371 0.001703816 0.224476921
v -0.040301774 0.006331465 0.226619201
v -0.037556972 0.003852011 0.212825833
v 0.015235306 0.044680442 0.058592222
v 0.018172088 0.043735473 0.064600064
v 0.013365746 0.045046592 0.063321349
v 0.003607746 0.051671664 0.003114003
v 0.003591256 0.051754704 0.005079096
v -0.000838906 0.051042691 0.005103572
v 0.000316927 0.051149493 0.003286467
v 0.010318214 0.053785932 0.015193149
v 0.016831615 0.053771219 0.018180876
v 0.014119398 0.054136796 0.020757715
v -0.040312310 0.009173029 0.216062989
v -0.024909360 0.040843044 0.239534508
v -0.021869027 0.042761380 0.238701261
v -0.022770525 0.040890127 0.238052750
v -0.041755303 0.010383141 0.225123026
v -0.042069200 0.013173269 0.229740800
v -0.041473740 0.009032920 0.232237953
v 0.016300368 0.035333370 0.101152634
v 0.018451084 0.036162277 0.094153420
v 0.020635107 0.034147668 0.099137199
v 0.019874085 0.037540171 0.087923616
v 0.017700606 0.039478516 0.084946662
v 0.022936929 0.038798939 0.081078817
v 0.022541064 0.032079441 0.104320538
v 0.025256730 0.032073611 0.097176649
v 0.024617283 0.030251611 0.107138555
v 0.021660232 0.031463346 0.112732508
v -0.037699953 -0.032022257 0.064629565
v -0.041765578 -0.029755506 0.060792686
v -0.038636393 -0.027828840 0.068242221
v -0.050571977 0.028958353 0.027463289
v -0.050056337 0.026344843 0.033130624
v -0.054145850 0.024780040 0.028895596
v -0.014091441 -0.021352373 0.108080163
v -0.017789835 -0.023879222 0.099567971
v -0.017802538 -0.018194308 0.108609339
v -0.029591856 0.007339413 0.160155148
v -0.022760662 -0.004854371 0.157429874
v -0.024478811 -0.000200908 0.150323466
v -0.051616169 -0.010216520 0.051667054
v -0.047329789 -0.017938980 0.057887084
v -0.051647235 -0.018805793 0.050149672
v 0.014148108 0.034454907 0.112594320
v 0.014198090 0.034989014 0.106426364
v 0.018053452 0.033720657 0.107995382
v -0.023527059 -0.000349007 0.128283733
v -0.024858406 0.003548364 0.130968375
v -0.022625252 -0.000204230 0.134995565
v 0.007198049 0.053837927 0.233883165
v 0.010506777 0.056471809 0.235658465
v 0.009860844 0.053790872 0.233624384
v -0.036232890 -0.005276489 0.093281412
v -0.032881936 -0.007189401 0.097375137
v -0.035726223 -0.010262353 0.090548195
v 0.025614114 0.057045315 0.237674708
v 0.021605016 0.056338453 0.236892647
v 0.018409799 0.059048670 0.237287868
v 0.009843358 0.040616022 0.086486825
v 0.014205589 0.039729118 0.086826858
v 0.012202169 0.038033316 0.092953401
v 0.026652906 0.054439108 0.236994092
v 0.015978695 0.056905069 0.236191605
v 0.021982535 0.060576350 0.237149117
v 0.013537351 0.062300302 0.237172062
v 0.019266294 0.054577484 0.235388448
v -0.058952966 -0.020310850 0.037734636
v -0.058446817 -0.016768740 0.039847118
v -0.055931212 -0.020856568 0.043044657
v 0.013543273 0.053934039 0.233870493
v 0.023975864 0.054173336 0.236240209
v -0.042841838 -0.033576907 0.055155789
v -0.045730945 -0.029311440 0.054372249
v -0.035218395 -0.035765198 0.063107010
v -0.034897636 -0.039302448 0.058239991
v -0.039373742 -0.035305615 0.058271120
v -0.044651421 -0.024573353 0.059717818
v 0.006883111 0.057924091 0.236911286
v 0.011140209 0.059572150 0.237246173
v 0.010024197 0.064910839 0.236679827
v 0.013712999 0.064323209 0.236457103
v 0.027993018 0.059026213 0.236948982
v 0.030586492 0.055939184 0.237405575
v -0.035869320 -0.029850265 0.070226319
v -0.032766302 -0.029734614 0.074969913
v -0.034412856 -0.033018232 0.068063418
v 0.004761827 0.059434591 0.237735653
v 0.001461416 0.057170282 0.237512336
v -0.003001560 0.058496757 0.238489981
v -0.047956649 -0.042936423 0.038571549
v -0.051802995 -0.037489386 0.038620411
v -0.047321043 -0.040720886 0.042733761
v -0.022627217 -0.001207808 0.145104981
v -0.021004462 -0.004127374 0.147906310
v -0.007884095 -0.024779139 0.107809671
v -0.010194827 -0.027378237 0.101388389
v -0.012453740 -0.024847422 0.103911185
v -0.023966730 0.000962695 0.145423688
v -0.006496759 -0.027541084 0.103396312
v -0.009172183 -0.030142476 0.097465883
v 0.009881002 0.063310157 0.207933171
v 0.011357859 0.063712879 0.208780096
v 0.009668506 0.064241288 0.211954778
v -0.009197793 0.054631118 0.238619327
v -0.015427769 0.052565715 0.238849320
v -0.010204742 0.056396784 0.238610374
v 0.008723057 0.063595080 0.237242423
v 0.005193168 0.062288789 0.237932683
v -0.002021977 0.053342563 0.236235602
v -0.006640829 0.049270118 0.234951759
v -0.008280106 0.051433381 0.237082043
v -0.020717694 -0.003233529 0.140541403
v -0.023460450 0.000745977 0.141329195
v 0.006519166 0.065609059 0.236341316
v 0.003678182 0.065939990 0.235157924
v 0.008765885 0.066357643 0.234611294
v 0.014184079 0.051400219 0.002559721
v 0.012648306 0.051751299 0.003623808
v 0.012758327 0.051640279 0.002634441
v -0.018066446 -0.006587858 0.136034513
v -0.020904343 -0.003801195 0.130717098
v -0.020528930 -0.003512916 0.135410973
v -0.056017614 -0.014376941 0.044290130
v -0.009153758 -0.021677520 0.113155892
v -0.024827528 0.004723548 0.136979706
v -0.015410573 -0.009715565 0.133437338
v -0.013529103 -0.010517225 0.139916392
v -0.011716535 -0.012624313 0.134334556
v -0.018448717 -0.007770636 0.128240676
v 0.017662193 0.053581559 0.024722641
v 0.006795987 0.056036801 0.235721296
v 0.030045041 0.054098640 0.237302003
v 0.032748613 0.051980939 0.236327143
v 0.030210934 0.051874301 0.235938417
v -0.024973966 0.000049324 0.122660932
v -0.022598841 -0.004295550 0.122420952
v -0.014933083 -0.011281071 0.128560484
v -0.022902176 -0.013060707 0.108236739
v -0.021996187 -0.008915061 0.116387687
v -0.018476594 -0.013202851 0.116015062
v 0.012017996 0.065295596 0.235509103
v -0.025787076 0.007225862 0.131435201
v -0.025281457 0.002382757 0.126004497
v -0.026498464 0.005741260 0.125862879
v -0.026423788 -0.000613551 0.117145404
v -0.017775102 -0.018161952 0.234056950
v 0.003667838 0.056231928 0.236529097
v 0.006690593 0.064595758 0.237285288
v 0.013413629 0.066635091 0.234357510
v -0.049169090 -0.006326771 0.056487481
v -0.051270037 -0.004225165 0.052146235
v -0.049101429 -0.002043186 0.055958713
v -0.018045715 -0.010336035 0.122612532
v -0.014778583 -0.013518923 0.122818180
v -0.011454134 -0.014095736 0.128581401
v -0.065262185 0.002235875 0.006723323
v -0.064760257 0.002736628 0.011141451
v -0.065411993 -0.000347545 0.006731174
v -0.003513539 -0.025657821 0.108848412
v -0.003183211 -0.027899755 0.104026540
v -0.027015113 0.003041853 0.119834604
v 0.003307275 0.053645235 0.234624085
v 0.003664003 0.064990993 0.237202114
v -0.005719395 0.054578043 0.237946770
v -0.020218505 -0.007826946 0.122530845
v -0.041055325 0.037428868 0.020079182
v -0.044167456 0.034641164 0.013249695
v -0.036187687 0.039971770 0.015291248
v 0.006944357 0.052218763 0.006757724
v 0.003238187 0.052301900 0.010899294
v 0.020558145 0.051113159 0.007244590
v -0.030777335 0.034891227 0.241029764
v -0.030028111 0.036543290 0.240396504
v -0.028039955 0.036058905 0.239868812
v -0.023106824 0.038771698 0.047823278
v -0.015828529 0.042315605 0.047632770
v -0.013188342 0.042020469 0.055934867
v -0.025370516 0.036815044 0.238154682
v -0.026470682 0.038473461 0.239297711
v -0.038280695 -0.008605557 0.087187156
v -0.038826206 -0.005068832 0.088056338
v -0.027124742 0.015696553 0.146365165
v 0.040924005 -0.013567241 0.233037683
v 0.044058141 -0.010378488 0.232546364
v 0.042963862 -0.011789484 0.229364846
v -0.008304500 0.036395559 0.141142727
v -0.026855227 0.020032212 0.151655782
v -0.024625094 0.026862099 0.154344493
v 0.003206781 0.065834800 0.221345751
v 0.000504576 0.065609029 0.224448943
v -0.004760075 0.037771917 0.140942941
v -0.025778645 0.004292856 0.145066797
v -0.037378409 0.023823188 0.184700103
v -0.019317752 0.048941619 0.239347842
v -0.020631870 0.051251068 0.238542090
v -0.026442132 0.050734960 0.221528654
v -0.029247149 0.046687632 0.214197367
v -0.025390274 0.050141535 0.212718366
v -0.026468148 0.052020055 0.232976836
v -0.026092453 -0.004320037 0.113302333
v -0.008213514 0.038595307 0.146229500
v -0.012783864 0.035612021 0.145799526
v -0.011595764 -0.016250672 0.122199237
v -0.012653453 -0.018533993 0.115126865
v -0.015112269 -0.015711900 0.117008427
v 0.024904770 0.049578858 0.006576222
v -0.000970278 0.061579643 0.238211375
v -0.017760632 0.057384144 0.220850676
v -0.020836258 0.054326725 0.215586022
v -0.018027669 0.056087975 0.215919339
v 0.031973159 0.041959599 0.230015126
v 0.029980216 0.043149057 0.229471117
v 0.032744776 0.043291086 0.231219315
v -0.011279619 -0.014632483 0.246988809
v -0.009532850 -0.013782749 0.245420984
v -0.009683068 -0.015697265 0.245448725
v -0.008404493 -0.018459632 0.121746335
v -0.017085454 0.033838977 0.150105606
v -0.015623188 0.037004419 0.152557236
v -0.004496184 -0.030657456 0.098502733
v -0.010221564 -0.009996247 0.246064301
v -0.008532556 -0.011794574 0.244796946
v -0.011005867 -0.011983778 0.246826977
v -0.027936346 0.014856689 0.104803686
v -0.029542890 0.013921990 0.098189068
v -0.024654776 0.019671214 0.100351933
v -0.012204620 0.040146610 0.153338112
v -0.008421733 -0.015164683 0.244657841
v -0.007392160 -0.014574626 0.243620415
v -0.007880575 -0.016122015 0.243286818
v -0.028253136 0.001666732 0.114481167
v 0.006068611 0.036025312 0.102765706
v 0.011497747 0.036158531 0.101459663
v 0.008916172 0.035627195 0.105549606
v -0.029280053 0.003951768 0.113368298
v -0.025555649 -0.008091291 0.109647595
v -0.022303582 0.024087806 0.093254887
v -0.017796519 0.028269266 0.095647245
v -0.020314138 0.024795349 0.099873184
v -0.023467705 0.055063194 0.234091200
v -0.025076889 0.053361361 0.236026673
v 0.005496781 0.047456999 0.048295383
v 0.006295946 0.046090462 0.055701315
v 0.002387218 0.046459755 0.052535060
v -0.008579016 -0.017782619 0.244400920
v -0.006244438 -0.017451724 0.243444086
v -0.007512067 -0.019030503 0.243916191
v -0.036189604 0.034298291 0.207738424
v -0.024723612 0.019111579 0.108000414
v -0.008201647 -0.013484594 0.244123386
v -0.009929478 -0.017555256 0.245550385
v -0.011376164 -0.016901250 0.246716050
v -0.010267561 -0.016528243 0.245910132
v -0.000148056 0.062993204 0.210886958
v -0.001073873 0.061905012 0.207868829
v 0.002289462 0.063219002 0.209931241
v -0.013410474 -0.009540595 0.247207047
v -0.014055949 -0.012185642 0.247860805
v -0.007349117 -0.010808947 0.243268884
v -0.006699398 -0.011325291 0.241654396
v -0.007361793 -0.012006920 0.243026911
v -0.006138490 -0.014766390 0.242159275
v -0.007112023 -0.013262455 0.243076454
v -0.028492737 0.022874624 0.161511897
v -0.016210941 0.052257010 0.193739145
v -0.018553637 0.050284238 0.187026864
v -0.015436233 0.027683506 0.125791068
v -0.028538575 0.016518839 0.093964168
v -0.033658025 0.042026537 0.021198673
v -0.037748002 0.039406785 0.024352503
v -0.018127770 0.054140594 0.238103158
v 0.016104729 0.037991040 0.090288838
v -0.019344535 0.000983513 0.242740434
v -0.019772514 0.003870772 0.240537880
v -0.017104076 0.001635223 0.240408752
v 0.027386714 0.050465127 0.234418333
v 0.026474737 0.052763648 0.236045721
v -0.013934430 -0.014977405 0.247813301
v -0.007885830 -0.012608103 0.243648139
v -0.022589882 0.006513968 0.241448936
v -0.020462343 0.007951072 0.238827326
v -0.030866504 0.006974600 0.108667965
v -0.008260399 -0.009568372 0.244273680
v -0.006692267 -0.009384182 0.241932138
v -0.027312172 -0.010143595 0.103848340
v -0.008883655 -0.016482803 0.244516085
v -0.031423883 0.041556544 0.010034550
v -0.027872355 0.044677292 0.016898729
v -0.045146000 -0.034522837 0.051220120
v -0.040924466 -0.038826041 0.051974286
v -0.046172554 -0.037789146 0.047363489
v -0.014267986 -0.029475427 0.094933438
v -0.029346543 -0.000162050 0.109942976
v -0.029309922 -0.005199859 0.105176274
v -0.011033729 -0.032647696 0.092398389
v -0.013679175 -0.034656488 0.087023516
v -0.029504261 -0.012837086 0.097371053
v -0.025906310 -0.014715636 0.100928877
v -0.018063298 -0.009176025 0.247816359
v -0.006580292 -0.012681734 0.242059884
v -0.016710646 -0.015115820 0.247607304
v -0.017166481 -0.012485828 0.247960789
v -0.030391206 -0.002862924 0.245819639
v -0.018200556 -0.033194163 0.085449878
v -0.005299654 -0.012511232 0.240878977
v -0.003443302 -0.013725237 0.241879494
v -0.033284271 -0.001197523 0.100324991
v 0.029065325 0.031604326 0.090175582
v 0.023691683 0.035160333 0.089795818
v 0.029137432 0.034936199 0.081670990
v -0.031759125 0.003016135 0.105610045
v -0.055913478 -0.030588735 0.037386700
v -0.052455088 -0.031207082 0.043524514
v -0.052946119 -0.033285611 0.040496760
v -0.011506034 -0.008452505 0.246300094
v -0.009627561 -0.016949850 0.244963833
v -0.054875270 -0.034994664 0.033440568
v -0.052415630 -0.039856353 0.031246824
v -0.055702783 -0.035676927 0.027281561
v 0.015373748 0.064855573 0.212282004
v 0.021948341 0.064564264 0.215021178
v 0.019310017 0.066504538 0.222436566
v -0.031416567 -0.009766303 0.097121181
v -0.030087897 -0.008611614 0.100455845
v -0.022415564 -0.019473889 0.099830199
v 0.035681204 0.046810635 0.234742855
v 0.035764934 0.050178131 0.236048393
v 0.038754575 0.046629878 0.236291738
v -0.037670790 -0.001124498 0.092036796
v -0.015846807 0.006041193 0.237143728
v -0.049717442 0.030089113 0.012891204
v -0.048580287 0.030325833 0.007976405
v -0.020481870 -0.027910207 0.090313833
v -0.031249243 -0.017741945 0.090067943
v -0.026965128 -0.018430480 0.094941959
v -0.032889589 -0.012444084 0.092983523
v -0.023135251 -0.032131574 0.082384946
v -0.009721460 -0.008476690 0.245158027
v -0.010006126 -0.018797528 0.245440643
v -0.019469897 -0.012821048 0.247561253
v 0.025753548 0.064415627 0.221181338
v 0.014440070 0.044383747 0.070370903
v 0.020977465 0.042057564 0.072696836
v 0.015712291 0.041986174 0.079784542
v -0.040226473 0.001248678 0.085254072
v -0.039497293 0.005708916 0.084789276
v -0.042421298 0.003020898 0.078163350
v -0.022815832 0.039572303 0.236781600
v -0.023720675 0.037776966 0.236754511
v -0.024328887 0.039168699 0.238339267
v -0.024280118 -0.023343629 0.092163570
v -0.036518291 0.017461778 0.243506606
v -0.034160285 -0.020624534 0.083641576
v -0.035278597 -0.015734474 0.086891987
v -0.005489813 0.034196671 0.099390519
v -0.004993264 0.035597038 0.095459887
v -0.001939389 0.035696907 0.098450585
v -0.016561403 -0.007345897 0.247175727
v -0.021224861 -0.023877156 0.095126539
v -0.016152122 0.047130697 0.033911039
v -0.008529362 0.047269155 0.040622532
v -0.014930267 0.044425716 0.041876527
v -0.027864546 -0.021904302 0.089388739
v -0.030576044 -0.023373397 0.084905614
v -0.040584654 -0.003040070 0.084546092
v -0.057865516 0.020677034 0.006606574
v -0.057809712 0.020721447 0.006332756
v -0.053489857 0.025609513 0.006106362
v -0.053303078 0.025851827 0.006544410
v 0.008612314 0.065523480 0.218698079
v 0.005469606 0.064384076 0.213818051
v -0.039160855 0.036605873 0.005355410
v -0.038657816 0.036885780 0.006403596
v -0.043049471 0.034048257 0.005559204
v -0.053305089 0.025816763 0.006096678
v 0.023149208 0.052321299 0.234821629
v -0.047638070 0.032650250 0.018881192
v -0.057910666 0.020578241 0.006338046
v -0.053022869 0.026081281 0.006081888
v -0.063547945 -0.015614890 0.016257920
v -0.063465940 -0.012239631 0.024344219
v -0.062881171 -0.017522241 0.024135277
v 0.033260716 0.049394349 0.234986840
v -0.026646400 0.044627738 0.239497659
v -0.038267206 -0.013572579 0.083811235
v -0.041549036 -0.009300518 0.079195475
v 0.008756929 0.044226610 0.075591335
v 0.008688702 0.045615494 0.065057270
v 0.014784348 0.036663641 0.096297709
v -0.044175285 0.034872992 0.025680497
v 0.004440028 0.053815061 0.021666479
v 0.004670980 0.053377558 0.016492811
v -0.058138879 -0.030803497 0.028714381
v -0.012433313 0.051175220 0.238338917
v 0.015354976 0.066816419 0.224582429
v 0.013240003 0.066092154 0.220107934
v -0.034277133 -0.025194427 0.079034538
v -0.065078337 -0.010195929 0.006713688
v -0.064764137 -0.008841960 0.009987133
v -0.064374859 -0.013838728 0.006676820
v 0.024390805 0.065772337 0.226994629
v 0.020957500 0.066581851 0.228358088
v -0.007990789 0.043972174 0.056106593
v -0.003987429 0.044991353 0.057123505
v -0.006425531 0.044175814 0.061767208
v 0.016097532 0.067225266 0.229144629
v -0.027278654 0.041900334 0.239432836
v -0.028189115 0.039423921 0.239646987
v -0.044506698 -0.007799181 0.070358768
v -0.043630770 -0.002410916 0.075094885
v -0.007604165 -0.033114365 0.093432605
v 0.010512278 0.066456879 0.222127415
v 0.012370665 0.067052802 0.225196125
v 0.007135792 0.066542641 0.224257769
v 0.025126609 0.040963127 0.064687957
v -0.026085821 -0.026724779 0.085966880
v 0.027505675 0.038319356 0.074691716
v 0.026614532 0.037428949 0.078885006
v -0.040025987 -0.016686485 0.077083658
v 0.008057050 0.037988318 0.095192031
v -0.019989957 0.041877401 0.042643326
v 0.023439549 0.066098729 0.230239788
v 0.009476778 0.046512207 0.051608965
v 0.011134646 0.047809671 0.044878568
v -0.016230757 0.047557272 0.238111348
v -0.016694546 0.049146459 0.239181855
v -0.031501146 0.040300139 0.239315555
v -0.030063127 0.040287243 0.239504811
v -0.031645951 0.039159083 0.239820493
v -0.057902254 -0.032768415 0.020509524
v -0.059595811 -0.029606327 0.011693214
v -0.061298190 -0.024679436 0.021288839
v -0.009903105 0.040680800 0.075334132
v -0.015036166 0.037476337 0.075725385
v -0.015307253 0.039318287 0.069011465
v 0.002487257 0.061826326 0.203523861
v 0.005723085 0.063578797 0.209057426
v -0.043997316 -0.011906695 0.069513765
v -0.029840750 -0.028136751 0.080572143
v -0.037086405 -0.018692742 0.081282987
v 0.042724123 0.046173599 0.237368492
v 0.040637065 0.049829386 0.236682231
v -0.042601984 -0.042615166 0.046067690
v -0.022041848 0.037353575 0.234647091
v -0.038403376 0.037168164 0.005315713
v -0.045610614 0.032366656 0.005693428
v -0.044912921 0.032920108 0.005656863
v 0.004741570 0.065331643 0.218526226
v -0.020187540 0.043536926 0.038172476
v -0.060938734 -0.016408280 0.034546101
v -0.061786343 -0.020209331 0.029161316
v -0.062707943 -0.014079380 0.029548330
v -0.035918138 -0.026976402 0.074408197
v -0.034876655 -0.028596341 0.073659846
v -0.044186288 -0.016132693 0.066066518
v -0.046604833 -0.010197230 0.062303697
v -0.057972455 -0.024306382 0.037773197
v -0.059612051 -0.025644019 0.031488197
v -0.036010742 -0.021942372 0.080085468
v 0.000939296 0.064022923 0.215002817
v -0.060075096 -0.021611927 0.034280031
v 0.016287338 0.052957234 0.012251425
v -0.052549650 0.012229544 0.042974501
v -0.048907178 0.010615229 0.049325348
v -0.051218383 0.006235782 0.048452041
v -0.048779861 0.030001578 0.005859521
v -0.034375867 -0.027624877 0.075555185
v -0.042295950 -0.014998878 0.072325335
v -0.048496849 -0.027596696 0.051564524
v -0.051703736 -0.025646532 0.047809334
v -0.048203782 -0.023775643 0.053852060
v -0.039129025 0.008587873 0.204436641
v -0.040569402 0.011560950 0.208382619
v -0.064547661 -0.001162075 0.017417434
v -0.065104399 -0.003155641 0.009043486
v -0.065432617 -0.003042973 0.006732255
v -0.065346087 -0.004906588 0.006727720
v -0.005859357 0.042452401 0.075444155
v -0.002983417 0.044281878 0.070363327
v -0.001617058 0.042363229 0.080494335
v -0.025196787 0.040815826 0.038718319
v -0.023701702 0.043649093 0.034007294
v 0.004975699 0.034834761 0.116433534
v 0.009762679 0.034932340 0.116068259
v 0.006091549 0.035114802 0.122677330
v -0.028889693 0.033483415 0.240935424
v -0.063434144 0.004614054 0.020592383
v -0.062806187 0.001991068 0.027230093
v -0.012632319 0.048968872 0.237034464
v -0.011707712 0.046623717 0.234844395
v -0.015140454 0.046354196 0.236332419
v 0.041268664 0.044452481 0.236882880
v 0.007259698 0.062590655 0.205523091
v -0.026675550 0.043346547 0.005203682
v -0.021348744 0.045616993 0.006626122
v -0.024245014 0.045110383 0.010803043
v 0.036791551 0.051920328 0.236590387
v 0.038014667 0.049890999 0.236759611
v -0.026073600 0.043635611 0.004669536
v -0.026927949 0.043292007 0.004714311
v -0.010732332 0.048883767 0.003865535
v -0.009218319 0.049200350 0.006605364
v -0.016236657 0.047227501 0.004811245
v -0.015857483 0.047369948 0.004134132
v -0.038387127 -0.022980751 0.075005559
v -0.021813476 0.041112427 0.237192189
v -0.061909106 -0.023349296 0.007863498
v -0.018462506 0.044445477 0.237084653
v 0.026476760 0.064785210 0.230584581
v 0.012227242 0.051689936 0.002662274
v 0.011185253 0.051703529 0.002716883
v -0.021472860 0.045665311 0.004428422
v -0.028804728 0.037677753 0.240090493
v 0.001619659 -0.023890106 0.114533093
v -0.003988105 -0.022870855 0.115107810
v 0.051999955 0.041863129 0.219303944
v 0.052323163 0.043128127 0.225986178
v 0.049279932 0.047242818 0.222464782
v -0.048222325 0.016465809 0.045795771
v -0.046812585 0.021356697 0.042460912
v -0.044426401 0.020601904 0.047843418
v -0.047398501 -0.004125043 0.061173450
v -0.056980694 -0.007907748 0.043315741
v -0.054526024 -0.002432375 0.046498288
v -0.046368282 0.013931962 0.051065853
v -0.044539728 0.012821192 0.057432661
v -0.046932194 0.010039485 0.054172259
v -0.043631533 0.027554469 0.039611573
v -0.045346901 0.024575810 0.040744741
v -0.048476713 0.023391773 0.038029335
v -0.057580918 0.021771960 0.016311340
v -0.054878937 0.025010816 0.023589551
v -0.057967831 0.020215349 0.024272094
v 0.010550578 0.067331877 0.228455365
v 0.001938063 0.065281083 0.218601978
v -0.017532377 -0.007235572 0.143861983
v 0.020735301 0.066434846 0.231398295
v 0.023703714 0.065578035 0.232185167
v -0.031669236 0.037014263 0.240319909
v -0.060226020 0.016755729 0.006459389
v -0.060301632 0.017204157 0.010918106
v -0.061392021 0.014518897 0.006520496
v -0.057746684 0.018838718 0.028730900
v -0.058066603 0.016096156 0.031699285
v -0.060258044 0.014800884 0.026145063
v -0.056490288 0.022044250 0.027662895
v 0.052841001 0.002507450 0.238456249
v 0.055120266 0.005289970 0.236924956
v 0.053941019 0.002220582 0.235458731
v -0.043757717 -0.020811831 0.063984389
v 0.055659880 0.004862538 0.232713380
v 0.056094265 0.009214821 0.238078774
v 0.053345310 0.005506765 0.239976289
v 0.053637347 0.009084114 0.240739006
v 0.054550454 0.038110888 0.222412129
v -0.004141509 -0.015602154 0.243250848
v 0.050405041 0.046459266 0.230060015
v 0.046958339 0.050796614 0.230742602
v -0.005624560 -0.019744554 0.244248065
v -0.008076858 -0.020351100 0.244038680
v -0.026584176 -0.030770866 0.080944492
v -0.029202086 -0.031740812 0.076961334
v -0.045763654 -0.005233127 0.066649277
v 0.018176870 0.063423517 0.236303784
v 0.015156428 0.065156038 0.235436347
v 0.018169112 0.065006245 0.234812540
v 0.026627673 0.061924012 0.235488318
v 0.025026511 0.063966270 0.233930369
v 0.028137930 0.062632593 0.234066090
v 0.025659036 0.060846438 0.236483602
v -0.001962903 -0.014900949 0.243380450
v -0.000478925 -0.015822572 0.244800313
v -0.002561293 -0.016141131 0.244369054
v -0.000023615 -0.013237442 0.242627773
v 0.001942908 -0.015247984 0.244517538
v 0.000124732 -0.015022992 0.244197782
v 0.018101355 0.051427317 0.232829171
v 0.021363540 0.064017656 0.235126189
v 0.021171054 0.065505058 0.233722136
v 0.029232327 0.028814068 0.098321119
v 0.011091072 0.045638976 0.057412711
v 0.014249693 0.045532828 0.051558213
v 0.027214486 0.028708256 0.104634146
v 0.025708131 0.030488846 0.102233424
v -0.009067481 0.050584308 0.029886653
v -0.008573330 0.049431513 0.034422165
v -0.011805521 0.049356289 0.031777878
v -0.006055727 -0.018791891 0.244100786
v 0.008015216 0.051463255 0.035339001
v 0.001960289 0.051155102 0.035543611
v 0.007501038 0.053302767 0.029333863
v -0.021414530 0.040578054 0.235126737
v 0.010952593 0.035175416 0.108696534
v -0.000771346 -0.014942237 0.243445887
v -0.041578846 -0.019706002 0.070161307
v 0.026382971 0.028240864 0.111181682
v -0.003916635 -0.017294528 0.244671264
v -0.026132632 -0.033350754 0.078203552
v -0.005137704 -0.018539710 0.244457347
v -0.051260478 0.018340946 0.039719478
v 0.001954241 0.045694896 0.060178121
v 0.030347961 0.026014253 0.104702572
v 0.037324461 -0.017259571 0.235077975
v 0.038365960 -0.015873603 0.232271531
v 0.036875628 -0.018223398 0.232509496
v -0.002127858 0.045021926 0.063787255
v 0.000956619 0.045190014 0.067840698
v 0.017613713 0.046157486 0.044257867
v 0.017515917 0.066515721 0.232953183
v -0.041358225 -0.024316716 0.066555886
v -0.020644291 0.031381597 0.152219178
v -0.019114486 0.035276038 0.155008542
v 0.048647019 0.047520832 0.233775521
v 0.049273637 0.045597151 0.234968623
v 0.047330407 0.046713418 0.235514329
v 0.029149142 0.060969169 0.235521197
v 0.030854499 0.059136881 0.235829159
v 0.046054963 0.043756029 0.237096209
v 0.043772014 0.042727084 0.237441868
v -0.016162614 -0.036995412 0.079920281
v -0.011136556 -0.037737301 0.082339975
v -0.028230139 -0.034380523 0.073605045
v -0.054944604 -0.026424238 0.042367510
v -0.053144530 0.027222332 0.016390596
v -0.050749597 0.029743431 0.022534283
v -0.031185897 -0.033149452 0.071926739
v -0.062832089 -0.004128953 0.029920237
v -0.060880835 -0.000819708 0.035220480
v -0.061740558 -0.008700779 0.033831003
v -0.020433549 -0.035491284 0.079484772
v -0.024396666 -0.035612997 0.075880187
v 0.048237941 0.044531069 0.235931412
v 0.045473593 0.046534565 0.236523523
v -0.065234002 -0.007894112 0.006721846
v -0.000610697 0.047802712 0.044682244
v -0.001805790 0.045818474 0.052762187
v 0.050440129 0.045352934 0.233578551
v 0.045231813 0.049520234 0.235467867
v -0.064061531 -0.016451848 0.006660399
v -0.059627111 -0.006073691 0.038503064
v -0.058292211 -0.002688732 0.040733886
v 0.028497133 0.001821577 0.231386520
v 0.032264846 0.006025539 0.230199533
v 0.035346061 0.003681775 0.233189351
v 0.026723227 0.005774000 0.228375870
v 0.032359606 0.000689636 0.234441441
v 0.029254316 -0.000111114 0.233710808
v 0.029326921 0.008421785 0.228182919
v 0.032222492 0.008193784 0.229349733
v -0.056093952 0.009112387 0.040359251
v -0.056050164 0.015498962 0.036598497
v -0.052810973 0.021076414 0.035723808
v 0.026785521 -0.001279131 0.233775004
v -0.051386945 0.000551693 0.050192959
v -0.049330886 0.002171315 0.053806406
v -0.055742469 0.023900560 0.011475215
v -0.024172573 0.035046641 0.236477563
v 0.039696933 0.006268130 0.235075441
v 0.036948683 0.007968351 0.231873950
v 0.038706308 0.003826135 0.236409560
v 0.034103549 0.008415996 0.230124040
v -0.043473304 0.031213794 0.034962840
v -0.046038586 0.031444528 0.030717188
v 0.052369239 0.042984721 0.231723652
v 0.054530573 0.039622600 0.228760271
v -0.059807974 0.008869027 0.033509330
v -0.061986860 0.008535565 0.026405233
v -0.012375214 -0.039463845 0.076965995
v -0.020147699 -0.037426145 0.074753134
v -0.054432136 0.004331818 0.044736821
v -0.057684686 0.003028541 0.040487823
v -0.045877794 0.017137277 0.049138841
v -0.062761751 0.009993390 0.018654774
v -0.060052042 0.017416561 0.019419562
v 0.014884129 0.066871668 0.232476246
v 0.000430038 0.065039758 0.236478553
v -0.001867744 0.065495205 0.234826363
v 0.011362639 0.067155332 0.232075697
v -0.026113164 0.033457162 0.238424516
v -0.025675124 0.019070685 0.240084834
v -0.026759879 0.019393729 0.241588200
v -0.026421825 0.021621938 0.241001881
v 0.003985133 0.066568507 0.230990087
v -0.061279482 0.014047301 0.020350530
v -0.022357502 0.036465518 0.061484271
v -0.021848875 0.034639224 0.070041798
v -0.060448824 -0.028400802 0.006471066
v -0.059148046 -0.031629311 0.006402895
v -0.022045196 -0.012261984 0.246938296
v -0.013791011 -0.017714861 0.246993806
v -0.015162891 -0.018522156 0.245362792
v -0.012074504 -0.019657978 0.244355357
v -0.004267281 0.062103565 0.238006047
v -0.008396345 0.062177173 0.237273141
v -0.003666519 0.064003678 0.236885284
v -0.020983645 -0.009453403 0.247710728
v -0.021197475 -0.010824207 0.247500738
v -0.022971139 -0.009069090 0.247470560
v -0.021870002 -0.006941214 0.247667328
v -0.003301727 0.064798513 0.228944152
v -0.000130868 0.063584660 0.237716564
v -0.023964556 -0.002757482 0.247314137
v -0.003228285 0.065152499 0.232384240
v -0.020124228 -0.005105206 0.247203464
v -0.006931720 0.040520933 0.081678365
v -0.013693814 0.049422660 0.029058906
v -0.019524562 -0.010996028 0.247794649
v -0.051923361 -0.034521656 0.041740942
v -0.049935104 -0.035753547 0.043827197
v -0.022660470 -0.000964538 0.246460575
v -0.025526494 0.001395668 0.246575683
v -0.005043810 0.063787416 0.224337029
v -0.020026138 -0.002808914 0.246208608
v -0.020650832 0.047985407 0.020511334
v -0.016299629 0.049020102 0.017282729
v -0.012132285 0.050540926 0.023584180
v -0.007850817 0.063700624 0.235475021
v -0.008245552 0.044930468 0.049428739
v -0.004132176 0.060535707 0.238373027
v -0.008551285 0.059597290 0.238187881
v -0.010938164 -0.021022433 0.241558648
v -0.009612827 -0.020787828 0.243126308
v -0.017030644 -0.004973887 0.246286793
v -0.019844757 -0.016622205 0.242867523
v -0.018773540 -0.016400794 0.245820175
v -0.017349624 -0.017740292 0.244968147
v -0.019197720 -0.014858643 0.246869613
v -0.021252740 -0.015134526 0.245786162
v -0.022270725 -0.014667474 0.243991181
v -0.015474338 -0.019272588 0.242281605
v -0.026671670 0.013265139 0.121416022
v -0.021459188 0.047109074 0.015457488
v -0.016364507 0.047846529 0.010831789
v -0.000046477 0.018420822 0.223976193
v -0.000772998 0.012544647 0.226750171
v -0.003740138 0.015408155 0.227082241
v 0.030800158 0.060538732 0.234926954
v -0.015991212 -0.039548810 0.073734985
v 0.002329026 0.021106403 0.222165769
v 0.000475471 0.025132010 0.222454279
v -0.027624715 -0.036200820 0.070381567
v -0.013317790 0.058771370 0.237371758
v -0.014540899 0.057969684 0.237541186
v -0.024460863 0.003357671 0.245231241
v -0.016755412 -0.016954227 0.246677263
v -0.031277087 -0.035266722 0.068706707
v 0.002594689 0.012849082 0.225263862
v -0.003752825 0.034257747 0.100566618
v -0.003358035 0.033687481 0.103505067
v -0.013921231 -0.007123061 0.246200840
v 0.002518710 0.044420900 0.074666360
v 0.004140582 0.017233918 0.222623352
v -0.027781447 -0.010475960 0.222818149
v -0.011676013 0.060565113 0.237209296
v -0.023868474 0.049634525 0.238510358
v 0.042064135 -0.011874456 0.235826178
v -0.020937410 0.054083287 0.237406221
v 0.043529718 -0.008321196 0.238546522
v 0.046598767 -0.005026067 0.237856964
v 0.046054472 -0.006538165 0.235897865
v 0.043423989 0.048125681 0.236719828
v 0.038735499 -0.015525973 0.234530266
v -0.006178690 0.064442756 0.233959015
v -0.008821525 0.063457603 0.233857387
v -0.009132191 0.063068164 0.230656981
v 0.047334880 -0.005948704 0.232234790
v 0.044498312 -0.008710808 0.235390046
v -0.003676970 0.020097938 0.225599936
v 0.045576818 -0.008201502 0.228678536
v -0.018584835 0.056297225 0.237068251
v 0.004924474 0.021688019 0.221054187
v 0.038655001 -0.015047718 0.236516389
v 0.040680665 -0.012068719 0.238789672
v -0.014528538 0.059795161 0.236423506
v 0.000787244 0.039499394 0.089471931
v 0.003059072 0.037399349 0.096488432
v -0.000015374 0.037659794 0.094031858
v -0.004494771 0.039407253 0.087263842
v -0.002784355 0.037387729 0.092835276
v -0.016599151 0.059116604 0.236431375
v -0.055991522 0.020983870 0.031808279
v -0.011711959 0.061854452 0.233183542
v -0.012354133 0.061677024 0.235607940
v 0.041897042 -0.007496640 0.241875018
v 0.040462827 -0.010347372 0.241354965
v 0.023383585 0.062549505 0.235998426
v 0.001510633 0.034509897 0.107188467
v 0.001135174 0.035412256 0.101848476
v 0.022827895 0.049881271 0.232608188
v -0.008113040 0.062874998 0.226473640
v -0.022323108 0.054478647 0.236641578
v -0.023444183 0.052644062 0.237361396
v 0.042826338 -0.010547307 0.237314322
v -0.006307536 0.036918737 0.092068788
v -0.005700816 0.051816369 0.027172960
v -0.003711517 0.052512903 0.022242944
v -0.021973444 0.041919111 0.237748171
v -0.020946954 0.042180865 0.236773341
v 0.036479347 -0.016388373 0.239683943
v 0.000639780 0.034334462 0.121861060
v -0.058051605 0.020335808 0.006345433
v -0.037557647 0.030055682 0.241637034
v -0.023965130 -0.037444917 0.070792144
v 0.048434515 -0.004196242 0.235648852
v 0.038246993 -0.013407450 0.241379788
v -0.025299704 0.038195638 0.167863275
v -0.024204206 0.042516956 0.171511140
v 0.010993887 0.062910861 0.204430979
v 0.016101960 0.062805049 0.204670596
v 0.004344589 0.042214786 0.082719277
v 0.038073834 -0.011527217 0.243014426
v 0.027576597 0.060703768 0.236118108
v 0.004954338 0.060073924 0.190679858
v 0.007947888 0.060099744 0.191516977
v 0.011679927 0.060445138 0.195598955
v -0.061929022 0.013542532 0.013591197
v -0.061951130 0.013227588 0.006549798
v -0.028411419 0.041454426 0.181193644
v -0.025413105 0.043547570 0.176277066
v -0.022648182 0.047230801 0.181406686
v -0.038380933 0.030527572 0.240125481
v 0.019031863 0.050691164 0.002305659
v -0.008430753 0.034726947 0.095134790
v 0.030785479 0.061790344 0.233323792
v -0.040033476 0.027033237 0.234294576
v 0.015770051 0.065634272 0.234151978
v 0.015141481 0.066332907 0.233570264
v -0.019772278 0.038766374 0.056231695
v -0.044204425 0.017316048 0.052837466
v -0.003494321 0.032845815 0.110890910
v 0.001244393 0.034100940 0.113736481
v -0.011956817 -0.020995997 0.238019281
v -0.015232720 -0.019653696 0.238336793
v -0.000380200 0.052633346 0.016575481
v -0.008883542 0.050717854 0.015605363
v -0.002686614 0.051151872 0.010912949
v -0.030460460 -0.037919987 0.064784311
v -0.026913414 -0.037593361 0.067984574
v -0.025070359 -0.040330315 0.064601466
v 0.006458757 0.035024843 0.109938351
v -0.019337721 0.047994788 0.026573987
v -0.035487709 0.034303391 0.240857469
v -0.033959279 0.033532192 0.241590649
v -0.017430600 -0.018384922 0.238296215
v -0.007629472 0.031736510 0.107869780
v -0.009496824 0.032160501 0.101715919
v -0.010028379 -0.001712499 0.238958858
v -0.009764449 0.002546765 0.235754636
v -0.007430917 -0.002581031 0.237880325
v -0.004416856 -0.001576369 0.235548109
v -0.013595014 0.000709568 0.239153251
v -0.000896775 0.000243254 0.233072901
v 0.000776734 0.006150216 0.229402020
v 0.003612387 -0.000338097 0.232174716
v 0.004915374 0.008731823 0.226698534
v 0.006278247 0.004253494 0.228644693
v -0.036375228 0.035617791 0.238629452
v -0.037992186 0.031296298 0.238130995
v 0.021296620 0.061216614 0.201715268
v -0.007459162 0.006339178 0.232523893
v -0.004406936 0.003469366 0.232561615
v -0.028892136 0.045211523 0.238928701
v -0.048889030 -0.031666391 0.048665443
v -0.003776527 0.051241839 0.032312879
v 0.000478852 0.052783523 0.028413198
v -0.059352524 -0.011869225 0.039128150
v -0.015538748 0.040311249 0.062427071
v -0.032020969 0.042387737 0.026127681
v -0.026646850 0.045632103 0.023441901
v -0.024892196 0.044965785 0.029105297
v -0.037326802 0.032293914 0.235381277
v -0.030616367 0.045337109 0.238339646
v -0.031161022 0.045721030 0.235018424
v -0.063239980 -0.008885021 0.028312466
v -0.034340939 0.038293786 0.239489592
v -0.019383832 0.011317449 0.236506674
v -0.016137667 0.043158839 0.233885159
v -0.034251392 0.039830490 0.235421097
v -0.034180093 0.040239519 0.238563246
v 0.049867671 0.041273373 0.236192163
v -0.039247628 0.035616604 0.032639992
v 0.054019261 0.040027853 0.232826420
v 0.052388620 0.041674393 0.234619188
v -0.012030611 0.042623593 0.231296630
v 0.024094114 -0.004771710 0.236605774
v 0.017626351 -0.005419016 0.235372029
v 0.022151739 -0.001345783 0.232312450
v -0.015976479 0.039019169 0.230608593
v -0.010051940 0.049237281 0.236154092
v -0.031665917 0.041947943 0.238972486
v -0.032770768 0.038428300 0.239611575
v -0.030955609 0.040470342 0.032200585
v -0.011942057 0.037498404 0.228219968
v -0.013046791 0.039037921 0.229379306
v -0.009563446 0.040269031 0.228434748
v -0.001134802 0.050308018 0.233333972
v -0.007940912 0.043765021 0.230245648
v -0.008478339 0.045854778 0.232699600
v -0.004986052 0.046396236 0.231369344
v -0.010145823 0.037316241 0.227457417
v -0.063897356 -0.006627823 0.022321714
v -0.006771392 0.037877658 0.226425068
v -0.003759188 0.042951735 0.227865602
v -0.005540561 0.030359270 0.225529260
v -0.007800167 0.026188891 0.226769549
v -0.009199693 0.030609984 0.226701512
v -0.032346733 0.043070725 0.237800222
v -0.001052024 0.047249185 0.230298184
v -0.018133709 0.040740239 0.233023229
v -0.019258067 0.042072300 0.234975471
v -0.021907804 0.011788464 0.238269780
v -0.004649474 0.009798032 0.229752133
v 0.005528518 0.051891564 0.003013340
v -0.011736656 0.010680052 0.232714293
v 0.047549048 0.036576211 0.237521119
v 0.046839996 0.040310398 0.237296041
v 0.049559952 0.038425938 0.236854434
v -0.001409420 0.038213643 0.224722944
v -0.004097343 0.036175983 0.225139381
v -0.001682248 0.035455355 0.224276724
v -0.003097765 0.033410266 0.224529226
v -0.053567735 0.007925746 0.044111121
v -0.016244586 0.011621038 0.234694060
v -0.014807109 0.009565696 0.234887447
v 0.002946902 0.049811287 0.230926780
v -0.001853430 0.022613481 0.224012535
v 0.005384831 0.039634788 0.090131403
v -0.019420076 0.016616675 0.234814705
v -0.015559670 0.015007762 0.233063774
v -0.002013954 0.024798236 0.224045372
v -0.024215391 0.012824919 0.240103939
v -0.023080139 0.017042227 0.237677741
v -0.003634976 0.026868077 0.224712558
v 0.008726941 0.050340714 0.230483049
v -0.007327857 0.013941279 0.229484891
v -0.010315253 0.015791528 0.230139303
v 0.051545160 0.038510977 0.236203190
v 0.051735297 0.035769313 0.236880185
v -0.012910255 0.020453965 0.229838845
v -0.016933048 0.022178289 0.231197782
v -0.015823197 0.025134471 0.229937439
v -0.013286758 0.016322894 0.231442284
v 0.000781571 0.045738084 0.228310479
v 0.018257253 0.047443944 0.229464648
v 0.044249745 0.039395071 0.237413584
v -0.007528929 0.018524509 0.228071869
v -0.006688669 0.022008583 0.226907469
v 0.053030741 0.039454974 0.235011636
v -0.003423836 0.049470752 0.037860744
v 0.007187545 0.024466254 0.220508732
v 0.004060986 0.026761903 0.221312158
v 0.006888078 0.028922903 0.221063888
v 0.006289444 0.034334336 0.222216921
v 0.010158999 0.031165607 0.221235239
v -0.014350479 0.029927441 0.228730126
v -0.012689214 0.031435181 0.227666429
v -0.012067089 0.028699623 0.227708521
v 0.050712613 0.043589040 0.234774675
v 0.001289156 0.032437511 0.222648539
v -0.001916075 0.030032069 0.223768485
v 0.023957059 0.047264829 0.230463511
v -0.011960500 0.035578557 0.227851749
v -0.009792803 0.035396468 0.226943975
v -0.021509689 0.018927897 0.235770794
v -0.020819555 0.034998653 0.232775866
v -0.020000924 0.037128922 0.232512676
v -0.019137399 0.035832976 0.231599007
v -0.004089171 0.023734231 0.225246853
v -0.021103256 0.014098947 0.236493299
v -0.010613431 0.032662302 0.226956377
v -0.011270842 0.030768308 0.227051170
v -0.030754241 0.041358404 0.239388446
v -0.029221813 0.042637766 0.239156498
v -0.019188209 0.038726790 0.231457102
v 0.025436124 0.046070715 0.229948458
v 0.027896294 0.046736078 0.231143355
v -0.021788004 0.029418891 0.233456368
v -0.023162385 0.028858258 0.235226097
v -0.023235825 0.031363658 0.235062258
v 0.002400339 0.042247380 0.225625431
v 0.009211449 0.019739516 0.220464735
v -0.014269413 0.036951033 0.229096732
v -0.013315229 0.035788547 0.228199036
v 0.012851551 0.039226258 0.223709072
v 0.007028404 0.039083855 0.223691981
v 0.008452046 0.044351721 0.226247301
v 0.028593783 0.063764229 0.226841566
v -0.012183245 0.033551816 0.227454421
v -0.024788012 0.021871036 0.238707403
v -0.022646842 0.021147116 0.236419286
v -0.022839940 0.009320219 0.239992998
v -0.016102060 0.032231811 0.229453541
v -0.016286758 0.028617021 0.229659736
v -0.019089424 0.028661766 0.231499705
v 0.004448682 0.046763944 0.228114882
v -0.009345077 0.022205445 0.228068860
v 0.031739394 0.040480265 0.229259611
v 0.033350977 0.040663626 0.230281499
v 0.032388825 0.038176730 0.228693852
v -0.020591212 0.021010484 0.234499768
v -0.018011678 0.036604683 0.230596006
v -0.020680468 0.038994667 0.233510663
v -0.019830213 0.040286243 0.233477400
v -0.014698530 0.034919288 0.228675023
v -0.013735552 0.034109864 0.228231858
v 0.023502887 0.044999684 0.228382549
v 0.013507356 0.050356177 0.231013105
v 0.012332902 0.047410779 0.228442139
v 0.029941950 0.062988682 0.230519743
v -0.018761455 0.020921957 0.232810176
v -0.016075532 0.018678886 0.231989147
v 0.014831280 0.043848261 0.226254526
v -0.016666900 0.036880429 0.230393444
v 0.009877488 0.035465648 0.222396510
v 0.028300869 0.063617427 0.232539784
v 0.019872057 0.043671469 0.226704142
v -0.016430497 0.035583020 0.229778603
v 0.026746859 0.044795344 0.229136150
v -0.013174831 0.002795886 0.237411925
v -0.024404720 0.032694335 0.236254946
v 0.013823341 0.033767368 0.221845764
v 0.031811500 0.059388886 0.234464213
v -0.021224821 0.031935134 0.232943346
v -0.022474485 0.033903907 0.234446069
v 0.026479463 0.042689061 0.227575975
v -0.023649053 0.033279101 0.235581724
v 0.030414639 0.039981974 0.228105230
v -0.018450417 0.022957313 0.232151896
v -0.020062332 0.023657054 0.233087461
v -0.018621453 0.024700377 0.231549713
v -0.014185569 0.032235252 0.228215529
v -0.022810872 0.026176803 0.235455005
v -0.021938534 0.023750706 0.234859045
v -0.023470556 0.024334714 0.236810109
v 0.028599524 0.040521329 0.227486858
v 0.021921369 0.037139212 0.223901908
v 0.018648648 0.040347362 0.224628716
v 0.023058564 0.041467322 0.225871741
v 0.002960980 0.037563596 0.223644149
v -0.025108478 0.025730980 0.238538817
v -0.019129965 0.037096933 0.231310104
v 0.026233228 0.048636068 0.232314100
v -0.014537531 0.027383773 0.228703164
v 0.008539985 -0.000292244 0.231080052
v -0.021367752 0.026540191 0.233622958
v -0.012345357 0.024903390 0.228536388
v -0.024523218 0.030555348 0.236692723
v 0.010929273 0.025224605 0.220084436
v 0.017283477 0.036249605 0.222930365
v -0.023454858 0.030241312 0.235743147
v 0.029545884 0.036595779 0.226653349
v 0.023768139 0.049288483 0.002057442
v 0.026830963 0.047860019 0.001896926
v 0.029227496 0.046969894 0.003041293
v 0.014944366 0.022868898 0.220423254
v 0.015448812 0.018992994 0.220763802
v 0.012329612 0.020967386 0.220095100
v 0.018625792 0.030857083 0.221833321
v 0.027278271 0.029001836 0.224671758
v 0.023109698 0.026229786 0.222841435
v 0.025581431 0.033100700 0.224298326
v 0.026186494 0.038831554 0.225723402
v -0.024309627 0.027372773 0.236803847
v 0.028806775 0.047045426 0.001793378
v -0.018629914 0.033649698 0.230964584
v 0.027210428 0.024467841 0.224457623
v 0.029648238 0.031302465 0.225876749
v 0.019779741 0.021023832 0.221688749
v 0.018060891 0.025174851 0.221249011
v 0.015063022 0.026563011 0.220658507
v 0.022559067 0.049697212 0.002120806
v 0.013614932 0.029335942 0.220874115
v 0.027365829 0.031563866 0.225052181
v -0.019781848 0.025976702 0.232386554
v -0.006972724 0.034009572 0.225970866
v 0.029532084 0.021795976 0.225555643
v 0.025945411 0.020265254 0.223969181
v -0.030315068 -0.041310989 0.059998089
v 0.037167660 -0.009697740 0.244333497
v 0.038029285 -0.007004407 0.244253288
v 0.039593861 -0.007862786 0.243561251
v 0.024080718 -0.013731142 0.246610294
v 0.029326329 -0.011643367 0.245804323
v 0.028765083 -0.014551294 0.246344061
v 0.033331827 -0.010794795 0.245360039
v 0.026319365 -0.010335160 0.244742071
v 0.035694192 -0.008238410 0.244530674
v 0.029413072 -0.018071039 0.244582335
v 0.031596939 -0.016914811 0.244274775
v 0.029970869 -0.018549799 0.243572822
v 0.034089040 -0.013828334 0.244650987
v 0.034726271 -0.006395892 0.243611080
v 0.028144587 -0.019055954 0.244218999
v 0.020453025 0.016183718 0.222588903
v 0.040526489 -0.006090278 0.243392790
v 0.029724817 -0.016610738 0.245339267
v -0.062851682 -0.020526046 0.006596994
v 0.033810773 -0.016078095 0.243353161
v 0.025483032 -0.018167521 0.245874457
v 0.035168402 -0.016198169 0.241795315
v 0.033663410 -0.018242276 0.240981572
v 0.031974528 -0.018342678 0.242369002
v 0.023152193 0.018007373 0.223105192
v 0.027319851 0.015206120 0.225173280
v 0.027828140 -0.020154393 0.243899585
v 0.030296320 0.025814423 0.225822277
v 0.031843150 -0.017452913 0.243245223
v 0.029246923 -0.020358761 0.242943521
v 0.027608414 -0.018378766 0.244840868
v 0.025955715 -0.019754362 0.244605018
v 0.039759400 -0.009326906 0.243105733
v 0.030986368 -0.020371125 0.241400055
v -0.007798080 0.049623421 0.003711757
v -0.001912396 0.050886138 0.003403301
v -0.064372429 0.005666342 0.006676693
v 0.040305454 -0.014489302 0.229343404
v 0.012547153 0.017948535 0.220684763
v 0.011389656 0.050147190 0.038214557
v 0.006172810 0.049402060 0.041425099
v 0.029395482 0.048685762 0.233029146
v 0.030046337 0.047231485 0.232435244
v 0.030562543 0.049729856 0.234453892
v 0.031091340 0.045827443 0.231843370
v 0.031570542 0.047820076 0.233545700
v 0.033441841 0.045977161 0.233080885
v 0.035253302 0.042735917 0.232610662
v 0.036986881 0.044805050 0.234557091
v 0.019899256 0.063363363 0.208547183
v -0.019646268 -0.039674377 0.069322093
v 0.011438760 0.003458089 0.228178409
v 0.011761188 0.000247543 0.230356628
v 0.011772403 -0.002237315 0.232149098
v 0.022548721 0.002914976 0.229142290
v 0.018597720 0.000597656 0.230144113
v 0.008445854 0.008535561 0.225750374
v 0.017069714 0.004619580 0.227277225
v 0.014590317 0.000491188 0.230028307
v 0.005975610 0.012660275 0.224197442
v 0.009146674 0.012571598 0.223361865
v 0.011712877 0.014684850 0.221888745
v 0.015612115 0.015456326 0.221720121
v 0.021371917 0.007201807 0.226246187
v 0.006929195 0.015317890 0.222598939
v 0.013003607 0.009222417 0.224558696
v 0.019546587 0.011900948 0.223705785
v 0.017275891 0.009011525 0.224742553
v 0.015254076 0.012081847 0.222988100
v 0.008732844 0.016007555 0.221775432
v 0.006615279 0.018087928 0.221507973
v 0.003864835 -0.013825950 0.243534659
v 0.024795425 0.009569881 0.226031343
v 0.023957920 0.012846010 0.224559043
v -0.027551352 0.031849836 0.240162182
v -0.026261257 0.029242207 0.239238564
v -0.027829969 0.030362319 0.240752028
v 0.027373133 -0.008223060 0.242653175
v 0.025848513 -0.008735654 0.243078640
v -0.004954256 -0.008688354 0.239676771
v -0.006532449 -0.007380223 0.240704030
v -0.004818680 -0.005740267 0.238275990
v 0.030250244 -0.005119877 0.239994893
v 0.031854829 -0.004922488 0.240611608
v 0.030377438 -0.005997915 0.241489752
v 0.000093447 -0.005173596 0.236195794
v 0.016380200 -0.002319808 0.232289847
v -0.031374286 0.035897574 0.240738875
v 0.043976466 -0.010241589 0.225071855
v 0.041970516 -0.013385488 0.225946267
v -0.009587693 0.042494520 0.067631726
v -0.063592302 0.008860003 0.006635808
v -0.063928629 0.007712397 0.006653434
v -0.062118973 -0.023253967 0.006558594
v 0.019012180 0.058972373 0.194346959
v 0.041946145 0.041498903 0.236942405
v 0.040097637 0.043130732 0.236126014
v 0.037883794 0.042591839 0.234352453
v 0.040964271 0.041119738 0.236070199
v -0.061747023 -0.024346153 0.006539101
v 0.041986819 0.037698752 0.236324302
v 0.039623073 0.040274816 0.235091333
v 0.036596357 0.039878516 0.232358924
v 0.044742819 0.035846018 0.237402594
v 0.044073540 0.033711186 0.236912831
v 0.037849521 0.039016214 0.233365101
v 0.039666949 0.036037500 0.234253469
v 0.036917625 0.036089137 0.231792713
v 0.034545899 0.038005575 0.230408316
v 0.042543139 0.031852113 0.235846632
v 0.044952547 0.030847757 0.237229950
v 0.039470499 0.030132691 0.232978555
v 0.034239734 0.032778317 0.228901597
v 0.032977574 0.027367482 0.227409986
v 0.034076510 0.021584086 0.228001995
v 0.030658895 0.018473383 0.226210067
v 0.037519156 0.025654616 0.230694099
v 0.027733584 0.011247279 0.226446687
v 0.039724504 0.019621480 0.232228591
v 0.035525450 0.015065815 0.229325000
v 0.048676846 0.017757567 0.239602486
v 0.044950063 0.018460405 0.236989123
v 0.046553823 0.019986534 0.238239152
v 0.032051740 0.010834156 0.228421170
v 0.035767364 0.010672189 0.230410626
v -0.027517464 0.028297925 0.241164025
v -0.028003424 0.026563156 0.242432174
v -0.028732383 0.029162733 0.242278365
v 0.046309149 0.015442123 0.238286697
v 0.041971642 0.014800133 0.234542395
v 0.038584868 0.011587472 0.232044507
v -0.056406716 -0.036001590 0.011553252
v -0.058602202 -0.032724915 0.006374288
v -0.060647512 -0.027765261 0.006481478
v 0.044637839 0.012236683 0.237386392
v 0.046127605 0.010827112 0.239241194
v 0.043436877 0.008491475 0.237583367
v -0.018010972 -0.002537232 0.244887978
v -0.020917974 0.000066764 0.244906166
v -0.008468154 -0.005018901 0.240383058
v 0.041017553 -0.003016663 0.243267389
v 0.041778016 -0.003778489 0.242873539
v 0.039462840 -0.004398404 0.243675143
v -0.050013331 -0.041413938 0.036201470
v -0.005924581 0.057898600 0.196376493
v -0.010472043 0.055887101 0.200533874
v -0.010628135 0.055421531 0.193970290
v 0.043775636 0.023024877 0.236046131
v -0.033548552 0.033720344 0.241576617
v -0.032938065 0.032577750 0.242082843
v -0.028816452 0.011593655 0.110595410
v -0.006584419 0.059148613 0.206963940
v -0.004887552 0.059008730 0.201720528
v -0.002004524 0.060691477 0.203896203
v 0.041150738 0.010298773 0.234623955
v -0.033364994 0.029456957 0.243149378
v 0.046130193 0.008727896 0.240219254
v 0.044380927 0.005762303 0.240200256
v 0.047164124 0.013170594 0.239429156
v -0.017063544 0.047002387 0.004197339
v 0.046265384 -0.006892522 0.224714246
v 0.040305090 -0.002444811 0.243252113
v 0.036284210 -0.006786113 0.244268898
v 0.036928532 -0.005489063 0.243689955
v 0.022341844 -0.008326831 0.240930711
v 0.022698360 -0.006915155 0.239228898
v 0.025441962 -0.007061131 0.240799685
v 0.024723231 0.058415938 0.196004461
v 0.041497100 0.002675651 0.240248093
v 0.041478201 0.005129206 0.237971180
v 0.006624386 0.061469639 0.199180900
v 0.037860236 -0.003064456 0.242554582
v -0.035971187 0.038658863 0.005188247
v -0.032620420 0.040850183 0.005012641
v 0.001723319 0.060509346 0.195405928
v -0.048123771 0.006096155 0.054047718
v 0.040159612 0.003420661 0.238370573
v 0.048023413 0.011565147 0.240542960
v 0.037103256 -0.000580247 0.239763466
v 0.040373410 -0.000134083 0.242418302
v 0.035899853 -0.004823088 0.242902547
v 0.034482883 -0.004175697 0.241375632
v -0.027927914 0.022354353 0.242756375
v -0.029688382 0.025891975 0.243673707
v 0.039008199 0.002270007 0.238340437
v -0.002848242 -0.011677382 0.240448017
v 0.036172263 0.001466235 0.236250542
v -0.032514008 0.034840646 0.241228285
v 0.029985192 -0.007605162 0.243177307
v 0.032269248 -0.006077681 0.242299259
v -0.028489023 0.042570744 0.004796123
v 0.048453336 -0.004757361 0.227669780
v -0.026978789 0.015374479 0.242433384
v -0.025896556 0.013388874 0.241989546
v -0.030801718 0.030713591 0.242734597
v -0.028892970 0.031391365 0.241334755
v -0.025718971 0.016155608 0.241125324
v -0.026541256 0.025064864 0.240656402
v 0.033567831 0.053274160 0.237004133
v -0.025044345 0.009928597 0.242352931
v 0.005420158 -0.012130483 0.241627336
v 0.003679491 -0.010669439 0.240036929
v 0.006378865 -0.010258260 0.240040141
v -0.025854620 0.008255328 0.243628377
v -0.026864274 0.009963194 0.243912082
v -0.022044033 0.003378114 0.243212635
v 0.031493736 0.057105792 0.236559882
v -0.002505646 -0.007988139 0.238425192
v -0.003373486 0.062032104 0.212182365
v 0.014124197 -0.009078782 0.239597099
v 0.012587501 -0.010884938 0.241751158
v 0.011644554 -0.009298531 0.239272882
v -0.025289955 0.052129010 0.237280459
v -0.012138960 -0.003227670 0.241580305
v -0.029803396 0.048205715 0.230650499
v -0.030218945 0.046671475 0.221877674
v -0.027524947 0.050399557 0.227308764
v 0.052250096 0.000507531 0.236843409
v 0.000543701 -0.009741397 0.239329568
v 0.002585069 -0.011882868 0.241492824
v -0.023458865 0.054737301 0.236318598
v 0.032227612 -0.003230633 0.238806266
v -0.030910218 0.033117117 0.241691584
v -0.024603779 0.006293418 0.243471084
v -0.045823378 -0.001535664 0.066320537
v -0.044887137 0.003079784 0.069373576
v 0.023727734 -0.009046889 0.243066232
v 0.046881601 0.032143720 0.237928957
v -0.016203032 -0.001481176 0.242509398
v 0.011209493 0.054234014 0.023652597
v -0.030228088 0.040941848 0.193439677
v -0.028989865 0.041320801 0.187885560
v -0.018809137 -0.001046103 0.243970922
v -0.031827456 0.037769255 0.186834253
v -0.015244791 0.060324989 0.232785564
v -0.028745302 0.044842634 0.203593293
v -0.008420039 0.060299344 0.214213778
v -0.009053849 0.061881386 0.221058813
v -0.020972841 0.023430120 0.107016616
v -0.039562365 0.024105467 0.200009287
v -0.038823787 0.022714402 0.191657997
v -0.026406556 0.011739772 0.136818010
v -0.014161549 -0.004867952 0.244436848
v 0.033647924 -0.000846427 0.236812138
v -0.039578170 0.015165906 0.196380664
v -0.038506006 0.028901682 0.205800584
v -0.040101376 0.024583662 0.213964275
v 0.028138075 -0.004769241 0.238829027
v 0.029596511 -0.001992518 0.235725741
v -0.005248903 -0.010701648 0.239950980
v -0.041187905 0.023063266 0.222848441
v -0.024283678 0.016325623 0.128245876
v -0.011150961 -0.007018800 0.244917764
v -0.010647596 -0.005498851 0.243023082
v -0.021312038 0.056205296 0.236086691
v -0.011603656 0.030119996 0.108657478
v -0.013533130 0.029868257 0.103098981
v -0.018373595 0.058179716 0.231331017
v -0.015658013 0.059442231 0.228577417
v -0.001668225 0.060339670 0.199052183
v -0.002746873 0.059079876 0.192610201
v -0.034520803 0.017683924 0.176166410
v -0.012898833 0.060699868 0.224351611
v -0.022995117 0.025865291 0.086649662
v -0.021186784 0.046944303 0.174145313
v -0.011587016 0.057670925 0.210726293
v -0.036961930 0.033651451 0.231571923
v -0.040652548 0.025327592 0.232085795
v -0.023176613 0.054746742 0.228984096
v -0.021667680 0.054682309 0.222217315
v 0.004574024 0.045389435 0.068763565
v -0.007832907 0.056734512 0.189440680
v 0.028524301 -0.006289790 0.241324942
v 0.014987203 0.048470004 0.040405714
v -0.012155564 0.056125775 0.205869460
v -0.009557053 0.044461842 0.157479397
v -0.016740849 0.027713190 0.103194025
v -0.013505099 0.028855715 0.116553017
v 0.013898994 0.034438564 0.119181327
v -0.009695371 0.048832811 0.163333467
v -0.013294669 0.053153335 0.175451366
v -0.016342338 0.050022893 0.172146131
v -0.010463031 0.052853579 0.170431387
v -0.031570036 0.036189963 0.179456384
v 0.017290147 0.033402570 0.116330700
v -0.024998250 0.047892114 0.200002807
v -0.014904400 0.028323693 0.109233347
v -0.033591774 0.033330933 0.182492028
v -0.008454652 -0.007446624 0.243281983
v 0.016624255 0.052506646 0.030219936
v 0.013302358 0.053471448 0.027960399
v -0.033460372 0.041802320 0.228046697
v -0.026484924 0.007433869 0.244589645
v 0.025888013 0.051407772 0.020847154
v -0.037338053 0.032281120 0.227045501
v -0.023212842 0.048019527 0.195762106
v -0.032352771 0.011738602 0.093970915
v 0.027536732 0.059537867 0.200548405
v 0.017375012 0.050257200 0.035152185
v -0.038274200 0.030286038 0.213882872
v 0.012308757 0.052204119 0.032631702
v 0.012742407 -0.007221441 0.236843123
v 0.013137294 -0.004590444 0.234077033
v 0.007536714 -0.004861901 0.234615329
v 0.055472232 0.013107008 0.239648452
v -0.019884556 0.056594053 0.228196037
v -0.017677134 0.050731789 0.177642357
v 0.053946980 0.001551163 0.231829898
v -0.013636235 0.032066867 0.094741240
v 0.008060706 -0.008445630 0.237984835
v -0.035922245 0.036271180 0.228011168
v -0.035771925 0.037330263 0.232148699
v -0.007912960 0.041792587 0.151864138
v -0.011989380 0.054624904 0.180393687
v -0.017253370 0.051441453 0.182402543
v -0.022553825 0.051774279 0.209608171
v -0.024969698 0.048848537 0.205918655
v 0.016311112 -0.008089840 0.238439469
v -0.026124875 0.020649399 0.089546676
v 0.030454234 0.024288208 0.110971367
v -0.022327758 0.019696746 0.125688054
v -0.013504555 0.053644197 0.187245362
v -0.003148389 -0.009893125 0.239308117
v 0.051811450 -0.001431428 0.229077456
v 0.019952734 -0.007515807 0.239060169
v 0.009612844 -0.010432392 0.240321136
v -0.032942254 0.041255029 0.213005173
v -0.032061588 0.013510654 0.091139340
v -0.034296188 0.012219051 0.088191028
v -0.046117775 0.007184871 0.058562154
v -0.030516276 0.016495741 0.088417994
v -0.033998229 0.017424514 0.081191374
v -0.025074082 0.026451871 0.080888774
v -0.028191511 0.021177720 0.084280180
v -0.042116359 0.007417637 0.075570737
v -0.038308780 0.011146103 0.081606742
v -0.019105603 0.033848738 0.076743231
v -0.038058234 0.015970079 0.075928817
v 0.050650377 -0.002288656 0.225529386
v -0.043439807 0.008433993 0.067854372
v -0.036187185 0.020087480 0.073551787
v -0.033620131 0.021936049 0.075219108
v -0.038587302 0.032320105 0.039486372
v -0.040926392 0.013161154 0.071940935
v -0.029911993 0.023471360 0.077838973
v -0.025173644 0.029379749 0.075333683
v -0.032212426 0.023850000 0.073943643
v -0.045253373 0.005958278 0.063565884
v -0.044046415 0.009319799 0.062245347
v -0.042406633 0.013057766 0.064020059
v -0.037860077 0.028867664 0.046840195
v -0.038296922 0.024880989 0.054808431
v -0.040973322 0.024146270 0.049461481
v -0.029260185 0.031107553 0.063407427
v -0.040479090 0.016708038 0.065534774
v -0.037139937 0.038819076 0.028027582
v -0.033504164 0.025351818 0.068850042
v -0.030221060 0.026549485 0.072875644
v -0.038775410 0.018136009 0.069962048
v -0.036992560 0.022010120 0.067179364
v -0.036252346 0.024919472 0.061711398
v -0.039232180 0.021037320 0.061536714
v -0.042016350 0.017193006 0.059451655
v -0.033814204 0.029122052 0.056166272
v -0.028627186 0.033215810 0.056642691
v -0.028524376 0.029484675 0.069940106
v -0.033635853 0.027641398 0.062135256
v -0.041594888 0.021093410 0.054128991
v -0.031741377 0.036480277 0.040363633
v -0.030995114 0.033649478 0.049082298
v -0.024884330 0.036140149 0.054373243
v -0.043043766 0.024727966 0.044358629
v -0.034790082 0.032899516 0.043872732
v -0.046928555 0.001786191 0.060206307
v 0.000114923 0.059725147 0.188485848
v -0.020266179 0.050156382 0.196306464
v 0.007680431 -0.011072878 0.241608855
v -0.036256229 0.035369857 0.220214967
v 0.004440770 -0.009303920 0.238854732
v 0.003914600 -0.007534089 0.237272783
v 0.051632597 0.010517679 0.242051965
v 0.053174975 0.015186743 0.241394747
v 0.053744606 0.012365012 0.241011586
v 0.050156678 0.005151123 0.242171587
v 0.047801252 0.007801449 0.242213313
v 0.044679028 -0.002174248 0.242075480
v 0.044818628 0.000136994 0.242787184
v 0.045909221 0.000013959 0.242375059
v 0.050165464 0.013929006 0.241506800
v 0.050701165 0.002154899 0.240707827
v 0.049102381 0.000150413 0.240562196
v 0.047813679 0.000971808 0.241768457
v 0.047371599 0.002379559 0.242439474
v 0.047260862 0.003869779 0.242936904
v 0.052121202 -0.000732169 0.232011966
v 0.052322329 -0.000464777 0.234314016
v 0.044749945 0.002844521 0.242433680
v 0.046096463 0.001600147 0.242879825
v 0.042641243 0.001167824 0.242420543
v 0.043097826 -0.004873642 0.241826596
v 0.046023798 -0.003766658 0.240106518
v 0.044275473 -0.006056686 0.240240490
v 0.042801568 -0.000761541 0.243109799
v 0.048641966 0.014448635 0.240162016
v 0.050609636 -0.001826832 0.236239356
v 0.047764649 -0.004025618 0.237057200
v 0.050509329 -0.002476801 0.233260291
v 0.047666258 -0.002568489 0.239771858
v 0.046823278 -0.002040606 0.240818291
v 0.048437525 -0.001406650 0.239835316
v 0.048519545 -0.002987104 0.238211066
v 0.050458590 -0.000333740 0.238976177
v 0.046656660 -0.000977392 0.241773731
v 0.047776907 -0.000828291 0.241109868
v 0.046531771 0.001187759 0.242224346
v 0.040672189 0.048608922 0.195201079
v 0.041412262 0.046608688 0.187393079
v 0.044022290 0.044582891 0.192855681
v 0.022468713 0.050869102 0.030556611
v 0.023450034 0.047830771 0.035961389
v 0.041466543 0.038687805 0.032348049
v 0.037181382 0.041927794 0.032467444
v 0.038737201 0.042569468 0.027782398
v 0.012400166 0.041458454 0.148133032
v 0.011583073 0.039265854 0.143309506
v 0.015982918 0.039265285 0.145879687
v 0.032671280 0.030639803 0.085444771
v 0.034222351 0.031667807 0.079206323
v 0.040554846 0.054315982 0.219025164
v 0.041601356 0.053993812 0.219995518
v 0.040200729 0.054274673 0.219664728
v 0.045591405 0.035852443 0.030624427
v 0.045270887 0.033293516 0.034968532
v 0.023543467 0.034317944 0.142580220
v 0.025275858 0.036585625 0.148354831
v 0.020786379 0.038234087 0.147464927
v 0.044098565 0.027120277 0.043802708
v 0.044094646 0.030349316 0.039957217
v 0.047415745 0.025500106 0.040429668
v 0.032329688 0.025042912 0.139275916
v 0.034123560 0.027939911 0.146806589
v 0.029790564 0.028981029 0.140990222
v 0.023595568 0.029922132 0.119334637
v 0.025752916 0.028461311 0.122631018
v 0.023771237 0.030228737 0.126618449
v 0.026330277 0.031532453 0.140265418
v 0.025998971 0.029758373 0.133743298
v 0.018915644 0.036412178 0.141980590
v 0.037530602 0.024601892 0.088100331
v 0.037345457 0.021660406 0.093472073
v 0.033966456 0.026786092 0.091887169
v 0.031739670 0.030585257 0.146762106
v 0.030003219 0.060841184 0.218570356
v 0.027757636 0.062326020 0.217105312
v 0.029875975 0.060713195 0.214857863
v 0.024536216 0.044365973 0.041261093
v 0.028585071 0.044339655 0.037406777
v 0.037817753 0.039021714 0.036415973
v 0.033514263 0.043100427 0.035282260
v 0.056888398 0.019071224 0.004386823
v 0.057547946 0.018861498 0.008561937
v 0.054432537 0.023983758 0.006116350
v 0.015155908 0.037539891 0.141233067
v 0.045424020 0.042046793 0.176881537
v 0.043027278 0.042600967 0.172593990
v 0.045168228 0.039993085 0.172093199
v 0.016958472 0.043392563 0.152931138
v 0.023470169 0.045656728 0.158766158
v 0.018975834 0.048445168 0.160566759
v 0.029531750 0.026575484 0.134336408
v 0.023515114 0.032488201 0.137481649
v 0.019252835 0.047615154 0.039380288
v 0.027039778 0.040999902 0.045929416
v 0.032069754 0.037699108 0.046028552
v 0.029817341 0.038342789 0.048659138
v 0.036749083 0.051865950 0.194750113
v 0.037188357 0.050269372 0.189575210
v 0.043723759 0.044556195 0.182531685
v 0.040827505 0.047092694 0.182793398
v 0.040401857 0.035207141 0.038827154
v 0.041142643 0.036822078 0.035809228
v 0.033515722 0.039332874 0.041022322
v 0.041648196 0.041650310 0.169007021
v 0.043762795 0.037077141 0.166782557
v 0.024463706 0.041053395 0.153587540
v 0.020809192 0.034251103 0.138358637
v 0.016957570 0.035675266 0.137308842
v 0.031948073 0.057128032 0.205241121
v 0.030342491 0.058388932 0.208104181
v 0.029988792 0.058469026 0.204881505
v 0.058695009 0.014838795 0.000227002
v 0.059329342 0.013445877 0.000193758
v 0.059235046 0.013557796 0.000892141
v 0.014593570 0.035089133 0.131382220
v 0.011638212 0.037054870 0.137206967
v 0.033441502 0.053462668 0.192528716
v 0.029980777 0.056779679 0.196667325
v 0.009862320 0.035970420 0.131071044
v 0.010974039 0.035075256 0.125231945
v 0.035112638 0.022900854 0.097549476
v 0.035094800 0.020092754 0.104537921
v 0.032706880 0.025106625 0.099381606
v 0.007418194 0.035629811 0.128227324
v 0.009486324 0.035585019 0.128252483
v 0.032113235 0.022684598 0.132746765
v 0.033998554 0.021750116 0.137876621
v 0.042535925 0.052983942 0.216318121
v 0.041396469 0.053831273 0.214140804
v 0.043736713 0.051876100 0.213749716
v 0.039645176 0.047828328 0.178987059
v 0.036388457 0.050172938 0.181686851
v 0.033563374 0.051282497 0.178633592
v 0.020567326 0.032853720 0.131831837
v 0.039992595 0.032582032 0.043193560
v 0.053789464 0.037141095 0.214000125
v 0.041014571 0.053858061 0.217442843
v 0.043282250 0.052816379 0.218915352
v 0.037036099 0.043246114 0.165635192
v 0.034543572 0.039975731 0.159627660
v 0.039048629 0.038298986 0.162355529
v 0.028611763 0.047057445 0.033022367
v 0.031837028 0.034730010 0.075808195
v 0.030224513 0.037673440 0.053237831
v 0.026833522 0.039961753 0.051146625
v 0.021797621 0.043868923 0.045620411
v 0.016814301 0.033665137 0.124499522
v 0.045845575 0.042047087 0.187577509
v 0.060076163 0.011454686 0.000154619
v 0.060228661 0.010871258 0.001025672
v 0.046735515 0.048306986 0.211859064
v 0.042912701 0.050560954 0.205059208
v 0.038448745 0.052321402 0.200337412
v 0.039882287 0.052636396 0.204840571
v 0.037782983 0.053510037 0.204198439
v 0.035070769 0.032670777 0.072978917
v 0.029692967 0.024851135 0.128041552
v 0.027790714 0.027267415 0.129193419
v 0.038186639 0.049070904 0.184181203
v 0.026150544 0.028473272 0.127176353
v 0.038788471 0.000598448 0.106037638
v 0.037866579 0.001613973 0.111043723
v 0.038872330 0.004164027 0.106600333
v 0.038110699 -0.002074754 0.106970549
v 0.037816256 0.006047971 0.112340334
v 0.039339293 -0.001362512 0.103506009
v 0.038533701 -0.004081425 0.103044842
v 0.058426530 0.021616076 0.235693174
v 0.056667784 0.023818523 0.237669524
v 0.058112762 0.025541931 0.235975575
v 0.059597446 0.020756579 0.213499303
v 0.060272276 0.023060293 0.220494178
v 0.058794171 0.026394628 0.215216783
v 0.054146335 0.023676953 0.239366853
v 0.055587118 0.026677539 0.237912091
v 0.057819812 0.032527019 0.231978580
v 0.059600201 0.028163177 0.229896265
v 0.058139501 0.030139229 0.234032140
v 0.040355815 0.054629878 0.221226396
v 0.038627515 0.054903837 0.223615772
v 0.037106888 0.055284391 0.218860291
v 0.035037990 0.056033618 0.221782713
v 0.023087817 0.042189856 0.050288993
v 0.036468474 0.055504205 0.225997706
v 0.033061832 0.057828119 0.224469575
v 0.041424511 0.054180536 0.224349755
v 0.029938933 0.038072532 0.059782191
v 0.032033861 0.036082910 0.067876297
v 0.039462711 0.054369379 0.218575647
v 0.033003324 0.057382344 0.221300038
v 0.043685694 0.053185634 0.223441599
v 0.031186138 0.058798252 0.218069721
v 0.031373839 0.058992943 0.220789605
v 0.033095533 0.056824464 0.218004507
v 0.030963654 0.059464025 0.216105355
v 0.035349580 0.055166621 0.214011272
v 0.038805186 0.054476749 0.215343242
v 0.025785695 0.062756632 0.214111535
v 0.028017674 0.061242235 0.213265228
v 0.047487661 0.044866746 0.204656771
v 0.047010450 0.042005746 0.196549877
v 0.049961321 0.039691140 0.201644447
v 0.040731621 0.029386869 0.047756507
v 0.031677003 0.057384611 0.212879908
v 0.036717786 0.054224709 0.211131130
v 0.037543688 0.054060354 0.213000746
v 0.034789301 0.055202601 0.209892028
v 0.020830012 0.031819165 0.124728113
v 0.050466026 0.042613993 0.211290430
v 0.034678999 0.018683024 0.134556699
v 0.033521651 0.019098534 0.129595296
v 0.035534741 0.014596699 0.130495989
v 0.045036384 0.021335818 0.065103804
v 0.042817945 0.024807604 0.057465306
v 0.046199654 0.019321412 0.057092353
v 0.035855019 0.014845224 0.114451414
v 0.034100711 0.018017879 0.116233131
v 0.034339963 0.018736459 0.112022452
v 0.035975618 0.018703335 0.139960362
v 0.045514742 0.009547364 0.085191641
v 0.043929003 0.013726728 0.086068201
v 0.046459328 0.012654670 0.080563309
v 0.047590994 0.006643405 0.081531171
v 0.048730069 0.008550291 0.077333920
v 0.049907387 0.003094896 0.075591046
v 0.028613498 0.055416006 0.190983090
v 0.024184887 0.051710562 0.024988328
v 0.028388007 0.050008559 0.024094494
v 0.033621393 0.045404937 0.030469174
v 0.041081588 0.052906497 0.209550006
v 0.050661457 0.007310484 0.058707208
v 0.051264725 0.003369656 0.062668212
v 0.050680177 0.006508658 0.066163618
v 0.031866486 0.021582718 0.126493110
v 0.036445964 0.034236171 0.046309005
v 0.033185655 0.035720283 0.050021866
v 0.045806721 0.050936148 0.219872312
v 0.044568337 0.024715029 0.047274076
v 0.018963749 0.044344654 0.049132259
v 0.035385112 0.046789518 0.168902657
v 0.036286322 0.048556546 0.173814836
v 0.030885713 0.050013857 0.170715585
v 0.044473772 0.046411250 0.199374902
v 0.045513295 0.047722555 0.205146111
v 0.028663409 0.033108941 0.146548156
v 0.056729390 0.021893900 0.012085455
v 0.045777856 0.021188843 0.051346659
v 0.049199507 0.016553931 0.047685776
v 0.048500654 0.015625958 0.052276609
v 0.028039093 0.061167053 0.209432428
v 0.029466890 0.059863606 0.211456638
v 0.038862829 0.053742996 0.211656831
v 0.027686098 0.026711913 0.124267661
v 0.047072666 0.033409136 0.004771771
v 0.047777725 0.034115948 0.010640859
v 0.042004635 0.038470622 0.005593563
v 0.044161133 0.038628972 0.027333328
v 0.047852292 0.034802907 0.027022548
v 0.025035168 0.040744986 0.055778285
v 0.019720835 0.043259360 0.056006325
v 0.029686012 0.037888808 0.153411338
v 0.037258815 0.032028778 0.051476428
v 0.047186781 0.020877246 0.047005054
v 0.049795782 0.011532668 0.054762666
v 0.048020166 0.015339078 0.056670691
v 0.055794620 0.020904923 0.001501060
v 0.047491170 0.016596999 0.062063378
v 0.028498034 0.049011764 0.028159231
v 0.033481388 0.052050721 0.186081696
v 0.034422976 0.046715555 0.015392186
v 0.033302636 0.047491215 0.024222029
v 0.029879838 0.049659058 0.019857725
v 0.045895286 0.031497923 0.165281519
v 0.047556834 0.035498510 0.171225626
v 0.042886041 0.025711649 0.051201100
v 0.028846870 0.059251491 0.204745214
v 0.029001032 0.059731989 0.206239632
v 0.026930304 0.060525424 0.204833405
v 0.031735483 0.058266486 0.216398450
v 0.036232198 0.020479153 0.098909054
v 0.032139544 0.020812430 0.121882938
v 0.029950373 0.024002574 0.121964984
v 0.031807223 0.021725178 0.116471602
v 0.027868543 0.039195485 0.054622656
v 0.020004192 0.032084755 0.119851618
v 0.034374196 0.034315736 0.056474070
v 0.040283050 0.028436097 0.053624647
v 0.039897353 0.021610207 0.087397901
v 0.028226663 0.062589761 0.220596955
v 0.040802965 0.042189312 0.017644088
v 0.044418730 0.038540241 0.014140463
v 0.044968313 0.038869935 0.019169955
v 0.027902230 0.026322014 0.117974063
v 0.028948252 0.059015515 0.203377032
v 0.034432499 0.033489849 0.153057844
v 0.037804965 0.031133515 0.056795774
v 0.050777588 0.028414136 0.000641936
v 0.050290702 0.029126422 0.001069327
v 0.050317436 0.029098694 0.000666052
v 0.049802228 0.029689937 0.000693053
v 0.042653312 0.040876606 0.023067610
v 0.040898514 0.016582062 0.091005108
v 0.043328753 0.019318733 0.081098227
v 0.033538582 0.035200553 0.062516171
v 0.037218339 0.031993748 0.065239792
v 0.035101188 0.055123144 0.203682965
v 0.034391214 0.054777612 0.198157217
v 0.031335653 0.057371838 0.201704986
v 0.040760050 0.031991783 0.158806705
v 0.040094739 0.028605394 0.059649300
v 0.051112947 0.003128459 0.068800847
v 0.051415372 -0.001130830 0.062745567
v 0.039488375 0.024817083 0.081993978
v 0.046920861 0.036854063 0.022984020
v 0.038251182 0.044321647 0.021804036
v 0.038299478 0.028675578 0.075408730
v 0.036127512 0.028004613 0.083669671
v 0.047664722 0.028317272 0.037257370
v 0.032761584 0.056121933 0.207745843
v 0.036405886 0.054952018 0.231442326
v 0.034085860 0.057048416 0.231086490
v 0.034525468 0.056672044 0.228428744
v 0.040673141 0.053891482 0.226506269
v 0.039428920 0.054297102 0.228295230
v 0.038805788 0.054535532 0.226066540
v 0.039164060 0.054094024 0.231761198
v 0.038753535 0.054156365 0.230321754
v 0.041047836 0.053903207 0.231184118
v 0.041708944 0.051642223 0.234954382
v 0.039004982 0.053275555 0.233262388
v 0.042004636 0.052442250 0.233400289
v 0.040437007 0.053844724 0.229884289
v 0.042918869 0.053776117 0.229484923
v 0.043084338 0.053435866 0.226693552
v 0.057543862 0.017557123 0.000287331
v 0.058003949 0.016519022 0.000263219
v 0.059154841 0.013968679 0.005569257
v 0.044246456 0.051564697 0.233722964
v 0.044953342 0.052353480 0.227641540
v 0.043322501 0.052990454 0.232086006
v 0.037016043 0.055092760 0.228882049
v 0.051660323 0.001590592 0.057477427
v 0.052192509 -0.002650401 0.055318811
v 0.032796789 0.021436917 0.110987917
v 0.041097861 0.053374828 0.232522863
v 0.035686967 0.013112019 0.125726466
v 0.035477061 0.014302251 0.121762006
v 0.036585115 0.010385259 0.122900724
v 0.032587042 0.059078517 0.227423757
v 0.032978961 0.058900067 0.229927842
v 0.024226829 0.062532490 0.209079115
v 0.027305921 0.054294351 0.184133185
v 0.027481115 0.053107626 0.176602070
v 0.053567569 0.028159691 0.014747033
v 0.049178235 0.034342400 0.017709838
v 0.050869187 0.032482896 0.023199079
v 0.017570024 0.052265773 0.166439505
v 0.023833888 0.052515378 0.170765313
v 0.018279500 0.054165809 0.171309186
v 0.011701302 0.049762351 0.160102517
v 0.009273994 0.044206368 0.151839168
v 0.008601486 0.059229943 0.188817343
v 0.054949561 0.004014694 0.220769158
v 0.052989993 0.000764762 0.223858378
v 0.055742901 0.004413683 0.226926856
v 0.040050853 0.045289148 0.172289576
v 0.054339698 0.014108697 0.240450174
v 0.055060592 0.016097724 0.240038232
v 0.038029762 0.017729269 0.097973764
v 0.059592468 0.014687254 0.221801091
v 0.059059518 0.013796731 0.218054747
v 0.058476554 0.012232804 0.221757795
v 0.037585025 0.053950561 0.207582468
v 0.037020065 0.029716942 0.152515532
v 0.058842192 0.013001294 0.226117403
v 0.059443438 0.014654225 0.224163770
v 0.039313799 0.042262232 0.012021765
v 0.056602423 0.016394899 0.238317170
v 0.041704947 0.024448882 0.075715641
v 0.041606434 0.026730870 0.066968349
v 0.054349452 0.023499933 0.000454743
v 0.055380869 0.021557375 0.000400689
v 0.052621958 0.036738358 0.206254728
v 0.014874351 0.058123095 0.188348366
v 0.008935593 0.058710442 0.183536715
v 0.015721015 0.056838728 0.180369857
v 0.051453752 0.020296269 0.240753614
v 0.054406424 0.018830774 0.240368648
v 0.030334178 0.044740151 0.161649776
v 0.050458423 0.029857501 0.007415382
v 0.035942661 0.043559514 0.006669609
v 0.055807430 0.018601617 0.239066360
v 0.024688319 0.049354343 0.164845127
v 0.021021816 0.056133476 0.184762444
v 0.022400096 0.056864517 0.189891457
v 0.059901253 0.016413387 0.227596175
v 0.060143483 0.018112618 0.221754095
v 0.020670309 0.054746497 0.175519702
v 0.013136754 0.056157476 0.173737163
v 0.005167479 0.059152695 0.185893556
v -0.000498585 0.036805536 0.135494343
v 0.002756471 0.038150836 0.138849010
v -0.000611544 0.038809734 0.141416187
v 0.035078309 0.015636700 0.118198341
v 0.036352755 0.012082236 0.118186226
v 0.003754435 0.059256147 0.181518842
v 0.057103327 0.007440788 0.230787149
v 0.058233970 0.010066793 0.227094177
v 0.022824138 0.055053192 0.180124951
v 0.060343986 0.019604352 0.228125860
v 0.057373009 0.019169196 0.237833444
v 0.057075098 0.008330305 0.219397513
v 0.049153967 0.012460171 0.059430389
v 0.052208093 0.003466339 0.051760871
v 0.052739195 -0.000290158 0.051541950
v 0.007810507 0.058241976 0.178107057
v 0.053960490 0.021032247 0.239871003
v 0.052328729 0.033038040 0.197455822
v 0.055805968 0.030886175 0.208022043
v 0.029472644 0.046752571 0.001758481
v 0.043288654 0.021977029 0.075251796
v 0.059125930 0.013663555 0.228645781
v 0.059462561 0.014295999 0.226887720
v 0.059014625 0.014786106 0.213445752
v 0.056050729 0.021172872 0.238613542
v 0.057671779 0.024482853 0.206926057
v 0.054892835 0.027074838 0.199275657
v 0.056255610 0.022247844 0.200034620
v 0.031711030 0.061353178 0.228579363
v 0.031971030 0.060902782 0.230903502
v 0.038098858 0.015629218 0.101165163
v 0.038218531 0.012945134 0.103513351
v 0.032773882 0.058783691 0.232593416
v 0.047914961 0.021078703 0.239091017
v 0.057214824 0.034338562 0.227654030
v 0.040174292 0.001511783 0.101491524
v 0.040196519 0.006937853 0.100935991
v 0.042106473 0.003359597 0.095814700
v 0.031345364 0.061103129 0.225820552
v 0.029284513 0.062517761 0.223487344
v 0.030117542 0.061394007 0.221614376
v 0.031009323 0.060545216 0.223371646
v 0.057278319 0.031971950 0.219238870
v 0.010037061 0.054709633 0.168241985
v 0.014424998 0.054633333 0.170165262
v 0.005576151 0.052606469 0.163698220
v 0.038235282 0.008881487 0.107480237
v 0.050050604 0.007738151 0.071776333
v 0.049109784 0.011976694 0.066417154
v 0.007756052 0.040773839 0.145653602
v 0.003889448 0.042726265 0.148871732
v 0.003355358 0.039880551 0.143293768
v 0.000170521 0.040793241 0.145660971
v 0.007103824 0.038627466 0.140466566
v 0.005756054 0.036780381 0.134247396
v 0.047401574 0.025637968 0.163737703
v 0.049976801 0.024189002 0.167618912
v 0.049923850 0.029239488 0.170538880
v 0.002664324 0.035545579 0.128522097
v 0.035390347 0.023109118 0.143341024
v 0.037966952 0.020154900 0.146126939
v 0.038329732 0.025290759 0.150922110
v 0.059626550 0.017372164 0.232029872
v 0.058379862 0.014241410 0.234595983
v 0.058279670 0.017323273 0.235990809
v 0.058034560 0.019681411 0.205677524
v 0.058795448 0.017347006 0.209286047
v 0.045350030 0.019661361 0.072749280
v 0.046322912 0.016126361 0.076366743
v 0.040529609 0.012865618 0.148471301
v 0.040452665 0.016666828 0.149300705
v 0.038793003 0.013735206 0.143723390
v 0.048389094 0.012119264 0.074472923
v 0.044344560 -0.008320807 0.086888999
v 0.045644561 -0.003290097 0.086350762
v 0.047346272 -0.005481593 0.081604971
v 0.057732762 0.009710744 0.231916058
v 0.058780434 0.012687152 0.231843654
v 0.040161266 0.012082509 0.097484085
v 0.048255665 0.020379578 0.162846819
v 0.036507412 0.009745085 0.127874040
v 0.056669796 0.008037719 0.234460992
v 0.059626961 0.027069814 0.222954046
v 0.056584613 0.035287581 0.232673648
v 0.055455072 0.037564653 0.231174772
v 0.047117704 0.017189930 0.067357307
v 0.058002168 0.011146454 0.234878981
v 0.041113645 -0.008860809 0.093007437
v 0.039134945 -0.007159200 0.098885782
v 0.042351152 -0.004198347 0.093253276
v 0.047310524 0.015641953 0.071755139
v 0.050962206 -0.000741720 0.070117773
v 0.041969031 0.007262190 0.095209862
v 0.036651275 0.010567222 0.132899628
v 0.036803028 0.007594713 0.130712240
v 0.049678434 -0.003692833 0.074953714
v 0.047797142 0.000441248 0.082329414
v 0.043577217 0.023229515 0.071077690
v 0.034320203 0.044002698 0.001504431
v 0.030967461 0.045881889 0.001680141
v 0.004017849 0.047585689 0.156372159
v 0.055433761 -0.000011147 0.044407820
v 0.057313365 -0.007179109 0.041645788
v 0.054409980 -0.005424878 0.046859204
v 0.053200589 -0.002992359 0.050019439
v 0.059982702 -0.004602567 0.037579469
v 0.053041007 0.006335481 0.047384443
v 0.060905734 -0.000307461 0.035497169
v 0.051147016 0.007754264 0.052422727
v 0.037212412 0.041978906 0.001352857
v 0.043369527 0.026583393 0.158364436
v 0.050979680 -0.006534820 0.058244106
v 0.033952861 0.017522658 0.124895859
v 0.033879086 0.018210488 0.119971370
v 0.043215150 0.009875096 0.090455057
v 0.043582083 0.004944598 0.091292805
v 0.044265554 0.000904908 0.090178724
v 0.045603289 0.005374887 0.086596597
v 0.036779002 0.014327040 0.108981018
v 0.044182733 0.020967724 0.156852617
v 0.040772819 0.021547821 0.152083552
v 0.036925604 0.014113611 0.137772701
v 0.040241150 -0.002657754 0.099744120
v 0.034859926 0.055036600 0.207098023
v 0.061480847 0.006989065 0.000744101
v 0.061077308 0.008012347 0.005273160
v 0.061534958 0.009683633 0.010533251
v 0.046137514 0.041814224 0.191834782
v 0.056725434 0.019086079 0.000330223
v 0.063049491 0.010028707 0.017572126
v 0.060149876 0.016153155 0.013572569
v 0.046389188 0.033886372 0.000871923
v 0.044211068 0.036049440 0.000986073
v 0.041373088 0.038747746 0.001134805
v -0.004441690 0.058216867 0.185363360
v 0.038012922 0.041317019 0.001310904
v -0.007328660 0.056895157 0.185389906
v 0.052447059 0.030357677 0.019427233
v 0.002566414 0.059663616 0.185463875
v -0.000489105 0.044114870 0.151830846
v -0.001188462 0.048404728 0.158486737
v -0.004622527 0.052293706 0.165217973
v -0.001102561 0.055687545 0.169742430
v -0.005143807 0.056199611 0.173080974
v -0.000724241 0.059383512 0.182491737
v -0.003994125 0.040785603 0.147445077
v -0.009740660 0.055868280 0.184688228
v -0.007979307 0.056634382 0.182727303
v -0.005200178 0.045553402 0.156087459
v 0.006519189 0.057214433 0.173345268
v 0.000825807 0.058415408 0.176038243
v 0.003334857 0.055926477 0.169495623
v -0.005623484 0.057418329 0.179138306
v -0.009467932 0.055320894 0.175973183
v 0.000866651 0.052796553 0.164291641
v 0.041970385 -0.000368714 0.095795659
v 0.038393321 -0.012199377 0.095095435
v 0.044379869 0.015123404 0.155936747
v 0.049596359 0.016267991 0.164401932
v 0.037313137 0.010634145 0.113289147
v 0.036663513 -0.006245243 0.105945393
v 0.049386281 0.018836631 0.044169022
v 0.055899735 0.010936898 0.039301577
v 0.054316507 0.008341112 0.043346111
v 0.052376769 0.014258309 0.042940780
v 0.057851009 0.021776455 0.017584619
v 0.057627555 0.022107356 0.023684933
v 0.055649917 0.025887644 0.020286576
v 0.056821043 0.016598787 0.034336933
v 0.054922653 0.015934211 0.037650650
v 0.054792040 0.021001248 0.033633408
v 0.050824640 0.020469696 0.040264231
v 0.047197150 0.022720350 0.044063332
v 0.051695329 0.011552699 0.046800570
v 0.053235462 0.027576711 0.027703803
v 0.055316504 0.024342484 0.028366635
v 0.050990137 0.027979820 0.032386469
v 0.049952373 0.013428204 0.049215719
v 0.057343594 0.020399455 0.028368586
v 0.058620454 0.016485837 0.030631190
v 0.060826079 0.016500094 0.021049389
v 0.061509421 0.013724064 0.026151190
v 0.059456044 0.017944906 0.025861056
v 0.050739731 0.010991280 0.050340387
v 0.050604496 0.024412940 0.036811465
v 0.055462007 0.006255883 0.042317569
v 0.055526142 0.004992413 0.042554534
v 0.058279480 0.012505284 0.034720576
v 0.050507200 0.031932518 0.026896228
v 0.060108207 0.008207731 0.033912767
v 0.061200753 0.010832483 0.030458977
v 0.056581143 0.006938883 0.040453883
v 0.062704022 0.011648903 0.022586667
v 0.058105754 0.008493128 0.037418285
v 0.051223331 0.029777454 0.028540817
v 0.048828864 0.032472953 0.030070800
v 0.054859221 0.026389532 0.024465163
v 0.058780524 0.004384737 0.037744942
v 0.062544561 0.004331713 0.031109656
v 0.053516528 0.028847244 0.022229319
v 0.052616436 0.029416895 0.025475411
v 0.063885021 0.007827195 0.021805057
v 0.063426148 0.008064217 0.026022095
v 0.054020714 0.028304398 0.019109961
v 0.041695034 0.009620919 0.151708503
v 0.044704874 0.006952333 0.158350590
v 0.046955632 0.011446822 0.160524511
v 0.056084572 0.017405602 0.184177863
v 0.055666485 0.016953451 0.179029332
v 0.056322665 0.013768215 0.183315867
v 0.058003459 0.011357540 0.218220260
v 0.055389428 0.010504022 0.198975167
v 0.055064675 0.010530500 0.193591502
v 0.054172870 0.006849486 0.195985027
v 0.056364326 0.007954435 0.213729098
v 0.058019999 0.011132500 0.215190520
v 0.057868757 0.012152790 0.208430513
v 0.057427938 0.009894827 0.211033500
v 0.051902621 -0.000216656 0.213089535
v 0.054983685 0.004341220 0.215503380
v 0.055436736 0.005385582 0.209688848
v 0.055541798 0.020169546 0.194867987
v 0.055433533 0.018425476 0.190544265
v 0.055638936 0.015853618 0.194425619
v 0.055933415 0.013876242 0.189874520
v 0.052250010 0.000614093 0.218978883
v 0.055298763 0.020805397 0.181672304
v 0.055325760 0.021392212 0.185909173
v 0.057473003 0.014411531 0.204179258
v 0.056338872 0.008482056 0.204331628
v 0.036654618 0.007000044 0.128345290
v 0.055766087 0.013774458 0.198089446
v 0.055762366 0.006048968 0.179488092
v 0.056038740 0.006460627 0.182428124
v 0.056472629 0.009478183 0.182813186
v 0.056772025 0.009002971 0.208229906
v 0.056396115 0.017797598 0.199340845
v 0.048641396 0.008630464 0.164240958
v 0.052012734 0.011998307 0.168783823
v 0.055623796 0.005785171 0.185782306
v 0.054648715 0.006662426 0.199675019
v 0.036991508 0.005665610 0.124471665
v 0.055821292 0.009368733 0.188115938
v 0.056250775 0.011965114 0.186342777
v 0.054040505 0.003408622 0.203143646
v 0.055648628 0.016925291 0.187874110
v 0.058468404 0.014933376 0.208854420
v 0.055299680 0.013466645 0.175422268
v 0.053472563 0.017773005 0.172122209
v 0.054252083 0.026935968 0.186113892
v 0.054681501 0.023156523 0.190408839
v 0.054471653 0.025943517 0.181075049
v 0.054264864 0.022377519 0.176961225
v 0.054920449 0.024109163 0.194895536
v 0.056083231 0.014529177 0.186250015
v 0.054652958 0.009056552 0.174522757
v 0.037143856 0.003873763 0.117461276
v 0.037120434 0.007875141 0.118143432
v 0.052778809 0.000623826 0.207508321
v 0.054659455 0.005570473 0.190976686
v 0.056398571 0.012777780 0.179851292
v 0.052213277 0.023813721 0.172187543
v 0.056115128 0.010320081 0.178419346
v 0.050885119 0.020298823 0.167800500
v 0.051601010 0.007310767 0.169637948
v 0.040570288 0.004558881 0.151935979
v 0.060154351 0.022692071 0.231291040
v 0.060448129 0.023301364 0.226317671
v 0.059423982 0.025195676 0.233648555
v 0.037835608 0.016217216 0.142936325
v 0.058721226 0.030280350 0.225135276
v 0.047668162 0.038132900 0.174689900
v 0.057348715 0.013608854 0.237070583
v 0.040505217 -0.020274633 0.081732363
v 0.041143456 -0.016403507 0.085878330
v 0.043741930 -0.016076670 0.080537363
v 0.058623754 0.027561874 0.234071572
v 0.053561493 0.003979102 0.197813027
v 0.052284669 0.000025644 0.200161298
v 0.052866317 0.003739368 0.194424977
v 0.052337474 0.002302471 0.194040290
v 0.051807354 0.000771424 0.195723333
v 0.062245522 0.004470531 0.009017281
v 0.063567388 0.004471820 0.014378733
v 0.046995473 -0.002445474 0.168919610
v 0.042797344 -0.005722646 0.165609425
v 0.044674097 -0.008048684 0.170590487
v 0.054103576 -0.011143469 0.045923298
v 0.051138645 -0.016481660 0.049231085
v 0.052060904 -0.011133128 0.050104758
v 0.049283635 -0.008209116 0.071119154
v 0.050488430 -0.005805991 0.066673757
v 0.045649714 0.000754798 0.164068498
v 0.050151391 0.002816688 0.169768314
v 0.047634730 0.004852068 0.164294908
v 0.047777542 -0.009380545 0.076916523
v 0.046513837 -0.008570453 0.081602353
v 0.045090013 -0.019676747 0.065133573
v 0.046610990 -0.015880087 0.070110457
v 0.048002918 -0.014198505 0.064362729
v 0.062033481 0.002773941 0.004043714
v 0.054705924 0.002035529 0.181859106
v 0.053716958 0.001037785 0.178576946
v 0.052847188 -0.001994077 0.182133382
v 0.049857722 -0.006747889 0.181824296
v 0.051195037 -0.004779177 0.185156417
v 0.042562870 -0.019415882 0.078315315
v 0.038526877 -0.000579406 0.152643420
v 0.040791222 -0.003473998 0.160164185
v 0.043007716 0.002227813 0.158523878
v 0.057338622 0.028399367 0.236171069
v 0.045553618 -0.011652801 0.081523141
v 0.043266880 -0.012821297 0.085371535
v 0.052507041 0.001842228 0.192290012
v 0.051097769 -0.003940295 0.178934322
v 0.055311705 0.004265521 0.183177732
v 0.052705142 0.027952866 0.175911105
v 0.050455137 0.033732884 0.175608309
v 0.053704693 0.027729996 0.191812735
v 0.050568421 0.036009805 0.182781579
v 0.051505858 0.033944978 0.185704924
v 0.049124297 0.037376697 0.186715042
v 0.052598680 0.031003541 0.178800585
v 0.053004233 0.031376165 0.182850318
v 0.049592476 0.037461936 0.195433334
v 0.047897037 0.039208665 0.191342823
v 0.050649957 0.034407345 0.190361462
v 0.047469377 0.040257662 0.182668030
v 0.048911984 0.038250461 0.179919295
v 0.048879909 0.037607421 0.177305138
v 0.051071452 0.034799057 0.179516615
v 0.052101642 0.031337379 0.191098487
v 0.052809066 0.030721280 0.187431864
v 0.046577663 0.050937044 0.225425732
v 0.038010142 0.052658511 0.235322152
v 0.035723160 0.054693030 0.234153137
v 0.032985789 0.057200319 0.234825815
v 0.034147649 0.054673679 0.236139650
v 0.043651423 0.027517368 0.236224577
v 0.045223485 0.028238732 0.237343695
v 0.034313429 0.056463532 0.232948645
v 0.050235285 0.030251510 0.238620492
v 0.048497596 0.028176563 0.238907109
v 0.049540858 0.033317640 0.237784552
v 0.047235491 0.025092325 0.238650598
v 0.051550956 0.000200549 0.174268894
v 0.053370326 0.004538280 0.174723037
v 0.049351882 -0.004273692 0.174775584
v 0.046315795 -0.014161751 0.075828175
v 0.044018867 -0.019117535 0.074053853
v 0.043554452 -0.022762798 0.060969862
v 0.045382106 -0.020762318 0.059265228
v 0.044127935 -0.023725929 0.057932956
v 0.048842447 -0.016680863 0.054097259
v 0.049283645 -0.012990534 0.057933430
v 0.050749330 -0.011364924 0.053612457
v 0.046601193 0.028684389 0.238127603
v 0.052567461 -0.007016907 0.051439999
v 0.062055909 -0.006752681 0.007285254
v 0.062956883 -0.001456827 0.010430324
v 0.062381788 -0.002848062 0.005088774
v 0.051768237 -0.001402867 0.177332793
v 0.041201554 -0.012351507 0.089788249
v 0.051253320 0.026091418 0.239583866
v 0.055067931 0.035471395 0.235685017
v 0.054875750 0.037793380 0.234053794
v 0.056471789 0.031078047 0.236249249
v 0.055738441 0.029376662 0.237527658
v 0.054602757 0.031422262 0.237311713
v 0.053814347 0.033629979 0.236825240
v 0.055576744 0.033058390 0.236317803
v 0.056919432 0.033078753 0.234625900
v 0.053524193 0.000548067 0.186695764
v 0.052159154 0.032297866 0.237688050
v 0.053221618 0.028903794 0.238520489
v 0.053737840 0.026393950 0.238934613
v 0.049910408 -0.009633868 0.061373825
v 0.048015840 -0.012086449 0.070867259
v 0.041332936 -0.025342574 0.064238056
v 0.041774548 -0.023496498 0.070550498
v 0.049272951 -0.009960605 0.066912153
v 0.053549692 0.037511504 0.235921186
v 0.040528636 -0.022909054 0.076353126
v 0.050846316 -0.001522264 0.192346029
v 0.050268089 -0.010124291 0.057392262
v 0.047135140 -0.017524141 0.058724269
v 0.046430889 -0.020182925 0.056835725
v 0.054028491 0.006125125 0.197465036
v 0.042000740 -0.025954386 0.058902890
v 0.051585417 -0.001193106 0.204420961
v 0.045298282 -0.022713641 0.055496358
v 0.047129127 -0.019769104 0.055091129
v 0.064269080 0.005273125 0.019046304
v 0.022134462 -0.010857567 0.244292976
v 0.021371810 -0.012577775 0.245715856
v -0.007364287 -0.016184843 0.154440264
v -0.004548286 -0.018898804 0.159147503
v -0.002805625 -0.017895059 0.153364289
v -0.013544876 -0.020375963 0.225310790
v -0.015434863 -0.019490477 0.224526191
v -0.015807327 -0.019204565 0.228833220
v -0.012909728 -0.020519551 0.233148929
v -0.004665075 -0.028924444 0.190521846
v -0.002232294 -0.029529420 0.188625548
v -0.003901536 -0.028693969 0.185926185
v -0.015731367 -0.017017641 0.170379047
v -0.021178625 -0.014829432 0.177823964
v -0.015894528 -0.020229966 0.179427392
v -0.004072954 -0.033757102 0.093293759
v 0.000252311 -0.032549736 0.095572976
v -0.001854294 -0.037046117 0.087518174
v 0.000073291 -0.018121282 0.149485920
v -0.004104238 -0.016021205 0.144187654
v -0.003742751 -0.016676348 0.149464738
v 0.036644829 -0.002301583 0.111499487
v 0.036632893 0.000458753 0.115818340
v -0.034436385 0.004446593 0.183747315
v -0.030901062 -0.003744758 0.188089211
v -0.032819333 -0.000074732 0.180859533
v -0.008230912 -0.014100286 0.139059748
v 0.035690509 -0.020986859 0.191421408
v 0.039616648 -0.017398177 0.192167212
v 0.039602229 -0.018676367 0.187219171
v -0.015381619 -0.019868107 0.220760241
v -0.017983044 -0.018159157 0.225471698
v 0.000142636 -0.030427658 0.190668843
v 0.003971989 -0.030584918 0.186487379
v -0.000045480 -0.029994490 0.186390012
v -0.018073153 -0.009414074 0.156192728
v -0.019918797 -0.009415399 0.161051516
v -0.017062983 -0.012284500 0.161944775
v 0.046265637 -0.010571600 0.177562934
v -0.003511822 -0.020413994 0.244677850
v -0.003638681 -0.018983381 0.245143957
v -0.002870493 -0.029074068 0.195288292
v -0.014486054 -0.021185762 0.216196879
v -0.016912250 -0.019997603 0.214033489
v -0.017812627 -0.018967039 0.218144537
v -0.014801102 -0.012166823 0.156107262
v -0.014048114 -0.010712240 0.149194170
v 0.001613973 -0.021543370 0.245544919
v 0.002033995 -0.022556213 0.244884799
v -0.000105948 -0.021397292 0.244945937
v -0.009222114 -0.013419619 0.144607900
v -0.006545801 -0.015148254 0.148008235
v -0.021664642 -0.010251019 0.166878593
v -0.013350860 -0.022734511 0.209076826
v -0.015607275 -0.021184149 0.211458463
v -0.013072619 -0.021930527 0.212807545
v -0.022768597 -0.015354284 0.217479361
v 0.039751398 -0.016149437 0.196699792
v 0.040893183 -0.015083605 0.195296453
v 0.038704701 -0.017093907 0.195841156
v -0.011131023 -0.021318022 0.223876823
v -0.007113693 -0.022630285 0.225786100
v -0.008433121 -0.022650830 0.220983677
v -0.011026629 -0.023123610 0.177847252
v -0.006396425 -0.023433641 0.172902149
v -0.008784875 -0.019327312 0.165647992
v -0.032197434 -0.002758665 0.198510172
v 0.026196052 -0.036707819 0.069249272
v 0.023078366 -0.038908925 0.066809916
v 0.022351224 -0.038169355 0.071449249
v -0.018526069 -0.007520026 0.150924097
v -0.011961297 -0.020905855 0.227599324
v -0.000186187 -0.019798788 0.157464801
v -0.010256538 -0.024639177 0.201229944
v -0.012938231 -0.023810368 0.198699559
v -0.012963824 -0.023651362 0.200918683
v -0.008954696 -0.026731346 0.186544663
v -0.005669554 -0.026393131 0.180076821
v -0.003458658 -0.021588628 0.165531351
v 0.032498192 -0.021356460 0.202287302
v 0.033659908 -0.020531929 0.199968818
v 0.030657254 -0.022680527 0.199524405
v -0.036149025 0.003794668 0.198321474
v -0.037863052 0.008616263 0.196180730
v -0.028899753 -0.008105502 0.205098998
v -0.025585262 -0.012564907 0.210634349
v -0.024440238 -0.013589109 0.198465426
v 0.044274333 -0.011990322 0.176024029
v 0.043706587 -0.012469261 0.176130909
v 0.035407891 -0.011830121 0.101425140
v 0.024630887 -0.036513725 0.074235731
v 0.028684784 -0.034738322 0.071942530
v 0.030689259 -0.032504866 0.074103021
v 0.027041789 -0.034009498 0.077542728
v 0.035229965 -0.000793013 0.127183570
v 0.034092921 -0.002408070 0.132264939
v 0.035875626 0.002232731 0.132106277
v 0.037809298 -0.020816125 0.086271136
v 0.038234846 -0.016724680 0.090476238
v -0.012147847 -0.021425955 0.220576572
v -0.012969742 -0.021216662 0.218538925
v -0.010589424 -0.022747496 0.217277598
v 0.047516191 -0.010198243 0.181929204
v 0.047968583 -0.009527410 0.185215144
v 0.028661562 -0.025441574 0.091895915
v 0.027633520 -0.023526235 0.096115877
v 0.030904694 -0.021649370 0.094783749
v 0.024532555 -0.024671233 0.098237610
v 0.025966712 -0.025338464 0.095265170
v -0.026253104 -0.010781142 0.187723999
v -0.022670990 -0.015699213 0.191711360
v -0.021263994 -0.016925160 0.186737810
v 0.045137087 -0.013122556 0.182875987
v 0.028507590 -0.020735668 0.099570045
v 0.026694986 -0.018860933 0.105857062
v 0.031699025 -0.016809396 0.101046069
v 0.049311596 -0.004617139 0.193355900
v 0.049280142 -0.005974632 0.189690609
v 0.047864699 -0.007014001 0.193680074
v -0.013079286 -0.023138540 0.204086214
v -0.009809781 -0.024399405 0.206722886
v 0.050741883 -0.002260842 0.198624948
v 0.049535195 -0.003179025 0.196075204
v 0.046197852 -0.009408293 0.192817028
v 0.046484013 -0.008176729 0.195885028
v 0.045884943 -0.011325019 0.189352468
v 0.043024308 -0.014137323 0.191359887
v 0.044917289 -0.012058550 0.191910337
v 0.044812025 -0.013446126 0.186412627
v 0.042223405 -0.012837334 0.199347498
v 0.039404135 -0.015842592 0.199176729
v -0.028362105 -0.008175867 0.195354598
v 0.001052994 -0.015720213 0.245030821
v 0.042541989 -0.012718374 0.173425574
v 0.042065903 -0.014839007 0.177323958
v 0.023940277 -0.027695395 0.093708164
v 0.006848665 -0.023771663 0.245107625
v 0.008790215 -0.023833915 0.245758181
v 0.008608238 -0.024463070 0.244827832
v 0.031311172 -0.030354992 0.079300340
v -0.000731355 -0.017935233 0.245741135
v -0.001610398 -0.020172861 0.245305422
v 0.047923276 -0.006028678 0.196488379
v 0.048864647 -0.005198172 0.200495399
v 0.028499611 -0.011822018 0.149942769
v 0.026920081 -0.012010751 0.145541371
v 0.026288064 -0.013632300 0.149852198
v 0.042694622 -0.015600618 0.185297109
v 0.034035239 -0.024408244 0.086538234
v 0.034245985 -0.021394241 0.090809511
v 0.036113543 -0.025173457 0.081676352
v -0.024025813 -0.012775278 0.182599445
v -0.020335441 -0.017116920 0.219596925
v -0.019567037 -0.018107221 0.215990637
v 0.036335237 -0.027452832 0.075859975
v 0.039185911 -0.025663343 0.073185228
v 0.037851923 -0.027748608 0.069670455
v 0.043604050 -0.014008653 0.188779112
v 0.041524212 -0.015824836 0.189071754
v 0.033425898 -0.004375021 0.126838517
v 0.045597102 -0.008894989 0.200952871
v 0.044481692 -0.010067775 0.196429840
v 0.031764117 -0.025011077 0.088724077
v 0.030433372 -0.027828837 0.085927126
v 0.036484960 0.004139641 0.136742957
v 0.035344038 -0.000073580 0.138144601
v 0.037067938 0.004220280 0.140639002
v 0.033441803 -0.019663660 0.094256238
v -0.012706954 -0.015168378 0.160724495
v 0.038658550 0.005767459 0.145339946
v 0.036673994 0.001532606 0.143439513
v 0.038032509 0.002185216 0.148085516
v 0.013517096 -0.012658172 0.244540751
v 0.014095888 -0.015121628 0.246525324
v 0.010385989 -0.014077149 0.245376752
v 0.042556108 -0.015508217 0.187206287
v 0.025489868 -0.029179936 0.089318598
v -0.036839644 0.007011898 0.191009760
v -0.037928751 0.009905093 0.191909694
v 0.029562412 -0.035012390 0.067603963
v 0.002681588 -0.016707494 0.245890019
v -0.016079413 -0.021211112 0.206016837
v -0.015838359 -0.021141887 0.209128016
v -0.027084044 -0.007897414 0.177643212
v -0.030863534 -0.000972207 0.174016766
v -0.030278724 -0.004330842 0.181992734
v -0.002418150 -0.021329002 0.244480978
v 0.032923162 -0.032219008 0.068606098
v 0.031045418 -0.034521665 0.064191638
v -0.004691403 -0.021154865 0.243851887
v 0.005725182 -0.022732479 0.245942425
v 0.034630594 -0.005990544 0.112809743
v -0.020276082 -0.017953536 0.205209249
v -0.033209032 -0.002878277 0.211822122
v -0.031100522 -0.005090137 0.205129417
v -0.011747831 -0.013522241 0.153679292
v 0.036843679 0.006913617 0.134086676
v 0.037487614 0.007198111 0.139205978
v 0.050395316 -0.002632105 0.208460417
v 0.049049742 -0.003644218 0.211679042
v 0.035081034 -0.016687955 0.095592483
v 0.000132406 -0.028307121 0.180288070
v 0.031133060 -0.013713233 0.107392406
v -0.009803364 -0.013603904 0.149501584
v -0.005914894 -0.026993322 0.198514797
v -0.008787846 -0.026764454 0.193814249
v -0.008598236 -0.026080180 0.198237793
v 0.048541805 -0.003622637 0.214642584
v 0.047241879 -0.004683236 0.218041562
v 0.049414017 -0.002599361 0.219638127
v 0.049590023 -0.001964516 0.216952995
v 0.038835575 0.010524723 0.143190149
v 0.032388395 -0.018863457 0.096705384
v 0.041156282 -0.013757343 0.202996351
v 0.042394067 -0.012204373 0.206098659
v 0.004364724 -0.023874373 0.244593480
v 0.038705457 -0.016272682 0.174080194
v 0.016556493 -0.010605049 0.242053253
v -0.032634551 0.003004058 0.174760104
v 0.001633411 -0.023564965 0.243422343
v 0.004007942 -0.024770486 0.242566738
v -0.000500531 -0.024092451 0.240640129
v 0.010547547 -0.024636238 0.244706927
v 0.012728122 -0.025418081 0.243417797
v 0.009836507 -0.025165129 0.243232784
v 0.040757020 -0.011277533 0.168770185
v 0.036661543 -0.014868752 0.168033263
v 0.033881763 -0.030434530 0.073573881
v -0.024609876 -0.009294574 0.172472915
v -0.027051978 -0.004505458 0.168093645
v 0.034107248 -0.032602201 0.063206847
v 0.008182991 -0.016036978 0.246615464
v 0.032367606 -0.022409405 0.219880123
v 0.032000519 -0.022222040 0.213159696
v 0.028287453 -0.024233394 0.215728336
v 0.050242345 -0.002000775 0.222592293
v 0.047494427 -0.004919110 0.212582557
v 0.035409182 -0.002236524 0.116808141
v 0.037134662 -0.018761670 0.215034977
v 0.035043089 -0.020078521 0.211411674
v 0.034685734 -0.020681876 0.216065949
v 0.040694519 -0.014621550 0.201609985
v 0.036369789 -0.019527302 0.194969486
v 0.042278410 -0.012644646 0.221816789
v 0.040273707 -0.015338374 0.223571722
v 0.043724971 -0.012232303 0.194567981
v 0.048455114 -0.004065097 0.224484415
v 0.037349077 0.009877215 0.137325720
v 0.028570725 -0.025233698 0.195431502
v 0.032768510 -0.022336037 0.195568978
v 0.034886654 -0.005937345 0.152504979
v 0.030398237 -0.008874776 0.147350304
v 0.031472026 -0.011766496 0.156155939
v 0.034106920 -0.009751407 0.108108487
v 0.031763623 -0.010284305 0.113577534
v 0.037649040 -0.029734773 0.063232311
v 0.040149725 -0.015547451 0.226570860
v 0.036503620 0.005259386 0.129551984
v 0.036067014 0.002673333 0.126971711
v -0.007351569 -0.015544046 0.133217016
v 0.010957998 -0.012471205 0.243868734
v -0.014933318 -0.021093687 0.213634012
v 0.050481567 -0.002860278 0.201556625
v -0.015685502 -0.021879727 0.200267259
v 0.032602809 -0.006265592 0.123001508
v 0.034438232 -0.003252577 0.121565040
v 0.032979458 -0.006713944 0.118380496
v 0.009518825 -0.011871719 0.242380974
v 0.008743384 -0.013270763 0.243871654
v 0.029575648 -0.009186909 0.127859273
v 0.031575802 -0.007185806 0.126207857
v 0.030170784 -0.009505531 0.121268782
v 0.044581357 -0.008369335 0.219622237
v 0.042003837 -0.012547055 0.216497045
v 0.045699292 -0.006446426 0.214146143
v 0.044684118 -0.008093572 0.210686454
v 0.043467348 -0.009660409 0.213866797
v 0.044979515 -0.008767202 0.206810611
v 0.047149098 -0.005809112 0.209594960
v 0.035454959 -0.018806513 0.202669096
v 0.036427887 -0.018448058 0.198910931
v 0.035936132 -0.001506770 0.147541341
v 0.020481955 -0.009873098 0.242619683
v 0.038025554 -0.017932104 0.223279988
v 0.038735616 -0.016974645 0.225540427
v 0.047302224 -0.006935169 0.204330532
v 0.043441109 -0.010367048 0.210006908
v 0.031344778 -0.021804828 0.204334268
v 0.028747583 -0.023615549 0.202841099
v 0.029986219 -0.022796841 0.206336577
v 0.028417635 -0.023889580 0.209989484
v 0.031007321 -0.022437100 0.209092935
v 0.034863407 -0.020141962 0.197141391
v 0.049457540 -0.004583351 0.204677249
v 0.027440653 -0.024018687 0.205478553
v 0.037463768 -0.017558303 0.202531934
v 0.036955725 -0.018445651 0.206964077
v 0.039355475 -0.015683504 0.205079851
v 0.024299567 -0.025302656 0.206722224
v 0.024447196 -0.025257792 0.211501062
v -0.018316034 -0.019415157 0.211012615
v -0.030402891 -0.007216848 0.217803783
v 0.047308103 -0.004538522 0.221652878
v 0.036592221 -0.019187989 0.219625984
v 0.034802464 -0.020528762 0.224761989
v 0.038206149 -0.017192100 0.228988861
v 0.037216032 -0.018663549 0.226477621
v -0.016529695 -0.022008351 0.189313355
v -0.017584416 -0.020049749 0.184132073
v 0.023609466 -0.013825894 0.144153038
v 0.006865260 -0.014336621 0.245072882
v 0.006454313 -0.013156949 0.243673928
v 0.007356177 -0.012332601 0.242697811
v -0.013984944 -0.023685488 0.194556050
v -0.012596373 -0.024907720 0.190035828
v 0.039798503 -0.015653600 0.212653037
v 0.042174030 -0.012079787 0.211774738
v 0.029412044 -0.017593385 0.162676528
v -0.019274054 -0.019504762 0.194816095
v 0.033908538 -0.020283918 0.205091711
v -0.010952110 -0.025014831 0.197176477
v 0.026228387 -0.015675629 0.155264871
v 0.038288404 -0.016895212 0.209226782
v 0.028127893 -0.010030305 0.140376117
v 0.032489396 -0.005475896 0.140091545
v 0.029617622 -0.008497012 0.134227707
v -0.010363388 -0.021450346 0.229133436
v -0.008554272 -0.022200260 0.229375167
v -0.004034147 -0.023591011 0.228594500
v 0.000436579 -0.025098071 0.225324075
v 0.019348099 -0.011508899 0.244350010
v 0.036105528 0.001146892 0.121683061
v -0.000805528 -0.024559709 0.227483900
v -0.000355079 -0.024684879 0.229600621
v -0.007447138 -0.022485002 0.231339604
v -0.034682203 0.000209614 0.205291375
v 0.038346055 -0.017509076 0.216859438
v -0.003772906 -0.023859856 0.232232220
v -0.001217362 -0.024506294 0.235715899
v 0.002525868 -0.025277569 0.237974991
v 0.034408799 -0.004372668 0.117364127
v -0.000193290 -0.024915320 0.232611234
v 0.032791600 -0.021540121 0.208522975
v -0.006780233 -0.022812095 0.238438933
v -0.005007542 -0.023448627 0.235116415
v 0.039876718 -0.016039835 0.219191299
v 0.017194792 -0.023976486 0.245657132
v 0.016302247 -0.022370328 0.246679669
v 0.019430567 -0.023231844 0.245715356
v -0.008504573 -0.022333309 0.234551369
v 0.017839564 -0.021521899 0.246542786
v 0.019099128 -0.020100662 0.246440619
v 0.020520050 -0.021523347 0.246059323
v 0.009039879 -0.022865424 0.246775594
v 0.011805439 -0.024393218 0.245647018
v 0.015628761 -0.019895124 0.247149626
v 0.025943559 -0.021540657 0.243993880
v 0.024625412 -0.023125082 0.243030011
v 0.022403013 -0.022593915 0.244881003
v -0.004246852 -0.023706137 0.222092782
v 0.004854959 -0.026092193 0.232953969
v 0.041597220 -0.016689200 0.183073105
v 0.027270229 -0.025339956 0.198973474
v 0.025866582 -0.025022525 0.202360038
v 0.038294742 -0.019489715 0.183075909
v -0.006180901 -0.021948725 0.242274104
v 0.036346750 -0.020889512 0.185310989
v 0.034357696 -0.021863861 0.182794501
v 0.043127435 -0.014924512 0.180224838
v 0.039911500 -0.017282165 0.180220979
v 0.032575361 -0.019073068 0.169670500
v 0.036433498 -0.020075412 0.180002587
v 0.033332431 -0.023274727 0.185896713
v 0.029013908 -0.023311581 0.175580248
v 0.030067346 -0.023477479 0.178380962
v 0.033481342 -0.020938722 0.175619924
v 0.033065565 -0.022291377 0.179729463
v 0.038214525 -0.018149777 0.177269476
v 0.035934218 -0.018131157 0.172855045
v 0.036945279 -0.018593797 0.175323065
v 0.037457851 -0.018166387 0.211297725
v 0.027475734 -0.022039989 0.169715358
v 0.035190051 -0.022000797 0.188128933
v 0.017111711 -0.012962321 0.245207914
v 0.018864062 -0.014406767 0.246573099
v 0.031516926 -0.022213357 0.207193595
v 0.027203288 -0.024839036 0.221784147
v 0.032796294 -0.021833896 0.229200184
v 0.035160145 -0.019752696 0.230302537
v 0.007159632 -0.018153427 0.247305901
v 0.011984637 -0.017727347 0.247556117
v 0.010404868 -0.019822736 0.247577040
v 0.034219559 -0.019783856 0.235340993
v 0.031971695 -0.022184441 0.233388775
v 0.030956344 -0.023049298 0.226170004
v 0.033508838 -0.004847063 0.145984316
v 0.036247030 -0.017749236 0.237429722
v 0.033645443 -0.003177667 0.136343857
v 0.013218670 -0.021747854 0.247107260
v 0.019486622 -0.024793654 0.244056158
v -0.013363808 -0.020518362 0.222740506
v 0.032207516 -0.005188792 0.134786502
v 0.034847773 -0.002139159 0.143299908
v -0.019044452 -0.017780674 0.222066795
v 0.018197673 -0.016841507 0.247161007
v 0.030198631 -0.023439781 0.230463863
v 0.038996057 -0.009189830 0.163792369
v -0.006311432 -0.025873991 0.203620459
v -0.007563467 -0.025875599 0.200461453
v 0.018629650 -0.018706787 0.247023038
v 0.020209361 -0.017720489 0.246978023
v 0.027898879 -0.022114462 0.242343289
v 0.027085430 -0.023435099 0.241099310
v 0.032842871 -0.019702102 0.239162965
v 0.030263368 -0.022569408 0.237892074
v 0.022085695 -0.019892299 0.245693658
v 0.021196090 -0.018622895 0.246575259
v 0.036294656 -0.007957354 0.158018348
v 0.024112312 -0.019796539 0.245198383
v 0.024947841 -0.012377827 0.140647219
v 0.003240270 -0.018588390 0.246810699
v 0.003232520 -0.021549357 0.245888080
v 0.023247873 -0.016598165 0.246829417
v -0.001582913 -0.022437820 0.243547224
v 0.023526390 -0.021137586 0.245223136
v 0.036077631 -0.014238880 0.243063140
v 0.006029300 -0.019878782 0.247192288
v 0.009599752 -0.021404921 0.247531879
v 0.002559018 -0.029866794 0.183881240
v 0.029717784 -0.021668828 0.240492197
v 0.007730642 -0.025694715 0.241326653
v 0.006992306 -0.024522643 0.243685440
v 0.005068365 -0.015397894 0.245389367
v 0.005917759 -0.021381444 0.246700703
v 0.021623976 -0.023839094 0.244098295
v -0.037131094 0.010564925 0.187253100
v 0.023106522 -0.025043345 0.241945346
v -0.013891882 -0.023414710 0.185001793
v 0.026206634 -0.024612991 0.239160024
v 0.027433397 -0.024709746 0.234589757
v -0.001821812 -0.025063985 0.172640649
v 0.004253328 -0.025286161 0.240484592
v 0.011599002 -0.026020387 0.241262783
v 0.012641168 -0.023337966 0.246808074
v 0.015644252 -0.024887755 0.244212237
v 0.015168546 -0.023241659 0.246159412
v 0.001960118 -0.020296434 0.246283827
v 0.019078502 -0.026087253 0.241219993
v 0.014888151 -0.026284541 0.240861135
v -0.006135946 -0.035642522 0.089435254
v -0.006635791 -0.037992801 0.084435447
v 0.022885558 -0.025981107 0.237696245
v 0.027210333 -0.024862126 0.228369418
v 0.031955418 -0.006146595 0.130473441
v 0.025777623 -0.032149898 0.083755154
v 0.021036880 -0.035863483 0.080819000
v 0.019985138 -0.032145850 0.089293403
v 0.024281969 -0.025519579 0.217006367
v 0.021499116 -0.026031071 0.213874155
v -0.011879830 -0.022592403 0.214809875
v -0.010009297 -0.023570163 0.212465747
v 0.020591815 -0.026265489 0.208899629
v 0.023124938 -0.025670221 0.209115888
v 0.031624014 -0.024578369 0.188219533
v 0.032264792 -0.023451873 0.190695187
v 0.010673957 -0.019127667 0.151353373
v 0.007522895 -0.018832242 0.145573053
v 0.007004002 -0.019338914 0.151022308
v 0.011370559 -0.028318659 0.202305132
v 0.007739318 -0.027723241 0.204131396
v 0.010842281 -0.027747278 0.205157705
v 0.030419972 -0.024587787 0.192493033
v 0.029712535 -0.025422255 0.190214415
v 0.010420369 -0.020353977 0.124012186
v 0.011637585 -0.021038749 0.120493659
v 0.007889186 -0.021366555 0.121896472
v 0.027383780 -0.011541424 0.124693003
v -0.012363357 -0.044792280 0.061509449
v -0.015525152 -0.042008648 0.065946333
v -0.008435723 -0.043646968 0.065998388
v 0.013516367 -0.026972734 0.218691069
v 0.008463821 -0.026815330 0.218334337
v 0.008911050 -0.026781226 0.225157690
v 0.026136715 -0.027369921 0.190683874
v 0.024650828 -0.027175777 0.195222993
v 0.005413149 -0.026220914 0.221298494
v -0.005787429 -0.045979613 0.061074719
v 0.018142916 -0.020829451 0.113557371
v 0.021287295 -0.018191687 0.116355564
v 0.022308084 -0.018724549 0.112818324
v 0.013055984 -0.030729868 0.193712620
v 0.015921051 -0.030652711 0.192943871
v 0.015214705 -0.031003887 0.189626367
v 0.025754057 -0.015705351 0.114427515
v -0.007208527 -0.025014911 0.209271930
v 0.001366485 -0.022436251 0.164530866
v -0.003945174 -0.017015496 0.134435672
v -0.000661107 -0.018053321 0.136011609
v -0.004217985 -0.018090453 0.129164023
v 0.005782446 -0.030948963 0.192131584
v 0.004109753 -0.029727292 0.197192202
v 0.006935670 -0.030112984 0.196856237
v -0.017402865 -0.044201305 0.060959154
v -0.003394688 -0.043976890 0.067043743
v -0.000428167 -0.043274484 0.069822808
v 0.000615392 -0.044909539 0.064815246
v 0.017063799 -0.028832931 0.199464154
v 0.015817569 -0.028945834 0.200058879
v 0.016701901 -0.028271725 0.201427805
v 0.028845766 -0.012708427 0.116377699
v 0.029177408 -0.013528741 0.112321767
v 0.013548432 -0.020427637 0.157565024
v 0.017659093 -0.020811325 0.160060548
v 0.017186845 -0.019358222 0.156143733
v 0.000473083 -0.028720652 0.199279007
v 0.003324933 -0.028466308 0.200683531
v 0.031156081 -0.024000082 0.184001323
v 0.030608985 -0.024206058 0.181154074
v 0.024375159 -0.022320772 0.102222406
v 0.004485773 -0.036172818 0.088542422
v 0.007321738 -0.031519355 0.096396880
v 0.007612276 -0.020342934 0.126271057
v 0.004965843 -0.021024396 0.123967182
v 0.004097295 -0.019951911 0.128997557
v 0.030035725 -0.025092774 0.185997950
v 0.026351398 -0.027041779 0.185705960
v 0.028103895 -0.026310314 0.188232061
v 0.024033369 -0.014138464 0.124157108
v 0.026782224 -0.013293100 0.120033805
v 0.016750020 -0.019691958 0.118964856
v 0.003877322 -0.020917742 0.158967891
v 0.000525290 -0.021111783 0.122735731
v -0.004536786 -0.020309096 0.121770065
v 0.005066178 -0.043517812 0.067860012
v 0.001618519 -0.042124091 0.074282258
v 0.005588017 -0.042160225 0.073107260
v 0.003269459 -0.040077639 0.080268401
v 0.013191249 -0.026935075 0.211833647
v 0.010479582 -0.027319465 0.207787098
v 0.009534050 -0.027062369 0.212762841
v 0.009023495 -0.018589103 0.138588124
v 0.005842632 -0.018750452 0.140930999
v 0.003599484 -0.018603324 0.141750764
v 0.014435164 -0.027266051 0.206644942
v 0.003806002 -0.019031049 0.135814656
v -0.007134167 -0.023853672 0.215942910
v -0.004504677 -0.024643116 0.216825058
v -0.004563688 -0.025160760 0.213501896
v -0.002800432 -0.025982003 0.209209937
v -0.000070252 -0.025773073 0.214924368
v -0.008337229 -0.016525910 0.127594092
v 0.021572561 -0.014214683 0.139144776
v 0.024973224 -0.012197646 0.135470450
v -0.018963241 -0.042650369 0.063147125
v -0.021370611 -0.043705072 0.060971006
v 0.001686841 -0.030124758 0.194813157
v 0.022642110 -0.020726789 0.107944731
v 0.024126344 -0.019395957 0.108598135
v 0.002249888 -0.025702838 0.220090306
v -0.001005623 -0.024870745 0.220315334
v 0.018569642 -0.029139556 0.182830712
v 0.021885501 -0.028556660 0.183641477
v 0.019248695 -0.027429632 0.177406710
v 0.032588734 -0.022877579 0.192539572
v 0.021440743 -0.018548533 0.157276407
v 0.022713987 -0.015525982 0.149385800
v 0.025442043 -0.025855689 0.177962778
v 0.005566962 -0.022551663 0.163256832
v 0.008133662 -0.020525247 0.157069387
v 0.000152290 -0.019301165 0.130238227
v 0.004498063 -0.022336453 0.119733232
v 0.015458119 -0.018166873 0.150833290
v 0.018476611 -0.016614036 0.147317108
v 0.023895700 -0.025963853 0.225241769
v 0.015866514 -0.024675099 0.106927278
v 0.014340408 -0.026666625 0.103246962
v 0.012676656 -0.026070797 0.105626340
v -0.007259395 -0.040366743 0.077465831
v -0.011521995 -0.041354583 0.071623282
v 0.023993732 -0.027831493 0.185539847
v 0.023704717 -0.028468033 0.187108833
v 0.025653016 -0.027769071 0.187346679
v 0.015460071 -0.039716412 0.074998111
v 0.017265539 -0.038605138 0.077197102
v 0.017175467 -0.039289027 0.074918828
v 0.012127941 -0.034545089 0.089296208
v 0.014537376 -0.037532774 0.081882890
v 0.008780064 -0.038683463 0.082254023
v 0.004685904 -0.026075214 0.171844609
v 0.010456544 -0.023626526 0.165176087
v 0.020949766 -0.037763237 0.075270710
v 0.019068709 -0.039121641 0.073557632
v 0.018756182 -0.030220811 0.188566324
v 0.016821224 -0.030102713 0.185363653
v -0.003721768 -0.016516521 0.138456900
v 0.000223741 -0.026598726 0.207849420
v -0.000394775 -0.027126462 0.203859194
v 0.007239324 -0.027167877 0.209136371
v 0.003481077 -0.027073923 0.207571114
v 0.005548324 -0.026860716 0.213205999
v 0.026448731 -0.011555219 0.129511099
v 0.022233915 -0.014186590 0.130630554
v 0.021570257 -0.022603575 0.105515173
v 0.021189474 -0.024860637 0.101260414
v 0.014685183 -0.028310863 0.201421258
v 0.012439163 -0.022084553 0.116002385
v 0.008147330 -0.022299270 0.118292786
v 0.013861566 -0.019109228 0.125099150
v 0.021848968 -0.027889147 0.197963792
v 0.024526596 -0.026540642 0.199196246
v 0.003949350 -0.019572343 0.153324473
v 0.009689795 -0.042467934 0.069553768
v 0.010668748 -0.043826608 0.064437097
v 0.005140393 -0.023043166 0.116843626
v 0.012631171 -0.039782576 0.077451041
v 0.009563950 -0.030503756 0.194984818
v 0.008896346 -0.029355820 0.199413756
v 0.012100896 -0.029633458 0.198253802
v 0.016616203 -0.039725174 0.073220185
v 0.011550422 -0.029464045 0.179618746
v 0.008716630 -0.030752022 0.185788915
v 0.013345656 -0.030571686 0.185151429
v 0.014320318 -0.017513932 0.143460894
v 0.011317346 -0.018396893 0.146164723
v 0.006172297 -0.025940230 0.238134079
v 0.008975797 -0.027580204 0.103605830
v 0.005924571 -0.019212461 0.134167320
v 0.024746964 -0.018267003 0.110403275
v 0.021993629 -0.020040948 0.110298349
v -0.002061776 -0.040256913 0.079956687
v -0.002431938 -0.041703426 0.074686720
v 0.027697525 -0.025696840 0.183287205
v 0.006112902 -0.029316821 0.180133483
v 0.019580189 -0.029674794 0.185821114
v 0.022021395 -0.029265034 0.188258367
v -0.005314242 -0.042449877 0.071461393
v 0.016638911 -0.035355640 0.085392689
v 0.011791533 -0.027119404 0.232270047
v 0.010894714 -0.026751129 0.237799302
v 0.021431068 -0.014179601 0.134667335
v 0.018707640 -0.015450110 0.135929029
v 0.017777717 -0.017885691 0.123086403
v 0.013885113 -0.040927852 0.072377593
v 0.008758782 -0.041290749 0.075614795
v 0.017689805 -0.027281786 0.204002478
v 0.018715013 -0.040073004 0.069702571
v 0.020115264 -0.029538004 0.191099506
v 0.021235559 -0.028952811 0.194193903
v 0.022848967 -0.028767184 0.191843756
v 0.017138892 -0.027089135 0.235817229
v 0.011541736 -0.018602876 0.131759503
v 0.007864880 -0.019332623 0.131277666
v 0.017843885 -0.015976343 0.140489788
v 0.020238669 -0.027993707 0.096571998
v -0.020199173 -0.041432289 0.064945477
v 0.019417619 -0.027618390 0.200986181
v 0.022797986 -0.026543616 0.201961195
v -0.003867758 -0.044957067 0.064077165
v 0.007677290 -0.023942469 0.113755760
v 0.004271856 -0.026360638 0.217437202
v 0.005145214 -0.026042115 0.108739531
v 0.003359283 -0.028873015 0.102124607
v 0.000061725 -0.026784375 0.107075646
v 0.001514808 -0.028005851 0.202191881
v -0.005308853 -0.025236089 0.210555763
v -0.006927497 -0.024861749 0.212791861
v 0.018069607 -0.016202787 0.131207541
v 0.020203754 -0.016055369 0.125630043
v 0.017035718 -0.017432917 0.126734308
v -0.000931171 -0.029130393 0.101935226
v 0.022112271 -0.026512133 0.230790792
v 0.021139461 -0.026223850 0.217737412
v 0.019578652 -0.026702168 0.222290774
v 0.023168732 -0.025893624 0.221009024
v 0.010222008 -0.019681777 0.127685522
v 0.014723515 -0.041989031 0.066743927
v -0.015554017 -0.040691614 0.070194837
v 0.014769927 -0.026667815 0.172823820
v 0.015791952 -0.029380012 0.180577728
v 0.014697744 -0.017214873 0.135993598
v 0.004629555 -0.027856230 0.203229707
v 0.005892440 -0.029057479 0.200285177
v 0.010409662 -0.025325308 0.108582775
v 0.020213183 -0.023919130 0.168501301
v -0.003041244 -0.026750888 0.204114872
v -0.004830872 -0.025802014 0.207543711
v -0.008094009 -0.023064330 0.218475445
v 0.015486774 -0.022878182 0.164280739
v 0.027647221 -0.015895227 0.109952752
v 0.001400666 -0.027231081 0.204983165
v 0.010996681 -0.031126049 0.190203658
v 0.023810883 -0.015712905 0.118863472
v 0.000181573 -0.017743330 0.142764508
v 0.004081859 -0.018837424 0.147549991
v 0.020741452 -0.017129715 0.120826136
v 0.002840585 -0.027618280 0.203444247
v -0.006021043 -0.023784750 0.219030854
v -0.003256647 -0.024494610 0.218839076
v 0.024846867 -0.027065054 0.183302626
v 0.014972765 -0.017698729 0.130209118
v 0.017701807 -0.026636660 0.214050593
v 0.016038903 -0.027244465 0.228027374
v 0.018097802 -0.029932571 0.193778393
v 0.017688797 -0.030507574 0.190989001
v 0.013809499 -0.023214156 0.111491985
v -0.001356585 -0.027490106 0.201634226
v -0.002933881 -0.027670987 0.200197831
v 0.020681498 -0.015177402 0.143705241
v -0.009514106 -0.035417796 0.088416228
v 0.017092885 -0.027421324 0.099875828
v 0.018166762 -0.025218989 0.103494557
v 0.018722741 -0.029157042 0.197118437
v 0.020135363 -0.014966445 0.132964426
v 0.015387020 -0.030630490 0.095176472
v 0.011378702 -0.031703139 0.094764837
v 0.020885526 -0.026492838 0.204516901
v 0.012588081 -0.029318206 0.098845859
v 0.015492376 -0.029680450 0.197003066
v 0.018993593 -0.022159612 0.109259503
v -0.002165893 -0.019708275 0.125977931
v 0.009739033 -0.027208037 0.173678854
v 0.058548059 -0.026867418 0.027699810
v 0.056995244 -0.026900137 0.033209796
v 0.059996219 -0.022125240 0.029043316
v 0.044336175 -0.045576787 0.013229707
v 0.040324529 -0.049337441 0.011178290
v 0.040121934 -0.049328885 0.016532944
v 0.050550644 -0.027240307 0.043294590
v 0.046107844 -0.029577170 0.047389703
v 0.049768103 -0.023212051 0.046909054
v 0.053347923 -0.019583793 0.043675331
v 0.020500933 -0.042809277 0.058654995
v 0.025709887 -0.040460274 0.057572774
v 0.021612573 -0.044490448 0.054928257
v 0.000941075 -0.052694449 0.051169490
v 0.004415864 -0.055928775 0.046997126
v -0.003190513 -0.056032129 0.046996104
v 0.027265609 -0.042629338 0.052858763
v 0.053511692 -0.036639340 0.000498648
v 0.052797719 -0.035987463 0.003495255
v 0.054877619 -0.033934969 0.000427063
v 0.031686285 -0.041744503 0.050050829
v 0.036323128 -0.038738872 0.049452235
v 0.034489809 -0.045532805 0.044107867
v 0.065057309 -0.002044845 0.025533174
v 0.064942902 -0.001193816 0.018775317
v 0.065432617 -0.005749056 0.021961930
v 0.055907880 -0.014431490 0.041910209
v 0.047578794 -0.022421648 0.051297102
v -0.010414943 -0.054215229 0.048297519
v -0.005783463 -0.051138647 0.052644717
v 0.042583118 -0.037514241 0.044574509
v 0.045191698 -0.039435018 0.039684047
v 0.041488043 -0.043420228 0.039625278
v 0.053641843 -0.026873567 0.039221035
v 0.057100371 -0.018732825 0.038297067
v 0.048617286 -0.033976552 0.040620081
v 0.060591092 -0.008251457 0.036307264
v 0.062080096 -0.006610616 0.033665282
v 0.028635168 -0.045395684 0.048538815
v 0.017354439 -0.048584654 0.052003543
v 0.023788263 -0.047081880 0.049944360
v 0.027736017 -0.057805073 0.027937040
v 0.031297011 -0.055973269 0.024350903
v 0.025966569 -0.058714995 0.024627855
v 0.044732584 -0.046097934 0.019256268
v 0.057987561 -0.021873695 0.006273579
v 0.057344059 -0.025648354 0.010685168
v 0.060039945 -0.019982953 0.012213225
v 0.056589808 -0.026564475 0.006201936
v 0.027307547 -0.050401390 0.043963529
v 0.052327852 -0.033282765 0.035774020
v 0.056838940 -0.031431135 0.024024361
v 0.058796006 -0.027262046 0.020399380
v 0.057171174 -0.029750217 0.019297805
v 0.057349340 -0.013419147 0.040115629
v 0.020212567 -0.060534297 0.015919717
v 0.014882682 -0.062395667 0.012651542
v 0.014199099 -0.062528212 0.017252173
v 0.006061665 -0.045210369 0.062413652
v 0.057495163 -0.028393953 0.000289883
v 0.056108166 -0.030132802 0.003092413
v 0.058911768 -0.023934819 0.001468799
v 0.058773362 -0.025121219 0.000222896
v 0.062075080 -0.010679590 0.000735426
v 0.062343927 -0.007195862 0.002616787
v 0.062778391 -0.009399217 0.000022240
v 0.041421962 -0.049214125 0.023782985
v 0.043705313 -0.047130699 0.027265727
v 0.046735543 -0.044569157 0.024525431
v 0.047698431 -0.040271652 0.035048846
v -0.006604444 -0.064484260 0.013234336
v -0.007965467 -0.065165533 0.010327593
v -0.010061230 -0.063889480 0.012818280
v -0.010122698 -0.048283125 0.055661932
v -0.015283877 -0.049768915 0.052989295
v -0.008158056 -0.057392325 0.044274018
v -0.013725383 -0.057012134 0.043535916
v 0.064398381 -0.007850438 0.015385557
v 0.059023677 -0.012246216 0.037825715
v 0.061560165 -0.011506434 0.033709180
v 0.059786850 -0.025210984 0.023507765
v 0.061529964 -0.020053727 0.022434761
v 0.060504182 -0.022783179 0.019105162
v 0.020849098 -0.060459954 0.021250263
v 0.027628811 -0.057731653 0.021323122
v 0.056751743 -0.011149267 0.041632809
v 0.055679135 -0.030690266 0.013714915
v 0.055813490 -0.032892742 0.019598587
v 0.037019531 -0.049106059 0.037078217
v 0.042373057 -0.047176896 0.031915284
v 0.014875346 -0.051916283 0.048919037
v 0.008404534 -0.050142262 0.053317521
v 0.015184417 -0.045829334 0.057036375
v 0.010863600 -0.045389077 0.060151930
v 0.016644429 -0.043008692 0.061819348
v -0.009502088 -0.059500465 0.040287146
v -0.004030155 -0.060285083 0.040554718
v -0.009633024 -0.063300597 0.025262768
v -0.018157085 -0.061672494 0.023318849
v -0.014234701 -0.061459149 0.031577700
v 0.026931003 -0.061454409 0.001891683
v 0.027362391 -0.061148398 0.002504882
v 0.027503446 -0.061203845 0.001861682
v 0.008263391 -0.058101442 0.043032945
v 0.007895928 -0.060629483 0.038558523
v 0.004230456 -0.059135216 0.042304919
v -0.009189388 -0.063615134 0.017943862
v 0.005103319 -0.062393294 0.034679095
v 0.003939343 -0.063338246 0.030483825
v -0.001647570 -0.063000188 0.033007191
v 0.033418862 -0.052539749 0.035041334
v 0.032055319 -0.050682231 0.039677292
v 0.060847778 -0.015109600 0.009136122
v 0.059565822 -0.017510769 0.006187935
v -0.019902371 -0.064306568 0.006485622
v -0.020677546 -0.062235222 0.011224191
v -0.016721156 -0.064004258 0.009707948
v 0.060553359 -0.016760660 0.032787356
v 0.012382939 -0.063005479 0.022759496
v 0.064916679 -0.010319514 0.020088263
v 0.064998875 -0.005880982 0.019308811
v 0.053040977 -0.035443485 0.031743510
v -0.017638288 -0.062206167 0.016936326
v -0.009911937 -0.046485339 0.058417793
v -0.005114788 -0.048222416 0.056787764
v 0.004577899 -0.065202928 0.010094798
v -0.001017196 -0.064317187 0.014427414
v 0.006868178 -0.063880279 0.016197075
v 0.001728434 -0.061200536 0.038774480
v 0.000362240 -0.058651464 0.043414823
v 0.062197015 -0.004028232 0.033527732
v 0.028813967 -0.037073764 0.060904738
v 0.027326069 -0.037022611 0.065035457
v 0.036638149 -0.052937249 0.026354594
v 0.036825765 -0.051655602 0.031636438
v 0.039811246 -0.050301953 0.028183027
v 0.020829781 -0.060506742 0.028488647
v 0.012931164 -0.062421916 0.028820451
v 0.014601840 -0.060759955 0.034637873
v 0.035198036 -0.032639553 0.059479642
v 0.036557715 -0.033742932 0.056072857
v 0.031909203 -0.037418573 0.055867421
v 0.020143859 -0.051419928 0.046998337
v 0.058382717 -0.026070640 0.015938189
v 0.061930206 -0.011021094 0.009301307
v 0.061263773 -0.010773992 0.006035144
v 0.060997020 -0.013079677 0.007184805
v 0.049655566 -0.041425740 0.018561214
v 0.047498523 -0.041863600 0.012507482
v -0.001159162 -0.046080386 0.061604816
v -0.017645758 -0.058448596 0.038659931
v -0.012157430 -0.060335975 0.037064361
v 0.049504925 -0.040950415 0.029131349
v -0.028842720 -0.056464453 0.034553266
v -0.029103703 -0.055435532 0.037579493
v -0.023898300 -0.057585548 0.036072358
v 0.056068568 -0.031470785 0.028990346
v 0.053650650 -0.036352968 0.027181844
v 0.063946192 -0.006677236 0.030039811
v 0.009166562 -0.061751080 0.034813727
v 0.063544087 -0.001426085 0.030430965
v 0.051194977 -0.036116340 0.010688844
v 0.050813053 -0.038287421 0.013872547
v 0.053210436 -0.034701862 0.013405079
v 0.000951028 -0.047596882 0.058351096
v 0.027975256 -0.054758495 0.036820796
v 0.021125779 -0.055363188 0.041045161
v 0.043453903 -0.025704609 0.055952085
v 0.006639500 -0.066904267 0.002955115
v 0.007445161 -0.066526085 0.004591097
v 0.009496937 -0.066597780 0.002805364
v 0.062458145 -0.016549839 0.026240551
v 0.027684729 -0.059000311 0.007075283
v 0.024454179 -0.059670848 0.009665169
v 0.028863887 -0.057271994 0.010066914
v 0.062516518 -0.008872114 0.032286938
v 0.048125981 -0.043111782 0.004330877
v 0.047211748 -0.045949290 0.001150739
v 0.045899982 -0.043785838 0.007862787
v 0.006579735 -0.046827616 0.058766466
v 0.002691191 -0.046113703 0.061007313
v -0.026503340 -0.059095771 0.021237505
v -0.022108282 -0.060720600 0.018661383
v -0.026576845 -0.059036585 0.016120222
v 0.045631139 -0.044937832 0.029074443
v 0.046346668 -0.043597877 0.031226829
v 0.014007169 -0.057889083 0.041069919
v 0.031951740 -0.055154006 0.030638423
v 0.063090986 -0.011311392 0.029857717
v 0.060426627 0.010629359 0.000136252
v 0.056392269 -0.031195642 0.000347683
v 0.053326722 -0.033174402 0.010662986
v 0.054211134 -0.030678254 0.008153453
v -0.000196140 -0.065667208 0.009507778
v 0.041511091 -0.048721418 0.027743851
v 0.050949866 -0.040193303 0.024544590
v -0.001866954 -0.064086204 0.019512935
v 0.001015021 -0.064205545 0.023033072
v 0.004265623 -0.063895755 0.020365728
v 0.026016429 -0.058404130 0.017884531
v 0.031725937 -0.055411763 0.018393776
v 0.029414093 -0.056097997 0.015365465
v 0.055964243 -0.028113085 0.009621004
v -0.026212189 -0.062582524 0.004676799
v -0.024504413 -0.063040072 0.005435212
v -0.024721590 -0.063197381 0.004598681
v 0.063461451 -0.008964948 0.030611973
v 0.064824585 -0.009459992 0.025380030
v 0.049038323 -0.039317620 0.010502467
v 0.060436479 -0.022161139 0.025999976
v 0.043885202 -0.027120687 0.052773493
v 0.032642260 -0.054999305 0.009927215
v 0.033287019 -0.055244513 0.008486573
v 0.032083023 -0.056586992 0.006849402
v 0.036005980 -0.035718604 0.053475798
v -0.012960845 -0.059066395 0.039967637
v 0.064067326 0.000882273 0.028120234
v 0.000402561 -0.049919808 0.054622091
v 0.047383916 -0.041505116 0.009393116
v 0.048851470 -0.040645304 0.006477421
v -0.001778071 -0.067325005 0.003396262
v -0.000545470 -0.067148671 0.004513211
v -0.000686662 -0.067331877 0.003339063
v 0.053831186 -0.036369230 0.022267855
v 0.021812448 -0.058291845 0.035119907
v 0.036761577 -0.052519388 0.020744215
v 0.036272982 -0.052737639 0.016326702
v 0.000416156 -0.063797828 0.026981563
v -0.003783946 -0.064136420 0.023131405
v 0.063073538 -0.013173576 0.013411462
v 0.063405997 -0.009793772 0.012264162
v 0.063687507 -0.013705939 0.022428545
v 0.061900821 -0.013641252 0.000058992
v 0.061852672 -0.013991508 0.000061516
v 0.061260071 -0.011445073 0.002867658
v -0.014472624 -0.046435720 0.057699006
v -0.026323156 -0.055102135 0.041156965
v 0.032550775 -0.034654213 0.060685578
v -0.019621013 -0.059487064 0.034290988
v 0.015321027 -0.063367453 0.008603672
v 0.010567345 -0.064621073 0.009134932
v -0.018629214 -0.046277629 0.057255696
v -0.012078407 -0.065318509 0.008707162
v -0.014561693 -0.063187411 0.013256679
v -0.020427776 -0.055079321 0.044508719
v 0.062801142 -0.016213363 0.018551650
v 0.062855801 -0.016610986 0.022540753
v 0.064686011 0.003583177 0.023102581
v 0.045909776 -0.047332110 0.000897048
v 0.047203331 -0.046023307 0.000829255
v 0.024298595 -0.060949913 0.006544725
v 0.062326503 0.003412864 0.000036683
v 0.061703813 0.006289925 0.000069317
v 0.053182660 -0.035883320 0.017051425
v -0.015997521 -0.065153707 0.006292159
v -0.016882902 -0.053106090 0.048395256
v 0.017919930 -0.058378332 0.037712613
v 0.035403270 -0.056352539 0.001447670
v 0.033765207 -0.057083787 0.002937856
v 0.037582443 -0.052612885 0.006638394
v 0.037619808 -0.054630076 0.001331506
v 0.043020348 -0.048097549 0.007030896
v 0.063026462 -0.007166202 0.000000000
v 0.062783280 -0.009376878 0.000012745
v 0.064224527 -0.012026724 0.016867686
v -0.022569882 -0.061101812 0.014814900
v 0.037140138 -0.051174552 0.012283504
v 0.006652740 -0.063485193 0.026385938
v 0.052228931 -0.034110893 0.007780093
v 0.008825226 -0.062533166 0.031660058
v 0.026378237 -0.057657051 0.031797741
v 0.010262741 -0.047014017 0.057397635
v -0.003896101 -0.065629660 0.009655238
v 0.020328028 -0.060264753 0.012230101
v -0.022448828 -0.051530853 0.049090492
v -0.019236095 -0.050779231 0.051124007
v 0.034274046 -0.054408786 0.008249651
v 0.050336748 -0.037191354 0.007753462
v 0.009885888 -0.063575538 0.013015809
v 0.061854903 -0.014117672 0.000061399
v 0.061465215 -0.014743137 0.002112778
v 0.063004628 -0.007042452 0.011186750
v 0.033216020 -0.053814743 0.013552381
v -0.006187745 -0.067108780 0.003627363
v -0.006593309 -0.066648005 0.005848734
v 0.012494649 -0.065451363 0.005485394
v 0.025552090 -0.058092145 0.013538732
v -0.026408177 -0.052346716 0.045984207
v -0.027360595 -0.060184249 0.010364289
v 0.060222933 -0.015073617 0.006656493
v 0.060669107 -0.014272215 0.004649221
v 0.034655527 -0.052867223 0.010133196
v 0.029896913 -0.056012520 0.012509369
v 0.060970052 -0.016677299 0.003214040
v 0.061186710 -0.016887446 0.000893014
v 0.059923098 -0.019463274 0.002557280
v 0.042634144 -0.050532569 0.001068716
v 0.041909638 -0.051101998 0.001106686
v 0.053883980 -0.032747590 0.005571669
v 0.010953558 -0.054999893 0.046585622
v 0.061829739 -0.008956286 0.004601000
v -0.023649672 -0.059056782 0.030378896
v 0.017439523 -0.061649379 0.010719280
v 0.062866489 -0.002127575 0.000393704
v -0.026494079 -0.045643096 0.056034774
v -0.022179394 -0.047411518 0.054851679
v -0.027391657 -0.048516635 0.051278009
v 0.039008686 -0.030250592 0.058016315
v 0.039978423 -0.032839313 0.052168514
v -0.018667240 -0.065118127 0.004281385
v -0.020717371 -0.064528451 0.004388828
v 0.060788944 -0.018675400 0.000117263
v 0.060112521 -0.020977754 0.000152713
v 0.016331141 -0.054675769 0.044795267
v 0.062779798 -0.009403160 0.000012927
v 0.047410676 -0.045796958 0.000818389
v 0.050780434 -0.041237691 0.001088418
v 0.050812573 -0.041345434 0.000640103
v 0.061191738 -0.017471331 0.000096154
v 0.062815278 -0.001299463 0.000011068
v 0.033324585 -0.057740316 0.001556609
v 0.051165508 -0.040839615 0.000621606
v -0.007313797 -0.062933127 0.030196271
v -0.004540736 -0.063730339 0.027176292
v 0.059349940 -0.023455283 0.000192678
v -0.008581183 -0.066942283 0.003752798
v -0.010696689 -0.066675241 0.003863667
v -0.023898359 -0.063444568 0.004555537
v 0.061795927 -0.014406569 0.000064490
v 0.062774984 -0.009414897 0.000013179
v 0.062147935 -0.011012999 0.000046042
v 0.062985546 -0.003613341 0.000002144
v 0.062975884 -0.002391910 0.000002651
v 0.028254532 -0.060789187 0.001822320
v 0.019928227 -0.061772866 0.008398582
v 0.016945959 -0.064362990 0.004823226
v 0.038652415 -0.041709185 0.044373957
v 0.062938362 -0.001994945 0.000004617
v 0.019622307 -0.040839088 0.065161478
v 0.023270739 -0.039972542 0.062113455
v 0.025120884 -0.062210045 0.001986547
v -0.013538630 -0.066206364 0.004012606
v -0.014067137 -0.066095744 0.004040304
v -0.016759214 -0.065533450 0.004181390
v -0.008256503 -0.061730818 0.035402815
v 0.041528544 -0.028570396 0.055361677
v -0.024321183 -0.059370362 0.025345545
v -0.030410614 -0.056766998 0.025905328
v 0.021757155 -0.062913582 0.004685464
v 0.061467922 0.007321962 0.000081680
v -0.029165632 -0.061296582 0.004831583
v 0.040239337 -0.027648396 0.060776128
v 0.064192028 0.003209733 0.026632870
v 0.020479032 -0.064071663 0.002229816
v 0.000531916 -0.067306595 0.003275200
v -0.024765813 -0.043819048 0.059404736
v 0.012355841 -0.066144517 0.002655535
v 0.014515228 -0.065568417 0.002542366
v 0.018626772 -0.064616011 0.002326889
v -0.039663426 -0.053001399 0.011696260
v -0.035649520 -0.055469283 0.012781929
v -0.037901217 -0.054812013 0.009477028
v -0.037755323 -0.048739673 0.042831734
v -0.039548854 -0.045847227 0.044951659
v -0.035179384 -0.047998802 0.046064742
v -0.035002936 -0.042939863 0.053197388
v -0.050532506 -0.043893703 0.014589418
v -0.045773968 -0.048301910 0.019503964
v -0.047037896 -0.047651413 0.012032567
v -0.035695097 -0.057496425 0.005173778
v -0.034415896 -0.057497037 0.007292820
v -0.034308206 -0.058346792 0.005101094
v -0.030780760 -0.049744887 0.047283882
v -0.032625335 -0.051218643 0.043424162
v -0.043958624 -0.048735443 0.032784818
v -0.038195578 -0.051975596 0.035055847
v -0.040488804 -0.051548162 0.030377815
v -0.033201861 -0.055995598 0.021228698
v -0.038848697 -0.052946930 0.024014914
v -0.031277521 -0.057568454 0.012864958
v -0.032103942 -0.056674474 0.017178097
v -0.041061899 -0.053825158 0.005455040
v -0.045467484 -0.050291151 0.005685927
v -0.045490878 -0.049876398 0.006867979
v -0.040798599 -0.053932220 0.005751810
v -0.053917131 -0.039278514 0.021120894
v -0.048555600 -0.045349538 0.026917607
v -0.044090841 -0.049391578 0.026761829
v -0.037644391 -0.044452062 0.048780416
v -0.048715392 -0.043746567 0.034006031
v -0.045056688 -0.046588628 0.036807267
v -0.033609891 -0.052720515 0.039238078
v -0.033174435 -0.054301078 0.035746408
v -0.042701621 -0.051025933 0.013967536
v -0.042372780 -0.051755735 0.009434033
v -0.037577286 -0.054071751 0.016865745
v -0.030864699 -0.056091948 0.030984394
v -0.032224684 -0.055224491 0.033382542
v -0.027434950 -0.042754949 0.059665065
v -0.030189539 -0.044455873 0.055449196
v -0.032794128 -0.046605063 0.050144050
v -0.053662701 -0.040116496 0.013050663
v -0.046779389 -0.046190412 0.032929986
v -0.034189083 -0.055000307 0.028305089
v -0.056760760 -0.036452084 0.006277782
v -0.053854471 -0.040893868 0.006125470
v -0.046306313 -0.049462212 0.005729888
v -0.043177203 -0.045675748 0.041738347
v -0.040204672 -0.049441314 0.038872195
v -0.049527062 -0.046323706 0.005898680
v -0.049598214 -0.045940344 0.006877137
v -0.036190745 -0.050733898 0.041065733
v -0.035822785 -0.053707452 0.031510344
v -0.031806779 -0.059802185 0.004970000
v -0.052393799 -0.042731921 0.006048920
v -0.053494758 -0.041421561 0.006106618
v -0.053645366 -0.041226968 0.006114511
v -0.032696755 -0.041982461 0.056761083
v -0.050065491 -0.045669381 0.005926898
v -0.040606915 -0.054183959 0.005431195
v -0.040851912 -0.053997647 0.005444035
v 0.001705201 -0.008875911 0.003213711
f 1 2 3
f 4 5 6
f 7 8 9
f 10 11 12
f 13 14 15
f 16 17 18
f 19 9 20
f 21 11 22
f 23 24 25
f 26 27 28
f 29 30 31
f 32 33 34
f 35 36 37
f 38 39 34
f 40 41 42
f 43 44 45
f 17 46 47
f 27 38 34
f 36 38 27
f 18 17 48
f 49 50 51
f 52 53 54
f 55 56 57
f 58 18 48
f 24 23 59
f 46 48 47
f 60 61 62
f 47 48 17
f 63 64 65
f 50 30 51
f 66 67 54
f 68 24 59
f 69 70 71
f 28 72 73
f 74 75 76
f 77 78 79
f 61 80 81
f 82 83 84
f 85 82 86
f 87 18 88
f 83 82 85
f 89 85 86
f 90 91 92
f 9 19 7
f 93 89 94
f 90 92 95
f 95 92 96
f 96 92 97
f 95 98 90
f 89 93 99
f 100 83 85
f 97 92 101
f 102 95 96
f 103 104 83
f 100 103 83
f 100 85 105
f 102 96 106
f 107 105 99
f 103 100 108
f 101 109 97
f 108 104 103
f 105 108 100
f 107 110 105
f 74 111 112
f 109 113 97
f 114 110 107
f 108 115 104
f 116 102 117
f 110 114 118
f 119 105 110
f 120 113 109
f 121 122 123
f 106 122 124
f 113 125 123
f 126 123 125
f 123 126 121
f 120 127 113
f 128 117 129
f 130 124 122
f 130 122 121
f 127 125 113
f 131 132 115
f 119 118 133
f 91 134 101
f 135 129 124
f 136 137 138
f 120 139 127
f 125 127 140
f 126 125 141
f 120 142 139
f 140 141 125
f 141 143 126
f 144 145 146
f 147 137 136
f 136 148 147
f 149 133 150
f 145 128 135
f 135 128 129
f 141 139 151
f 148 152 147
f 150 153 149
f 124 130 154
f 135 124 154
f 155 156 135
f 151 157 141
f 148 153 158
f 158 152 148
f 159 160 161
f 151 139 142
f 156 155 162
f 163 162 164
f 165 142 166
f 167 168 143
f 163 164 169
f 170 151 171
f 155 172 173
f 162 174 164
f 169 175 158
f 111 175 112
f 165 171 151
f 176 155 173
f 175 177 112
f 178 170 179
f 180 181 165
f 176 173 168
f 182 183 168
f 168 183 176
f 184 182 185
f 177 186 187
f 176 183 188
f 185 179 189
f 188 183 190
f 183 184 189
f 119 108 105
f 183 189 190
f 188 190 191
f 190 192 191
f 193 194 195
f 196 197 198
f 196 198 199
f 200 201 202
f 191 192 203
f 204 205 206
f 207 208 209
f 130 121 126
f 114 145 144
f 163 156 162
f 99 90 98
f 210 211 212
f 213 214 215
f 216 212 217
f 216 218 219
f 220 221 222
f 117 106 129
f 223 224 225
f 226 227 228
f 229 230 231
f 232 233 234
f 235 236 237
f 238 239 240
f 241 242 243
f 244 245 246
f 247 248 249
f 250 251 252
f 248 247 253
f 183 182 184
f 248 254 249
f 247 249 255
f 249 256 255
f 254 248 257
f 258 259 260
f 261 254 257
f 144 146 150
f 257 248 262
f 263 264 221
f 265 266 267
f 221 264 268
f 105 85 89
f 269 270 242
f 271 272 256
f 270 249 254
f 247 273 274
f 220 265 267
f 275 276 277
f 145 135 156
f 278 279 280
f 281 282 283
f 254 261 242
f 270 254 242
f 284 231 285
f 286 287 288
f 231 284 289
f 290 291 287
f 292 293 294
f 92 91 101
f 295 296 297
f 256 298 271
f 270 278 299
f 300 301 302
f 99 116 107
f 303 240 304
f 305 306 307
f 308 309 310
f 311 312 313
f 314 232 234
f 315 286 288
f 316 304 240
f 238 240 312
f 317 318 319
f 298 256 299
f 320 312 311
f 321 202 201
f 240 239 316
f 249 270 256
f 322 269 242
f 323 324 325
f 326 238 327
f 317 319 328
f 320 317 328
f 299 256 270
f 329 330 331
f 332 272 271
f 333 316 239
f 114 107 116
f 334 335 239
f 305 307 271
f 326 327 336
f 242 261 243
f 166 337 180
f 338 300 279
f 278 270 269
f 339 271 298
f 339 305 271
f 307 340 332
f 341 342 343
f 299 339 298
f 328 344 320
f 167 141 157
f 345 328 346
f 347 348 349
f 290 350 351
f 352 334 326
f 322 241 353
f 352 335 334
f 241 322 242
f 354 305 339
f 338 269 322
f 278 280 299
f 279 300 355
f 327 320 356
f 306 305 354
f 279 278 269
f 357 358 359
f 360 200 361
f 322 353 338
f 45 362 43
f 350 290 286
f 159 333 335
f 345 344 328
f 355 280 279
f 363 364 365
f 366 367 368
f 262 248 253
f 369 365 370
f 244 371 372
f 330 327 356
f 58 373 88
f 339 299 354
f 32 34 39
f 374 375 376
f 377 33 32
f 378 48 379
f 338 279 269
f 380 381 13
f 382 377 32
f 289 304 383
f 59 384 68
f 385 386 296
f 387 388 389
f 67 66 390
f 330 391 327
f 392 393 377
f 382 392 377
f 331 344 345
f 394 395 396
f 271 307 332
f 397 43 362
f 398 299 280
f 355 300 302
f 212 216 237
f 399 400 401
f 402 403 404
f 405 406 407
f 408 315 395
f 409 393 410
f 291 290 411
f 145 114 117
f 331 228 329
f 412 413 414
f 415 416 417
f 393 392 418
f 419 420 421
f 336 422 352
f 423 424 425
f 160 352 426
f 427 391 330
f 428 429 430
f 390 431 432
f 433 434 435
f 436 437 438
f 439 23 25
f 440 415 417
f 420 419 441
f 442 443 444
f 118 144 133
f 445 446 447
f 285 303 284
f 448 414 449
f 406 413 441
f 116 117 114
f 450 451 452
f 453 420 454
f 20 455 379
f 221 220 267
f 456 6 457
f 458 10 12
f 428 417 459
f 357 460 461
f 57 296 462
f 444 443 405
f 426 352 422
f 214 463 251
f 464 465 466
f 467 468 325
f 405 469 449
f 441 413 470
f 395 315 226
f 452 413 450
f 465 471 472
f 160 473 161
f 176 188 191
f 176 162 155
f 449 414 405
f 228 331 396
f 460 357 359
f 474 475 450
f 476 427 329
f 97 113 123
f 441 454 420
f 470 452 454
f 421 477 419
f 478 479 359
f 421 453 437
f 480 481 482
f 483 288 287
f 484 391 485
f 473 160 426
f 291 486 483
f 483 486 487
f 453 421 420
f 405 407 444
f 488 476 489
f 228 395 226
f 490 448 449
f 491 452 451
f 492 493 469
f 226 288 227
f 122 106 494
f 165 181 171
f 483 487 495
f 419 406 441
f 453 454 491
f 496 497 453
f 498 485 245
f 469 405 443
f 499 500 501
f 502 77 473
f 503 504 505
f 412 448 506
f 470 454 441
f 496 453 491
f 507 442 444
f 508 509 510
f 511 512 513
f 502 498 77
f 514 245 515
f 408 395 394
f 489 329 516
f 450 413 474
f 197 361 198
f 491 451 496
f 507 444 407
f 228 227 516
f 159 335 160
f 517 518 519
f 520 77 498
f 507 407 477
f 116 99 98
f 178 185 182
f 465 521 466
f 475 451 450
f 522 523 358
f 483 524 227
f 469 493 449
f 525 488 526
f 488 527 514
f 524 495 528
f 474 412 529
f 436 530 442
f 169 174 208
f 498 245 244
f 406 414 413
f 531 493 492
f 154 173 172
f 167 143 141
f 442 530 443
f 436 477 421
f 512 532 513
f 245 514 527
f 230 285 231
f 491 454 452
f 490 449 493
f 533 534 535
f 412 474 413
f 536 537 77
f 421 437 436
f 287 291 483
f 473 426 502
f 150 163 153
f 538 537 536
f 539 540 541
f 128 145 117
f 163 150 146
f 526 516 542
f 178 157 170
f 543 119 133
f 372 520 244
f 414 448 412
f 327 391 336
f 520 536 77
f 525 544 545
f 405 414 406
f 507 477 436
f 546 547 548
f 506 529 412
f 436 442 507
f 246 245 527
f 452 470 413
f 136 131 149
f 484 422 336
f 448 490 549
f 438 530 436
f 139 141 140
f 204 206 541
f 419 407 406
f 516 550 542
f 551 552 553
f 477 407 419
f 515 488 514
f 554 555 525
f 520 372 556
f 203 186 207
f 520 556 536
f 527 488 525
f 525 545 527
f 557 558 559
f 557 559 560
f 294 561 562
f 563 564 565
f 566 560 559
f 468 567 262
f 191 207 209
f 568 358 357
f 558 557 569
f 570 560 566
f 544 525 555
f 571 572 573
f 219 237 216
f 518 517 574
f 69 71 575
f 289 284 304
f 246 576 371
f 526 489 516
f 543 108 119
f 505 282 503
f 577 556 372
f 237 210 212
f 535 251 250
f 523 522 560
f 207 191 203
f 578 579 533
f 288 483 227
f 211 210 580
f 581 357 461
f 582 583 200
f 584 508 510
f 295 355 585
f 513 586 587
f 544 555 588
f 589 590 591
f 371 577 372
f 592 593 513
f 105 89 99
f 594 595 596
f 597 586 513
f 96 494 106
f 598 204 599
f 600 601 577
f 602 291 411
f 580 463 211
f 215 535 534
f 603 604 605
f 194 606 534
f 554 542 607
f 541 370 204
f 179 185 178
f 608 609 215
f 463 213 211
f 533 194 534
f 577 576 610
f 424 611 252
f 367 612 553
f 593 592 613
f 70 205 71
f 614 433 615
f 499 217 500
f 539 541 206
f 463 214 213
f 616 70 617
f 370 599 204
f 618 619 620
f 621 622 623
f 624 625 626
f 627 628 447
f 358 568 522
f 606 608 534
f 513 593 597
f 597 604 586
f 629 600 577
f 508 584 503
f 358 564 359
f 555 607 630
f 90 93 94
f 210 424 580
f 610 576 631
f 632 519 633
f 283 482 634
f 635 540 539
f 563 636 564
f 523 637 638
f 523 638 358
f 236 424 210
f 639 562 561
f 551 553 640
f 641 642 643
f 275 644 645
f 629 646 647
f 648 503 649
f 588 555 630
f 231 383 229
f 544 650 631
f 476 329 489
f 603 587 604
f 562 639 651
f 652 648 649
f 358 638 565
f 358 565 564
f 200 309 653
f 654 655 656
f 637 523 657
f 588 658 644
f 570 657 523
f 570 523 560
f 577 659 629
f 660 661 662
f 203 663 664
f 348 665 666
f 667 666 668
f 600 629 647
f 214 251 535
f 669 670 671
f 344 331 330
f 640 672 673
f 674 675 676
f 576 545 631
f 363 365 677
f 678 679 665
f 680 681 682
f 252 251 463
f 632 683 519
f 658 588 276
f 684 292 294
f 685 686 687
f 688 633 689
f 690 685 691
f 629 659 646
f 692 693 694
f 692 694 695
f 323 325 253
f 346 394 345
f 696 631 650
f 206 697 539
f 571 623 698
f 588 696 650
f 205 70 699
f 481 267 266
f 663 203 192
f 592 700 613
f 106 117 102
f 154 130 143
f 701 309 702
f 234 260 314
f 126 143 130
f 703 686 685
f 703 685 690
f 645 644 658
f 664 186 203
f 370 704 599
f 705 350 706
f 696 588 644
f 707 708 709
f 710 711 712
f 713 647 341
f 232 714 715
f 426 484 502
f 716 717 718
f 719 720 721
f 246 371 244
f 722 723 724
f 561 605 639
f 604 597 725
f 725 605 604
f 651 639 726
f 311 303 727
f 728 613 729
f 380 639 605
f 551 640 673
f 599 730 619
f 545 544 631
f 731 732 733
f 169 153 163
f 734 735 736
f 723 225 737
f 738 739 740
f 646 741 233
f 742 740 739
f 743 744 745
f 286 315 706
f 707 746 708
f 153 148 149
f 497 747 453
f 748 749 709
f 438 750 751
f 630 607 752
f 630 752 753
f 601 600 754
f 755 756 757
f 758 759 760
f 255 761 273
f 762 763 764
f 765 766 767
f 257 768 261
f 759 769 770
f 726 639 380
f 771 217 499
f 434 614 772
f 772 773 193
f 770 728 729
f 370 365 704
f 764 747 762
f 774 775 771
f 776 777 778
f 779 750 438
f 123 494 97
f 780 781 782
f 748 709 708
f 783 635 539
f 607 528 752
f 236 784 424
f 785 765 767
f 646 786 741
f 787 219 218
f 785 762 765
f 767 763 785
f 497 765 762
f 232 647 233
f 764 788 747
f 747 788 437
f 789 753 752
f 437 788 790
f 437 790 779
f 747 497 762
f 763 762 785
f 257 262 567
f 501 609 608
f 790 750 779
f 437 453 747
f 218 775 774
f 550 516 227
f 791 710 654
f 437 779 438
f 775 216 217
f 751 530 438
f 579 792 434
f 774 793 787
f 794 795 796
f 318 311 727
f 771 775 217
f 250 578 535
f 534 608 215
f 797 792 798
f 217 212 500
f 208 186 177
f 485 515 245
f 615 799 773
f 800 770 757
f 213 500 211
f 167 178 182
f 344 330 356
f 741 786 801
f 501 215 609
f 802 409 803
f 804 805 806
f 319 346 328
f 273 807 808
f 632 809 810
f 96 97 494
f 383 304 316
f 495 487 811
f 789 752 528
f 812 811 487
f 647 232 341
f 135 172 155
f 789 813 753
f 648 260 814
f 801 268 741
f 815 816 723
f 753 813 817
f 246 545 576
f 818 819 820
f 756 332 340
f 528 495 821
f 233 741 268
f 222 275 220
f 789 822 813
f 110 118 119
f 577 610 659
f 662 233 268
f 814 661 504
f 290 351 411
f 823 809 824
f 391 484 336
f 590 825 668
f 590 668 666
f 99 93 90
f 826 435 827
f 804 828 805
f 544 588 650
f 829 806 824
f 749 804 829
f 224 719 721
f 591 590 571
f 591 571 830
f 568 357 581
f 622 698 623
f 714 831 832
f 831 819 832
f 833 834 835
f 833 836 834
f 837 838 833
f 617 70 385
f 839 840 834
f 723 816 223
f 143 168 154
f 654 841 842
f 662 234 233
f 843 224 721
f 734 736 724
f 838 844 833
f 845 846 343
f 847 722 557
f 635 848 540
f 849 835 850
f 837 833 835
f 851 835 849
f 852 834 840
f 599 704 730
f 834 850 835
f 734 724 737
f 834 836 839
f 784 236 235
f 853 224 854
f 850 834 852
f 855 708 856
f 225 723 223
f 736 857 858
f 71 204 598
f 812 859 811
f 746 856 708
f 730 704 364
f 811 860 821
f 841 861 862
f 842 841 857
f 341 343 713
f 716 710 863
f 71 598 575
f 369 541 540
f 723 722 815
f 678 864 858
f 697 783 539
f 721 711 791
f 679 858 857
f 724 865 722
f 866 597 800
f 593 728 597
f 277 220 275
f 365 364 704
f 424 784 425
f 524 607 542
f 306 867 868
f 866 340 869
f 365 369 870
f 221 268 801
f 871 872 873
f 725 869 874
f 610 631 696
f 791 842 843
f 307 869 340
f 715 714 832
f 222 221 801
f 875 865 736
f 725 874 605
f 876 626 877
f 654 710 655
f 306 874 307
f 878 622 879
f 556 577 601
f 120 109 880
f 443 881 469
f 882 881 883
f 605 874 381
f 884 885 886
f 848 870 369
f 887 888 889
f 597 866 869
f 784 235 675
f 890 887 889
f 822 528 821
f 677 365 870
f 874 306 868
f 874 891 381
f 626 625 877
f 354 867 306
f 892 884 886
f 611 250 252
f 893 890 91
f 490 887 890
f 886 867 892
f 891 874 894
f 91 889 134
f 490 895 549
f 255 273 247
f 896 62 624
f 897 778 551
f 874 868 894
f 898 531 888
f 173 154 168
f 282 899 900
f 901 893 902
f 903 381 891
f 901 904 895
f 868 867 886
f 193 195 772
f 892 867 354
f 893 895 890
f 898 888 887
f 307 874 869
f 905 906 907
f 725 597 869
f 531 880 888
f 908 868 886
f 722 847 815
f 884 892 398
f 385 296 617
f 553 552 909
f 892 354 299
f 910 280 911
f 885 908 886
f 398 892 299
f 398 910 884
f 910 398 280
f 857 735 842
f 910 911 884
f 911 280 297
f 355 295 280
f 90 902 893
f 912 883 913
f 895 904 914
f 280 295 297
f 109 101 134
f 656 845 861
f 501 500 215
f 915 916 917
f 918 916 919
f 142 120 920
f 533 579 195
f 492 469 881
f 889 888 880
f 195 194 533
f 921 917 882
f 493 898 490
f 915 142 920
f 218 216 775
f 922 159 161
f 923 687 924
f 887 490 898
f 925 926 927
f 296 57 297
f 928 808 807
f 860 811 929
f 930 925 931
f 911 297 57
f 932 813 822
f 933 57 934
f 296 386 462
f 94 935 902
f 881 936 492
f 277 937 265
f 94 902 90
f 728 770 800
f 493 531 898
f 902 935 901
f 925 938 926
f 939 548 940
f 490 890 895
f 549 914 941
f 911 57 933
f 798 942 670
f 880 918 919
f 895 914 549
f 911 885 884
f 865 732 722
f 895 893 901
f 925 943 938
f 171 944 170
f 91 90 893
f 911 933 945
f 715 861 845
f 890 889 91
f 386 69 946
f 13 381 14
f 721 791 843
f 375 374 947
f 948 462 386
f 949 950 951
f 56 934 57
f 632 633 952
f 855 748 708
f 930 943 925
f 718 655 716
f 934 56 933
f 953 795 794
f 954 908 955
f 894 954 956
f 957 375 958
f 581 223 816
f 773 772 614
f 726 15 651
f 660 662 264
f 927 959 925
f 960 375 957
f 956 891 894
f 821 860 822
f 462 948 961
f 936 918 492
f 961 57 462
f 943 930 962
f 616 682 699
f 963 964 947
f 56 965 933
f 966 967 968
f 518 574 324
f 969 966 970
f 965 56 971
f 224 972 225
f 955 908 973
f 974 908 885
f 827 595 909
f 651 15 14
f 975 949 976
f 769 977 755
f 423 978 979
f 447 651 445
f 232 342 341
f 980 768 567
f 891 981 903
f 982 948 983
f 984 958 947
f 386 983 948
f 968 970 966
f 972 734 737
f 985 60 969
f 958 949 951
f 263 267 481
f 986 907 987
f 964 984 947
f 858 864 736
f 945 933 965
f 957 958 951
f 945 974 885
f 988 205 989
f 990 964 963
f 758 761 977
f 38 991 39
f 732 731 992
f 732 992 557
f 138 137 993
f 822 994 932
f 964 949 984
f 957 951 995
f 976 964 996
f 997 9 998
f 999 1000 511
f 671 1001 966
f 972 737 225
f 976 996 1002
f 964 976 949
f 761 758 1003
f 530 751 883
f 1004 1005 1006
f 1007 1008 733
f 1007 733 732
f 1009 1010 1011
f 958 984 949
f 52 946 53
f 531 492 918
f 1012 137 147
f 807 1003 758
f 256 755 255
f 883 751 913
f 861 715 862
f 734 972 735
f 881 443 530
f 755 977 255
f 138 993 132
f 1013 362 309
f 1013 309 308
f 547 1014 985
f 807 1015 928
f 679 819 818
f 777 551 778
f 35 991 38
f 152 111 1016
f 547 546 1014
f 967 548 968
f 967 611 423
f 1017 1018 800
f 185 189 184
f 368 1019 366
f 548 979 940
f 863 712 1020
f 727 303 285
f 630 276 588
f 530 883 881
f 880 919 120
f 917 916 936
f 915 917 921
f 940 546 939
f 915 919 916
f 670 596 797
f 1021 1022 35
f 1023 1024 921
f 1025 1026 1027
f 875 736 864
f 889 880 109
f 332 756 272
f 467 980 567
f 1028 932 1029
f 547 985 970
f 1030 1029 994
f 62 625 624
f 915 166 142
f 675 1031 784
f 69 575 53
f 978 423 1031
f 970 985 969
f 693 1027 1026
f 597 728 800
f 932 1028 937
f 380 605 381
f 423 611 424
f 907 897 1032
f 917 936 882
f 1033 1034 132
f 921 912 1023
f 282 508 503
f 1035 921 1024
f 176 174 162
f 919 915 920
f 239 238 334
f 940 1036 1037
f 918 936 916
f 866 1018 340
f 919 920 120
f 687 923 479
f 755 757 769
f 757 1017 800
f 1035 166 915
f 531 918 880
f 889 109 134
f 924 694 693
f 1038 1039 1040
f 35 38 36
f 811 821 495
f 616 680 682
f 1041 1040 1039
f 1042 466 521
f 921 882 883
f 263 481 480
f 1043 1044 1045
f 1031 1022 978
f 921 1035 915
f 1046 1047 1044
f 932 937 813
f 940 1021 1036
f 1012 1048 1033
f 1048 1012 1049
f 472 521 465
f 1006 1050 1000
f 1039 1051 1052
f 1053 53 575
f 1043 1052 1044
f 1022 1021 978
f 396 395 228
f 1031 674 1022
f 277 265 220
f 320 344 356
f 1021 37 1036
f 986 776 907
f 227 524 550
f 482 1054 480
f 1055 986 1056
f 502 484 498
f 486 291 602
f 233 647 646
f 260 234 661
f 276 753 817
f 290 287 286
f 550 524 542
f 1057 831 714
f 186 208 207
f 1022 674 991
f 314 1057 714
f 755 256 272
f 272 756 755
f 163 146 156
f 35 1022 991
f 831 820 819
f 758 977 759
f 479 460 359
f 876 1019 1058
f 730 1034 1033
f 1059 1060 1061
f 1062 1048 1049
f 277 276 817
f 331 345 396
f 1063 1064 54
f 607 524 528
f 818 820 1065
f 582 1025 583
f 337 166 1035
f 1048 1066 1033
f 527 545 246
f 326 334 238
f 327 238 312
f 907 776 897
f 385 70 69
f 1018 866 800
f 234 662 661
f 1067 521 472
f 681 1068 682
f 924 906 923
f 612 366 672
f 326 336 352
f 1048 1069 1070
f 1071 809 823
f 314 259 1057
f 906 924 1026
f 276 275 645
f 581 1072 854
f 855 1073 1074
f 1068 681 1075
f 1076 1077 1078
f 276 645 658
f 318 317 311
f 547 970 548
f 1079 1068 1075
f 152 1049 1012
f 301 681 1080
f 240 313 312
f 964 990 996
f 169 158 153
f 1081 1082 1066
f 1082 1081 618
f 567 768 257
f 526 488 489
f 294 587 561
f 312 320 327
f 1061 673 1083
f 273 1003 807
f 667 349 348
f 667 348 666
f 1066 1070 1081
f 1084 1085 1086
f 1087 301 300
f 1088 1089 1090
f 1084 1086 1091
f 1092 679 818
f 223 854 224
f 721 720 711
f 1057 259 641
f 503 814 504
f 338 353 300
f 1093 1091 1086
f 769 759 977
f 314 260 259
f 1017 756 340
f 543 131 108
f 1090 1094 1088
f 536 601 538
f 825 590 589
f 938 1046 1044
f 1094 1086 1088
f 1095 1096 1097
f 1098 1069 1064
f 1090 1099 1094
f 1100 1101 1068
f 784 1031 425
f 1102 1067 472
f 1068 1101 699
f 1103 1052 1051
f 360 1104 702
f 360 702 309
f 1039 521 1105
f 170 944 179
f 1051 1039 1105
f 1106 1107 1108
f 1094 1109 1093
f 1109 1110 1093
f 1110 1111 1112
f 841 654 1113
f 1085 1075 1086
f 594 368 909
f 1049 152 1062
f 1044 1103 926
f 1108 1107 1071
f 1114 1115 521
f 353 241 1116
f 959 1117 925
f 1105 1103 1051
f 966 1001 1118
f 1089 301 1090
f 1067 1119 1114
f 1120 1114 1119
f 1117 1121 931
f 1122 1123 1102
f 931 1121 1124
f 243 261 1125
f 1114 1105 1115
f 1105 1126 1103
f 1060 905 1032
f 1105 1127 1126
f 1063 1098 1064
f 1128 1129 1108
f 1044 926 938
f 757 770 769
f 1130 1131 1132
f 977 761 255
f 907 1026 987
f 54 53 1053
f 1066 1082 1033
f 674 676 991
f 166 180 165
f 1120 1133 1105
f 1134 1099 1116
f 980 1135 768
f 1136 810 1107
f 987 1056 986
f 959 1137 1138
f 1139 1128 1071
f 1064 66 54
f 1098 1063 1081
f 1137 927 1126
f 826 552 1140
f 1141 962 1142
f 1143 1144 1145
f 1146 1147 1148
f 1060 1059 460
f 1106 1108 1129
f 1074 1071 1149
f 1052 1043 1041
f 760 807 758
f 311 317 320
f 1112 1150 1151
f 980 1152 1135
f 1153 1084 1091
f 1091 1154 1153
f 807 760 1015
f 1119 1123 1155
f 883 912 921
f 132 131 136
f 1082 618 620
f 1156 1157 1158
f 1138 1096 1159
f 1067 1160 1119
f 1161 1097 1162
f 1163 1164 619
f 1100 1079 1165
f 882 936 881
f 1166 1152 1167
f 1110 1109 1111
f 1168 1169 1170
f 273 761 1003
f 1074 1149 855
f 1109 1094 1171
f 1172 962 1141
f 1159 1124 1121
f 1140 552 777
f 1084 1173 1085
f 1160 1123 1119
f 1153 1174 1084
f 575 598 1164
f 823 806 805
f 653 309 362
f 1175 1176 1177
f 1017 757 756
f 1114 1120 1105
f 1178 700 592
f 1161 1179 1154
f 1180 1181 1123
f 1102 472 1182
f 1183 1184 1185
f 1116 1125 1186
f 1137 1187 1138
f 1188 1189 1190
f 1087 1090 301
f 1155 1191 1119
f 1148 1097 1096
f 855 828 748
f 1178 592 532
f 1192 1165 1079
f 1073 1139 1074
f 1068 1079 1100
f 927 1137 959
f 1193 1194 1165
f 1174 1195 1173
f 1033 132 993
f 1174 1196 1195
f 1135 1152 1197
f 1196 1174 1153
f 931 1124 1151
f 1108 1071 1128
f 1198 1135 1199
f 340 1018 1017
f 1123 1181 1155
f 700 1178 1200
f 1155 1181 1191
f 1201 1131 1202
f 1135 1203 1199
f 1187 1096 1138
f 1133 1202 1130
f 1079 1204 1192
f 862 832 819
f 521 1067 1114
f 1165 1157 1193
f 1161 1162 1147
f 1205 1145 1144
f 1200 1015 1206
f 1207 1135 1197
f 729 700 759
f 1173 1208 1079
f 1209 1197 1166
f 1053 1081 1063
f 1042 1210 1039
f 423 425 1031
f 1171 1186 1177
f 1196 1153 1179
f 1199 1125 1198
f 402 1188 403
f 870 848 1211
f 1173 1195 1208
f 1180 1123 871
f 1212 1205 1175
f 1213 928 1015
f 1214 1170 1215
f 54 1053 1063
f 1165 1194 1100
f 1183 1195 1196
f 1209 403 1216
f 1217 1170 1211
f 1188 1218 403
f 1208 1204 1079
f 1206 1015 760
f 1217 1211 848
f 1206 759 700
f 1219 1220 1221
f 925 1117 931
f 1147 1222 1179
f 1223 1224 1225
f 1150 1142 931
f 1125 1199 1177
f 806 829 804
f 1218 1226 403
f 635 1215 848
f 1207 1203 1135
f 1156 1214 1215
f 1159 1117 959
f 759 1206 760
f 1227 1228 1229
f 1150 1230 1144
f 1225 1180 1231
f 1190 1218 1188
f 1157 1165 1232
f 928 1213 808
f 1131 1201 1219
f 1163 619 618
f 1200 1206 700
f 1197 1216 1229
f 980 1233 1152
f 1120 1119 1202
f 1096 1124 1159
f 1148 1234 1146
f 1115 1105 521
f 1208 1192 1204
f 962 931 1142
f 1235 1045 1047
f 1223 1169 1236
f 1052 1041 1039
f 1236 1168 1185
f 1130 1202 1131
f 962 930 931
f 1171 1176 1230
f 1102 1160 1067
f 1132 1234 1237
f 1089 1088 1075
f 1238 870 1211
f 1191 1224 1220
f 1146 1222 1147
f 1224 1191 1181
f 661 1054 504
f 1230 1176 1144
f 1181 1225 1224
f 1239 1172 1141
f 1240 1175 1228
f 1170 1241 1238
f 1203 1207 1228
f 654 656 1113
f 700 729 613
f 1218 1190 1242
f 1124 1096 1095
f 1220 1219 1201
f 1189 402 404
f 1177 1199 1203
f 1197 1229 1207
f 397 1243 1244
f 397 1244 1245
f 1144 1176 1205
f 1180 1225 1181
f 1203 1228 1175
f 1116 1186 1134
f 1226 1218 1242
f 1137 1126 1127
f 1125 261 1198
f 1201 1202 1119
f 1234 1148 1237
f 1101 1100 1194
f 1246 1247 1248
f 1228 1227 1240
f 1148 1162 1097
f 1237 1187 1130
f 1212 1240 1249
f 402 1189 1188
f 1250 1251 1252
f 1253 1226 1242
f 1081 1164 1163
f 1164 1081 1053
f 1208 1195 1183
f 1173 1084 1174
f 848 1215 1217
f 1225 1231 1254
f 1210 521 1039
f 1255 1245 1244
f 1256 1214 1156
f 1251 1250 1257
f 1192 1208 1256
f 1033 1082 730
f 1216 1226 1253
f 243 1125 241
f 513 532 592
f 1048 1062 1069
f 1116 1087 353
f 1192 1158 1232
f 1227 1249 1240
f 152 1012 147
f 150 133 144
f 1066 1048 1070
f 1154 1179 1153
f 1258 1252 1242
f 427 476 485
f 1098 1070 1069
f 1157 1232 1158
f 1251 1259 1260
f 1143 1145 1239
f 1143 1142 1150
f 1261 1249 1260
f 828 804 748
f 635 783 1193
f 1256 1208 1183
f 1240 1212 1175
f 865 875 1007
f 301 1089 681
f 1239 1141 1143
f 993 1012 1033
f 1243 397 362
f 1243 362 1262
f 1016 1062 152
f 1047 1045 1044
f 1112 1111 1150
f 730 1082 620
f 1132 1237 1130
f 1134 1171 1094
f 137 1012 993
f 1172 1239 1248
f 1210 1042 521
f 1145 1212 1263
f 1137 1130 1187
f 1184 1183 1146
f 1103 927 926
f 1250 1264 1258
f 241 1125 1116
f 1094 1099 1134
f 1192 1256 1158
f 1152 1166 1197
f 1250 1252 1264
f 1252 1258 1264
f 1093 1086 1094
f 1223 1225 1254
f 1211 1170 1238
f 1131 1219 1221
f 1145 1263 1239
f 1222 1196 1179
f 300 353 1087
f 1191 1201 1119
f 1216 403 1226
f 1096 1187 1237
f 1133 1120 1202
f 1169 1223 1254
f 770 729 759
f 1265 1185 1221
f 1090 1087 1099
f 1156 1215 635
f 1130 1127 1133
f 1127 1105 1133
f 1266 1161 1154
f 1093 1154 1091
f 1232 1165 1192
f 1081 1163 618
f 635 1193 1157
f 1205 1212 1145
f 1144 1143 1150
f 1070 1098 1081
f 730 620 619
f 1251 1260 1249
f 1121 1117 1159
f 1127 1130 1137
f 1246 1248 1239
f 1263 1212 1249
f 1167 1209 1166
f 540 848 369
f 660 1054 661
f 1124 1095 1151
f 1209 1216 1197
f 1217 1215 1170
f 1079 1085 1173
f 1236 1169 1168
f 1158 1256 1156
f 1075 1088 1086
f 1261 1246 1239
f 562 628 294
f 1252 1227 1253
f 1171 1177 1176
f 1075 1085 1079
f 1132 1184 1234
f 1236 1224 1223
f 842 735 972
f 1220 1236 1265
f 822 789 528
f 1053 575 1164
f 1161 1266 1097
f 1266 1110 1112
f 1267 1268 1257
f 1175 1205 1176
f 1265 1221 1220
f 1246 1259 1247
f 169 208 175
f 619 1164 598
f 1185 1256 1183
f 1185 1168 1214
f 1170 1169 1241
f 1196 1222 1183
f 1184 1146 1234
f 426 422 484
f 1110 1266 1093
f 1269 266 1028
f 744 743 739
f 1263 1249 1261
f 1103 1044 1052
f 303 304 284
f 1160 1102 1123
f 1116 1099 1087
f 1191 1220 1201
f 1254 1238 1169
f 1227 1229 1253
f 1237 1148 1096
f 1229 1228 1207
f 1230 1150 1109
f 1097 1266 1095
f 635 1157 1156
f 1185 1265 1236
f 696 222 801
f 1214 1168 1170
f 1147 1179 1161
f 131 543 133
f 1241 1169 1238
f 1132 1185 1184
f 1185 1214 1256
f 1183 1222 1146
f 1185 1132 1221
f 1221 1132 1131
f 1159 959 1138
f 1103 1126 927
f 644 275 222
f 699 682 1068
f 1236 1220 1224
f 1038 1042 1039
f 1007 732 865
f 1260 1246 1261
f 1266 1154 1093
f 479 478 687
f 1147 1162 1148
f 1270 1271 1272
f 1273 1274 1275
f 3 1276 1
f 1109 1171 1230
f 1 1274 1277
f 1276 1278 1270
f 1279 1280 1281
f 1276 1274 1
f 1276 1282 1275
f 1283 3 2
f 1281 1284 1279
f 1285 1247 1259
f 1283 1278 3
f 1253 1242 1252
f 1272 1271 1286
f 1282 1280 1287
f 1270 1282 1276
f 1288 830 571
f 1288 571 698
f 1280 1282 1289
f 768 1198 261
f 1290 1275 1287
f 1291 1292 1293
f 1294 1268 1295
f 1276 1275 1274
f 1278 1271 1270
f 560 815 847
f 1281 1296 1284
f 862 857 841
f 1267 1257 1297
f 263 480 264
f 1279 1287 1280
f 937 1028 265
f 817 813 937
f 1289 1298 1280
f 1299 1281 1293
f 1290 1287 1300
f 1300 1287 1279
f 815 568 816
f 1280 1298 1281
f 1289 1291 1293
f 1287 1275 1282
f 1057 820 831
f 1284 1300 1279
f 1284 1301 1300
f 1302 976 1002
f 1298 1289 1293
f 1281 1298 1293
f 1292 1303 1293
f 841 1113 861
f 1272 1302 1270
f 1303 1299 1293
f 1301 1290 1300
f 1251 1257 1268
f 1296 1301 1284
f 776 1055 777
f 1149 805 828
f 643 573 572
f 1227 1252 1249
f 1281 1299 1296
f 1276 3 1278
f 1186 1125 1177
f 1095 1266 1112
f 1304 1305 198
f 1304 198 693
f 260 661 814
f 678 858 679
f 1203 1175 1177
f 1268 1294 1259
f 864 1007 875
f 1151 1095 1112
f 1306 348 347
f 1229 1216 1253
f 1135 1198 768
f 724 736 865
f 846 845 656
f 1307 795 374
f 1028 1030 1269
f 1134 1186 1171
f 1109 1150 1111
f 1251 1249 1252
f 1251 1268 1259
f 376 1307 374
f 1308 1248 1247
f 1239 1263 1261
f 1150 931 1151
f 488 515 476
f 842 791 654
f 1089 1075 681
f 1259 1246 1260
f 1259 1294 1285
f 1297 1257 1250
f 1142 1143 1141
f 1029 1030 1028
f 1233 980 467
f 994 822 860
f 596 368 594
f 780 1309 1310
f 1167 1233 1311
f 1312 1167 1311
f 1311 467 1313
f 343 342 845
f 325 1313 467
f 403 1209 1167
f 1312 1314 1167
f 1311 1313 1315
f 253 468 262
f 1167 1314 403
f 1315 1312 1311
f 548 970 968
f 574 1315 1313
f 1312 1315 1314
f 522 815 560
f 876 1058 626
f 857 862 819
f 403 1314 404
f 1311 1233 467
f 1316 517 1317
f 325 574 1313
f 224 843 972
f 1317 517 1318
f 1316 1315 574
f 1319 512 511
f 1318 517 519
f 987 582 1056
f 860 929 1320
f 810 809 1107
f 1028 266 265
f 1030 994 1320
f 460 1059 461
f 1314 1315 1316
f 1233 1167 1152
f 404 1314 1316
f 503 584 649
f 404 1316 1317
f 348 864 678
f 517 1316 574
f 1235 1047 1321
f 1235 1321 1322
f 258 641 259
f 1323 1235 1322
f 1324 1078 1325
f 1047 1326 1321
f 994 860 1320
f 836 833 1324
f 1327 1324 1325
f 258 260 648
f 1325 1328 1327
f 1328 1321 1327
f 581 816 568
f 1329 1330 1326
f 1331 1308 1332
f 1327 1333 1324
f 1329 943 1334
f 1335 1327 1321
f 655 710 716
f 1285 1336 1332
f 1333 1327 1337
f 937 277 817
f 628 627 684
f 1337 1327 1335
f 208 174 209
f 554 526 542
f 748 804 749
f 60 62 896
f 923 905 479
f 1338 1337 1335
f 1335 1331 1338
f 1330 1329 1334
f 811 859 929
f 1335 1321 1326
f 361 1027 198
f 1339 1330 1334
f 1331 1339 1172
f 504 1054 900
f 1331 1330 1339
f 972 843 842
f 1322 1328 1323
f 857 819 679
f 1329 1046 938
f 1029 932 994
f 1337 1338 1336
f 1172 1339 1340
f 765 1341 766
f 836 1333 1342
f 1343 1285 1295
f 1331 1172 1308
f 1344 1345 1346
f 1340 962 1172
f 1285 1343 1336
f 1308 1172 1248
f 1336 1333 1337
f 1347 1277 1348
f 943 962 1340
f 1333 1336 1342
f 1046 1329 1326
f 1336 1343 1342
f 1349 1350 1351
f 943 1340 1334
f 1352 1353 1354
f 847 557 560
f 1336 1338 1332
f 1326 1330 1335
f 1045 1355 1043
f 1334 1340 1339
f 1328 1356 1323
f 644 222 696
f 1326 1047 1046
f 174 169 164
f 722 732 557
f 856 1073 855
f 1107 1106 1136
f 1324 1333 836
f 623 571 573
f 1285 1294 1295
f 587 294 511
f 1107 809 1071
f 1335 1330 1331
f 730 364 1357
f 1321 1328 1322
f 98 102 116
f 641 258 652
f 554 607 555
f 777 552 551
f 594 909 595
f 938 943 1329
f 1247 1285 1332
f 1358 376 960
f 70 616 699
f 1332 1308 1247
f 1149 1071 823
f 518 688 689
f 376 1358 1359
f 368 596 1360
f 828 855 1149
f 1074 1139 1071
f 833 1078 1324
f 1332 1338 1331
f 805 1149 823
f 1361 1007 864
f 1361 864 1362
f 863 710 712
f 574 325 324
f 1194 783 1101
f 148 136 149
f 814 503 648
f 786 696 801
f 1362 864 348
f 1362 348 1306
f 604 587 586
f 513 587 511
f 736 735 857
f 1288 698 1363
f 665 348 678
f 1364 1050 1006
f 683 632 810
f 683 810 1365
f 1365 1366 683
f 519 1366 1367
f 1318 519 1367
f 810 1136 1365
f 1368 1366 1365
f 610 786 659
f 1369 1363 698
f 1370 1368 1365
f 1366 1368 1371
f 556 601 536
f 1317 1367 1372
f 1370 1136 1373
f 1373 1374 1370
f 1368 1370 1371
f 1367 1371 1375
f 1376 1371 1370
f 1367 1375 1372
f 1377 1372 1375
f 1376 1375 1371
f 1372 1378 1317
f 1065 643 572
f 168 167 182
f 576 577 371
f 1376 1377 1375
f 1092 818 1065
f 1370 1374 1379
f 1374 1380 1379
f 1376 1379 1381
f 1378 1377 1382
f 1377 1376 1381
f 258 648 652
f 1258 1242 1382
f 1297 1250 1258
f 1367 1317 1318
f 1383 1297 1258
f 239 335 333
f 1383 1258 1382
f 1267 1384 1385
f 1381 1386 1382
f 175 111 158
f 1382 1386 1383
f 1387 839 1342
f 1267 1385 1268
f 1343 1387 1342
f 1384 1388 1389
f 1390 1391 1392
f 1393 852 840
f 1389 1394 1393
f 1393 1394 852
f 1395 1396 1397
f 315 288 226
f 1398 1399 1391
f 679 1092 665
f 345 394 396
f 1389 1400 1394
f 482 481 634
f 139 140 127
f 571 1092 572
f 1394 850 852
f 554 525 526
f 879 622 1401
f 879 1401 1402
f 178 167 157
f 515 485 476
f 98 95 102
f 313 303 311
f 622 878 1403
f 622 1403 698
f 283 900 482
f 94 89 86
f 584 621 623
f 642 641 652
f 1092 571 590
f 1404 1405 1406
f 1407 904 1408
f 1040 1409 1038
f 494 123 122
f 174 176 209
f 283 282 900
f 665 1092 590
f 383 231 289
f 900 899 504
f 264 1054 660
f 1410 1411 1412
f 106 124 129
f 573 643 642
f 154 172 135
f 115 132 104
f 696 786 610
f 1413 282 281
f 786 646 659
f 572 1092 1065
f 221 267 263
f 641 643 820
f 621 584 510
f 584 623 649
f 642 623 573
f 1414 1415 1416
f 1417 1388 1386
f 63 965 971
f 1034 1418 1419
f 161 1420 922
f 1421 1422 1423
f 995 951 950
f 958 375 947
f 850 1424 849
f 1425 132 1419
f 1271 1412 1286
f 1406 1426 1427
f 1405 1404 1428
f 1245 43 397
f 826 909 552
f 615 433 1310
f 695 694 1429
f 1021 35 37
f 1361 1008 1007
f 44 201 45
f 1389 1393 1295
f 1113 656 861
f 1430 1358 960
f 1412 1431 1410
f 1271 1432 1433
f 939 546 548
f 1434 1435 1436
f 642 649 623
f 992 569 557
f 1050 1364 1437
f 1427 1438 1439
f 1440 1004 1006
f 224 853 719
f 1061 551 673
f 1412 1433 1441
f 522 568 815
f 564 1442 1443
f 564 1443 478
f 711 710 791
f 999 1440 1006
f 1444 1004 1440
f 1439 851 849
f 1445 656 655
f 1446 1439 1438
f 967 979 548
f 684 294 628
f 1351 1041 1355
f 1405 1428 1447
f 1014 60 985
f 1118 611 967
f 374 963 947
f 1439 1446 851
f 1441 1448 1449
f 940 978 1021
f 1136 1370 1365
f 1450 1441 1433
f 1409 1040 1351
f 1441 1450 1451
f 967 966 1118
f 1438 1449 1448
f 1369 698 1403
f 427 330 329
f 1396 1452 1453
f 276 630 753
f 1404 1399 1398
f 1454 1446 1438
f 1448 1441 1451
f 1448 1454 1438
f 509 282 1413
f 1455 765 497
f 1456 837 835
f 496 1455 497
f 1451 1450 1283
f 83 104 1453
f 1034 1457 1418
f 1000 999 1006
f 1458 1459 2
f 1406 1439 849
f 201 200 653
f 627 1444 1440
f 783 989 1101
f 1443 1460 685
f 1443 685 478
f 1032 551 1061
f 583 1025 361
f 669 1360 670
f 562 447 628
f 1461 960 957
f 1032 905 907
f 824 806 823
f 1061 1060 1032
f 1050 1319 1000
f 873 1180 871
f 1360 596 670
f 989 205 699
f 1344 870 1345
f 969 671 966
f 1020 716 863
f 684 1440 999
f 82 1462 1463
f 199 198 1305
f 196 1104 360
f 196 360 197
f 310 309 701
f 1353 1451 1459
f 1440 684 627
f 836 1342 839
f 1435 1076 1436
f 924 686 694
f 1464 1465 1397
f 1442 564 636
f 1037 546 940
f 1025 1027 361
f 367 553 909
f 640 612 672
f 896 671 969
f 896 624 669
f 632 952 824
f 940 979 978
f 368 1058 1019
f 669 671 896
f 737 724 723
f 60 896 969
f 656 1445 846
f 1466 872 871
f 809 632 824
f 1345 1231 1467
f 827 909 826
f 595 797 596
f 370 541 369
f 989 697 988
f 1467 1231 1180
f 323 274 1468
f 1101 989 699
f 669 624 1360
f 1122 1182 1469
f 1346 1397 1465
f 1470 1471 1472
f 862 715 832
f 718 1445 655
f 479 1060 460
f 776 778 897
f 1385 1295 1268
f 1122 1466 1123
f 1424 1399 1404
f 511 294 293
f 482 900 1054
f 653 362 45
f 553 612 640
f 1401 622 621
f 643 1065 820
f 686 924 687
f 505 899 282
f 1055 1056 781
f 151 142 165
f 820 1057 641
f 498 484 485
f 151 170 157
f 253 247 323
f 1469 1473 1474
f 191 209 176
f 516 329 228
f 282 509 508
f 498 244 520
f 467 567 468
f 1459 1451 1283
f 264 480 1054
f 111 152 158
f 208 177 175
f 108 131 115
f 471 465 1475
f 133 149 131
f 479 905 1060
f 156 146 145
f 273 1476 274
f 1080 680 302
f 1180 873 1467
f 963 374 953
f 132 136 138
f 160 335 352
f 495 524 483
f 1083 1059 1061
f 1182 472 471
f 367 909 368
f 114 144 118
f 236 210 237
f 427 485 391
f 590 666 665
f 1452 84 83
f 309 200 360
f 1477 1349 1351
f 1478 651 14
f 611 1118 250
f 662 268 264
f 1077 1356 1078
f 505 504 899
f 652 649 642
f 651 1478 445
f 303 313 240
f 1479 1480 1481
f 983 1482 432
f 706 350 286
f 374 795 953
f 1038 1483 1042
f 1397 1346 1395
f 1453 1397 1396
f 670 797 798
f 446 1478 1421
f 1460 691 685
f 953 794 963
f 1270 1302 1002
f 1458 2 1
f 1386 1384 1383
f 787 218 774
f 1058 368 1360
f 1467 1396 1395
f 1425 104 132
f 905 923 906
f 292 684 999
f 845 342 715
f 296 295 585
f 1026 907 906
f 680 1080 681
f 1484 1485 1486
f 738 740 1487
f 987 1025 582
f 1488 1471 1489
f 223 581 854
f 301 1080 302
f 1373 1136 1106
f 982 983 1490
f 1328 1325 1356
f 1491 1448 1451
f 1026 1025 987
f 535 578 533
f 989 783 697
f 1419 363 1492
f 850 1394 1400
f 464 1408 1475
f 633 519 689
f 1493 1473 1469
f 63 974 965
f 601 1494 1495
f 538 601 1495
f 1436 1496 1434
f 754 1494 601
f 1373 1106 1497
f 851 1456 835
f 1496 1436 1348
f 1483 1498 1042
f 1433 1432 1283
f 214 535 215
f 202 1499 200
f 64 63 971
f 904 901 1408
f 4 1500 1501
f 1417 1391 1388
f 1345 1254 1231
f 1463 1466 1122
f 1502 1408 464
f 200 1499 582
f 1009 1501 1503
f 973 974 1504
f 1505 389 388
f 48 378 58
f 1506 14 1507
f 430 1508 417
f 1488 1489 765
f 84 1466 1462
f 1502 464 1498
f 59 1509 1510
f 363 1457 1357
f 1471 1470 1489
f 1454 1448 1456
f 1502 1407 1408
f 904 1407 914
f 159 1511 333
f 424 252 580
f 1498 1512 1407
f 1387 1295 1393
f 1389 1295 1385
f 1189 1317 1378
f 1513 1456 1448
f 1506 1478 14
f 617 296 585
f 663 1514 664
f 1512 1498 1483
f 1451 1353 1491
f 1189 1378 1190
f 914 1407 1512
f 1515 1516 1509
f 1498 464 466
f 1491 1517 1518
f 1388 1391 1399
f 1514 186 664
f 1424 1400 1399
f 1478 446 445
f 1514 384 1510
f 1455 496 1519
f 177 1516 1520
f 840 839 1393
f 1521 1511 922
f 1512 941 914
f 1522 1512 1523
f 471 1469 1182
f 851 1454 1456
f 579 772 195
f 84 872 1466
f 431 1524 1490
f 432 431 1490
f 87 1511 1521
f 1525 1526 1037
f 1520 112 177
f 615 773 614
f 64 1524 65
f 1509 1516 187
f 1504 63 1527
f 1528 1504 1527
f 1038 1409 1483
f 1514 1509 187
f 9 997 20
f 1510 384 59
f 323 247 274
f 88 1511 87
f 627 1529 1444
f 159 922 1511
f 316 1511 383
f 1348 1277 1496
f 67 390 432
f 1513 1448 1491
f 186 1514 187
f 5 1009 1011
f 1444 1529 1530
f 1511 229 383
f 1432 1271 1278
f 1482 67 432
f 229 1511 373
f 53 946 69
f 384 1514 1531
f 378 229 373
f 973 908 974
f 1273 1277 1274
f 1528 399 1532
f 81 80 1533
f 1524 431 65
f 384 1531 41
f 1519 496 451
f 1516 177 187
f 1534 998 9
f 404 1317 1189
f 1504 1528 973
f 65 1527 63
f 41 1531 42
f 1535 1421 1506
f 455 229 378
f 1511 316 333
f 1536 1062 76
f 671 942 1001
f 229 455 1531
f 1062 1016 76
f 455 42 1531
f 1537 76 1016
f 1509 1514 1510
f 1414 1530 1529
f 692 1304 693
f 373 1511 88
f 399 49 1532
f 19 20 803
f 598 599 619
f 431 390 1538
f 65 1538 1527
f 1277 1347 1458
f 399 1528 1539
f 1540 578 942
f 23 439 1515
f 434 772 579
f 911 945 885
f 40 42 997
f 998 1534 1010
f 1541 1414 1416
f 1347 1542 1458
f 961 1524 64
f 1027 693 198
f 1490 1524 982
f 432 1490 983
f 34 28 27
f 1543 799 615
f 1118 1001 250
f 998 40 997
f 1513 1491 1518
f 1421 1535 1544
f 1414 1541 1530
f 1545 7 418
f 11 440 1508
f 76 1537 74
f 1516 75 1520
f 1508 430 1546
f 1535 49 51
f 458 12 1547
f 112 1520 74
f 1533 80 428
f 415 1420 79
f 675 235 1548
f 1545 1549 7
f 1550 1551 1552
f 41 40 1553
f 1518 838 837
f 88 18 58
f 237 219 1554
f 1555 1505 4
f 1542 1354 1458
f 1556 1547 12
f 1540 792 579
f 24 68 1557
f 9 8 1551
f 1552 8 1549
f 1523 1558 1522
f 378 379 455
f 1262 362 1013
f 792 435 434
f 826 781 1310
f 1553 1503 1557
f 273 808 1476
f 974 63 1504
f 1559 1560 321
f 1064 1069 1561
f 1556 1546 1526
f 1371 1367 1366
f 1553 1009 1503
f 798 792 1540
f 253 325 468
f 677 1344 1465
f 86 1474 1562
f 44 43 1563
f 1309 615 1310
f 1555 29 31
f 1309 1543 615
f 52 67 1482
f 1366 519 683
f 1392 1391 1417
f 802 20 379
f 1558 1523 1409
f 578 1540 579
f 1536 76 1564
f 36 27 26
f 1353 1352 1491
f 942 798 1540
f 67 52 54
f 1390 1398 1391
f 1555 4 1565
f 1566 459 416
f 1427 1439 1406
f 1567 1050 1437
f 792 827 435
f 955 973 956
f 1551 8 1552
f 776 986 1055
f 235 1554 1548
f 1557 1503 24
f 1543 1309 1568
f 578 250 1001
f 1569 1516 1515
f 458 1547 26
f 797 595 792
f 849 1424 1406
f 506 448 941
f 1436 1347 1348
f 1010 1534 1011
f 1419 1418 1457
f 728 593 613
f 595 827 792
f 1352 1354 1542
f 19 410 418
f 1570 1568 1309
f 780 1310 781
f 1415 1422 1421
f 1412 1411 1286
f 1526 1525 1556
f 46 73 72
f 1571 1572 1077
f 1415 456 1416
f 204 71 205
f 1016 111 1537
f 22 922 21
f 1572 1571 1573
f 1501 1500 1503
f 1574 743 745
f 1575 1527 1538
f 1492 1464 1419
f 1356 1077 1572
f 1534 1551 1576
f 1537 111 74
f 742 1577 740
f 1037 1578 1014
f 1356 1572 1323
f 5 1501 1009
f 1528 956 973
f 1235 1573 1045
f 1573 1323 1572
f 1424 1404 1406
f 44 321 201
f 1575 1539 1528
f 1579 1573 1571
f 1323 1573 1235
f 41 1557 68
f 685 687 478
f 1522 529 506
f 386 946 983
f 1423 446 1421
f 1466 1463 1462
f 1350 1409 1351
f 1404 1398 1428
f 51 1544 1535
f 1580 1581 1536
f 782 1570 780
f 1560 782 1499
f 1352 1517 1491
f 1478 1506 1421
f 677 1465 1464
f 1069 1581 1561
f 777 1055 1140
f 829 824 952
f 475 1349 1519
f 1542 1436 1517
f 7 1549 8
f 1465 1344 1346
f 205 988 206
f 1430 960 1461
f 360 361 197
f 653 45 201
f 738 744 739
f 1452 873 872
f 1508 12 11
f 1423 627 446
f 564 478 359
f 897 551 1032
f 1140 781 826
f 1503 25 24
f 418 1582 1545
f 1583 1576 1550
f 381 903 14
f 844 838 1518
f 457 1011 1584
f 1517 1352 1542
f 1037 1014 546
f 1464 104 1425
f 474 529 1558
f 459 417 416
f 430 417 428
f 1477 1355 1488
f 1469 1463 1122
f 1011 6 5
f 31 1585 1586
f 1441 1431 1412
f 1424 850 1400
f 1400 1389 1399
f 429 80 1578
f 1509 59 23
f 1351 1355 1477
f 1500 1505 25
f 1386 1388 1384
f 1345 870 1238
f 1425 1419 1464
f 924 693 1026
f 941 448 549
f 1397 1453 1464
f 72 393 46
f 1554 235 237
f 1076 1518 1517
f 965 974 945
f 86 82 1474
f 1512 1522 941
f 1076 844 1518
f 401 50 49
f 1078 833 844
f 1564 1580 1536
f 212 211 500
f 435 826 433
f 1475 1408 935
f 1277 1458 1
f 1560 1570 782
f 1526 1546 1578
f 1559 1570 1560
f 1583 1584 1576
f 82 1463 1469
f 1544 1415 1421
f 1571 1587 1479
f 1415 1414 1422
f 781 1056 782
f 428 1588 1533
f 21 1420 415
f 447 446 627
f 1588 428 459
f 1538 390 1486
f 410 803 409
f 1010 40 998
f 787 793 1589
f 87 1521 1590
f 400 389 1585
f 1576 1011 1534
f 1584 1583 1591
f 418 392 1582
f 1508 1546 12
f 21 440 11
f 49 1507 1532
f 20 802 803
f 1297 1383 1384
f 82 1469 1474
f 1492 363 677
f 837 1513 1518
f 1452 1396 1467
f 1381 1417 1386
f 1497 1374 1373
f 1592 1488 1455
f 1405 1447 1426
f 31 30 50
f 1558 1409 1350
f 1539 1538 387
f 616 617 585
f 1477 1488 1592
f 603 561 587
f 1254 1345 1238
f 1493 935 1562
f 73 17 16
f 1523 1512 1483
f 1452 872 84
f 1467 1395 1345
f 1408 901 935
f 957 1593 1461
f 1558 529 1522
f 1571 1077 1587
f 1389 1388 1399
f 451 475 1519
f 774 771 793
f 1420 21 922
f 1123 1466 871
f 23 1515 1509
f 1592 1349 1477
f 132 1034 1419
f 1407 1502 1498
f 1457 363 1419
f 1344 677 870
f 1435 1594 1076
f 293 999 511
f 1190 1382 1242
f 1481 1595 1579
f 1042 1498 466
f 1102 1182 1122
f 1473 1562 1474
f 1459 1283 2
f 1562 94 86
f 1469 471 1493
f 1034 730 1457
f 1546 429 1578
f 1349 475 1350
f 25 1596 439
f 459 1566 1597
f 1505 1596 25
f 1573 1355 1045
f 954 955 956
f 1597 1566 1598
f 1412 1271 1433
f 1492 677 1464
f 935 94 1562
f 1445 718 1599
f 1600 1598 1601
f 971 56 55
f 1551 1550 1576
f 1533 1602 81
f 1521 922 22
f 72 28 33
f 75 74 1520
f 1602 1533 1603
f 1600 1603 1588
f 1604 1605 537
f 1604 538 1495
f 1606 61 81
f 418 7 19
f 960 376 375
f 1601 1605 1607
f 1461 1593 1608
f 1600 459 1597
f 1609 1604 1495
f 1601 1610 1611
f 1072 1612 853
f 388 1596 1505
f 1562 1473 1493
f 1604 1613 1605
f 1601 1611 1614
f 1600 1597 1598
f 1605 1613 1607
f 730 1357 1457
f 1609 1613 1604
f 1458 1354 1459
f 1377 1381 1382
f 1614 1615 1602
f 942 578 1001
f 1614 1611 1616
f 612 367 366
f 999 293 292
f 1603 1600 1601
f 4 6 1565
f 1495 1617 1609
f 20 42 455
f 585 302 680
f 625 1606 877
f 583 361 200
f 1505 1555 1586
f 1618 1619 1609
f 1620 1621 1622
f 1615 877 1606
f 877 1623 876
f 1624 1613 1619
f 78 1605 1598
f 581 461 1625
f 1626 1627 1616
f 673 672 1083
f 457 1584 1591
f 457 1591 456
f 390 66 1484
f 1064 1484 66
f 447 562 651
f 826 1310 433
f 605 561 603
f 518 689 519
f 1610 1628 1629
f 1607 1628 1610
f 1606 625 61
f 1615 1614 1627
f 1630 1626 1629
f 1612 719 853
f 1631 1628 1624
f 1619 717 1632
f 1633 1634 1623
f 1614 1616 1627
f 1613 1624 1628
f 717 716 1020
f 1020 1632 717
f 877 1635 1623
f 616 585 680
f 703 1429 694
f 703 694 686
f 1635 1626 1623
f 1309 780 1570
f 463 580 252
f 1636 1626 1630
f 979 967 423
f 1603 1533 1588
f 781 1140 1055
f 1630 1631 1621
f 1631 1632 1637
f 1632 1020 1637
f 1615 81 1602
f 1626 1616 1611
f 1623 1634 876
f 323 1468 324
f 1636 1630 1633
f 1625 1059 1083
f 1405 1426 1406
f 1627 1626 1635
f 1612 1072 1638
f 712 1637 1020
f 952 633 829
f 1633 1623 1636
f 1609 1619 1613
f 1626 1611 1610
f 1629 1631 1630
f 1601 1598 1605
f 1619 1632 1624
f 1623 1626 1636
f 1626 1610 1629
f 1639 1640 1634
f 459 1600 1588
f 366 1019 1640
f 711 720 1641
f 675 674 1031
f 837 1456 1513
f 1613 1628 1607
f 1621 1620 1633
f 1634 1633 1639
f 1620 1641 719
f 1193 783 1194
f 1637 1621 1631
f 366 1638 672
f 1641 712 711
f 1639 1633 1620
f 1621 1637 1622
f 1376 1370 1379
f 1634 1640 876
f 1072 1083 1638
f 1059 1625 461
f 1631 1624 1632
f 719 1641 720
f 672 1638 1083
f 1596 388 1485
f 1604 537 538
f 1615 1627 1635
f 1555 31 1586
f 1599 717 1618
f 1642 1639 1620
f 1639 366 1640
f 626 1360 624
f 82 84 1462
f 1612 1642 1620
f 42 20 997
f 1640 1019 876
f 1606 81 1615
f 537 1605 78
f 1603 1601 1614
f 26 28 73
f 1622 1641 1620
f 1642 1612 1638
f 1599 718 717
f 1517 1436 1076
f 232 715 342
f 302 585 355
f 1078 1356 1325
f 1360 626 1058
f 1617 1618 1609
f 80 429 428
f 79 1566 416
f 511 1000 1319
f 1503 1500 25
f 1614 1602 1603
f 1568 1570 1559
f 343 846 1643
f 1612 1620 719
f 1625 1083 1072
f 1644 1444 1530
f 1619 1618 717
f 1642 1638 1639
f 314 714 232
f 12 1546 1556
f 33 377 393
f 1586 389 1505
f 1561 1485 1484
f 581 1625 1072
f 1598 1566 78
f 1499 782 582
f 1297 1384 1267
f 712 1641 1622
f 458 16 10
f 1639 1638 366
f 1072 853 854
f 1622 1637 712
f 1354 1353 1459
f 1581 1062 1536
f 1594 1435 1434
f 1524 961 948
f 6 1011 457
f 1076 1078 844
f 1621 1633 1630
f 1610 1601 1607
f 364 363 1357
f 851 1446 1454
f 473 77 79
f 1615 1635 877
f 1629 1628 1631
f 868 908 954
f 1507 903 981
f 78 1566 79
f 1556 1525 1547
f 416 415 79
f 1645 1565 6
f 782 1056 582
f 388 387 1485
f 55 961 64
f 1507 14 903
f 1595 1646 1472
f 57 961 55
f 26 1547 37
f 981 891 956
f 802 48 46
f 439 1569 1515
f 1037 1036 1525
f 1450 1433 1283
f 1077 1594 1587
f 440 417 1508
f 1436 1542 1347
f 1077 1076 1594
f 1647 439 1596
f 1481 1480 1595
f 1479 1481 1571
f 456 1645 6
f 1595 1472 1579
f 1415 1544 30
f 1484 1064 1561
f 1590 11 10
f 1014 1578 60
f 400 399 1539
f 981 956 1532
f 1579 1571 1481
f 46 393 409
f 75 1516 1569
f 1579 1648 1649
f 40 1009 1553
f 1470 1472 1646
f 69 386 385
f 1409 1523 1483
f 1648 1579 1472
f 51 30 1544
f 1420 473 79
f 1522 506 941
f 1485 1561 1596
f 1558 1350 475
f 1647 1596 1561
f 1431 1441 1449
f 1387 1343 1295
f 1585 31 50
f 1283 1432 1278
f 1648 1472 1471
f 387 389 1539
f 1423 1422 1529
f 1501 5 4
f 1341 1489 1470
f 1387 1393 839
f 50 400 1585
f 1341 765 1489
f 380 13 726
f 1482 983 52
f 1584 1011 1576
f 29 1555 1565
f 948 982 1524
f 1569 1647 75
f 384 41 68
f 1384 1389 1385
f 1561 1580 1647
f 1475 1493 471
f 473 1420 161
f 387 1486 1485
f 400 1539 389
f 1526 1578 1037
f 1423 1529 627
f 431 1538 65
f 1565 1645 29
f 1521 22 1590
f 75 1647 1564
f 1499 202 321
f 80 61 1578
f 1486 387 1538
f 1414 1529 1422
f 1538 1539 1575
f 400 50 401
f 456 1415 30
f 418 410 393
f 537 78 77
f 1506 49 1535
f 55 64 971
f 1416 456 1591
f 1527 1575 1528
f 213 215 500
f 726 13 15
f 390 1484 1486
f 389 1586 1585
f 1564 76 75
f 1560 1499 321
f 1580 1564 1647
f 1573 1579 1649
f 30 29 1645
f 1453 104 1464
f 401 49 399
f 1648 1471 1488
f 61 60 1578
f 1374 1497 1380
f 1648 1488 1649
f 1455 1488 765
f 1580 1561 1581
f 410 19 803
f 1452 83 1453
f 1507 981 1532
f 1525 37 1547
f 1355 1041 1043
f 37 1525 1036
f 1009 40 1010
f 464 1475 465
f 1592 1519 1349
f 1650 1651 1652
f 1557 41 1553
f 1378 1382 1190
f 1653 1654 1650
f 1534 9 1551
f 1655 1656 1657
f 33 28 34
f 1519 1592 1455
f 1658 1651 1650
f 1659 1660 1661
f 1653 1662 1663
f 1452 1467 873
f 975 1302 1272
f 745 1650 1652
f 434 433 614
f 1650 1654 1658
f 1654 1653 1663
f 1577 1664 1665
f 740 1665 1487
f 745 1653 1650
f 1658 1654 1447
f 1654 1427 1426
f 409 802 46
f 1666 1663 1667
f 1666 1668 1438
f 1652 1574 745
f 1528 1532 956
f 49 1506 1507
f 48 802 379
f 625 62 61
f 1669 1670 1671
f 1672 1410 1431
f 1673 1447 1428
f 1671 950 949
f 1659 744 738
f 206 988 697
f 942 671 670
f 1069 1062 1581
f 456 30 1645
f 1444 1644 1004
f 73 46 17
f 1672 1666 1656
f 1355 1649 1488
f 373 58 378
f 949 975 1671
f 1617 1599 1618
f 475 474 1558
f 1617 1643 1599
f 1272 1286 975
f 745 744 1653
f 1673 1658 1447
f 1286 1669 975
f 1673 1390 1658
f 1665 1674 1487
f 1643 1617 1495
f 1494 754 713
f 1654 1426 1447
f 1664 1577 1593
f 647 754 600
f 950 1675 995
f 1676 957 995
f 1677 1678 1679
f 1659 1653 744
f 1411 1669 1286
f 713 343 1643
f 1673 1398 1390
f 846 1445 1643
f 1643 1494 713
f 1680 1675 950
f 1680 995 1675
f 1671 1670 950
f 1676 1674 1665
f 1665 740 1577
f 1670 1677 1680
f 1677 1670 1678
f 995 1674 1676
f 995 1680 1674
f 1655 1669 1411
f 1428 1398 1673
f 1449 1672 1431
f 1494 1643 1495
f 647 713 754
f 1655 1678 1670
f 1599 1643 1445
f 1664 1676 1665
f 1041 1351 1040
f 1670 1680 950
f 1411 1672 1655
f 1656 1655 1672
f 1674 1680 1681
f 1493 1475 935
f 1372 1377 1378
f 738 1681 1659
f 1654 1666 1427
f 1395 1346 1345
f 1590 10 87
f 1676 1664 1593
f 1655 1657 1682
f 1655 1670 1669
f 37 36 26
f 1683 1679 1678
f 1654 1663 1666
f 1662 1653 1661
f 954 894 868
f 52 983 946
f 1683 1678 1682
f 4 1505 1500
f 1667 1663 1662
f 1659 1661 1653
f 1683 1660 1679
f 10 16 18
f 1438 1427 1666
f 1661 1682 1657
f 1679 1660 1681
f 22 11 1590
f 1679 1680 1677
f 1679 1681 1680
f 18 87 10
f 1657 1684 1661
f 1487 1674 1681
f 975 1669 1671
f 1660 1659 1681
f 16 458 73
f 1676 1593 957
f 1667 1656 1666
f 1569 439 1647
f 1682 1661 1683
f 1662 1684 1667
f 415 440 21
f 1661 1660 1683
f 1682 1678 1655
f 1668 1666 1672
f 976 1302 975
f 1668 1672 1449
f 1662 1661 1684
f 1684 1657 1667
f 1656 1667 1657
f 1411 1410 1672
f 430 429 1546
f 1438 1668 1449
f 73 458 26
f 1681 738 1487
f 1649 1355 1573
f 393 72 33
f 1685 1686 1687
f 1568 1688 1689
f 1690 1691 1692
f 1693 1694 1695
f 1696 501 1697
f 1698 1699 1700
f 1690 1701 1702
f 1703 1704 1705
f 1706 1707 1708
f 1709 1710 1711
f 1712 1713 1714
f 1715 1716 1711
f 1717 1703 1705
f 1718 1719 1720
f 1721 1711 1710
f 1722 1723 1724
f 1725 1689 1726
f 1727 1728 1691
f 1727 1691 1690
f 1729 1730 1731
f 1732 1717 1695
f 1733 1734 1735
f 1736 1737 1738
f 1709 1711 1739
f 1716 1715 1740
f 1741 1543 1568
f 1742 1743 1744
f 1685 1745 1746
f 1747 1686 1748
f 1749 1750 1702
f 1728 1727 1751
f 1735 1752 1753
f 1750 1727 1690
f 1754 1736 1705
f 1703 1717 1755
f 1756 1717 1732
f 1757 1758 1759
f 1760 1761 1762
f 1763 1756 1764
f 1746 1745 1765
f 1725 1726 1751
f 1437 1766 1567
f 1689 1725 1741
f 1751 1742 1725
f 799 1543 1741
f 1707 1749 1702
f 1727 1750 1749
f 1763 1767 1768
f 1769 1770 1771
f 1767 1772 1773
f 1694 1732 1695
f 1774 1775 1709
f 1776 1777 1778
f 1779 1780 1781
f 1774 1709 1739
f 1740 1782 1716
f 1741 1725 799
f 1783 1749 1707
f 746 707 1784
f 1749 1751 1727
f 1773 1768 1767
f 1785 1776 1786
f 1787 1788 1789
f 1728 1726 1790
f 1756 1732 1764
f 1791 1697 501
f 1744 1792 1793
f 1725 1794 799
f 1749 1783 1751
f 1707 1706 1783
f 1782 1763 1795
f 1768 1795 1763
f 1687 1686 1796
f 1761 1797 1798
f 1761 1798 1762
f 1799 1778 1800
f 1801 1802 1803
f 1697 1791 1804
f 1805 1739 1806
f 1748 1686 1807
f 1716 1714 1808
f 1809 1810 1811
f 1812 1810 1809
f 1810 1813 1811
f 1814 1815 1812
f 1816 1817 1818
f 1819 1820 1821
f 1817 1822 1823
f 1824 1825 1826
f 1827 1828 1829
f 1828 1830 1829
f 1742 1831 1794
f 1832 1833 1830
f 1828 1827 1834
f 1835 1836 606
f 1700 1827 1837
f 1830 1833 1838
f 1827 1839 1834
f 1829 1837 1827
f 1700 1837 1698
f 1840 1841 1722
f 1838 1841 1842
f 1842 1830 1838
f 1724 1843 1722
f 1698 1837 1785
f 1830 1842 1829
f 1842 1844 1829
f 1845 1829 1844
f 1723 1846 1847
f 1848 1849 1850
f 1851 1783 1706
f 1722 1843 1840
f 1842 1852 1844
f 1853 1854 1844
f 1777 1776 1785
f 1855 1844 1852
f 1782 1856 1714
f 1784 707 1857
f 1786 1776 1778
f 1858 1859 1860
f 1861 1862 1863
f 1864 1865 1866
f 1867 1775 1858
f 1868 1869 1870
f 1871 1872 1873
f 1437 1874 1766
f 1764 1767 1763
f 1875 1563 1876
f 1688 1790 1689
f 1728 1790 1877
f 1777 1878 1778
f 1879 1880 1881
f 1805 1882 1774
f 1883 1884 1743
f 1793 1831 1742
f 1799 1885 1778
f 1886 1851 1706
f 1887 1794 1831
f 1548 1768 675
f 1736 1695 1705
f 1888 1889 1890
f 1891 1848 1892
f 1782 1740 1755
f 1711 1893 1715
f 1894 1731 1730
f 1884 1744 1743
f 1895 1896 1897
f 1724 1852 1843
f 1847 1846 1898
f 1899 1724 1847
f 1768 1548 1795
f 1806 1739 1716
f 1748 1779 1747
f 1714 1716 1782
f 1693 1695 1736
f 1900 1854 1853
f 1751 1743 1742
f 1805 1806 1901
f 1691 1728 1877
f 1902 1903 1904
f 1714 1713 1808
f 1756 1755 1717
f 1905 1906 1701
f 1831 1907 1908
f 1909 1704 1893
f 1884 1883 1910
f 1875 1688 321
f 1808 1806 1716
f 1895 1886 1911
f 1686 1747 1796
f 1897 1912 1913
f 1897 1863 1895
f 1729 1731 1914
f 1703 1893 1704
f 1915 1863 1913
f 1916 1688 1875
f 1742 1794 1725
f 1780 1917 1781
f 1855 1853 1844
f 1918 1919 1920
f 1554 1795 1548
f 1921 1922 1753
f 1851 1886 1923
f 1720 1771 771
f 1717 1705 1695
f 1924 1925 1926
f 1843 1852 1927
f 1928 1770 1769
f 1929 1930 1931
f 1754 1705 1704
f 43 1920 1563
f 1897 1913 1863
f 1932 1793 1792
f 219 1933 1554
f 1907 1793 1932
f 1690 1905 1701
f 1781 1890 1889
f 773 1887 1908
f 1908 1907 606
f 1934 1884 1910
f 1923 1895 1862
f 1923 1935 1851
f 1718 1936 1719
f 1722 1937 1723
f 1938 1939 1940
f 1713 1712 1941
f 1686 1746 1807
f 1942 1759 1924
f 1712 1933 219
f 1901 1808 1713
f 1909 1943 1788
f 1910 1944 1934
f 1935 1910 1851
f 1945 1946 1947
f 1935 1923 1862
f 709 1885 1799
f 1895 1911 1896
f 1703 1755 1740
f 1930 1929 1882
f 1930 1901 1941
f 1947 1946 1948
f 1905 1692 1949
f 1930 1941 1931
f 1856 1933 1712
f 1901 1713 1941
f 1950 1936 1951
f 1715 1703 1740
f 1952 1953 1836
f 1883 1783 1851
f 1856 1712 1714
f 1891 1687 1849
f 1954 1801 1803
f 1919 1877 1916
f 1891 1849 1848
f 1941 787 1589
f 1835 1792 1934
f 1927 1840 1843
f 1917 1807 1746
f 1719 1928 1769
f 1917 1746 1765
f 1739 1711 1716
f 1735 1734 1752
f 1955 1766 1765
f 1954 1956 1955
f 1753 1957 1921
f 1934 1944 1953
f 1944 1935 1958
f 1862 1958 1935
f 1831 1908 1887
f 1908 606 194
f 1883 1751 1783
f 1884 1792 1744
f 1959 1880 1960
f 1961 1936 1718
f 1933 1856 1795
f 1847 1724 1723
f 1891 1800 1685
f 1905 1949 1962
f 1769 1771 1720
f 1949 1963 1938
f 1964 1804 1953
f 1958 1953 1944
f 1835 1907 1932
f 1789 1788 1943
f 1965 1718 1720
f 1966 1708 1707
f 1692 1691 1877
f 1965 1964 1961
f 1758 1757 1967
f 1968 1969 1970
f 1703 1715 1893
f 1971 1972 1973
f 1832 1973 1972
f 1974 1975 1976
f 1977 1978 1979
f 1980 1972 1981
f 1839 1982 1834
f 1899 1847 1898
f 1729 1983 1984
f 1729 1984 1985
f 1977 1986 829
f 1971 1981 1972
f 1987 1982 1839
f 1986 1977 1979
f 1986 1988 749
f 1970 1832 1989
f 1988 1981 749
f 1982 1981 1971
f 1988 1976 1981
f 1990 1991 1960
f 1589 1992 1931
f 1834 1971 1828
f 1968 1975 1974
f 1981 1976 1980
f 1973 1828 1971
f 829 1986 749
f 1832 1828 1973
f 1993 1988 1979
f 1835 606 1907
f 1993 1979 1978
f 1989 1975 1968
f 1971 1834 1982
f 1989 1972 1975
f 1994 1995 1996
f 1807 1779 1748
f 1981 1987 749
f 1997 1833 1970
f 1989 1968 1970
f 1696 1720 499
f 1974 1976 1993
f 1934 1792 1884
f 1997 1970 1998
f 1589 1931 1941
f 1999 512 1319
f 1980 1976 1975
f 1987 1981 1982
f 1998 1970 1969
f 1718 1965 1961
f 1986 1979 1988
f 1974 1978 1968
f 1993 1976 1988
f 1989 1832 1972
f 1978 1974 1993
f 1975 1972 1980
f 1952 1836 1835
f 1842 1841 1840
f 1770 1589 793
f 608 606 1836
f 1697 1965 1696
f 1755 1756 1782
f 1781 2000 2001
f 1694 1764 1732
f 1887 799 1794
f 1900 1845 1854
f 1952 1835 1934
f 1782 1795 1856
f 1920 1876 1563
f 1789 1752 1787
f 1791 1836 1804
f 1805 1774 1739
f 1935 1944 1910
f 1791 608 1836
f 1894 2002 1731
f 321 44 1875
f 1840 1927 1842
f 1805 1930 1882
f 1934 1953 1952
f 773 799 1887
f 608 1791 501
f 1589 1770 1992
f 1919 1692 1877
f 1965 1697 1964
f 2003 2004 1962
f 1965 1720 1696
f 1953 1804 1836
f 1723 1937 532
f 2005 2006 2007
f 1736 2008 2009
f 1835 1932 1792
f 1006 1005 2010
f 1933 1795 1554
f 1845 1777 1785
f 2011 2012 2013
f 1888 2014 1889
f 1771 1770 793
f 1907 1831 1793
f 2015 1651 2016
f 1719 2017 1928
f 1857 1848 1850
f 1891 1685 1687
f 1901 1930 1805
f 2015 1652 1651
f 2018 2019 2020
f 1720 771 499
f 2015 2016 1574
f 773 1908 193
f 2021 1954 1803
f 1926 1942 1924
f 2022 1943 1710
f 1800 1891 1892
f 1863 1862 1895
f 2020 2023 2024
f 1721 1710 1943
f 1719 1936 1950
f 1904 1939 2025
f 2026 1574 2016
f 1743 1751 1883
f 1770 1928 2017
f 1852 1758 1967
f 1768 1773 1772
f 193 1908 194
f 1702 1750 1690
f 1895 1923 1886
f 1711 1721 1893
f 1720 1719 1769
f 2027 1964 2028
f 1731 2029 2030
f 1731 2030 1914
f 2014 1734 1733
f 1689 1790 1726
f 1850 2031 1857
f 1852 1899 1758
f 2032 2033 2034
f 2028 1953 1958
f 1726 1728 1751
f 1961 2027 1951
f 1845 1844 1854
f 1651 2035 2036
f 1888 2037 1787
f 2028 1958 1862
f 1756 1763 1782
f 1950 2017 1719
f 1702 1966 1707
f 1857 2031 1784
f 1964 1697 1804
f 1851 1910 1883
f 1652 2015 1574
f 1901 1806 1808
f 1876 1920 1919
f 1793 1742 1744
f 1837 1845 1785
f 1964 1953 2028
f 2038 1946 1731
f 1874 2000 1917
f 2039 1904 2025
f 2016 1651 2036
f 787 1941 1712
f 1568 1689 1741
f 2016 2036 2040
f 1964 2027 1961
f 771 1771 793
f 499 501 1696
f 1712 219 787
f 1916 1875 1876
f 1738 1737 2041
f 1938 1918 2025
f 2040 2026 2016
f 1936 1961 1951
f 2042 2032 2034
f 1772 676 1768
f 2000 1874 2043
f 2032 1006 2010
f 2044 2045 2024
f 2042 2043 2032
f 2046 2047 2007
f 1390 2035 1658
f 2043 2042 2000
f 2033 2010 2048
f 2049 2050 2051
f 1593 2013 2012
f 2010 2033 2032
f 2052 2053 1995
f 2054 2033 2048
f 2055 2056 2013
f 2057 2042 2034
f 2034 2046 2057
f 1736 1738 2008
f 2044 2058 2045
f 2026 2040 2059
f 2060 2011 2013
f 1874 1437 2043
f 2061 1912 1879
f 1990 2062 2063
f 2033 2054 2064
f 2034 2033 2064
f 2046 2006 2001
f 2035 2065 2036
f 2013 742 2055
f 1881 1880 1959
f 2066 2067 2031
f 2006 2046 2007
f 1890 2001 2006
f 1255 2068 1245
f 2069 1951 2027
f 2070 2044 2071
f 2072 2019 2045
f 2040 2073 2059
f 2045 2018 2024
f 2074 2075 2076
f 1658 2035 1651
f 2075 2074 2067
f 2077 2078 1200
f 1770 2079 2080
f 1821 2067 2074
f 2081 1213 1015
f 2078 2077 1998
f 2082 2035 1390
f 2083 856 746
f 2065 2073 2036
f 2078 2081 1015
f 1998 2077 1997
f 2078 1015 1200
f 1990 2063 1991
f 2071 2024 2023
f 2035 1822 2065
f 1969 2081 1998
f 2084 2085 2086
f 2078 1998 2081
f 1997 2087 1833
f 1178 2087 2077
f 2077 1200 1178
f 1937 2088 532
f 1838 1833 1841
f 2089 2088 1937
f 2090 1841 1833
f 2088 2090 2087
f 2087 2090 1833
f 1841 2090 2089
f 2073 2065 1822
f 2077 2087 1997
f 2088 1178 532
f 2089 2090 2088
f 2083 746 2091
f 2088 2087 1178
f 2092 2093 2047
f 2006 2005 2041
f 2093 2005 2007
f 2041 2037 1890
f 512 1846 532
f 2037 2041 1737
f 2092 2094 2008
f 1821 2091 2067
f 1738 2005 2008
f 2036 2073 2040
f 2085 1811 2095
f 1881 2096 2097
f 1693 1736 2009
f 2001 2000 2057
f 2005 2092 2008
f 1693 2009 2098
f 2098 2009 2099
f 2099 2100 2098
f 2101 2100 2099
f 2013 2056 2060
f 1694 2098 2102
f 2051 2100 2101
f 2043 1364 2032
f 2100 2050 2102
f 1694 2102 1764
f 2102 2050 2103
f 2103 1764 2102
f 2104 2105 2106
f 2049 2103 2050
f 1767 1764 2103
f 39 2049 32
f 2107 2049 39
f 1772 2103 2107
f 1767 2103 1772
f 991 2107 39
f 1772 2107 676
f 991 676 2107
f 1775 1774 1858
f 2108 2109 2110
f 2111 2112 2113
f 1768 676 675
f 1819 2114 2115
f 1006 2032 1364
f 2046 2001 2057
f 2114 1819 2074
f 2116 2117 1951
f 2047 2046 2034
f 1959 2096 1881
f 1859 1858 1774
f 2118 2119 2120
f 1872 1870 2121
f 2122 2123 2124
f 1913 1912 2061
f 2013 1593 1577
f 2125 2056 2055
f 2056 2125 2126
f 2056 2020 2060
f 1950 2127 2017
f 2126 2070 2056
f 2056 2070 2023
f 2128 2105 2104
f 2056 2023 2020
f 2024 2018 2020
f 2041 2005 1738
f 1994 1996 2129
f 2023 2070 2071
f 2071 2044 2024
f 2045 2019 2018
f 742 739 2130
f 2131 2091 1821
f 2132 2133 2083
f 2134 1915 2097
f 2135 2126 2125
f 2107 2103 2049
f 1913 2061 1915
f 2136 2137 2138
f 2121 2139 2097
f 2140 1873 1959
f 2085 2141 2086
f 2097 1879 1881
f 2142 2129 2143
f 2116 1951 2069
f 2144 2145 1873
f 2139 2134 2097
f 2121 2096 1872
f 2069 2027 2146
f 1846 1723 532
f 2098 2100 2102
f 2147 2039 1245
f 2147 1245 2148
f 2093 2092 2005
f 2009 2008 2149
f 2150 2151 2152
f 2063 2150 2153
f 2150 2154 2151
f 2150 2063 2062
f 2153 2150 2152
f 2150 2062 2155
f 2156 2154 2150
f 2153 1991 2063
f 2155 2062 2157
f 2000 2042 2057
f 2034 2064 2047
f 2041 1890 2006
f 2007 2047 2093
f 2100 2051 2050
f 1005 1004 2010
f 2043 1437 1364
f 1918 43 1245
f 1918 1245 2039
f 1693 2098 1694
f 2147 2158 2039
f 1957 2159 1921
f 2145 2124 2123
f 1004 2048 2010
f 2160 1960 1991
f 2008 2094 2149
f 2116 2134 2139
f 2129 1860 1994
f 1778 1885 1786
f 2161 1929 2162
f 1868 2163 1869
f 2140 1959 1960
f 2164 2086 2141
f 2017 2127 2079
f 2017 2079 1770
f 1873 1872 2096
f 2079 2127 2080
f 1873 2145 1871
f 2117 2116 2139
f 1995 2161 2162
f 1710 2110 2022
f 2116 2146 1861
f 2146 2027 2028
f 1994 1860 2161
f 1880 1990 1960
f 1872 1871 1870
f 2165 2166 2145
f 1882 2161 1859
f 1866 1770 2167
f 2144 1873 2140
f 2117 1870 1951
f 2164 2165 2086
f 2119 2168 2169
f 1866 1865 1931
f 1871 1868 1870
f 2108 1867 2109
f 2028 1862 1861
f 1858 1860 2170
f 2144 2124 2145
f 2163 1950 1869
f 1814 2084 2171
f 1861 1915 2134
f 1937 1722 2089
f 1898 1925 1758
f 1967 1855 1852
f 1845 1900 1777
f 1759 1758 1925
f 2089 1722 1841
f 1899 1852 1724
f 2037 1888 1890
f 2172 1855 1967
f 1855 2172 2021
f 1900 1878 1777
f 1853 2021 1900
f 1759 1925 1924
f 1898 1926 1925
f 1878 1900 2021
f 1926 1898 1999
f 1954 2021 2172
f 1757 1954 1967
f 1799 1892 1848
f 1802 1878 2021
f 1803 1802 2021
f 1800 1892 1799
f 1837 1829 1845
f 1567 1942 1926
f 1758 1899 1898
f 2122 2138 2123
f 1956 1954 1757
f 1050 1567 1926
f 2173 2174 1798
f 1942 1567 1956
f 2110 2109 2169
f 2123 2165 2145
f 1802 1801 1800
f 2169 2159 2110
f 1867 1858 2170
f 1766 1955 1956
f 1985 2174 2175
f 1687 2176 1849
f 1863 1915 1861
f 2097 1915 2061
f 1869 1951 1870
f 1745 1801 1955
f 2030 2177 1914
f 1846 512 1999
f 1745 1685 1801
f 1687 1796 2176
f 1879 2097 2061
f 2178 2179 2175
f 2179 1985 2175
f 1984 1760 1762
f 1984 1762 1985
f 1762 1798 1985
f 1745 1955 1765
f 1766 1874 1765
f 1868 1871 2166
f 1692 1905 1690
f 2177 1983 1729
f 2177 1729 1914
f 1730 1729 1985
f 1798 2174 1985
f 1746 1686 1685
f 1946 1945 2029
f 1946 2029 1731
f 1956 1759 1942
f 1894 1730 2179
f 2031 1850 2066
f 1902 2180 1948
f 1902 1948 1946
f 1801 1685 1800
f 2000 1781 1917
f 1902 1946 2038
f 1904 2181 2180
f 1904 2180 1902
f 1779 1807 1780
f 2148 1245 2068
f 1559 1688 1568
f 1688 1916 1790
f 1790 1916 1877
f 2002 2038 1731
f 2181 1904 2182
f 1874 1917 1765
f 1902 2038 1903
f 1943 1893 1721
f 2183 1530 1541
f 1903 2038 2002
f 1754 1704 1909
f 1922 1735 1753
f 1688 1559 321
f 1921 2104 2106
f 1730 1985 2179
f 1878 1800 1778
f 1943 1909 1893
f 1846 1999 1898
f 2182 1904 2184
f 2117 2121 1870
f 2165 2123 2138
f 1957 1943 2022
f 2164 2166 2165
f 2145 2166 1871
f 1873 2096 1959
f 1757 1759 1956
f 1737 1736 1754
f 1949 1692 1963
f 1919 1963 1692
f 2001 1890 1781
f 1943 1957 1789
f 1786 1699 1785
f 1737 1754 2037
f 2037 1754 1909
f 1906 1905 1962
f 2185 2183 1541
f 1919 1916 1876
f 2002 2186 2003
f 2187 2054 2048
f 2188 2149 2189
f 1644 1530 2183
f 1839 1827 1699
f 1827 1700 1699
f 1839 1699 1786
f 2190 2191 2192
f 2187 1644 2193
f 2037 1909 1788
f 1591 1541 1416
f 1918 1963 1919
f 1906 1962 2004
f 1644 2183 2193
f 2193 2054 2187
f 2194 1582 392
f 2187 1004 1644
f 2195 2196 2185
f 2183 2185 2196
f 2190 2197 2189
f 1954 2172 1967
f 2198 2047 2064
f 2198 2064 2199
f 2188 2099 2149
f 1852 1842 1927
f 2198 2092 2047
f 2199 2200 2198
f 1591 1583 2195
f 2195 1583 2196
f 2201 2199 2193
f 2195 1541 1591
f 1788 1787 2037
f 2101 2188 2194
f 2196 1583 2201
f 1918 1938 1963
f 1583 1550 2202
f 1940 1949 1938
f 2192 2202 1552
f 2094 2200 2203
f 2190 2192 1552
f 2189 2149 2203
f 1853 1855 2021
f 1962 1949 1940
f 1319 1050 1999
f 2203 2149 2094
f 2099 2009 2149
f 1875 44 1563
f 1698 1785 1699
f 1957 1753 1789
f 1545 2197 1549
f 2099 2188 2101
f 1050 1926 1999
f 2163 1868 2166
f 2164 2163 2166
f 2129 2142 1860
f 2084 1811 2085
f 2165 2204 2086
f 1867 2108 1775
f 2188 2189 2197
f 1747 1779 1733
f 2199 2064 2054
f 1920 43 1918
f 2171 2204 2138
f 2197 2194 2188
f 2163 2164 2141
f 2171 2138 2137
f 2086 2204 2084
f 2141 2127 2163
f 2136 2205 2137
f 2080 2127 2085
f 2171 2084 2204
f 1931 1865 2162
f 2171 2137 1815
f 1766 1956 1567
f 2201 1583 2202
f 2101 2194 2051
f 2191 2200 2199
f 1962 1940 2003
f 2194 382 2051
f 2048 1004 2187
f 2085 2127 2141
f 2206 2119 2118
f 2085 2095 2080
f 2080 2095 2167
f 1996 1995 2053
f 1857 707 709
f 1939 2003 1940
f 1770 2080 2167
f 1753 1752 1789
f 1860 1859 2161
f 1811 2084 1809
f 2207 2128 2206
f 2167 2095 2208
f 1809 1814 1812
f 2161 1882 1929
f 1864 2167 2208
f 32 2049 382
f 2095 1811 1813
f 1813 2208 2095
f 2146 2028 1861
f 1807 1917 1780
f 1815 2209 1812
f 1888 1787 2014
f 1815 1814 2171
f 2183 2196 2201
f 1955 1801 1954
f 1809 2084 1814
f 2069 2146 2116
f 2074 2076 2114
f 2121 2097 2096
f 2200 2092 2198
f 2210 1896 1911
f 2211 2212 2213
f 2214 2215 2216
f 2217 2218 2219
f 2210 2220 2213
f 2210 2213 1896
f 1708 2220 2221
f 2211 2213 2218
f 2222 1896 2213
f 2179 2214 1894
f 2223 2224 2225
f 2226 1897 1896
f 1879 1912 2157
f 2221 1911 1886
f 2210 1911 2221
f 2219 2227 2228
f 2229 2230 2231
f 2232 1897 2226
f 2212 2222 2213
f 1897 2232 1912
f 2220 2219 2218
f 2233 2220 1708
f 2234 2235 2212
f 2217 2236 2218
f 2237 1906 2004
f 2211 2218 2236
f 2238 2236 2239
f 1706 2221 1886
f 2222 2155 2232
f 2155 2222 2212
f 1708 1966 2233
f 1706 1708 2221
f 2232 2155 2157
f 2235 2155 2212
f 2234 2212 2240
f 2212 2211 2240
f 2229 2241 2230
f 2214 2002 1894
f 2233 2219 2220
f 1702 2225 1966
f 1879 2062 1990
f 2231 2215 2229
f 2233 2225 2219
f 2242 2240 2211
f 1966 2225 2233
f 2243 2225 2244
f 2244 2225 1702
f 1906 2244 1701
f 2227 2224 2215
f 2236 2217 2228
f 2227 2219 2224
f 2224 2219 2225
f 2155 2235 2150
f 2215 2245 2216
f 2225 2243 2223
f 2226 2222 2232
f 2228 2239 2236
f 2220 2218 2213
f 2240 2235 2234
f 2243 2244 2237
f 2219 2228 2217
f 2157 1912 2232
f 2236 2242 2211
f 2235 2240 2246
f 2242 2246 2240
f 2246 2150 2235
f 2236 2238 2242
f 2228 2227 2231
f 1701 2244 1702
f 2242 2238 2246
f 2150 2246 2156
f 2231 2230 2228
f 1879 2157 2062
f 2238 2239 2247
f 2228 2230 2239
f 2248 2216 2245
f 2215 2231 2227
f 2245 2223 2249
f 2249 2223 2243
f 2223 2245 2224
f 1896 2222 2226
f 2247 2156 2246
f 2247 2246 2238
f 2215 2224 2245
f 2250 2241 2178
f 2249 2243 2237
f 2251 2230 2241
f 2237 2244 1906
f 2215 2214 2229
f 2004 2249 2237
f 2248 2245 2249
f 2249 2004 2248
f 2251 2241 2250
f 2179 2229 2214
f 2216 2248 2252
f 2002 2214 2216
f 2186 2248 2004
f 2178 2241 2229
f 2002 2216 2252
f 2248 2186 2252
f 2178 2229 2179
f 2186 2002 2252
f 2220 2210 2221
f 2253 2254 2255
f 2256 2257 2258
f 2259 2020 2019
f 2260 2261 2262
f 2263 2060 2264
f 2019 2264 2259
f 2072 2265 2266
f 2259 2264 2060
f 2267 2268 2269
f 2270 2271 2272
f 2273 2261 2272
f 2274 2011 2268
f 2264 2072 2266
f 2268 2267 2274
f 2275 2256 2276
f 2115 2114 2277
f 2268 2263 2269
f 2268 2060 2263
f 2277 2278 2265
f 2207 2206 2255
f 2266 2263 2264
f 2020 2259 2060
f 2143 2129 2279
f 2261 2280 2272
f 2272 2271 2273
f 2281 2282 2283
f 2284 2266 2265
f 2270 2272 2285
f 2286 2287 2255
f 2277 2285 2280
f 2280 2260 2277
f 2282 2288 2283
f 2114 2285 2277
f 2289 2260 2262
f 2285 2272 2280
f 2129 1996 2290
f 2291 2292 2283
f 2266 2284 2269
f 2278 2289 2293
f 2268 2011 2060
f 1608 1593 2012
f 2256 2294 2276
f 2277 2265 2295
f 2076 2285 2114
f 2287 2296 2297
f 2298 2276 2299
f 2295 2072 2115
f 2289 2278 2260
f 2076 2270 2285
f 2277 2260 2278
f 2300 2301 2275
f 2269 2284 2278
f 2286 2255 2254
f 2076 2302 2270
f 2296 2257 2297
f 2303 2258 2292
f 2276 2300 2275
f 2278 2293 2269
f 2276 2271 2299
f 2304 2296 2287
f 2298 2300 2276
f 2280 2261 2260
f 2072 2264 2019
f 2270 2302 2299
f 2292 2273 2303
f 2295 2115 2277
f 2305 2290 2306
f 2307 2267 2269
f 2271 2270 2299
f 2265 2278 2284
f 2258 2303 2256
f 2303 2294 2256
f 2307 2269 2293
f 2269 2263 2266
f 2303 2273 2294
f 2306 2290 1996
f 2265 2072 2295
f 2292 2291 2273
f 2261 2291 2308
f 2296 2309 2257
f 2294 2271 2276
f 2261 2273 2291
f 2288 2308 2291
f 2294 2273 2271
f 2283 2292 2258
f 2283 2288 2291
f 2256 2275 2257
f 2275 2301 2257
f 2257 2301 2297
f 2258 2309 2283
f 2309 2258 2257
f 2310 2297 2301
f 2309 2311 2283
f 2311 2281 2283
f 2312 2297 2310
f 2309 2296 2311
f 2281 2311 2304
f 2304 2311 2296
f 2297 2312 2207
f 2304 2287 2313
f 2207 2287 2297
f 2287 2286 2313
f 2255 2287 2207
f 2253 2255 2206
f 2206 2118 2253
f 2254 2253 2314
f 2290 2279 2129
f 2315 2316 2058
f 1864 1866 2167
f 2208 2053 1864
f 1784 2031 2067
f 2317 1816 1818
f 2189 2203 2190
f 1864 2052 1865
f 2135 2112 2126
f 1990 1880 1879
f 2199 2201 2192
f 2318 2109 1867
f 2201 2202 2192
f 1864 2053 2052
f 1931 1992 1866
f 2194 2197 1582
f 1770 1866 1992
f 2053 2208 2306
f 1541 2195 2185
f 2306 1996 2053
f 2162 1865 2052
f 1828 1832 1830
f 1970 1833 1832
f 2052 1995 2162
f 2162 1929 1931
f 1950 2163 2127
f 1994 2161 1995
f 1752 2014 1787
f 1882 1859 1774
f 2039 2025 1918
f 2204 2165 2138
f 2170 1860 2142
f 2121 2117 2139
f 2318 1867 2170
f 2170 2120 2318
f 2108 1709 1775
f 2120 2119 2318
f 1709 2108 1710
f 2134 2116 1861
f 2318 2119 2109
f 2108 2110 1710
f 2022 2110 1957
f 1869 1950 1951
f 1939 1938 2025
f 2169 2109 2119
f 2119 2206 2168
f 2159 2169 2168
f 2159 1957 2110
f 2168 2104 2159
f 2128 2168 2206
f 2104 2168 2128
f 1921 2159 2104
f 2013 1577 742
f 2094 2092 2200
f 1821 2074 1819
f 1784 2067 2091
f 2073 1816 2059
f 739 743 2130
f 2186 2004 2003
f 2091 2131 2319
f 2320 1735 1922
f 1779 2014 1733
f 2076 2075 2302
f 2132 2083 1824
f 1734 2014 1752
f 2197 1545 1582
f 743 2135 2130
f 2319 2083 2091
f 1817 1816 2073
f 2315 2111 1816
f 2130 2055 742
f 2111 2070 2126
f 2130 2135 2125
f 2072 2045 1819
f 1824 2083 1825
f 1939 1904 1903
f 1857 1799 1848
f 2321 2112 2135
f 746 1784 2091
f 1816 2111 2113
f 2003 1939 1903
f 2305 1813 1810
f 2322 2323 2324
f 1818 2325 2317
f 2058 2111 2315
f 2326 2327 2293
f 2328 2329 2330
f 1800 1878 1802
f 2193 2183 2201
f 2113 2059 1816
f 2175 2331 2332
f 2316 2315 1825
f 2194 392 382
f 1822 1817 2073
f 2319 1825 2083
f 2262 2328 2326
f 2333 2334 2335
f 2135 743 2321
f 2131 2316 1825
f 1549 2190 1552
f 2003 1903 2002
f 2336 2337 2338
f 2339 2144 2340
f 2341 2342 2343
f 2344 2345 2124
f 2346 2347 2348
f 2317 1825 2315
f 2059 2113 2026
f 2173 2349 2174
f 2350 2351 2352
f 2353 2354 2352
f 2324 2355 2322
f 2044 2070 2111
f 2184 1904 2039
f 2184 2039 2158
f 2133 856 2083
f 2111 2058 2044
f 1820 1819 2045
f 2319 2131 1825
f 1823 1818 1817
f 2111 2126 2112
f 2113 2112 2321
f 2026 2321 1574
f 1820 2131 1821
f 2125 2055 2130
f 2356 2357 2358
f 2321 2026 2113
f 2072 1819 2115
f 2358 2314 2356
f 2316 2131 1820
f 2175 2174 2331
f 2316 2045 2058
f 2325 1825 2317
f 2067 2066 2075
f 2191 2190 2203
f 2316 1820 2045
f 1818 1823 2359
f 2325 1826 1825
f 2343 2254 2358
f 2360 2361 2122
f 2321 743 1574
f 2351 2350 2281
f 2362 2328 2308
f 2192 2191 2199
f 2352 2363 2353
f 2282 2281 2364
f 2106 2105 2310
f 2301 2300 2365
f 2106 2310 2365
f 2317 2315 1816
f 2310 2105 2312
f 2128 2312 2105
f 1735 2320 1733
f 2128 2207 2312
f 2365 2310 2301
f 2106 2366 1922
f 2366 2106 2365
f 2367 2299 2302
f 2368 2369 2370
f 2365 2300 2371
f 2371 2300 2372
f 1850 1849 2373
f 2367 2302 2075
f 2320 1922 2366
f 2373 2374 2375
f 2367 2075 2066
f 1850 2373 2066
f 2376 1733 2377
f 2378 1733 2320
f 2371 2372 2379
f 2371 2366 2365
f 1733 2378 2377
f 2298 2299 2367
f 2379 2372 2368
f 2367 2380 2381
f 2320 2366 2378
f 2370 2374 1796
f 2375 2369 2381
f 2190 1549 2197
f 2369 2372 2381
f 2298 2381 2372
f 1922 1921 2106
f 2380 2375 2381
f 2375 2380 2066
f 2373 2375 2066
f 2377 2378 2379
f 2376 2377 2368
f 1796 2376 2370
f 2381 2298 2367
f 1796 1747 2376
f 2370 2376 2368
f 2379 2366 2371
f 2372 2369 2368
f 1849 2176 2374
f 1849 2374 2373
f 2366 2379 2378
f 2368 2377 2379
f 1747 1733 2376
f 1796 2374 2176
f 2370 2375 2374
f 2066 2380 2367
f 2369 2375 2370
f 2298 2372 2300
f 1839 1786 1885
f 2382 1839 1885
f 2382 709 749
f 1885 709 2382
f 749 1987 2382
f 1839 2382 1987
f 2383 2384 1978
f 518 1468 688
f 518 324 1468
f 2384 1968 1978
f 808 2385 1476
f 2384 2383 2386
f 2387 1379 2388
f 808 1213 2385
f 2383 688 2386
f 1468 274 2386
f 2254 2343 2286
f 2389 2385 2081
f 1381 1379 2387
f 2390 2391 1497
f 2384 2386 2385
f 2389 2384 2385
f 2392 2390 1497
f 2389 1968 2384
f 2383 633 688
f 2082 1392 1417
f 1977 633 2383
f 1476 2385 2386
f 1969 1968 2389
f 1417 1381 2387
f 2383 1978 1977
f 2389 2081 1969
f 2341 2343 2358
f 688 1468 2386
f 2385 1213 2081
f 2388 2393 2387
f 633 1977 829
f 2386 274 1476
f 2328 2262 2308
f 2394 2351 2395
f 2394 2333 2396
f 2324 2397 2398
f 2082 1390 1392
f 2399 2400 2401
f 2394 2395 2342
f 2402 2403 2404
f 2288 2282 2364
f 2393 1417 2387
f 2082 1417 2393
f 2388 2405 2393
f 2338 2337 2404
f 2394 2342 2333
f 2398 2347 2346
f 2406 2160 1991
f 2407 2408 2409
f 2395 2281 2304
f 2178 2175 2332
f 1380 2388 1379
f 2351 2394 2410
f 1380 2405 2388
f 2136 2411 2205
f 2405 2391 2393
f 1380 1497 2405
f 2396 2333 2335
f 1815 2137 2209
f 1497 2391 2405
f 2391 2390 2412
f 2286 2343 2313
f 2324 2360 2397
f 2328 2362 2329
f 2413 2414 2132
f 2415 2359 2416
f 1073 2414 1139
f 2417 2418 2419
f 2412 1822 2035
f 1823 2416 2359
f 2333 2341 2357
f 2415 2420 1826
f 2122 2136 2138
f 2352 2354 2421
f 2392 1106 1129
f 2325 2359 1826
f 2422 1129 2418
f 2390 2423 2412
f 2364 2350 2421
f 2364 2421 2288
f 2419 2418 2413
f 2364 2281 2350
f 2358 2357 2341
f 2415 1826 2359
f 1823 2424 2423
f 2348 2425 2403
f 2347 2426 2348
f 2423 2422 2417
f 2427 2428 2346
f 2132 2420 2413
f 2392 2422 2390
f 2361 2324 2323
f 2417 2416 2423
f 1822 2424 1823
f 2352 2421 2350
f 2304 2313 2395
f 2355 2324 2398
f 1824 1826 2420
f 2419 2415 2417
f 2424 2412 2423
f 2348 2426 2429
f 1106 2392 1497
f 1129 2422 2392
f 2132 1824 2420
f 2426 2347 2397
f 2344 2124 2144
f 2430 1129 1128
f 2430 1139 2414
f 2345 2360 2122
f 2133 1073 856
f 2355 2431 2322
f 2288 2421 2308
f 2421 2432 2362
f 2413 1129 2430
f 2424 1822 2412
f 2051 382 2049
f 2362 2308 2421
f 2433 2160 2404
f 2351 2281 2395
f 2054 2193 2199
f 2393 2412 2035
f 2430 2414 2413
f 2431 2398 2428
f 2400 2434 2435
f 2398 2431 2355
f 2344 2360 2345
f 2344 2397 2360
f 2340 2425 2429
f 2397 2347 2398
f 2308 2262 2261
f 2339 2426 2344
f 2351 2410 2363
f 2344 2426 2397
f 2398 2346 2428
f 2289 2436 2326
f 2434 2346 2348
f 2346 2399 2427
f 2327 2326 2330
f 2326 2328 2330
f 2342 2395 2313
f 2289 2262 2436
f 2346 2434 2400
f 2262 2326 2436
f 2357 2334 2333
f 2426 2339 2429
f 2437 2427 2399
f 2324 2361 2360
f 2339 2340 2429
f 2408 2331 2349
f 2341 2333 2342
f 2339 2344 2144
f 2399 2346 2400
f 2434 2348 2403
f 2289 2326 2293
f 2327 2438 2293
f 2140 2340 2144
f 2401 2437 2399
f 2438 2307 2293
f 2140 1960 2340
f 2348 2429 2425
f 2332 2331 2408
f 2401 2400 2439
f 2439 2400 2435
f 2435 2434 2440
f 2363 2352 2351
f 1960 2160 2340
f 2402 2440 2434
f 2361 2323 2411
f 2435 2440 2439
f 2396 2363 2410
f 2433 2403 2425
f 2434 2403 2402
f 2425 2160 2433
f 2404 2403 2433
f 2361 2411 2122
f 2160 2406 2404
f 2337 2402 2404
f 2338 2404 2406
f 1991 2153 2406
f 2153 2152 2406
f 2254 2314 2358
f 2336 2338 2406
f 2411 2136 2122
f 2336 2406 2152
f 2151 2336 2152
f 2362 2330 2329
f 2208 1813 2306
f 2122 2124 2345
f 2313 2343 2342
f 2394 2396 2410
f 2178 2441 2250
f 2305 2306 1813
f 2178 2332 2441
f 2362 2432 2330
f 2340 2160 2425
f 2409 2408 2349
f 2331 2174 2349
f 2200 2191 2203
f 2325 1818 2359
f 2416 1823 2423
f 2133 2132 2414
f 1129 2413 2418
f 1799 1857 709
f 2418 2417 2422
f 2423 2390 2422
f 2419 2413 2420
f 2419 2420 2415
f 2393 2391 2412
f 2415 2416 2417
f 2393 2035 2082
f 1779 1889 2014
f 1139 2430 1128
f 2414 1073 2133
f 2202 1550 1552
f 1889 1779 1781
f 2442 1277 2443
f 2444 2445 2446
f 2447 2448 2449
f 337 1035 2450
f 2451 2452 2453
f 2454 2455 2456
f 2457 2458 2459
f 2460 2461 2462
f 1810 2463 2464
f 2465 2466 2467
f 319 318 2468
f 2469 2470 2471
f 2448 2472 2473
f 2474 2475 2476
f 2464 2305 1810
f 2477 2478 2479
f 2480 2353 2363
f 2481 750 2482
f 2474 2451 2483
f 2484 2485 2486
f 2477 2487 2488
f 2489 2490 2491
f 2461 2492 2493
f 2478 2494 2479
f 2495 2496 2497
f 181 2498 171
f 2499 2500 2501
f 2502 2503 2504
f 2505 2506 2507
f 2466 2465 2508
f 2509 2510 2511
f 2477 2512 230
f 2513 2447 2449
f 2514 2460 2446
f 2515 2516 2517
f 2518 2453 2519
f 2506 2520 2507
f 2521 2522 2523
f 663 2524 2525
f 2526 2527 2528
f 2529 2530 2480
f 2531 2209 2137
f 2505 2454 2456
f 2446 2462 2444
f 2509 2532 2533
f 2514 2446 2445
f 2534 2533 2535
f 2536 2537 2538
f 2539 2323 2322
f 2323 2539 2540
f 2541 2542 2472
f 2541 2504 2543
f 2544 2545 2353
f 2546 2547 2548
f 2549 2547 2550
f 2353 2545 2354
f 2551 2552 2553
f 2554 2545 2544
f 2555 2556 2557
f 2558 2559 2560
f 2515 2561 2562
f 2563 2330 2564
f 2565 2566 2560
f 2567 2568 2569
f 2554 2570 2545
f 2571 2500 2572
f 2528 2551 2573
f 2482 750 790
f 763 767 2574
f 2479 2494 2454
f 2575 2576 2530
f 2549 2550 2577
f 2546 2577 2550
f 2559 2354 2545
f 2578 2579 2580
f 2534 2535 2581
f 2482 2582 2583
f 2564 2584 2585
f 2586 2587 2588
f 2589 2570 2554
f 2590 2591 2539
f 2322 2431 2592
f 2567 2559 2545
f 2551 2553 2593
f 2498 2594 2595
f 2596 2597 2598
f 2568 2599 2600
f 2600 2471 2470
f 2601 2537 2536
f 2571 2602 2603
f 2604 2605 2546
f 2606 2607 2608
f 2609 2591 2548
f 2592 2596 2581
f 2479 2610 2487
f 2611 2612 2613
f 2614 2615 2616
f 2482 788 2582
f 2617 2599 2570
f 2618 2577 2546
f 2605 2618 2546
f 2575 2529 2480
f 2590 2605 2604
f 2619 2620 2525
f 2621 2509 2533
f 2574 2622 763
f 2495 2623 2624
f 2625 2626 2627
f 2583 2628 2481
f 2559 2558 2432
f 2629 2630 2621
f 2575 2530 2529
f 750 2481 2631
f 2612 2611 2608
f 2632 2579 2578
f 2592 2605 2590
f 2209 2633 2463
f 2527 2498 2634
f 2635 2636 2508
f 2637 2610 2444
f 2638 2606 2639
f 2480 2335 2575
f 2205 2411 2540
f 2640 2641 2267
f 2205 2642 2531
f 2453 2476 2643
f 2557 2644 2531
f 2645 2492 2488
f 2455 2454 2494
f 2314 2611 2613
f 2462 2493 2444
f 2597 2596 2431
f 2646 2647 2648
f 2451 2453 2518
f 2314 2253 2611
f 2649 2267 2641
f 766 2574 767
f 2650 2651 2652
f 2428 2597 2431
f 764 2582 788
f 2653 2253 2118
f 2574 766 2622
f 2622 2582 763
f 2642 2609 2654
f 2571 2655 2656
f 2632 2578 2657
f 2576 2575 2658
f 2560 2584 2558
f 2659 1480 1479
f 2660 2465 2467
f 2569 2565 2567
f 2444 2507 2445
f 2613 2356 2314
f 2639 2608 2611
f 2558 2584 2564
f 2661 2662 2663
f 2664 2665 2666
f 2667 2668 2575
f 2584 2566 2602
f 2669 2581 2596
f 2625 2670 2671
f 2630 2629 2672
f 2616 2615 2673
f 2590 2539 2592
f 2674 2675 2676
f 2274 2677 2012
f 2649 2641 2678
f 2611 2253 2653
f 2464 2463 2679
f 2680 2681 2682
f 2492 2645 2493
f 2571 2572 2683
f 2627 2551 2625
f 2684 2470 2469
f 2685 2686 1359
f 2687 2603 2565
f 1608 2677 2688
f 2689 2638 2639
f 2690 2523 2691
f 2566 2565 2603
f 2432 2421 2559
f 2692 2693 2694
f 2568 2470 2500
f 2633 2695 2696
f 2598 2427 2697
f 2686 2698 1359
f 2538 2699 2700
f 2629 2598 2697
f 2431 2596 2592
f 2617 2471 2600
f 2701 319 2468
f 2444 2610 2507
f 2614 2702 1480
f 2496 2485 2703
f 2602 2585 2584
f 2327 2563 2704
f 2672 2629 2697
f 2524 663 192
f 2705 2561 2517
f 2584 2560 2566
f 2706 2707 2708
f 2669 2629 2534
f 2602 2566 2603
f 2709 2702 2710
f 2704 2563 2585
f 2500 2499 2572
f 2438 2327 2704
f 2711 2712 2713
f 2534 2629 2533
f 2685 2714 2715
f 2605 2592 2581
f 2716 2717 2718
f 2719 2717 2720
f 2689 2142 2638
f 2522 2721 2722
f 2356 2723 2692
f 1587 2659 1479
f 1480 2659 2614
f 2724 2659 1594
f 2686 2725 2726
f 2607 2538 2537
f 2638 2142 2143
f 2719 2720 2727
f 2718 2717 2728
f 2729 2730 2731
f 2731 2732 2733
f 2659 1587 1594
f 2734 2722 2684
f 2638 2143 2699
f 2727 2585 2602
f 2735 2585 2727
f 2734 2691 2522
f 2684 2722 2501
f 2499 2501 2572
f 1358 2714 2685
f 2720 2717 2716
f 2731 2736 2732
f 2737 2738 2739
f 2532 2535 2533
f 2533 2629 2621
f 2732 2740 2741
f 2485 2742 2595
f 2720 2640 2735
f 2743 179 944
f 2722 2737 2572
f 2720 2735 2727
f 2714 1430 2744
f 2639 2606 2608
f 2720 2678 2641
f 2486 2595 2594
f 2640 2438 2735
f 2729 2523 2730
f 2745 2746 2725
f 2747 2726 2748
f 2532 2509 2511
f 2698 2726 2747
f 2685 1359 1358
f 2691 2734 2684
f 2486 2485 2595
f 2742 2634 2498
f 2749 2750 2553
f 2702 2616 2710
f 2640 2720 2641
f 1358 1430 2714
f 2751 2588 2587
f 2588 2694 2586
f 2752 2710 2616
f 2709 1646 1595
f 2710 2752 2753
f 2528 2552 2551
f 2754 2710 2753
f 2749 2755 2756
f 2757 2758 2656
f 1434 2724 1594
f 2716 2718 2714
f 2633 2209 2695
f 2699 2143 2279
f 2668 2694 2759
f 2540 2411 2323
f 2760 2749 2553
f 2567 2545 2570
f 2709 2754 1646
f 2753 1341 1470
f 2721 2522 2761
f 2654 2609 2548
f 2762 2755 2516
f 2444 2645 2637
f 2760 2705 2755
f 2553 2552 2760
f 2568 2687 2569
f 2749 2760 2755
f 2568 2567 2599
f 2763 2694 2588
f 2739 2764 2757
f 2760 2552 2528
f 2548 2591 2546
f 2573 2466 2508
f 2587 2693 2765
f 2766 2767 2765
f 2616 2673 2752
f 2634 2760 2528
f 2555 2654 2548
f 2705 2760 2634
f 2668 2658 2575
f 2705 2516 2755
f 2768 2769 2503
f 2503 2770 2771
f 2442 2772 2724
f 2737 2721 2738
f 2773 2707 2536
f 2640 2267 2307
f 2770 2774 2771
f 2600 2470 2568
f 2774 2770 2775
f 2450 2776 2769
f 2702 2614 2616
f 2460 2462 2446
f 2699 2279 2290
f 192 2635 2777
f 2745 2778 2680
f 2754 2709 2710
f 2678 2720 2716
f 2775 2770 2779
f 2768 2513 2450
f 2591 2590 2604
f 2780 2663 2781
f 2732 2741 2676
f 2782 2707 2679
f 2707 2773 2679
f 2747 1307 2698
f 2451 2474 2452
f 2783 2779 2780
f 2501 2470 2684
f 2438 2704 2735
f 2761 2729 2784
f 2307 2438 2640
f 2779 2770 2776
f 2521 2761 2522
f 2785 2780 2786
f 2778 2787 2757
f 2678 2716 2649
f 2788 2789 2790
f 2427 2598 2428
f 2791 2779 2776
f 2642 2591 2609
f 2779 2786 2780
f 2792 2793 2794
f 2795 2796 2579
f 2322 2592 2539
f 2797 2792 2789
f 2798 2799 2800
f 2779 2783 2775
f 2771 2801 2503
f 2802 2783 2780
f 2791 2785 2786
f 2769 2770 2503
f 2644 2695 2531
f 2604 2546 2591
f 2513 2768 2503
f 2802 2775 2783
f 2735 2704 2585
f 2786 2779 2791
f 912 2785 1023
f 2791 2450 1023
f 2776 2770 2769
f 2784 2733 2675
f 2683 2739 2655
f 2589 2471 2617
f 2803 2471 2589
f 2730 2804 2805
f 2806 2471 2803
f 912 2807 2785
f 2808 2806 2809
f 2810 2811 2803
f 2759 2812 2668
f 2714 2650 2716
f 1035 1024 2450
f 2778 2757 2680
f 2809 2806 2813
f 2814 2808 2809
f 2652 2267 2649
f 2791 2776 2450
f 1024 1023 2450
f 2523 2804 2730
f 2768 2450 2769
f 2807 913 751
f 2815 2816 2817
f 2785 2791 1023
f 2758 2728 2656
f 2807 912 913
f 2785 2663 2780
f 2502 2513 2503
f 2513 2502 2447
f 2761 2681 2738
f 2803 2589 2554
f 2500 2470 2501
f 2745 2674 2746
f 2816 2818 2817
f 2576 2658 2819
f 2817 2820 2812
f 2668 2820 2658
f 2821 2820 2817
f 2757 2764 2822
f 2740 2732 2736
f 1307 1359 2698
f 1496 1277 2442
f 376 1359 1307
f 2819 2821 2817
f 2823 2817 2812
f 1496 2724 1434
f 2523 2690 2804
f 795 1307 2747
f 2442 2724 1496
f 2471 2808 2824
f 2811 2810 2576
f 2736 2730 2805
f 2652 2649 2650
f 2812 2759 2823
f 2812 2820 2668
f 2772 2825 2659
f 2471 2824 2469
f 2443 2826 2825
f 2700 2699 2290
f 2753 2752 1341
f 2442 2443 2772
f 2772 2443 2825
f 2724 2772 2659
f 2739 2683 2572
f 2806 2811 2813
f 2826 2615 2825
f 2659 2825 2614
f 2813 2811 2819
f 2675 2682 2681
f 2822 2680 2757
f 2820 2821 2658
f 1810 1812 2463
f 2787 2715 2757
f 2746 2748 2725
f 2739 2572 2737
f 2810 2803 2554
f 2813 2817 2818
f 2732 2676 2675
f 2778 2745 2787
f 2658 2821 2819
f 2680 2822 2681
f 2576 2819 2811
f 2209 2463 1812
f 2803 2811 2806
f 2656 2602 2571
f 2471 2806 2808
f 2686 2685 2787
f 1480 2702 2709
f 2717 2719 2728
f 2813 2819 2817
f 2714 2744 2650
f 2817 2823 2815
f 2809 2813 2818
f 2745 2725 2787
f 2685 2715 2787
f 2700 2290 2773
f 2725 2686 2787
f 2682 2745 2680
f 2651 2744 2677
f 2744 2651 2650
f 2469 2691 2684
f 2688 1430 1461
f 796 795 2747
f 2827 2729 2731
f 2674 2676 2828
f 2675 2681 2784
f 2758 2715 2718
f 2829 2830 2746
f 2715 2714 2718
f 2827 2784 2729
f 2656 2739 2757
f 2738 2681 2822
f 2689 2653 2170
f 2602 2719 2727
f 2831 2832 2833
f 2728 2758 2718
f 2675 2733 2732
f 2764 2739 2738
f 2726 2725 2748
f 2773 2290 2305
f 2120 2653 2118
f 2683 2655 2571
f 2523 2729 2521
f 2572 2501 2722
f 2142 2689 2170
f 2726 2698 2686
f 2745 2682 2674
f 2120 2170 2653
f 2521 2729 2761
f 2722 2734 2522
f 2834 2830 2835
f 2687 2568 2500
f 2830 796 2747
f 2830 2747 2748
f 2721 2761 2738
f 2598 2597 2428
f 2836 2829 2746
f 2693 2692 2837
f 2012 2677 1608
f 2692 2357 2356
f 1514 2525 2620
f 2838 794 2834
f 2467 2626 2660
f 2834 796 2830
f 2607 2537 2839
f 1273 2826 2443
f 2840 2797 2789
f 2790 2841 2788
f 2536 2707 2601
f 2536 2538 2700
f 2541 2842 2502
f 2502 2842 2447
f 2843 2766 2839
f 2541 2543 2542
f 2844 2612 2607
f 2842 2448 2447
f 337 2450 2449
f 2579 2632 2795
f 2608 2607 2612
f 180 2449 2473
f 2782 2679 2633
f 2449 2448 2473
f 2484 2472 2542
f 2845 2472 2486
f 2797 2832 2846
f 2847 2829 2836
f 181 180 2473
f 2848 2668 2667
f 2846 2615 2826
f 2849 2515 2562
f 2473 2472 2845
f 2515 2849 2850
f 2473 2845 181
f 2569 2687 2565
f 2850 2648 2515
f 2762 2516 2515
f 2851 2846 2852
f 2541 2472 2842
f 2485 2484 2703
f 2516 2705 2517
f 2799 2853 2854
f 2838 2834 2855
f 2495 2562 2561
f 2856 2834 2835
f 1290 2857 2858
f 1291 990 1292
f 2856 2855 2834
f 2859 2694 2848
f 2624 2496 2495
f 189 179 2743
f 2464 2679 2773
f 1290 2860 2857
f 2472 2448 2842
f 2648 2647 2762
f 2561 2705 2623
f 2860 1290 1301
f 2742 2485 2496
f 2587 2861 2751
f 2498 2527 944
f 2622 2831 2862
f 2496 2624 2742
f 2632 2490 2863
f 2851 2852 2858
f 2784 2827 2733
f 1303 1292 2855
f 750 2631 751
f 2594 2498 181
f 2858 2864 1290
f 2330 2563 2327
f 2527 2743 944
f 2858 2852 2864
f 2865 2490 2661
f 1277 1273 2443
f 2646 2483 2647
f 2832 2615 2846
f 2860 2866 2857
f 2794 2800 2790
f 2858 2793 2851
f 1291 1289 2867
f 2868 2833 2869
f 1646 2754 1470
f 2673 2831 2622
f 2623 2705 2634
f 2451 2647 2483
f 2793 2858 2857
f 2869 2833 2840
f 2643 2476 2870
f 2860 1301 2866
f 2490 2632 2657
f 2866 1301 2798
f 2794 2790 2792
f 2634 2742 2623
f 2789 2792 2790
f 2798 1299 2853
f 2635 2743 2526
f 2636 2635 2526
f 2475 2870 2476
f 2743 2635 189
f 2526 2743 2527
f 2451 2518 2647
f 2855 2871 1303
f 2666 2872 2873
f 2874 1341 2752
f 2793 2797 2851
f 2873 2662 2657
f 2857 2794 2793
f 2508 2777 2635
f 2795 2875 2869
f 2496 2703 2497
f 2666 2873 2580
f 2518 2756 2647
f 2831 2673 2832
f 2866 2800 2794
f 2790 2800 2876
f 2876 2841 2790
f 2465 2877 2619
f 2527 2634 2528
f 192 2777 2524
f 2797 2840 2833
f 2878 2876 2799
f 2855 2856 2871
f 2800 2799 2876
f 2879 2756 2518
f 2793 2792 2797
f 2857 2866 2794
f 2854 2856 2880
f 2874 2752 2673
f 1282 1270 1002
f 2865 2628 2491
f 2749 2756 2879
f 2832 2797 2833
f 2665 2664 2796
f 2853 2871 2854
f 2881 2880 2856
f 2643 2882 2519
f 2881 2835 2847
f 2798 2853 2799
f 2831 2833 2868
f 1470 2754 2753
f 2856 2835 2881
f 2749 2879 2750
f 2853 1303 2871
f 2662 2883 2663
f 2482 2583 2481
f 2622 2874 2673
f 2862 2831 2868
f 2665 2884 2666
f 2524 2465 2619
f 2528 2573 2526
f 2885 2886 2796
f 766 1341 2874
f 2622 766 2874
f 2855 1292 990
f 1273 1275 2864
f 2840 2789 2887
f 2836 2674 2828
f 2878 2854 2880
f 2885 2869 2840
f 2524 2619 2525
f 2795 2869 2885
f 2885 2840 2887
f 2526 2508 2636
f 2888 2862 2868
f 2846 2864 2852
f 2888 2582 2862
f 2524 2777 2508
f 2795 2632 2875
f 2789 2788 2887
f 2886 2885 2887
f 2788 2886 2887
f 2505 2518 2519
f 2579 2796 2664
f 2841 2878 2889
f 1299 2798 1296
f 2873 2657 2578
f 2866 2798 2800
f 2788 2841 2886
f 2889 2886 2841
f 2796 2886 2665
f 2573 2508 2526
f 2518 2505 2879
f 2663 2883 2781
f 2505 2519 2506
f 230 2512 285
f 2709 1595 1480
f 2879 2505 2456
f 1303 2853 1299
f 2449 2450 2513
f 2846 1273 2864
f 2873 2872 2662
f 2579 2664 2580
f 2455 2553 2750
f 2481 2628 2631
f 2888 2491 2583
f 2507 2520 2445
f 2610 2454 2507
f 2589 2617 2570
f 2454 2505 2507
f 2594 2845 2486
f 2839 2766 2607
f 2455 2593 2553
f 2886 2889 2890
f 2455 2750 2456
f 2865 2661 2663
f 2520 2514 2445
f 2582 2622 2862
f 2495 2561 2623
f 2467 2466 2627
f 2580 2664 2666
f 2610 2479 2454
f 2891 2459 2892
f 2466 2551 2627
f 2626 2467 2627
f 2661 2657 2662
f 2662 2872 2883
f 2665 2890 2884
f 2593 2625 2551
f 2844 2607 2766
f 2490 2489 2863
f 2487 2610 2637
f 2880 2893 2878
f 2455 2625 2593
f 2479 2487 2477
f 2642 2540 2591
f 2722 2721 2737
f 2555 2557 2654
f 2480 2530 2576
f 2847 2894 2881
f 2494 2670 2455
f 2550 2547 2546
f 2536 2700 2773
f 2356 2613 2723
f 2632 2863 2875
f 2723 2613 2612
f 2487 2637 2488
f 2895 2601 2712
f 2836 2746 2674
f 2699 2538 2638
f 2305 2464 2773
f 2639 2611 2653
f 2782 2633 2708
f 2736 2731 2730
f 2843 2767 2766
f 2631 2865 2807
f 2694 2763 2759
f 2708 2633 2696
f 2615 2832 2673
f 2896 2897 2898
f 2899 2741 2900
f 2901 2902 2497
f 2740 2903 2904
f 2905 2906 2824
f 2907 2908 2909
f 2910 2911 2912
f 2913 2906 2914
f 2915 2916 2917
f 2918 2711 2713
f 2488 2637 2645
f 2741 2903 2900
f 2919 2920 2921
f 2849 2646 2850
f 2922 2923 2924
f 2690 2925 2926
f 2927 2924 2923
f 2921 2928 2919
f 2929 2930 2931
f 2932 2933 2934
f 2931 2930 2935
f 2902 2936 2562
f 2937 2520 2882
f 2938 2939 2940
f 2478 230 2494
f 2941 2942 2943
f 2919 2944 2920
f 2945 2946 2947
f 2948 2949 2950
f 2951 2696 2952
f 2953 2954 2955
f 2942 2956 2957
f 2958 2809 2959
f 2960 2556 2555
f 2477 2488 2512
f 2515 2648 2762
f 2961 2458 2962
f 2963 2964 2965
f 2904 2903 2741
f 2966 2967 2968
f 2969 2918 2970
f 2930 2929 2971
f 2972 2514 2937
f 2973 706 2974
f 2975 2976 2977
f 2977 2976 2978
f 2979 2980 2981
f 2765 2693 2766
f 2908 2982 2983
f 2975 2947 2946
f 2983 2984 2908
f 2979 2985 2980
f 2982 2986 2983
f 2987 2988 2989
f 2990 2989 2991
f 408 2992 2940
f 2993 2861 2994
f 2995 2944 2996
f 2555 2549 2960
f 2980 2985 2912
f 2997 2483 2956
f 2998 2999 2556
f 3000 2991 3001
f 3002 3003 3004
f 3005 2913 2691
f 3006 2763 3007
f 2816 3008 2959
f 3009 3010 2972
f 2939 3011 2940
f 2973 3012 705
f 3013 3006 3014
f 2494 230 2671
f 2828 3015 2894
f 3016 3017 3018
f 859 3019 3020
f 3021 3022 3023
f 3024 3025 3026
f 3027 3028 3029
f 3030 3031 3009
f 3025 3032 3033
f 2944 2995 2920
f 3034 3035 2934
f 3036 2701 2468
f 2990 3037 3038
f 3039 3040 3041
f 3042 3043 2994
f 3044 2960 3045
f 3046 2910 2985
f 2981 3041 2923
f 3047 3048 2916
f 2890 2665 2886
f 2916 3049 2971
f 2994 2767 3042
f 3050 3051 2926
f 2972 3052 2514
f 3053 3054 2975
f 3055 705 3012
f 3025 3024 3056
f 3057 3058 3059
f 3060 3026 3033
f 3061 3062 3063
f 3048 3012 2917
f 3064 3065 3013
f 2605 2581 2896
f 3000 3001 2771
f 2854 2878 2799
f 2802 2781 3066
f 3067 3018 3017
f 2488 2492 318
f 3068 2986 2982
f 2931 3069 3070
f 3071 2976 3072
f 2967 2966 3073
f 2475 2474 2941
f 3074 2643 2870
f 3075 3034 3076
f 2945 3077 2946
f 2897 3028 3078
f 3079 2802 3080
f 2993 3081 3082
f 2971 3049 3083
f 3056 3084 3085
f 3086 2985 2903
f 2461 2468 2492
f 2929 3047 2971
f 2977 3085 3053
f 3087 2511 2510
f 3065 3064 2982
f 3088 3089 3090
f 3091 3079 3080
f 3048 3055 3012
f 2982 3092 3093
f 3094 3064 3014
f 3077 3072 2946
f 2503 2801 2504
f 2549 3095 3045
f 2925 3022 3076
f 2913 2914 2925
f 2995 3096 2920
f 3097 3098 3050
f 3099 2945 2947
f 3090 3089 2926
f 3048 3047 3100
f 3041 3101 2923
f 3091 2890 2889
f 3102 3103 3104
f 3105 2956 3038
f 3106 2936 3107
f 3076 3003 3075
f 3003 3002 3075
f 2797 2846 2851
f 2802 3066 3080
f 2878 2893 2889
f 2980 2911 3039
f 2921 2945 3099
f 2823 3008 2815
f 2484 2542 2543
f 2898 2897 3078
f 2719 2656 2728
f 2679 2463 2633
f 2882 2520 2506
f 3108 3109 3110
f 2941 2943 3057
f 2950 3086 3097
f 2884 2890 3080
f 2520 2937 2514
f 2663 2807 2865
f 2921 3099 2928
f 2626 2625 2671
f 3023 2968 2967
f 351 3104 3111
f 2739 2656 2655
f 2991 3000 3101
f 2771 2924 2927
f 3112 2894 3015
f 2480 2554 2544
f 2951 2935 2970
f 3113 3114 3115
f 2559 2567 2565
f 2601 2895 2537
f 2915 2963 3116
f 2926 3051 2804
f 2784 2681 2761
f 3053 3117 3054
f 2771 2802 2924
f 2719 2602 2656
f 2564 2330 2432
f 2723 2612 2844
f 2920 3118 3020
f 2807 751 2631
f 3119 3120 3004
f 2926 2925 3090
f 3020 2921 2920
f 3035 3120 3063
f 2638 2538 2606
f 2708 2713 2706
f 2951 2970 2713
f 3082 3121 3094
f 2844 2766 2837
f 3122 2911 3123
f 2696 2644 2952
f 2946 3072 2976
f 2576 2810 2480
f 2736 2805 2740
f 3020 3118 929
f 2644 2696 2695
f 3124 3067 3102
f 2883 3066 2781
f 3119 3004 3125
f 2994 2861 2765
f 3126 2849 3127
f 2707 2706 2601
f 2543 2504 3128
f 2809 2958 2814
f 3125 3129 3119
f 3068 2965 2986
f 2780 2781 2802
f 351 350 3104
f 2912 2911 2980
f 3109 3083 3110
f 3130 2952 2644
f 3037 3040 3131
f 1461 1608 2688
f 2432 2558 2564
f 3019 859 812
f 3110 3083 3049
f 3132 3063 3062
f 3071 2978 2976
f 2935 2930 3133
f 2939 3036 3134
f 3061 3120 3119
f 2882 3030 2937
f 3134 2460 3135
f 3130 2644 2556
f 3130 2935 2952
f 3077 3020 3019
f 2334 2357 2848
f 2480 2544 2353
f 3116 3049 2915
f 2462 2461 2493
f 3032 2511 3033
f 2587 2765 2861
f 3046 3086 2950
f 859 3020 929
f 2694 2859 2692
f 2274 2652 2651
f 2969 3136 3109
f 2508 2465 2524
f 2915 3049 2916
f 2981 2923 2922
f 2396 2480 2363
f 3131 3137 3105
f 3088 3090 3076
f 2677 2274 2651
f 3016 3018 3124
f 2653 2689 2639
f 3096 2995 2996
f 2963 2915 2917
f 3138 2504 2801
f 3077 2945 2921
f 2848 2357 2859
f 2555 2548 2547
f 2966 2814 2958
f 2825 2615 2614
f 3050 2926 3089
f 2674 2682 2675
f 2907 3010 2953
f 2571 2603 2687
f 2902 2562 2495
f 2847 2836 2894
f 3066 2883 2872
f 2644 2557 2556
f 3093 3116 2963
f 2988 3139 2991
f 3121 3082 3108
f 2967 3140 3021
f 2744 1430 2688
f 3108 3141 3121
f 2967 3021 3023
f 3081 2994 3043
f 2716 2650 2649
f 2901 2497 2484
f 2599 2617 2600
f 2894 3112 2881
f 2856 2854 2871
f 2988 3138 3139
f 3046 3059 2910
f 3116 3093 3092
f 2921 3020 3077
f 2900 2903 3142
f 2480 2810 2554
f 2458 3111 3103
f 2976 2975 2946
f 2889 2893 3091
f 3091 3112 3143
f 2567 2570 2599
f 3144 3145 2933
f 2985 3142 2903
f 2500 2571 2687
f 2977 3053 2975
f 3059 2932 3057
f 3047 3146 3100
f 3019 3072 3077
f 2668 2848 2694
f 2953 3013 2907
f 2827 2731 2733
f 2814 2905 2824
f 3147 2956 3148
f 2715 2758 2757
f 3071 3072 3019
f 3084 3053 3085
f 3084 3117 3053
f 3028 3056 3029
f 2823 3125 3008
f 2646 2648 2850
f 3071 3019 2892
f 2892 3019 812
f 3084 3087 3117
f 2661 2490 2657
f 2875 2863 2888
f 706 315 2974
f 3007 2751 3149
f 2981 2922 2979
f 2978 3085 2977
f 3084 3056 3024
f 3148 2483 2646
f 2910 3058 2911
f 2892 812 3150
f 3151 3152 3045
f 3087 3084 3060
f 3056 3085 3029
f 3085 2978 3029
f 3040 2911 3122
f 3084 3024 3060
f 3133 3136 2969
f 3006 2954 3125
f 2805 3051 3098
f 2523 2522 2691
f 3035 3063 2934
f 2459 3071 2892
f 2844 2837 2723
f 3124 3018 3067
f 3060 3033 3087
f 3040 3137 3131
f 3071 2459 2978
f 3028 3025 3056
f 3024 3026 3060
f 2961 3029 2978
f 2334 2848 2335
f 2511 3087 3033
f 3033 3026 3025
f 2357 2692 2859
f 2562 2936 2849
f 2766 2693 2837
f 2961 2978 2459
f 3007 2588 2751
f 2959 2809 2818
f 3029 2961 3027
f 3028 2897 3025
f 2511 3032 2532
f 3028 3027 3078
f 2531 2695 2209
f 2897 3032 3025
f 2712 2601 2706
f 2961 2962 3027
f 3067 3103 3102
f 3112 2893 2881
f 3032 2897 2532
f 3078 3027 2898
f 2628 2865 2631
f 3089 3153 3050
f 2738 2822 2764
f 2535 2532 2897
f 3073 2966 2958
f 3082 3081 3154
f 2814 2966 2905
f 2898 3027 3155
f 3155 3027 3156
f 3156 3027 2962
f 3112 3091 2893
f 351 3111 411
f 2898 2618 2896
f 3157 2903 2740
f 2897 2896 2535
f 3158 3155 3156
f 2489 2491 2888
f 3049 3092 3141
f 2605 2896 2618
f 2581 2535 2896
f 3111 2458 411
f 3095 2898 3155
f 2961 2459 2458
f 2598 2669 2596
f 3013 2953 2955
f 2515 2517 2561
f 990 2838 2855
f 2458 3103 2962
f 2458 2457 411
f 2991 3101 3041
f 963 794 2838
f 2577 2618 2898
f 3038 3126 2990
f 3095 2577 2898
f 2421 2354 2559
f 2335 2848 2667
f 2469 2906 3005
f 2774 2775 2771
f 3155 3158 3151
f 963 2838 990
f 2943 3123 3058
f 3156 2962 3158
f 2474 2476 2452
f 3074 2475 3062
f 3159 2933 2932
f 3095 3155 3151
f 2490 2865 2491
f 2891 2457 2459
f 3158 2962 3067
f 2962 3103 3067
f 2453 2643 2519
f 602 2891 3150
f 2771 3001 2801
f 3138 3128 2504
f 2913 2925 2690
f 2543 2901 2484
f 2986 2965 3011
f 3067 3017 3158
f 3023 3022 2925
f 3133 2930 3136
f 2549 2577 3095
f 3151 3045 3095
f 3080 2890 3091
f 3151 3158 3017
f 2969 3043 3042
f 3111 3104 3103
f 2801 3001 3139
f 3152 3151 3017
f 2960 2549 3045
f 2867 1289 1282
f 3105 3038 3131
f 2872 2884 3080
f 3017 3016 3152
f 2872 2666 2884
f 3045 3152 3044
f 2771 2775 2802
f 2902 2901 2543
f 2910 2912 2985
f 3124 3102 3100
f 3044 3152 3016
f 3124 3146 3016
f 3079 3091 3143
f 2671 229 2626
f 3146 3124 3100
f 2924 2802 3079
f 2922 3142 2979
f 3044 3016 3160
f 2927 3000 2771
f 3146 3160 3016
f 3100 3102 705
f 3104 705 3102
f 318 727 2488
f 2543 3128 2987
f 2647 2755 2762
f 2987 2902 2543
f 2998 3044 3160
f 3044 2556 2960
f 3160 3146 2929
f 3143 3112 3114
f 2846 2826 1273
f 3035 3002 3120
f 705 3055 3100
f 705 3104 350
f 2902 2495 2497
f 3138 2988 2987
f 2998 3160 3070
f 2836 2828 2894
f 3107 2902 2987
f 3146 3047 2929
f 2932 3059 3159
f 2457 2891 602
f 3074 3030 2643
f 3129 3031 3119
f 2556 3044 2998
f 3160 2929 3070
f 2987 3128 3138
f 2999 2998 3070
f 3114 3015 3115
f 3015 2828 3115
f 346 319 2701
f 3079 3143 2924
f 3048 3100 3055
f 2137 2205 2531
f 2497 2703 2484
f 2991 2989 2988
f 2971 3047 2916
f 3150 2891 2892
f 2556 2999 3069
f 2929 2931 3070
f 3075 3035 3034
f 3069 2999 3070
f 3002 3035 3075
f 3012 2973 2964
f 705 706 2973
f 2959 2818 2816
f 2742 2498 2595
f 2916 3048 2917
f 3107 2936 2902
f 3069 3130 2556
f 3063 3132 2934
f 2917 3012 2964
f 3069 2935 3130
f 3136 2930 2971
f 3098 2740 2805
f 3150 486 602
f 2932 3132 3057
f 2964 2973 2965
f 3098 3051 3050
f 3000 2927 3101
f 2899 3115 2828
f 2923 3101 2927
f 2935 3069 2931
f 2847 2835 2829
f 2971 3083 3136
f 3040 2991 3041
f 2867 1002 996
f 3135 2909 2908
f 3161 2973 2974
f 2274 2012 2011
f 487 3150 812
f 2964 2963 2917
f 2974 2940 3161
f 2911 3058 3123
f 2588 3007 2763
f 2671 2670 2494
f 2538 2607 2606
f 3109 3136 3083
f 2466 2573 2551
f 2565 2560 2559
f 2585 2563 2564
f 3161 2940 3011
f 2587 2586 2693
f 2963 2965 3093
f 1282 1002 2867
f 2940 2974 408
f 2830 2829 2835
f 2951 2952 2935
f 2785 2807 2663
f 2878 2841 2876
f 2970 2935 3133
f 3161 3011 2973
f 2506 2519 2882
f 2965 2973 3011
f 2965 3068 3093
f 229 2465 2660
f 2951 2713 2696
f 3110 3049 3141
f 2970 3133 2969
f 2706 2713 2712
f 2828 2676 2899
f 2845 2594 181
f 486 3150 487
f 2557 2531 2642
f 3144 3088 3145
f 2868 2869 2875
f 2997 2942 2941
f 2696 2713 2708
f 3108 3110 3141
f 2940 2992 2701
f 1290 2864 1275
f 3011 2939 2986
f 2922 3143 3114
f 3068 2982 3093
f 2849 2936 3127
f 2992 408 394
f 3092 3049 3116
f 3097 3086 3157
f 2750 2879 2456
f 2969 3109 3043
f 3043 3109 3108
f 2267 2652 2274
f 3132 2932 2934
f 3088 3034 3145
f 2938 2940 2701
f 2992 394 346
f 3107 2987 2989
f 2472 2484 2486
f 3132 3062 2941
f 2628 2583 2491
f 2713 2970 2918
f 2899 2676 2741
f 3006 2955 2954
f 3046 3159 3059
f 3042 2918 2969
f 3043 3108 3154
f 3092 3121 3141
f 3115 2899 3113
f 3106 3107 2989
f 2899 2900 3113
f 2939 2938 3036
f 1514 663 2525
f 3113 3142 3114
f 2986 2939 2984
f 2983 2986 2984
f 346 2701 2992
f 3154 3081 3043
f 2635 190 189
f 2701 3036 2938
f 2877 1514 2620
f 3134 2984 2939
f 2982 3121 3092
f 996 1291 2867
f 2575 2335 2667
f 3042 2711 2918
f 3108 3082 3154
f 2936 3106 3127
f 2937 3009 2972
f 1301 1296 2798
f 2635 192 190
f 2512 2488 727
f 2990 3106 2989
f 3121 2982 3064
f 2908 3065 2982
f 2801 3139 3138
f 229 2660 2626
f 1531 2465 229
f 3082 3094 2993
f 3037 2990 2991
f 3135 2908 2984
f 2968 2914 2905
f 3065 2908 2907
f 2895 2711 2767
f 2465 1531 2877
f 2712 2711 2895
f 3042 2767 2711
f 2746 2830 2748
f 3081 2993 2994
f 3064 3094 3121
f 2540 2539 2591
f 944 171 2498
f 2581 2669 2534
f 2993 3094 3149
f 3094 3014 3149
f 2692 2723 2837
f 2461 3036 2468
f 3134 3036 2461
f 3135 2984 3134
f 3041 2981 3039
f 2677 2744 2688
f 3114 3142 2922
f 2843 2895 2767
f 230 229 2671
f 2654 2557 2642
f 2968 2925 2914
f 2751 2993 3149
f 2461 2460 3134
f 3065 2907 3013
f 3010 2907 2909
f 411 2457 602
f 2994 2765 2767
f 1531 1514 2877
f 2578 2580 2873
f 2453 2452 2476
f 2861 2993 2751
f 3014 3064 3013
f 3135 3052 2909
f 315 408 2974
f 2493 2645 2444
f 796 2834 794
f 2909 3052 3010
f 2906 2905 2914
f 3052 3135 2460
f 3052 2972 3010
f 3014 3007 3149
f 2872 3080 3066
f 3052 2460 2514
f 3112 3015 3114
f 3013 2955 3006
f 3007 3014 3006
f 2863 2489 2888
f 3157 2740 3098
f 3010 3031 2953
f 3010 3009 3031
f 3106 2990 3127
f 2756 2755 2647
f 3132 2941 3057
f 180 337 2449
f 763 2582 764
f 2954 2953 3129
f 3129 2953 3031
f 3126 3127 2990
f 230 2478 2477
f 3006 2759 2763
f 2823 2759 3006
f 3119 3031 3162
f 3031 3030 3162
f 2954 3129 3125
f 2906 2469 2824
f 3125 2823 3006
f 3061 3119 3162
f 2796 2795 2885
f 3162 3030 3074
f 2937 3030 3009
f 3074 3061 3162
f 2492 2468 318
f 3004 3008 3125
f 3120 3061 3063
f 3030 2882 2643
f 3003 3008 3004
f 3004 3120 3002
f 2875 2888 2868
f 3003 3140 3008
f 3061 3074 3062
f 2870 2475 3074
f 2669 2598 2629
f 3008 2816 2815
f 2981 2980 3039
f 2502 2504 2541
f 3073 3008 3140
f 2475 2941 3062
f 3008 3073 2959
f 3073 3140 2967
f 2911 3040 3039
f 3003 3021 3140
f 2620 2619 2877
f 3022 3021 3003
f 2934 3145 3034
f 2933 3145 2934
f 2958 2959 3073
f 3003 3076 3022
f 3086 2903 3157
f 3037 3131 3038
f 2474 2997 2941
f 3034 3088 3076
f 3159 3144 2933
f 2925 2968 3023
f 3076 3090 2925
f 3153 3144 3159
f 3153 3159 2948
f 285 2512 727
f 3058 3057 2943
f 3144 3089 3088
f 2741 2740 2904
f 3059 3058 2910
f 3089 3144 3153
f 2335 2480 2396
f 2624 2623 2742
f 2474 2483 2997
f 2997 2956 2942
f 3123 2943 2942
f 2880 2881 2893
f 2905 2966 2968
f 1291 996 990
f 2642 2205 2540
f 2924 3143 2922
f 2582 2888 2583
f 2948 3159 2949
f 2482 790 788
f 2824 2808 2814
f 3159 3046 2949
f 3123 2942 2957
f 2950 2949 3046
f 2693 2586 2694
f 2843 2537 2895
f 2483 3148 2956
f 3139 3001 2991
f 2547 2549 2555
f 2957 3122 3123
f 3153 2948 3097
f 2537 2843 2839
f 3097 2948 2950
f 2455 2670 2625
f 3153 3097 3050
f 2956 3105 2957
f 2957 3137 3122
f 2906 2913 3005
f 2926 2804 2690
f 2690 2691 2913
f 3086 3046 2985
f 3126 3148 2849
f 3038 2956 3147
f 3037 2991 3040
f 3137 2957 3105
f 3142 2985 2979
f 3051 2805 2804
f 3147 3148 3126
f 3147 3126 3038
f 3137 3040 3122
f 3005 2691 2469
f 3142 3113 2900
f 3097 3157 3098
f 2782 2708 2707
f 2646 2849 3148
f 3163 3164 3165
f 3166 3167 3168
f 3169 3170 3171
f 2337 2336 3172
f 3173 3174 3175
f 3176 3177 3178
f 3174 3179 3175
f 3180 3181 3182
f 3183 3184 3185
f 3186 3187 3188
f 3172 2336 3189
f 3171 3190 2337
f 3191 3192 3178
f 3193 3194 3195
f 3196 3172 3197
f 3169 3198 3170
f 3199 2154 3200
f 3183 3185 3201
f 3198 3169 3196
f 3202 3175 3203
f 3204 3205 3206
f 3193 3198 3194
f 3168 3207 3166
f 3208 3209 3210
f 3211 3209 3208
f 3185 3212 3201
f 3198 3196 3213
f 3196 3164 3213
f 3214 3215 3216
f 3197 3189 3217
f 3218 3219 3220
f 3221 2975 3054
f 3222 3223 3224
f 3222 3224 3225
f 3226 3227 3228
f 3229 3230 3231
f 3232 3194 3198
f 3233 3234 3235
f 3236 3192 3237
f 3238 3239 3191
f 3240 3187 2408
f 3241 3199 3242
f 3243 3244 3245
f 3246 3206 3247
f 3248 2151 3241
f 3216 3249 3250
f 3212 3203 3201
f 3251 3195 3252
f 3253 3254 3202
f 3255 3256 3257
f 3258 3238 3259
f 3232 3252 3195
f 3260 3261 3262
f 3263 3264 3265
f 3266 3267 3268
f 3235 3269 3233
f 3270 3271 3272
f 3251 3273 3274
f 3275 3276 3210
f 3277 3278 3279
f 3197 3280 3164
f 3220 3281 3246
f 3282 3188 3283
f 3232 3213 3284
f 3261 3269 3285
f 3197 3241 3280
f 3245 3215 3243
f 3286 3287 3236
f 3288 3289 3290
f 3291 3259 3292
f 2154 2156 3293
f 2630 3294 3295
f 3296 3297 3298
f 3299 3300 3301
f 3302 3303 3304
f 3203 3212 3305
f 3306 3249 3216
f 3172 3171 2337
f 3307 3308 3309
f 3166 3310 3311
f 3099 2947 3312
f 3272 3259 3291
f 3262 3313 3314
f 3315 3232 3284
f 3316 3317 3318
f 3284 3319 3320
f 3321 3200 3293
f 3270 3267 3322
f 3293 2156 3323
f 3298 3297 3252
f 3324 3325 3326
f 3297 3251 3252
f 3327 3287 2928
f 3297 3273 3251
f 3320 3315 3284
f 3212 3328 3329
f 3319 3214 3320
f 2439 3330 2401
f 3331 3332 3333
f 3280 3334 3165
f 3335 3336 3337
f 3200 3338 3199
f 3323 3321 3293
f 3339 3340 3341
f 3342 3327 3343
f 3206 3205 3247
f 3344 3345 3346
f 3347 3348 3315
f 3266 3349 3267
f 3350 3273 3297
f 3334 3280 3351
f 3352 1798 1797
f 3353 3223 3222
f 3241 3242 3280
f 3242 3199 3338
f 3354 3249 3355
f 3289 3288 3356
f 3321 3338 3200
f 3252 3357 3298
f 3358 3315 3320
f 3214 3163 3243
f 3359 3360 3361
f 3362 3363 3364
f 3209 3365 3249
f 3366 3367 3368
f 3338 3321 3369
f 3188 3370 3186
f 2247 3323 2156
f 3325 3324 3371
f 3230 3347 3231
f 3165 3334 3372
f 3330 2439 3373
f 3374 3375 3376
f 3334 3351 3370
f 3377 3304 3303
f 3208 3210 3276
f 3239 3378 3313
f 3369 3351 3338
f 3323 2247 3379
f 3327 3380 3287
f 3381 3371 3382
f 3383 3384 3385
f 3247 3363 3362
f 3230 3229 3357
f 3386 3320 3214
f 3334 3244 3372
f 3387 3329 3328
f 3388 3389 3363
f 3311 3371 3381
f 3221 3343 2947
f 3229 3296 3298
f 3242 3351 3280
f 3370 3321 3186
f 3379 3186 3323
f 3207 3231 3310
f 3310 3358 3386
f 3390 3360 3391
f 3343 3312 2947
f 3392 3393 3307
f 3394 3334 3370
f 3315 3231 3347
f 3351 3321 3370
f 3226 3395 3396
f 3226 3396 3397
f 3168 3389 3388
f 3236 3398 3286
f 3176 3178 3192
f 3313 3318 3399
f 3207 3229 3231
f 3400 3294 2630
f 3388 3205 3296
f 3313 3262 3401
f 3219 3402 3403
f 3404 2996 2944
f 3235 3405 3406
f 3178 3259 3238
f 3179 3183 3201
f 3356 3288 3384
f 3306 3216 3215
f 3313 3407 3239
f 3170 3190 3171
f 3408 3409 3394
f 3408 3394 3282
f 3268 3291 3292
f 2630 2672 3400
f 3187 3186 3410
f 3411 3340 3412
f 3335 3264 3413
f 3388 3229 3168
f 3166 3207 3310
f 3311 3310 3325
f 3414 2349 2173
f 3414 2173 3415
f 3399 3318 3317
f 3325 3310 3416
f 3202 3254 3255
f 3279 3417 3277
f 3416 3250 3249
f 3169 3171 3172
f 3418 3239 3407
f 3419 3349 3329
f 3392 3240 3393
f 3420 3421 3422
f 3420 3422 3423
f 3408 3244 3409
f 3244 3408 3245
f 3186 3321 3323
f 3167 3424 3422
f 3187 3410 2441
f 3425 3426 3228
f 3425 3228 3227
f 3248 3217 3189
f 3210 3306 3245
f 3427 3240 3392
f 2151 3199 3241
f 3365 3209 3211
f 3167 3166 3424
f 3408 3392 3210
f 3290 3361 3281
f 2408 3187 2332
f 3428 3285 3278
f 3168 3429 3389
f 3300 3281 3430
f 3271 3430 3390
f 3291 3268 3267
f 3269 3261 3260
f 3301 3267 3349
f 3424 3166 3341
f 3431 3324 3354
f 3211 3224 3223
f 3311 3341 3166
f 3249 3354 3326
f 3432 3301 3300
f 3433 3350 3204
f 3434 3255 3254
f 3290 3289 3361
f 3289 3356 3435
f 3287 3286 2928
f 3219 3218 3436
f 3437 3438 3418
f 3359 3361 3289
f 3381 3341 3311
f 3221 3342 3343
f 3439 3422 3376
f 3348 3252 3232
f 3440 3382 3371
f 3398 3404 2944
f 3441 3219 3403
f 3442 3443 3397
f 3442 3397 3396
f 3201 3203 3179
f 3240 3444 3393
f 2408 3444 3240
f 3345 3428 3346
f 3389 3429 3445
f 3446 3447 3384
f 3446 3384 3383
f 3178 3238 3191
f 3290 3441 3288
f 3363 3445 3364
f 3099 3312 2928
f 3429 3167 3422
f 3269 3260 3391
f 3441 3220 3219
f 3350 3328 3273
f 3253 3202 3305
f 3286 3398 2919
f 3181 3382 3440
f 3299 3206 3246
f 3174 3294 3304
f 3408 3210 3245
f 3405 3417 3279
f 3301 3419 3387
f 3448 3332 3403
f 3250 3386 3214
f 3393 3444 3307
f 3444 2408 2407
f 3218 3362 3449
f 3440 3324 3431
f 3437 3407 3450
f 2407 3307 3444
f 3336 3436 3449
f 3181 3440 3431
f 3346 3428 3451
f 3365 3211 3355
f 3275 3452 3276
f 3275 3307 3309
f 3453 3276 3452
f 3454 3374 3445
f 3347 3230 3252
f 3455 3337 3449
f 3337 3376 3335
f 3439 3454 3422
f 3456 3457 3458
f 3459 3460 3422
f 3459 3422 3424
f 3411 3459 3424
f 3411 3424 3340
f 3461 3181 3431
f 3223 3461 3355
f 3254 3253 3462
f 3452 3275 3309
f 2409 3227 2407
f 2407 3227 3463
f 3439 3374 3454
f 3172 3196 3169
f 3316 3318 3464
f 3356 3384 3435
f 3465 3219 3436
f 3337 3455 3374
f 3449 3337 3336
f 3238 3258 3239
f 3418 3407 3437
f 3458 3276 3456
f 3181 3461 3223
f 3223 3353 3182
f 3223 3182 3181
f 3208 3458 3224
f 3276 3453 3456
f 3453 3309 3308
f 3217 3248 3241
f 3249 3306 3209
f 3308 3463 3397
f 3434 3342 3256
f 3466 3227 2409
f 3467 3468 3469
f 3303 3470 3471
f 3472 3473 3277
f 3439 3376 3375
f 3376 3422 3421
f 3458 3474 3475
f 3458 3475 3224
f 3237 3192 3191
f 3397 3453 3308
f 3349 3476 3329
f 3477 3228 3426
f 3478 3340 3479
f 3478 3479 3480
f 3247 3205 3363
f 3457 3481 3474
f 3457 3474 3458
f 3279 3278 3406
f 3286 2919 2928
f 3274 3185 3251
f 3414 3482 3466
f 3414 3466 2349
f 3227 3226 3397
f 3210 3209 3306
f 3313 3401 3318
f 3420 3483 3421
f 3412 3340 3478
f 3197 3172 3189
f 3484 3480 3479
f 3434 3254 3342
f 3485 3486 3260
f 3225 3224 3487
f 3397 3443 3453
f 3456 3443 3457
f 3336 3335 3413
f 3205 3204 3350
f 3421 3264 3376
f 3447 3488 3489
f 3447 3489 3405
f 3368 3367 3490
f 3443 3442 3491
f 3443 3491 3457
f 3177 3176 3254
f 3301 3349 3419
f 3270 3291 3267
f 3269 3359 3289
f 3362 3246 3247
f 3191 3239 3418
f 3490 3367 3277
f 3490 3277 3473
f 3492 3493 3226
f 3492 3226 3228
f 3494 3466 3495
f 3395 3226 3493
f 3322 3432 3270
f 3335 3376 3264
f 3329 3305 3212
f 3401 3464 3318
f 3322 3301 3432
f 3446 3488 3447
f 3389 3445 3363
f 3265 3264 3496
f 3402 3497 3498
f 3234 3447 3405
f 3272 3271 3390
f 3348 3232 3315
f 3463 3227 3397
f 3405 3279 3406
f 3184 3499 3185
f 3175 3202 3255
f 3177 3292 3178
f 3491 3481 3457
f 3219 3465 3402
f 3343 3327 3312
f 3399 3450 3407
f 3179 3203 3175
f 3497 3336 3413
f 3495 3466 3500
f 3260 3486 3391
f 3257 3117 3501
f 3492 3228 3477
f 3261 3464 3262
f 3288 3441 3403
f 3501 2510 3502
f 3376 3337 3374
f 3418 3438 3237
f 3263 3503 3264
f 3278 3285 3406
f 3164 3163 3319
f 3504 3505 3417
f 3504 3417 3405
f 3380 3192 3287
f 3506 3417 3505
f 3447 3234 3435
f 3476 3349 3462
f 3367 3451 3278
f 3313 3399 3407
f 3194 3232 3195
f 3258 3507 3314
f 3384 3288 3332
f 3262 3464 3401
f 3468 3437 3469
f 3314 3378 3258
f 3254 3176 3380
f 3326 3354 3324
f 3486 3390 3391
f 3269 3391 3359
f 3471 3470 3508
f 3507 3258 3259
f 3438 3468 3237
f 3485 3507 3272
f 3177 3254 3462
f 3509 3510 3464
f 3404 3237 3468
f 3224 3211 3208
f 3469 3437 3450
f 3309 3453 3452
f 3388 3296 3229
f 3413 3511 3497
f 3449 3436 3218
f 3355 3249 3365
f 3415 2173 3512
f 2154 3293 3200
f 3164 3319 3284
f 3275 3392 3307
f 3248 3189 2336
f 3449 3362 3364
f 3184 3193 3499
f 3367 3366 3513
f 3367 3513 3451
f 3213 3232 3198
f 3203 3305 3202
f 3410 2250 2441
f 3253 3305 3476
f 3471 3193 3184
f 3274 3328 3212
f 3236 3237 3398
f 3462 3266 3177
f 3272 3486 3485
f 2437 3514 2427
f 3387 3433 3299
f 3252 3230 3357
f 3355 3211 3223
f 3509 3344 3510
f 3448 3402 3498
f 3255 3257 3173
f 3509 3261 3344
f 3178 3292 3259
f 3344 3261 3345
f 3253 3476 3462
f 3186 3515 3410
f 3184 3304 3377
f 3117 3087 3501
f 3264 3511 3413
f 3501 3087 2510
f 3327 3342 3254
f 2697 2427 3514
f 3462 3349 3266
f 3291 3270 3272
f 3207 3168 3229
f 3338 3351 3242
f 3382 3181 3479
f 3321 3351 3369
f 3386 3416 3310
f 3354 3355 3431
f 3235 3234 3405
f 3257 3054 3117
f 3403 3402 3448
f 3466 3494 3425
f 3466 3425 3227
f 3243 3163 3372
f 3315 3358 3231
f 3190 2440 2402
f 3267 3301 3322
f 3378 3239 3258
f 3502 3173 3257
f 3254 3380 3327
f 3486 3272 3390
f 3283 3187 3240
f 3436 3497 3465
f 3234 3233 3435
f 3221 3256 3342
f 3361 3360 3430
f 3441 3290 3220
f 3387 3299 3301
f 3516 3511 3264
f 3516 3264 3503
f 3509 3464 3261
f 3221 2947 2975
f 3220 3290 3281
f 3054 3257 3256
f 3320 3386 3358
f 3387 3419 3329
f 3390 3430 3360
f 3325 3416 3326
f 3299 3204 3206
f 3197 3217 3241
f 3347 3252 3348
f 3370 3188 3282
f 3386 3250 3416
f 3430 3432 3300
f 2621 3295 2509
f 3461 3431 3355
f 3385 3384 3517
f 3245 3306 3215
f 3220 3246 3218
f 3455 3364 3445
f 3233 3269 3289
f 3468 3467 3518
f 3300 3299 3281
f 3455 3445 3374
f 3280 3165 3164
f 3433 3387 3328
f 3443 3456 3453
f 3392 3408 3427
f 3515 3379 2247
f 3278 3277 3367
f 3460 3423 3422
f 3382 3339 3341
f 3331 3517 3384
f 3331 3384 3332
f 3417 3506 3472
f 3417 3472 3277
f 3289 3435 3233
f 3299 3246 3281
f 3192 3236 3287
f 3504 3405 3489
f 3302 2672 2697
f 3187 3283 3188
f 3515 3186 3379
f 3195 3251 3185
f 3198 3193 3170
f 3448 3519 3333
f 3448 3333 3332
f 3437 3468 3438
f 3502 3294 3174
f 2672 3302 3400
f 3514 3470 2697
f 3350 3433 3328
f 3278 3451 3428
f 3296 3205 3350
f 3302 2697 3470
f 2332 3187 2441
f 3428 3345 3285
f 3312 3327 2928
f 3455 3449 3364
f 3400 3302 3304
f 3175 3255 3173
f 3497 3511 3498
f 3507 3485 3262
f 3362 3218 3246
f 3262 3314 3507
f 3360 3359 3391
f 3409 3334 3394
f 3260 3262 3485
f 3518 2996 3468
f 3406 3269 3235
f 3500 3466 3482
f 3213 3164 3284
f 3514 2437 3470
f 3361 3430 3281
f 2151 3248 2336
f 3283 3240 3282
f 3215 3214 3243
f 3470 3303 3302
f 2437 3508 3470
f 3434 3256 3255
f 3330 2437 2401
f 3487 3224 3475
f 3508 2437 3330
f 3250 3214 3216
f 3237 3404 3398
f 3403 3332 3288
f 3261 3285 3345
f 3274 3212 3185
f 3466 2409 2349
f 2944 2919 3398
f 3197 3164 3196
f 3384 3447 3435
f 3195 3185 3499
f 3429 3168 3167
f 3257 3501 3502
f 3432 3430 3271
f 3231 3358 3310
f 3282 3427 3408
f 3363 3205 3388
f 3237 3191 3418
f 3519 3448 3498
f 3519 3498 3520
f 3350 3297 3296
f 3271 3270 3432
f 3476 3305 3329
f 2621 2630 3295
f 3463 3308 2407
f 3373 3508 3330
f 3273 3328 3274
f 3515 2247 2251
f 3521 3520 3498
f 3190 2439 2440
f 3324 3440 3371
f 3454 3445 3429
f 3483 3496 3264
f 3483 3264 3421
f 3298 3357 3229
f 3375 3374 3439
f 2251 2239 2230
f 3377 3303 3471
f 2250 3410 2251
f 3400 3304 3294
f 3299 3433 3204
f 1798 3352 3512
f 1798 3512 2173
f 3499 3193 3195
f 3269 3406 3285
f 3294 3502 3295
f 3184 3377 3471
f 3176 3192 3380
f 3373 2439 3190
f 3465 3497 3402
f 3244 3243 3372
f 3454 3429 3422
f 2402 2337 3190
f 3471 3508 3373
f 2510 2509 3295
f 3311 3325 3371
f 3295 3502 2510
f 3339 3382 3479
f 3308 3307 2407
f 3341 3381 3382
f 3394 3370 3282
f 3249 3326 3416
f 2251 3410 3515
f 3266 3268 3177
f 3190 3170 3373
f 3221 3054 3256
f 3268 3292 3177
f 3272 3507 3259
f 3282 3240 3427
f 3497 3436 3336
f 2239 2251 2247
f 3174 3304 3179
f 3471 3373 3170
f 3208 3276 3458
f 3334 3409 3244
f 3184 3183 3304
f 3511 3516 3521
f 3511 3521 3498
f 3275 3210 3392
f 3313 3378 3314
f 3183 3179 3304
f 3163 3165 3372
f 3471 3170 3193
f 3404 3468 2996
f 3214 3319 3163
f 3502 3174 3173
f 3479 3340 3339
f 3341 3340 3424
f 2154 3199 2151
f 3180 3484 3479
f 3180 3479 3181
f 3522 3523 3524
f 3525 3526 3527
f 266 3528 481
f 3529 3530 3531
f 3532 3533 3534
f 1320 3118 2920
f 3535 3536 3527
f 3537 3538 3539
f 3510 3540 3541
f 3346 3451 3542
f 3542 3543 3346
f 3544 3545 3546
f 3544 3546 3547
f 1401 621 3548
f 3530 3549 3550
f 3527 3526 3551
f 3552 281 3553
f 3346 3543 3344
f 3538 3554 3555
f 3556 3557 3546
f 3533 3547 3524
f 3527 3536 3525
f 3557 3522 3547
f 3551 3526 634
f 3451 3533 3542
f 3541 3540 3558
f 3524 3547 3522
f 3541 3558 3556
f 3316 3559 3560
f 3561 3467 3562
f 3550 3539 3541
f 3535 3527 3563
f 1401 3548 3564
f 3096 1320 2920
f 3096 2996 1030
f 3530 3556 3531
f 3565 3537 3549
f 1030 3561 1269
f 3548 621 510
f 3518 1030 2996
f 3541 3566 3510
f 281 3552 1413
f 3547 3546 3557
f 3529 3564 3548
f 3567 1401 3568
f 3545 3569 3546
f 3399 3317 3554
f 3550 3549 3537
f 3450 3399 3536
f 3344 3543 3540
f 3467 3561 3518
f 3570 3571 3553
f 3571 3554 3538
f 481 3528 3551
f 3567 1402 1401
f 3552 3549 509
f 3546 3569 3572
f 3546 3572 3573
f 3450 3536 3535
f 3570 283 634
f 3558 3540 3543
f 3523 3542 3533
f 3510 3344 3540
f 3525 3574 3571
f 3563 3469 3535
f 3575 3560 3559
f 3570 3553 281
f 3562 3563 3528
f 3522 3557 3556
f 3096 1030 1320
f 3539 3575 3541
f 3562 1269 3561
f 3543 3523 3558
f 3513 3576 3533
f 3513 3533 3451
f 3538 3555 3575
f 3551 634 481
f 3577 3578 3529
f 3577 3529 3573
f 3118 1320 929
f 3559 3316 3464
f 3464 3510 3559
f 3570 3525 3571
f 3541 3575 3566
f 3523 3522 3558
f 3566 3575 3559
f 634 3526 3570
f 3533 3524 3523
f 3549 3529 3548
f 3529 3531 3573
f 3559 3510 3566
f 3317 3555 3554
f 3568 1401 3564
f 3568 3564 3579
f 3537 3571 3538
f 3580 266 1269
f 3467 3469 3562
f 3541 3530 3550
f 3565 3549 3552
f 3581 3577 3573
f 3554 3536 3399
f 3526 3525 3570
f 3529 3549 3530
f 3556 3530 3541
f 3537 3539 3550
f 3581 3573 3572
f 3555 3560 3575
f 3542 3523 3543
f 3554 3571 3574
f 3580 3528 266
f 3551 3563 3527
f 3532 3582 3547
f 3532 3547 3533
f 3552 3553 3565
f 3538 3575 3539
f 3571 3537 3553
f 3537 3565 3553
f 510 509 3548
f 3574 3536 3554
f 3574 3525 3536
f 3580 1269 3562
f 3469 3563 3562
f 3548 509 3549
f 1030 3518 3561
f 3531 3546 3573
f 3546 3531 3556
f 281 283 3570
f 3450 3535 3469
f 3562 3528 3580
f 3579 3564 3529
f 3579 3529 3578
f 3563 3551 3528
f 3583 3547 3582
f 3317 3316 3555
f 3552 509 1413
f 3522 3556 3558
f 3544 3547 3583
f 3534 3533 3576
f 3316 3560 3555
f 3584 668 825
f 3584 667 668
f 3584 349 667
f 3584 347 349
f 3584 1306 347
f 3584 1362 1306
f 3584 1361 1362
f 3584 1008 1361
f 3584 733 1008
f 3584 731 733
f 3584 992 731
f 3584 569 992
f 3584 558 569
f 3584 559 558
f 3584 566 559
f 3584 570 566
f 3584 657 570
f 3584 637 657
f 3584 638 637
f 3584 565 638
f 3584 563 565
f 3584 636 563
f 3584 1442 636
f 3584 1443 1442
f 3584 1460 1443
f 3584 691 1460
f 3584 690 691
f 3584 703 690
f 3584 1429 703
f 3584 695 1429
f 3584 692 695
f 3584 1304 692
f 3584 1305 1304
f 3584 199 1305
f 3584 196 199
f 3584 1104 196
f 3584 702 1104
f 3584 701 702
f 3584 310 701
f 3584 308 310
f 3584 1013 308
f 3584 1262 1013
f 3584 1243 1262
f 3584 1244 1243
f 3584 1255 1244
f 3584 2068 1255
f 3584 2148 2068
f 3584 2147 2148
f 3584 2158 2147
f 3584 2184 2158
f 3584 2182 2184
f 3584 2181 2182
f 3584 2180 2181
f 3584 1948 2180
f 3584 1947 1948
f 3584 1945 1947
f 3584 2029 1945
f 3584 2030 2029
f 3584 2177 2030
f 3584 1983 2177
f 3584 1984 1983
f 3584 1760 1984
f 3584 1761 1760
f 3584 1797 1761
f 3584 3352 1797
f 3584 3512 3352
f 3584 3415 3512
f 3584 3414 3415
f 3584 3482 3414
f 3584 3500 3482
f 3584 3495 3500
f 3584 3494 3495
f 3584 3425 3494
f 3584 3426 3425
f 3584 3477 3426
f 3584 3492 3477
f 3584 3493 3492
f 3584 3395 3493
f 3584 3396 3395
f 3584 3442 3396
f 3584 3491 3442
f 3584 3481 3491
f 3584 3474 3481
f 3584 3475 3474
f 3584 3487 3475
f 3584 3225 3487
f 3584 3222 3225
f 3584 3353 3222
f 3584 3182 3353
f 3584 3180 3182
f 3584 3484 3180
f 3584 3480 3484
f 3584 3478 3480
f 3584 3412 3478
f 3584 3411 3412
f 3584 3459 3411
f 3584 3460 3459
f 3584 3423 3460
f 3584 3420 3423
f 3584 3483 3420
f 3584 3496 3483
f 3584 3265 3496
f 3584 3263 3265
f 3584 3503 3263
f 3584 3516 3503
f 3584 3521 3516
f 3584 3520 3521
f 3584 3519 3520
f 3584 3333 3519
f 3584 3331 3333
f 3584 3517 3331
f 3584 3385 3517
f 3584 3383 3385
f 3584 3446 3383
f 3584 3488 3446
f 3584 3489 3488
f 3584 3504 3489
f 3584 3505 3504
f 3584 3506 3505
f 3584 3472 3506
f 3584 3473 3472
f 3584 3490 3473
f 3584 3368 3490
f 3584 3366 3368
f 3584 3513 3366
f 3584 3576 3513
f 3584 3534 3576
f 3584 3532 3534
f 3584 3582 3532
f 3584 3583 3582
f 3584 3544 3583
f 3584 3545 3544
f 3584 3569 3545
f 3584 3572 3569
f 3584 3581 3572
f 3584 3577 3581
f 3584 3578 3577
f 3584 3579 3578
f 3584 3568 3579
f 3584 3567 3568
f 3584 1402 3567
f 3584 879 1402
f 3584 878 879
f 3584 1403 878
f 3584 1369 1403
f 3584 1363 1369
f 3584 1288 1363
f 3584 830 1288
f 3584 591 830
f 3584 589 591
f 3584 825 589
