mtllib Rook_cleaned.mtl
o coarse_x+0.00_z+3.00
usemtl 3DModel
v 0.031690872 -0.009472689 0.244437265
v 0.032988905 -0.007755901 0.243414690
v 0.034257514 -0.008557987 0.244204817
v -0.026185869 0.044576279 0.193223755
v -0.025391376 0.044246076 0.186286088
v -0.021726229 0.047697595 0.189862088
v -0.012957681 0.044433530 0.160811708
v -0.013535330 0.048793877 0.166906645
v -0.019269098 0.043692587 0.166558953
v -0.019144201 0.023387171 0.127442377
v -0.021380975 0.021007845 0.116941313
v -0.017119148 0.025653039 0.114957434
v 0.001003642 0.064910469 0.220030297
v -0.002561943 0.063324886 0.218439878
v 0.000564207 0.064503346 0.217630483
v -0.017282783 0.026419429 0.134012918
v -0.017911721 0.027660121 0.140516550
v -0.020405804 0.023193458 0.138215537
v -0.016730970 0.039309052 0.158280599
v -0.022754376 0.033691551 0.159795975
v -0.025321730 0.016400388 0.112949261
v -0.023470745 0.017404371 0.120905434
v -0.036038422 0.031188440 0.197511360
v -0.034388230 0.032883644 0.188515912
v -0.032995180 0.037488068 0.197797553
v -0.010811518 0.030691674 0.124978077
v -0.007514206 0.032645213 0.127021522
v -0.010011139 0.032422477 0.132449515
v -0.021312964 0.050063603 0.199170709
v -0.016360575 0.052978457 0.202170740
v -0.021136659 0.051059271 0.204253489
v -0.004917044 0.035742281 0.135504832
v -0.008918764 0.034503525 0.137264942
v -0.006374606 0.033991056 0.131441232
v -0.002960429 0.032923612 0.117712049
v -0.006835762 0.032152148 0.121971684
v -0.007915840 0.031111625 0.114975095
v -0.004188931 0.033536459 0.124785343
v -0.001851704 0.034949125 0.129270744
v -0.027960641 0.037920270 0.173609607
v -0.032838034 0.029987591 0.176945053
v -0.028833049 0.030206269 0.168429755
v 0.026649302 0.050730084 0.013452665
v 0.022519194 0.052806291 0.019423044
v 0.021036785 0.052524556 0.014104744
v -0.016492239 0.030765828 0.144174969
v -0.018700275 0.028416430 0.144223415
v -0.020926050 0.026075318 0.146289833
v -0.013843002 0.058261214 0.215419618
v -0.018300001 0.054075032 0.210188146
v -0.014352271 0.055857948 0.208777515
v -0.025164496 0.050346696 0.237513054
v -0.025450072 0.047631635 0.238511712
v -0.027908054 0.048275471 0.237577727
v -0.016420077 0.057717437 0.236585419
v -0.014667545 0.058345353 0.236777064
v -0.014040982 0.056725609 0.237573820
v -0.023916602 0.020665543 0.144515671
v -0.036910049 0.027225928 0.189724585
v -0.009033005 0.037245914 0.087610767
v -0.014525984 0.035184128 0.083257686
v -0.010553048 0.038688447 0.080664771
v -0.016133685 0.059529039 0.234254330
v -0.018002851 0.058014358 0.235547901
v -0.019955675 0.057364033 0.233166902
v -0.028159041 0.049479911 0.234865647
v -0.026148806 0.051352038 0.236215100
v -0.034963463 0.029570433 0.183235247
v -0.022548748 0.047207366 0.239040501
v -0.019442144 0.045780983 0.239167716
v -0.023338260 0.043745529 0.239370161
v -0.012427146 0.032727647 0.138873214
v -0.014093110 0.029748956 0.134723703
v -0.040185491 0.024415382 0.228506466
v -0.038736449 0.028169511 0.222263938
v -0.038463002 0.028985983 0.230075388
v -0.034757077 0.004219095 0.096421773
v -0.035365306 0.008552795 0.090171534
v -0.031351542 0.009786325 0.099794072
v -0.017864665 0.029977792 0.088547650
v -0.020311594 0.030523288 0.081056274
v -0.027191643 0.013779546 0.243317763
v -0.029670178 0.020192574 0.244091570
v -0.027187692 0.017705860 0.242465843
v -0.030057522 0.014274661 0.244498983
v -0.027916584 0.010294808 0.244540636
v -0.022293547 0.018784512 0.133075808
v -0.023975241 0.018003835 0.139609452
v -0.029821997 0.009509200 0.245082194
v -0.027307555 0.001066897 0.246291264
v -0.024318772 -0.005271984 0.246802021
v -0.026913310 -0.003208299 0.246222178
v -0.029012923 0.005909535 0.245513865
v -0.027164204 0.005692845 0.245444315
v -0.029072188 0.000238675 0.245760336
v -0.029221714 -0.001768500 0.245863866
v -0.027243723 -0.005522198 0.246075572
v -0.030239425 0.003057397 0.245580799
v -0.030907840 0.006799179 0.245301196
v -0.031997671 0.017600353 0.244384459
v -0.025139805 -0.006668939 0.246521720
v -0.031287746 0.002091889 0.245553409
v -0.032170117 0.020721501 0.244132452
v -0.032515625 0.025033134 0.243874186
v -0.032782430 0.012864880 0.244591294
v -0.032087049 0.000500019 0.245075298
v -0.033310600 0.009010269 0.244633814
v -0.034290480 0.019456437 0.243880922
v -0.024356986 -0.009318640 0.246443413
v -0.034592871 0.011290548 0.244001903
v -0.040640119 0.022754766 0.233076110
v -0.041154696 0.020912325 0.228112758
v -0.026632048 -0.008798590 0.245376830
v -0.034915613 0.008511590 0.244463634
v -0.034893334 0.023636792 0.243323416
v -0.032546655 0.005618499 0.244837555
v -0.033884537 0.004505685 0.244787645
v -0.035935882 0.011890287 0.243895129
v -0.035372681 0.014478703 0.243721017
v -0.024209625 -0.012246797 0.244675623
v -0.031057122 -0.004033169 0.244817632
v -0.031324643 -0.002580265 0.245169444
v -0.029271233 -0.005509786 0.245184762
v -0.033857556 0.000311241 0.244656381
v -0.028622790 -0.007826520 0.244111572
v -0.030934616 -0.005399731 0.243925747
v -0.026918672 -0.010201503 0.244144603
v -0.035316924 0.004574998 0.244612225
v -0.034358093 0.002803389 0.244725636
v -0.032744384 -0.002581120 0.244058664
v -0.036540863 0.020785150 0.242776965
v -0.035278408 0.028571408 0.242355124
v -0.037073413 0.015292569 0.243334272
v -0.023994586 -0.007748031 0.246877525
v -0.036128079 0.003175291 0.243964521
v -0.038070168 0.024697986 0.241741741
v -0.037900821 0.028036928 0.240865112
v -0.037195537 0.027888670 0.241538069
v -0.026654655 -0.010825179 0.242038903
v -0.028070710 -0.009026659 0.243007887
v -0.030295027 -0.007411474 0.241368322
v -0.023466458 -0.013830180 0.240353650
v -0.033350899 -0.003506736 0.242187384
v -0.036761431 0.010702344 0.243704643
v -0.036278601 0.006919365 0.244304312
v -0.037774047 0.009564979 0.243244577
v -0.038780174 0.026360662 0.240115252
v -0.039326654 0.021781146 0.240117145
v -0.038511996 0.018766476 0.242096822
v -0.038439030 0.013246128 0.242678790
v -0.027473434 -0.010460329 0.236690548
v -0.039130547 0.026388151 0.237522175
v -0.039801388 0.016040030 0.240574345
v -0.035500808 -0.000239814 0.243107487
v -0.038078480 0.004326710 0.241780459
v -0.037954863 0.006825953 0.242901143
v -0.030738848 -0.006962668 0.237008530
v -0.040582171 0.019557161 0.237361353
v -0.027113126 0.009234733 0.125232847
v -0.027842750 0.006484856 0.118017069
v -0.027953474 0.009720469 0.116629512
v -0.039251906 0.007647378 0.240335347
v -0.039201241 0.010977041 0.241337664
v -0.039898481 0.010202689 0.239526890
v -0.023140559 -0.014312495 0.233493091
v -0.020244807 -0.016349116 0.237144854
v -0.033336808 -0.003860292 0.238696830
v -0.036229479 -0.000103382 0.239170253
v -0.040733723 0.013755944 0.237376619
v -0.029479347 -0.008380447 0.231470741
v -0.025372980 -0.012412394 0.227877531
v -0.036686863 0.002207881 0.242642539
v -0.037123872 0.001879796 0.241074789
v -0.040598570 0.009753310 0.236637623
v -0.041492023 0.017706579 0.231691829
v -0.039128531 0.004712787 0.236573472
v -0.041323343 0.018557851 0.221928734
v -0.032753051 -0.004884668 0.234534620
v -0.031270361 -0.006094315 0.227681180
v -0.019543949 -0.016829693 0.230764215
v -0.021133410 -0.015882338 0.225407372
v -0.035027905 -0.002002097 0.235813538
v -0.037050058 0.000782666 0.233084170
v -0.035493489 -0.001376822 0.232598148
v -0.033980908 -0.003159776 0.231917195
v -0.041139658 0.013852585 0.215413298
v -0.040611908 0.019078033 0.208694818
v -0.038677875 0.003853741 0.231234268
v -0.034215090 -0.002662881 0.226323966
v -0.037009215 0.001671146 0.224125276
v -0.039752618 0.006298795 0.226267556
v -0.037007816 0.003819341 0.212474188
v 0.015784462 0.044647772 0.058240577
v 0.018721244 0.043702803 0.064248419
v 0.013914902 0.045013922 0.062969704
v 0.004149240 0.051677577 0.003675411
v 0.004140412 0.051722034 0.004727451
v -0.000289750 0.051010021 0.004751927
v 0.000516119 0.051084485 0.003485007
v 0.010867370 0.053753262 0.014841504
v 0.017380771 0.053738549 0.017829231
v 0.014668554 0.054104126 0.020406070
v -0.039763154 0.009140359 0.215711344
v -0.024360204 0.040810374 0.239182863
v -0.021319871 0.042728710 0.238349616
v -0.022221369 0.040857457 0.237701105
v -0.041206147 0.010350471 0.224771381
v -0.041520044 0.013140599 0.229389155
v -0.040924584 0.009000250 0.231886308
v 0.016849524 0.035300700 0.100800989
v 0.019000240 0.036129607 0.093801775
v 0.021184263 0.034114998 0.098785554
v 0.020423241 0.037507501 0.087571971
v 0.018249762 0.039445846 0.084595017
v 0.023486085 0.038766269 0.080727172
v 0.023090220 0.032046771 0.103968893
v 0.025805886 0.032040941 0.096825004
v 0.025166439 0.030218941 0.106786910
v 0.022209388 0.031430676 0.112380863
v -0.037150797 -0.032054927 0.064277920
v -0.041216422 -0.029788176 0.060441041
v -0.038087237 -0.027861510 0.067890576
v -0.050022821 0.028925683 0.027111644
v -0.049507181 0.026312173 0.032778979
v -0.053596694 0.024747370 0.028543951
v -0.013542285 -0.021385043 0.107728518
v -0.017240679 -0.023911892 0.099216326
v -0.017253382 -0.018226978 0.108257694
v -0.029042700 0.007306743 0.159803503
v -0.022211506 -0.004887041 0.157078229
v -0.023929655 -0.000233578 0.149971821
v -0.051067013 -0.010249190 0.051315409
v -0.046780633 -0.017971650 0.057535439
v -0.051098079 -0.018838463 0.049798027
v 0.014697264 0.034422237 0.112242675
v 0.014747246 0.034956344 0.106074719
v 0.018602608 0.033687987 0.107643737
v -0.022977903 -0.000381677 0.127932088
v -0.024309250 0.003515694 0.130616730
v -0.022076096 -0.000236900 0.134643920
v 0.007747205 0.053805257 0.233531520
v 0.011055933 0.056439139 0.235306820
v 0.010410000 0.053758202 0.233272739
v -0.035683734 -0.005309159 0.092929767
v -0.032332780 -0.007222071 0.097023492
v -0.035177067 -0.010295023 0.090196550
v 0.026163270 0.057012645 0.237323063
v 0.022154172 0.056305783 0.236541002
v 0.018958955 0.059016000 0.236936223
v 0.010392514 0.040583352 0.086135180
v 0.014754745 0.039696448 0.086475213
v 0.012751325 0.038000646 0.092601756
v 0.027202062 0.054406438 0.236642447
v 0.016527851 0.056872399 0.235839960
v 0.022531691 0.060543680 0.236797472
v 0.014086507 0.062267632 0.236820417
v 0.019815450 0.054544814 0.235036803
v -0.058403810 -0.020343520 0.037382991
v -0.057897661 -0.016801410 0.039495473
v -0.055382056 -0.020889238 0.042693012
v 0.014092429 0.053901369 0.233518848
v 0.024525020 0.054140666 0.235888564
v -0.042292682 -0.033609577 0.054804144
v -0.045181789 -0.029344110 0.054020604
v -0.034669239 -0.035797868 0.062755365
v -0.034348480 -0.039335118 0.057888346
v -0.038824586 -0.035338285 0.057919475
v -0.044102265 -0.024606023 0.059366173
v 0.007432267 0.057891421 0.236559641
v 0.011689365 0.059539480 0.236894528
v 0.010573353 0.064878169 0.236328182
v 0.014262155 0.064290539 0.236105458
v 0.028542174 0.058993543 0.236597337
v 0.031135648 0.055906514 0.237053930
v -0.035320164 -0.029882935 0.069874674
v -0.032217146 -0.029767284 0.074618268
v -0.033863700 -0.033050902 0.067711773
v 0.005310983 0.059401921 0.237384008
v 0.002010572 0.057137612 0.237160691
v -0.002452404 0.058464087 0.238138336
v -0.047407493 -0.042969093 0.038219904
v -0.051253839 -0.037522056 0.038268766
v -0.046771887 -0.040753556 0.042382116
v -0.022078061 -0.001240478 0.144753336
v -0.020455306 -0.004160044 0.147554665
v -0.007334939 -0.024811809 0.107458026
v -0.009645671 -0.027410907 0.101036744
v -0.011904584 -0.024880092 0.103559540
v -0.023417574 0.000930025 0.145072043
v -0.005947603 -0.027573754 0.103044667
v -0.008623027 -0.030175146 0.097114238
v 0.010430158 0.063277487 0.207581526
v 0.011907015 0.063680209 0.208428451
v 0.010217662 0.064208618 0.211603133
v -0.008648637 0.054598448 0.238267682
v -0.014878613 0.052533045 0.238497675
v -0.009655586 0.056364114 0.238258729
v 0.009272213 0.063562410 0.236890778
v 0.005742324 0.062256119 0.237581038
v -0.001472821 0.053309893 0.235883957
v -0.006091673 0.049237448 0.234600114
v -0.007730950 0.051400711 0.236730398
v -0.020168538 -0.003266199 0.140189758
v -0.022911294 0.000713307 0.140977550
v 0.007068322 0.065576389 0.235989671
v 0.004227338 0.065907320 0.234806279
v 0.009315041 0.066324973 0.234259649
v -0.017517290 -0.006620528 0.135682868
v -0.020355187 -0.003833865 0.130365453
v -0.019979774 -0.003545586 0.135059328
v -0.055468458 -0.014409611 0.043938485
v -0.008604602 -0.021710190 0.112804247
v -0.024278372 0.004690878 0.136628061
v -0.014861417 -0.009748235 0.133085693
v -0.012979947 -0.010549895 0.139564747
v -0.011167379 -0.012656983 0.133982911
v -0.017899561 -0.007803306 0.127889031
v 0.018211349 0.053548889 0.024370996
v 0.007345143 0.056004131 0.235369651
v 0.030594197 0.054065970 0.236950358
v 0.033297769 0.051948269 0.235975498
v 0.030760090 0.051841631 0.235586772
v -0.024424810 0.000016654 0.122309287
v -0.022049685 -0.004328220 0.122069307
v -0.014383927 -0.011313741 0.128208839
v -0.022353020 -0.013093377 0.107885094
v -0.021447031 -0.008947731 0.116036042
v -0.017927438 -0.013235521 0.115663417
v 0.012567152 0.065262926 0.235157458
v -0.025237920 0.007193192 0.131083556
v -0.024732301 0.002350087 0.125652852
v -0.025949308 0.005708590 0.125511234
v -0.025874632 -0.000646221 0.116793759
v -0.017225946 -0.018194622 0.233705305
v 0.004216994 0.056199258 0.236177452
v 0.007239749 0.064563088 0.236933643
v 0.013962785 0.066602421 0.234005865
v -0.048619934 -0.006359441 0.056135836
v -0.050720881 -0.004257835 0.051794590
v -0.048552273 -0.002075856 0.055607068
v -0.017496559 -0.010368705 0.122260887
v -0.014229427 -0.013551593 0.122466535
v -0.010904978 -0.014128406 0.128229756
v -0.065194077 0.001723284 0.002137349
v -0.064211101 0.002703958 0.010789806
v -0.065395297 -0.002899944 0.002776393
v -0.002964383 -0.025690491 0.108496767
v -0.002634055 -0.027932425 0.103674895
v -0.026465957 0.003009183 0.119482959
v 0.003856431 0.053612565 0.234272440
v 0.004213159 0.064958323 0.236850469
v -0.005170239 0.054545373 0.237595125
v -0.019669349 -0.007859616 0.122179200
v -0.040506169 0.037396198 0.019727537
v -0.043618300 0.034608494 0.012898050
v -0.035638531 0.039939100 0.014939603
v 0.007493513 0.052186093 0.006406079
v 0.003787343 0.052269230 0.010547649
v 0.021107301 0.051080489 0.006892945
v -0.030228179 0.034858557 0.240678119
v -0.029478955 0.036510620 0.240044859
v -0.027490799 0.036026235 0.239517167
v -0.022557668 0.038739028 0.047471633
v -0.015279373 0.042282935 0.047281125
v -0.012639186 0.041987799 0.055583222
v -0.024821360 0.036782374 0.237803037
v -0.025921526 0.038440791 0.238946066
v -0.037731539 -0.008638227 0.086835511
v -0.038277050 -0.005101502 0.087704693
v -0.026575586 0.015663883 0.146013520
v 0.041473161 -0.013599911 0.232686038
v 0.044607297 -0.010411158 0.232194719
v 0.043513018 -0.011822154 0.229013201
v -0.007755344 0.036362889 0.140791082
v -0.026306071 0.019999542 0.151304137
v -0.024075938 0.026829429 0.153992848
v 0.003755937 0.065802130 0.220994106
v 0.001053732 0.065576359 0.224097298
v -0.004210919 0.037739247 0.140591296
v -0.025229489 0.004260186 0.144715152
v -0.036829253 0.023790518 0.184348458
v -0.018768596 0.048908949 0.238996197
v -0.020082714 0.051218398 0.238190445
v -0.025892976 0.050702290 0.221177009
v -0.028697993 0.046654962 0.213845722
v -0.024841118 0.050108865 0.212366721
v -0.025918992 0.051987385 0.232625191
v -0.025543297 -0.004352707 0.112950688
v -0.007664358 0.038562637 0.145877855
v -0.012234708 0.035579351 0.145447881
v -0.011046608 -0.016283342 0.121847592
v -0.012104297 -0.018566663 0.114775220
v -0.014563113 -0.015744570 0.116656782
v 0.025453926 0.049546188 0.006224577
v -0.000421122 0.061546973 0.237859730
v -0.017211476 0.057351474 0.220499031
v -0.020287102 0.054294055 0.215234377
v -0.017478513 0.056055305 0.215567694
v 0.032522315 0.041926929 0.229663481
v 0.030529372 0.043116387 0.229119472
v 0.033293932 0.043258416 0.230867670
v -0.010730463 -0.014665153 0.246637164
v -0.008983694 -0.013815419 0.245069339
v -0.009133912 -0.015729935 0.245097080
v -0.007855337 -0.018492302 0.121394690
v -0.016536298 0.033806307 0.149753961
v -0.015074032 0.036971749 0.152205591
v -0.003947028 -0.030690126 0.098151088
v -0.009672408 -0.010028917 0.245712656
v -0.007983400 -0.011827244 0.244445301
v -0.010456711 -0.012016448 0.246475332
v -0.027387190 0.014824019 0.104452041
v -0.028993734 0.013889320 0.097837423
v -0.024105620 0.019638544 0.100000288
v -0.011655464 0.040113940 0.152986467
v -0.007872577 -0.015197353 0.244306196
v -0.006843004 -0.014607296 0.243268770
v -0.007331419 -0.016154685 0.242935173
v -0.027703980 0.001634062 0.114129522
v 0.006617767 0.035992642 0.102414061
v 0.012046903 0.036125861 0.101108018
v 0.009465328 0.035594525 0.105197961
v -0.028730897 0.003919098 0.113016653
v -0.025006493 -0.008123961 0.109295950
v -0.021754426 0.024055136 0.092903242
v -0.017247363 0.028236596 0.095295600
v -0.019764982 0.024762679 0.099521539
v -0.022918549 0.055030524 0.233739555
v -0.024527733 0.053328691 0.235675028
v 0.006045937 0.047424329 0.047943738
v 0.006845102 0.046057792 0.055349670
v 0.002936374 0.046427085 0.052183415
v -0.008029860 -0.017815289 0.244049275
v -0.005695282 -0.017484394 0.243092441
v -0.006962911 -0.019063173 0.243564546
v -0.035640448 0.034265621 0.207386779
v -0.024174456 0.019078909 0.107648769
v -0.007652491 -0.013517264 0.243771741
v -0.009380322 -0.017587926 0.245198740
v -0.010827008 -0.016933920 0.246364405
v -0.009718405 -0.016560913 0.245558487
v 0.000401100 0.062960534 0.210535313
v -0.000524717 0.061872342 0.207517184
v 0.002838618 0.063186332 0.209579596
v -0.012861318 -0.009573265 0.246855402
v -0.013506793 -0.012218312 0.247509160
v -0.006799961 -0.010841617 0.242917239
v -0.006150242 -0.011357961 0.241302751
v -0.006812637 -0.012039590 0.242675266
v -0.005589334 -0.014799060 0.241807630
v -0.006562867 -0.013295125 0.242724809
v -0.027943581 0.022841954 0.161160252
v -0.015661785 0.052224340 0.193387500
v -0.018004481 0.050251568 0.186675219
v -0.065811478 -0.002858710 0.000008925
v -0.065622271 0.000054033 0.000018841
v -0.014887077 0.027650836 0.125439423
v -0.027989419 0.016486169 0.093612523
v -0.033108869 0.041993867 0.020847028
v -0.037198846 0.039374115 0.024000858
v -0.017578614 0.054107924 0.237751513
v 0.016653885 0.037958370 0.089937193
v -0.018795379 0.000950843 0.242388789
v -0.019223358 0.003838102 0.240186235
v -0.016554920 0.001602553 0.240057107
v 0.027935870 0.050432457 0.234066688
v 0.027023893 0.052730978 0.235694076
v -0.013385274 -0.015010075 0.247461656
v -0.007336674 -0.012640773 0.243296494
v -0.022040726 0.006481298 0.241097291
v -0.019913187 0.007918402 0.238475681
v -0.030317348 0.006941930 0.108316320
v -0.007711243 -0.009601042 0.243922035
v -0.006143111 -0.009416852 0.241580493
v -0.026763016 -0.010176265 0.103496695
v -0.008334499 -0.016515473 0.244164440
v -0.030874727 0.041523874 0.009682905
v -0.027323199 0.044644622 0.016547084
v -0.044596844 -0.034555507 0.050868475
v -0.040375310 -0.038858711 0.051622641
v -0.045623398 -0.037821816 0.047011844
v -0.013718830 -0.029508097 0.094581793
v -0.028797387 -0.000194720 0.109591331
v -0.028760766 -0.005232529 0.104824629
v -0.010484573 -0.032680366 0.092046744
v -0.013130019 -0.034689158 0.086671871
v -0.028955105 -0.012869756 0.097019408
v -0.025357154 -0.014748306 0.100577232
v -0.017514142 -0.009208695 0.247464714
v -0.006031136 -0.012714404 0.241708239
v -0.016161490 -0.015148490 0.247255659
v -0.016617325 -0.012518498 0.247609144
v -0.029842050 -0.002895594 0.245467994
v -0.017651400 -0.033226833 0.085098233
v -0.004750498 -0.012543902 0.240527332
v -0.002894146 -0.013757907 0.241527849
v -0.032735115 -0.001230193 0.099973346
v 0.029614481 0.031571656 0.089823937
v 0.024240839 0.035127663 0.089444173
v 0.029686588 0.034903529 0.081319345
v -0.031209969 0.002983465 0.105258400
v -0.055364322 -0.030621405 0.037035055
v -0.051905932 -0.031239752 0.043172869
v -0.052396963 -0.033318281 0.040145115
v -0.010956878 -0.008485175 0.245948449
v -0.009078405 -0.016982520 0.244612188
v -0.054326114 -0.035027334 0.033088923
v -0.051866474 -0.039889023 0.030895179
v -0.055153627 -0.035709597 0.026929916
v 0.015922904 0.064822903 0.211930359
v 0.022497497 0.064531594 0.214669533
v 0.019859173 0.066471868 0.222084921
v -0.030867411 -0.009798973 0.096769536
v -0.029538741 -0.008644284 0.100104200
v -0.021866408 -0.019506559 0.099478554
v 0.036230360 0.046777965 0.234391210
v 0.036314090 0.050145461 0.235696748
v 0.039303731 0.046597208 0.235940093
v -0.037121634 -0.001157168 0.091685151
v -0.015297651 0.006008523 0.236792083
v -0.049168286 0.030056443 0.012539559
v -0.048031131 0.030293163 0.007624760
v -0.019932714 -0.027942877 0.089962188
v -0.030700087 -0.017774615 0.089716298
v -0.026415972 -0.018463150 0.094590314
v -0.032340433 -0.012476754 0.092631878
v -0.022586095 -0.032164244 0.082033301
v -0.030894214 0.041514020 0.001838861
v -0.032359512 0.040647350 0.003451212
v -0.032517336 0.040720637 0.001753797
v -0.009172304 -0.008509360 0.244806382
v -0.009456970 -0.018830198 0.245088998
v -0.018920741 -0.012853718 0.247209608
v 0.026302704 0.064382957 0.220829693
v 0.014989226 0.044351077 0.070019258
v 0.021526621 0.042024894 0.072345191
v 0.016261447 0.041953504 0.079432897
v -0.039677317 0.001216008 0.084902427
v -0.038948137 0.005676246 0.084437631
v -0.041872142 0.002988228 0.077811705
v -0.022266676 0.039539633 0.236429955
v -0.023171519 0.037744296 0.236402866
v -0.023779731 0.039136029 0.237987622
v -0.023730962 -0.023376299 0.091811925
v -0.035969135 0.017429108 0.243154961
v -0.033611129 -0.020657204 0.083289931
v -0.034729441 -0.015767144 0.086540342
v -0.004940657 0.034164001 0.099038874
v -0.004444108 0.035564368 0.095108242
v -0.001390233 0.035664237 0.098098940
v -0.016012247 -0.007378567 0.246824082
v -0.020675705 -0.023909826 0.094774894
v -0.015602966 0.047098027 0.033559394
v -0.007980206 0.047236485 0.040270887
v -0.014381111 0.044393046 0.041524882
v -0.027315390 -0.021936972 0.089037094
v -0.030026888 -0.023406067 0.084553969
v -0.040035498 -0.003072740 0.084194447
v -0.065466270 0.001822595 0.000027016
v -0.064767600 0.004683151 0.000063632
v -0.063612799 0.007223624 0.003902029
v -0.062042991 0.011936557 0.000206423
v -0.061409238 0.013091440 0.003884631
v -0.063237473 0.008766216 0.000143823
v -0.060885775 0.014199426 0.000267070
v -0.060002650 0.015823518 0.000313353
v -0.059624433 0.016412110 0.003015978
v -0.058732973 0.017743592 0.000379894
v -0.057316360 0.020644364 0.006254929
v -0.056146657 0.021575294 0.000515437
v -0.055152461 0.022707467 0.000567540
v -0.052753922 0.025819157 0.006192765
v 0.009161470 0.065490810 0.218346434
v 0.006018762 0.064351406 0.213466406
v -0.040368883 0.035595447 0.001342315
v -0.038108660 0.036853110 0.006051951
v -0.044409391 0.032782100 0.004840498
v -0.043638577 0.033461158 0.001170957
v -0.052778626 0.025388363 0.000691948
v 0.023698364 0.052288629 0.234469984
v -0.047673874 0.030012004 0.000959476
v -0.064093109 0.006645928 0.000098981
v -0.047088914 0.032617580 0.018529547
v -0.058300387 0.018491236 0.000402564
v -0.049524687 0.028463477 0.000862479
v -0.062998789 -0.015647560 0.015906275
v -0.062916784 -0.012272301 0.023992574
v -0.062332015 -0.017554911 0.023783632
v 0.033809872 0.049361679 0.234635195
v -0.026097244 0.044595068 0.239146014
v -0.037718050 -0.013605249 0.083459590
v -0.040999880 -0.009333188 0.078843830
v 0.009306085 0.044193940 0.075239690
v 0.009237858 0.045582824 0.064705625
v 0.015333504 0.036630971 0.095946064
v -0.043626129 0.034840322 0.025328852
v 0.004989184 0.053782391 0.021314834
v 0.005220136 0.053344888 0.016141166
v -0.057589723 -0.030836167 0.028362736
v -0.011884157 0.051142550 0.237987272
v 0.015904132 0.066783749 0.224230784
v 0.013789159 0.066059484 0.219756289
v -0.033727977 -0.025227097 0.078682893
v -0.065106914 -0.012987462 0.000045849
v -0.065135581 -0.012841738 0.000044347
v -0.064214981 -0.008874630 0.009635488
v -0.063609762 -0.016643223 0.004488868
v 0.024939961 0.065739667 0.226642984
v 0.021506656 0.066549181 0.228006443
v -0.007441633 0.043939504 0.055754948
v -0.003438273 0.044958683 0.056771860
v -0.005876375 0.044143144 0.061415563
v 0.016646688 0.067192596 0.228792984
v -0.026729498 0.041867664 0.239081191
v -0.027639959 0.039391251 0.239295342
v -0.043957542 -0.007831851 0.070007123
v -0.043081614 -0.002443586 0.074743240
v -0.007055009 -0.033147035 0.093080960
v 0.011061434 0.066424209 0.221775770
v 0.012919821 0.067020132 0.224844480
v 0.007684948 0.066509971 0.223906124
v 0.025675765 0.040930457 0.064336312
v -0.025536665 -0.026757449 0.085615235
v 0.028054831 0.038286686 0.074340071
v 0.027163688 0.037396279 0.078533361
v -0.039476831 -0.016719155 0.076732013
v 0.008606206 0.037955648 0.094840386
v -0.019440801 0.041844731 0.042291681
v 0.023988705 0.066066059 0.229888143
v 0.010025934 0.046479537 0.051257320
v 0.011683802 0.047777001 0.044526923
v -0.015681601 0.047524602 0.237759703
v -0.016145390 0.049113789 0.238830210
v -0.030951990 0.040267469 0.238963910
v -0.029513971 0.040254573 0.239153166
v -0.031096795 0.039126413 0.239468848
v -0.057353098 -0.032801085 0.020157879
v -0.059046655 -0.029638997 0.011341569
v -0.060749034 -0.024712106 0.020937194
v -0.009353949 0.040648130 0.074982487
v -0.014487010 0.037443667 0.075373740
v -0.014758097 0.039285617 0.068659820
v 0.003036413 0.061793656 0.203172216
v 0.006272241 0.063546127 0.208705781
v -0.043448160 -0.011939365 0.069162120
v -0.029291594 -0.028169421 0.080220498
v -0.036537249 -0.018725412 0.080931342
v 0.043273279 0.046140929 0.237016847
v 0.041186221 0.049796716 0.236330586
v -0.042052828 -0.042647836 0.045716045
v -0.021492692 0.037320905 0.234295446
v -0.037047853 0.038030423 0.001516363
v 0.005290726 0.065298973 0.218174581
v -0.019638384 0.043504256 0.037820831
v -0.060389578 -0.016440950 0.034194456
v -0.061237187 -0.020242001 0.028809671
v -0.062158787 -0.014112050 0.029196685
v -0.035368982 -0.027009072 0.074056552
v -0.034327499 -0.028629011 0.073308201
v -0.043637132 -0.016165363 0.065714873
v -0.046055677 -0.010229900 0.061952052
v -0.057423299 -0.024339052 0.037421552
v -0.059062895 -0.025676689 0.031136552
v -0.035461586 -0.021975042 0.079733823
v 0.001488452 0.063990253 0.214651172
v -0.059525940 -0.021644597 0.033928386
v 0.013022588 0.051871328 0.004140443
v 0.013575924 0.051844047 0.004169442
v 0.016836494 0.052924564 0.011899780
v -0.052000494 0.012196874 0.042622856
v -0.048358022 0.010582559 0.048973703
v -0.050669227 0.006203112 0.048100396
v -0.048664410 0.029264252 0.000907565
v -0.033826711 -0.027657547 0.075203540
v -0.041746794 -0.015031548 0.071973690
v -0.047947693 -0.027629366 0.051212879
v -0.051154580 -0.025679202 0.047457689
v -0.047654626 -0.023808313 0.053500415
v -0.038579869 0.008555203 0.204084996
v -0.040020246 0.011528280 0.208030974
v -0.063998505 -0.001194745 0.017065789
v -0.064555243 -0.003188311 0.008691841
v -0.065095078 -0.007099233 0.003519338
v -0.005310201 0.042419731 0.075092510
v -0.002434261 0.044249208 0.070011682
v -0.001067902 0.042330559 0.080142690
v -0.024647631 0.040783156 0.038366674
v -0.023152546 0.043616423 0.033655649
v 0.005524855 0.034802091 0.116081889
v 0.010311835 0.034899670 0.115716614
v 0.006640705 0.035082132 0.122325685
v -0.028340537 0.033450745 0.240583779
v -0.062884988 0.004581384 0.020240738
v -0.062257031 0.001958398 0.026878448
v -0.012083163 0.048936202 0.236682819
v -0.011158556 0.046591047 0.234492750
v -0.014591298 0.046321526 0.235980774
v 0.041817820 0.044419811 0.236531235
v 0.007808854 0.062557985 0.205171446
v -0.026126394 0.043313877 0.004852037
v -0.020799588 0.045584323 0.006274477
v -0.023695858 0.045077713 0.010451398
v 0.037340707 0.051887658 0.236238742
v 0.038563823 0.049858329 0.236407966
v -0.023185976 0.044725903 0.002242833
v -0.027591197 0.042997354 0.002011965
v -0.010518708 0.048780936 0.002906696
v -0.008669163 0.049167680 0.006253719
v -0.015687501 0.047194831 0.004459600
v -0.014695321 0.047567569 0.002687809
v -0.037837971 -0.023013421 0.074653914
v -0.021264320 0.041079757 0.236840544
v -0.061359950 -0.023381966 0.007511853
v -0.017913350 0.044412807 0.236733008
v 0.027025916 0.064752540 0.230232936
v -0.021020869 0.045670467 0.002356301
v -0.028255572 0.037645083 0.239738848
v 0.002168815 -0.023922776 0.114181448
v -0.003438949 -0.022903525 0.114756165
v 0.052549111 0.041830459 0.218952299
v 0.052872319 0.043095457 0.225634533
v 0.049829088 0.047210148 0.222113137
v -0.047673169 0.016433139 0.045444126
v -0.046263429 0.021324027 0.042109267
v -0.043877245 0.020569234 0.047491773
v -0.046849345 -0.004157713 0.060821805
v -0.056431538 -0.007940418 0.042964096
v -0.053976868 -0.002465045 0.046146643
v -0.045819126 0.013899292 0.050714208
v -0.043990572 0.012788522 0.057081016
v -0.046383038 0.010006815 0.053820614
v -0.043082377 0.027521799 0.039259928
v -0.044797745 0.024543140 0.040393096
v -0.047927557 0.023359103 0.037677690
v -0.057031762 0.021739290 0.015959695
v -0.054329781 0.024978146 0.023237906
v -0.057418675 0.020182679 0.023920449
v 0.011099734 0.067299207 0.228103720
v 0.002487219 0.065248413 0.218250333
v -0.016983221 -0.007268242 0.143510338
v 0.021284457 0.066402176 0.231046650
v 0.024252870 0.065545365 0.231833522
v -0.031120080 0.036981593 0.239968264
v -0.059752476 0.017171487 0.010566461
v -0.057197528 0.018806048 0.028379255
v -0.057517447 0.016063486 0.031347640
v -0.059708888 0.014768214 0.025793418
v -0.055941132 0.022011580 0.027311250
v 0.053390157 0.002474780 0.238104604
v 0.055669422 0.005257300 0.236573311
v 0.054490175 0.002187912 0.235107086
v -0.043208561 -0.020844501 0.063632744
v 0.056209036 0.004829868 0.232361735
v 0.056643421 0.009182151 0.237727129
v 0.053894466 0.005474095 0.239624644
v 0.054186503 0.009051444 0.240387361
v 0.055099610 0.038078218 0.222060484
v -0.003592353 -0.015634824 0.242899203
v 0.050954197 0.046426596 0.229708370
v 0.047507495 0.050763944 0.230390957
v -0.005075404 -0.019777224 0.243896420
v -0.007527702 -0.020383770 0.243687035
v -0.026035020 -0.030803536 0.080592847
v -0.028652930 -0.031773482 0.076609689
v -0.045214498 -0.005265797 0.066297632
v 0.018726026 0.063390847 0.235952139
v 0.015705584 0.065123368 0.235084702
v 0.018718268 0.064973575 0.234460895
v 0.027176829 0.061891342 0.235136673
v 0.025575667 0.063933600 0.233578724
v 0.028687086 0.062599923 0.233714445
v 0.026208192 0.060813768 0.236131957
v -0.001413747 -0.014933619 0.243028805
v 0.000070231 -0.015855242 0.244448668
v -0.002012137 -0.016173801 0.244017409
v 0.000525541 -0.013270112 0.242276128
v 0.002492064 -0.015280654 0.244165893
v 0.000673888 -0.015055662 0.243846137
v 0.018650511 0.051394647 0.232477526
v 0.021912696 0.063984986 0.234774544
v 0.021720210 0.065472388 0.233370491
v 0.029781483 0.028781398 0.097969474
v 0.011640228 0.045606306 0.057061066
v 0.014798849 0.045500158 0.051206568
v 0.027763642 0.028675586 0.104282501
v 0.026257287 0.030456176 0.101881779
v -0.008518325 0.050551638 0.029535008
v -0.008024174 0.049398843 0.034070520
v -0.011256365 0.049323619 0.031426233
v -0.005506571 -0.018824561 0.243749141
v 0.008564372 0.051430585 0.034987356
v 0.002509445 0.051122432 0.035191966
v 0.008050194 0.053270097 0.028982218
v -0.020865374 0.040545384 0.234775092
v 0.011501749 0.035142746 0.108344889
v -0.000222190 -0.014974907 0.243094242
v -0.041029690 -0.019738672 0.069809662
v 0.026932127 0.028208194 0.110830037
v -0.003367479 -0.017327198 0.244319619
v -0.025583476 -0.033383424 0.077851907
v -0.004588548 -0.018572380 0.244105702
v -0.050711322 0.018308276 0.039367833
v 0.002503397 0.045662226 0.059826476
v 0.030897117 0.025981583 0.104350927
v 0.037873617 -0.017292241 0.234726330
v 0.038915116 -0.015906273 0.231919886
v 0.037424784 -0.018256068 0.232157851
v -0.001578702 0.044989256 0.063435610
v 0.001505775 0.045157344 0.067489053
v 0.018162869 0.046124816 0.043906222
v 0.018065073 0.066483051 0.232601538
v -0.040809069 -0.024349386 0.066204241
v -0.020095135 0.031348927 0.151867533
v -0.018565330 0.035243368 0.154656897
v 0.049196175 0.047488162 0.233423876
v 0.049822793 0.045564481 0.234616978
v 0.047879563 0.046680748 0.235162684
v 0.029698298 0.060936499 0.235169552
v 0.031403655 0.059104211 0.235477514
v 0.046604119 0.043723359 0.236744564
v 0.044321170 0.042694414 0.237090223
v -0.015613458 -0.037028082 0.079568636
v -0.010587400 -0.037769971 0.081988330
v -0.027680983 -0.034413193 0.073253400
v -0.054395448 -0.026456908 0.042015865
v -0.052595374 0.027189662 0.016038951
v -0.050200441 0.029710761 0.022182638
v -0.030636741 -0.033182122 0.071575094
v -0.062282933 -0.004161623 0.029568592
v -0.060331679 -0.000852378 0.034868835
v -0.061191402 -0.008733449 0.033479358
v -0.019884393 -0.035523954 0.079133127
v -0.023847510 -0.035645667 0.075528542
v 0.048787097 0.044498399 0.235579767
v 0.046022749 0.046501895 0.236171878
v -0.000061541 0.047770042 0.044330599
v -0.001256634 0.045785804 0.052410542
v 0.050989285 0.045320264 0.233226906
v 0.045780969 0.049487564 0.235116222
v -0.059077955 -0.006106361 0.038151419
v -0.057743055 -0.002721402 0.040382241
v 0.029046289 0.001788907 0.231034875
v 0.032814002 0.005992869 0.229847888
v 0.035895217 0.003649105 0.232837706
v 0.027272383 0.005741330 0.228024225
v 0.032908762 0.000656966 0.234089796
v 0.029803472 -0.000143784 0.233359163
v 0.029876077 0.008389115 0.227831274
v 0.032771648 0.008161114 0.228998088
v -0.055544796 0.009079717 0.040007606
v -0.055501008 0.015466292 0.036246852
v -0.052261817 0.021043744 0.035372163
v 0.027334677 -0.001311801 0.233423359
v -0.050837789 0.000519023 0.049841314
v -0.048781730 0.002138645 0.053454761
v -0.055193313 0.023867890 0.011123570
v -0.023623417 0.035013971 0.236125918
v 0.040246089 0.006235460 0.234723796
v 0.037497839 0.007935681 0.231522305
v 0.039255464 0.003793465 0.236057915
v 0.034652705 0.008383326 0.229772395
v -0.042924148 0.031181124 0.034611195
v -0.045489430 0.031411858 0.030365543
v 0.052918395 0.042952051 0.231372007
v 0.055079729 0.039589930 0.228408626
v -0.059258818 0.008836357 0.033157685
v -0.061437704 0.008502895 0.026053588
v -0.011826058 -0.039496515 0.076614350
v -0.019598543 -0.037458815 0.074401489
v -0.053882980 0.004299148 0.044385176
v -0.057135530 0.002995871 0.040136178
v -0.045328638 0.017104607 0.048787196
v -0.062212595 0.009960720 0.018303129
v -0.059502886 0.017383891 0.019067917
v 0.015433285 0.066838998 0.232124601
v 0.000979194 0.065007088 0.236126908
v -0.001318588 0.065462535 0.234474718
v 0.011911795 0.067122662 0.231724052
v -0.025564008 0.033424492 0.238072871
v -0.025125968 0.019038015 0.239733189
v -0.026210723 0.019361059 0.241236555
v -0.025872669 0.021589268 0.240650236
v 0.004534289 0.066535837 0.230638442
v -0.060730326 0.014014631 0.019998885
v -0.021808346 0.036432848 0.061132626
v -0.021299719 0.034606554 0.069690153
v -0.058506029 -0.032081526 0.004954095
v -0.059928382 -0.028392892 0.005943635
v -0.021496040 -0.012294654 0.246586651
v -0.013241855 -0.017747531 0.246642161
v -0.014613735 -0.018554826 0.245011147
v -0.011525348 -0.019690648 0.244003712
v -0.003718125 0.062070895 0.237654402
v -0.007847189 0.062144503 0.236921496
v -0.003117363 0.063971008 0.236533639
v -0.020434489 -0.009486073 0.247359083
v -0.020648319 -0.010856877 0.247149093
v -0.022421983 -0.009101760 0.247118915
v -0.021320846 -0.006973884 0.247315683
v -0.002752571 0.064765843 0.228592507
v 0.000418288 0.063551990 0.237364919
v -0.023415400 -0.002790152 0.246962492
v -0.002679129 0.065119829 0.232032595
v -0.019575072 -0.005137876 0.246851819
v -0.006382564 0.040488263 0.081326720
v -0.013144658 0.049389990 0.028707261
v -0.018975406 -0.011028698 0.247443004
v -0.051374205 -0.034554326 0.041389297
v -0.049385948 -0.035786217 0.043475552
v -0.022111314 -0.000997208 0.246108930
v -0.024977338 0.001362998 0.246224038
v -0.004494654 0.063754746 0.223985384
v -0.019476982 -0.002841584 0.245856963
v -0.020101676 0.047952737 0.020159689
v -0.015750473 0.048987432 0.016931084
v -0.011583129 0.050508256 0.023232535
v -0.007301661 0.063667954 0.235123376
v -0.007696396 0.044897798 0.049077094
v -0.003583020 0.060503037 0.238021382
v -0.008002129 0.059564620 0.237836236
v -0.010389008 -0.021055103 0.241207003
v -0.009063671 -0.020820498 0.242774663
v -0.016481488 -0.005006557 0.245935148
v -0.019295601 -0.016654875 0.242515878
v -0.018224384 -0.016433464 0.245468530
v -0.016800468 -0.017772962 0.244616502
v -0.018648564 -0.014891313 0.246517968
v -0.020703584 -0.015167196 0.245434517
v -0.021721569 -0.014700144 0.243639536
v -0.014925182 -0.019305258 0.241929960
v -0.026122514 0.013232469 0.121064377
v -0.020910032 0.047076404 0.015105843
v -0.015815351 0.047813859 0.010480144
v 0.000502679 0.018388152 0.223624548
v -0.000223842 0.012511977 0.226398526
v -0.003190982 0.015375485 0.226730596
v 0.031349314 0.060506062 0.234575309
v -0.015442056 -0.039581480 0.073383340
v 0.002878182 0.021073733 0.221814124
v 0.001024627 0.025099340 0.222102634
v -0.027075559 -0.036233490 0.070029922
v -0.012768634 0.058738700 0.237020113
v -0.013991743 0.057937014 0.237189541
v -0.023911707 0.003325001 0.244879596
v -0.016206256 -0.016986897 0.246325618
v -0.030727931 -0.035299392 0.068355062
v 0.003143845 0.012816412 0.224912217
v -0.003203669 0.034225077 0.100214973
v -0.002808879 0.033654811 0.103153422
v -0.013372075 -0.007155731 0.245849195
v 0.003067866 0.044388230 0.074314715
v 0.004689738 0.017201248 0.222271707
v -0.027232291 -0.010508630 0.222466504
v -0.011126857 0.060532443 0.236857651
v -0.023319318 0.049601855 0.238158713
v 0.042613291 -0.011907126 0.235474533
v -0.020388254 0.054050617 0.237054576
v 0.044078874 -0.008353866 0.238194877
v 0.047147923 -0.005058737 0.237505319
v 0.046603628 -0.006570835 0.235546220
v 0.043973145 0.048093011 0.236368183
v 0.039284655 -0.015558643 0.234178621
v -0.005629534 0.064410086 0.233607370
v -0.008272369 0.063424933 0.233505742
v -0.033682371 0.040051633 0.001692740
v -0.008583035 0.063035494 0.230305336
v 0.047884036 -0.005981374 0.231883145
v 0.045047468 -0.008743478 0.235038401
v -0.003127814 0.020065268 0.225248291
v 0.046125974 -0.008234172 0.228326891
v -0.018035679 0.056264555 0.236716606
v 0.005473630 0.021655349 0.220702542
v 0.039204157 -0.015080388 0.236164744
v 0.041229821 -0.012101389 0.238438027
v -0.013979382 0.059762491 0.236071861
v 0.001336400 0.039466724 0.089120286
v 0.003608228 0.037366679 0.096136787
v 0.000533782 0.037627124 0.093680213
v -0.003945615 0.039374583 0.086912197
v -0.002235199 0.037355059 0.092483631
v -0.016049995 0.059083934 0.236079730
v -0.055442366 0.020951200 0.031456634
v -0.011162803 0.061821782 0.232831897
v -0.011804977 0.061644354 0.235256295
v 0.042446198 -0.007529310 0.241523373
v 0.041011983 -0.010380042 0.241003320
v 0.023932741 0.062516835 0.235646781
v 0.002059789 0.034477227 0.106836822
v 0.001684330 0.035379586 0.101496831
v 0.023377051 0.049848601 0.232256543
v -0.007563884 0.062842328 0.226121995
v -0.021773952 0.054445977 0.236289933
v -0.022895027 0.052611392 0.237009751
v 0.043375494 -0.010579977 0.236962677
v -0.005758380 0.036886067 0.091717143
v -0.005151660 0.051783699 0.026821315
v -0.003162361 0.052480233 0.021891299
v -0.021424288 0.041886441 0.237396526
v -0.020397798 0.042148195 0.236421696
v 0.037028503 -0.016421043 0.239332298
v 0.001188936 0.034301792 0.121509415
v -0.037008491 0.030023012 0.241285389
v -0.023415974 -0.037477587 0.070440499
v 0.048983671 -0.004228912 0.235297207
v 0.038796149 -0.013440120 0.241028143
v -0.024750548 0.038162968 0.167511630
v -0.023655050 0.042484286 0.171159495
v 0.011543043 0.062878191 0.204079334
v 0.016651116 0.062772379 0.204318951
v 0.004893745 0.042182116 0.082367632
v 0.038622990 -0.011559887 0.242662781
v 0.028125753 0.060671098 0.235766463
v 0.005503494 0.060041254 0.190328213
v 0.008497044 0.060067074 0.191165332
v 0.012229083 0.060412468 0.195247310
v -0.061379866 0.013509862 0.013239552
v -0.027862263 0.041421756 0.180841999
v -0.024863949 0.043514900 0.175925421
v -0.022099026 0.047198131 0.181055041
v -0.037831777 0.030494902 0.239773836
v 0.020375783 0.050878234 0.004525808
v 0.015362128 0.051543991 0.004263053
v -0.007881597 0.034694277 0.094783145
v 0.031334635 0.061757674 0.232972147
v -0.039484320 0.027000567 0.233942931
v 0.016319207 0.065601602 0.233800333
v 0.015690637 0.066300237 0.233218619
v -0.019223122 0.038733704 0.055880050
v -0.043655269 0.017283378 0.052485821
v -0.002945165 0.032813145 0.110539265
v 0.001793549 0.034068270 0.113384836
v -0.011407661 -0.021028667 0.237667636
v -0.014683564 -0.019686366 0.237985148
v 0.000168956 0.052600676 0.016223836
v -0.008334386 0.050685184 0.015253718
v -0.002137458 0.051119202 0.010561304
v -0.029911304 -0.037952657 0.064432666
v -0.026364258 -0.037626031 0.067632929
v -0.024521203 -0.040362985 0.064249821
v 0.007007913 0.034992173 0.109586706
v -0.018788565 0.047962118 0.026222342
v -0.034938553 0.034270721 0.240505824
v -0.033410123 0.033499522 0.241239004
v -0.016881444 -0.018417592 0.237944570
v -0.007080316 0.031703840 0.107518135
v -0.008947668 0.032127831 0.101364274
v -0.009479223 -0.001745169 0.238607213
v -0.009215293 0.002514095 0.235402991
v -0.006881761 -0.002613701 0.237528680
v -0.003867700 -0.001609039 0.235196464
v -0.013045858 0.000676898 0.238801606
v -0.000347619 0.000210584 0.232721256
v 0.001325890 0.006117546 0.229050375
v 0.004161543 -0.000370767 0.231823071
v 0.005464530 0.008699153 0.226346889
v 0.006827403 0.004220824 0.228293048
v -0.035826072 0.035585121 0.238277807
v -0.037443030 0.031263628 0.237779350
v 0.021845776 0.061183944 0.201363623
v -0.006910006 0.006306508 0.232172248
v -0.003857780 0.003436696 0.232209970
v -0.028342980 0.045178853 0.238577056
v -0.048339874 -0.031699061 0.048313798
v -0.003227371 0.051209169 0.031961234
v 0.001028008 0.052750853 0.028061553
v -0.058803368 -0.011901895 0.038776505
v -0.014989592 0.040278579 0.062075426
v -0.031471813 0.042355067 0.025776036
v -0.026097694 0.045599433 0.023090256
v -0.024343040 0.044933115 0.028753652
v -0.036777646 0.032261244 0.235029632
v -0.030067211 0.045304439 0.237988001
v -0.030611866 0.045688360 0.234666779
v -0.062690824 -0.008917691 0.027960821
v -0.061028533 -0.027219177 0.000259588
v -0.060538374 -0.028434892 0.000798679
v -0.060695711 -0.028269971 0.000277031
v -0.065908013 -0.007978954 0.000003866
v -0.065981773 -0.005491668 0.000000000
v -0.033791783 0.038261116 0.239137947
v -0.018834676 0.011284779 0.236155029
v -0.015588511 0.043126169 0.233533514
v -0.033702236 0.039797820 0.235069452
v -0.033630937 0.040206849 0.238211601
v 0.050416827 0.041240703 0.235840518
v -0.065145122 -0.012702477 0.000043847
v -0.038698472 0.035583934 0.032288347
v 0.054568417 0.039995183 0.232474775
v 0.052937776 0.041641723 0.234267543
v -0.011481455 0.042590923 0.230944985
v 0.024643270 -0.004804380 0.236254129
v 0.018175507 -0.005451686 0.235020384
v 0.022700895 -0.001378453 0.231960805
v -0.015427323 0.038986499 0.230256948
v -0.009502784 0.049204611 0.235802447
v -0.031116761 0.041915273 0.238620841
v -0.032221612 0.038395630 0.239259930
v -0.030406453 0.040437672 0.031848940
v -0.011392901 0.037465734 0.227868323
v -0.012497635 0.039005251 0.229027661
v -0.009014290 0.040236361 0.228083103
v -0.000585646 0.050275348 0.232982327
v -0.007391756 0.043732351 0.229894003
v -0.007929183 0.045822108 0.232347955
v -0.004436896 0.046363566 0.231017699
v -0.009596667 0.037283571 0.227105772
v -0.063348200 -0.006660493 0.021970069
v -0.006222236 0.037844988 0.226073423
v -0.003210032 0.042919065 0.227513957
v -0.004991405 0.030326600 0.225177615
v -0.007251011 0.026156221 0.226417904
v -0.008650537 0.030577314 0.226349867
v -0.031797577 0.043038055 0.237448577
v -0.000502868 0.047216515 0.229946539
v -0.017584553 0.040707569 0.232671584
v -0.018708911 0.042039630 0.234623826
v -0.021358648 0.011755794 0.237918135
v -0.004100318 0.009765362 0.229400488
v 0.011739517 0.051838114 0.004073200
v 0.006507721 0.051958277 0.003799013
v -0.011187500 0.010647382 0.232362648
v 0.048098204 0.036543541 0.237169474
v 0.047389152 0.040277728 0.236944396
v 0.050109108 0.038393268 0.236502789
v -0.000860264 0.038180973 0.224371299
v -0.003548187 0.036143313 0.224787736
v -0.001133092 0.035422685 0.223925079
v -0.002548609 0.033377596 0.224177581
v -0.053018579 0.007893076 0.043759476
v -0.015695430 0.011588368 0.234342415
v -0.014257953 0.009533026 0.234535802
v 0.003496058 0.049778617 0.230575135
v -0.001304274 0.022580811 0.223660890
v 0.005933987 0.039602118 0.089779758
v -0.018870920 0.016584005 0.234463060
v -0.015010514 0.014975092 0.232712129
v -0.001464798 0.024765566 0.223693727
v -0.023666235 0.012792249 0.239752294
v -0.022530983 0.017009557 0.237326096
v -0.003085820 0.026835407 0.224360913
v 0.009276097 0.050308044 0.230131404
v -0.006778701 0.013908609 0.229133246
v -0.009766097 0.015758858 0.229787658
v 0.052094316 0.038478307 0.235851545
v 0.052284453 0.035736643 0.236528540
v -0.012361099 0.020421295 0.229487200
v -0.016383892 0.022145619 0.230846137
v -0.015274041 0.025101801 0.229585794
v -0.012737602 0.016290224 0.231090639
v 0.001330727 0.045705414 0.227958834
v 0.018806409 0.047411274 0.229113003
v 0.044798901 0.039362401 0.237061939
v -0.006979773 0.018491839 0.227720224
v -0.006139513 0.021975913 0.226555824
v 0.053579897 0.039422304 0.234659991
v -0.002874680 0.049438082 0.037509099
v 0.007736701 0.024433584 0.220157087
v 0.004610142 0.026729233 0.220960513
v 0.007437234 0.028890233 0.220712243
v 0.006838600 0.034301666 0.221865276
v 0.010708155 0.031132937 0.220883594
v -0.013801323 0.029894771 0.228378481
v -0.012140058 0.031402511 0.227314784
v -0.011517933 0.028666953 0.227356876
v 0.051261769 0.043556370 0.234423030
v 0.001838312 0.032404841 0.222296894
v -0.001366919 0.029999399 0.223416840
v 0.024506215 0.047232159 0.230111866
v -0.011411344 0.035545887 0.227500104
v -0.009243647 0.035363798 0.226592330
v -0.020960533 0.018895227 0.235419149
v -0.020270399 0.034965983 0.232424221
v -0.019451768 0.037096252 0.232161031
v -0.018588243 0.035800306 0.231247362
v -0.003540015 0.023701561 0.224895208
v -0.020554100 0.014066277 0.236141654
v -0.010064275 0.032629632 0.226604732
v -0.010721686 0.030735638 0.226699525
v -0.030205085 0.041325734 0.239036801
v -0.028672657 0.042605096 0.238804853
v -0.018639053 0.038694120 0.231105457
v 0.025985280 0.046038045 0.229596813
v 0.028445450 0.046703408 0.230791710
v -0.021238848 0.029386221 0.233104723
v -0.022613229 0.028825588 0.234874452
v -0.022686669 0.031330988 0.234710613
v 0.002949495 0.042214710 0.225273786
v 0.009760605 0.019706846 0.220113090
v -0.013720257 0.036918363 0.228745087
v -0.012766073 0.035755877 0.227847391
v 0.013400707 0.039193588 0.223357427
v 0.007577560 0.039051185 0.223340336
v 0.009001202 0.044319051 0.225895656
v 0.029142939 0.063731559 0.226489921
v -0.011634089 0.033519146 0.227102776
v -0.024238856 0.021838366 0.238355758
v -0.022097686 0.021114446 0.236067641
v -0.022290784 0.009287549 0.239641353
v -0.015552904 0.032199141 0.229101896
v -0.015737602 0.028584351 0.229308091
v -0.018540268 0.028629096 0.231148060
v 0.004997838 0.046731274 0.227763237
v -0.008795921 0.022172775 0.227717215
v 0.032288550 0.040447595 0.228907966
v 0.033900133 0.040630956 0.229929854
v 0.032937981 0.038144060 0.228342207
v -0.020042056 0.020977814 0.234148123
v -0.017462522 0.036572013 0.230244361
v -0.020131312 0.038961997 0.233159018
v -0.019281057 0.040253573 0.233125755
v -0.014149374 0.034886618 0.228323378
v -0.013186396 0.034077194 0.227880213
v 0.024052043 0.044967014 0.228030904
v 0.014056512 0.050323507 0.230661460
v 0.012882058 0.047378109 0.228090494
v 0.030491106 0.062956012 0.230168098
v -0.018212299 0.020889287 0.232458531
v -0.015526376 0.018646216 0.231637502
v 0.015380436 0.043815591 0.225902881
v -0.016117744 0.036847759 0.230041799
v 0.010426644 0.035432978 0.222044865
v 0.028850025 0.063584757 0.232188139
v 0.020421213 0.043638799 0.226352497
v -0.015881341 0.035550350 0.229426958
v 0.027296015 0.044762674 0.228784505
v -0.012625675 0.002763216 0.237060280
v -0.023855564 0.032661665 0.235903301
v 0.014372497 0.033734698 0.221494119
v 0.032360656 0.059356216 0.234112568
v -0.020675665 0.031902464 0.232591701
v -0.021925329 0.033871237 0.234094424
v 0.027028619 0.042656391 0.227224330
v -0.023099897 0.033246431 0.235230079
v 0.030963795 0.039949304 0.227753585
v -0.017901261 0.022924643 0.231800251
v -0.019513176 0.023624384 0.232735816
v -0.018072297 0.024667707 0.231198068
v -0.013636413 0.032202582 0.227863884
v -0.022261716 0.026144133 0.235103360
v -0.021389378 0.023718036 0.234507400
v -0.022921400 0.024302044 0.236458464
v 0.029148680 0.040488659 0.227135213
v 0.022470525 0.037106542 0.223550263
v 0.019197804 0.040314692 0.224277071
v 0.023607720 0.041434652 0.225520096
v 0.003510136 0.037530926 0.223292504
v -0.024559322 0.025698310 0.238187172
v -0.018580809 0.037064263 0.230958459
v 0.026782384 0.048603398 0.231962455
v -0.013988375 0.027351103 0.228351519
v 0.009089141 -0.000324914 0.230728407
v -0.020818596 0.026507521 0.233271313
v -0.011796201 0.024870720 0.228184743
v -0.023974062 0.030522678 0.236341078
v 0.011478429 0.025191935 0.219732791
v 0.017832633 0.036216935 0.222578720
v -0.022905702 0.030208642 0.235391502
v 0.030095040 0.036563109 0.226301704
v 0.027100325 0.048552510 0.004878226
v 0.025088754 0.049452898 0.004772804
v 0.015493522 0.022836228 0.220071609
v 0.015997968 0.018960324 0.220412157
v 0.012878768 0.020934716 0.219743455
v 0.019174948 0.030824413 0.221481676
v 0.027827427 0.028969166 0.224320113
v 0.023658854 0.026197116 0.222489790
v 0.026130587 0.033068030 0.223946681
v 0.026735650 0.038798884 0.225371757
v -0.023760471 0.027340103 0.236452202
v -0.018080758 0.033617028 0.230612939
v 0.027759584 0.024435171 0.224105978
v 0.030197394 0.031269795 0.225525104
v 0.020328897 0.020991162 0.221337104
v 0.018610047 0.025142181 0.220897366
v 0.015612178 0.026530341 0.220306862
v 0.021998497 0.050449837 0.004610851
v 0.014164088 0.029303272 0.220522470
v 0.027914985 0.031531196 0.224700536
v -0.019232692 0.025944032 0.232034909
v -0.006423568 0.033976902 0.225619221
v 0.030081240 0.021763306 0.225203998
v 0.026494567 0.020232584 0.223617536
v -0.029765912 -0.041343659 0.059646444
v 0.037716816 -0.009730410 0.243981852
v 0.038578441 -0.007037077 0.243901643
v 0.040143017 -0.007895456 0.243209606
v 0.024629874 -0.013763812 0.246258649
v 0.029875485 -0.011676037 0.245452678
v 0.029314239 -0.014583964 0.245992416
v 0.033880983 -0.010827465 0.245008394
v 0.026868521 -0.010367830 0.244390426
v 0.036243348 -0.008271080 0.244179029
v 0.029962228 -0.018103709 0.244230690
v 0.032146095 -0.016947481 0.243923130
v 0.030520025 -0.018582469 0.243221177
v 0.034638196 -0.013861004 0.244299342
v 0.035275427 -0.006428562 0.243259435
v 0.028693743 -0.019088624 0.243867354
v 0.021002181 0.016151048 0.222237258
v 0.041075645 -0.006122948 0.243041145
v 0.030273973 -0.016643408 0.244987622
v 0.034359929 -0.016110765 0.243001516
v 0.026032188 -0.018200191 0.245522812
v 0.035717558 -0.016230839 0.241443670
v 0.034212566 -0.018274946 0.240629927
v 0.032523684 -0.018375348 0.242017357
v 0.023701349 0.017974703 0.222753547
v 0.027869007 0.015173450 0.224821635
v 0.028377296 -0.020187063 0.243547940
v 0.030845476 0.025781753 0.225470632
v 0.032392306 -0.017485583 0.242893578
v 0.029796079 -0.020391431 0.242591876
v 0.028157570 -0.018411436 0.244489223
v 0.026504871 -0.019787032 0.244253373
v 0.040308556 -0.009359576 0.242754088
v 0.031535524 -0.020403795 0.241048410
v -0.007113958 0.049630955 0.003085131
v -0.001144588 0.050885355 0.003397973
v 0.040854610 -0.014521972 0.228991759
v 0.013096309 0.017915865 0.220333118
v 0.011938812 0.050114520 0.037862912
v 0.006721966 0.049369390 0.041073454
v 0.029944638 0.048653092 0.232677501
v 0.030595493 0.047198815 0.232083599
v 0.031111699 0.049697186 0.234102247
v 0.031640496 0.045794773 0.231491725
v 0.032119698 0.047787406 0.233194055
v 0.033990997 0.045944491 0.232729240
v 0.035802458 0.042703247 0.232259017
v 0.037536037 0.044772380 0.234205446
v 0.020448412 0.063330693 0.208195538
v -0.019097112 -0.039707047 0.068970448
v 0.011987916 0.003425419 0.227826764
v 0.012310344 0.000214873 0.230004983
v 0.012321559 -0.002269985 0.231797453
v 0.023097877 0.002882306 0.228790645
v 0.019146876 0.000564986 0.229792468
v 0.008995010 0.008502891 0.225398729
v 0.017618870 0.004586910 0.226925580
v 0.015139473 0.000458518 0.229676662
v 0.006524766 0.012627605 0.223845797
v 0.009695830 0.012538928 0.223010220
v 0.012262033 0.014652180 0.221537100
v 0.016161271 0.015423656 0.221368476
v 0.021921073 0.007169137 0.225894542
v 0.007478351 0.015285220 0.222247294
v 0.013552763 0.009189747 0.224207051
v 0.020095743 0.011868278 0.223354140
v 0.017825047 0.008978855 0.224390908
v 0.015803232 0.012049177 0.222636455
v 0.009282000 0.015974885 0.221423787
v 0.007164435 0.018055258 0.221156328
v 0.004413991 -0.013858620 0.243183014
v 0.025344581 0.009537211 0.225679698
v 0.024507076 0.012813340 0.224207398
v -0.027002196 0.031817166 0.239810537
v -0.025712101 0.029209537 0.238886919
v -0.027280813 0.030329649 0.240400383
v 0.027922289 -0.008255730 0.242301530
v 0.026397669 -0.008768324 0.242726995
v -0.064196208 -0.017442057 0.000093577
v -0.063079681 -0.020863152 0.000152092
v -0.004405100 -0.008721024 0.239325126
v -0.005983293 -0.007412893 0.240352385
v -0.004269524 -0.005772937 0.237924345
v 0.030799400 -0.005152547 0.239643248
v 0.032403985 -0.004955158 0.240259963
v 0.030926594 -0.006030585 0.241138107
v 0.000642603 -0.005206266 0.235844149
v 0.016929356 -0.002352478 0.231938202
v -0.030825130 0.035864904 0.240387230
v 0.044525622 -0.010274259 0.224720210
v 0.042519672 -0.013418158 0.225594622
v -0.009038537 0.042461850 0.067280081
v -0.062539060 -0.022846374 0.000180425
v 0.019561336 0.058939703 0.193995314
v 0.042495301 0.041466233 0.236590760
v 0.040646793 0.043098062 0.235774369
v 0.038432950 0.042559169 0.234000808
v 0.041513427 0.041087068 0.235718554
v -0.060566785 -0.028790833 0.000283787
v 0.042535975 0.037666082 0.235972657
v 0.040172229 0.040242146 0.234739688
v 0.037145513 0.039845846 0.232007279
v 0.045291975 0.035813348 0.237050949
v 0.044622696 0.033678516 0.236561186
v 0.038398677 0.038983544 0.233013456
v 0.040216105 0.036004830 0.233901824
v 0.037466781 0.036056467 0.231441068
v 0.035095055 0.037972905 0.230056671
v 0.043092295 0.031819443 0.235494987
v 0.045501703 0.030815087 0.236878305
v 0.040019655 0.030100021 0.232626910
v 0.034788890 0.032745647 0.228549952
v 0.033526730 0.027334812 0.227058341
v 0.034625666 0.021551416 0.227650350
v 0.031208051 0.018440713 0.225858422
v 0.038068312 0.025621946 0.230342454
v 0.028282740 0.011214609 0.226095042
v 0.040273660 0.019588810 0.231876946
v 0.036074606 0.015033145 0.228973355
v 0.049226002 0.017724897 0.239250841
v 0.045499219 0.018427735 0.236637478
v 0.047102979 0.019953864 0.237887507
v 0.032600896 0.010801486 0.228069525
v 0.036316520 0.010639519 0.230058981
v -0.026968308 0.028265255 0.240812380
v -0.027454268 0.026530486 0.242080529
v -0.028183227 0.029130063 0.241926720
v 0.046858305 0.015409453 0.237935052
v 0.042520798 0.014767463 0.234190750
v 0.039134024 0.011554802 0.231692862
v -0.055857560 -0.036034260 0.011201607
v 0.045186995 0.012204013 0.237034747
v 0.046676761 0.010794442 0.238889549
v 0.043986033 0.008458805 0.237231722
v -0.017461816 -0.002569902 0.244536333
v -0.020368818 0.000034094 0.244554521
v -0.007918998 -0.005051571 0.240031413
v 0.041566709 -0.003049333 0.242915744
v 0.042327172 -0.003811159 0.242521894
v 0.040011996 -0.004431074 0.243323498
v -0.049464175 -0.041446608 0.035849825
v -0.005375425 0.057865930 0.196024848
v -0.009922887 0.055854431 0.200182229
v -0.010078979 0.055388861 0.193618645
v 0.044324792 0.022992207 0.235694486
v -0.032999396 0.033687674 0.241224972
v -0.032388909 0.032545080 0.241731198
v -0.028267296 0.011560985 0.110243765
v -0.006035263 0.059115943 0.206612295
v -0.004338396 0.058976060 0.201368883
v -0.001455368 0.060658807 0.203544558
v 0.041699894 0.010266103 0.234272310
v -0.032815838 0.029424287 0.242797733
v 0.046679349 0.008695226 0.239867609
v 0.044930083 0.005729633 0.239848611
v 0.047713280 0.013137924 0.239077511
v 0.029110124 0.047745591 0.004983555
v -0.018330589 0.046475268 0.002497293
v 0.046814540 -0.006925192 0.224362601
v 0.040854246 -0.002477481 0.242900468
v 0.036833366 -0.006818783 0.243917253
v 0.037477688 -0.005521733 0.243338310
v 0.022891000 -0.008359501 0.240579066
v 0.023247516 -0.006947825 0.238877253
v 0.025991118 -0.007093801 0.240448040
v 0.025272387 0.058383268 0.195652816
v 0.042046256 0.002642981 0.239896448
v 0.042027357 0.005096536 0.237619535
v 0.007173542 0.061436969 0.198829255
v 0.038409392 -0.003097126 0.242202937
v 0.002272475 0.060476676 0.195054283
v -0.047574615 0.006063485 0.053696073
v 0.040708768 0.003387991 0.238018928
v 0.048572569 0.011532477 0.240191315
v 0.037652412 -0.000612917 0.239411821
v 0.040922566 -0.000166753 0.242066657
v 0.036449009 -0.004855758 0.242550902
v 0.035032039 -0.004208367 0.241023987
v -0.027378758 0.022321683 0.242404730
v -0.029139226 0.025859305 0.243322062
v 0.039557355 0.002237337 0.237988792
v -0.002299086 -0.011710052 0.240096372
v 0.036721419 0.001433565 0.235898897
v -0.031964852 0.034807976 0.240876640
v 0.030534348 -0.007637832 0.242825662
v 0.032818404 -0.006110351 0.241947614
v 0.049002492 -0.004790031 0.227318135
v -0.026429633 0.015341809 0.242081739
v -0.025347400 0.013356204 0.241637901
v -0.030252562 0.030680921 0.242382952
v -0.028343814 0.031358695 0.240983110
v -0.025169815 0.016122938 0.240773679
v -0.025992100 0.025032194 0.240304757
v 0.034116987 0.053241490 0.236652488
v -0.024495189 0.009895927 0.242001286
v 0.005969314 -0.012163153 0.241275691
v 0.004228647 -0.010702109 0.239685284
v 0.006928021 -0.010290930 0.239688496
v -0.025305464 0.008222658 0.243276732
v -0.026315118 0.009930524 0.243560437
v -0.021494877 0.003345444 0.242860990
v 0.032042892 0.057073122 0.236208237
v -0.001956490 -0.008020809 0.238073547
v -0.002824330 0.061999434 0.211830720
v 0.014673353 -0.009111452 0.239245454
v 0.013136657 -0.010917608 0.241399513
v 0.012193710 -0.009331201 0.238921237
v -0.024740799 0.052096340 0.236928814
v -0.011589804 -0.003260340 0.241228660
v -0.029254240 0.048173045 0.230298854
v -0.029669789 0.046638805 0.221526029
v -0.026975791 0.050366887 0.226957119
v 0.052799252 0.000474861 0.236491764
v 0.001092857 -0.009774067 0.238977923
v 0.003134225 -0.011915538 0.241141179
v -0.022909709 0.054704631 0.235966953
v 0.032776768 -0.003263303 0.238454621
v -0.030361062 0.033084447 0.241339939
v -0.024054623 0.006260748 0.243119439
v -0.045274222 -0.001568334 0.065968892
v -0.044337981 0.003047114 0.069021931
v 0.024276890 -0.009079559 0.242714587
v 0.047430757 0.032111050 0.237577312
v -0.015653876 -0.001513846 0.242157753
v 0.011758649 0.054201344 0.023300952
v -0.029678932 0.040909178 0.193088032
v -0.028440709 0.041288131 0.187533915
v -0.018259981 -0.001078773 0.243619277
v -0.031278300 0.037736585 0.186482608
v -0.014695635 0.060292319 0.232433919
v -0.028196146 0.044809964 0.203241648
v -0.007870883 0.060266674 0.213862133
v -0.008504693 0.061848716 0.220707168
v -0.020423685 0.023397450 0.106664971
v -0.039013209 0.024072797 0.199657642
v -0.038274631 0.022681732 0.191306352
v -0.025857400 0.011707102 0.136466365
v -0.013612393 -0.004900622 0.244085203
v 0.034197080 -0.000879097 0.236460493
v -0.039029014 0.015133236 0.196029019
v -0.037956850 0.028869012 0.205448939
v -0.039552220 0.024550992 0.213612630
v 0.028687231 -0.004801911 0.238477382
v 0.030145667 -0.002025188 0.235374096
v -0.004699747 -0.010734318 0.239599335
v -0.040638749 0.023030596 0.222496796
v -0.023734522 0.016292953 0.127894231
v -0.010601805 -0.007051470 0.244566119
v -0.010098440 -0.005531521 0.242671437
v -0.020762882 0.056172626 0.235735046
v -0.011054500 0.030087326 0.108305833
v -0.012983974 0.029835587 0.102747336
v -0.017824439 0.058147046 0.230979372
v -0.015108857 0.059409561 0.228225772
v -0.001119069 0.060307000 0.198700538
v -0.002197717 0.059047206 0.192258556
v -0.033971647 0.017651254 0.175814765
v -0.012349677 0.060667198 0.223999966
v -0.022445961 0.025832621 0.086298017
v -0.020637628 0.046911633 0.173793668
v -0.011037860 0.057638255 0.210374648
v -0.036412774 0.033618781 0.231220278
v -0.040103392 0.025294922 0.231734150
v -0.022627457 0.054714072 0.228632451
v -0.021118524 0.054649639 0.221865670
v 0.005123180 0.045356765 0.068411920
v -0.007283751 0.056701842 0.189089035
v 0.029073457 -0.006322460 0.240973297
v 0.015536359 0.048437334 0.040054069
v -0.011606408 0.056093105 0.205517815
v -0.009007897 0.044429172 0.157127752
v -0.016191693 0.027680520 0.102842380
v -0.012955943 0.028823045 0.116201372
v 0.014448150 0.034405894 0.118829682
v -0.009146215 0.048800141 0.162981822
v -0.012745513 0.053120665 0.175099721
v -0.015793182 0.049990223 0.171794486
v -0.009913875 0.052820909 0.170079742
v -0.031020880 0.036157293 0.179104739
v 0.017839303 0.033369900 0.115979055
v -0.024449094 0.047859444 0.199651162
v -0.014355244 0.028291023 0.108881702
v -0.033042618 0.033298263 0.182140383
v -0.007905496 -0.007479294 0.242930338
v 0.017173411 0.052473976 0.029868291
v 0.013851514 0.053438778 0.027608754
v -0.032911216 0.041769650 0.227695052
v -0.025935768 0.007401199 0.244238000
v 0.026437169 0.051375102 0.020495509
v -0.036788897 0.032248450 0.226693856
v -0.022663686 0.047986857 0.195410461
v -0.031803615 0.011705932 0.093619270
v 0.028085888 0.059505197 0.200196760
v 0.017924168 0.050224530 0.034800540
v -0.037725044 0.030253368 0.213531227
v 0.012857913 0.052171449 0.032280057
v 0.013291563 -0.007254111 0.236491478
v 0.013686450 -0.004623114 0.233725388
v 0.008085870 -0.004894571 0.234263684
v 0.056021388 0.013074338 0.239296807
v -0.019335400 0.056561383 0.227844392
v -0.017127978 0.050699119 0.177290712
v 0.054496136 0.001518493 0.231478253
v -0.013087079 0.032034197 0.094389595
v 0.008609862 -0.008478300 0.237633190
v -0.035373089 0.036238510 0.227659523
v -0.035222769 0.037297593 0.231797054
v -0.007363804 0.041759917 0.151512493
v -0.011440224 0.054592234 0.180042042
v -0.016704214 0.051408783 0.182050898
v -0.022004669 0.051741609 0.209256526
v -0.024420542 0.048815867 0.205567010
v 0.016860268 -0.008122510 0.238087824
v -0.025575719 0.020616729 0.089195031
v 0.031003390 0.024255538 0.110619722
v -0.021778602 0.019664076 0.125336409
v -0.012955399 0.053611527 0.186893717
v -0.002599233 -0.009925795 0.238956472
v 0.052360606 -0.001464098 0.228725811
v 0.020501890 -0.007548477 0.238708524
v 0.010162000 -0.010465062 0.239969491
v -0.032393098 0.041222359 0.212653528
v -0.031512432 0.013477984 0.090787695
v -0.033747032 0.012186381 0.087839383
v -0.045568619 0.007152201 0.058210509
v -0.029967120 0.016463071 0.088066349
v -0.033449073 0.017391844 0.080839729
v -0.024524926 0.026419201 0.080537129
v -0.027642355 0.021145050 0.083928535
v -0.041567203 0.007384967 0.075219092
v -0.037759624 0.011113433 0.081255097
v -0.018556447 0.033816068 0.076391586
v -0.037509078 0.015937409 0.075577172
v 0.051199533 -0.002321326 0.225177741
v -0.042890651 0.008401323 0.067502727
v -0.035638029 0.020054810 0.073200142
v -0.033070975 0.021903379 0.074867463
v -0.038038146 0.032287435 0.039134727
v -0.040377236 0.013128484 0.071589290
v -0.029362837 0.023438690 0.077487328
v -0.024624488 0.029347079 0.074982038
v -0.031663270 0.023817330 0.073591998
v -0.044704217 0.005925608 0.063214239
v -0.043497259 0.009287129 0.061893702
v -0.041857477 0.013025096 0.063668414
v -0.037310921 0.028834994 0.046488550
v -0.037747766 0.024848319 0.054456786
v -0.040424166 0.024113600 0.049109836
v -0.028711029 0.031074883 0.063055782
v -0.039929934 0.016675368 0.065183129
v -0.036590781 0.038786406 0.027675937
v -0.032955008 0.025319148 0.068498397
v -0.029671904 0.026516815 0.072523999
v -0.038226254 0.018103339 0.069610403
v -0.036443404 0.021977450 0.066827719
v -0.035703190 0.024886802 0.061359753
v -0.038683024 0.021004650 0.061185069
v -0.041467194 0.017160336 0.059100010
v -0.033265048 0.029089382 0.055814627
v -0.028078030 0.033183140 0.056291046
v -0.027975220 0.029452005 0.069588461
v -0.033086697 0.027608728 0.061783611
v -0.041045732 0.021060740 0.053777346
v -0.031192221 0.036447607 0.040011988
v -0.030445958 0.033616808 0.048730653
v -0.024335174 0.036107479 0.054021598
v -0.042494610 0.024695296 0.044006984
v -0.034240926 0.032866846 0.043521087
v -0.046379399 0.001753521 0.059854662
v 0.000664079 0.059692477 0.188134203
v -0.019717023 0.050123712 0.195954819
v 0.008229587 -0.011105548 0.241257210
v -0.035707073 0.035337187 0.219863322
v 0.004989926 -0.009336590 0.238503087
v 0.004463756 -0.007566759 0.236921138
v 0.052181753 0.010485009 0.241700320
v 0.053724131 0.015154073 0.241043102
v 0.054293762 0.012332342 0.240659941
v 0.050705834 0.005118453 0.241819942
v 0.048350408 0.007768779 0.241861668
v 0.045228184 -0.002206918 0.241723835
v 0.045367784 0.000104324 0.242435539
v 0.046458377 -0.000018711 0.242023414
v 0.050714620 0.013896336 0.241155155
v 0.051250321 0.002122229 0.240356182
v 0.049651537 0.000117743 0.240210551
v 0.048362835 0.000939138 0.241416812
v 0.047920755 0.002346889 0.242087829
v 0.047810018 0.003837109 0.242585259
v 0.052670358 -0.000764839 0.231660321
v 0.052871485 -0.000497447 0.233962371
v 0.045299101 0.002811851 0.242082035
v 0.046645619 0.001567477 0.242528180
v 0.043190399 0.001135154 0.242068898
v 0.043646982 -0.004906312 0.241474951
v 0.046572954 -0.003799328 0.239754873
v 0.044824629 -0.006089356 0.239888845
v 0.043350724 -0.000794211 0.242758154
v 0.049191122 0.014415965 0.239810371
v 0.051158792 -0.001859502 0.235887711
v 0.048313805 -0.004058288 0.236705555
v 0.051058485 -0.002509471 0.232908646
v 0.048215414 -0.002601159 0.239420213
v 0.047372434 -0.002073276 0.240466646
v 0.048986681 -0.001439320 0.239483671
v 0.049068701 -0.003019774 0.237859421
v 0.051007746 -0.000366410 0.238624532
v 0.047205816 -0.001010062 0.241422086
v 0.048326063 -0.000860961 0.240758223
v 0.047080927 0.001155089 0.241872701
v 0.041221345 0.048576252 0.194849434
v 0.041961418 0.046576018 0.187041434
v 0.044571446 0.044550221 0.192504036
v 0.023017869 0.050836432 0.030204966
v 0.023999190 0.047798101 0.035609744
v 0.042015699 0.038655135 0.031996404
v 0.037730538 0.041895124 0.032115799
v 0.039286357 0.042536798 0.027430753
v 0.012949322 0.041425784 0.147781387
v 0.012132229 0.039233184 0.142957861
v 0.016532074 0.039232615 0.145528042
v 0.033220436 0.030607133 0.085093126
v 0.034771507 0.031635137 0.078854678
v 0.041104002 0.054283312 0.218673519
v 0.042150512 0.053961142 0.219643873
v 0.040749885 0.054242003 0.219313083
v 0.046140561 0.035819773 0.030272782
v 0.045820043 0.033260846 0.034616887
v 0.024092623 0.034285274 0.142228575
v 0.025825014 0.036552955 0.148003186
v 0.021335535 0.038201417 0.147113282
v 0.044647721 0.027087607 0.043451063
v 0.044643802 0.030316646 0.039605572
v 0.047964901 0.025467436 0.040078023
v 0.032878844 0.025010242 0.138924271
v 0.034672716 0.027907241 0.146454944
v 0.030339720 0.028948359 0.140638577
v 0.024144724 0.029889462 0.118982992
v 0.026302072 0.028428641 0.122279373
v 0.024320393 0.030196067 0.126266804
v 0.026879433 0.031499783 0.139913773
v 0.026548127 0.029725703 0.133391653
v 0.019464800 0.036379508 0.141628945
v 0.038079758 0.024569222 0.087748686
v 0.037894613 0.021627736 0.093120428
v 0.034515612 0.026753422 0.091535524
v 0.032288826 0.030552587 0.146410461
v 0.030552375 0.060808514 0.218218711
v 0.028306792 0.062293350 0.216753667
v 0.030425131 0.060680525 0.214506218
v 0.025085372 0.044333303 0.040909448
v 0.029134227 0.044306985 0.037055132
v 0.038366909 0.038989044 0.036064328
v 0.034063419 0.043067757 0.034930615
v 0.057825099 0.018915320 0.006488443
v 0.058097102 0.018828828 0.008210292
v 0.055766201 0.022661224 0.006380541
v 0.015705064 0.037507221 0.140881422
v 0.045973176 0.042014123 0.176529892
v 0.043576434 0.042568297 0.172242345
v 0.045717384 0.039960415 0.171741554
v 0.017507628 0.043359893 0.152579493
v 0.024019325 0.045624058 0.158414513
v 0.019524990 0.048412498 0.160215114
v 0.030080906 0.026542814 0.133984763
v 0.024064270 0.032455531 0.137130004
v 0.019801991 0.047582484 0.039028643
v 0.027588934 0.040967232 0.045577771
v 0.032618910 0.037666438 0.045676907
v 0.030366497 0.038310119 0.048307493
v 0.037298239 0.051833280 0.194398468
v 0.037737513 0.050236702 0.189223565
v 0.044272915 0.044523525 0.182180040
v 0.041376661 0.047060024 0.182441753
v 0.040951013 0.035174471 0.038475509
v 0.041691799 0.036789408 0.035457583
v 0.034064878 0.039300204 0.040670677
v 0.042197352 0.041617640 0.168655376
v 0.044311951 0.037044471 0.166430912
v 0.025012862 0.041020725 0.153235895
v 0.021358348 0.034218433 0.138006992
v 0.017506726 0.035642596 0.136957197
v 0.032497229 0.057095362 0.204889476
v 0.030891647 0.058356262 0.207752536
v 0.030537948 0.058436356 0.204529860
v 0.015142726 0.035056463 0.131030575
v 0.012187368 0.037022200 0.136855322
v 0.033990658 0.053429998 0.192177071
v 0.030529933 0.056747009 0.196315680
v 0.010411476 0.035937750 0.130719399
v 0.011523195 0.035042586 0.124880300
v 0.035661794 0.022868184 0.097197831
v 0.035643956 0.020060084 0.104186276
v 0.033256036 0.025073955 0.099029961
v 0.007967350 0.035597141 0.127875679
v 0.010035480 0.035552349 0.127900838
v 0.032662391 0.022651928 0.132395120
v 0.034547710 0.021717446 0.137524976
v 0.043085081 0.052951272 0.215966476
v 0.041945625 0.053798603 0.213789159
v 0.044285869 0.051843430 0.213398071
v 0.040194332 0.047795658 0.178635414
v 0.036937613 0.050140268 0.181335206
v 0.034112530 0.051249827 0.178281947
v 0.021116482 0.032821050 0.131480192
v 0.040541751 0.032549362 0.042841915
v 0.054338620 0.037108425 0.213648480
v 0.041563727 0.053825391 0.217091198
v 0.043831406 0.052783709 0.218563707
v 0.037585255 0.043213444 0.165283547
v 0.035092728 0.039943061 0.159276015
v 0.039597785 0.038266316 0.162003884
v 0.029160919 0.047024775 0.032670722
v 0.032386184 0.034697340 0.075456550
v 0.030773669 0.037640770 0.052886186
v 0.027382678 0.039929083 0.050794980
v 0.022346777 0.043836253 0.045268766
v 0.017363457 0.033632467 0.124147877
v 0.046394731 0.042014417 0.187225864
v 0.047284671 0.048274316 0.211507419
v 0.043461857 0.050528284 0.204707563
v 0.038997901 0.052288732 0.199985767
v 0.040431443 0.052603726 0.204488926
v 0.038332139 0.053477367 0.203846794
v 0.035619925 0.032638107 0.072627272
v 0.030242123 0.024818465 0.127689907
v 0.028339870 0.027234745 0.128841774
v 0.038735795 0.049038234 0.183829558
v 0.026699700 0.028440602 0.126824708
v 0.039337627 0.000565778 0.105685993
v 0.038415735 0.001581303 0.110692078
v 0.039421486 0.004131357 0.106248688
v 0.038659855 -0.002107424 0.106618904
v 0.038365412 0.006015301 0.111988689
v 0.039888449 -0.001395182 0.103154364
v 0.039082857 -0.004114095 0.102693197
v 0.058975686 0.021583406 0.235341529
v 0.057216940 0.023785853 0.237317879
v 0.058661918 0.025509261 0.235623930
v 0.060146602 0.020723909 0.213147658
v 0.060821432 0.023027623 0.220142533
v 0.059343327 0.026361958 0.214865138
v 0.054695491 0.023644283 0.239015208
v 0.056136274 0.026644869 0.237560446
v 0.058368968 0.032494349 0.231626935
v 0.060149357 0.028130507 0.229544620
v 0.058688657 0.030106559 0.233680495
v 0.040904971 0.054597208 0.220874751
v 0.039176671 0.054871167 0.223264127
v 0.037656044 0.055251721 0.218508646
v 0.035587146 0.056000948 0.221431068
v 0.023636973 0.042157186 0.049937348
v 0.037017630 0.055471535 0.225646061
v 0.033610988 0.057795449 0.224117930
v 0.041973667 0.054147866 0.223998110
v 0.030488089 0.038039862 0.059430546
v 0.032583017 0.036050240 0.067524652
v 0.040011867 0.054336709 0.218224002
v 0.033552480 0.057349674 0.220948393
v 0.044234850 0.053152964 0.223089954
v 0.031735294 0.058765582 0.217718076
v 0.031922995 0.058960273 0.220437960
v 0.033644689 0.056791794 0.217652862
v 0.031512810 0.059431355 0.215753710
v 0.035898736 0.055133951 0.213659627
v 0.039354342 0.054444079 0.214991597
v 0.026334851 0.062723962 0.213759890
v 0.028566830 0.061209565 0.212913583
v 0.048036817 0.044834076 0.204305126
v 0.047559606 0.041973076 0.196198232
v 0.050510477 0.039658470 0.201292802
v 0.041280777 0.029354199 0.047404862
v 0.032226159 0.057351941 0.212528263
v 0.037266942 0.054192039 0.210779485
v 0.038092844 0.054027684 0.212649101
v 0.035338457 0.055169931 0.209540383
v 0.021379168 0.031786495 0.124376468
v 0.051015182 0.042581323 0.210938785
v 0.035228155 0.018650354 0.134205054
v 0.034070807 0.019065864 0.129243651
v 0.036083897 0.014564029 0.130144344
v 0.045585540 0.021303148 0.064752159
v 0.043367101 0.024774934 0.057113661
v 0.046748810 0.019288742 0.056740708
v 0.036404175 0.014812554 0.114099769
v 0.034649867 0.017985209 0.115881486
v 0.034889119 0.018703789 0.111670807
v 0.036524774 0.018670665 0.139608717
v 0.046063898 0.009514694 0.084839996
v 0.044478159 0.013694058 0.085716556
v 0.047008484 0.012622000 0.080211664
v 0.048140150 0.006610735 0.081179526
v 0.049279225 0.008517621 0.076982275
v 0.050456543 0.003062226 0.075239401
v 0.029162654 0.055383336 0.190631445
v 0.024734043 0.051677892 0.024636683
v 0.028937163 0.049975889 0.023742849
v 0.034170549 0.045372267 0.030117529
v 0.041630744 0.052873827 0.209198361
v 0.051210613 0.007277814 0.058355563
v 0.051813881 0.003336986 0.062316567
v 0.051229333 0.006475988 0.065811973
v 0.032415642 0.021550048 0.126141465
v 0.036995120 0.034203501 0.045957360
v 0.033734811 0.035687613 0.049670221
v 0.046355877 0.050903478 0.219520667
v 0.045117493 0.024682359 0.046922431
v 0.019512905 0.044311984 0.048780614
v 0.035934268 0.046756848 0.168551012
v 0.036835478 0.048523876 0.173463191
v 0.031434869 0.049981187 0.170363940
v 0.045022928 0.046378580 0.199023257
v 0.046062451 0.047689885 0.204794466
v 0.029212565 0.033076271 0.146196511
v 0.057278546 0.021861230 0.011733810
v 0.055207392 0.023745729 0.006351255
v 0.046327012 0.021156173 0.050995014
v 0.049748663 0.016521261 0.047334131
v 0.049049810 0.015593288 0.051924964
v 0.028588249 0.061134383 0.209080783
v 0.030016046 0.059830936 0.211104993
v 0.039411985 0.053710326 0.211305186
v 0.028235254 0.026679243 0.123916016
v 0.047807220 0.033562325 0.005963428
v 0.048326881 0.034083278 0.010289214
v 0.043096686 0.038028443 0.005716560
v 0.044710289 0.038596302 0.026981683
v 0.048401448 0.034770237 0.026670903
v 0.025584324 0.040712316 0.055426640
v 0.020269991 0.043226690 0.055654680
v 0.030235168 0.037856138 0.153059693
v 0.037807971 0.031996108 0.051124783
v 0.047735937 0.020844576 0.046653409
v 0.050344938 0.011499998 0.054411021
v 0.048569322 0.015306408 0.056319046
v 0.048040326 0.016564329 0.061711733
v 0.029047190 0.048979094 0.027807586
v 0.034030544 0.052018051 0.185730051
v 0.034972132 0.046682885 0.015040541
v 0.033851792 0.047458545 0.023870384
v 0.030428994 0.049626388 0.019506080
v 0.046444442 0.031465253 0.164929874
v 0.048105990 0.035465840 0.170873981
v 0.043435197 0.025678979 0.050849455
v 0.029396026 0.059218821 0.204393569
v 0.029550188 0.059699319 0.205887987
v 0.027479460 0.060492754 0.204481760
v 0.032284639 0.058233816 0.216046805
v 0.036781354 0.020446483 0.098557409
v 0.032688700 0.020779760 0.121531293
v 0.030499529 0.023969904 0.121613339
v 0.032356379 0.021692508 0.116119957
v 0.028417699 0.039162815 0.054271011
v 0.020553348 0.032052085 0.119499973
v 0.034923352 0.034283066 0.056122425
v 0.040832206 0.028403427 0.053273002
v 0.040446509 0.021577537 0.087046256
v 0.028775819 0.062557091 0.220245310
v 0.041352121 0.042156642 0.017292443
v 0.044967886 0.038507571 0.013788818
v 0.045517469 0.038837265 0.018818310
v 0.028451386 0.026289344 0.117622418
v 0.029497408 0.058982845 0.203025387
v 0.034981655 0.033457179 0.152706199
v 0.038354121 0.031100845 0.056444129
v 0.043202468 0.040843936 0.022715965
v 0.041447670 0.016549392 0.090653463
v 0.043877909 0.019286063 0.080746582
v 0.034087738 0.035167883 0.062164526
v 0.037767495 0.031961078 0.064888147
v 0.035650344 0.055090474 0.203331320
v 0.034940370 0.054744942 0.197805572
v 0.031884809 0.057339168 0.201353341
v 0.041309206 0.031959113 0.158455060
v 0.040643895 0.028572724 0.059297655
v 0.051662103 0.003095789 0.068449202
v 0.051964528 -0.001163500 0.062393922
v 0.040037531 0.024784413 0.081642333
v 0.047470017 0.036821393 0.022632375
v 0.038800338 0.044288977 0.021452391
v 0.038848634 0.028642908 0.075057085
v 0.036676668 0.027971943 0.083318026
v 0.048213878 0.028284602 0.036905725
v 0.033310740 0.056089263 0.207394198
v 0.036955042 0.054919348 0.231090681
v 0.034635016 0.057015746 0.230734845
v 0.035074624 0.056639374 0.228077099
v 0.041222297 0.053858812 0.226154624
v 0.039978076 0.054264432 0.227943585
v 0.039354944 0.054502862 0.225714895
v 0.039713216 0.054061354 0.231409553
v 0.039302691 0.054123695 0.229970109
v 0.041596992 0.053870537 0.230832473
v 0.042258100 0.051609553 0.234602737
v 0.039554138 0.053242885 0.232910743
v 0.042553792 0.052409580 0.233048644
v 0.040986163 0.053812054 0.229532644
v 0.043468025 0.053743447 0.229133278
v 0.043633494 0.053403196 0.226341907
v 0.044795612 0.051532027 0.233371319
v 0.045502498 0.052320810 0.227289895
v 0.043871657 0.052957784 0.231734361
v 0.037565199 0.055060090 0.228530404
v 0.052209479 0.001557922 0.057125782
v 0.052741665 -0.002683071 0.054967166
v 0.033345945 0.021404247 0.110636272
v 0.041647017 0.053342158 0.232171218
v 0.036236123 0.013079349 0.125374821
v 0.036026217 0.014269581 0.121410361
v 0.037134271 0.010352589 0.122549079
v 0.033136198 0.059045847 0.227072112
v 0.033528117 0.058867397 0.229576197
v 0.024775985 0.062499820 0.208727470
v 0.027855077 0.054261681 0.183781540
v 0.028030271 0.053074956 0.176250425
v 0.054116725 0.028127021 0.014395388
v 0.054924395 0.024227713 0.006336424
v 0.049727391 0.034309730 0.017358193
v 0.051418343 0.032450226 0.022847434
v 0.018119180 0.052233103 0.166087860
v 0.024383044 0.052482708 0.170413668
v 0.018828656 0.054133139 0.170957541
v 0.012250458 0.049729681 0.159750872
v 0.009823150 0.044173698 0.151487523
v 0.009150642 0.059197273 0.188465698
v 0.055498717 0.003982024 0.220417513
v 0.053539149 0.000732092 0.223506733
v 0.056292057 0.004381013 0.226575211
v 0.040600009 0.045256478 0.171937931
v 0.054888854 0.014076027 0.240098529
v 0.055609748 0.016065054 0.239686587
v 0.038578918 0.017696599 0.097622119
v 0.060141624 0.014654584 0.221449446
v 0.059608674 0.013764061 0.217703102
v 0.059025710 0.012200134 0.221406150
v 0.038134181 0.053917891 0.207230823
v 0.037569221 0.029684272 0.152163887
v 0.059391348 0.012968624 0.225765758
v 0.059992594 0.014621555 0.223812125
v 0.042371026 0.038695483 0.005678530
v 0.042681712 0.038441641 0.005694812
v 0.039862955 0.042229562 0.011670120
v 0.057151579 0.016362229 0.237965525
v 0.042254103 0.024416212 0.075363996
v 0.042155590 0.026698200 0.066616704
v 0.053171114 0.036705688 0.205903083
v 0.015423507 0.058090425 0.187996721
v 0.009484749 0.058677772 0.183185070
v 0.016270171 0.056806058 0.180018212
v 0.052002908 0.020263599 0.240401969
v 0.054955580 0.018798104 0.240017003
v 0.030883334 0.044707481 0.161298131
v 0.053466400 0.026190691 0.006260014
v 0.051007579 0.029824831 0.007063737
v 0.050982897 0.029717246 0.006129859
v 0.036491817 0.043526844 0.006317964
v 0.040613119 0.040067103 0.005586402
v 0.056356586 0.018568947 0.238714715
v 0.025237475 0.049321673 0.164493482
v 0.021570972 0.056100806 0.184410799
v 0.022949252 0.056831847 0.189539812
v 0.060450409 0.016380717 0.227244530
v 0.060692639 0.018079948 0.221402450
v 0.021219465 0.054713827 0.175168057
v 0.013685910 0.056124806 0.173385518
v 0.005716635 0.059120025 0.185541911
v 0.000050571 0.036772866 0.135142698
v 0.003305627 0.038118166 0.138497365
v -0.000062388 0.038777064 0.141064542
v 0.035627465 0.015604030 0.117846696
v 0.036901911 0.012049566 0.117834581
v 0.004303591 0.059223477 0.181167197
v 0.057652483 0.007408118 0.230435504
v 0.058783126 0.010034123 0.226742532
v 0.023373294 0.055020522 0.179773306
v 0.060893142 0.019571682 0.227774215
v 0.057922165 0.019136526 0.237481799
v 0.057624254 0.008297635 0.219045868
v 0.049703123 0.012427501 0.059078744
v 0.052757249 0.003433669 0.051409226
v 0.053288351 -0.000322828 0.051190305
v 0.008359663 0.058209306 0.177755412
v 0.054509646 0.020999577 0.239519358
v 0.052877885 0.033005370 0.197104177
v 0.056355124 0.030853505 0.207670398
v 0.043837810 0.021944359 0.074900151
v 0.059675086 0.013630885 0.228294136
v 0.060011717 0.014263329 0.226536075
v 0.059563781 0.014753436 0.213094107
v 0.056599885 0.021140202 0.238261897
v 0.058220935 0.024450183 0.206574412
v 0.055441991 0.027042168 0.198924012
v 0.056804766 0.022215174 0.199682975
v 0.032260186 0.061320508 0.228227718
v 0.032520186 0.060870112 0.230551857
v 0.038648014 0.015596548 0.100813518
v 0.038767687 0.012912464 0.103161706
v 0.033323038 0.058751021 0.232241771
v 0.048464117 0.021046033 0.238739372
v 0.057763980 0.034305892 0.227302385
v 0.040723448 0.001479113 0.101139879
v 0.040745675 0.006905183 0.100584346
v 0.042655629 0.003326927 0.095463055
v 0.031894520 0.061070459 0.225468907
v 0.029833669 0.062485091 0.223135699
v 0.030666698 0.061361337 0.221262731
v 0.031558479 0.060512546 0.223020001
v 0.057827475 0.031939280 0.218887225
v 0.010586217 0.054676963 0.167890340
v 0.014974154 0.054600663 0.169813617
v 0.006125307 0.052573799 0.163346575
v 0.038784438 0.008848817 0.107128592
v 0.050599760 0.007705481 0.071424688
v 0.049658940 0.011944024 0.066065509
v 0.008305208 0.040741169 0.145301957
v 0.004438604 0.042693595 0.148520087
v 0.003904514 0.039847881 0.142942123
v 0.000719677 0.040760571 0.145309326
v 0.007652980 0.038594796 0.140114921
v 0.006305210 0.036747711 0.133895751
v 0.047950730 0.025605298 0.163386058
v 0.050525957 0.024156332 0.167267267
v 0.050473006 0.029206818 0.170187235
v 0.003213480 0.035512909 0.128170452
v 0.035939503 0.023076448 0.142989379
v 0.038516108 0.020122230 0.145775294
v 0.038878888 0.025258089 0.150570465
v 0.060175706 0.017339494 0.231678227
v 0.058929018 0.014208740 0.234244338
v 0.058828826 0.017290603 0.235639164
v 0.058583716 0.019648741 0.205325879
v 0.059344604 0.017314336 0.208934402
v 0.045899186 0.019628691 0.072397635
v 0.046872068 0.016093691 0.076015098
v 0.041078765 0.012832948 0.148119656
v 0.041001821 0.016634158 0.148949060
v 0.039342159 0.013702536 0.143371745
v 0.048938250 0.012086594 0.074121278
v 0.044893716 -0.008353477 0.086537354
v 0.046193717 -0.003322767 0.085999117
v 0.047895428 -0.005514263 0.081253326
v 0.058281918 0.009678074 0.231564413
v 0.059329590 0.012654482 0.231492009
v 0.040710422 0.012049839 0.097132440
v 0.048804821 0.020346908 0.162495174
v 0.037056568 0.009712415 0.127522395
v 0.057218952 0.008005049 0.234109347
v 0.060176117 0.027037144 0.222602401
v 0.057133769 0.035254911 0.232322003
v 0.056004228 0.037531983 0.230823127
v 0.047666860 0.017157260 0.067005662
v 0.058551324 0.011113784 0.234527336
v 0.041662801 -0.008893479 0.092655792
v 0.039684101 -0.007191870 0.098534137
v 0.042900308 -0.004231017 0.092901631
v 0.047859680 0.015609283 0.071403494
v 0.051511362 -0.000774390 0.069766128
v 0.042518187 0.007229520 0.094858217
v 0.037200431 0.010534552 0.132547983
v 0.037352184 0.007562043 0.130360595
v 0.050227590 -0.003725503 0.074602069
v 0.048346298 0.000408578 0.081977769
v 0.044126373 0.023196845 0.070726045
v 0.036189196 0.043609507 0.005354554
v 0.034549753 0.044513145 0.005268634
v 0.004567005 0.047553019 0.156020514
v 0.055982917 -0.000043817 0.044056175
v 0.057862521 -0.007211779 0.041294143
v 0.054959136 -0.005457548 0.046507559
v 0.053749745 -0.003025029 0.049667794
v 0.060531858 -0.004635237 0.037227824
v 0.053590163 0.006302811 0.047032798
v 0.061454890 -0.000340131 0.035145524
v 0.051696172 0.007721594 0.052071082
v 0.030778376 0.046888186 0.005070985
v 0.036715314 0.043248630 0.005382126
v 0.043918683 0.026550723 0.158012791
v 0.051528836 -0.006567490 0.057892461
v 0.034502017 0.017489988 0.124544214
v 0.034428242 0.018177818 0.119619725
v 0.043764306 0.009842426 0.090103412
v 0.044131239 0.004911928 0.090941160
v 0.044814710 0.000872238 0.089827079
v 0.046152445 0.005342217 0.086244952
v 0.037328158 0.014294370 0.108629373
v 0.044731889 0.020935054 0.156500972
v 0.041321975 0.021515151 0.151731907
v 0.037474760 0.014080941 0.137421056
v 0.040790306 -0.002690424 0.099392475
v 0.035409082 0.055003930 0.206746378
v 0.060377467 0.012723526 0.006622207
v 0.061780830 0.008543405 0.006695754
v 0.062084114 0.009650963 0.010181606
v 0.046686670 0.041781554 0.191483137
v 0.063598647 0.009996037 0.017220481
v 0.060699032 0.016120485 0.013220924
v 0.059875356 0.014312206 0.006595893
v 0.058988886 0.016113445 0.006549435
v 0.049727252 0.031167885 0.006064053
v -0.003892534 0.058184197 0.185011715
v -0.006779504 0.056862487 0.185038261
v 0.052996215 0.030325007 0.019075588
v 0.003115570 0.059630946 0.185112230
v 0.000060051 0.044082200 0.151479201
v -0.000639306 0.048372058 0.158135092
v -0.004073371 0.052261036 0.164866328
v -0.000553405 0.055654875 0.169390785
v -0.004594651 0.056166941 0.172729329
v -0.000175085 0.059350842 0.182140092
v -0.003444969 0.040752933 0.147093432
v -0.009191504 0.055835610 0.184336583
v -0.007430151 0.056601712 0.182375658
v -0.004651022 0.045520732 0.155735814
v 0.007068345 0.057181763 0.172993623
v 0.001374963 0.058382738 0.175686598
v 0.003884013 0.055893807 0.169143978
v -0.005074328 0.057385659 0.178786661
v -0.008918776 0.055288224 0.175621538
v 0.001415807 0.052763883 0.163939996
v 0.042519541 -0.000401384 0.095444014
v 0.038942477 -0.012232047 0.094743790
v 0.044929025 0.015090734 0.155585102
v 0.050145515 0.016235321 0.164050287
v 0.037862293 0.010601475 0.112937502
v 0.037212669 -0.006277913 0.105593748
v 0.049935437 0.018803961 0.043817377
v 0.056448891 0.010904228 0.038949932
v 0.054865663 0.008308442 0.042994466
v 0.052925925 0.014225639 0.042589135
v 0.058400165 0.021743785 0.017232974
v 0.058176711 0.022074686 0.023333288
v 0.056199073 0.025854974 0.019934931
v 0.057370199 0.016566117 0.033985288
v 0.055471809 0.015901541 0.037299005
v 0.055341196 0.020968578 0.033281763
v 0.051373796 0.020437026 0.039912586
v 0.047746306 0.022687680 0.043711687
v 0.052244485 0.011520029 0.046448925
v 0.053784618 0.027544041 0.027352158
v 0.055865660 0.024309814 0.028014990
v 0.051539293 0.027947150 0.032034824
v 0.050501529 0.013395534 0.048864074
v 0.057892750 0.020366785 0.028016941
v 0.059169610 0.016453167 0.030279545
v 0.061375235 0.016467424 0.020697744
v 0.062058577 0.013691394 0.025799545
v 0.060005200 0.017912236 0.025509411
v 0.051288887 0.010958610 0.049988742
v 0.051153652 0.024380270 0.036459820
v 0.056011163 0.006223213 0.041965924
v 0.056075298 0.004959743 0.042202889
v 0.058828636 0.012472614 0.034368931
v 0.051056356 0.031899848 0.026544583
v 0.060657363 0.008175061 0.033561122
v 0.061749909 0.010799813 0.030107332
v 0.057130299 0.006906213 0.040102238
v 0.063253178 0.011616233 0.022235022
v 0.058654910 0.008460458 0.037066640
v 0.051772487 0.029744784 0.028189172
v 0.049378020 0.032440283 0.029719155
v 0.055408377 0.026356862 0.024113518
v 0.059329680 0.004352067 0.037393297
v 0.063093717 0.004299043 0.030758011
v 0.054065684 0.028814574 0.021877674
v 0.053165592 0.029384225 0.025123766
v 0.064434177 0.007794525 0.021453412
v 0.063975304 0.008031547 0.025670450
v 0.054569870 0.028271728 0.018758316
v 0.042244190 0.009588249 0.151356858
v 0.045254030 0.006919663 0.157998945
v 0.047504788 0.011414152 0.160172866
v 0.056633728 0.017372932 0.183826218
v 0.056215641 0.016920781 0.178677687
v 0.056871821 0.013735545 0.182964222
v 0.058552615 0.011324870 0.217868615
v 0.055938584 0.010471352 0.198623522
v 0.055613831 0.010497830 0.193239857
v 0.054722026 0.006816816 0.195633382
v 0.056913482 0.007921765 0.213377453
v 0.058569155 0.011099830 0.214838875
v 0.058417913 0.012120120 0.208078868
v 0.057977094 0.009862157 0.210681855
v 0.052451777 -0.000249326 0.212737890
v 0.055532841 0.004308550 0.215151735
v 0.055985892 0.005352912 0.209337203
v 0.056090954 0.020136876 0.194516342
v 0.055982689 0.018392806 0.190192620
v 0.056188092 0.015820948 0.194073974
v 0.056482571 0.013843572 0.189522875
v 0.052799166 0.000581423 0.218627238
v 0.055847919 0.020772727 0.181320659
v 0.055874916 0.021359542 0.185557528
v 0.058022159 0.014378861 0.203827613
v 0.056888028 0.008449386 0.203979983
v 0.037203774 0.006967374 0.127993645
v 0.056315243 0.013741788 0.197737801
v 0.056311522 0.006016298 0.179136447
v 0.056587896 0.006427957 0.182076479
v 0.057021785 0.009445513 0.182461541
v 0.057321181 0.008970301 0.207878261
v 0.056945271 0.017764928 0.198989200
v 0.049190552 0.008597794 0.163889313
v 0.052561890 0.011965637 0.168432178
v 0.056172952 0.005752501 0.185430661
v 0.055197871 0.006629756 0.199323374
v 0.037540664 0.005632940 0.124120020
v 0.056370448 0.009336063 0.187764293
v 0.056799931 0.011932444 0.185991132
v 0.054589661 0.003375952 0.202792001
v 0.056197784 0.016892621 0.187522465
v 0.059017560 0.014900706 0.208502775
v 0.055848836 0.013433975 0.175070623
v 0.054021719 0.017740335 0.171770564
v 0.054801239 0.026903298 0.185762247
v 0.055230657 0.023123853 0.190057194
v 0.055020809 0.025910847 0.180723404
v 0.054814020 0.022344849 0.176609580
v 0.055469605 0.024076493 0.194543891
v 0.056632387 0.014496507 0.185898370
v 0.055202114 0.009023882 0.174171112
v 0.037693012 0.003841093 0.117109631
v 0.037669590 0.007842471 0.117791787
v 0.053327965 0.000591156 0.207156676
v 0.055208611 0.005537803 0.190625041
v 0.056947727 0.012745110 0.179499647
v 0.052762433 0.023781051 0.171835898
v 0.056664284 0.010287411 0.178067701
v 0.051434275 0.020266153 0.167448855
v 0.052150166 0.007278097 0.169286303
v 0.041119444 0.004526211 0.151584334
v 0.060703507 0.022659401 0.230939395
v 0.060997285 0.023268694 0.225966026
v 0.059973138 0.025163006 0.233296910
v 0.038384764 0.016184546 0.142584680
v 0.059270382 0.030247680 0.224783631
v 0.048217318 0.038100230 0.174338255
v 0.057897871 0.013576184 0.236718938
v 0.041054373 -0.020307303 0.081380718
v 0.041692612 -0.016436177 0.085526685
v 0.044291086 -0.016109340 0.080185718
v 0.059172910 0.027529204 0.233719927
v 0.054110649 0.003946432 0.197461382
v 0.052833825 -0.000007026 0.199809653
v 0.053415473 0.003706698 0.194073332
v 0.052886630 0.002269801 0.193688645
v 0.052356510 0.000738754 0.195371688
v 0.062794678 0.004437861 0.008665636
v 0.064116544 0.004439150 0.014027088
v 0.047544629 -0.002478144 0.168567965
v 0.043346500 -0.005755316 0.165257780
v 0.045223253 -0.008081354 0.170238842
v 0.054652732 -0.011176139 0.045571653
v 0.051687801 -0.016514330 0.048879440
v 0.052610060 -0.011165798 0.049753113
v 0.049832791 -0.008241786 0.070767509
v 0.051037586 -0.005838661 0.066322112
v 0.046198870 0.000722128 0.163716853
v 0.050700547 0.002784018 0.169416669
v 0.048183886 0.004819398 0.163943263
v 0.048326698 -0.009413215 0.076564878
v 0.047062993 -0.008603123 0.081250708
v 0.045639169 -0.019709417 0.064781928
v 0.047160146 -0.015912757 0.069758812
v 0.048552074 -0.014231175 0.064011084
v 0.055255080 0.002002859 0.181507461
v 0.054266114 0.001005115 0.178225301
v 0.053396344 -0.002026747 0.181781737
v 0.050406878 -0.006780559 0.181472651
v 0.051744193 -0.004811847 0.184804772
v 0.043112026 -0.019448552 0.077963670
v 0.039076033 -0.000612076 0.152291775
v 0.041340378 -0.003506668 0.159812540
v 0.043556872 0.002195143 0.158172233
v 0.062186686 0.006281184 0.006717024
v 0.057887778 0.028366697 0.235819424
v 0.046102774 -0.011685471 0.081171496
v 0.043816036 -0.012853967 0.085019890
v 0.053056197 0.001809558 0.191938367
v 0.051646925 -0.003972965 0.178582677
v 0.055860861 0.004232851 0.182826087
v 0.053254298 0.027920196 0.175559460
v 0.051004293 0.033700214 0.175256664
v 0.054253849 0.027697326 0.191461090
v 0.051117577 0.035977135 0.182429934
v 0.052055014 0.033912308 0.185353279
v 0.049673453 0.037344027 0.186363397
v 0.053147836 0.030970871 0.178448940
v 0.053553389 0.031343495 0.182498673
v 0.050141632 0.037429266 0.195081689
v 0.048446193 0.039175995 0.190991178
v 0.051199113 0.034374675 0.190009817
v 0.048018533 0.040224992 0.182316385
v 0.049461140 0.038217791 0.179567650
v 0.049429065 0.037574751 0.176953493
v 0.051620608 0.034766387 0.179164970
v 0.052650798 0.031304709 0.190746842
v 0.053358222 0.030688610 0.187080219
v 0.047126819 0.050904374 0.225074087
v 0.038559298 0.052625841 0.234970507
v 0.036272316 0.054660360 0.233801492
v 0.033534945 0.057167649 0.234474170
v 0.034696805 0.054641009 0.235788005
v 0.044200579 0.027484698 0.235872932
v 0.045772641 0.028206062 0.236992050
v 0.034862585 0.056430862 0.232597000
v 0.050784441 0.030218840 0.238268847
v 0.049046752 0.028143893 0.238555464
v 0.050090014 0.033284970 0.237432907
v 0.047784647 0.025059655 0.238298953
v 0.052100112 0.000167879 0.173917249
v 0.053919482 0.004505610 0.174371392
v 0.049901038 -0.004306362 0.174423939
v 0.046864951 -0.014194421 0.075476530
v 0.044568023 -0.019150205 0.073702208
v 0.044103608 -0.022795468 0.060618217
v 0.045931262 -0.020794988 0.058913583
v 0.044677091 -0.023758599 0.057581311
v 0.049391603 -0.016713533 0.053745614
v 0.049832801 -0.013023204 0.057581785
v 0.051298486 -0.011397594 0.053260812
v 0.047150349 0.028651719 0.237775958
v 0.053116617 -0.007049577 0.051088354
v 0.062633722 -0.006441983 0.006740453
v 0.062605065 -0.006785351 0.006933609
v 0.063506039 -0.001489497 0.010078679
v 0.063149541 -0.002351915 0.006767485
v 0.052317393 -0.001435537 0.176981148
v 0.041750710 -0.012384177 0.089436604
v 0.051802476 0.026058748 0.239232221
v 0.055617087 0.035438725 0.235333372
v 0.055424906 0.037760710 0.233702149
v 0.057020945 0.031045377 0.235897604
v 0.056287597 0.029343992 0.237176013
v 0.055151913 0.031389592 0.236960068
v 0.054363503 0.033597309 0.236473595
v 0.056125900 0.033025720 0.235966158
v 0.057468588 0.033046083 0.234274255
v 0.054073349 0.000515397 0.186344119
v 0.052708310 0.032265196 0.237336405
v 0.053770774 0.028871124 0.238168844
v 0.054286996 0.026361280 0.238582968
v 0.050459564 -0.009666538 0.061022180
v 0.048564996 -0.012119119 0.070515614
v 0.041882092 -0.025375244 0.063886411
v 0.042323704 -0.023529168 0.070198853
v 0.049822107 -0.009993275 0.066560508
v 0.054098848 0.037478834 0.235569541
v 0.041077792 -0.022941724 0.076001481
v 0.051395472 -0.001554934 0.191994384
v 0.050817245 -0.010156961 0.057040617
v 0.047684296 -0.017556811 0.058372624
v 0.046980045 -0.020215595 0.056484080
v 0.054577647 0.006092455 0.197113391
v 0.042549896 -0.025987056 0.058551245
v 0.063026360 0.000708258 0.006761030
v 0.062712777 0.003782553 0.006744596
v 0.052134573 -0.001225776 0.204069316
v 0.045847438 -0.022746311 0.055144713
v 0.047678283 -0.019801774 0.054739484
v 0.064818236 0.005240455 0.018694659
v 0.022683618 -0.010890237 0.243941331
v 0.021920966 -0.012610445 0.245364211
v -0.006815131 -0.016217513 0.154088619
v -0.003999130 -0.018931474 0.158795858
v -0.002256469 -0.017927729 0.153012644
v -0.012995720 -0.020408633 0.224959145
v -0.014885707 -0.019523147 0.224174546
v -0.015258171 -0.019237235 0.228481575
v -0.012360572 -0.020552221 0.232797284
v -0.004115919 -0.028957114 0.190170201
v -0.001683138 -0.029562090 0.188273903
v -0.003352380 -0.028726639 0.185574540
v -0.015182211 -0.017050311 0.170027402
v -0.020629469 -0.014862102 0.177472319
v -0.015345372 -0.020262636 0.179075747
v -0.003523798 -0.033789772 0.092942114
v 0.000801467 -0.032582406 0.095221331
v -0.001305138 -0.037078787 0.087166529
v 0.000622447 -0.018153952 0.149134275
v -0.003555082 -0.016053875 0.143836009
v -0.003193595 -0.016709018 0.149113093
v 0.037193985 -0.002334253 0.111147842
v 0.037182049 0.000426083 0.115466695
v -0.033887229 0.004413923 0.183395670
v -0.030351906 -0.003777428 0.187737566
v -0.032270177 -0.000107402 0.180507888
v -0.007681756 -0.014132956 0.138708103
v 0.036239665 -0.021019529 0.191069763
v 0.040165804 -0.017430847 0.191815567
v 0.040151385 -0.018709037 0.186867526
v -0.014832463 -0.019900777 0.220408596
v -0.017433888 -0.018191827 0.225120053
v 0.000691792 -0.030460328 0.190317198
v 0.004521145 -0.030617588 0.186135734
v 0.000503676 -0.030027160 0.186038367
v -0.017523997 -0.009446744 0.155841083
v -0.019369641 -0.009448069 0.160699871
v -0.016513827 -0.012317170 0.161593130
v 0.046814793 -0.010604270 0.177211289
v -0.002962666 -0.020446664 0.244326205
v -0.003089525 -0.019016051 0.244792312
v -0.002321337 -0.029106738 0.194936647
v -0.013936898 -0.021218432 0.215845234
v -0.016363094 -0.020030273 0.213681844
v -0.017263471 -0.018999709 0.217792892
v -0.014251946 -0.012199493 0.155755617
v -0.013498958 -0.010744910 0.148842525
v 0.002163129 -0.021576040 0.245193274
v 0.002583151 -0.022588883 0.244533154
v 0.000443208 -0.021429962 0.244594292
v -0.008672958 -0.013452289 0.144256255
v -0.005996645 -0.015180924 0.147656590
v -0.021115486 -0.010283689 0.166526948
v -0.012801704 -0.022767181 0.208725181
v -0.015058119 -0.021216819 0.211106818
v -0.012523463 -0.021963197 0.212455900
v -0.022219441 -0.015386954 0.217127716
v 0.040300554 -0.016182107 0.196348147
v 0.041442339 -0.015116275 0.194944808
v 0.039253857 -0.017126577 0.195489511
v -0.010581867 -0.021350692 0.223525178
v -0.006564537 -0.022662955 0.225434455
v -0.007883965 -0.022683500 0.220632032
v -0.010477473 -0.023156280 0.177495607
v -0.005847269 -0.023466311 0.172550504
v -0.008235719 -0.019359982 0.165296347
v -0.031648278 -0.002791335 0.198158527
v 0.026745208 -0.036740489 0.068897627
v 0.023627522 -0.038941595 0.066458271
v 0.022900380 -0.038202025 0.071097604
v -0.017976913 -0.007552696 0.150572452
v -0.011412141 -0.020938525 0.227247679
v 0.000362969 -0.019831458 0.157113156
v -0.009707382 -0.024671847 0.200878299
v -0.012389075 -0.023843038 0.198347914
v -0.012414668 -0.023684032 0.200567038
v -0.008405540 -0.026764016 0.186193018
v -0.005120398 -0.026425801 0.179725176
v -0.002909502 -0.021621298 0.165179706
v 0.033047348 -0.021389130 0.201935657
v 0.034209064 -0.020564599 0.199617173
v 0.031206410 -0.022713197 0.199172760
v -0.035599869 0.003761998 0.197969829
v -0.037313896 0.008583593 0.195829085
v -0.028350597 -0.008138172 0.204747353
v -0.025036106 -0.012597577 0.210282704
v -0.023891082 -0.013621779 0.198113781
v 0.044823489 -0.012022992 0.175672384
v 0.044255743 -0.012501931 0.175779264
v 0.035957047 -0.011862791 0.101073495
v 0.025180043 -0.036546395 0.073884086
v 0.029233940 -0.034770992 0.071590885
v 0.031238415 -0.032537536 0.073751376
v 0.027590945 -0.034042168 0.077191083
v 0.035779121 -0.000825683 0.126831925
v 0.034642077 -0.002440740 0.131913294
v 0.036424782 0.002200061 0.131754632
v 0.038358454 -0.020848795 0.085919491
v 0.038784002 -0.016757350 0.090124593
v -0.011598691 -0.021458625 0.220224927
v -0.012420586 -0.021249332 0.218187280
v -0.010040268 -0.022780166 0.216925953
v 0.048065347 -0.010230913 0.181577559
v 0.048517739 -0.009560080 0.184863499
v 0.029210718 -0.025474244 0.091544270
v 0.028182676 -0.023558905 0.095764232
v 0.031453850 -0.021682040 0.094432104
v 0.025081711 -0.024703903 0.097885965
v 0.026515868 -0.025371134 0.094913525
v -0.025703948 -0.010813812 0.187372354
v -0.022121834 -0.015731883 0.191359715
v -0.020714838 -0.016957830 0.186386165
v 0.045686243 -0.013155226 0.182524342
v 0.029056746 -0.020768338 0.099218400
v 0.027244142 -0.018893603 0.105505417
v 0.032248181 -0.016842066 0.100694424
v 0.049860752 -0.004649809 0.193004255
v 0.049829298 -0.006007302 0.189338964
v 0.048413855 -0.007046671 0.193328429
v -0.012530130 -0.023171210 0.203734569
v -0.009260625 -0.024432075 0.206371241
v 0.051291039 -0.002293512 0.198273303
v 0.050084351 -0.003211695 0.195723559
v 0.046747008 -0.009440963 0.192465383
v 0.047033169 -0.008209399 0.195533383
v 0.046434099 -0.011357689 0.189000823
v 0.043573464 -0.014169993 0.191008242
v 0.045466445 -0.012091220 0.191558692
v 0.045361181 -0.013478796 0.186060982
v 0.042772561 -0.012870004 0.198995853
v 0.039953291 -0.015875262 0.198825084
v -0.027812949 -0.008208537 0.195002953
v 0.001602150 -0.015752883 0.244679176
v 0.043091145 -0.012751044 0.173073929
v 0.042615059 -0.014871677 0.176972313
v 0.024489433 -0.027728065 0.093356519
v 0.007397821 -0.023804333 0.244755980
v 0.009339371 -0.023866585 0.245406536
v 0.009157394 -0.024495740 0.244476187
v 0.031860328 -0.030387662 0.078948695
v -0.000182199 -0.017967903 0.245389490
v -0.001061242 -0.020205531 0.244953777
v 0.048472432 -0.006061348 0.196136734
v 0.049413803 -0.005230842 0.200143754
v 0.029048767 -0.011854688 0.149591124
v 0.027469237 -0.012043421 0.145189726
v 0.026837220 -0.013664970 0.149500553
v 0.043243778 -0.015633288 0.184945464
v 0.034584395 -0.024440914 0.086186589
v 0.034795141 -0.021426911 0.090457866
v 0.036662699 -0.025206127 0.081324707
v -0.023476657 -0.012807948 0.182247800
v -0.019786285 -0.017149590 0.219245280
v -0.019017881 -0.018139891 0.215638992
v 0.036884393 -0.027485502 0.075508330
v 0.039735067 -0.025696013 0.072833583
v 0.038401079 -0.027781278 0.069318810
v 0.044153206 -0.014041323 0.188427467
v 0.042073368 -0.015857506 0.188720109
v 0.033975054 -0.004407691 0.126486872
v 0.046146258 -0.008927659 0.200601226
v 0.045030848 -0.010100445 0.196078195
v 0.032313273 -0.025043747 0.088372432
v 0.030982528 -0.027861507 0.085575481
v 0.037034116 0.004106971 0.136391312
v 0.035893194 -0.000106250 0.137792956
v 0.037617094 0.004187610 0.140287357
v 0.033990959 -0.019696330 0.093904593
v -0.012157798 -0.015201048 0.160372850
v 0.039207706 0.005734789 0.144988301
v 0.037223150 0.001499936 0.143087868
v 0.038581665 0.002152546 0.147733871
v 0.014066252 -0.012690842 0.244189106
v 0.014645044 -0.015154298 0.246173679
v 0.010935145 -0.014109819 0.245025107
v 0.043105264 -0.015540887 0.186854642
v 0.026039024 -0.029212606 0.088966953
v -0.036290488 0.006979228 0.190658115
v -0.037379595 0.009872423 0.191558049
v 0.030111568 -0.035045060 0.067252318
v 0.003230744 -0.016740164 0.245538374
v -0.015530257 -0.021243782 0.205665192
v -0.015289203 -0.021174557 0.208776371
v -0.026534888 -0.007930084 0.177291567
v -0.030314378 -0.001004877 0.173665121
v -0.029729568 -0.004363512 0.181641089
v -0.001868994 -0.021361672 0.244129333
v 0.033472318 -0.032251678 0.068254453
v 0.031594574 -0.034554335 0.063839993
v -0.004142247 -0.021187535 0.243500242
v 0.006274338 -0.022765149 0.245590780
v 0.035179750 -0.006023214 0.112458098
v -0.019726926 -0.017986206 0.204857604
v -0.032659876 -0.002910947 0.211470477
v -0.030551366 -0.005122807 0.204777772
v -0.011198675 -0.013554911 0.153327647
v 0.037392835 0.006880947 0.133735031
v 0.038036770 0.007165441 0.138854333
v 0.050944472 -0.002664775 0.208108772
v 0.049598898 -0.003676888 0.211327397
v 0.035630190 -0.016720625 0.095240838
v 0.000681562 -0.028339791 0.179936425
v 0.031682216 -0.013745903 0.107040761
v -0.009254208 -0.013636574 0.149149939
v -0.005365738 -0.027025992 0.198163152
v -0.008238690 -0.026797124 0.193462604
v -0.008049080 -0.026112850 0.197886148
v 0.049090961 -0.003655307 0.214290939
v 0.047791035 -0.004715906 0.217689917
v 0.049963173 -0.002632031 0.219286482
v 0.050139179 -0.001997186 0.216601350
v 0.039384731 0.010492053 0.142838504
v 0.032937551 -0.018896127 0.096353739
v 0.041705438 -0.013790013 0.202644706
v 0.042943223 -0.012237043 0.205747014
v 0.004913880 -0.023907043 0.244241835
v 0.039254613 -0.016305352 0.173728549
v 0.017105649 -0.010637719 0.241701608
v -0.032085395 0.002971388 0.174408459
v 0.002182567 -0.023597635 0.243070698
v 0.004557098 -0.024803156 0.242215093
v 0.000048625 -0.024125121 0.240288484
v 0.011096703 -0.024668908 0.244355282
v 0.013277278 -0.025450751 0.243066152
v 0.010385663 -0.025197799 0.242881139
v 0.041306176 -0.011310203 0.168418540
v 0.037210699 -0.014901422 0.167681618
v 0.034430919 -0.030467200 0.073222236
v -0.024060720 -0.009327244 0.172121270
v -0.026502822 -0.004538128 0.167742000
v 0.034656404 -0.032634871 0.062855202
v 0.008732147 -0.016069648 0.246263819
v 0.032916762 -0.022442075 0.219528478
v 0.032549675 -0.022254710 0.212808051
v 0.028836609 -0.024266064 0.215376691
v 0.050791501 -0.002033445 0.222240648
v 0.048043583 -0.004951780 0.212230912
v 0.035958338 -0.002269194 0.116456496
v 0.037683818 -0.018794340 0.214683332
v 0.035592245 -0.020111191 0.211060029
v 0.035234890 -0.020714546 0.215714304
v 0.041243675 -0.014654220 0.201258340
v 0.036918945 -0.019559972 0.194617841
v 0.042827566 -0.012677316 0.221465144
v 0.040822863 -0.015371044 0.223220077
v 0.044274127 -0.012264973 0.194216336
v 0.049004270 -0.004097767 0.224132770
v 0.037898233 0.009844545 0.136974075
v 0.029119881 -0.025266368 0.195079857
v 0.033317666 -0.022368707 0.195217333
v 0.035435810 -0.005970015 0.152153334
v 0.030947393 -0.008907446 0.146998659
v 0.032021182 -0.011799166 0.155804294
v 0.034656076 -0.009784077 0.107756842
v 0.032312779 -0.010316975 0.113225889
v 0.038198196 -0.029767443 0.062880666
v 0.040698881 -0.015580121 0.226219215
v 0.037052776 0.005226716 0.129200339
v 0.036616170 0.002640663 0.126620066
v -0.006802413 -0.015576716 0.132865371
v 0.011507154 -0.012503875 0.243517089
v -0.014384162 -0.021126357 0.213282367
v 0.051030723 -0.002892948 0.201204980
v -0.015136346 -0.021912397 0.199915614
v 0.033151965 -0.006298262 0.122649863
v 0.034987388 -0.003285247 0.121213395
v 0.033528614 -0.006746614 0.118028851
v 0.010067981 -0.011904389 0.242029329
v 0.009292540 -0.013303433 0.243520009
v 0.030124804 -0.009219579 0.127507628
v 0.032124958 -0.007218476 0.125856212
v 0.030719940 -0.009538201 0.120917137
v 0.045130513 -0.008402005 0.219270592
v 0.042552993 -0.012579725 0.216145400
v 0.046248448 -0.006479096 0.213794498
v 0.045233274 -0.008126242 0.210334809
v 0.044016504 -0.009693079 0.213515152
v 0.045528671 -0.008799872 0.206458966
v 0.047698254 -0.005841782 0.209243315
v 0.036004115 -0.018839183 0.202317451
v 0.036977043 -0.018480728 0.198559286
v 0.036485288 -0.001539440 0.147189696
v 0.021031111 -0.009905768 0.242268038
v 0.038574710 -0.017964774 0.222928343
v 0.039284772 -0.017007315 0.225188782
v 0.047851380 -0.006967839 0.203978887
v 0.043990265 -0.010399718 0.209655263
v 0.031893934 -0.021837498 0.203982623
v 0.029296739 -0.023648219 0.202489454
v 0.030535375 -0.022829511 0.205984932
v 0.028966791 -0.023922250 0.209637839
v 0.031556477 -0.022469770 0.208741290
v 0.035412563 -0.020174632 0.196789746
v 0.050006696 -0.004616021 0.204325604
v 0.027989809 -0.024051357 0.205126908
v 0.038012924 -0.017590973 0.202180289
v 0.037504881 -0.018478321 0.206612432
v 0.039904631 -0.015716174 0.204728206
v 0.024848723 -0.025335326 0.206370579
v 0.024996352 -0.025290462 0.211149417
v -0.017766878 -0.019447827 0.210660970
v -0.029853735 -0.007249518 0.217452138
v 0.047857259 -0.004571192 0.221301233
v 0.037141377 -0.019220659 0.219274339
v 0.035351620 -0.020561432 0.224410344
v 0.038755305 -0.017224770 0.228637216
v 0.037765188 -0.018696219 0.226125976
v -0.015980539 -0.022041021 0.188961710
v -0.017035260 -0.020082419 0.183780428
v 0.024158622 -0.013858564 0.143801393
v 0.007414416 -0.014369291 0.244721237
v 0.007003469 -0.013189619 0.243322283
v 0.007905333 -0.012365271 0.242346166
v -0.013435788 -0.023718158 0.194204405
v -0.012047217 -0.024940390 0.189684183
v 0.040347659 -0.015686270 0.212301392
v 0.042723186 -0.012112457 0.211423093
v 0.029961200 -0.017626055 0.162324883
v -0.018724898 -0.019537432 0.194464450
v 0.034457694 -0.020316588 0.204740066
v -0.010402954 -0.025047501 0.196824832
v 0.026777543 -0.015708299 0.154913226
v 0.038837560 -0.016927882 0.208875137
v 0.028677049 -0.010062975 0.140024472
v 0.033038552 -0.005508566 0.139739900
v 0.030166778 -0.008529682 0.133876062
v -0.009814232 -0.021483016 0.228781791
v -0.008005116 -0.022232930 0.229023522
v -0.003484991 -0.023623681 0.228242855
v 0.000985735 -0.025130741 0.224972430
v 0.019897255 -0.011541569 0.243998365
v 0.036654684 0.001114222 0.121331416
v -0.000256372 -0.024592379 0.227132255
v 0.000194077 -0.024717549 0.229248976
v -0.006897982 -0.022517672 0.230987959
v -0.034133047 0.000176944 0.204939730
v 0.038895211 -0.017541746 0.216507793
v -0.003223750 -0.023892526 0.231880575
v -0.000668206 -0.024538964 0.235364254
v 0.003075024 -0.025310239 0.237623346
v 0.034957955 -0.004405338 0.117012482
v 0.000355866 -0.024947990 0.232259589
v 0.033340756 -0.021572791 0.208171330
v -0.006231077 -0.022844765 0.238087288
v -0.004458386 -0.023481297 0.234764770
v 0.040425874 -0.016072505 0.218839654
v 0.017743948 -0.024009156 0.245305487
v 0.016851403 -0.022402998 0.246328024
v 0.019979723 -0.023264514 0.245363711
v -0.007955417 -0.022365979 0.234199724
v 0.018388720 -0.021554569 0.246191141
v 0.019648284 -0.020133332 0.246088974
v 0.021069206 -0.021556017 0.245707678
v 0.009589035 -0.022898094 0.246423949
v 0.012354595 -0.024425888 0.245295373
v 0.016177917 -0.019927794 0.246797981
v 0.026492715 -0.021573327 0.243642235
v 0.025174568 -0.023157752 0.242678366
v 0.022952169 -0.022626585 0.244529358
v -0.003697696 -0.023738807 0.221741137
v 0.005404115 -0.026124863 0.232602324
v 0.042146376 -0.016721870 0.182721460
v 0.027819385 -0.025372626 0.198621829
v 0.026415738 -0.025055195 0.202008393
v 0.038843898 -0.019522385 0.182724264
v -0.005631745 -0.021981395 0.241922459
v 0.036895906 -0.020922182 0.184959344
v 0.034906852 -0.021896531 0.182442856
v 0.043676591 -0.014957182 0.179873193
v 0.040460656 -0.017314835 0.179869334
v 0.033124517 -0.019105738 0.169318855
v 0.036982654 -0.020108082 0.179650942
v 0.033881587 -0.023307397 0.185545068
v 0.029563064 -0.023344251 0.175228603
v 0.030616502 -0.023510149 0.178029317
v 0.034030498 -0.020971392 0.175268279
v 0.033614721 -0.022324047 0.179377818
v 0.038763681 -0.018182447 0.176917831
v 0.036483374 -0.018163827 0.172503400
v 0.037494435 -0.018626467 0.174971420
v 0.038007007 -0.018199057 0.210946080
v 0.028024890 -0.022072659 0.169363713
v 0.035739207 -0.022033467 0.187777288
v 0.017660867 -0.012994991 0.244856269
v 0.019413218 -0.014439437 0.246221454
v 0.032066082 -0.022246027 0.206841950
v 0.027752444 -0.024871706 0.221432502
v 0.033345450 -0.021866566 0.228848539
v 0.035709301 -0.019785366 0.229950892
v 0.007708788 -0.018186097 0.246954256
v 0.012533793 -0.017760017 0.247204472
v 0.010954024 -0.019855406 0.247225395
v 0.034768715 -0.019816526 0.234989348
v 0.032520851 -0.022217111 0.233037130
v 0.031505500 -0.023081968 0.225818359
v 0.034057994 -0.004879733 0.145632671
v 0.036796186 -0.017781906 0.237078077
v 0.034194599 -0.003210337 0.135992212
v 0.013767826 -0.021780524 0.246755615
v 0.020035778 -0.024826324 0.243704513
v -0.012814652 -0.020551032 0.222388861
v 0.032756672 -0.005221462 0.134434857
v 0.035396929 -0.002171829 0.142948263
v -0.018495296 -0.017813344 0.221715150
v 0.018746829 -0.016874177 0.246809362
v 0.030747787 -0.023472451 0.230112218
v 0.039545213 -0.009222500 0.163440724
v -0.005762276 -0.025906661 0.203268814
v -0.007014311 -0.025908269 0.200109808
v 0.019178806 -0.018739457 0.246671393
v 0.020758517 -0.017753159 0.246626378
v 0.028448035 -0.022147132 0.241991644
v 0.027634586 -0.023467769 0.240747665
v 0.033392027 -0.019734772 0.238811320
v 0.030812524 -0.022602078 0.237540429
v 0.022634851 -0.019924969 0.245342013
v 0.021745246 -0.018655565 0.246223614
v 0.036843812 -0.007990024 0.157666703
v 0.024661468 -0.019829209 0.244846738
v 0.025496997 -0.012410497 0.140295574
v 0.003789426 -0.018621060 0.246459054
v 0.003781676 -0.021582027 0.245536435
v 0.023797029 -0.016630835 0.246477772
v -0.001033757 -0.022470490 0.243195579
v 0.024075546 -0.021170256 0.244871491
v 0.036626787 -0.014271550 0.242711495
v 0.006578456 -0.019911452 0.246840643
v 0.010148908 -0.021437591 0.247180234
v 0.003108174 -0.029899464 0.183529595
v 0.030266940 -0.021701498 0.240140552
v 0.008279798 -0.025727385 0.240975008
v 0.007541462 -0.024555313 0.243333795
v 0.005617521 -0.015430564 0.245037722
v 0.006466915 -0.021414114 0.246349058
v 0.022173132 -0.023871764 0.243746650
v -0.036581938 0.010532255 0.186901455
v 0.023655678 -0.025076015 0.241593701
v -0.013342726 -0.023447380 0.184650148
v 0.026755790 -0.024645661 0.238808379
v 0.027982553 -0.024742416 0.234238112
v -0.001272656 -0.025096655 0.172289004
v 0.004802484 -0.025318831 0.240132947
v 0.012148158 -0.026053057 0.240911138
v 0.013190324 -0.023370636 0.246456429
v 0.016193408 -0.024920425 0.243860592
v 0.015717702 -0.023274329 0.245807767
v 0.002509274 -0.020329104 0.245932182
v 0.019627658 -0.026119923 0.240868348
v 0.015437307 -0.026317211 0.240509490
v -0.005586790 -0.035675192 0.089083609
v -0.006086635 -0.038025471 0.084083802
v 0.023434714 -0.026013777 0.237344600
v 0.027759489 -0.024894796 0.228017773
v 0.032504574 -0.006179265 0.130121796
v 0.026326779 -0.032182568 0.083403509
v 0.021586036 -0.035896153 0.080467355
v 0.020534294 -0.032178520 0.088941758
v 0.024831125 -0.025552249 0.216654722
v 0.022048272 -0.026063741 0.213522510
v -0.011330674 -0.022625073 0.214458230
v -0.009460141 -0.023602833 0.212114102
v 0.021140971 -0.026298159 0.208547984
v 0.023674094 -0.025702891 0.208764243
v 0.032173170 -0.024611039 0.187867888
v 0.032813948 -0.023484543 0.190343542
v 0.011223113 -0.019160337 0.151001728
v 0.008072051 -0.018864912 0.145221408
v 0.007553158 -0.019371584 0.150670663
v 0.011919715 -0.028351329 0.201953487
v 0.008288474 -0.027755911 0.203779751
v 0.011391437 -0.027779948 0.204806060
v 0.030969128 -0.024620457 0.192141388
v 0.030261691 -0.025454925 0.189862770
v 0.010969525 -0.020386647 0.123660541
v 0.012186741 -0.021071419 0.120142014
v 0.008438342 -0.021399225 0.121544827
v 0.027932936 -0.011574094 0.124341358
v -0.011814201 -0.044824950 0.061157804
v -0.014975996 -0.042041318 0.065594688
v -0.007886567 -0.043679638 0.065646743
v 0.014065523 -0.027005404 0.218339424
v 0.009012977 -0.026848000 0.217982692
v 0.009460206 -0.026813896 0.224806045
v 0.026685871 -0.027402591 0.190332229
v 0.025199984 -0.027208447 0.194871348
v 0.005962305 -0.026253584 0.220946849
v -0.005238273 -0.046012283 0.060723074
v 0.018692072 -0.020862121 0.113205726
v 0.021836451 -0.018224357 0.116003919
v 0.022857240 -0.018757219 0.112466679
v 0.013605140 -0.030762538 0.193360975
v 0.016470207 -0.030685381 0.192592226
v 0.015763861 -0.031036557 0.189274722
v 0.026303213 -0.015738021 0.114075870
v -0.006659371 -0.025047581 0.208920285
v 0.001915641 -0.022468921 0.164179221
v -0.003396018 -0.017048166 0.134084027
v -0.000111951 -0.018085991 0.135659964
v -0.003668829 -0.018123123 0.128812378
v 0.006331602 -0.030981633 0.191779939
v 0.004658909 -0.029759962 0.196840557
v 0.007484826 -0.030145654 0.196504592
v -0.016853709 -0.044233975 0.060607509
v -0.002845532 -0.044009560 0.066692098
v 0.000120989 -0.043307154 0.069471163
v 0.001164548 -0.044942209 0.064463601
v 0.017612955 -0.028865601 0.199112509
v 0.016366725 -0.028978504 0.199707234
v 0.017251057 -0.028304395 0.201076160
v 0.029394922 -0.012741097 0.116026054
v 0.029726564 -0.013561411 0.111970122
v 0.014097588 -0.020460307 0.157213379
v 0.018208249 -0.020843995 0.159708903
v 0.017736001 -0.019390892 0.155792088
v 0.001022239 -0.028753322 0.198927362
v 0.003874089 -0.028498978 0.200331886
v 0.031705237 -0.024032752 0.183649678
v 0.031158141 -0.024238728 0.180802429
v 0.024924315 -0.022353442 0.101870761
v 0.005034929 -0.036205488 0.088190777
v 0.007870894 -0.031552025 0.096045235
v 0.008161432 -0.020375604 0.125919412
v 0.005514999 -0.021057066 0.123615537
v 0.004646451 -0.019984581 0.128645912
v 0.030584881 -0.025125444 0.185646305
v 0.026900554 -0.027074449 0.185354315
v 0.028653051 -0.026342984 0.187880416
v 0.024582525 -0.014171134 0.123805463
v 0.027331380 -0.013325770 0.119682160
v 0.017299176 -0.019724628 0.118613211
v 0.004426478 -0.020950412 0.158616246
v 0.001074446 -0.021144453 0.122384086
v -0.003987630 -0.020341766 0.121418420
v 0.005615334 -0.043550482 0.067508367
v 0.002167675 -0.042156761 0.073930613
v 0.006137173 -0.042192895 0.072755615
v 0.003818615 -0.040110309 0.079916756
v 0.013740405 -0.026967745 0.211482002
v 0.011028738 -0.027352135 0.207435453
v 0.010083206 -0.027095039 0.212411196
v 0.009572651 -0.018621773 0.138236479
v 0.006391788 -0.018783122 0.140579354
v 0.004148640 -0.018635994 0.141399119
v 0.014984320 -0.027298721 0.206293297
v 0.004355158 -0.019063719 0.135463011
v -0.006585011 -0.023886342 0.215591265
v -0.003955521 -0.024675786 0.216473413
v -0.004014532 -0.025193430 0.213150251
v -0.002251276 -0.026014673 0.208858292
v 0.000478904 -0.025805743 0.214572723
v -0.007788073 -0.016558580 0.127242447
v 0.022121717 -0.014247353 0.138793131
v 0.025522380 -0.012230316 0.135118805
v -0.018414085 -0.042683039 0.062795480
v -0.020821455 -0.043737742 0.060619361
v 0.002235997 -0.030157428 0.194461512
v 0.023191266 -0.020759459 0.107593086
v 0.024675500 -0.019428627 0.108246490
v 0.002799044 -0.025735508 0.219738661
v -0.000456467 -0.024903415 0.219963689
v 0.019118798 -0.029172226 0.182479067
v 0.022434657 -0.028589330 0.183289832
v 0.019797851 -0.027462302 0.177055065
v 0.033137890 -0.022910249 0.192187927
v 0.021989899 -0.018581203 0.156924762
v 0.023263143 -0.015558652 0.149034155
v 0.025991199 -0.025888359 0.177611133
v 0.006116118 -0.022584333 0.162905187
v 0.008682818 -0.020557917 0.156717742
v 0.000701446 -0.019333835 0.129886582
v 0.005047219 -0.022369123 0.119381587
v 0.016007275 -0.018199543 0.150481645
v 0.019025767 -0.016646706 0.146965463
v 0.024444856 -0.025996523 0.224890124
v 0.016415670 -0.024707769 0.106575633
v 0.014889564 -0.026699295 0.102895317
v 0.013225812 -0.026103467 0.105274695
v -0.006710239 -0.040399413 0.077114186
v -0.010972839 -0.041387253 0.071271637
v 0.024542888 -0.027864163 0.185188202
v 0.024253873 -0.028500703 0.186757188
v 0.026202172 -0.027801741 0.186995034
v 0.016009227 -0.039749082 0.074646466
v 0.017814695 -0.038637808 0.076845457
v 0.017724623 -0.039321697 0.074567183
v 0.012677097 -0.034577759 0.088944563
v 0.015086532 -0.037565444 0.081531245
v 0.009329220 -0.038716133 0.081902378
v 0.005235060 -0.026107884 0.171492964
v 0.011005700 -0.023659196 0.164824442
v 0.021498922 -0.037795907 0.074919065
v 0.019617865 -0.039154311 0.073205987
v 0.019305338 -0.030253481 0.188214679
v 0.017370380 -0.030135383 0.185012008
v -0.003172612 -0.016549191 0.138105255
v 0.000772897 -0.026631396 0.207497775
v 0.000154381 -0.027159132 0.203507549
v 0.007788480 -0.027200547 0.208784726
v 0.004030233 -0.027106593 0.207219469
v 0.006097480 -0.026893386 0.212854354
v 0.026997887 -0.011587889 0.129159454
v 0.022783071 -0.014219260 0.130278909
v 0.022119413 -0.022636245 0.105163528
v 0.021738630 -0.024893307 0.100908769
v 0.015234339 -0.028343533 0.201069613
v 0.012988319 -0.022117223 0.115650740
v 0.008696486 -0.022331940 0.117941141
v 0.014410722 -0.019141898 0.124747505
v 0.022398124 -0.027921817 0.197612147
v 0.025075752 -0.026573312 0.198844601
v 0.004498506 -0.019605013 0.152972828
v 0.010238951 -0.042500604 0.069202123
v 0.011217904 -0.043859278 0.064085452
v 0.005689549 -0.023075836 0.116491981
v 0.013180327 -0.039815246 0.077099396
v 0.010113106 -0.030536426 0.194633173
v 0.009445502 -0.029388490 0.199062111
v 0.012650052 -0.029666128 0.197902157
v 0.017165359 -0.039757844 0.072868540
v 0.012099578 -0.029496715 0.179267101
v 0.009265786 -0.030784692 0.185437270
v 0.013894812 -0.030604356 0.184799784
v 0.014869474 -0.017546602 0.143109249
v 0.011866502 -0.018429563 0.145813078
v 0.006721453 -0.025972900 0.237782434
v 0.009524953 -0.027612874 0.103254185
v 0.006473727 -0.019245131 0.133815675
v 0.025296120 -0.018299673 0.110051630
v 0.022542785 -0.020073618 0.109946704
v -0.001512620 -0.040289583 0.079605042
v -0.001882782 -0.041736096 0.074335075
v 0.028246681 -0.025729510 0.182935560
v 0.006662058 -0.029349491 0.179781838
v 0.020129345 -0.029707464 0.185469469
v 0.022570551 -0.029297704 0.187906722
v -0.004765086 -0.042482547 0.071109748
v 0.017188067 -0.035388310 0.085041044
v 0.012340689 -0.027152074 0.231918402
v 0.011443870 -0.026783799 0.237447657
v 0.021980224 -0.014212271 0.134315690
v 0.019256796 -0.015482780 0.135577384
v 0.018326873 -0.017918361 0.122734758
v 0.014434269 -0.040960522 0.072025948
v 0.009307938 -0.041323419 0.075263150
v 0.018238961 -0.027314456 0.203650833
v 0.019264169 -0.040105674 0.069350926
v 0.020664420 -0.029570674 0.190747861
v 0.021784715 -0.028985481 0.193842258
v 0.023398123 -0.028799854 0.191492111
v 0.017688048 -0.027121805 0.235465584
v 0.012090892 -0.018635546 0.131407858
v 0.008414036 -0.019365293 0.130926021
v 0.018393041 -0.016009013 0.140138143
v 0.020787825 -0.028026377 0.096220353
v -0.019650017 -0.041464959 0.064593832
v 0.019966775 -0.027651060 0.200634536
v 0.023347142 -0.026576286 0.201609550
v -0.003318602 -0.044989737 0.063725520
v 0.008226446 -0.023975139 0.113404115
v 0.004821012 -0.026393308 0.217085557
v 0.005694370 -0.026074785 0.108387886
v 0.003908439 -0.028905685 0.101772962
v 0.000610881 -0.026817045 0.106724001
v 0.002063964 -0.028038521 0.201840236
v -0.004759697 -0.025268759 0.210204118
v -0.006378341 -0.024894419 0.212440216
v 0.018618763 -0.016235457 0.130855896
v 0.020752910 -0.016088039 0.125278398
v 0.017584874 -0.017465587 0.126382663
v -0.000382015 -0.029163063 0.101583581
v 0.022661427 -0.026544803 0.230439147
v 0.021688617 -0.026256520 0.217385767
v 0.020127808 -0.026734838 0.221939129
v 0.023717888 -0.025926294 0.220657379
v 0.010771164 -0.019714447 0.127333877
v 0.015272671 -0.042021701 0.066392282
v -0.015004861 -0.040724284 0.069843192
v 0.015319083 -0.026700485 0.172472175
v 0.016341108 -0.029412682 0.180226083
v 0.015246900 -0.017247543 0.135641953
v 0.005178711 -0.027888900 0.202878062
v 0.006441596 -0.029090149 0.199933532
v 0.010958818 -0.025357978 0.108231130
v 0.020762339 -0.023951800 0.168149656
v -0.002492088 -0.026783558 0.203763227
v -0.004281716 -0.025834684 0.207192066
v -0.007544853 -0.023097000 0.218123800
v 0.016035930 -0.022910852 0.163929094
v 0.028196377 -0.015927897 0.109601107
v 0.001949822 -0.027263751 0.204631520
v 0.011545837 -0.031158719 0.189852013
v 0.024360039 -0.015745575 0.118511827
v 0.000730729 -0.017776000 0.142412863
v 0.004631015 -0.018870094 0.147198346
v 0.021290608 -0.017162385 0.120474491
v 0.003389741 -0.027650950 0.203092602
v -0.005471887 -0.023817420 0.218679209
v -0.002707491 -0.024527280 0.218487431
v 0.025396023 -0.027097724 0.182950981
v 0.015521921 -0.017731399 0.129857473
v 0.018250963 -0.026669330 0.213698948
v 0.016588059 -0.027277135 0.227675729
v 0.018646958 -0.029965241 0.193426748
v 0.018237953 -0.030540244 0.190637356
v 0.014358655 -0.023246826 0.111140340
v -0.000807429 -0.027522776 0.201282581
v -0.002384725 -0.027703657 0.199846186
v 0.021230654 -0.015210072 0.143353596
v -0.008964950 -0.035450466 0.088064583
v 0.017642041 -0.027453994 0.099524183
v 0.018715918 -0.025251659 0.103142912
v 0.019271897 -0.029189712 0.196766792
v 0.020684519 -0.014999115 0.132612781
v 0.015936176 -0.030663160 0.094824827
v 0.011927858 -0.031735809 0.094413192
v 0.021434682 -0.026525508 0.204165256
v 0.013137237 -0.029350876 0.098494214
v 0.016041532 -0.029713120 0.196651421
v 0.019542749 -0.022192282 0.108907858
v -0.001616737 -0.019740945 0.125626286
v 0.010288189 -0.027240707 0.173327209
v 0.059097215 -0.026900088 0.027348165
v 0.057544400 -0.026932807 0.032858151
v 0.060545375 -0.022157910 0.028691671
v 0.044885331 -0.045609457 0.012878062
v 0.040873685 -0.049370111 0.010826645
v 0.040671090 -0.049361555 0.016181299
v 0.051099800 -0.027272977 0.042942945
v 0.046657000 -0.029609840 0.047038058
v 0.050317259 -0.023244721 0.046557409
v 0.053897079 -0.019616463 0.043323686
v 0.021050089 -0.042841947 0.058303350
v 0.026259043 -0.040492944 0.057221129
v 0.022161729 -0.044523118 0.054576612
v 0.001490231 -0.052727119 0.050817845
v 0.004965020 -0.055961445 0.046645481
v -0.002641357 -0.056064799 0.046644459
v 0.027814765 -0.042662008 0.052507118
v 0.032235441 -0.041777173 0.049699184
v 0.036872284 -0.038771542 0.049100590
v 0.035038965 -0.045565475 0.043756222
v 0.065606465 -0.002077515 0.025181529
v 0.065492058 -0.001226486 0.018423672
v 0.065981773 -0.005781726 0.021610285
v 0.056457036 -0.014464160 0.041558564
v 0.048127950 -0.022454318 0.050945457
v -0.009865787 -0.054247899 0.047945874
v -0.005234307 -0.051171317 0.052293072
v 0.043132274 -0.037546911 0.044222864
v 0.045740854 -0.039467688 0.039332402
v 0.042037199 -0.043452898 0.039273633
v 0.054190999 -0.026906237 0.038869390
v 0.057649527 -0.018765495 0.037945422
v 0.049166442 -0.034009222 0.040268436
v 0.061140248 -0.008284127 0.035955619
v 0.062629252 -0.006643286 0.033313637
v 0.029184324 -0.045428354 0.048187170
v 0.017903595 -0.048617324 0.051651898
v 0.024337419 -0.047114550 0.049592715
v 0.028285173 -0.057837743 0.027585395
v 0.031846167 -0.056005939 0.023999258
v 0.026515725 -0.058747665 0.024276210
v 0.045281740 -0.046130604 0.018904623
v 0.058749203 -0.021710614 0.006536873
v 0.058449311 -0.022419074 0.006521157
v 0.057893215 -0.025681024 0.010333523
v 0.060589101 -0.020015623 0.011861580
v 0.057241177 -0.026472996 0.006457841
v 0.027856703 -0.050434060 0.043611884
v 0.052877008 -0.033315435 0.035422375
v 0.057388096 -0.031463805 0.023672716
v 0.059345162 -0.027294716 0.020047735
v 0.057720330 -0.029782887 0.018946160
v 0.057898496 -0.013451817 0.039763984
v 0.020761723 -0.060566967 0.015568072
v 0.015431838 -0.062428337 0.012299897
v 0.014748255 -0.062560882 0.016900528
v 0.006610821 -0.045243039 0.062062007
v 0.041971118 -0.049246795 0.023431340
v 0.044254469 -0.047163369 0.026914082
v 0.047284699 -0.044601827 0.024173786
v 0.048247587 -0.040304322 0.034697201
v -0.006055288 -0.064516930 0.012882691
v -0.007416311 -0.065198203 0.009975948
v -0.009512074 -0.063922150 0.012466635
v -0.009573542 -0.048315795 0.055310287
v -0.014734721 -0.049801585 0.052637650
v -0.007608900 -0.057424995 0.043922373
v -0.013176227 -0.057044804 0.043184271
v 0.064947537 -0.007883108 0.015033912
v 0.059572833 -0.012278886 0.037474070
v 0.062109321 -0.011539104 0.033357535
v 0.060336006 -0.025243654 0.023156120
v 0.062079120 -0.020086397 0.022083116
v 0.061053338 -0.022815849 0.018753517
v 0.021398254 -0.060492624 0.020898618
v 0.028177967 -0.057764323 0.020971477
v 0.057300899 -0.011181937 0.041281164
v 0.056228291 -0.030722936 0.013363270
v 0.056362646 -0.032925412 0.019246942
v 0.037568687 -0.049138729 0.036726572
v 0.042922213 -0.047209566 0.031563639
v 0.015424502 -0.051948953 0.048567392
v 0.008953690 -0.050174932 0.052965876
v 0.015733573 -0.045862004 0.056684730
v 0.011412756 -0.045421747 0.059800285
v 0.017193585 -0.043041362 0.061467703
v -0.008952932 -0.059533135 0.039935501
v -0.003480999 -0.060317753 0.040203073
v -0.009083868 -0.063333267 0.024911123
v -0.017607929 -0.061705164 0.022967204
v -0.013685545 -0.061491819 0.031226055
v 0.008812547 -0.058134112 0.042681300
v 0.008445084 -0.060662153 0.038206878
v 0.004779612 -0.059167886 0.041953274
v -0.008640232 -0.063647804 0.017592217
v 0.005652475 -0.062425964 0.034327450
v 0.004488499 -0.063370916 0.030132180
v -0.001098414 -0.063032858 0.032655546
v 0.033968018 -0.052572419 0.034689689
v 0.032604475 -0.050714901 0.039325647
v 0.061396934 -0.015142270 0.008784477
v 0.060458566 -0.016899882 0.006626457
v 0.060175990 -0.017861570 0.006611648
v -0.019353215 -0.064339238 0.006133977
v -0.020128390 -0.062267892 0.010872546
v -0.016172000 -0.064036928 0.009356303
v 0.061102515 -0.016793330 0.032435711
v 0.012932095 -0.063038149 0.022407851
v 0.065465835 -0.010352184 0.019736618
v 0.065548031 -0.005913652 0.018957166
v 0.053590133 -0.035476155 0.031391865
v -0.017089132 -0.062238837 0.016584681
v -0.009362781 -0.046518009 0.058066148
v -0.004565632 -0.048255086 0.056436119
v 0.005127055 -0.065235598 0.009743153
v -0.000468040 -0.064349857 0.014075769
v 0.007417334 -0.063912949 0.015845430
v 0.002277590 -0.061233206 0.038422835
v 0.000911396 -0.058684134 0.043063178
v 0.062746171 -0.004060902 0.033176087
v 0.029363123 -0.037106434 0.060553093
v 0.027875225 -0.037055281 0.064683812
v 0.037187305 -0.052969919 0.026002949
v 0.037374921 -0.051688272 0.031284793
v 0.040360402 -0.050334623 0.027831382
v 0.021378937 -0.060539412 0.028137002
v 0.013480320 -0.062454586 0.028468806
v 0.015150996 -0.060792625 0.034286228
v 0.035747192 -0.032672223 0.059127997
v 0.037106871 -0.033775602 0.055721212
v 0.032458359 -0.037451243 0.055515776
v 0.020693015 -0.051452598 0.046646692
v 0.058931873 -0.026103310 0.015586544
v 0.062479362 -0.011053764 0.008949662
v 0.062022051 -0.010884201 0.006708396
v 0.061580494 -0.012815719 0.006685255
v 0.061546176 -0.013112347 0.006833160
v 0.050204722 -0.041458410 0.018209569
v 0.048047679 -0.041896270 0.012155837
v -0.000610006 -0.046113056 0.061253171
v -0.017096602 -0.058481266 0.038308286
v -0.011608274 -0.060368645 0.036712716
v 0.050054081 -0.040983085 0.028779704
v -0.028293564 -0.056497123 0.034201621
v -0.028554547 -0.055468202 0.037227848
v -0.023349144 -0.057618218 0.035720713
v 0.056617724 -0.031503455 0.028638701
v 0.054199806 -0.036385638 0.026830199
v 0.064495348 -0.006709906 0.029688166
v 0.009715718 -0.061783750 0.034462082
v 0.064093243 -0.001458755 0.030079320
v 0.051744133 -0.036149010 0.010337199
v 0.051362209 -0.038320091 0.013520902
v 0.053759592 -0.034734532 0.013053434
v 0.001500184 -0.047629552 0.057999451
v 0.028524412 -0.054791165 0.036469151
v 0.021674935 -0.055395858 0.040693516
v 0.044003059 -0.025737279 0.055600440
v 0.007811055 -0.066644779 0.003867318
v 0.007994317 -0.066558755 0.004239452
v 0.008387199 -0.066572484 0.003897513
v 0.063007301 -0.016582509 0.025888906
v 0.028233885 -0.059032981 0.006723638
v 0.025003335 -0.059703518 0.009313524
v 0.029413043 -0.057304664 0.009715269
v 0.063065674 -0.008904784 0.031935293
v 0.047436824 -0.043519426 0.005944017
v 0.046762317 -0.044335024 0.005908667
v 0.046449138 -0.043818508 0.007511142
v 0.007128891 -0.046860286 0.058414821
v 0.003240347 -0.046146373 0.060655668
v -0.025954184 -0.059128441 0.020885860
v -0.021559126 -0.060753270 0.018309738
v -0.026027689 -0.059069255 0.015768577
v 0.046180295 -0.044970502 0.028722798
v 0.046895824 -0.043630547 0.030875184
v 0.014556325 -0.057921753 0.040718274
v 0.032500896 -0.055186676 0.030286778
v 0.063640142 -0.011344062 0.029506072
v 0.053875878 -0.033207072 0.010311341
v 0.054760290 -0.030710924 0.007801808
v 0.000353016 -0.065699878 0.009156133
v 0.042060247 -0.048754088 0.027392206
v 0.051499022 -0.040225973 0.024192945
v -0.001317798 -0.064118874 0.019161290
v 0.001564177 -0.064238215 0.022681427
v 0.004814779 -0.063928425 0.020014083
v 0.026565585 -0.058436800 0.017532886
v 0.032275093 -0.055444433 0.018042131
v 0.029963249 -0.056130667 0.015013820
v 0.056513399 -0.028145755 0.009269359
v -0.028474641 -0.062185369 0.001965665
v -0.029175941 -0.061674016 0.002765095
v -0.023955257 -0.063072742 0.005083567
v -0.024713541 -0.063621996 0.002162776
v 0.064010607 -0.008997618 0.030260328
v 0.065373741 -0.009492662 0.025028385
v 0.049587479 -0.039350290 0.010150822
v 0.060985635 -0.022193809 0.025648331
v 0.044434358 -0.027153357 0.052421848
v 0.033191416 -0.055031975 0.009575570
v 0.033836175 -0.055277183 0.008134928
v 0.032632179 -0.056619662 0.006497757
v 0.036555136 -0.035751274 0.053124153
v -0.012411689 -0.059099065 0.039615992
v 0.064616482 0.000849603 0.027768589
v 0.000951717 -0.049952478 0.054270446
v 0.047933072 -0.041537786 0.009041471
v 0.049400626 -0.040677974 0.006125776
v -0.000820212 -0.067299207 0.003414973
v 0.000003686 -0.067181341 0.004161566
v -0.000081436 -0.067291793 0.003453690
v 0.054380342 -0.036401900 0.021916210
v 0.022361604 -0.058324515 0.034768262
v 0.037310733 -0.052552058 0.020392570
v 0.036822138 -0.052770309 0.015975057
v 0.000965312 -0.063830498 0.026629918
v -0.003234790 -0.064169090 0.022779760
v 0.063622694 -0.013206246 0.013059817
v 0.063955153 -0.009826442 0.011912517
v 0.064236663 -0.013738609 0.022076900
v -0.013923468 -0.046468390 0.057347361
v -0.025774000 -0.055134805 0.040805320
v 0.033099931 -0.034686883 0.060333933
v -0.019071857 -0.059519734 0.033939343
v 0.015870183 -0.063400123 0.008252027
v 0.011116501 -0.064653743 0.008783287
v -0.018080058 -0.046310299 0.056904051
v -0.011529251 -0.065351179 0.008355517
v -0.014012537 -0.063220081 0.012905034
v -0.019878620 -0.055111991 0.044157074
v 0.063350298 -0.016246033 0.018200005
v 0.063404957 -0.016643656 0.022189108
v 0.065235167 0.003550507 0.022750936
v 0.028107456 -0.059875517 0.004931008
v 0.025892919 -0.061050293 0.004814949
v 0.024847751 -0.060982583 0.006193080
v 0.053731816 -0.035915990 0.016699780
v -0.015448365 -0.065186377 0.005940514
v -0.016333746 -0.053138760 0.048043611
v 0.018469086 -0.058411002 0.037360968
v 0.037226060 -0.053706159 0.005408893
v 0.038131599 -0.052645555 0.006286749
v 0.038137443 -0.052961080 0.005456657
v 0.043569504 -0.048130219 0.006679251
v 0.064773683 -0.012059394 0.016516041
v 0.057029831 -0.026867308 0.006446765
v -0.022020726 -0.061134482 0.014463255
v 0.037689294 -0.051207222 0.011931859
v 0.007201896 -0.063517863 0.026034293
v 0.052778087 -0.034143563 0.007428448
v 0.009374382 -0.062565836 0.031308413
v 0.026927393 -0.057689721 0.031446096
v 0.010811897 -0.047046687 0.057045990
v -0.003346945 -0.065662330 0.009303593
v 0.020877184 -0.060297423 0.011878456
v -0.021899672 -0.051563523 0.048738847
v -0.018686939 -0.050811901 0.050772362
v -0.014569198 -0.066171749 0.002694419
v -0.013123863 -0.066320746 0.003228908
v -0.013142521 -0.066392328 0.002769188
v 0.034823202 -0.054441456 0.007898006
v 0.050885904 -0.037224024 0.007401817
v 0.010435044 -0.063608208 0.012664164
v 0.063553784 -0.007075122 0.010835105
v 0.033765176 -0.053847413 0.013200736
v -0.005618106 -0.067164722 0.003163526
v -0.006044153 -0.066680675 0.005497089
v -0.012182008 -0.066561314 0.002819526
v 0.051602255 -0.036873590 0.006162318
v 0.049498188 -0.040562819 0.006052048
v 0.013043805 -0.065484033 0.005133749
v 0.026101246 -0.058124815 0.013187087
v -0.025859021 -0.052379386 0.045632562
v 0.052936874 -0.034667440 0.006232262
v -0.026811439 -0.060216919 0.010012644
v 0.056449032 -0.027790343 0.006416327
v 0.060858412 -0.015111258 0.006647412
v 0.035204683 -0.052899893 0.009781551
v 0.030446069 -0.056045190 0.012157724
v 0.043508543 -0.048514577 0.005738144
v 0.038755599 -0.052427679 0.005489053
v 0.044213976 -0.047799902 0.005775114
v 0.053646661 -0.033428098 0.006269461
v 0.055302140 -0.030555126 0.006356221
v 0.054572264 -0.031900241 0.006317969
v 0.011502714 -0.055032563 0.046233977
v 0.061308586 -0.013724347 0.006671005
v 0.062617036 -0.006803771 0.006739578
v 0.062588591 -0.006945862 0.006738087
v -0.023100516 -0.059089452 0.030027251
v 0.017988679 -0.061682049 0.010367635
v 0.061526684 -0.013183236 0.006682435
v -0.025944923 -0.045675766 0.055683129
v -0.021630238 -0.047444188 0.054500034
v -0.026842501 -0.048549305 0.050926364
v 0.039557842 -0.030283262 0.057664670
v 0.040527579 -0.032871983 0.051816869
v -0.017344381 -0.065659169 0.002548978
v -0.020817410 -0.064737863 0.002366964
v 0.033191386 -0.056784811 0.005197445
v 0.016880297 -0.054708439 0.044443622
v -0.006764641 -0.062965797 0.029844626
v -0.003991580 -0.063763009 0.026824647
v 0.031100216 -0.058099952 0.005087851
v -0.008395453 -0.067028754 0.003017971
v -0.009982862 -0.066869606 0.002934779
v -0.022039522 -0.064351355 0.002302916
v 0.020477383 -0.061805536 0.008046937
v 0.017495115 -0.064395660 0.004471581
v 0.039201571 -0.041741855 0.044022312
v 0.020171463 -0.040871758 0.064809833
v 0.023819895 -0.040005212 0.061761810
v -0.016659280 -0.065790081 0.002584882
v -0.007707347 -0.061763488 0.035051170
v 0.042077700 -0.028603066 0.055010032
v -0.023772027 -0.059403032 0.024993900
v -0.029861458 -0.056799668 0.025553683
v 0.022737961 -0.062612733 0.004649604
v 0.022165544 -0.062858455 0.004619605
v -0.030274734 -0.061377246 0.001871327
v -0.029295460 -0.061850908 0.001922648
v 0.040788493 -0.027681066 0.060424483
v 0.064741184 0.003177063 0.026281225
v 0.049428327 -0.040686481 0.006048387
v 0.000589135 -0.067267157 0.003488833
v -0.024216657 -0.043851718 0.059053091
v 0.049373499 -0.040770199 0.006045514
v 0.012995011 -0.065727690 0.004138998
v 0.018688855 -0.064036037 0.004437400
v 0.017385917 -0.064449813 0.004369115
v 0.062477483 -0.007433029 0.006732264
v 0.017558033 -0.064405131 0.004378136
v -0.039114270 -0.053034069 0.011344615
v -0.035100364 -0.055501953 0.012430284
v -0.037352061 -0.054844683 0.009125383
v -0.037206167 -0.048772343 0.042480089
v -0.038999698 -0.045879897 0.044600014
v -0.034630228 -0.048031472 0.045713097
v -0.058332992 -0.034216754 0.000400856
v -0.059616081 -0.030963947 0.000333612
v -0.034453780 -0.042972533 0.052845743
v -0.049983350 -0.043926373 0.014237773
v -0.045224812 -0.048334580 0.019152319
v -0.046488740 -0.047684083 0.011680922
v -0.037144594 -0.057528139 0.001511293
v -0.033866740 -0.057529707 0.006941175
v -0.033609048 -0.059563092 0.001696583
v -0.030231604 -0.049777557 0.046932237
v -0.032076179 -0.051251313 0.043072517
v -0.043409468 -0.048768113 0.032433173
v -0.037646422 -0.052008266 0.034704202
v -0.039939648 -0.051580832 0.030026170
v -0.032652705 -0.056028268 0.020877053
v -0.038299541 -0.052979600 0.023663269
v -0.030728365 -0.057601124 0.012513313
v -0.031554786 -0.056707144 0.016826452
v -0.044019389 -0.052431976 0.001151000
v -0.044834692 -0.051806626 0.001108272
v -0.044941722 -0.049909068 0.006516334
v -0.040249443 -0.053964890 0.005400165
v -0.053367975 -0.039311184 0.020769249
v -0.048006444 -0.045382208 0.026565962
v -0.043541685 -0.049424248 0.026410184
v -0.037095235 -0.044484732 0.048428771
v -0.048166236 -0.043779237 0.033654386
v -0.044507532 -0.046621298 0.036455622
v -0.033060735 -0.052753185 0.038886433
v -0.032625279 -0.054333748 0.035394763
v -0.042152465 -0.051058603 0.013615891
v -0.041823624 -0.051788405 0.009082388
v -0.037028130 -0.054104421 0.016514100
v -0.051606859 -0.044755792 0.000753357
v -0.052216982 -0.044026631 0.000721382
v -0.053095120 -0.041329451 0.005326810
v -0.050869531 -0.044917366 0.002823443
v -0.054247538 -0.041523599 0.000614965
v -0.030315543 -0.056124618 0.030632749
v -0.031675528 -0.055257161 0.033030897
v -0.026885794 -0.042787619 0.059313420
v -0.029640383 -0.044488543 0.055097551
v -0.032244972 -0.046637733 0.049792405
v -0.053113545 -0.040149166 0.012699018
v -0.046230233 -0.046223082 0.032578341
v -0.033639927 -0.055032977 0.027953444
v -0.055991539 -0.038395132 0.000523566
v -0.055994408 -0.038390667 0.000523416
v -0.056331245 -0.036636988 0.004143422
v -0.048650604 -0.048228717 0.000908288
v -0.048670002 -0.048015353 0.001312828
v -0.047433544 -0.049328758 0.000972071
v -0.042628047 -0.045708418 0.041386702
v -0.039655516 -0.049473984 0.038520550
v -0.049049058 -0.045973014 0.006525492
v -0.035641589 -0.050766568 0.040714088
v -0.035273629 -0.053740122 0.031158699
v -0.049565775 -0.047117086 0.000860326
v -0.057975509 -0.034905537 0.000419591
v -0.048885781 -0.047968734 0.000895963
v -0.032147599 -0.042015131 0.056409438
v -0.037900736 -0.057049460 0.001471665
v -0.040957691 -0.054834074 0.001311457
v 0.001058285 -0.010947209 0.003513421
f 1 2 3
f 4 5 6
f 7 8 9
f 10 11 12
f 13 14 15
f 16 17 18
f 19 9 20
f 21 11 22
f 23 24 25
f 26 27 28
f 29 30 31
f 32 33 34
f 35 36 37
f 38 39 34
f 40 41 42
f 43 44 45
f 17 46 47
f 27 38 34
f 36 38 27
f 18 17 48
f 49 50 51
f 52 53 54
f 55 56 57
f 58 18 48
f 24 23 59
f 46 48 47
f 60 61 62
f 47 48 17
f 63 64 65
f 50 30 51
f 66 67 54
f 68 24 59
f 69 70 71
f 28 72 73
f 74 75 76
f 77 78 79
f 61 80 81
f 82 83 84
f 85 82 86
f 87 18 88
f 83 82 85
f 89 85 86
f 90 91 92
f 9 19 7
f 93 89 94
f 90 92 95
f 95 92 96
f 96 92 97
f 95 98 90
f 89 93 99
f 100 83 85
f 97 92 101
f 102 95 96
f 103 104 83
f 100 103 83
f 100 85 105
f 102 96 106
f 107 105 99
f 103 100 108
f 101 109 97
f 108 104 103
f 105 108 100
f 107 110 105
f 74 111 112
f 109 113 97
f 114 110 107
f 108 115 104
f 116 102 117
f 110 114 118
f 119 105 110
f 120 113 109
f 121 122 123
f 106 122 124
f 113 125 123
f 126 123 125
f 123 126 121
f 120 127 113
f 128 117 129
f 130 124 122
f 130 122 121
f 127 125 113
f 131 132 115
f 119 118 133
f 91 134 101
f 135 129 124
f 136 137 138
f 120 139 127
f 125 127 140
f 126 125 141
f 120 142 139
f 140 141 125
f 141 143 126
f 144 145 146
f 147 137 136
f 136 148 147
f 149 133 150
f 145 128 135
f 135 128 129
f 141 139 151
f 148 152 147
f 150 153 149
f 124 130 154
f 135 124 154
f 155 156 135
f 151 157 141
f 148 153 158
f 158 152 148
f 159 160 161
f 151 139 142
f 156 155 162
f 163 162 164
f 165 142 166
f 167 168 143
f 163 164 169
f 170 151 171
f 155 172 173
f 162 174 164
f 169 175 158
f 111 175 112
f 165 171 151
f 176 155 173
f 175 177 112
f 178 170 179
f 180 181 165
f 176 173 168
f 182 183 168
f 168 183 176
f 184 182 185
f 177 186 187
f 176 183 188
f 185 179 189
f 188 183 190
f 183 184 189
f 119 108 105
f 183 189 190
f 188 190 191
f 190 192 191
f 193 194 195
f 196 197 198
f 196 198 199
f 200 201 202
f 191 192 203
f 204 205 206
f 207 208 209
f 130 121 126
f 114 145 144
f 163 156 162
f 99 90 98
f 210 211 212
f 213 214 215
f 216 212 217
f 216 218 219
f 220 221 222
f 117 106 129
f 223 224 225
f 226 227 228
f 229 230 231
f 232 233 234
f 235 236 237
f 238 239 240
f 241 242 243
f 244 245 246
f 247 248 249
f 250 251 252
f 248 247 253
f 183 182 184
f 248 254 249
f 247 249 255
f 249 256 255
f 254 248 257
f 258 259 260
f 261 254 257
f 144 146 150
f 257 248 262
f 263 264 221
f 265 266 267
f 221 264 268
f 105 85 89
f 269 270 242
f 271 272 256
f 270 249 254
f 247 273 274
f 220 265 267
f 275 276 277
f 145 135 156
f 278 279 280
f 281 282 283
f 254 261 242
f 270 254 242
f 284 231 285
f 286 287 288
f 231 284 289
f 290 291 287
f 292 293 294
f 92 91 101
f 295 296 297
f 256 298 271
f 270 278 299
f 300 301 302
f 99 116 107
f 303 240 304
f 305 306 307
f 308 309 310
f 311 232 234
f 312 286 288
f 313 304 240
f 238 240 309
f 314 315 316
f 298 256 299
f 317 309 308
f 318 202 201
f 240 239 313
f 249 270 256
f 319 269 242
f 320 321 322
f 323 238 324
f 314 316 325
f 317 314 325
f 299 256 270
f 326 327 328
f 329 272 271
f 330 313 239
f 114 107 116
f 331 332 239
f 305 307 271
f 323 324 333
f 242 261 243
f 166 334 180
f 335 300 279
f 278 270 269
f 336 271 298
f 336 305 271
f 307 337 329
f 338 339 340
f 299 336 298
f 325 341 317
f 167 141 157
f 342 325 343
f 344 345 346
f 290 347 348
f 349 331 323
f 319 241 350
f 349 332 331
f 241 319 242
f 351 305 336
f 335 269 319
f 278 280 299
f 279 300 352
f 324 317 353
f 306 305 351
f 279 278 269
f 354 355 356
f 357 200 358
f 319 350 335
f 45 359 43
f 347 290 286
f 159 330 332
f 342 341 325
f 352 280 279
f 360 361 362
f 363 364 365
f 262 248 253
f 366 362 367
f 244 368 369
f 327 324 353
f 58 370 88
f 336 299 351
f 32 34 39
f 371 372 373
f 374 33 32
f 375 48 376
f 335 279 269
f 377 378 13
f 379 374 32
f 289 304 380
f 59 381 68
f 382 383 296
f 384 385 386
f 67 66 387
f 327 388 324
f 389 390 374
f 379 389 374
f 328 341 342
f 391 392 393
f 271 307 329
f 394 43 359
f 395 299 280
f 352 300 302
f 212 216 237
f 396 397 398
f 399 400 401
f 402 403 404
f 405 312 392
f 406 390 407
f 291 290 408
f 145 114 117
f 328 228 326
f 409 410 411
f 412 413 414
f 390 389 415
f 416 417 418
f 333 419 349
f 420 421 422
f 160 349 423
f 424 388 327
f 425 426 427
f 387 428 429
f 430 431 432
f 433 434 435
f 436 23 25
f 437 412 414
f 417 416 438
f 439 440 441
f 118 144 133
f 442 443 444
f 285 303 284
f 445 411 446
f 403 410 438
f 116 117 114
f 447 448 449
f 450 417 451
f 20 452 376
f 221 220 267
f 453 6 454
f 346 455 456
f 346 456 344
f 457 10 12
f 425 414 458
f 354 459 460
f 57 296 461
f 441 440 402
f 423 349 419
f 214 462 251
f 463 464 465
f 466 467 322
f 402 468 446
f 438 410 469
f 392 312 226
f 449 410 447
f 464 470 471
f 160 472 161
f 176 188 191
f 176 162 155
f 446 411 402
f 228 328 393
f 459 354 356
f 473 474 447
f 475 424 326
f 97 113 123
f 438 451 417
f 469 449 451
f 418 476 416
f 477 478 356
f 418 450 434
f 479 480 481
f 482 288 287
f 483 388 484
f 472 160 423
f 291 485 482
f 482 485 486
f 450 418 417
f 402 404 441
f 487 475 488
f 228 392 226
f 489 445 446
f 490 449 448
f 491 492 468
f 226 288 227
f 122 106 493
f 165 181 171
f 482 486 494
f 416 403 438
f 450 451 490
f 495 496 450
f 497 484 245
f 468 402 440
f 498 499 500
f 501 77 472
f 502 503 504
f 409 445 505
f 469 451 438
f 495 450 490
f 506 439 441
f 507 508 509
f 510 511 512
f 501 497 77
f 513 245 514
f 405 392 391
f 488 326 515
f 447 410 473
f 197 358 198
f 490 448 495
f 506 441 404
f 228 227 515
f 159 332 160
f 516 517 518
f 519 77 497
f 506 404 476
f 116 99 98
f 178 185 182
f 464 520 465
f 474 448 447
f 521 522 355
f 482 523 227
f 468 492 446
f 524 487 525
f 487 526 513
f 523 494 527
f 528 529 530
f 473 409 531
f 433 532 439
f 169 174 208
f 497 245 244
f 403 411 410
f 533 492 491
f 154 173 172
f 167 143 141
f 439 532 440
f 433 476 418
f 511 534 512
f 245 513 526
f 230 285 231
f 490 451 449
f 489 446 492
f 535 536 537
f 409 473 410
f 538 539 77
f 418 434 433
f 287 291 482
f 472 423 501
f 150 163 153
f 540 539 538
f 541 542 543
f 128 145 117
f 163 150 146
f 525 515 544
f 178 157 170
f 545 119 133
f 369 519 244
f 411 445 409
f 324 388 333
f 519 538 77
f 524 546 547
f 402 411 403
f 506 476 433
f 548 549 550
f 505 531 409
f 433 439 506
f 246 245 526
f 449 469 410
f 136 131 149
f 483 419 333
f 445 489 551
f 435 532 433
f 139 141 140
f 204 206 543
f 416 404 403
f 515 552 544
f 553 554 555
f 476 404 416
f 514 487 513
f 556 557 524
f 519 369 558
f 203 186 207
f 344 559 560
f 344 560 561
f 519 558 538
f 562 563 561
f 562 561 564
f 565 566 567
f 565 567 563
f 526 487 524
f 568 567 566
f 524 547 526
f 569 570 571
f 569 571 572
f 294 573 574
f 575 576 577
f 575 577 578
f 562 565 563
f 579 572 571
f 467 580 262
f 578 577 581
f 191 207 209
f 582 564 561
f 583 355 354
f 570 569 584
f 582 561 560
f 585 572 579
f 546 524 557
f 586 587 588
f 219 237 216
f 517 516 589
f 69 71 590
f 289 284 304
f 246 591 368
f 525 488 515
f 545 108 119
f 504 282 502
f 592 558 369
f 237 210 212
f 537 251 250
f 522 521 572
f 207 191 203
f 593 594 535
f 288 482 227
f 211 210 595
f 596 354 460
f 597 598 200
f 599 507 509
f 295 352 600
f 512 601 602
f 546 557 603
f 604 605 606
f 604 606 607
f 368 592 369
f 608 609 512
f 105 89 99
f 610 611 612
f 613 601 512
f 96 493 106
f 614 204 615
f 616 617 592
f 618 291 408
f 595 462 211
f 215 537 536
f 619 620 621
f 194 622 536
f 556 544 623
f 543 367 204
f 179 185 178
f 624 625 215
f 462 213 211
f 535 194 536
f 592 591 626
f 421 627 252
f 364 628 555
f 609 608 629
f 70 205 71
f 630 430 631
f 498 217 499
f 541 543 206
f 462 214 213
f 632 70 633
f 367 615 204
f 634 635 636
f 637 638 639
f 640 641 642
f 643 644 444
f 355 583 521
f 622 624 536
f 512 609 613
f 613 620 601
f 645 616 592
f 507 599 502
f 355 576 356
f 557 623 646
f 90 93 94
f 210 421 595
f 626 591 647
f 648 518 649
f 283 481 650
f 651 542 541
f 575 652 576
f 522 577 355
f 236 421 210
f 653 574 573
f 553 555 654
f 655 656 657
f 275 658 659
f 645 660 661
f 662 502 663
f 603 557 646
f 231 380 229
f 546 664 647
f 475 326 488
f 619 602 620
f 574 653 665
f 666 662 663
f 355 577 576
f 200 667 668
f 200 668 669
f 670 671 672
f 522 673 581
f 522 581 577
f 603 674 658
f 585 673 522
f 585 522 572
f 592 675 645
f 676 677 678
f 203 679 680
f 345 681 682
f 682 683 346
f 616 645 661
f 214 251 537
f 684 685 686
f 341 328 327
f 559 344 456
f 654 687 688
f 689 690 691
f 591 547 647
f 360 362 692
f 693 694 681
f 695 696 697
f 252 251 462
f 648 698 518
f 674 603 276
f 699 292 294
f 700 701 702
f 703 649 704
f 705 700 706
f 645 675 660
f 707 708 709
f 707 709 710
f 320 322 253
f 343 391 342
f 711 647 664
f 206 712 541
f 586 639 713
f 603 711 664
f 205 70 714
f 480 267 266
f 679 203 192
f 608 715 629
f 106 117 102
f 154 130 143
f 234 260 311
f 126 143 130
f 716 701 700
f 716 700 705
f 659 658 674
f 680 186 203
f 367 717 615
f 718 347 719
f 711 603 658
f 720 721 722
f 723 724 725
f 726 661 338
f 232 727 728
f 423 483 501
f 729 730 731
f 732 733 734
f 246 368 244
f 735 736 737
f 573 621 653
f 620 613 738
f 738 621 620
f 665 653 739
f 308 303 740
f 741 629 742
f 377 653 621
f 553 654 688
f 615 743 635
f 547 546 647
f 567 744 563
f 169 153 163
f 745 746 747
f 736 225 748
f 749 750 751
f 660 752 233
f 753 751 750
f 754 755 756
f 286 312 719
f 720 757 721
f 153 148 149
f 496 758 450
f 759 760 722
f 435 761 762
f 646 623 763
f 646 763 764
f 617 616 765
f 766 767 768
f 769 770 771
f 255 772 273
f 773 774 775
f 776 777 778
f 257 779 261
f 770 780 781
f 739 653 377
f 782 217 498
f 431 630 783
f 783 784 193
f 781 741 742
f 367 362 717
f 775 758 773
f 785 786 782
f 787 788 789
f 790 761 435
f 123 493 97
f 791 792 793
f 759 722 721
f 794 651 541
f 623 527 763
f 236 795 421
f 796 776 778
f 660 797 752
f 798 219 218
f 796 773 776
f 778 774 796
f 496 776 773
f 232 661 233
f 775 799 758
f 758 799 434
f 800 764 763
f 434 799 801
f 434 801 790
f 758 496 773
f 774 773 796
f 257 262 580
f 500 625 624
f 801 761 790
f 434 450 758
f 218 786 785
f 552 515 227
f 802 723 670
f 434 790 435
f 786 216 217
f 762 532 435
f 594 803 431
f 785 804 798
f 805 806 807
f 315 308 740
f 782 786 217
f 250 593 537
f 536 624 215
f 808 803 809
f 217 212 499
f 208 186 177
f 484 514 245
f 631 810 784
f 811 781 768
f 213 499 211
f 167 178 182
f 341 327 353
f 752 797 812
f 500 215 625
f 813 406 814
f 815 816 817
f 316 343 325
f 273 818 819
f 648 820 821
f 96 97 493
f 380 304 313
f 494 486 822
f 800 763 527
f 823 822 486
f 661 232 338
f 135 172 155
f 800 824 764
f 662 260 825
f 812 268 752
f 826 827 736
f 764 824 828
f 246 547 591
f 829 830 831
f 767 329 337
f 527 494 832
f 233 752 268
f 222 275 220
f 800 833 824
f 110 118 119
f 592 626 675
f 678 233 268
f 825 677 503
f 290 348 408
f 834 820 835
f 388 483 333
f 606 683 682
f 99 93 90
f 836 432 837
f 815 838 816
f 546 603 664
f 839 817 835
f 760 815 839
f 224 732 734
f 606 586 607
f 583 354 596
f 638 713 639
f 727 840 841
f 840 830 841
f 842 843 844
f 842 845 843
f 846 847 842
f 633 70 382
f 848 849 843
f 736 827 223
f 143 168 154
f 670 850 851
f 678 234 233
f 852 224 734
f 745 747 737
f 847 853 842
f 854 855 340
f 856 735 569
f 651 857 542
f 858 844 859
f 846 842 844
f 860 844 858
f 861 843 849
f 615 717 743
f 843 859 844
f 745 737 748
f 843 845 848
f 795 236 235
f 862 224 863
f 859 843 861
f 864 721 865
f 225 736 223
f 747 866 867
f 71 204 614
f 823 868 822
f 757 865 721
f 743 717 361
f 822 869 832
f 850 870 871
f 851 850 866
f 338 340 726
f 729 723 872
f 71 614 590
f 366 543 542
f 736 735 826
f 693 873 867
f 712 794 541
f 734 724 802
f 694 867 866
f 737 874 735
f 875 613 811
f 609 741 613
f 277 220 275
f 362 361 717
f 421 795 422
f 523 623 544
f 306 876 877
f 875 337 878
f 362 366 879
f 221 268 812
f 880 881 882
f 738 878 883
f 626 647 711
f 802 851 852
f 307 878 337
f 728 727 841
f 222 221 812
f 884 874 747
f 738 883 621
f 885 642 886
f 670 723 671
f 306 883 307
f 638 887 888
f 558 592 617
f 120 109 889
f 440 890 468
f 891 890 892
f 621 883 378
f 893 894 895
f 857 879 366
f 896 897 898
f 613 875 878
f 795 235 690
f 899 896 898
f 833 527 832
f 692 362 879
f 883 306 877
f 883 900 378
f 642 641 886
f 351 876 306
f 901 893 895
f 627 250 252
f 902 899 91
f 489 896 899
f 895 876 901
f 900 883 903
f 91 898 134
f 489 904 551
f 255 273 247
f 905 62 640
f 906 789 553
f 883 877 903
f 907 533 897
f 173 154 168
f 282 908 909
f 910 902 911
f 912 378 900
f 910 913 904
f 877 876 895
f 193 195 783
f 901 876 351
f 902 904 899
f 907 897 896
f 307 883 878
f 914 915 916
f 738 613 878
f 533 889 897
f 917 877 895
f 735 856 826
f 893 901 395
f 382 296 633
f 555 554 918
f 901 351 299
f 919 280 920
f 894 917 895
f 395 901 299
f 395 919 893
f 919 395 280
f 866 746 851
f 919 920 893
f 920 280 297
f 352 295 280
f 90 911 902
f 921 892 922
f 904 913 923
f 280 295 297
f 109 101 134
f 672 854 870
f 500 499 215
f 924 925 926
f 927 925 928
f 142 120 929
f 535 594 195
f 491 468 890
f 898 897 889
f 195 194 535
f 930 926 891
f 492 907 489
f 924 142 929
f 218 216 786
f 931 159 161
f 932 702 933
f 896 489 907
f 934 935 936
f 296 57 297
f 937 819 818
f 869 822 938
f 939 934 940
f 920 297 57
f 941 824 833
f 942 57 943
f 296 383 461
f 94 944 911
f 890 945 491
f 277 946 265
f 94 911 90
f 741 781 811
f 492 533 907
f 911 944 910
f 934 947 935
f 948 550 949
f 489 899 904
f 551 923 950
f 920 57 942
f 809 951 685
f 889 927 928
f 904 923 551
f 920 894 893
f 874 744 735
f 904 902 910
f 934 952 947
f 171 953 170
f 91 90 902
f 920 942 954
f 728 870 854
f 899 898 91
f 383 69 955
f 13 378 14
f 734 802 852
f 372 371 956
f 957 461 383
f 958 959 960
f 56 943 57
f 648 649 961
f 864 759 721
f 939 952 934
f 731 671 729
f 943 56 942
f 962 806 805
f 963 917 964
f 530 529 965
f 903 963 966
f 967 372 968
f 596 223 827
f 784 783 630
f 739 15 665
f 676 678 264
f 936 969 934
f 970 372 967
f 966 900 903
f 832 869 833
f 461 957 971
f 945 927 491
f 971 57 461
f 952 939 972
f 632 697 714
f 973 974 956
f 56 975 942
f 976 977 978
f 517 589 321
f 979 976 980
f 975 56 981
f 224 982 225
f 964 917 983
f 984 917 894
f 837 611 918
f 665 15 14
f 985 958 986
f 780 987 766
f 420 988 989
f 444 665 442
f 232 339 338
f 990 779 580
f 900 991 912
f 992 957 993
f 994 968 956
f 383 993 957
f 978 980 976
f 982 745 748
f 995 60 979
f 968 958 960
f 263 267 480
f 996 916 997
f 974 994 956
f 867 873 747
f 954 942 975
f 967 968 960
f 954 984 894
f 998 205 999
f 1000 974 973
f 769 772 987
f 38 1001 39
f 744 567 569
f 138 137 1002
f 833 1003 941
f 974 958 994
f 967 960 1004
f 986 974 1005
f 1006 9 1007
f 1008 1009 510
f 686 1010 976
f 982 748 225
f 986 1005 1011
f 974 986 958
f 772 769 1012
f 532 762 892
f 1013 1014 1015
f 1016 563 744
f 1017 1018 1019
f 968 994 958
f 52 955 53
f 533 491 927
f 1020 137 147
f 818 1012 769
f 256 766 255
f 892 762 922
f 870 728 871
f 745 982 746
f 890 440 532
f 766 987 255
f 138 1002 132
f 1021 359 1022
f 549 1023 995
f 818 1024 937
f 694 830 829
f 788 553 789
f 35 1001 38
f 152 111 1025
f 549 548 1023
f 977 550 978
f 977 627 420
f 1026 1027 811
f 185 189 184
f 365 1028 363
f 550 989 949
f 872 725 1029
f 740 303 285
f 646 276 603
f 532 892 890
f 889 928 120
f 926 925 945
f 924 926 930
f 949 548 948
f 924 928 925
f 685 612 808
f 1030 1031 35
f 1032 1033 930
f 1034 1035 1036
f 884 747 873
f 898 889 109
f 329 767 272
f 466 990 580
f 1037 941 1038
f 549 995 980
f 1039 1038 1003
f 62 641 640
f 924 166 142
f 690 1040 795
f 69 590 53
f 988 420 1040
f 980 995 979
f 708 1036 1035
f 613 741 811
f 941 1037 946
f 377 621 378
f 420 627 421
f 916 906 1041
f 926 945 891
f 1042 1043 132
f 930 921 1032
f 282 507 502
f 1044 930 1033
f 176 174 162
f 928 924 929
f 239 238 331
f 949 1045 1046
f 927 945 925
f 875 1027 337
f 928 929 120
f 702 932 478
f 766 768 780
f 768 1026 811
f 1044 166 924
f 533 927 889
f 898 109 134
f 933 709 708
f 1047 1048 1049
f 35 38 36
f 822 832 494
f 632 695 697
f 1050 1049 1048
f 1051 465 520
f 930 891 892
f 263 480 479
f 1052 1053 1054
f 1040 1031 988
f 930 1044 924
f 1055 1056 1053
f 941 946 824
f 949 1030 1045
f 1020 1057 1042
f 1057 1020 1058
f 471 520 464
f 1015 1059 1009
f 1048 1060 1061
f 1062 53 590
f 1052 1061 1053
f 1031 1030 988
f 393 392 228
f 1040 689 1031
f 277 265 220
f 317 341 353
f 1030 37 1045
f 996 787 916
f 227 523 552
f 481 1063 479
f 1064 996 1065
f 501 483 497
f 485 291 618
f 233 661 660
f 260 234 677
f 276 764 828
f 290 287 286
f 552 523 544
f 1066 840 727
f 186 208 207
f 1031 689 1001
f 311 1066 727
f 766 256 272
f 272 767 766
f 163 146 156
f 35 1031 1001
f 840 831 830
f 769 987 770
f 478 459 356
f 885 1028 1067
f 743 1043 1042
f 1068 1069 1070
f 1071 1057 1058
f 277 276 828
f 328 342 393
f 1072 1073 54
f 623 523 527
f 829 831 1074
f 597 1034 598
f 1075 1076 1077
f 334 166 1044
f 1078 1079 346
f 1078 346 683
f 1057 1080 1042
f 526 547 246
f 323 331 238
f 324 238 309
f 916 787 906
f 382 70 69
f 1027 875 811
f 234 678 677
f 1081 520 471
f 696 1082 697
f 933 915 932
f 628 363 687
f 323 333 349
f 1057 1083 1084
f 1085 820 834
f 311 259 1066
f 1086 1078 683
f 915 933 1035
f 276 275 659
f 596 1087 863
f 864 1088 1089
f 1082 696 1090
f 1091 1092 1093
f 276 659 674
f 315 314 308
f 549 980 550
f 1094 1082 1090
f 152 1058 1020
f 301 696 1095
f 240 310 309
f 974 1000 1005
f 169 158 153
f 887 1076 888
f 1096 1097 1080
f 1097 1096 634
f 580 779 257
f 525 487 488
f 294 602 573
f 309 317 324
f 1070 688 1098
f 273 1012 818
f 346 345 682
f 1080 1084 1096
f 1099 1100 1101
f 1102 301 300
f 1103 1104 1105
f 1099 1101 1106
f 1107 694 829
f 223 863 224
f 734 733 724
f 1066 259 655
f 502 825 503
f 335 350 300
f 1108 1106 1101
f 780 770 987
f 311 260 259
f 1026 767 337
f 545 131 108
f 1105 1109 1103
f 538 617 540
f 1086 683 606
f 1086 606 605
f 947 1055 1053
f 1109 1101 1103
f 1110 1111 1112
f 1113 1083 1073
f 1105 1114 1109
f 1115 1116 1082
f 795 1040 422
f 1117 1081 471
f 1082 1116 714
f 1118 1061 1060
f 1119 357 1120
f 1048 520 1121
f 170 953 179
f 1060 1048 1121
f 1122 1123 1124
f 1109 1125 1108
f 1125 1126 1108
f 1126 1127 1128
f 850 670 1129
f 1100 1090 1101
f 610 365 918
f 1058 152 1071
f 1053 1118 935
f 1124 1123 1085
f 1130 1131 520
f 350 241 1132
f 969 1133 934
f 1121 1118 1060
f 976 1010 1134
f 1104 301 1105
f 1081 1135 1130
f 1136 1130 1135
f 1133 1137 940
f 1138 1139 1117
f 940 1137 1140
f 243 261 1141
f 1130 1121 1131
f 1121 1142 1118
f 1069 914 1041
f 1121 1143 1142
f 1072 1113 1073
f 1144 1145 1124
f 1053 935 947
f 768 781 780
f 1146 1147 1148
f 987 772 255
f 916 1035 997
f 54 53 1062
f 1080 1097 1042
f 689 691 1001
f 166 180 165
f 1136 1149 1121
f 1150 1114 1132
f 990 1151 779
f 1152 821 1123
f 997 1065 996
f 969 1153 1154
f 1155 1144 1085
f 1073 66 54
f 1113 1072 1096
f 1153 936 1142
f 836 554 1156
f 1157 972 1158
f 1159 1160 1161
f 1162 1163 1164
f 1069 1068 459
f 1122 1124 1145
f 1089 1085 1165
f 1061 1052 1050
f 771 818 769
f 308 314 317
f 1128 1166 1167
f 990 1168 1151
f 1169 1099 1106
f 1106 1170 1169
f 818 771 1024
f 1135 1139 1171
f 892 921 930
f 132 131 136
f 1097 634 636
f 1172 1173 1174
f 1154 1111 1175
f 1081 1176 1135
f 1177 1112 1178
f 1179 1180 635
f 1115 1094 1181
f 891 945 890
f 1182 1168 1183
f 1126 1125 1127
f 1184 1185 1186
f 273 772 1012
f 1089 1165 864
f 1125 1109 1187
f 1188 972 1157
f 1175 1140 1137
f 1156 554 788
f 1099 1189 1100
f 1176 1139 1135
f 1169 1190 1099
f 590 614 1180
f 834 817 816
f 669 668 1022
f 669 1022 359
f 1191 1192 1193
f 1026 768 767
f 1130 1136 1121
f 1194 715 608
f 1177 1195 1170
f 1196 1197 1139
f 1117 471 1198
f 1199 1200 1201
f 1132 1141 1202
f 1153 1203 1154
f 1204 1205 1206
f 1102 1105 301
f 1171 1207 1135
f 1164 1112 1111
f 864 838 759
f 1194 608 534
f 1208 1181 1094
f 1088 1155 1089
f 1082 1094 1115
f 936 1153 969
f 1209 1210 1181
f 1190 1211 1189
f 1042 132 1002
f 1190 1212 1211
f 1151 1168 1213
f 1212 1190 1169
f 940 1140 1167
f 1124 1085 1144
f 1214 1151 1215
f 337 1027 1026
f 1139 1197 1171
f 715 1194 1216
f 1171 1197 1207
f 1217 1147 1218
f 1151 1219 1215
f 1203 1111 1154
f 1149 1218 1146
f 1094 1220 1208
f 871 841 830
f 520 1081 1130
f 1181 1173 1209
f 1177 1178 1163
f 1221 1161 1160
f 1216 1024 1222
f 1223 1151 1213
f 742 715 770
f 1189 1224 1094
f 1225 1213 1182
f 1062 1096 1072
f 1051 1226 1048
f 420 422 1040
f 1187 1202 1193
f 1212 1169 1195
f 1215 1141 1214
f 399 1204 400
f 879 857 1227
f 1189 1211 1224
f 1196 1139 880
f 1228 1221 1191
f 1229 937 1024
f 1230 1186 1231
f 54 1062 1072
f 1181 1210 1115
f 1199 1211 1212
f 1225 400 1232
f 1233 1186 1227
f 1204 1234 400
f 1224 1220 1094
f 1222 1024 771
f 1233 1227 857
f 1222 770 715
f 1235 1236 1237
f 934 1133 940
f 1163 1238 1195
f 1239 1240 1241
f 1166 1158 940
f 1141 1215 1193
f 817 839 815
f 1234 1242 400
f 651 1231 857
f 1223 1219 1151
f 1172 1230 1231
f 1175 1133 969
f 770 1222 771
f 1243 1244 1245
f 1166 1246 1160
f 1241 1196 1247
f 1206 1234 1204
f 1173 1181 1248
f 937 1229 819
f 1147 1217 1235
f 1179 635 634
f 1216 1222 715
f 1213 1232 1245
f 990 1249 1168
f 1136 1135 1218
f 1111 1140 1175
f 1164 1250 1162
f 1131 1121 520
f 1224 1208 1220
f 972 940 1158
f 1251 1054 1056
f 1239 1185 1252
f 1061 1050 1048
f 1252 1184 1201
f 1146 1218 1147
f 972 939 940
f 1187 1192 1246
f 1117 1176 1081
f 1148 1250 1253
f 1104 1103 1090
f 1254 879 1227
f 1207 1240 1236
f 1162 1238 1163
f 1240 1207 1197
f 677 1063 503
f 1246 1192 1160
f 1197 1241 1240
f 1255 1188 1157
f 1256 1191 1244
f 1186 1257 1254
f 1219 1223 1244
f 670 672 1129
f 715 742 629
f 1234 1206 1258
f 1140 1111 1110
f 1236 1235 1217
f 1205 399 401
f 1193 1215 1219
f 1213 1245 1223
f 1259 394 1260
f 1160 1192 1221
f 1196 1241 1197
f 1219 1244 1191
f 1132 1202 1150
f 1242 1234 1258
f 1153 1142 1143
f 1141 261 1214
f 1217 1218 1135
f 1250 1164 1253
f 1116 1115 1210
f 1261 1262 1263
f 1244 1243 1256
f 1164 1178 1112
f 1253 1203 1146
f 1228 1256 1264
f 399 1205 1204
f 1265 1266 1267
f 1268 1242 1258
f 1096 1180 1179
f 1180 1096 1062
f 1224 1211 1199
f 1189 1099 1190
f 857 1231 1233
f 1241 1247 1269
f 1226 520 1048
f 1270 1230 1172
f 1266 1265 1271
f 1208 1224 1270
f 1042 1097 743
f 1232 1242 1268
f 243 1141 241
f 512 534 608
f 1057 1071 1083
f 1132 1102 350
f 1208 1174 1248
f 1243 1264 1256
f 152 1020 147
f 150 133 144
f 1080 1057 1084
f 1170 1195 1169
f 1272 1267 1258
f 424 475 484
f 1113 1084 1083
f 1173 1248 1174
f 1266 1273 1274
f 1159 1161 1255
f 1159 1158 1166
f 1275 1264 1274
f 838 815 759
f 651 794 1209
f 1270 1224 1199
f 1256 1228 1191
f 874 884 1016
f 301 1104 696
f 1255 1157 1159
f 1002 1020 1042
f 1260 394 359
f 1260 359 1276
f 1025 1071 152
f 1056 1054 1053
f 1128 1127 1166
f 743 1097 636
f 1148 1253 1146
f 1150 1187 1109
f 137 1020 1002
f 1188 1255 1263
f 1226 1051 520
f 1161 1228 1277
f 1153 1146 1203
f 1200 1199 1162
f 1118 936 935
f 1265 1278 1272
f 241 1141 1132
f 1109 1114 1150
f 1208 1270 1174
f 1168 1182 1213
f 1265 1267 1278
f 1267 1272 1278
f 1108 1101 1109
f 1239 1241 1269
f 1227 1186 1254
f 1147 1235 1237
f 1161 1277 1255
f 1238 1212 1195
f 300 350 1102
f 1207 1217 1135
f 1232 400 1242
f 1111 1203 1253
f 1149 1136 1218
f 1185 1239 1269
f 781 742 770
f 1279 1201 1237
f 1105 1102 1114
f 1172 1231 651
f 1146 1143 1149
f 1143 1121 1149
f 1280 1177 1170
f 1108 1170 1106
f 1248 1181 1208
f 1096 1179 634
f 651 1209 1173
f 1221 1228 1161
f 1160 1159 1166
f 1084 1113 1096
f 743 636 635
f 1266 1274 1264
f 1137 1133 1175
f 1143 1146 1153
f 1261 1263 1255
f 1277 1228 1264
f 1183 1225 1182
f 542 857 366
f 676 1063 677
f 1140 1110 1167
f 1225 1232 1213
f 1233 1231 1186
f 1094 1100 1189
f 1252 1185 1184
f 1174 1270 1172
f 1090 1103 1101
f 1275 1261 1255
f 574 644 294
f 1267 1243 1268
f 1187 1193 1192
f 1090 1100 1094
f 1148 1200 1250
f 1252 1240 1239
f 851 746 982
f 1236 1252 1279
f 833 800 527
f 1062 590 1180
f 1177 1280 1112
f 1280 1126 1128
f 1281 1282 1271
f 1191 1221 1192
f 1279 1237 1236
f 1261 1273 1262
f 169 208 175
f 635 1180 614
f 1201 1270 1199
f 1201 1184 1230
f 1186 1185 1257
f 1212 1238 1199
f 1200 1162 1250
f 423 419 483
f 1126 1280 1108
f 1283 266 1037
f 755 754 750
f 1277 1264 1275
f 1118 1053 1061
f 303 304 284
f 1176 1117 1139
f 1132 1114 1102
f 1207 1236 1217
f 1269 1254 1185
f 1243 1245 1268
f 1253 1164 1111
f 1245 1244 1223
f 1246 1166 1125
f 1112 1280 1110
f 651 1173 1172
f 1201 1279 1252
f 711 222 812
f 1230 1184 1186
f 1163 1195 1177
f 131 545 133
f 1257 1185 1254
f 1148 1201 1200
f 1201 1230 1270
f 1199 1238 1162
f 1201 1148 1237
f 1237 1148 1147
f 1175 969 1154
f 1118 1142 936
f 658 275 222
f 714 697 1082
f 1252 1236 1240
f 1047 1051 1048
f 1016 744 874
f 1274 1261 1275
f 1280 1170 1108
f 478 477 702
f 1163 1178 1164
f 1284 1285 1286
f 1287 1288 1289
f 3 1290 1
f 1125 1187 1246
f 1 1288 1291
f 1290 1292 1284
f 1293 1294 1295
f 1290 1288 1
f 1290 1296 1289
f 1297 3 2
f 1295 1298 1293
f 1299 1262 1273
f 1297 1292 3
f 1268 1258 1267
f 1286 1285 1300
f 1296 1294 1301
f 1284 1296 1290
f 607 586 713
f 1294 1296 1302
f 779 1214 261
f 1303 1289 1301
f 1304 1305 1306
f 1307 1282 1308
f 1290 1289 1288
f 1292 1285 1284
f 572 826 856
f 1295 1309 1298
f 871 866 850
f 1281 1271 1310
f 263 479 264
f 1293 1301 1294
f 946 1037 265
f 828 824 946
f 1302 1311 1294
f 1312 1295 1306
f 1303 1301 1313
f 1313 1301 1293
f 826 583 827
f 1294 1311 1295
f 1302 1304 1306
f 1301 1289 1296
f 1066 831 840
f 1298 1313 1293
f 1298 1314 1313
f 1315 986 1011
f 1311 1302 1306
f 1295 1311 1306
f 1305 1316 1306
f 850 1129 870
f 1286 1315 1284
f 1316 1312 1306
f 1314 1303 1313
f 1266 1271 1282
f 1309 1314 1298
f 787 1064 788
f 1165 816 838
f 657 588 587
f 1243 1267 1264
f 1295 1312 1309
f 1290 3 1292
f 1202 1141 1193
f 1110 1280 1128
f 1317 1318 198
f 1317 198 708
f 260 677 825
f 693 867 694
f 1219 1191 1193
f 1282 1307 1273
f 873 1016 884
f 1167 1110 1128
f 561 345 344
f 1245 1232 1268
f 1151 1214 779
f 737 747 874
f 855 854 672
f 1319 806 371
f 1037 1039 1283
f 1150 1202 1187
f 1125 1166 1127
f 1266 1264 1267
f 1266 1282 1273
f 373 1319 371
f 1320 1263 1262
f 1255 1277 1275
f 1166 940 1167
f 487 514 475
f 851 802 670
f 1104 1090 696
f 1273 1261 1274
f 1273 1307 1299
f 1310 1271 1265
f 1158 1159 1157
f 1038 1039 1037
f 1249 990 466
f 1003 833 869
f 612 365 610
f 791 1321 1322
f 1183 1249 1323
f 1324 1183 1323
f 1323 466 1325
f 340 339 854
f 322 1325 466
f 400 1225 1183
f 1324 1326 1183
f 1323 1325 1327
f 253 467 262
f 1183 1326 400
f 1327 1324 1323
f 550 980 978
f 589 1327 1325
f 1324 1327 1326
f 521 826 572
f 885 1067 642
f 866 871 830
f 400 1326 401
f 1323 1249 466
f 1328 516 1329
f 322 589 1325
f 224 852 982
f 1329 516 1330
f 1328 1327 589
f 1331 511 510
f 1330 516 518
f 997 597 1065
f 869 938 1332
f 821 820 1123
f 1037 266 265
f 1039 1003 1332
f 459 1068 460
f 1326 1327 1328
f 1249 1183 1168
f 401 1326 1328
f 502 599 663
f 401 1328 1329
f 345 873 693
f 516 1328 589
f 1251 1056 1333
f 1251 1333 1334
f 258 655 259
f 1335 1251 1334
f 1336 1093 1337
f 1056 1338 1333
f 1003 869 1332
f 845 842 1336
f 1339 1336 1337
f 258 260 662
f 1337 1340 1339
f 1340 1333 1339
f 596 827 583
f 1341 1342 1338
f 1343 1320 1344
f 1339 1345 1336
f 1341 952 1346
f 1347 1339 1333
f 671 723 729
f 1299 1348 1344
f 1345 1339 1349
f 946 277 828
f 644 643 699
f 1349 1339 1347
f 208 174 209
f 556 525 544
f 759 815 760
f 60 62 905
f 932 914 478
f 1350 1349 1347
f 1347 1343 1350
f 1342 1341 1346
f 822 868 938
f 1347 1333 1338
f 358 1036 198
f 1351 1342 1346
f 1343 1351 1188
f 503 1063 909
f 1343 1342 1351
f 982 852 851
f 1334 1340 1335
f 866 830 694
f 1341 1055 947
f 1038 941 1003
f 1349 1350 1348
f 1188 1351 1352
f 776 1353 777
f 845 1345 1354
f 1355 1299 1308
f 1343 1188 1320
f 1356 1357 1358
f 1352 972 1188
f 1299 1355 1348
f 1320 1188 1263
f 1348 1345 1349
f 1359 1291 1360
f 952 972 1352
f 1345 1348 1354
f 1055 1341 1338
f 1348 1355 1354
f 1361 607 1362
f 1363 1364 1365
f 952 1352 1346
f 1366 1367 1368
f 856 569 572
f 1348 1350 1344
f 1338 1342 1347
f 1054 1369 1052
f 1346 1352 1351
f 1340 1370 1335
f 658 222 711
f 1338 1056 1055
f 174 169 164
f 735 744 569
f 865 1088 864
f 1123 1122 1152
f 1336 1345 845
f 639 586 588
f 1299 1307 1308
f 602 294 510
f 1123 820 1085
f 1347 1342 1343
f 743 361 1371
f 1333 1340 1334
f 98 102 116
f 655 258 666
f 556 623 557
f 788 554 553
f 610 918 611
f 947 952 1341
f 1262 1299 1344
f 1372 373 970
f 70 632 714
f 1344 1320 1262
f 1165 1085 834
f 517 703 704
f 373 1372 1373
f 365 612 1374
f 838 864 1165
f 1089 1155 1085
f 842 1093 1336
f 1344 1350 1343
f 816 1165 834
f 1016 873 561
f 872 723 725
f 589 322 321
f 1210 794 1116
f 148 136 149
f 825 502 662
f 797 711 812
f 873 345 561
f 620 602 601
f 512 602 510
f 747 746 866
f 713 1375 1362
f 713 1362 607
f 681 345 693
f 1376 1059 1015
f 698 648 821
f 698 821 1377
f 1377 1378 698
f 518 1378 1379
f 1330 518 1379
f 821 1152 1377
f 1380 1378 1377
f 1381 1077 1076
f 626 797 675
f 1076 1075 1375
f 1076 1375 713
f 1382 1380 1377
f 1378 1380 1383
f 558 617 538
f 1329 1379 1384
f 1382 1152 1385
f 1385 1386 1382
f 1380 1382 1383
f 1379 1383 1387
f 1388 1383 1382
f 1379 1387 1384
f 1389 1384 1387
f 1388 1387 1383
f 1384 1390 1329
f 1074 657 587
f 168 167 182
f 591 592 368
f 1388 1389 1387
f 1107 829 1074
f 1382 1386 1391
f 1386 1392 1391
f 1388 1391 1393
f 1390 1389 1394
f 1389 1388 1393
f 258 662 666
f 1272 1258 1394
f 1310 1265 1272
f 1379 1329 1330
f 1395 1310 1272
f 239 332 330
f 1395 1272 1394
f 1281 1396 1397
f 1393 1398 1394
f 175 111 158
f 1394 1398 1395
f 1399 848 1354
f 1281 1397 1282
f 1355 1399 1354
f 1396 1400 1401
f 1402 1403 1404
f 1405 861 849
f 1401 1406 1405
f 1405 1406 861
f 1407 1408 1409
f 312 288 226
f 1410 1411 1403
f 694 1107 681
f 342 391 393
f 1401 1412 1406
f 481 480 650
f 139 140 127
f 586 1107 587
f 1406 859 861
f 556 524 525
f 638 1413 887
f 178 167 157
f 514 484 475
f 98 95 102
f 310 303 308
f 638 888 713
f 283 909 481
f 94 89 86
f 599 637 639
f 656 655 666
f 1107 586 606
f 1414 1415 1416
f 1417 913 1418
f 1049 1419 1047
f 493 123 122
f 174 176 209
f 283 282 909
f 681 1107 606
f 380 231 289
f 909 908 503
f 264 1063 676
f 1420 1421 1422
f 106 124 129
f 588 657 656
f 154 172 135
f 115 132 104
f 711 797 626
f 1423 282 281
f 797 660 675
f 587 1107 1074
f 221 267 263
f 655 657 831
f 637 599 509
f 599 639 663
f 656 639 588
f 455 346 1079
f 1424 1425 1426
f 1427 1400 1398
f 63 975 981
f 1043 1428 1429
f 161 1430 931
f 1431 1432 1433
f 1004 960 959
f 968 372 956
f 859 1434 858
f 1435 132 1429
f 1285 1422 1300
f 1416 1436 1437
f 1415 1414 1438
f 1259 1439 43
f 1259 43 394
f 836 918 554
f 631 430 1322
f 710 709 1440
f 1030 35 37
f 561 563 1016
f 44 201 45
f 1401 1405 1308
f 1129 672 870
f 1441 1372 970
f 1422 1442 1420
f 1285 1443 1444
f 948 548 550
f 1445 1446 1447
f 656 663 639
f 567 568 584
f 567 584 569
f 1059 1376 1448
f 1437 1449 1450
f 1451 1013 1015
f 224 862 732
f 1070 553 688
f 1422 1444 1452
f 521 583 826
f 576 529 477
f 724 723 802
f 1008 1451 1015
f 1453 1013 1451
f 1450 860 858
f 1454 672 671
f 1455 1450 1449
f 977 989 550
f 699 294 644
f 1365 1050 1369
f 1415 1438 1456
f 1023 60 995
f 1134 627 977
f 371 973 956
f 1450 1455 860
f 1452 1457 1458
f 949 988 1030
f 1152 1382 1377
f 1459 1452 1444
f 1419 1049 1365
f 1452 1459 1460
f 977 976 1134
f 1449 1458 1457
f 1076 713 888
f 424 327 326
f 1408 1461 1462
f 276 646 764
f 1414 1411 1410
f 1463 1455 1449
f 1457 1452 1460
f 1457 1463 1449
f 508 282 1423
f 1464 776 496
f 1465 846 844
f 495 1464 496
f 1460 1459 1297
f 83 104 1462
f 1043 1466 1428
f 1009 1008 1015
f 1467 1468 2
f 1416 1450 858
f 201 200 669
f 643 1453 1451
f 794 999 1116
f 529 700 477
f 1041 553 1070
f 598 1034 358
f 684 1374 685
f 574 444 644
f 1469 970 967
f 1041 914 916
f 835 817 834
f 1070 1069 1041
f 1059 1331 1009
f 882 1196 880
f 1374 612 685
f 999 205 714
f 1356 879 1357
f 979 686 976
f 1029 729 872
f 699 1451 1008
f 82 1470 1471
f 199 198 1318
f 196 1120 357
f 196 357 197
f 1367 1460 1468
f 1451 699 643
f 845 1354 848
f 1446 1091 1447
f 933 701 709
f 1472 1473 1409
f 965 529 576
f 965 576 652
f 1046 548 949
f 1034 1036 358
f 364 555 918
f 654 628 687
f 905 686 979
f 905 640 684
f 648 961 835
f 949 989 988
f 365 1067 1028
f 684 686 905
f 748 737 736
f 60 905 979
f 672 1454 855
f 1474 881 880
f 820 648 835
f 1357 1247 1475
f 837 918 836
f 611 808 612
f 367 543 366
f 999 712 998
f 1475 1247 1196
f 320 274 1476
f 1116 999 714
f 684 640 1374
f 1138 1198 1477
f 1358 1409 1473
f 1478 1479 1480
f 871 728 841
f 731 1454 671
f 478 1069 459
f 787 789 906
f 1397 1308 1282
f 1138 1474 1139
f 1434 1411 1414
f 510 294 293
f 481 909 1063
f 669 359 45
f 555 628 654
f 1413 638 637
f 657 1074 831
f 701 933 702
f 504 908 282
f 1064 1065 792
f 151 142 165
f 831 1066 655
f 497 483 484
f 151 170 157
f 253 247 320
f 1477 1481 1482
f 191 209 176
f 515 326 228
f 282 508 507
f 497 244 519
f 466 580 467
f 1468 1460 1297
f 264 479 1063
f 111 152 158
f 208 177 175
f 108 131 115
f 470 464 1483
f 133 149 131
f 478 914 1069
f 156 146 145
f 604 607 1361
f 273 1484 274
f 1095 695 302
f 1196 882 1475
f 973 371 962
f 132 136 138
f 160 332 349
f 494 523 482
f 1098 1068 1070
f 1198 471 470
f 364 918 365
f 114 144 118
f 236 210 237
f 424 484 388
f 606 682 681
f 1461 84 83
f 1119 667 200
f 1119 200 357
f 1485 1363 1365
f 1486 665 14
f 627 1134 250
f 678 268 264
f 1092 1370 1093
f 504 503 908
f 666 663 656
f 665 1486 442
f 303 310 240
f 1487 1488 1489
f 993 1490 429
f 719 347 286
f 371 806 962
f 1047 1491 1051
f 1409 1358 1407
f 1462 1409 1408
f 685 808 809
f 443 1486 1431
f 529 528 706
f 529 706 700
f 962 805 973
f 1284 1315 1011
f 1467 2 1
f 1398 1396 1395
f 798 218 785
f 1067 365 1374
f 1475 1408 1407
f 1435 104 132
f 914 932 915
f 292 699 1008
f 854 339 728
f 296 295 600
f 1035 916 915
f 695 1095 696
f 1492 1493 1494
f 749 751 1495
f 997 1034 597
f 1496 1479 1497
f 223 596 863
f 301 1095 302
f 1385 1152 1122
f 992 993 1498
f 1340 1337 1370
f 1499 1457 1460
f 1035 1034 997
f 537 593 535
f 999 794 712
f 1429 360 1500
f 859 1406 1412
f 463 1418 1483
f 649 518 704
f 1501 1481 1477
f 63 984 975
f 617 1502 1503
f 540 617 1503
f 1447 1504 1445
f 765 1502 617
f 1385 1122 1505
f 860 1465 844
f 1504 1447 1360
f 1491 1506 1051
f 1444 1443 1297
f 214 537 215
f 202 1507 200
f 64 63 981
f 913 910 1418
f 4 1508 1509
f 1427 1403 1400
f 1357 1269 1247
f 1471 1474 1138
f 1510 1418 463
f 200 1507 597
f 1017 1509 1511
f 983 984 1512
f 1513 386 385
f 48 375 58
f 1514 14 1515
f 427 1516 414
f 1496 1497 776
f 84 1474 1470
f 1510 463 1506
f 59 1517 1518
f 360 1466 1371
f 1479 1478 1497
f 1463 1457 1465
f 1510 1417 1418
f 913 1417 923
f 159 1519 330
f 421 252 595
f 1506 1520 1417
f 1399 1308 1405
f 1401 1308 1397
f 1205 1329 1390
f 1521 1465 1457
f 1514 1486 14
f 633 296 600
f 679 1522 680
f 1520 1506 1491
f 1460 1367 1499
f 1205 1390 1206
f 923 1417 1520
f 1523 1524 1517
f 1506 463 465
f 1499 1525 1526
f 1400 1403 1411
f 1522 186 680
f 1434 1412 1411
f 1486 443 442
f 1522 381 1518
f 1464 495 1527
f 177 1524 1528
f 849 848 1405
f 1529 1519 931
f 1520 950 923
f 1530 1520 1531
f 470 1477 1198
f 860 1463 1465
f 594 783 195
f 84 881 1474
f 428 1532 1498
f 429 428 1498
f 87 1519 1529
f 1533 1534 1046
f 1528 112 177
f 631 784 630
f 64 1532 65
f 1517 1524 187
f 1512 63 1535
f 1536 1512 1535
f 1047 1419 1491
f 1522 1517 187
f 9 1006 20
f 1518 381 59
f 320 247 274
f 88 1519 87
f 643 1537 1453
f 159 931 1519
f 313 1519 380
f 1360 1291 1504
f 67 387 429
f 1521 1457 1499
f 186 1522 187
f 5 1017 1019
f 1453 1537 1538
f 1519 229 380
f 1443 1285 1292
f 1490 67 429
f 229 1519 370
f 53 955 69
f 381 1522 1539
f 375 229 370
f 983 917 984
f 1287 1291 1288
f 1536 396 1540
f 81 80 1541
f 1532 428 65
f 381 1539 41
f 1527 495 448
f 1524 177 187
f 1542 1007 9
f 401 1329 1205
f 1512 1536 983
f 65 1535 63
f 41 1539 42
f 1543 1431 1514
f 452 229 375
f 1519 313 330
f 1544 1071 76
f 686 951 1010
f 229 452 1539
f 1071 1025 76
f 452 42 1539
f 1545 76 1025
f 1517 1522 1518
f 1424 1538 1537
f 707 1317 708
f 370 1519 88
f 396 49 1540
f 19 20 814
f 614 615 635
f 428 387 1546
f 65 1546 1535
f 1291 1359 1467
f 396 1536 1547
f 1548 593 951
f 23 436 1523
f 431 783 594
f 920 954 894
f 40 42 1006
f 1007 1542 1018
f 1549 1424 1426
f 1359 1550 1467
f 971 1532 64
f 1036 708 198
f 1498 1532 992
f 429 1498 993
f 34 28 27
f 1551 810 631
f 1134 1010 250
f 1007 40 1006
f 1521 1499 1526
f 1431 1543 1552
f 1424 1549 1538
f 1553 7 415
f 11 437 1516
f 76 1545 74
f 1524 75 1528
f 1516 427 1554
f 1543 49 51
f 457 12 1555
f 112 1528 74
f 1541 80 425
f 412 1430 79
f 690 235 1556
f 1553 1557 7
f 1558 1559 1560
f 41 40 1561
f 1526 847 846
f 88 18 58
f 237 219 1562
f 1563 1513 4
f 1550 1368 1467
f 1564 1555 12
f 1548 803 594
f 24 68 1565
f 9 8 1559
f 1560 8 1557
f 1531 1566 1530
f 375 376 452
f 1276 359 1021
f 803 432 431
f 836 792 1322
f 1561 1511 1565
f 273 819 1484
f 984 63 1512
f 1567 1568 318
f 1073 1083 1569
f 1564 1554 1534
f 1383 1379 1378
f 1561 1017 1511
f 809 803 1548
f 253 322 467
f 692 1356 1473
f 86 1482 1570
f 44 43 1571
f 1321 631 1322
f 1563 29 31
f 1321 1551 631
f 52 67 1490
f 1378 518 698
f 1404 1403 1427
f 813 20 376
f 1566 1531 1419
f 593 1548 594
f 1544 76 1572
f 36 27 26
f 1367 1366 1499
f 951 809 1548
f 67 52 54
f 1402 1410 1403
f 1563 4 1573
f 1574 458 413
f 1437 1450 1416
f 1575 1059 1448
f 803 837 432
f 964 983 966
f 1559 8 1560
f 787 996 1064
f 235 1562 1556
f 1565 1511 24
f 1551 1321 1576
f 593 250 1010
f 1577 1524 1523
f 457 1555 26
f 808 611 803
f 858 1434 1416
f 505 445 950
f 1447 1359 1360
f 1018 1542 1019
f 1429 1428 1466
f 741 609 629
f 611 837 803
f 1366 1368 1550
f 19 407 415
f 1578 1576 1321
f 791 1322 792
f 1425 1432 1431
f 1422 1421 1300
f 1534 1533 1564
f 46 73 72
f 1579 1580 1092
f 1425 453 1426
f 204 71 205
f 1025 111 1545
f 22 931 21
f 1580 1579 1581
f 1509 1508 1511
f 1582 754 756
f 1583 1535 1546
f 1500 1472 1429
f 1370 1092 1580
f 1542 1559 1584
f 1545 111 74
f 753 1585 751
f 1046 1586 1023
f 1370 1580 1335
f 5 1509 1017
f 1536 966 983
f 1251 1581 1054
f 1581 1335 1580
f 1434 1414 1416
f 44 318 201
f 1583 1547 1536
f 1587 1581 1579
f 1335 1581 1251
f 41 1565 68
f 700 702 477
f 1530 531 505
f 383 955 993
f 1433 443 1431
f 1474 1471 1470
f 1364 1419 1365
f 1414 1410 1438
f 51 1552 1543
f 1588 1589 1544
f 793 1578 791
f 1568 793 1507
f 1366 1525 1499
f 1486 1514 1431
f 692 1473 1472
f 1083 1589 1569
f 788 1064 1156
f 839 835 961
f 474 1363 1527
f 1550 1447 1525
f 7 1557 8
f 1473 1356 1358
f 205 998 206
f 1441 970 1469
f 357 358 197
f 669 45 201
f 749 755 750
f 1461 882 881
f 1516 12 11
f 1433 643 443
f 576 477 356
f 906 553 1041
f 1156 792 836
f 1511 25 24
f 415 1590 1553
f 1591 1584 1558
f 378 912 14
f 853 847 1526
f 454 1019 1592
f 1525 1366 1550
f 1046 1023 548
f 1472 104 1435
f 473 531 1566
f 458 414 413
f 427 414 425
f 1485 1369 1496
f 1477 1471 1138
f 1019 6 5
f 31 1593 1594
f 1452 1442 1422
f 1434 859 1412
f 1412 1401 1411
f 426 80 1586
f 1517 59 23
f 1365 1369 1485
f 1508 1513 25
f 1398 1400 1396
f 1357 879 1254
f 1435 1429 1472
f 933 708 1035
f 950 445 551
f 1409 1462 1472
f 72 390 46
f 1562 235 237
f 1091 1526 1525
f 975 984 954
f 86 82 1482
f 1520 1530 950
f 1091 853 1526
f 398 50 49
f 1093 842 853
f 1572 1588 1544
f 212 211 499
f 432 836 430
f 1483 1418 944
f 1291 1467 1
f 1568 1578 793
f 1534 1554 1586
f 1567 1578 1568
f 1591 1592 1584
f 82 1471 1477
f 1552 1425 1431
f 1579 1595 1487
f 1425 1424 1432
f 792 1065 793
f 425 1596 1541
f 21 1430 412
f 444 443 643
f 1596 425 458
f 1546 387 1494
f 407 814 406
f 1018 40 1007
f 798 804 1597
f 87 1529 1598
f 397 386 1593
f 1584 1019 1542
f 1592 1591 1599
f 415 389 1590
f 1516 1554 12
f 21 437 11
f 49 1515 1540
f 20 813 814
f 1310 1395 1396
f 82 1477 1482
f 1500 360 692
f 846 1521 1526
f 1461 1408 1475
f 1393 1427 1398
f 1505 1386 1385
f 1600 1496 1464
f 1415 1456 1436
f 31 30 50
f 1566 1419 1364
f 1547 1546 384
f 632 633 600
f 1485 1496 1600
f 619 573 602
f 1269 1357 1254
f 1501 944 1570
f 73 17 16
f 1531 1520 1491
f 1461 881 84
f 1475 1407 1357
f 1418 910 944
f 967 1601 1469
f 1566 531 1530
f 1579 1092 1595
f 1401 1400 1411
f 448 474 1527
f 785 782 804
f 1430 21 931
f 1139 1474 880
f 23 1523 1517
f 1600 1363 1485
f 132 1043 1429
f 1417 1510 1506
f 1466 360 1429
f 1356 692 879
f 1446 1602 1091
f 293 1008 510
f 1206 1394 1258
f 1489 1603 1587
f 1051 1506 465
f 1117 1198 1138
f 1481 1570 1482
f 1468 1297 2
f 1570 94 86
f 1477 470 1501
f 1043 743 1466
f 1554 426 1586
f 1363 474 1364
f 25 1604 436
f 458 1574 1605
f 1513 1604 25
f 1581 1369 1054
f 963 964 966
f 1605 1574 1606
f 1422 1285 1444
f 1500 692 1472
f 944 94 1570
f 1454 731 1607
f 1608 1606 1609
f 981 56 55
f 1559 1558 1584
f 1541 1610 81
f 1529 931 22
f 72 28 33
f 75 74 1528
f 1610 1541 1611
f 1608 1611 1596
f 1612 1613 539
f 1612 540 1503
f 1614 61 81
f 415 7 19
f 970 373 372
f 1609 1613 1615
f 1469 1601 1616
f 1608 458 1605
f 1617 1612 1503
f 1609 1618 1619
f 1087 1620 862
f 385 1604 1513
f 1570 1481 1501
f 1612 1621 1613
f 1609 1619 1622
f 1608 1605 1606
f 1613 1621 1615
f 743 1371 1466
f 1617 1621 1612
f 1467 1368 1468
f 1389 1393 1394
f 1622 1623 1610
f 951 593 1010
f 1622 1619 1624
f 628 364 363
f 1008 293 292
f 1611 1608 1609
f 4 6 1573
f 1503 1625 1617
f 20 42 452
f 600 302 695
f 641 1614 886
f 598 358 200
f 1513 1563 1594
f 1626 1627 1617
f 1628 1629 1630
f 1623 886 1614
f 886 1631 885
f 1632 1621 1627
f 78 1613 1606
f 596 460 1633
f 1634 1635 1624
f 688 687 1098
f 454 1592 1599
f 454 1599 453
f 387 66 1492
f 1073 1492 66
f 444 574 665
f 836 1322 430
f 621 573 619
f 517 704 518
f 1618 1636 1637
f 1615 1636 1618
f 1614 641 61
f 1623 1622 1635
f 1638 1634 1637
f 1620 732 862
f 1639 1636 1632
f 1627 730 1640
f 1641 1642 1631
f 1622 1624 1635
f 1621 1632 1636
f 730 729 1029
f 1029 1640 730
f 886 1643 1631
f 632 600 695
f 716 1440 709
f 716 709 701
f 1643 1634 1631
f 1321 791 1578
f 462 595 252
f 1644 1634 1638
f 989 977 420
f 1611 1541 1596
f 792 1156 1064
f 1638 1639 1629
f 1639 1640 1645
f 1640 1029 1645
f 1623 81 1610
f 1634 1624 1619
f 1631 1642 885
f 320 1476 321
f 1644 1638 1641
f 1633 1068 1098
f 1415 1436 1416
f 1635 1634 1643
f 1620 1087 1646
f 725 1645 1029
f 961 649 839
f 1641 1631 1644
f 1617 1627 1621
f 1634 1619 1618
f 1637 1639 1638
f 1609 1606 1613
f 1627 1640 1632
f 1631 1634 1644
f 1634 1618 1637
f 1647 1648 1642
f 458 1608 1596
f 363 1028 1648
f 724 733 1649
f 690 689 1040
f 846 1465 1521
f 1621 1636 1615
f 1629 1628 1641
f 1642 1641 1647
f 1628 1649 732
f 1209 794 1210
f 1645 1629 1639
f 363 1646 687
f 1649 725 724
f 1647 1641 1628
f 1629 1645 1630
f 1388 1382 1391
f 1642 1648 885
f 1087 1098 1646
f 1068 1633 460
f 1639 1632 1640
f 732 1649 733
f 687 1646 1098
f 1604 385 1493
f 1612 539 540
f 1623 1635 1643
f 1563 31 1594
f 1607 730 1626
f 1650 1647 1628
f 1647 363 1648
f 642 1374 640
f 82 84 1470
f 1620 1650 1628
f 42 20 1006
f 1648 1028 885
f 1614 81 1623
f 539 1613 78
f 1611 1609 1622
f 26 28 73
f 1630 1649 1628
f 1650 1620 1646
f 1607 731 730
f 1525 1447 1091
f 232 728 339
f 302 600 352
f 1093 1370 1337
f 1374 642 1067
f 1625 1626 1617
f 80 426 425
f 79 1574 413
f 510 1009 1331
f 1511 1508 25
f 1622 1610 1611
f 1576 1578 1567
f 340 855 1651
f 1620 1628 732
f 1633 1098 1087
f 1652 1453 1538
f 1627 1626 730
f 1650 1646 1647
f 311 727 232
f 12 1554 1564
f 33 374 390
f 1594 386 1513
f 1569 1493 1492
f 596 1633 1087
f 1606 1574 78
f 1507 793 597
f 1310 1396 1281
f 725 1649 1630
f 457 16 10
f 1647 1646 363
f 1087 862 863
f 1630 1645 725
f 1368 1367 1468
f 1589 1071 1544
f 1602 1446 1445
f 1532 971 957
f 6 1019 454
f 1091 1093 853
f 1629 1641 1638
f 1618 1609 1615
f 361 360 1371
f 860 1455 1463
f 472 77 79
f 1623 1643 886
f 1637 1636 1639
f 877 917 963
f 1515 912 991
f 78 1574 79
f 1564 1533 1555
f 413 412 79
f 1653 1573 6
f 793 1065 597
f 385 384 1493
f 55 971 64
f 1515 14 912
f 1603 1654 1480
f 57 971 55
f 26 1555 37
f 991 900 966
f 813 48 46
f 436 1577 1523
f 1046 1045 1533
f 1459 1444 1297
f 1092 1602 1595
f 437 414 1516
f 1447 1550 1359
f 1092 1091 1602
f 1655 436 1604
f 1489 1488 1603
f 1487 1489 1579
f 453 1653 6
f 1603 1480 1587
f 1425 1552 30
f 1492 1073 1569
f 1598 11 10
f 1023 1586 60
f 397 396 1547
f 991 966 1540
f 1587 1579 1489
f 46 390 406
f 75 1524 1577
f 1587 1656 1657
f 40 1017 1561
f 1478 1480 1654
f 69 383 382
f 1419 1531 1491
f 1656 1587 1480
f 51 30 1552
f 1430 472 79
f 1530 505 950
f 1493 1569 1604
f 1566 1364 474
f 1655 1604 1569
f 1442 1452 1458
f 1399 1355 1308
f 1593 31 50
f 1297 1443 1292
f 1656 1480 1479
f 384 386 1547
f 1433 1432 1537
f 1509 5 4
f 1353 1497 1478
f 1399 1405 848
f 50 397 1593
f 1353 776 1497
f 377 13 739
f 1490 993 52
f 1592 1019 1584
f 29 1563 1573
f 957 992 1532
f 1577 1655 75
f 381 41 68
f 1396 1401 1397
f 1569 1588 1655
f 1483 1501 470
f 472 1430 161
f 384 1494 1493
f 397 1547 386
f 1534 1586 1046
f 1433 1537 643
f 428 1546 65
f 1573 1653 29
f 1529 22 1598
f 75 1655 1572
f 1507 202 318
f 80 61 1586
f 1494 384 1546
f 1424 1537 1432
f 1546 1547 1583
f 397 50 398
f 453 1425 30
f 415 407 390
f 539 78 77
f 1514 49 1543
f 55 64 981
f 1426 453 1599
f 1535 1583 1536
f 213 215 499
f 739 13 15
f 387 1492 1494
f 386 1594 1593
f 1572 76 75
f 1568 1507 318
f 1588 1572 1655
f 1581 1587 1657
f 30 29 1653
f 1462 104 1472
f 398 49 396
f 1656 1479 1496
f 61 60 1586
f 1386 1505 1392
f 1656 1496 1657
f 1464 1496 776
f 1588 1569 1589
f 407 19 814
f 1461 83 1462
f 1515 991 1540
f 1533 37 1555
f 1369 1050 1052
f 37 1533 1045
f 1017 40 1018
f 463 1483 464
f 1600 1527 1363
f 1658 1659 1660
f 1565 41 1561
f 1390 1394 1206
f 1661 1662 1658
f 1542 9 1559
f 1663 1664 1665
f 33 28 34
f 1527 1600 1464
f 1666 1659 1658
f 1667 1668 1669
f 1661 1670 1671
f 1461 1475 882
f 985 1315 1286
f 756 1658 1660
f 431 430 630
f 1658 1662 1666
f 1662 1661 1671
f 1585 1672 1673
f 751 1673 1495
f 756 1661 1658
f 1666 1662 1456
f 1662 1437 1436
f 406 813 46
f 1674 1671 1675
f 1674 1676 1449
f 1660 1582 756
f 1536 1540 966
f 49 1514 1515
f 48 813 376
f 641 62 61
f 1677 1678 1679
f 1680 1420 1442
f 1681 1456 1438
f 1679 959 958
f 1667 755 749
f 206 998 712
f 951 686 685
f 1083 1071 1589
f 453 30 1653
f 1453 1652 1013
f 73 46 17
f 1680 1674 1664
f 1369 1657 1496
f 370 58 375
f 958 985 1679
f 1625 1607 1626
f 474 473 1566
f 1625 1651 1607
f 1286 1300 985
f 756 755 1661
f 1681 1666 1456
f 1300 1677 985
f 1681 1402 1666
f 1673 1682 1495
f 1651 1625 1503
f 1502 765 726
f 1662 1436 1456
f 1672 1585 1601
f 661 765 616
f 959 1683 1004
f 1684 967 1004
f 1685 1686 1687
f 1667 1661 755
f 1421 1677 1300
f 726 340 1651
f 1681 1410 1402
f 855 1454 1651
f 1651 1502 726
f 1688 1683 959
f 1688 1004 1683
f 1679 1678 959
f 1684 1682 1673
f 1673 751 1585
f 1678 1685 1688
f 1685 1678 1686
f 1004 1682 1684
f 1004 1688 1682
f 1663 1677 1421
f 1438 1410 1681
f 1458 1680 1442
f 1502 1651 1503
f 661 726 765
f 1663 1686 1678
f 1607 1651 1454
f 1672 1684 1673
f 1050 1365 1049
f 1678 1688 959
f 1421 1680 1663
f 1664 1663 1680
f 1682 1688 1689
f 1501 1483 944
f 1384 1389 1390
f 749 1689 1667
f 1662 1674 1437
f 1407 1358 1357
f 1598 10 87
f 1684 1672 1601
f 1663 1665 1690
f 1663 1678 1677
f 37 36 26
f 1691 1687 1686
f 1662 1671 1674
f 1670 1661 1669
f 963 903 877
f 52 993 955
f 1691 1686 1690
f 4 1513 1508
f 1675 1671 1670
f 1667 1669 1661
f 1691 1668 1687
f 10 16 18
f 1449 1437 1674
f 1669 1690 1665
f 1687 1668 1689
f 22 11 1598
f 1687 1688 1685
f 1687 1689 1688
f 18 87 10
f 1665 1692 1669
f 1495 1682 1689
f 985 1677 1679
f 1668 1667 1689
f 16 457 73
f 1684 1601 967
f 1675 1664 1674
f 1577 436 1655
f 1690 1669 1691
f 1670 1692 1675
f 412 437 21
f 1669 1668 1691
f 1690 1686 1663
f 1676 1674 1680
f 986 1315 985
f 1676 1680 1458
f 1670 1669 1692
f 1692 1665 1675
f 1664 1675 1665
f 1421 1420 1680
f 427 426 1554
f 1449 1676 1458
f 73 457 26
f 1689 749 1495
f 1657 1369 1581
f 390 72 33
f 1693 1694 1695
f 1576 1696 1697
f 1698 1699 1700
f 1701 1702 1703
f 1704 500 1705
f 1706 1707 1708
f 1698 1709 1710
f 1711 1712 1713
f 1714 1715 1716
f 1717 1718 1719
f 1720 1721 1722
f 1723 1724 1719
f 1725 1711 1713
f 1726 1727 1728
f 1729 1719 1718
f 1730 1731 1732
f 1733 1697 1734
f 1735 1736 1699
f 1735 1699 1698
f 1737 1738 1739
f 1740 1725 1703
f 1741 1742 1743
f 1744 1745 1746
f 1717 1719 1747
f 1724 1723 1748
f 1749 1551 1576
f 1750 1751 1752
f 1693 1753 1754
f 1755 1694 1756
f 1757 1758 1710
f 1736 1735 1759
f 1743 1760 1761
f 1758 1735 1698
f 1762 1744 1713
f 1711 1725 1763
f 1764 1725 1740
f 1765 1766 1767
f 1768 1764 1769
f 1754 1753 1770
f 1733 1734 1759
f 1448 1771 1575
f 1697 1733 1749
f 1759 1750 1733
f 810 1551 1749
f 1715 1757 1710
f 1735 1758 1757
f 1768 1772 1773
f 1774 1775 1776
f 1772 1777 1778
f 1702 1740 1703
f 1779 1780 1717
f 1781 1782 1783
f 1784 1785 1786
f 1779 1717 1747
f 1748 1787 1724
f 1749 1733 810
f 1788 1757 1715
f 757 720 1789
f 1757 1759 1735
f 1778 1773 1772
f 1790 1781 1791
f 1792 1793 1794
f 1736 1734 1795
f 1764 1740 1769
f 1796 1705 500
f 1752 1797 1798
f 1733 1799 810
f 1757 1788 1759
f 1715 1714 1788
f 1787 1768 1800
f 1773 1800 1768
f 1695 1694 1801
f 1802 1783 1803
f 1804 1805 1806
f 1705 1796 1807
f 1808 1747 1809
f 1756 1694 1810
f 1724 1722 1811
f 1812 1813 1814
f 1815 1813 1812
f 1813 1816 1814
f 1817 1818 1815
f 1819 1820 1821
f 1822 1823 1824
f 1820 1825 1826
f 1827 1828 1829
f 1830 1831 1832
f 1831 1833 1832
f 1750 1834 1799
f 1835 1836 1833
f 1831 1830 1837
f 1838 1839 622
f 1708 1830 1840
f 1833 1836 1841
f 1830 1842 1837
f 1832 1840 1830
f 1708 1840 1706
f 1843 1844 1730
f 1841 1844 1845
f 1845 1833 1841
f 1732 1846 1730
f 1706 1840 1790
f 1833 1845 1832
f 1845 1847 1832
f 1848 1832 1847
f 1731 1849 1850
f 1851 1852 1853
f 1854 1788 1714
f 1730 1846 1843
f 1845 1855 1847
f 1856 1857 1847
f 1782 1781 1790
f 1858 1847 1855
f 1787 1859 1722
f 1789 720 1860
f 1791 1781 1783
f 1861 1862 1863
f 1864 1865 1866
f 1867 1868 1869
f 1870 1780 1861
f 1871 1872 1873
f 1874 1875 1876
f 1448 1877 1771
f 1769 1772 1768
f 1878 1571 1879
f 1696 1795 1697
f 1736 1795 1880
f 1782 1881 1783
f 1882 1883 1884
f 1808 1885 1779
f 1886 1887 1751
f 1798 1834 1750
f 1802 1888 1783
f 1889 1854 1714
f 1890 1799 1834
f 1556 1773 690
f 1744 1703 1713
f 1891 1892 1893
f 1894 1851 1895
f 1787 1748 1763
f 1719 1896 1723
f 1897 1898 1739
f 1897 1739 1738
f 1887 1752 1751
f 1899 1900 1901
f 1732 1855 1846
f 1850 1849 1902
f 1903 1732 1850
f 1773 1556 1800
f 1809 1747 1724
f 1756 1784 1755
f 1722 1724 1787
f 1701 1703 1744
f 1904 1857 1856
f 1759 1751 1750
f 1808 1809 1905
f 1699 1736 1880
f 1906 1907 1908
f 1722 1721 1811
f 1764 1763 1725
f 1909 1910 1709
f 1834 1911 1912
f 1913 1712 1896
f 1887 1886 1914
f 1878 1696 318
f 1811 1809 1724
f 1899 1889 1915
f 1694 1755 1801
f 1901 1916 1917
f 1901 1866 1899
f 1711 1896 1712
f 1918 1866 1917
f 1919 1696 1878
f 1750 1799 1733
f 1785 1920 1786
f 1858 1856 1847
f 1921 1922 1923
f 1562 1800 1556
f 1924 1925 1761
f 1854 1889 1926
f 1728 1776 782
f 1725 1713 1703
f 1927 1928 1929
f 1846 1855 1930
f 1931 1775 1774
f 1932 1933 1934
f 1762 1713 1712
f 43 1923 1571
f 1901 1917 1866
f 1935 1798 1797
f 219 1936 1562
f 1911 1798 1935
f 1698 1909 1709
f 1786 1893 1892
f 784 1890 1912
f 1912 1911 622
f 1937 1887 1914
f 1926 1899 1865
f 1926 1938 1854
f 1726 1939 1727
f 1730 1940 1731
f 1941 1942 1943
f 1721 1720 1944
f 1694 1754 1810
f 1945 1767 1927
f 1720 1936 219
f 1905 1811 1721
f 1913 1946 1793
f 1914 1947 1937
f 1938 1914 1854
f 1938 1926 1865
f 722 1888 1802
f 1899 1915 1900
f 1711 1763 1748
f 1933 1932 1885
f 1933 1905 1944
f 1909 1700 1948
f 1933 1944 1934
f 1859 1936 1720
f 1905 1721 1944
f 1949 1939 1950
f 1723 1711 1748
f 1951 1952 1839
f 1886 1788 1854
f 1859 1720 1722
f 1894 1695 1852
f 1953 1804 1806
f 1922 1880 1919
f 1894 1852 1851
f 1944 798 1597
f 1838 1797 1937
f 1930 1843 1846
f 1920 1810 1754
f 1727 1931 1774
f 1920 1754 1770
f 1747 1719 1724
f 1743 1742 1760
f 1954 1771 1770
f 1953 1955 1954
f 1761 1956 1924
f 1937 1947 1952
f 1947 1938 1957
f 1865 1957 1938
f 1834 1912 1890
f 1912 622 194
f 1886 1759 1788
f 1887 1797 1752
f 1958 1883 1959
f 1960 1939 1726
f 1936 1859 1800
f 1850 1732 1731
f 1894 1803 1693
f 1909 1948 1961
f 1774 1776 1728
f 1948 1962 1941
f 1963 1807 1952
f 1957 1952 1947
f 1838 1911 1935
f 1794 1793 1946
f 1964 1726 1728
f 1965 1716 1715
f 1700 1699 1880
f 1964 1963 1960
f 1766 1765 1966
f 1967 1968 1969
f 1711 1723 1896
f 1970 1971 1972
f 1835 1972 1971
f 1973 1974 1975
f 1976 1977 1978
f 1979 1971 1980
f 1842 1981 1837
f 1903 1850 1902
f 1976 1982 839
f 1970 1980 1971
f 1983 1981 1842
f 1982 1976 1978
f 1982 1984 760
f 1969 1835 1985
f 1984 1980 760
f 1981 1980 1970
f 1984 1975 1980
f 1986 1987 1959
f 1597 1988 1934
f 1837 1970 1831
f 1967 1974 1973
f 1980 1975 1979
f 1972 1831 1970
f 839 1982 760
f 1835 1831 1972
f 1989 1984 1978
f 1838 622 1911
f 1989 1978 1977
f 1985 1974 1967
f 1970 1837 1981
f 1985 1971 1974
f 1990 1991 1992
f 1810 1784 1756
f 1980 1983 760
f 1993 1836 1969
f 1985 1967 1969
f 1704 1728 498
f 1973 1975 1989
f 1937 1797 1887
f 1993 1969 1994
f 1597 1934 1944
f 1995 511 1331
f 1979 1975 1974
f 1983 1980 1981
f 1994 1969 1968
f 1726 1964 1960
f 1982 1978 1984
f 1973 1977 1967
f 1989 1975 1984
f 1985 1835 1971
f 1977 1973 1989
f 1974 1971 1979
f 1951 1839 1838
f 1845 1844 1843
f 1775 1597 804
f 624 622 1839
f 1705 1964 1704
f 1763 1764 1787
f 1786 1996 1997
f 1702 1769 1740
f 1890 810 1799
f 1904 1848 1857
f 1951 1838 1937
f 1787 1800 1859
f 1923 1879 1571
f 1794 1760 1792
f 1796 1839 1807
f 1808 1779 1747
f 1938 1947 1914
f 1796 624 1839
f 1898 1897 1998
f 1898 1998 1999
f 318 44 1878
f 1843 1930 1845
f 1808 1933 1885
f 1937 1952 1951
f 784 810 1890
f 624 1796 500
f 1597 1775 1988
f 1922 1700 1880
f 1964 1705 1963
f 2000 2001 1961
f 1964 1728 1704
f 1952 1807 1839
f 1731 1940 534
f 2002 2003 2004
f 1744 2005 2006
f 1838 1935 1797
f 1015 1014 2007
f 1936 1800 1562
f 1848 1782 1790
f 2008 2009 2010
f 1891 2011 1892
f 1776 1775 804
f 1911 1834 1798
f 2012 1659 2013
f 1727 2014 1931
f 1860 1851 1853
f 1894 1693 1695
f 1905 1933 1808
f 2012 1660 1659
f 2015 2016 2017
f 1728 782 498
f 2012 2013 1582
f 784 1912 193
f 2018 1953 1806
f 1929 1945 1927
f 2019 1946 1718
f 1803 1894 1895
f 1866 1865 1899
f 2017 2020 2021
f 1729 1718 1946
f 1727 1939 1949
f 2022 2023 1942
f 2022 1942 2024
f 2025 1582 2013
f 1751 1759 1886
f 1775 1931 2014
f 1855 1766 1966
f 1773 1778 1777
f 193 1912 194
f 1710 1758 1698
f 1899 1926 1889
f 1719 1729 1896
f 1728 1727 1774
f 2026 1963 2027
f 2011 1742 1741
f 1697 1795 1734
f 1853 2028 1860
f 1855 1903 1766
f 2029 2030 2031
f 2027 1952 1957
f 1734 1736 1759
f 1960 2026 1950
f 1848 1847 1857
f 1659 2032 2033
f 1891 2034 1792
f 2027 1957 1865
f 1764 1768 1787
f 1949 2014 1727
f 1710 1965 1715
f 1860 2028 1789
f 1963 1705 1807
f 1854 1914 1886
f 1660 2012 1582
f 1905 1809 1811
f 1879 1923 1922
f 1798 1750 1752
f 1840 1848 1790
f 1963 1952 2027
f 2035 2036 2037
f 1877 1996 1920
f 2038 2039 2022
f 2038 2022 2024
f 2013 1659 2033
f 798 1944 1720
f 1576 1697 1749
f 2013 2033 2040
f 1963 2026 1960
f 782 1776 804
f 498 500 1704
f 1720 219 798
f 1919 1878 1879
f 1746 1745 2041
f 1941 1921 2024
f 2040 2025 2013
f 1939 1960 1950
f 2042 2029 2031
f 1777 691 1773
f 1996 1877 2043
f 2029 1015 2007
f 2044 2045 2021
f 2042 2043 2029
f 2046 2047 2004
f 1402 2032 1666
f 2043 2042 1996
f 2030 2007 2048
f 2049 2050 2051
f 1601 2010 2009
f 2007 2030 2029
f 2052 2053 1991
f 2054 2030 2048
f 2055 2056 2010
f 2057 2042 2031
f 2031 2046 2057
f 1744 1746 2005
f 2044 2058 2045
f 2025 2040 2059
f 2060 2008 2010
f 1877 1448 2043
f 2061 1916 1882
f 1986 2062 2063
f 2030 2054 2064
f 2031 2030 2064
f 2046 2003 1997
f 2032 2065 2033
f 2010 753 2055
f 1884 1883 1958
f 2066 2067 2028
f 2003 2046 2004
f 1893 1997 2003
f 2068 1950 2026
f 2069 2044 2070
f 2071 2016 2045
f 2040 2072 2059
f 2045 2015 2021
f 2073 2074 2075
f 1666 2032 1659
f 2074 2073 2067
f 2076 2077 1216
f 1775 2078 2079
f 1824 2067 2073
f 2080 1229 1024
f 2077 2076 1994
f 2081 2032 1402
f 2082 865 757
f 2065 2072 2033
f 2077 2080 1024
f 1994 2076 1993
f 2077 1024 1216
f 1986 2063 1987
f 2070 2021 2020
f 2032 1825 2065
f 1968 2080 1994
f 2083 2084 2085
f 2077 1994 2080
f 1993 2086 1836
f 1194 2086 2076
f 2076 1216 1194
f 1940 2087 534
f 1841 1836 1844
f 2088 2087 1940
f 2089 1844 1836
f 2087 2089 2086
f 2086 2089 1836
f 1844 2089 2088
f 2072 2065 1825
f 2076 2086 1993
f 2087 1194 534
f 2088 2089 2087
f 2082 757 2090
f 2087 2086 1194
f 2091 2092 2047
f 2003 2002 2041
f 2092 2002 2004
f 2041 2034 1893
f 511 1849 534
f 2034 2041 1745
f 2091 2093 2005
f 1824 2090 2067
f 1746 2002 2005
f 2033 2072 2040
f 2084 1814 2094
f 1884 2095 2096
f 1701 1744 2006
f 1997 1996 2057
f 2002 2091 2005
f 1701 2006 2097
f 2097 2006 2098
f 2098 2099 2097
f 2100 2099 2098
f 2010 2056 2060
f 1702 2097 2101
f 2051 2099 2100
f 2043 1376 2029
f 2099 2050 2101
f 1702 2101 1769
f 2101 2050 2102
f 2102 1769 2101
f 2103 2104 2105
f 2049 2102 2050
f 1772 1769 2102
f 39 2049 32
f 2106 2049 39
f 1777 2102 2106
f 1772 2102 1777
f 1001 2106 39
f 1777 2106 691
f 1001 691 2106
f 1780 1779 1861
f 2107 2108 2109
f 2110 2111 2112
f 1773 691 690
f 1822 2113 2114
f 1015 2029 1376
f 2046 1997 2057
f 2113 1822 2073
f 2115 2116 1950
f 2047 2046 2031
f 1958 2095 1884
f 1862 1861 1779
f 2117 2118 2119
f 1875 1873 2120
f 2121 2122 2123
f 1917 1916 2061
f 2010 1601 1585
f 2124 2056 2055
f 2056 2124 2125
f 2056 2017 2060
f 1949 2126 2014
f 2125 2069 2056
f 2056 2069 2020
f 2127 2104 2103
f 2056 2020 2017
f 2021 2015 2017
f 2041 2002 1746
f 1990 1992 2128
f 2020 2069 2070
f 2070 2044 2021
f 2045 2016 2015
f 753 750 2129
f 2130 2090 1824
f 2131 2132 2082
f 2133 1918 2096
f 2134 2125 2124
f 2106 2102 2049
f 1917 2061 1918
f 2135 2136 2137
f 2120 2138 2096
f 2139 1876 1958
f 2084 2140 2085
f 2096 1882 1884
f 2141 2128 2142
f 2115 1950 2068
f 2143 2144 1876
f 2138 2133 2096
f 2120 2095 1875
f 2068 2026 2145
f 1849 1731 534
f 2097 2099 2101
f 2146 2038 2147
f 2092 2091 2002
f 2006 2005 2148
f 2149 2150 2151
f 2063 2149 2152
f 2149 2153 2150
f 2149 2063 2062
f 2152 2149 2151
f 2149 2062 2154
f 2155 2153 2149
f 2152 1987 2063
f 2154 2062 2156
f 1996 2042 2057
f 2031 2064 2047
f 2041 1893 2003
f 2004 2047 2092
f 2099 2051 2050
f 1014 1013 2007
f 2043 1448 1376
f 2157 1921 43
f 2157 43 1439
f 1921 2157 2147
f 1921 2147 2038
f 1701 2097 1702
f 2146 2158 2038
f 1956 2159 1924
f 2144 2123 2122
f 1013 2048 2007
f 2160 1959 1987
f 2005 2093 2148
f 2115 2133 2138
f 2128 1863 1990
f 1783 1888 1791
f 2161 1932 2162
f 1871 2163 1872
f 2139 1958 1959
f 2164 2085 2140
f 2014 2126 2078
f 2014 2078 1775
f 1876 1875 2095
f 2078 2126 2079
f 1876 2144 1874
f 2116 2115 2138
f 1991 2161 2162
f 1718 2109 2019
f 2115 2145 1864
f 2145 2026 2027
f 1990 1863 2161
f 1883 1986 1959
f 1875 1874 1873
f 2165 2166 2144
f 1885 2161 1862
f 1869 1775 2167
f 2143 1876 2139
f 2116 1873 1950
f 2164 2165 2085
f 2118 2168 2169
f 1869 1868 1934
f 1874 1871 1873
f 2107 1870 2108
f 2027 1865 1864
f 1861 1863 2170
f 2143 2123 2144
f 2163 1949 1872
f 1817 2083 2171
f 1864 1918 2133
f 1940 1730 2088
f 1902 1928 1766
f 1966 1858 1855
f 1848 1904 1782
f 1767 1766 1928
f 2088 1730 1844
f 1903 1855 1732
f 2034 1891 1893
f 2172 1858 1966
f 1858 2172 2018
f 1904 1881 1782
f 1856 2018 1904
f 1767 1928 1927
f 1902 1929 1928
f 1881 1904 2018
f 1929 1902 1995
f 1953 2018 2172
f 1765 1953 1966
f 1802 1895 1851
f 1805 1881 2018
f 1806 1805 2018
f 1803 1895 1802
f 1840 1832 1848
f 1575 1945 1929
f 1766 1903 1902
f 2121 2137 2122
f 1955 1953 1765
f 1059 1575 1929
f 1945 1575 1955
f 2109 2108 2169
f 2122 2165 2144
f 1805 1804 1803
f 2169 2159 2109
f 1870 1861 2170
f 1771 1954 1955
f 2173 2174 2175
f 1695 2176 1852
f 1866 1918 1864
f 2096 1918 2061
f 1872 1950 1873
f 1753 1804 1954
f 1849 511 1995
f 1753 1693 1804
f 1695 1801 2176
f 1882 2096 2061
f 2177 2178 2175
f 2178 2179 2173
f 2178 2173 2175
f 1753 1954 1770
f 1771 1877 1770
f 1871 1874 2166
f 1700 1909 1698
f 2180 1738 1737
f 1754 1694 1693
f 1955 1767 1945
f 1897 1738 2178
f 2028 1853 2066
f 1804 1693 1803
f 1996 1786 1920
f 2181 2037 2036
f 1784 1810 1785
f 1567 1696 1576
f 1696 1919 1795
f 1795 1919 1880
f 1999 1998 2036
f 1999 2036 2035
f 1877 1920 1770
f 1906 2181 2036
f 1906 2036 1907
f 1946 1896 1729
f 2182 1538 1549
f 1907 2036 1998
f 1762 1712 1913
f 1925 1743 1761
f 1696 1567 318
f 1924 2103 2105
f 1738 2180 2179
f 1738 2179 2178
f 1881 1803 1783
f 1946 1913 1896
f 1849 1995 1902
f 2116 2120 1873
f 2165 2122 2137
f 1956 1946 2019
f 2164 2166 2165
f 2144 2166 1874
f 1876 2095 1958
f 1765 1767 1955
f 1745 1744 1762
f 1948 1700 1962
f 1922 1962 1700
f 1997 1893 1786
f 1946 1956 1794
f 1791 1707 1790
f 1745 1762 2034
f 2034 1762 1913
f 1910 1909 1961
f 2183 2182 1549
f 1922 1919 1879
f 1998 2184 2000
f 2185 2054 2048
f 2186 2148 2187
f 1652 1538 2182
f 1842 1830 1707
f 1830 1708 1707
f 1842 1707 1791
f 2188 2189 2190
f 2185 1652 2191
f 2034 1913 1793
f 1599 1549 1426
f 1921 1962 1922
f 1910 1961 2001
f 1652 2182 2191
f 2191 2054 2185
f 2192 1590 389
f 2185 1013 1652
f 2193 2194 2183
f 2182 2183 2194
f 2188 2195 2187
f 1953 2172 1966
f 2196 2047 2064
f 2196 2064 2197
f 2186 2098 2148
f 1855 1845 1930
f 2196 2091 2047
f 2197 2198 2196
f 1599 1591 2193
f 2193 1591 2194
f 2199 2197 2191
f 2193 1549 1599
f 1793 1792 2034
f 2100 2186 2192
f 2194 1591 2199
f 1921 1941 1962
f 1591 1558 2200
f 1943 1948 1941
f 2190 2200 1560
f 2093 2198 2201
f 2188 2190 1560
f 2187 2148 2201
f 1856 1858 2018
f 1961 1948 1943
f 1331 1059 1995
f 2201 2148 2093
f 2098 2006 2148
f 1878 44 1571
f 1706 1790 1707
f 1956 1761 1794
f 1553 2195 1557
f 2098 2186 2100
f 1059 1929 1995
f 2163 1871 2166
f 2164 2163 2166
f 2128 2141 1863
f 2083 1814 2084
f 2165 2202 2085
f 1870 2107 1780
f 2186 2187 2195
f 1755 1784 1741
f 2197 2064 2054
f 1923 43 1921
f 2171 2202 2137
f 2195 2192 2186
f 2163 2164 2140
f 2171 2137 2136
f 2085 2202 2083
f 2140 2126 2163
f 2135 2203 2136
f 2079 2126 2084
f 2171 2083 2202
f 1934 1868 2162
f 2171 2136 1818
f 1771 1955 1575
f 2199 1591 2200
f 2100 2192 2051
f 2189 2198 2197
f 1961 1943 2000
f 2192 379 2051
f 2048 1013 2185
f 2084 2126 2140
f 2204 2118 2117
f 2084 2094 2079
f 2079 2094 2167
f 1992 1991 2053
f 1860 720 722
f 1942 2000 1943
f 1775 2079 2167
f 1761 1760 1794
f 1863 1862 2161
f 1814 2083 1812
f 2205 2127 2204
f 2167 2094 2206
f 1812 1817 1815
f 2161 1885 1932
f 1867 2167 2206
f 32 2049 379
f 2094 1814 1816
f 1816 2206 2094
f 2145 2027 1864
f 1810 1920 1785
f 1818 2207 1815
f 1891 1792 2011
f 1818 1817 2171
f 2182 2194 2199
f 1954 1804 1953
f 1812 2083 1817
f 2068 2145 2115
f 2073 2075 2113
f 2120 2096 2095
f 2198 2091 2196
f 2208 1900 1915
f 2209 2210 2211
f 2212 2213 2214
f 2215 2216 2217
f 2208 2218 2211
f 2208 2211 1900
f 1716 2218 2219
f 2209 2211 2216
f 2220 1900 2211
f 2178 2212 1897
f 2221 2222 2223
f 2224 1901 1900
f 1882 1916 2156
f 2219 1915 1889
f 2208 1915 2219
f 2217 2225 2226
f 2227 2228 2229
f 2230 1901 2224
f 2210 2220 2211
f 1901 2230 1916
f 2218 2217 2216
f 2231 2218 1716
f 2232 2233 2210
f 2215 2234 2216
f 2235 1910 2001
f 2209 2216 2234
f 2236 2234 2237
f 1714 2219 1889
f 2220 2154 2230
f 2154 2220 2210
f 1716 1965 2231
f 1714 1716 2219
f 2230 2154 2156
f 2233 2154 2210
f 2232 2210 2238
f 2210 2209 2238
f 2227 2239 2228
f 2212 1998 1897
f 2231 2217 2218
f 1710 2223 1965
f 1882 2062 1986
f 2229 2213 2227
f 2231 2223 2217
f 2240 2238 2209
f 1965 2223 2231
f 2241 2223 2242
f 2242 2223 1710
f 1910 2242 1709
f 2225 2222 2213
f 2234 2215 2226
f 2225 2217 2222
f 2222 2217 2223
f 2154 2233 2149
f 2213 2243 2214
f 2223 2241 2221
f 2224 2220 2230
f 2226 2237 2234
f 2218 2216 2211
f 2238 2233 2232
f 2241 2242 2235
f 2217 2226 2215
f 2156 1916 2230
f 2234 2240 2209
f 2233 2238 2244
f 2240 2244 2238
f 2244 2149 2233
f 2234 2236 2240
f 2226 2225 2229
f 1709 2242 1710
f 2240 2236 2244
f 2149 2244 2155
f 2229 2228 2226
f 1882 2156 2062
f 2236 2237 2245
f 2226 2228 2237
f 2246 2214 2243
f 2213 2229 2225
f 2243 2221 2247
f 2247 2221 2241
f 2221 2243 2222
f 1900 2220 2224
f 2245 2155 2244
f 2245 2244 2236
f 2213 2222 2243
f 2248 2239 2177
f 2247 2241 2235
f 2249 2228 2239
f 2235 2242 1910
f 2213 2212 2227
f 2001 2247 2235
f 2246 2243 2247
f 2247 2001 2246
f 2249 2239 2248
f 2178 2227 2212
f 2214 2246 2250
f 1998 2212 2214
f 2184 2246 2001
f 2177 2239 2227
f 1998 2214 2250
f 2246 2184 2250
f 2177 2227 2178
f 2184 1998 2250
f 2218 2208 2219
f 2251 2252 2253
f 2254 2255 2256
f 2257 2017 2016
f 2258 2259 2260
f 2261 2060 2262
f 2016 2262 2257
f 2071 2263 2264
f 2257 2262 2060
f 2265 2266 2267
f 2268 2269 2270
f 2271 2259 2270
f 2272 2008 2266
f 2262 2071 2264
f 2266 2265 2272
f 2273 2254 2274
f 2114 2113 2275
f 2266 2261 2267
f 2266 2060 2261
f 2275 2276 2263
f 2205 2204 2253
f 2264 2261 2262
f 2017 2257 2060
f 2142 2128 2277
f 2259 2278 2270
f 2270 2269 2271
f 2279 2280 2281
f 2282 2264 2263
f 2268 2270 2283
f 2284 2285 2253
f 2275 2283 2278
f 2278 2258 2275
f 2280 2286 2281
f 2113 2283 2275
f 2287 2258 2260
f 2283 2270 2278
f 2128 1992 2288
f 2289 2290 2281
f 2264 2282 2267
f 2276 2287 2291
f 2266 2008 2060
f 1616 1601 2009
f 2254 2292 2274
f 2275 2263 2293
f 2075 2283 2113
f 2285 2294 2295
f 2296 2274 2297
f 2293 2071 2114
f 2287 2276 2258
f 2075 2268 2283
f 2275 2258 2276
f 2298 2299 2273
f 2267 2282 2276
f 2284 2253 2252
f 2075 2300 2268
f 2294 2255 2295
f 2301 2256 2290
f 2274 2298 2273
f 2276 2291 2267
f 2274 2269 2297
f 2302 2294 2285
f 2296 2298 2274
f 2278 2259 2258
f 2071 2262 2016
f 2268 2300 2297
f 2290 2271 2301
f 2293 2114 2275
f 2303 2288 2304
f 2305 2265 2267
f 2269 2268 2297
f 2263 2276 2282
f 2256 2301 2254
f 2301 2292 2254
f 2305 2267 2291
f 2267 2261 2264
f 2301 2271 2292
f 2304 2288 1992
f 2263 2071 2293
f 2290 2289 2271
f 2259 2289 2306
f 2294 2307 2255
f 2292 2269 2274
f 2259 2271 2289
f 2286 2306 2289
f 2292 2271 2269
f 2281 2290 2256
f 2281 2286 2289
f 2254 2273 2255
f 2273 2299 2255
f 2255 2299 2295
f 2256 2307 2281
f 2307 2256 2255
f 2308 2295 2299
f 2307 2309 2281
f 2309 2279 2281
f 2310 2295 2308
f 2307 2294 2309
f 2279 2309 2302
f 2302 2309 2294
f 2295 2310 2205
f 2302 2285 2311
f 2205 2285 2295
f 2285 2284 2311
f 2253 2285 2205
f 2251 2253 2204
f 2204 2117 2251
f 2252 2251 2312
f 2288 2277 2128
f 2313 2314 2058
f 1867 1869 2167
f 2206 2053 1867
f 1789 2028 2067
f 2315 1819 1821
f 2187 2201 2188
f 1867 2052 1868
f 2134 2111 2125
f 1986 1883 1882
f 2197 2199 2190
f 2316 2108 1870
f 2199 2200 2190
f 1867 2053 2052
f 1934 1988 1869
f 2192 2195 1590
f 1775 1869 1988
f 2053 2206 2304
f 1549 2193 2183
f 2304 1992 2053
f 2162 1868 2052
f 1831 1835 1833
f 1969 1836 1835
f 2052 1991 2162
f 2162 1932 1934
f 1949 2163 2126
f 1990 2161 1991
f 1760 2011 1792
f 1885 1862 1779
f 2038 2024 1921
f 2202 2165 2137
f 2170 1863 2141
f 2120 2116 2138
f 2316 1870 2170
f 2170 2119 2316
f 2107 1717 1780
f 2119 2118 2316
f 1717 2107 1718
f 2133 2115 1864
f 2316 2118 2108
f 2107 2109 1718
f 2019 2109 1956
f 1872 1949 1950
f 1942 1941 2024
f 2169 2108 2118
f 2118 2204 2168
f 2159 2169 2168
f 2159 1956 2109
f 2168 2103 2159
f 2127 2168 2204
f 2103 2168 2127
f 1924 2159 2103
f 2010 1585 753
f 2093 2091 2198
f 1824 2073 1822
f 1789 2067 2090
f 2072 1819 2059
f 750 754 2129
f 2184 2001 2000
f 2090 2130 2317
f 2318 1743 1925
f 1784 2011 1741
f 2075 2074 2300
f 2131 2082 1827
f 1742 2011 1760
f 2195 1553 1590
f 754 2134 2129
f 2317 2082 2090
f 1820 1819 2072
f 2313 2110 1819
f 2129 2055 753
f 2110 2069 2125
f 2129 2134 2124
f 2071 2045 1822
f 1827 2082 1828
f 1942 2023 1908
f 1942 1908 1907
f 1860 1802 1851
f 2319 2111 2134
f 757 1789 2090
f 1819 2110 2112
f 2000 1942 1907
f 2303 1816 1813
f 2320 2321 2322
f 1821 2323 2315
f 2058 2110 2313
f 2324 2325 2291
f 2326 2327 2328
f 1803 1881 1805
f 2191 2182 2199
f 2112 2059 1819
f 2175 2329 2330
f 2314 2313 1828
f 2192 389 379
f 1825 1820 2072
f 2317 1828 2082
f 2260 2326 2324
f 2331 2332 2333
f 2134 754 2319
f 2130 2314 1828
f 1557 2188 1560
f 2000 1907 1998
f 2334 2335 2336
f 2337 2143 2338
f 2339 2340 2341
f 2342 2343 2123
f 2344 2345 2346
f 2315 1828 2313
f 2059 2112 2025
f 2347 2348 2349
f 2350 2351 2349
f 2322 2352 2320
f 2044 2069 2110
f 2039 2038 2158
f 2132 865 2082
f 2110 2058 2044
f 1823 1822 2045
f 2317 2130 1828
f 1826 1821 1820
f 2110 2125 2111
f 2112 2111 2319
f 2025 2319 1582
f 1823 2130 1824
f 2124 2055 2129
f 2353 2354 2355
f 2319 2025 2112
f 2071 1822 2114
f 2355 2312 2353
f 2314 2130 1823
f 2175 2174 2356
f 2175 2356 2329
f 2314 2045 2058
f 2323 1828 2315
f 2067 2066 2074
f 2189 2188 2201
f 2314 1823 2045
f 1821 1826 2357
f 2323 1829 1828
f 2341 2252 2355
f 2358 2359 2121
f 2319 754 1582
f 2348 2347 2279
f 2360 2326 2306
f 2190 2189 2197
f 2349 2361 2350
f 2280 2279 2362
f 2105 2104 2308
f 2299 2298 2363
f 2105 2308 2363
f 2315 2313 1819
f 2308 2104 2310
f 2127 2310 2104
f 1743 2318 1741
f 2127 2205 2310
f 2363 2308 2299
f 2105 2364 1925
f 2364 2105 2363
f 2365 2297 2300
f 2366 2367 2368
f 2363 2298 2369
f 2369 2298 2370
f 1853 1852 2371
f 2365 2300 2074
f 2318 1925 2364
f 2371 2372 2373
f 2365 2074 2066
f 1853 2371 2066
f 2374 1741 2375
f 2376 1741 2318
f 2369 2370 2377
f 2369 2364 2363
f 1741 2376 2375
f 2296 2297 2365
f 2377 2370 2366
f 2365 2378 2379
f 2318 2364 2376
f 2368 2372 1801
f 2373 2367 2379
f 2188 1557 2195
f 2367 2370 2379
f 2296 2379 2370
f 1925 1924 2105
f 2378 2373 2379
f 2373 2378 2066
f 2371 2373 2066
f 2375 2376 2377
f 2374 2375 2366
f 1801 2374 2368
f 2379 2296 2365
f 1801 1755 2374
f 2368 2374 2366
f 2377 2364 2369
f 2370 2367 2366
f 1852 2176 2372
f 1852 2372 2371
f 2364 2377 2376
f 2366 2375 2377
f 1755 1741 2374
f 1801 2372 2176
f 2368 2373 2372
f 2066 2378 2365
f 2367 2373 2368
f 2296 2370 2298
f 1842 1791 1888
f 2380 1842 1888
f 2380 722 760
f 1888 722 2380
f 760 1983 2380
f 1842 2380 1983
f 2381 2382 1977
f 517 1476 703
f 517 321 1476
f 2382 1967 1977
f 819 2383 1484
f 2382 2381 2384
f 2385 1391 2386
f 819 1229 2383
f 2381 703 2384
f 1476 274 2384
f 2252 2341 2284
f 2387 2383 2080
f 1393 1391 2385
f 2388 2389 1505
f 2382 2384 2383
f 2387 2382 2383
f 2390 2388 1505
f 2387 1967 2382
f 2381 649 703
f 2081 1404 1427
f 1976 649 2381
f 1484 2383 2384
f 1968 1967 2387
f 1427 1393 2385
f 2381 1977 1976
f 2387 2080 1968
f 2339 2341 2355
f 703 1476 2384
f 2383 1229 2080
f 2386 2391 2385
f 649 1976 839
f 2384 274 1484
f 2326 2260 2306
f 2392 2348 2393
f 2392 2331 2394
f 2322 2395 2396
f 2081 1402 1404
f 2397 2398 2399
f 2392 2393 2340
f 2400 2401 2402
f 2286 2280 2362
f 2391 1427 2385
f 2081 1427 2391
f 2386 2403 2391
f 2336 2335 2402
f 2392 2340 2331
f 2396 2345 2344
f 2404 2160 1987
f 2405 2406 2407
f 2405 2407 2408
f 2393 2279 2302
f 2177 2175 2330
f 1392 2386 1391
f 2348 2392 2409
f 1392 2403 2386
f 2135 2410 2203
f 2403 2389 2391
f 1392 1505 2403
f 2394 2331 2333
f 1818 2136 2207
f 1505 2389 2403
f 2389 2388 2411
f 2284 2341 2311
f 2322 2358 2395
f 2326 2360 2327
f 2412 2413 2131
f 2414 2357 2415
f 1088 2413 1155
f 2416 2417 2418
f 2411 1825 2032
f 1826 2415 2357
f 2331 2339 2354
f 2414 2419 1829
f 2121 2135 2137
f 2349 2351 2420
f 2390 1122 1145
f 2323 2357 1829
f 2421 1145 2417
f 2388 2422 2411
f 2362 2347 2420
f 2362 2420 2286
f 2418 2417 2412
f 2362 2279 2347
f 2355 2354 2339
f 2414 1829 2357
f 1826 2423 2422
f 2346 2424 2401
f 2345 2425 2346
f 2422 2421 2416
f 2426 2427 2344
f 2131 2419 2412
f 2390 2421 2388
f 2359 2322 2321
f 2416 2415 2422
f 1825 2423 1826
f 2349 2420 2347
f 2302 2311 2393
f 2352 2322 2396
f 1827 1829 2419
f 2418 2414 2416
f 2423 2411 2422
f 2346 2425 2428
f 1122 2390 1505
f 1145 2421 2390
f 2131 1827 2419
f 2425 2345 2395
f 2342 2123 2143
f 2429 1145 1144
f 2429 1155 2413
f 2343 2358 2121
f 2132 1088 865
f 2352 2430 2320
f 2286 2420 2306
f 2420 2431 2360
f 2412 1145 2429
f 2423 1825 2411
f 2051 379 2049
f 2360 2306 2420
f 2432 2160 2402
f 2348 2279 2393
f 2054 2191 2197
f 2391 2411 2032
f 2429 2413 2412
f 2430 2396 2427
f 2398 2433 2434
f 2396 2430 2352
f 2342 2358 2343
f 2342 2395 2358
f 2338 2424 2428
f 2395 2345 2396
f 2306 2260 2259
f 2337 2425 2342
f 2348 2409 2361
f 2342 2425 2395
f 2396 2344 2427
f 2287 2435 2324
f 2433 2344 2346
f 2344 2397 2426
f 2325 2324 2328
f 2324 2326 2328
f 2340 2393 2311
f 2287 2260 2435
f 2344 2433 2398
f 2260 2324 2435
f 2354 2332 2331
f 2425 2337 2428
f 2436 2426 2397
f 2322 2359 2358
f 2337 2338 2428
f 2437 2407 2329
f 2437 2329 2438
f 2339 2331 2340
f 2337 2342 2143
f 2397 2344 2398
f 2433 2346 2401
f 2287 2324 2291
f 2325 2439 2291
f 2139 2338 2143
f 2399 2436 2397
f 2439 2305 2291
f 2139 1959 2338
f 2346 2428 2424
f 2330 2329 2407
f 2399 2398 2440
f 2440 2398 2434
f 2434 2433 2441
f 2361 2349 2348
f 1959 2160 2338
f 2400 2441 2433
f 2359 2321 2410
f 2434 2441 2440
f 2394 2361 2409
f 2432 2401 2424
f 2433 2401 2400
f 2424 2160 2432
f 2402 2401 2432
f 2359 2410 2121
f 2160 2404 2402
f 2335 2400 2402
f 2336 2402 2404
f 1987 2152 2404
f 2152 2151 2404
f 2252 2312 2355
f 2334 2336 2404
f 2410 2135 2121
f 2334 2404 2151
f 2150 2334 2151
f 2360 2328 2327
f 2206 1816 2304
f 2121 2123 2343
f 2311 2341 2340
f 2392 2394 2409
f 2177 2442 2248
f 2303 2304 1816
f 2177 2330 2442
f 2360 2431 2328
f 2338 2160 2424
f 2408 2407 2437
f 2438 2329 2356
f 2198 2189 2201
f 2323 1821 2357
f 2415 1826 2422
f 2132 2131 2413
f 1145 2412 2417
f 1802 1860 722
f 2417 2416 2421
f 2422 2388 2421
f 2418 2412 2419
f 2418 2419 2414
f 2391 2389 2411
f 2414 2415 2416
f 2391 2032 2081
f 1784 1892 2011
f 1155 2429 1144
f 2413 1088 2132
f 2200 1558 1560
f 1892 1784 1786
f 2443 1291 2444
f 2445 2446 2447
f 2448 2449 2450
f 334 1044 2451
f 2452 2453 2454
f 2455 2456 2457
f 2458 2459 2460
f 2461 2462 2463
f 1813 2464 2465
f 2466 2467 2468
f 316 315 2469
f 2470 2471 2472
f 2449 2473 2474
f 2475 2476 2477
f 2465 2303 1813
f 2478 2479 2480
f 2481 2350 2361
f 2482 761 2483
f 2475 2452 2484
f 2485 2486 2487
f 2478 2488 2489
f 2490 2491 2492
f 2462 2493 2494
f 2479 2495 2480
f 2496 2497 2498
f 181 2499 171
f 2500 2501 2502
f 2503 2504 2505
f 2506 2507 2508
f 2467 2466 2509
f 2510 2511 2512
f 2478 2513 230
f 2514 2448 2450
f 2515 2461 2447
f 2516 2517 2518
f 2519 2454 2520
f 2507 2521 2508
f 2522 2523 2524
f 679 2525 2526
f 2527 2528 2529
f 2530 2531 2481
f 2532 2207 2136
f 2506 2455 2457
f 2447 2463 2445
f 2510 2533 2534
f 2515 2447 2446
f 2535 2534 2536
f 2537 2538 2539
f 2540 2321 2320
f 2321 2540 2541
f 2542 2543 2473
f 2542 2505 2544
f 2545 2546 2350
f 2547 2548 2549
f 2550 2548 2551
f 2350 2546 2351
f 2552 2553 2554
f 2555 2546 2545
f 2556 2557 2558
f 2559 2560 2561
f 2516 2562 2563
f 2564 2328 2565
f 2566 2567 2561
f 2568 2569 2570
f 2555 2571 2546
f 2572 2501 2573
f 2529 2552 2574
f 2483 761 801
f 774 778 2575
f 2480 2495 2455
f 2576 2577 2531
f 2550 2551 2578
f 2547 2578 2551
f 2560 2351 2546
f 2579 2580 2581
f 2535 2536 2582
f 2483 2583 2584
f 2565 2585 2586
f 2587 2588 2589
f 2590 2571 2555
f 2591 2592 2540
f 2320 2430 2593
f 2568 2560 2546
f 2552 2554 2594
f 2499 2595 2596
f 2597 2598 2599
f 2569 2600 2601
f 2601 2472 2471
f 2602 2538 2537
f 2572 2603 2604
f 2605 2606 2547
f 2607 2608 2609
f 2610 2592 2549
f 2593 2597 2582
f 2480 2611 2488
f 2612 2613 2614
f 2615 2616 2617
f 2483 799 2583
f 2618 2600 2571
f 2619 2578 2547
f 2606 2619 2547
f 2576 2530 2481
f 2591 2606 2605
f 2620 2621 2526
f 2622 2510 2534
f 2575 2623 774
f 2496 2624 2625
f 2626 2627 2628
f 2584 2629 2482
f 2560 2559 2431
f 2630 2631 2622
f 2576 2531 2530
f 761 2482 2632
f 2613 2612 2609
f 2633 2580 2579
f 2593 2606 2591
f 2207 2634 2464
f 2528 2499 2635
f 2636 2637 2509
f 2638 2611 2445
f 2639 2607 2640
f 2481 2333 2576
f 2203 2410 2541
f 2641 2642 2265
f 2203 2643 2532
f 2454 2477 2644
f 2558 2645 2532
f 2646 2493 2489
f 2456 2455 2495
f 2312 2612 2614
f 2463 2494 2445
f 2598 2597 2430
f 2647 2648 2649
f 2452 2454 2519
f 2312 2251 2612
f 2650 2265 2642
f 777 2575 778
f 2651 2652 2653
f 2427 2598 2430
f 775 2583 799
f 2654 2251 2117
f 2575 777 2623
f 2623 2583 774
f 2643 2610 2655
f 2572 2656 2657
f 2633 2579 2658
f 2577 2576 2659
f 2561 2585 2559
f 2660 1488 1487
f 2661 2466 2468
f 2570 2566 2568
f 2445 2508 2446
f 2614 2353 2312
f 2640 2609 2612
f 2559 2585 2565
f 2662 2663 2664
f 2665 2666 2667
f 2668 2669 2576
f 2585 2567 2603
f 2670 2582 2597
f 2626 2671 2672
f 2631 2630 2673
f 2617 2616 2674
f 2591 2540 2593
f 2675 2676 2677
f 2272 2678 2009
f 2650 2642 2679
f 2612 2251 2654
f 2465 2464 2680
f 2681 2682 2683
f 2493 2646 2494
f 2572 2573 2684
f 2628 2552 2626
f 2685 2471 2470
f 2686 2687 1373
f 2688 2604 2566
f 1616 2678 2689
f 2690 2639 2640
f 2691 2524 2692
f 2567 2566 2604
f 2431 2420 2560
f 2693 2694 2695
f 2569 2471 2501
f 2634 2696 2697
f 2599 2426 2698
f 2687 2699 1373
f 2539 2700 2701
f 2630 2599 2698
f 2430 2597 2593
f 2618 2472 2601
f 2702 316 2469
f 2445 2611 2508
f 2615 2703 1488
f 2497 2486 2704
f 2603 2586 2585
f 2325 2564 2705
f 2673 2630 2698
f 2525 679 192
f 2706 2562 2518
f 2585 2561 2567
f 2707 2708 2709
f 2670 2630 2535
f 2603 2567 2604
f 2710 2703 2711
f 2705 2564 2586
f 2501 2500 2573
f 2439 2325 2705
f 2712 2713 2714
f 2535 2630 2534
f 2686 2715 2716
f 2606 2593 2582
f 2717 2718 2719
f 2720 2718 2721
f 2690 2141 2639
f 2523 2722 2723
f 2353 2724 2693
f 1595 2660 1487
f 1488 2660 2615
f 2725 2660 1602
f 2687 2726 2727
f 2608 2539 2538
f 2639 2141 2142
f 2720 2721 2728
f 2719 2718 2729
f 2730 2731 2732
f 2732 2733 2734
f 2660 1595 1602
f 2735 2723 2685
f 2639 2142 2700
f 2728 2586 2603
f 2736 2586 2728
f 2735 2692 2523
f 2685 2723 2502
f 2500 2502 2573
f 1372 2715 2686
f 2721 2718 2717
f 2732 2737 2733
f 2738 2739 2740
f 2533 2536 2534
f 2534 2630 2622
f 2733 2741 2742
f 2486 2743 2596
f 2721 2641 2736
f 2744 179 953
f 2723 2738 2573
f 2721 2736 2728
f 2715 1441 2745
f 2640 2607 2609
f 2721 2679 2642
f 2487 2596 2595
f 2641 2439 2736
f 2730 2524 2731
f 2746 2747 2726
f 2748 2727 2749
f 2533 2510 2512
f 2699 2727 2748
f 2686 1373 1372
f 2692 2735 2685
f 2487 2486 2596
f 2743 2635 2499
f 2750 2751 2554
f 2703 2617 2711
f 2641 2721 2642
f 1372 1441 2715
f 2752 2589 2588
f 2589 2695 2587
f 2753 2711 2617
f 2710 1654 1603
f 2711 2753 2754
f 2529 2553 2552
f 2755 2711 2754
f 2750 2756 2757
f 2758 2759 2657
f 1445 2725 1602
f 2717 2719 2715
f 2634 2207 2696
f 2700 2142 2277
f 2669 2695 2760
f 2541 2410 2321
f 2761 2750 2554
f 2568 2546 2571
f 2710 2755 1654
f 2754 1353 1478
f 2722 2523 2762
f 2655 2610 2549
f 2763 2756 2517
f 2445 2646 2638
f 2761 2706 2756
f 2554 2553 2761
f 2569 2688 2570
f 2750 2761 2756
f 2569 2568 2600
f 2764 2695 2589
f 2740 2765 2758
f 2761 2553 2529
f 2549 2592 2547
f 2574 2467 2509
f 2588 2694 2766
f 2767 2768 2766
f 2617 2674 2753
f 2635 2761 2529
f 2556 2655 2549
f 2706 2761 2635
f 2669 2659 2576
f 2706 2517 2756
f 2769 2770 2504
f 2504 2771 2772
f 2443 2773 2725
f 2738 2722 2739
f 2774 2708 2537
f 2641 2265 2305
f 2771 2775 2772
f 2601 2471 2569
f 2775 2771 2776
f 2451 2777 2770
f 2703 2615 2617
f 2461 2463 2447
f 2700 2277 2288
f 192 2636 2778
f 2746 2779 2681
f 2755 2710 2711
f 2679 2721 2717
f 2776 2771 2780
f 2769 2514 2451
f 2592 2591 2605
f 2781 2664 2782
f 2733 2742 2677
f 2783 2708 2680
f 2708 2774 2680
f 2748 1319 2699
f 2452 2475 2453
f 2784 2780 2781
f 2502 2471 2685
f 2439 2705 2736
f 2762 2730 2785
f 2305 2439 2641
f 2780 2771 2777
f 2522 2762 2523
f 2786 2781 2787
f 2779 2788 2758
f 2679 2717 2650
f 2789 2790 2791
f 2426 2599 2427
f 2792 2780 2777
f 2643 2592 2610
f 2780 2787 2781
f 2793 2794 2795
f 2796 2797 2580
f 2320 2593 2540
f 2798 2793 2790
f 2799 2800 2801
f 2780 2784 2776
f 2772 2802 2504
f 2803 2784 2781
f 2792 2786 2787
f 2770 2771 2504
f 2645 2696 2532
f 2605 2547 2592
f 2514 2769 2504
f 2803 2776 2784
f 2736 2705 2586
f 2787 2780 2792
f 921 2786 1032
f 2792 2451 1032
f 2777 2771 2770
f 2785 2734 2676
f 2684 2740 2656
f 2590 2472 2618
f 2804 2472 2590
f 2731 2805 2806
f 2807 2472 2804
f 921 2808 2786
f 2809 2807 2810
f 2811 2812 2804
f 2760 2813 2669
f 2715 2651 2717
f 1044 1033 2451
f 2779 2758 2681
f 2810 2807 2814
f 2815 2809 2810
f 2653 2265 2650
f 2792 2777 2451
f 1033 1032 2451
f 2524 2805 2731
f 2769 2451 2770
f 2808 922 762
f 2816 2817 2818
f 2786 2792 1032
f 2759 2729 2657
f 2808 921 922
f 2786 2664 2781
f 2503 2514 2504
f 2514 2503 2448
f 2762 2682 2739
f 2804 2590 2555
f 2501 2471 2502
f 2746 2675 2747
f 2817 2819 2818
f 2577 2659 2820
f 2818 2821 2813
f 2669 2821 2659
f 2822 2821 2818
f 2758 2765 2823
f 2741 2733 2737
f 1319 1373 2699
f 1504 1291 2443
f 373 1373 1319
f 2820 2822 2818
f 2824 2818 2813
f 1504 2725 1445
f 2524 2691 2805
f 806 1319 2748
f 2443 2725 1504
f 2472 2809 2825
f 2812 2811 2577
f 2737 2731 2806
f 2653 2650 2651
f 2813 2760 2824
f 2813 2821 2669
f 2773 2826 2660
f 2472 2825 2470
f 2444 2827 2826
f 2701 2700 2288
f 2754 2753 1353
f 2443 2444 2773
f 2773 2444 2826
f 2725 2773 2660
f 2740 2684 2573
f 2807 2812 2814
f 2827 2616 2826
f 2660 2826 2615
f 2814 2812 2820
f 2676 2683 2682
f 2823 2681 2758
f 2821 2822 2659
f 1813 1815 2464
f 2788 2716 2758
f 2747 2749 2726
f 2740 2573 2738
f 2811 2804 2555
f 2814 2818 2819
f 2733 2677 2676
f 2779 2746 2788
f 2659 2822 2820
f 2681 2823 2682
f 2577 2820 2812
f 2207 2464 1815
f 2804 2812 2807
f 2657 2603 2572
f 2472 2807 2809
f 2687 2686 2788
f 1488 2703 2710
f 2718 2720 2729
f 2814 2820 2818
f 2715 2745 2651
f 2818 2824 2816
f 2810 2814 2819
f 2746 2726 2788
f 2686 2716 2788
f 2701 2288 2774
f 2726 2687 2788
f 2683 2746 2681
f 2652 2745 2678
f 2745 2652 2651
f 2470 2692 2685
f 2689 1441 1469
f 807 806 2748
f 2828 2730 2732
f 2675 2677 2829
f 2676 2682 2785
f 2759 2716 2719
f 2830 2831 2747
f 2716 2715 2719
f 2828 2785 2730
f 2657 2740 2758
f 2739 2682 2823
f 2690 2654 2170
f 2603 2720 2728
f 2832 2833 2834
f 2729 2759 2719
f 2676 2734 2733
f 2765 2740 2739
f 2727 2726 2749
f 2774 2288 2303
f 2119 2654 2117
f 2684 2656 2572
f 2524 2730 2522
f 2573 2502 2723
f 2141 2690 2170
f 2727 2699 2687
f 2746 2683 2675
f 2119 2170 2654
f 2522 2730 2762
f 2723 2735 2523
f 2835 2831 2836
f 2688 2569 2501
f 2831 807 2748
f 2831 2748 2749
f 2722 2762 2739
f 2599 2598 2427
f 2837 2830 2747
f 2694 2693 2838
f 2009 2678 1616
f 2693 2354 2353
f 1522 2526 2621
f 2839 805 2835
f 2468 2627 2661
f 2835 807 2831
f 2608 2538 2840
f 1287 2827 2444
f 2841 2798 2790
f 2791 2842 2789
f 2537 2708 2602
f 2537 2539 2701
f 2542 2843 2503
f 2503 2843 2448
f 2844 2767 2840
f 2542 2544 2543
f 2845 2613 2608
f 2843 2449 2448
f 334 2451 2450
f 2580 2633 2796
f 2609 2608 2613
f 180 2450 2474
f 2783 2680 2634
f 2450 2449 2474
f 2485 2473 2543
f 2846 2473 2487
f 2798 2833 2847
f 2848 2830 2837
f 181 180 2474
f 2849 2669 2668
f 2847 2616 2827
f 2850 2516 2563
f 2474 2473 2846
f 2516 2850 2851
f 2474 2846 181
f 2570 2688 2566
f 2851 2649 2516
f 2763 2517 2516
f 2852 2847 2853
f 2542 2473 2843
f 2486 2485 2704
f 2517 2706 2518
f 2800 2854 2855
f 2839 2835 2856
f 2496 2563 2562
f 2857 2835 2836
f 1303 2858 2859
f 1304 1000 1305
f 2857 2856 2835
f 2860 2695 2849
f 2625 2497 2496
f 189 179 2744
f 2465 2680 2774
f 1303 2861 2858
f 2473 2449 2843
f 2649 2648 2763
f 2562 2706 2624
f 2861 1303 1314
f 2743 2486 2497
f 2588 2862 2752
f 2499 2528 953
f 2623 2832 2863
f 2497 2625 2743
f 2633 2491 2864
f 2852 2853 2859
f 2785 2828 2734
f 1316 1305 2856
f 761 2632 762
f 2595 2499 181
f 2859 2865 1303
f 2328 2564 2325
f 2528 2744 953
f 2859 2853 2865
f 2866 2491 2662
f 1291 1287 2444
f 2647 2484 2648
f 2833 2616 2847
f 2861 2867 2858
f 2795 2801 2791
f 2859 2794 2852
f 1304 1302 2868
f 2869 2834 2870
f 1654 2755 1478
f 2674 2832 2623
f 2624 2706 2635
f 2452 2648 2484
f 2794 2859 2858
f 2870 2834 2841
f 2644 2477 2871
f 2861 1314 2867
f 2491 2633 2658
f 2867 1314 2799
f 2795 2791 2793
f 2635 2743 2624
f 2790 2793 2791
f 2799 1312 2854
f 2636 2744 2527
f 2637 2636 2527
f 2476 2871 2477
f 2744 2636 189
f 2527 2744 2528
f 2452 2519 2648
f 2856 2872 1316
f 2667 2873 2874
f 2875 1353 2753
f 2794 2798 2852
f 2874 2663 2658
f 2858 2795 2794
f 2509 2778 2636
f 2796 2876 2870
f 2497 2704 2498
f 2667 2874 2581
f 2519 2757 2648
f 2832 2674 2833
f 2867 2801 2795
f 2791 2801 2877
f 2877 2842 2791
f 2466 2878 2620
f 2528 2635 2529
f 192 2778 2525
f 2798 2841 2834
f 2879 2877 2800
f 2856 2857 2872
f 2801 2800 2877
f 2880 2757 2519
f 2794 2793 2798
f 2858 2867 2795
f 2855 2857 2881
f 2875 2753 2674
f 1296 1284 1011
f 2866 2629 2492
f 2750 2757 2880
f 2833 2798 2834
f 2666 2665 2797
f 2854 2872 2855
f 2882 2881 2857
f 2644 2883 2520
f 2882 2836 2848
f 2799 2854 2800
f 2832 2834 2869
f 1478 2755 2754
f 2857 2836 2882
f 2750 2880 2751
f 2854 1316 2872
f 2663 2884 2664
f 2483 2584 2482
f 2623 2875 2674
f 2863 2832 2869
f 2666 2885 2667
f 2525 2466 2620
f 2529 2574 2527
f 2886 2887 2797
f 777 1353 2875
f 2623 777 2875
f 2856 1305 1000
f 1287 1289 2865
f 2841 2790 2888
f 2837 2675 2829
f 2879 2855 2881
f 2886 2870 2841
f 2525 2620 2526
f 2796 2870 2886
f 2886 2841 2888
f 2527 2509 2637
f 2889 2863 2869
f 2847 2865 2853
f 2889 2583 2863
f 2525 2778 2509
f 2796 2633 2876
f 2790 2789 2888
f 2887 2886 2888
f 2789 2887 2888
f 2506 2519 2520
f 2580 2797 2665
f 2842 2879 2890
f 1312 2799 1309
f 2874 2658 2579
f 2867 2799 2801
f 2789 2842 2887
f 2890 2887 2842
f 2797 2887 2666
f 2574 2509 2527
f 2519 2506 2880
f 2664 2884 2782
f 2506 2520 2507
f 230 2513 285
f 2710 1603 1488
f 2880 2506 2457
f 1316 2854 1312
f 2450 2451 2514
f 2847 1287 2865
f 2874 2873 2663
f 2580 2665 2581
f 2456 2554 2751
f 2482 2629 2632
f 2889 2492 2584
f 2508 2521 2446
f 2611 2455 2508
f 2590 2618 2571
f 2455 2506 2508
f 2595 2846 2487
f 2840 2767 2608
f 2456 2594 2554
f 2887 2890 2891
f 2456 2751 2457
f 2866 2662 2664
f 2521 2515 2446
f 2583 2623 2863
f 2496 2562 2624
f 2468 2467 2628
f 2581 2665 2667
f 2611 2480 2455
f 2892 2460 2893
f 2467 2552 2628
f 2627 2468 2628
f 2662 2658 2663
f 2663 2873 2884
f 2666 2891 2885
f 2594 2626 2552
f 2845 2608 2767
f 2491 2490 2864
f 2488 2611 2638
f 2881 2894 2879
f 2456 2626 2594
f 2480 2488 2478
f 2643 2541 2592
f 2723 2722 2738
f 2556 2558 2655
f 2481 2531 2577
f 2848 2895 2882
f 2495 2671 2456
f 2551 2548 2547
f 2537 2701 2774
f 2353 2614 2724
f 2633 2864 2876
f 2724 2614 2613
f 2488 2638 2489
f 2896 2602 2713
f 2837 2747 2675
f 2700 2539 2639
f 2303 2465 2774
f 2640 2612 2654
f 2783 2634 2709
f 2737 2732 2731
f 2844 2768 2767
f 2632 2866 2808
f 2695 2764 2760
f 2709 2634 2697
f 2616 2833 2674
f 2897 2898 2899
f 2900 2742 2901
f 2902 2903 2498
f 2741 2904 2905
f 2906 2907 2825
f 2908 2909 2910
f 2911 2912 2913
f 2914 2907 2915
f 2916 2917 2918
f 2919 2712 2714
f 2489 2638 2646
f 2742 2904 2901
f 2920 2921 2922
f 2850 2647 2851
f 2923 2924 2925
f 2691 2926 2927
f 2928 2925 2924
f 2922 2929 2920
f 2930 2931 2932
f 2933 2934 2935
f 2932 2931 2936
f 2903 2937 2563
f 2938 2521 2883
f 2939 2940 2941
f 2479 230 2495
f 2942 2943 2944
f 2920 2945 2921
f 2946 2947 2948
f 2949 2950 2951
f 2952 2697 2953
f 2954 2955 2956
f 2943 2957 2958
f 2959 2810 2960
f 2961 2557 2556
f 2478 2489 2513
f 2516 2649 2763
f 2962 2459 2963
f 2964 2965 2966
f 2905 2904 2742
f 2967 2968 2969
f 2970 2919 2971
f 2931 2930 2972
f 2973 2515 2938
f 2974 719 2975
f 2976 2977 2978
f 2978 2977 2979
f 2980 2981 2982
f 2766 2694 2767
f 2909 2983 2984
f 2976 2948 2947
f 2984 2985 2909
f 2980 2986 2981
f 2983 2987 2984
f 2988 2989 2990
f 2991 2990 2992
f 405 2993 2941
f 2994 2862 2995
f 2996 2945 2997
f 2556 2550 2961
f 2981 2986 2913
f 2998 2484 2957
f 2999 3000 2557
f 3001 2992 3002
f 3003 3004 3005
f 3006 2914 2692
f 3007 2764 3008
f 2817 3009 2960
f 3010 3011 2973
f 2940 3012 2941
f 2974 3013 718
f 3014 3007 3015
f 2495 230 2672
f 2829 3016 2895
f 3017 3018 3019
f 868 3020 3021
f 3022 3023 3024
f 3025 3026 3027
f 3028 3029 3030
f 3031 3032 3010
f 3026 3033 3034
f 2945 2996 2921
f 3035 3036 2935
f 3037 2702 2469
f 2991 3038 3039
f 3040 3041 3042
f 3043 3044 2995
f 3045 2961 3046
f 3047 2911 2986
f 2982 3042 2924
f 3048 3049 2917
f 2891 2666 2887
f 2917 3050 2972
f 2995 2768 3043
f 3051 3052 2927
f 2973 3053 2515
f 3054 3055 2976
f 3056 718 3013
f 3026 3025 3057
f 3058 3059 3060
f 3061 3027 3034
f 3062 3063 3064
f 3049 3013 2918
f 3065 3066 3014
f 2606 2582 2897
f 3001 3002 2772
f 2855 2879 2800
f 2803 2782 3067
f 3068 3019 3018
f 2489 2493 315
f 3069 2987 2983
f 2932 3070 3071
f 3072 2977 3073
f 2968 2967 3074
f 2476 2475 2942
f 3075 2644 2871
f 3076 3035 3077
f 2946 3078 2947
f 2898 3029 3079
f 3080 2803 3081
f 2994 3082 3083
f 2972 3050 3084
f 3057 3085 3086
f 3087 2986 2904
f 2462 2469 2493
f 2930 3048 2972
f 2978 3086 3054
f 3088 2512 2511
f 3066 3065 2983
f 3089 3090 3091
f 3092 3080 3081
f 3049 3056 3013
f 2983 3093 3094
f 3095 3065 3015
f 3078 3073 2947
f 2504 2802 2505
f 2550 3096 3046
f 2926 3023 3077
f 2914 2915 2926
f 2996 3097 2921
f 3098 3099 3051
f 3100 2946 2948
f 3091 3090 2927
f 3049 3048 3101
f 3042 3102 2924
f 3092 2891 2890
f 3103 3104 3105
f 3106 2957 3039
f 3107 2937 3108
f 3077 3004 3076
f 3004 3003 3076
f 2798 2847 2852
f 2803 3067 3081
f 2879 2894 2890
f 2981 2912 3040
f 2922 2946 3100
f 2824 3009 2816
f 2485 2543 2544
f 2899 2898 3079
f 2720 2657 2729
f 2680 2464 2634
f 2883 2521 2507
f 3109 3110 3111
f 2942 2944 3058
f 2951 3087 3098
f 2885 2891 3081
f 2521 2938 2515
f 2664 2808 2866
f 2922 3100 2929
f 2627 2626 2672
f 3024 2969 2968
f 348 3105 3112
f 2740 2657 2656
f 2992 3001 3102
f 2772 2925 2928
f 3113 2895 3016
f 2481 2555 2545
f 2952 2936 2971
f 3114 3115 3116
f 2560 2568 2566
f 2602 2896 2538
f 2916 2964 3117
f 2927 3052 2805
f 2785 2682 2762
f 3054 3118 3055
f 2772 2803 2925
f 2720 2603 2657
f 2565 2328 2431
f 2724 2613 2845
f 2921 3119 3021
f 2808 762 2632
f 3120 3121 3005
f 2927 2926 3091
f 3021 2922 2921
f 3036 3121 3064
f 2639 2539 2607
f 2709 2714 2707
f 2952 2971 2714
f 3083 3122 3095
f 2845 2767 2838
f 3123 2912 3124
f 2697 2645 2953
f 2947 3073 2977
f 2577 2811 2481
f 2737 2806 2741
f 3021 3119 938
f 2645 2697 2696
f 3125 3068 3103
f 2884 3067 2782
f 3120 3005 3126
f 2995 2862 2766
f 3127 2850 3128
f 2708 2707 2602
f 2544 2505 3129
f 2810 2959 2815
f 3126 3130 3120
f 3069 2966 2987
f 2781 2782 2803
f 348 347 3105
f 2913 2912 2981
f 3110 3084 3111
f 3131 2953 2645
f 3038 3041 3132
f 1469 1616 2689
f 2431 2559 2565
f 3020 868 823
f 3111 3084 3050
f 3133 3064 3063
f 3072 2979 2977
f 2936 2931 3134
f 2940 3037 3135
f 3062 3121 3120
f 2883 3031 2938
f 3135 2461 3136
f 3131 2645 2557
f 3131 2936 2953
f 3078 3021 3020
f 2332 2354 2849
f 2481 2545 2350
f 3117 3050 2916
f 2463 2462 2494
f 3033 2512 3034
f 2588 2766 2862
f 3047 3087 2951
f 868 3021 938
f 2695 2860 2693
f 2272 2653 2652
f 2970 3137 3110
f 2509 2466 2525
f 2916 3050 2917
f 2982 2924 2923
f 2394 2481 2361
f 3132 3138 3106
f 3089 3091 3077
f 2678 2272 2652
f 3017 3019 3125
f 2654 2690 2640
f 3097 2996 2997
f 2964 2916 2918
f 3139 2505 2802
f 3078 2946 2922
f 2849 2354 2860
f 2556 2549 2548
f 2967 2815 2959
f 2826 2616 2615
f 3051 2927 3090
f 2675 2683 2676
f 2908 3011 2954
f 2572 2604 2688
f 2903 2563 2496
f 2848 2837 2895
f 3067 2884 2873
f 2645 2558 2557
f 3094 3117 2964
f 2989 3140 2992
f 3122 3083 3109
f 2968 3141 3022
f 2745 1441 2689
f 3109 3142 3122
f 2968 3022 3024
f 3082 2995 3044
f 2717 2651 2650
f 2902 2498 2485
f 2600 2618 2601
f 2895 3113 2882
f 2857 2855 2872
f 2989 3139 3140
f 3047 3060 2911
f 3117 3094 3093
f 2922 3021 3078
f 2901 2904 3143
f 2481 2811 2555
f 2459 3112 3104
f 2977 2976 2947
f 2890 2894 3092
f 3092 3113 3144
f 2568 2571 2600
f 3145 3146 2934
f 2986 3143 2904
f 2501 2572 2688
f 2978 3054 2976
f 3060 2933 3058
f 3048 3147 3101
f 3020 3073 3078
f 2669 2849 2695
f 2954 3014 2908
f 2828 2732 2734
f 2815 2906 2825
f 3148 2957 3149
f 2716 2759 2758
f 3072 3073 3020
f 3085 3054 3086
f 3085 3118 3054
f 3029 3057 3030
f 2824 3126 3009
f 2647 2649 2851
f 3072 3020 2893
f 2893 3020 823
f 3085 3088 3118
f 2662 2491 2658
f 2876 2864 2889
f 719 312 2975
f 3008 2752 3150
f 2982 2923 2980
f 2979 3086 2978
f 3085 3057 3025
f 3149 2484 2647
f 2911 3059 2912
f 2893 823 3151
f 3152 3153 3046
f 3088 3085 3061
f 3057 3086 3030
f 3086 2979 3030
f 3041 2912 3123
f 3085 3025 3061
f 3134 3137 2970
f 3007 2955 3126
f 2806 3052 3099
f 2524 2523 2692
f 3036 3064 2935
f 2460 3072 2893
f 2845 2838 2724
f 3125 3019 3068
f 3061 3034 3088
f 3041 3138 3132
f 3072 2460 2979
f 3029 3026 3057
f 3025 3027 3061
f 2962 3030 2979
f 2332 2849 2333
f 2512 3088 3034
f 3034 3027 3026
f 2354 2693 2860
f 2563 2937 2850
f 2767 2694 2838
f 2962 2979 2460
f 3008 2589 2752
f 2960 2810 2819
f 3030 2962 3028
f 3029 2898 3026
f 2512 3033 2533
f 3029 3028 3079
f 2532 2696 2207
f 2898 3033 3026
f 2713 2602 2707
f 2962 2963 3028
f 3068 3104 3103
f 3113 2894 2882
f 3033 2898 2533
f 3079 3028 2899
f 2629 2866 2632
f 3090 3154 3051
f 2739 2823 2765
f 2536 2533 2898
f 3074 2967 2959
f 3083 3082 3155
f 2815 2967 2906
f 2899 3028 3156
f 3156 3028 3157
f 3157 3028 2963
f 3113 3092 2894
f 348 3112 408
f 2899 2619 2897
f 3158 2904 2741
f 2898 2897 2536
f 3159 3156 3157
f 2490 2492 2889
f 3050 3093 3142
f 2606 2897 2619
f 2582 2536 2897
f 3112 2459 408
f 3096 2899 3156
f 2962 2460 2459
f 2599 2670 2597
f 3014 2954 2956
f 2516 2518 2562
f 1000 2839 2856
f 2459 3104 2963
f 2459 2458 408
f 2992 3102 3042
f 973 805 2839
f 2578 2619 2899
f 3039 3127 2991
f 3096 2578 2899
f 2420 2351 2560
f 2333 2849 2668
f 2470 2907 3006
f 2775 2776 2772
f 3156 3159 3152
f 973 2839 1000
f 2944 3124 3059
f 3157 2963 3159
f 2475 2477 2453
f 3075 2476 3063
f 3160 2934 2933
f 3096 3156 3152
f 2491 2866 2492
f 2892 2458 2460
f 3159 2963 3068
f 2963 3104 3068
f 2454 2644 2520
f 618 2892 3151
f 2772 3002 2802
f 3139 3129 2505
f 2914 2926 2691
f 2544 2902 2485
f 2987 2966 3012
f 3068 3018 3159
f 3024 3023 2926
f 3134 2931 3137
f 2550 2578 3096
f 3152 3046 3096
f 3081 2891 3092
f 3152 3159 3018
f 2970 3044 3043
f 3112 3105 3104
f 2802 3002 3140
f 3153 3152 3018
f 2961 2550 3046
f 2868 1302 1296
f 3106 3039 3132
f 2873 2885 3081
f 3018 3017 3153
f 2873 2667 2885
f 3046 3153 3045
f 2772 2776 2803
f 2903 2902 2544
f 2911 2913 2986
f 3125 3103 3101
f 3045 3153 3017
f 3125 3147 3017
f 3080 3092 3144
f 2672 229 2627
f 3147 3125 3101
f 2925 2803 3080
f 2923 3143 2980
f 3045 3017 3161
f 2928 3001 2772
f 3147 3161 3017
f 3101 3103 718
f 3105 718 3103
f 315 740 2489
f 2544 3129 2988
f 2648 2756 2763
f 2988 2903 2544
f 2999 3045 3161
f 3045 2557 2961
f 3161 3147 2930
f 3144 3113 3115
f 2847 2827 1287
f 3036 3003 3121
f 718 3056 3101
f 718 3105 347
f 2903 2496 2498
f 3139 2989 2988
f 2999 3161 3071
f 2837 2829 2895
f 3108 2903 2988
f 3147 3048 2930
f 2933 3060 3160
f 2458 2892 618
f 3075 3031 2644
f 3130 3032 3120
f 2557 3045 2999
f 3161 2930 3071
f 2988 3129 3139
f 3000 2999 3071
f 3115 3016 3116
f 3016 2829 3116
f 343 316 2702
f 3080 3144 2925
f 3049 3101 3056
f 2136 2203 2532
f 2498 2704 2485
f 2992 2990 2989
f 2972 3048 2917
f 3151 2892 2893
f 2557 3000 3070
f 2930 2932 3071
f 3076 3036 3035
f 3070 3000 3071
f 3003 3036 3076
f 3013 2974 2965
f 718 719 2974
f 2960 2819 2817
f 2743 2499 2596
f 2917 3049 2918
f 3108 2937 2903
f 3070 3131 2557
f 3064 3133 2935
f 2918 3013 2965
f 3070 2936 3131
f 3137 2931 2972
f 3099 2741 2806
f 3151 485 618
f 2933 3133 3058
f 2965 2974 2966
f 3099 3052 3051
f 3001 2928 3102
f 2900 3116 2829
f 2924 3102 2928
f 2936 3070 2932
f 2848 2836 2830
f 2972 3084 3137
f 3041 2992 3042
f 2868 1011 1005
f 3136 2910 2909
f 3162 2974 2975
f 2272 2009 2008
f 486 3151 823
f 2965 2964 2918
f 2975 2941 3162
f 2912 3059 3124
f 2589 3008 2764
f 2672 2671 2495
f 2539 2608 2607
f 3110 3137 3084
f 2467 2574 2552
f 2566 2561 2560
f 2586 2564 2565
f 3162 2941 3012
f 2588 2587 2694
f 2964 2966 3094
f 1296 1011 2868
f 2941 2975 405
f 2831 2830 2836
f 2952 2953 2936
f 2786 2808 2664
f 2879 2842 2877
f 2971 2936 3134
f 3162 3012 2974
f 2507 2520 2883
f 2966 2974 3012
f 2966 3069 3094
f 229 2466 2661
f 2952 2714 2697
f 3111 3050 3142
f 2971 3134 2970
f 2707 2714 2713
f 2829 2677 2900
f 2846 2595 181
f 485 3151 486
f 2558 2532 2643
f 3145 3089 3146
f 2869 2870 2876
f 2998 2943 2942
f 2697 2714 2709
f 3109 3111 3142
f 2941 2993 2702
f 1303 2865 1289
f 3012 2940 2987
f 2923 3144 3115
f 3069 2983 3094
f 2850 2937 3128
f 2993 405 391
f 3093 3050 3117
f 3098 3087 3158
f 2751 2880 2457
f 2970 3110 3044
f 3044 3110 3109
f 2265 2653 2272
f 3133 2933 2935
f 3089 3035 3146
f 2939 2941 2702
f 2993 391 343
f 3108 2988 2990
f 2473 2485 2487
f 3133 3063 2942
f 2629 2584 2492
f 2714 2971 2919
f 2900 2677 2742
f 3007 2956 2955
f 3047 3160 3060
f 3043 2919 2970
f 3044 3109 3155
f 3093 3122 3142
f 3116 2900 3114
f 3107 3108 2990
f 2900 2901 3114
f 2940 2939 3037
f 1522 679 2526
f 3114 3143 3115
f 2987 2940 2985
f 2984 2987 2985
f 343 2702 2993
f 3155 3082 3044
f 2636 190 189
f 2702 3037 2939
f 2878 1522 2621
f 3135 2985 2940
f 2983 3122 3093
f 1005 1304 2868
f 2576 2333 2668
f 3043 2712 2919
f 3109 3083 3155
f 2937 3107 3128
f 2938 3010 2973
f 1314 1309 2799
f 2636 192 190
f 2513 2489 740
f 2991 3107 2990
f 3122 2983 3065
f 2909 3066 2983
f 2802 3140 3139
f 229 2661 2627
f 1539 2466 229
f 3083 3095 2994
f 3038 2991 2992
f 3136 2909 2985
f 2969 2915 2906
f 3066 2909 2908
f 2896 2712 2768
f 2466 1539 2878
f 2713 2712 2896
f 3043 2768 2712
f 2747 2831 2749
f 3082 2994 2995
f 3065 3095 3122
f 2541 2540 2592
f 953 171 2499
f 2582 2670 2535
f 2994 3095 3150
f 3095 3015 3150
f 2693 2724 2838
f 2462 3037 2469
f 3135 3037 2462
f 3136 2985 3135
f 3042 2982 3040
f 2678 2745 2689
f 3115 3143 2923
f 2844 2896 2768
f 230 229 2672
f 2655 2558 2643
f 2969 2926 2915
f 2752 2994 3150
f 2462 2461 3135
f 3066 2908 3014
f 3011 2908 2910
f 408 2458 618
f 2995 2766 2768
f 1539 1522 2878
f 2579 2581 2874
f 2454 2453 2477
f 2862 2994 2752
f 3015 3065 3014
f 3136 3053 2910
f 312 405 2975
f 2494 2646 2445
f 807 2835 805
f 2910 3053 3011
f 2907 2906 2915
f 3053 3136 2461
f 3053 2973 3011
f 3015 3008 3150
f 2873 3081 3067
f 3053 2461 2515
f 3113 3016 3115
f 3014 2956 3007
f 3008 3015 3007
f 2864 2490 2889
f 3158 2741 3099
f 3011 3032 2954
f 3011 3010 3032
f 3107 2991 3128
f 2757 2756 2648
f 3133 2942 3058
f 180 334 2450
f 774 2583 775
f 2955 2954 3130
f 3130 2954 3032
f 3127 3128 2991
f 230 2479 2478
f 3007 2760 2764
f 2824 2760 3007
f 3120 3032 3163
f 3032 3031 3163
f 2955 3130 3126
f 2907 2470 2825
f 3126 2824 3007
f 3062 3120 3163
f 2797 2796 2886
f 3163 3031 3075
f 2938 3031 3010
f 3075 3062 3163
f 2493 2469 315
f 3005 3009 3126
f 3121 3062 3064
f 3031 2883 2644
f 3004 3009 3005
f 3005 3121 3003
f 2876 2889 2869
f 3004 3141 3009
f 3062 3075 3063
f 2871 2476 3075
f 2670 2599 2630
f 3009 2817 2816
f 2982 2981 3040
f 2503 2505 2542
f 3074 3009 3141
f 2476 2942 3063
f 3009 3074 2960
f 3074 3141 2968
f 2912 3041 3040
f 3004 3022 3141
f 2621 2620 2878
f 3023 3022 3004
f 2935 3146 3035
f 2934 3146 2935
f 2959 2960 3074
f 3004 3077 3023
f 3087 2904 3158
f 3038 3132 3039
f 2475 2998 2942
f 3035 3089 3077
f 3160 3145 2934
f 2926 2969 3024
f 3077 3091 2926
f 3154 3145 3160
f 3154 3160 2949
f 285 2513 740
f 3059 3058 2944
f 3145 3090 3089
f 2742 2741 2905
f 3060 3059 2911
f 3090 3145 3154
f 2333 2481 2394
f 2625 2624 2743
f 2475 2484 2998
f 2998 2957 2943
f 3124 2944 2943
f 2881 2882 2894
f 2906 2967 2969
f 1304 1005 1000
f 2643 2203 2541
f 2925 3144 2923
f 2583 2889 2584
f 2949 3160 2950
f 2483 801 799
f 2825 2809 2815
f 3160 3047 2950
f 3124 2943 2958
f 2951 2950 3047
f 2694 2587 2695
f 2844 2538 2896
f 2484 3149 2957
f 3140 3002 2992
f 2548 2550 2556
f 2958 3123 3124
f 3154 2949 3098
f 2538 2844 2840
f 3098 2949 2951
f 2456 2671 2626
f 3154 3098 3051
f 2957 3106 2958
f 2958 3138 3123
f 2907 2914 3006
f 2927 2805 2691
f 2691 2692 2914
f 3087 3047 2986
f 3127 3149 2850
f 3039 2957 3148
f 3038 2992 3041
f 3138 2958 3106
f 3143 2986 2980
f 3052 2806 2805
f 3148 3149 3127
f 3148 3127 3039
f 3138 3041 3123
f 3006 2692 2470
f 3143 3114 2901
f 3098 3158 3099
f 2783 2709 2708
f 2647 2850 3149
f 3164 3165 3166
f 3167 3168 3169
f 3170 3171 3172
f 2335 2334 3173
f 3174 3175 3176
f 3177 3178 3179
f 3175 3180 3176
f 3181 3182 3183
f 3184 3185 3186
f 3173 2334 3187
f 3172 3188 2335
f 3189 3190 3179
f 3191 3192 3193
f 3194 3173 3195
f 3170 3196 3171
f 3197 2153 3198
f 3181 3183 3199
f 3196 3170 3194
f 3200 3176 3201
f 3202 3203 3204
f 3191 3196 3192
f 3169 3205 3167
f 3206 3207 3208
f 3206 3208 3209
f 3210 3208 3207
f 3183 3211 3199
f 3196 3194 3212
f 3194 3165 3212
f 3213 3214 3215
f 3195 3187 3216
f 3217 3218 3219
f 3220 2976 3055
f 3221 3222 3223
f 3224 3192 3196
f 3225 3226 3227
f 3228 3190 3229
f 3230 3231 3189
f 3232 3185 2407
f 3233 3197 3234
f 3235 3236 3237
f 3238 3204 3239
f 3240 2150 3233
f 3215 3241 3242
f 3211 3201 3199
f 3243 3193 3244
f 3245 3246 3200
f 3247 3248 3249
f 3250 3230 3251
f 3224 3244 3193
f 3252 3253 3254
f 3255 3256 3257
f 3227 3258 3225
f 3259 3260 3261
f 3243 3262 3263
f 3264 3265 3266
f 3264 3266 3209
f 3267 3268 3269
f 3195 3270 3165
f 3219 3271 3238
f 3272 3186 3273
f 3224 3212 3274
f 3253 3258 3275
f 3195 3233 3270
f 3237 3214 3235
f 3276 3277 3228
f 3278 3279 3280
f 3281 3251 3282
f 2153 2155 3283
f 2631 3284 3285
f 3286 3287 3288
f 3289 3290 3291
f 3292 3293 3294
f 3201 3211 3295
f 3296 3241 3215
f 3173 3172 2335
f 3297 3298 3299
f 3297 3299 3300
f 3167 3301 3302
f 3100 2948 3303
f 3261 3251 3281
f 3254 3304 3305
f 3306 3224 3274
f 3307 3308 3309
f 3274 3310 3311
f 3312 3198 3283
f 3259 3256 3313
f 3283 2155 3314
f 3288 3287 3244
f 3315 3316 3317
f 3287 3243 3244
f 3318 3277 2929
f 3287 3262 3243
f 3311 3306 3274
f 3211 3319 3320
f 3310 3213 3311
f 2440 3321 2399
f 3322 3323 3324
f 3270 3325 3166
f 3326 3327 3328
f 3198 3329 3197
f 3314 3312 3283
f 3330 3331 3332
f 3333 3318 3334
f 3204 3203 3239
f 3335 3336 3337
f 3338 3339 3306
f 3255 3340 3256
f 3341 3262 3287
f 3325 3270 3342
f 3233 3234 3270
f 3234 3197 3329
f 3343 3241 3344
f 3279 3278 3345
f 3312 3329 3198
f 3244 3346 3288
f 3347 3306 3311
f 3213 3164 3235
f 3348 3349 3350
f 3351 3352 3353
f 3208 3354 3241
f 3355 3356 3357
f 3355 3357 3358
f 3329 3312 3359
f 3186 3360 3184
f 2245 3314 2155
f 3316 3315 3361
f 3222 3338 3223
f 3166 3325 3362
f 3321 2440 3363
f 3364 3365 3366
f 3325 3342 3360
f 3367 3294 3293
f 3206 3209 3266
f 3231 3368 3304
f 3359 3342 3329
f 3314 2245 3369
f 3318 3370 3277
f 3371 3361 3372
f 3373 3374 3375
f 3239 3352 3351
f 3222 3221 3346
f 3376 3311 3213
f 3325 3236 3362
f 3377 3320 3319
f 3378 3379 3352
f 3302 3361 3371
f 3220 3334 2948
f 3221 3286 3288
f 3234 3342 3270
f 3360 3312 3184
f 3369 3184 3314
f 3205 3223 3301
f 3301 3347 3376
f 3380 3349 3381
f 3334 3303 2948
f 3382 3383 3297
f 3384 3325 3360
f 3306 3223 3338
f 3342 3312 3360
f 3169 3379 3378
f 3228 3385 3276
f 3177 3179 3190
f 3304 3309 3386
f 3205 3221 3223
f 3387 3284 2631
f 3378 3203 3286
f 3304 3254 3388
f 3218 3389 3390
f 3391 2997 2945
f 3227 3392 3393
f 3179 3251 3230
f 3180 3181 3199
f 3345 3278 3374
f 3296 3215 3214
f 3304 3394 3231
f 3171 3188 3172
f 3395 3396 3384
f 3395 3384 3272
f 3257 3281 3282
f 2631 2673 3387
f 3185 3184 3397
f 3326 3398 3399
f 3326 3399 3400
f 3378 3221 3169
f 3167 3205 3301
f 3302 3301 3316
f 3386 3309 3308
f 3316 3301 3401
f 3200 3246 3247
f 3269 3402 3267
f 3401 3242 3241
f 3170 3172 3173
f 3403 3231 3394
f 3404 3340 3320
f 3382 3232 3383
f 3405 3406 3407
f 3395 3236 3396
f 3236 3395 3237
f 3184 3312 3314
f 3168 3408 3406
f 3185 3397 2442
f 3240 3216 3187
f 3209 3296 3237
f 3409 3232 3382
f 2150 3197 3233
f 3410 3354 3208
f 3410 3208 3210
f 3168 3167 3408
f 3395 3382 3209
f 3280 3350 3271
f 2407 3185 2330
f 3411 3275 3268
f 3169 3412 3379
f 3290 3271 3413
f 3260 3413 3380
f 3281 3257 3256
f 3258 3253 3252
f 3291 3256 3340
f 3408 3167 3332
f 3414 3315 3343
f 3302 3332 3167
f 3241 3343 3317
f 3415 3291 3290
f 3416 3341 3202
f 3417 3247 3246
f 3280 3279 3350
f 3279 3345 3418
f 3277 3276 2929
f 3218 3217 3419
f 3420 3421 3403
f 3348 3350 3279
f 3371 3332 3302
f 3422 3423 3424
f 3220 3333 3334
f 3425 3406 3366
f 3339 3244 3224
f 3426 3372 3361
f 3385 3391 2945
f 3427 3218 3390
f 3199 3201 3180
f 3232 3428 3383
f 2407 3428 3232
f 3336 3411 3337
f 3379 3412 3429
f 3430 3431 3374
f 3430 3374 3373
f 3179 3230 3189
f 3280 3427 3278
f 3352 3429 3353
f 3100 3303 2929
f 3412 3168 3406
f 3258 3252 3381
f 3432 3424 3423
f 3427 3219 3218
f 3341 3319 3262
f 3245 3200 3295
f 3276 3385 2920
f 3433 3434 3372
f 3433 3372 3426
f 3289 3204 3238
f 3175 3284 3294
f 3395 3209 3237
f 3392 3402 3269
f 3291 3404 3377
f 3435 3323 3390
f 3242 3376 3213
f 3383 3428 3297
f 3428 2407 2406
f 3217 3351 3436
f 3426 3315 3414
f 3420 3394 3437
f 2406 3297 3428
f 3327 3419 3436
f 3438 3433 3426
f 3438 3426 3414
f 3337 3411 3439
f 3354 3410 3440
f 3354 3440 3344
f 3265 3264 3441
f 3264 3297 3300
f 3442 3364 3429
f 3338 3222 3244
f 3443 3328 3436
f 3328 3366 3326
f 3425 3442 3406
f 3444 3445 3406
f 3444 3406 3408
f 3444 3408 3446
f 3447 3438 3414
f 3448 3449 3344
f 3246 3245 3450
f 3451 3441 3264
f 3451 3264 3300
f 2405 3452 2406
f 3453 2406 3452
f 3425 3364 3442
f 3173 3194 3170
f 3307 3309 3454
f 3345 3374 3418
f 3455 3218 3419
f 3328 3443 3364
f 3436 3328 3327
f 3230 3250 3231
f 3403 3394 3420
f 3456 3300 3299
f 3216 3240 3233
f 3241 3296 3208
f 3417 3333 3248
f 3457 3458 3459
f 3293 3460 3461
f 3462 3463 3267
f 3425 3366 3365
f 3464 3366 3406
f 3464 3406 3405
f 3229 3190 3189
f 3340 3465 3320
f 3239 3203 3352
f 3269 3268 3393
f 3276 2920 2929
f 3263 3183 3243
f 3209 3208 3296
f 3304 3388 3309
f 3195 3173 3187
f 3417 3246 3333
f 3466 3467 3252
f 3327 3326 3400
f 3203 3202 3341
f 3464 3468 3366
f 3431 3469 3470
f 3431 3470 3392
f 3358 3357 3471
f 3178 3177 3246
f 3291 3340 3404
f 3259 3281 3256
f 3258 3348 3279
f 3351 3238 3239
f 3189 3231 3403
f 3471 3357 3267
f 3471 3267 3463
f 3313 3415 3259
f 3398 3326 3366
f 3398 3366 3468
f 3320 3295 3211
f 3388 3454 3309
f 3313 3291 3415
f 3430 3469 3431
f 3379 3429 3352
f 3389 3472 3473
f 3226 3431 3392
f 3261 3260 3380
f 3339 3224 3306
f 3392 3269 3393
f 3182 3474 3183
f 3176 3200 3247
f 3178 3282 3179
f 3218 3455 3389
f 3334 3318 3303
f 3386 3437 3394
f 3180 3201 3176
f 3472 3327 3400
f 3252 3467 3381
f 3249 3118 3475
f 3253 3454 3254
f 3278 3427 3390
f 3475 2511 3476
f 3366 3328 3364
f 3403 3421 3229
f 3268 3275 3393
f 3165 3164 3310
f 3423 3402 3392
f 3370 3190 3277
f 3477 3402 3423
f 3477 3423 3422
f 3431 3226 3418
f 3465 3340 3450
f 3357 3439 3268
f 3304 3386 3394
f 3192 3224 3193
f 3250 3478 3305
f 3374 3278 3323
f 3254 3454 3388
f 3458 3420 3459
f 3305 3368 3250
f 3246 3177 3370
f 3317 3343 3315
f 3467 3380 3381
f 3258 3381 3348
f 3461 3460 3479
f 3478 3250 3251
f 3421 3458 3229
f 3466 3478 3261
f 3178 3246 3450
f 3480 3481 3454
f 3391 3229 3458
f 3459 3420 3437
f 3451 3300 3456
f 3378 3286 3221
f 3400 3482 3483
f 3400 3483 3472
f 3436 3419 3217
f 3344 3241 3354
f 3484 3356 3485
f 2153 3283 3198
f 3165 3310 3274
f 3264 3382 3297
f 3240 3187 2334
f 3436 3351 3353
f 3182 3191 3474
f 3357 3356 3439
f 3212 3224 3196
f 3201 3295 3200
f 3397 2248 2442
f 3245 3295 3465
f 3461 3191 3182
f 3263 3319 3211
f 3228 3229 3385
f 3450 3255 3178
f 3261 3467 3466
f 2436 3486 2426
f 3377 3416 3289
f 3244 3222 3346
f 3448 3344 3440
f 3480 3335 3481
f 3435 3389 3473
f 3247 3249 3174
f 3480 3253 3335
f 3179 3282 3251
f 3335 3253 3336
f 3245 3465 3450
f 3184 3487 3397
f 3182 3294 3367
f 3118 3088 3475
f 3399 3482 3400
f 3475 3088 2511
f 3318 3333 3246
f 2698 2426 3486
f 3450 3340 3255
f 3281 3259 3261
f 3205 3169 3221
f 3329 3342 3234
f 3488 3372 3434
f 3312 3342 3359
f 3376 3401 3301
f 3343 3344 3414
f 3227 3226 3392
f 3249 3055 3118
f 3390 3389 3435
f 3235 3164 3362
f 3306 3347 3223
f 3188 2441 2400
f 3256 3291 3313
f 3368 3231 3250
f 3476 3174 3249
f 3246 3370 3318
f 3467 3261 3380
f 3273 3185 3232
f 3419 3472 3455
f 3226 3225 3418
f 3220 3248 3333
f 3350 3349 3413
f 3427 3280 3219
f 3377 3289 3291
f 3480 3454 3253
f 3220 2948 2976
f 3219 3280 3271
f 3055 3249 3248
f 3311 3376 3347
f 3377 3404 3320
f 3380 3413 3349
f 3316 3401 3317
f 3289 3202 3204
f 3195 3216 3233
f 3338 3244 3339
f 3360 3186 3272
f 3376 3242 3401
f 3413 3415 3290
f 2622 3285 2510
f 3449 3447 3414
f 3449 3414 3344
f 3375 3374 3489
f 3237 3296 3214
f 3219 3238 3217
f 3443 3353 3429
f 3225 3258 3279
f 3458 3457 3490
f 3290 3289 3271
f 3443 3429 3364
f 3270 3166 3165
f 3416 3377 3319
f 3382 3395 3409
f 3487 3369 2245
f 3268 3267 3357
f 3445 3407 3406
f 3372 3491 3330
f 3372 3330 3332
f 3322 3489 3374
f 3322 3374 3323
f 3402 3477 3462
f 3402 3462 3267
f 3279 3418 3225
f 3289 3238 3271
f 3190 3228 3277
f 3432 3423 3392
f 3432 3392 3470
f 3292 2673 2698
f 3185 3273 3186
f 3487 3184 3369
f 3193 3243 3183
f 3196 3191 3171
f 3435 3492 3324
f 3435 3324 3323
f 3420 3458 3421
f 3476 3284 3175
f 2673 3292 3387
f 3486 3460 2698
f 3341 3416 3319
f 3268 3439 3411
f 3286 3203 3341
f 3292 2698 3460
f 2330 3185 2442
f 3411 3336 3275
f 3303 3318 2929
f 3443 3436 3353
f 3387 3292 3294
f 3176 3247 3174
f 3472 3483 3493
f 3472 3493 3473
f 3478 3466 3254
f 3351 3217 3238
f 3254 3305 3478
f 3349 3348 3381
f 3396 3325 3384
f 3485 3356 3355
f 3252 3254 3466
f 3490 2997 3458
f 3393 3258 3227
f 3212 3165 3274
f 3486 2436 3460
f 3350 3413 3271
f 2150 3240 2334
f 3273 3232 3272
f 3214 3213 3235
f 3460 3293 3292
f 2436 3479 3460
f 3417 3248 3247
f 3321 2436 2399
f 3479 2436 3321
f 3242 3213 3215
f 3229 3391 3385
f 3390 3323 3278
f 3253 3275 3336
f 3263 3211 3183
f 2945 2920 3385
f 3195 3165 3194
f 3374 3431 3418
f 3193 3183 3474
f 3412 3169 3168
f 3249 3475 3476
f 3415 3413 3260
f 3223 3347 3301
f 3272 3409 3395
f 3352 3203 3378
f 3229 3189 3403
f 3492 3435 3473
f 3492 3473 3494
f 3341 3287 3286
f 3260 3259 3415
f 3465 3295 3320
f 2622 2631 3285
f 3453 3495 2406
f 3363 3479 3321
f 3262 3319 3263
f 3487 2245 2249
f 3496 3494 3473
f 3188 2440 2441
f 3315 3426 3361
f 3442 3429 3412
f 3288 3346 3221
f 3365 3364 3425
f 2249 2237 2228
f 3367 3293 3461
f 2248 3397 2249
f 3387 3294 3284
f 3289 3416 3202
f 3474 3191 3193
f 3258 3393 3275
f 3284 3476 3285
f 3182 3367 3461
f 3177 3190 3370
f 3363 2440 3188
f 3455 3472 3389
f 3236 3235 3362
f 3442 3412 3406
f 2400 2335 3188
f 3461 3479 3363
f 2511 2510 3285
f 3302 3316 3361
f 3285 3476 2511
f 3491 3372 3488
f 3495 3298 3297
f 3495 3297 2406
f 3332 3371 3372
f 3384 3360 3272
f 3241 3317 3401
f 2249 3397 3487
f 3255 3257 3178
f 3188 3171 3363
f 3220 3055 3248
f 3257 3282 3178
f 3261 3478 3251
f 3272 3232 3409
f 3472 3419 3327
f 2237 2249 2245
f 3175 3294 3180
f 3461 3363 3171
f 3325 3396 3236
f 3182 3181 3294
f 3493 3496 3473
f 3264 3209 3382
f 3304 3368 3305
f 3181 3180 3294
f 3164 3166 3362
f 3461 3171 3191
f 3391 3458 2997
f 3213 3310 3164
f 3476 3175 3174
f 3332 3331 3446
f 3332 3446 3408
f 2153 3197 2150
f 3497 3498 3499
f 3500 3501 3502
f 3503 3504 1076
f 3503 1076 887
f 266 3505 480
f 3506 3507 3508
f 3509 3510 3511
f 1332 3119 2921
f 3512 3513 3502
f 3514 3515 3516
f 3481 3517 3518
f 3337 3439 3519
f 3519 3520 3337
f 3521 3522 3523
f 3521 3523 3524
f 1413 637 3525
f 3507 3526 3527
f 3502 3501 3528
f 3529 281 3530
f 3337 3520 3335
f 3515 3531 3532
f 3533 3534 3523
f 3510 3524 3499
f 3502 3513 3500
f 3534 3497 3524
f 3528 3501 650
f 3439 3510 3519
f 3518 3517 3535
f 3536 3537 3538
f 3536 3538 3539
f 3540 3538 3537
f 3499 3524 3497
f 3518 3535 3533
f 3307 3541 3542
f 3543 3457 3544
f 3527 3516 3518
f 3512 3502 3545
f 1413 3525 3546
f 3097 1332 2921
f 3097 2997 1039
f 3507 3533 3508
f 3547 3514 3526
f 1039 3543 1283
f 3525 637 509
f 3490 1039 2997
f 3518 3548 3481
f 3538 3549 3550
f 3538 3550 3551
f 281 3529 1423
f 3552 3553 3554
f 3524 3523 3534
f 3506 3546 3525
f 3551 1413 3538
f 3540 3549 3538
f 3522 3554 3553
f 3522 3553 3523
f 3386 3308 3531
f 3527 3526 3514
f 3437 3386 3513
f 3335 3520 3517
f 3457 3543 3490
f 3555 3556 3530
f 3556 3531 3515
f 480 3505 3528
f 3551 887 1413
f 3529 3526 508
f 3523 3553 3557
f 3437 3513 3512
f 3555 283 650
f 3535 3517 3520
f 3498 3519 3510
f 3481 3335 3517
f 3500 3558 3556
f 3545 3459 3512
f 3559 3542 3541
f 3555 3530 281
f 3544 3545 3505
f 3497 3534 3533
f 3097 1039 1332
f 3516 3559 3518
f 3544 1283 3543
f 3520 3498 3535
f 3356 3510 3439
f 3515 3532 3559
f 3560 3536 3539
f 3560 3539 3553
f 3528 650 480
f 3538 3506 3557
f 3119 1332 938
f 3541 3307 3454
f 3454 3481 3541
f 3555 3500 3556
f 3561 3551 3550
f 3518 3559 3548
f 3498 3497 3535
f 3548 3559 3541
f 1381 1076 3504
f 650 3501 3555
f 3510 3499 3498
f 3526 3506 3525
f 3506 3508 3557
f 3552 3562 3553
f 3541 3481 3548
f 3308 3532 3531
f 1413 3546 3538
f 3514 3556 3515
f 3563 266 1283
f 3457 3459 3544
f 3518 3507 3527
f 3547 3526 3529
f 3539 3538 3557
f 3560 3553 3562
f 3531 3513 3386
f 3501 3500 3555
f 3506 3526 3507
f 3533 3507 3518
f 3514 3516 3527
f 3539 3557 3553
f 3532 3542 3559
f 3519 3498 3520
f 3531 3556 3558
f 3563 3505 266
f 3528 3545 3502
f 3503 887 3551
f 3503 3551 3561
f 3509 3564 3524
f 3509 3524 3510
f 3529 3530 3547
f 3515 3559 3516
f 3556 3514 3530
f 3514 3547 3530
f 509 508 3525
f 3558 3513 3531
f 3558 3500 3513
f 3563 1283 3544
f 3459 3545 3544
f 3525 508 3526
f 1039 3490 3543
f 3508 3523 3557
f 3523 3508 3533
f 281 283 3555
f 3437 3512 3459
f 3544 3505 3563
f 3546 3506 3538
f 3545 3528 3505
f 3565 3524 3564
f 3308 3307 3532
f 3529 508 1423
f 3497 3533 3535
f 3521 3524 3565
f 3511 3510 3356
f 3511 3356 3484
f 3307 3542 3532
f 3566 1079 1078
f 3566 455 1079
f 3566 456 455
f 3566 559 456
f 3566 560 559
f 3566 582 560
f 3566 564 582
f 3566 562 564
f 3566 565 562
f 3566 566 565
f 3566 568 566
f 3566 584 568
f 3566 570 584
f 3566 571 570
f 3566 579 571
f 3566 585 579
f 3566 673 585
f 3566 581 673
f 3566 578 581
f 3566 575 578
f 3566 652 575
f 3566 965 652
f 3566 530 965
f 3566 528 530
f 3566 706 528
f 3566 705 706
f 3566 716 705
f 3566 1440 716
f 3566 710 1440
f 3566 707 710
f 3566 1317 707
f 3566 1318 1317
f 3566 199 1318
f 3566 196 199
f 3566 1120 196
f 3566 1119 1120
f 3566 667 1119
f 3566 668 667
f 3566 1022 668
f 3566 1021 1022
f 3566 1276 1021
f 3566 1260 1276
f 3566 1259 1260
f 3566 1439 1259
f 3566 2157 1439
f 3566 2147 2157
f 3566 2146 2147
f 3566 2158 2146
f 3566 2039 2158
f 3566 2022 2039
f 3566 2023 2022
f 3566 1908 2023
f 3566 1906 1908
f 3566 2181 1906
f 3566 2037 2181
f 3566 2035 2037
f 3566 1999 2035
f 3566 1898 1999
f 3566 1739 1898
f 3566 1737 1739
f 3566 2180 1737
f 3566 2179 2180
f 3566 2173 2179
f 3566 2174 2173
f 3566 2356 2174
f 3566 2438 2356
f 3566 2437 2438
f 3566 2408 2437
f 3566 2405 2408
f 3566 3452 2405
f 3566 3453 3452
f 3566 3495 3453
f 3566 3298 3495
f 3566 3299 3298
f 3566 3456 3299
f 3566 3451 3456
f 3566 3441 3451
f 3566 3265 3441
f 3566 3266 3265
f 3566 3206 3266
f 3566 3207 3206
f 3566 3210 3207
f 3566 3410 3210
f 3566 3440 3410
f 3566 3448 3440
f 3566 3449 3448
f 3566 3447 3449
f 3566 3438 3447
f 3566 3433 3438
f 3566 3434 3433
f 3566 3488 3434
f 3566 3491 3488
f 3566 3330 3491
f 3566 3331 3330
f 3566 3446 3331
f 3566 3444 3446
f 3566 3445 3444
f 3566 3407 3445
f 3566 3405 3407
f 3566 3464 3405
f 3566 3468 3464
f 3566 3398 3468
f 3566 3399 3398
f 3566 3482 3399
f 3566 3483 3482
f 3566 3493 3483
f 3566 3496 3493
f 3566 3494 3496
f 3566 3492 3494
f 3566 3324 3492
f 3566 3322 3324
f 3566 3489 3322
f 3566 3375 3489
f 3566 3373 3375
f 3566 3430 3373
f 3566 3469 3430
f 3566 3470 3469
f 3566 3432 3470
f 3566 3424 3432
f 3566 3422 3424
f 3566 3477 3422
f 3566 3462 3477
f 3566 3463 3462
f 3566 3471 3463
f 3566 3358 3471
f 3566 3355 3358
f 3566 3485 3355
f 3566 3484 3485
f 3566 3511 3484
f 3566 3509 3511
f 3566 3564 3509
f 3566 3565 3564
f 3566 3521 3565
f 3566 3522 3521
f 3566 3554 3522
f 3566 3552 3554
f 3566 3562 3552
f 3566 3560 3562
f 3566 3536 3560
f 3566 3537 3536
f 3566 3540 3537
f 3566 3549 3540
f 3566 3550 3549
f 3566 3561 3550
f 3566 3503 3561
f 3566 3504 3503
f 3566 1381 3504
f 3566 1077 1381
f 3566 1075 1077
f 3566 1375 1075
f 3566 1362 1375
f 3566 1361 1362
f 3566 604 1361
f 3566 605 604
f 3566 1086 605
f 3566 1078 1086
