mtllib Rook_cleaned.mtl
o fine_x+3.00_z-1.50
usemtl 3DModel
v 0.031252760 -0.009869089 0.244711583
v 0.032550793 -0.008152301 0.243689008
v 0.033819402 -0.008954387 0.244479135
v -0.026623981 0.044179879 0.193498073
v -0.025829488 0.043849676 0.186560406
v -0.022164341 0.047301195 0.190136406
v -0.013395793 0.044037130 0.161086026
v -0.013973442 0.048397477 0.167180963
v -0.019707210 0.043296187 0.166833271
v -0.019582313 0.022990771 0.127716695
v -0.021819087 0.020611445 0.117215631
v -0.017557260 0.025256639 0.115231752
v 0.000565530 0.064514069 0.220304615
v -0.003000055 0.062928486 0.218714196
v 0.000126095 0.064106946 0.217904801
v -0.017720895 0.026023029 0.134287236
v -0.018349833 0.027263721 0.140790868
v -0.020843916 0.022797058 0.138489855
v -0.017169082 0.038912652 0.158554917
v -0.023192488 0.033295151 0.160070293
v -0.025759842 0.016003988 0.113223579
v -0.023908857 0.017007971 0.121179752
v -0.036476534 0.030792040 0.197785678
v -0.034826342 0.032487244 0.188790230
v -0.033433292 0.037091668 0.198071871
v -0.011249630 0.030295274 0.125252395
v -0.007952318 0.032248813 0.127295840
v -0.010449251 0.032026077 0.132723833
v -0.021751076 0.049667203 0.199445027
v -0.016798687 0.052582057 0.202445058
v -0.021574771 0.050662871 0.204527807
v -0.005355156 0.035345881 0.135779150
v -0.009356876 0.034107125 0.137539260
v -0.006812718 0.033594656 0.131715550
v -0.003398541 0.032527212 0.117986367
v -0.007273874 0.031755748 0.122246002
v -0.008353952 0.030715225 0.115249413
v -0.004627043 0.033140059 0.125059661
v -0.002289816 0.034552725 0.129545062
v -0.028398753 0.037523870 0.173883925
v -0.033276146 0.029591191 0.177219371
v -0.029271161 0.029809869 0.168704073
v 0.026211190 0.050333684 0.013726983
v 0.022081082 0.052409891 0.019697362
v 0.020598673 0.052128156 0.014379062
v -0.016930351 0.030369428 0.144449287
v -0.019138387 0.028020030 0.144497733
v -0.021364162 0.025678918 0.146564151
v -0.014281114 0.057864814 0.215693936
v -0.018738113 0.053678632 0.210462464
v -0.014790383 0.055461548 0.209051833
v -0.025602608 0.049950296 0.237787372
v -0.025888184 0.047235235 0.238786030
v -0.028346166 0.047879071 0.237852045
v -0.016858189 0.057321037 0.236859737
v -0.015105657 0.057948953 0.237051382
v -0.014479094 0.056329209 0.237848138
v -0.024354714 0.020269143 0.144789989
v -0.037348161 0.026829528 0.189998903
v -0.009471117 0.036849514 0.087885085
v -0.014964096 0.034787728 0.083532004
v -0.010991160 0.038292047 0.080939089
v -0.016571797 0.059132639 0.234528648
v -0.018440963 0.057617958 0.235822219
v -0.020393787 0.056967633 0.233441220
v -0.028597153 0.049083511 0.235139965
v -0.026586918 0.050955638 0.236489418
v -0.035401575 0.029174033 0.183509565
v -0.022986860 0.046810966 0.239314819
v -0.019880256 0.045384583 0.239442034
v -0.023776372 0.043349129 0.239644479
v -0.012865258 0.032331247 0.139147532
v -0.014531222 0.029352556 0.134998021
v -0.040623603 0.024018982 0.228780784
v -0.039174561 0.027773111 0.222538256
v -0.038901114 0.028589583 0.230349706
v -0.035195189 0.003822695 0.096696091
v -0.035803418 0.008156395 0.090445852
v -0.031789654 0.009389925 0.100068390
v -0.018302777 0.029581392 0.088821968
v -0.020749706 0.030126888 0.081330592
v -0.027629755 0.013383146 0.243592081
v -0.030108290 0.019796174 0.244365888
v -0.027625804 0.017309460 0.242740161
v -0.030495634 0.013878261 0.244773301
v -0.028354696 0.009898408 0.244814954
v -0.022731659 0.018388112 0.133350126
v -0.024413353 0.017607435 0.139883770
v -0.030260109 0.009112800 0.245356512
v -0.027745667 0.000670497 0.246565582
v -0.024756884 -0.005668384 0.247076339
v -0.027351422 -0.003604699 0.246496496
v -0.029451035 0.005513135 0.245788183
v -0.027602316 0.005296445 0.245718633
v -0.029510300 -0.000157725 0.246034654
v -0.029659826 -0.002164900 0.246138184
v -0.027681835 -0.005918598 0.246349890
v -0.030677537 0.002660997 0.245855117
v -0.031345952 0.006402779 0.245575514
v -0.032435783 0.017203953 0.244658777
v -0.025577917 -0.007065339 0.246796038
v -0.031725858 0.001695489 0.245827727
v -0.032608229 0.020325101 0.244406770
v -0.032953737 0.024636734 0.244148504
v -0.033220542 0.012468480 0.244865612
v -0.032525161 0.000103619 0.245349616
v -0.033748712 0.008613869 0.244908132
v -0.034728592 0.019060037 0.244155240
v -0.024795098 -0.009715040 0.246717731
v -0.035030983 0.010894148 0.244276221
v -0.041078231 0.022358366 0.233350428
v -0.041592808 0.020515925 0.228387076
v -0.027070160 -0.009194990 0.245651148
v -0.035353725 0.008115190 0.244737952
v -0.035331446 0.023240392 0.243597734
v -0.032984767 0.005222099 0.245111873
v -0.034322649 0.004109285 0.245061963
v -0.036373994 0.011493887 0.244169447
v -0.035810793 0.014082303 0.243995335
v -0.024647737 -0.012643197 0.244949941
v -0.031495234 -0.004429569 0.245091950
v -0.031762755 -0.002976665 0.245443762
v -0.029709345 -0.005906186 0.245459080
v -0.034295668 -0.000085159 0.244930699
v -0.029060902 -0.008222920 0.244385890
v -0.031372728 -0.005796131 0.244200065
v -0.027356784 -0.010597903 0.244418921
v -0.035755036 0.004178598 0.244886543
v -0.034796205 0.002406989 0.244999954
v -0.033182496 -0.002977520 0.244332982
v -0.036978975 0.020388750 0.243051283
v -0.035716520 0.028175008 0.242629442
v -0.037511525 0.014896169 0.243608590
v -0.024432698 -0.008144431 0.247151843
v -0.036566191 0.002778891 0.244238839
v -0.038508280 0.024301586 0.242016059
v -0.038338933 0.027640528 0.241139430
v -0.037633649 0.027492270 0.241812387
v -0.027092767 -0.011221579 0.242313221
v -0.028508822 -0.009423059 0.243282205
v -0.030733139 -0.007807874 0.241642640
v -0.023904570 -0.014226580 0.240627968
v -0.033789011 -0.003903136 0.242461702
v -0.037199543 0.010305944 0.243978961
v -0.036716713 0.006522965 0.244578630
v -0.038212159 0.009168579 0.243518895
v -0.039218286 0.025964262 0.240389570
v -0.039764766 0.021384746 0.240391463
v -0.038950108 0.018370076 0.242371140
v -0.038877142 0.012849728 0.242953108
v -0.027911546 -0.010856729 0.236964866
v -0.039568659 0.025991751 0.237796493
v -0.040239500 0.015643630 0.240848663
v -0.035938920 -0.000636214 0.243381805
v -0.038516592 0.003930310 0.242054777
v -0.038392975 0.006429553 0.243175461
v -0.031176960 -0.007359068 0.237282848
v -0.041020283 0.019160761 0.237635671
v -0.027551238 0.008838333 0.125507165
v -0.028280862 0.006088456 0.118291387
v -0.028391586 0.009324069 0.116903830
v -0.039690018 0.007250978 0.240609665
v -0.039639353 0.010580641 0.241611982
v -0.040336593 0.009806289 0.239801208
v -0.023578671 -0.014708895 0.233767409
v -0.020682919 -0.016745516 0.237419172
v -0.033774920 -0.004256692 0.238971148
v -0.036667591 -0.000499782 0.239444571
v -0.041171835 0.013359544 0.237650937
v -0.029917459 -0.008776847 0.231745059
v -0.025811092 -0.012808794 0.228151849
v -0.037124975 0.001811481 0.242916857
v -0.037561984 0.001483396 0.241349107
v -0.041036682 0.009356910 0.236911941
v -0.041930135 0.017310179 0.231966147
v -0.039566643 0.004316387 0.236847790
v -0.041761455 0.018161451 0.222203052
v -0.033191163 -0.005281068 0.234808938
v -0.031708473 -0.006490715 0.227955498
v -0.019982061 -0.017226093 0.231038533
v -0.021571522 -0.016278738 0.225681690
v -0.035466017 -0.002398497 0.236087856
v -0.037488170 0.000386266 0.233358488
v -0.035931601 -0.001773222 0.232872466
v -0.034419020 -0.003556176 0.232191513
v -0.041577770 0.013456185 0.215687616
v -0.041050020 0.018681633 0.208969136
v -0.039115987 0.003457341 0.231508586
v -0.034653202 -0.003059281 0.226598284
v -0.037447327 0.001274746 0.224399594
v -0.040190730 0.005902395 0.226541874
v -0.037445928 0.003422941 0.212748506
v 0.015346350 0.044251372 0.058514895
v 0.018283132 0.043306403 0.064522737
v 0.013476790 0.044617522 0.063244022
v 0.003740763 0.051131939 0.000418116
v 0.003702300 0.051325634 0.005001769
v -0.000727862 0.050613621 0.005026245
v 0.002168757 0.050881276 0.000472422
v 0.010429258 0.053356862 0.015115822
v 0.016942659 0.053342149 0.018103549
v 0.014230442 0.053707726 0.020680388
v -0.040201266 0.008743959 0.215985662
v -0.024798316 0.040413974 0.239457181
v -0.021757983 0.042332310 0.238623934
v -0.022659481 0.040461057 0.237975423
v -0.041644259 0.009954071 0.225045699
v -0.041958156 0.012744199 0.229663473
v -0.041362696 0.008603850 0.232160626
v 0.016411412 0.034904300 0.101075307
v 0.018562128 0.035733207 0.094076093
v 0.020746151 0.033718598 0.099059872
v 0.019985129 0.037111101 0.087846289
v 0.017811650 0.039049446 0.084869335
v 0.023047973 0.038369869 0.081001490
v 0.022652108 0.031650371 0.104243211
v 0.025367774 0.031644541 0.097099322
v 0.024728327 0.029822541 0.107061228
v 0.021771276 0.031034276 0.112655181
v -0.037588909 -0.032451327 0.064552238
v -0.041654534 -0.030184576 0.060715359
v -0.038525349 -0.028257910 0.068164894
v -0.050460933 0.028529283 0.027385962
v -0.049945293 0.025915773 0.033053297
v -0.054034806 0.024350970 0.028818269
v -0.013980397 -0.021781443 0.108002836
v -0.017678791 -0.024308292 0.099490644
v -0.017691494 -0.018623378 0.108532012
v -0.029480812 0.006910343 0.160077821
v -0.022649618 -0.005283441 0.157352547
v -0.024367767 -0.000629978 0.150246139
v -0.051505125 -0.010645590 0.051589727
v -0.047218745 -0.018368050 0.057809757
v -0.051536191 -0.019234863 0.050072345
v 0.014259152 0.034025837 0.112516993
v 0.014309134 0.034559944 0.106349037
v 0.018164496 0.033291587 0.107918055
v -0.023416015 -0.000778077 0.128206406
v -0.024747362 0.003119294 0.130891048
v -0.022514208 -0.000633300 0.134918238
v 0.007309093 0.053408857 0.233805838
v 0.010617821 0.056042739 0.235581138
v 0.009971888 0.053361802 0.233547057
v -0.036121846 -0.005705559 0.093204085
v -0.032770892 -0.007618471 0.097297810
v -0.035615179 -0.010691423 0.090470868
v 0.025725158 0.056616245 0.237597381
v 0.021716060 0.055909383 0.236815320
v 0.018520843 0.058619600 0.237210541
v 0.009954402 0.040186952 0.086409498
v 0.014316633 0.039300048 0.086749531
v 0.012313213 0.037604246 0.092876074
v 0.026763950 0.054010038 0.236916765
v 0.016089739 0.056475999 0.236114278
v 0.022093579 0.060147280 0.237071790
v 0.013648395 0.061871232 0.237094735
v 0.019377338 0.054148414 0.235311121
v -0.058841922 -0.020739920 0.037657309
v -0.058335773 -0.017197810 0.039769791
v -0.055820168 -0.021285638 0.042967330
v 0.013654317 0.053504969 0.233793166
v 0.024086908 0.053744266 0.236162882
v -0.042730794 -0.034005977 0.055078462
v -0.045619901 -0.029740510 0.054294922
v -0.035107351 -0.036194268 0.063029683
v -0.034786592 -0.039731518 0.058162664
v -0.039262698 -0.035734685 0.058193793
v -0.044540377 -0.025002423 0.059640491
v 0.006994155 0.057495021 0.236833959
v 0.011251253 0.059143080 0.237168846
v 0.010135241 0.064481769 0.236602500
v 0.013824043 0.063894139 0.236379776
v 0.028104062 0.058597143 0.236871655
v 0.030697536 0.055510114 0.237328248
v -0.035758276 -0.030279335 0.070148992
v -0.032655258 -0.030163684 0.074892586
v -0.034301812 -0.033447302 0.067986091
v 0.004872871 0.059005521 0.237658326
v 0.001572460 0.056741212 0.237435009
v -0.002890516 0.058067687 0.238412654
v -0.047845605 -0.043365493 0.038494222
v -0.051691951 -0.037918456 0.038543084
v -0.047209999 -0.041149956 0.042656434
v -0.022516173 -0.001636878 0.145027654
v -0.020893418 -0.004556444 0.147828983
v -0.007773051 -0.025208209 0.107732344
v -0.010083783 -0.027807307 0.101311062
v -0.012342696 -0.025276492 0.103833858
v -0.023855686 0.000533625 0.145346361
v -0.006385715 -0.027970154 0.103318985
v -0.009061139 -0.030571546 0.097388556
v 0.009992046 0.062881087 0.207855844
v 0.011468903 0.063283809 0.208702769
v 0.009779550 0.063812218 0.211877451
v -0.009086749 0.054202048 0.238542000
v -0.015316725 0.052136645 0.238771993
v -0.010093698 0.055967714 0.238533047
v 0.008834101 0.063166010 0.237165096
v 0.005304212 0.061859719 0.237855356
v -0.001910933 0.052913493 0.236158275
v -0.006529785 0.048841048 0.234874432
v -0.008169062 0.051004311 0.237004716
v -0.020606650 -0.003662599 0.140464076
v -0.023349406 0.000316907 0.141251868
v 0.006630210 0.065179989 0.236263989
v 0.003789226 0.065510920 0.235080597
v 0.008876929 0.065928573 0.234533967
v 0.017731606 0.050185563 0.000101368
v 0.012759350 0.051322229 0.003546481
v 0.013133494 0.050944685 0.000181976
v -0.017955402 -0.007016928 0.135957186
v -0.020793299 -0.004230265 0.130639771
v -0.020417886 -0.003941986 0.135333646
v -0.055906570 -0.014806011 0.044212803
v -0.009042714 -0.022106590 0.113078565
v -0.024716484 0.004294478 0.136902379
v -0.015299529 -0.010144635 0.133360011
v -0.013418059 -0.010946295 0.139839065
v -0.011605491 -0.013053383 0.134257229
v -0.018337673 -0.008199706 0.128163349
v 0.017773237 0.053152489 0.024645314
v 0.006907031 0.055607731 0.235643969
v 0.030156085 0.053669570 0.237224676
v 0.032859657 0.051551869 0.236249816
v 0.030321978 0.051445231 0.235861090
v -0.024862922 -0.000379746 0.122583605
v -0.022487797 -0.004724620 0.122343625
v -0.014822039 -0.011710141 0.128483157
v -0.022791132 -0.013489777 0.108159412
v -0.021885143 -0.009344131 0.116310360
v -0.018365550 -0.013631921 0.115937735
v 0.012129040 0.064866526 0.235431776
v -0.025676032 0.006796792 0.131357874
v -0.025170413 0.001953687 0.125927170
v -0.026387420 0.005312190 0.125785552
v -0.026312744 -0.001042621 0.117068077
v -0.017664058 -0.018591022 0.233979623
v 0.003778882 0.055802858 0.236451770
v 0.006801637 0.064166688 0.237207961
v 0.013524673 0.066206021 0.234280183
v -0.049058046 -0.006755841 0.056410154
v -0.051158993 -0.004654235 0.052068908
v -0.048990385 -0.002472256 0.055881386
v -0.017934671 -0.010765105 0.122535205
v -0.014667539 -0.013947993 0.122740853
v -0.011343090 -0.014524806 0.128504074
v -0.065358102 0.001600329 0.004824265
v -0.064649213 0.002307558 0.011064124
v -0.065543303 -0.001923489 0.005013854
v -0.003402495 -0.026086891 0.108771085
v -0.003072167 -0.028328825 0.103949213
v -0.026904069 0.002612783 0.119757277
v 0.003418319 0.053216165 0.234546758
v 0.003775047 0.064561923 0.237124787
v -0.005608351 0.054148973 0.237869443
v -0.020107461 -0.008256016 0.122453518
v -0.040944281 0.036999798 0.020001855
v -0.044056412 0.034212094 0.013172368
v -0.036076643 0.039542700 0.015213921
v 0.007055401 0.051789693 0.006680397
v 0.003349231 0.051872830 0.010821967
v 0.020669189 0.050684089 0.007167263
v -0.030666291 0.034462157 0.240952437
v -0.029917067 0.036114220 0.240319177
v -0.027928911 0.035629835 0.239791485
v -0.022995780 0.038342628 0.047745951
v -0.015717485 0.041886535 0.047555443
v -0.013077298 0.041591399 0.055857540
v -0.025259472 0.036385974 0.238077355
v -0.026359638 0.038044391 0.239220384
v -0.038169651 -0.009034627 0.087109829
v -0.038715162 -0.005497902 0.087979011
v -0.027013698 0.015267483 0.146287838
v 0.041035049 -0.013996311 0.232960356
v 0.044169185 -0.010807558 0.232469037
v 0.043074906 -0.012218554 0.229287519
v -0.008193456 0.035966489 0.141065400
v -0.026744183 0.019603142 0.151578455
v -0.024514050 0.026433029 0.154267166
v 0.003317825 0.065405730 0.221268424
v 0.000615620 0.065179959 0.224371616
v -0.004649031 0.037342847 0.140865614
v -0.025667601 0.003863786 0.144989470
v -0.037267365 0.023394118 0.184622776
v -0.019206708 0.048512549 0.239270515
v -0.020520826 0.050821998 0.238464763
v -0.026331088 0.050305890 0.221451327
v -0.029136105 0.046258562 0.214120040
v -0.025279230 0.049712465 0.212641039
v -0.026357104 0.051590985 0.232899509
v -0.025981409 -0.004749107 0.113225006
v -0.008102470 0.038166237 0.146152173
v -0.012672820 0.035182951 0.145722199
v -0.011484720 -0.016679742 0.122121910
v -0.012542409 -0.018963063 0.115049538
v -0.015001225 -0.016140970 0.116931100
v 0.025015814 0.049149788 0.006498895
v -0.000859234 0.061150573 0.238134048
v -0.017649588 0.056955074 0.220773349
v -0.020725214 0.053897655 0.215508695
v -0.017916625 0.055658905 0.215842012
v 0.032084203 0.041530529 0.229937799
v 0.030091260 0.042719987 0.229393790
v 0.032855820 0.042862016 0.231141988
v -0.011168575 -0.015061553 0.246911482
v -0.009421806 -0.014211819 0.245343657
v -0.009572024 -0.016126335 0.245371398
v -0.008293449 -0.018888702 0.121669008
v -0.016974410 0.033409907 0.150028279
v -0.015512144 0.036575349 0.152479909
v -0.004385140 -0.031086526 0.098425406
v -0.010110520 -0.010425317 0.245986974
v -0.008421512 -0.012223644 0.244719619
v -0.010894823 -0.012412848 0.246749650
v -0.027825302 0.014427619 0.104726359
v -0.029431846 0.013492920 0.098111741
v -0.024543732 0.019242144 0.100274606
v -0.012093576 0.039717540 0.153260785
v -0.008310689 -0.015593753 0.244580514
v -0.007281116 -0.015003696 0.243543088
v -0.007769531 -0.016551085 0.243209491
v -0.028142092 0.001237662 0.114403840
v 0.006179655 0.035596242 0.102688379
v 0.011608791 0.035729461 0.101382336
v 0.009027216 0.035198125 0.105472279
v -0.029169009 0.003522698 0.113290971
v -0.025444605 -0.008520361 0.109570268
v -0.022192538 0.023658736 0.093177560
v -0.017685475 0.027840196 0.095569918
v -0.020203094 0.024366279 0.099795857
v -0.023356661 0.054634124 0.234013873
v -0.024965845 0.052932291 0.235949346
v 0.005607825 0.047027929 0.048218056
v 0.006406990 0.045661392 0.055623988
v 0.002498262 0.046030685 0.052457733
v -0.008467972 -0.018211689 0.244323593
v -0.006133394 -0.017880794 0.243366759
v -0.007401023 -0.019459573 0.243838864
v -0.036078560 0.033869221 0.207661097
v -0.024612568 0.018682509 0.107923087
v -0.008090603 -0.013913664 0.244046059
v -0.009818434 -0.017984326 0.245473058
v -0.011265120 -0.017330320 0.246638723
v -0.010156517 -0.016957313 0.245832805
v -0.000037012 0.062564134 0.210809631
v -0.000962829 0.061475942 0.207791502
v 0.002400506 0.062789932 0.209853914
v -0.013299430 -0.009969665 0.247129720
v -0.013944905 -0.012614712 0.247783478
v -0.007238073 -0.011238017 0.243191557
v -0.006588354 -0.011754361 0.241577069
v -0.007250749 -0.012435990 0.242949584
v -0.006027446 -0.015195460 0.242081948
v -0.007000979 -0.013691525 0.242999127
v -0.028381693 0.022445554 0.161434570
v -0.016099897 0.051827940 0.193661818
v -0.018442593 0.049855168 0.186949537
v -0.015325189 0.027254436 0.125713741
v -0.028427531 0.016089769 0.093886841
v -0.033546981 0.041597467 0.021121346
v -0.037636958 0.038977715 0.024275176
v -0.018016726 0.053711524 0.238025831
v 0.016215773 0.037561970 0.090211511
v -0.019233491 0.000554443 0.242663107
v -0.019661470 0.003441702 0.240460553
v -0.016993032 0.001206153 0.240331425
v 0.027497758 0.050036057 0.234341006
v 0.026585781 0.052334578 0.235968394
v -0.013823386 -0.015406475 0.247735974
v -0.007774786 -0.013037173 0.243570812
v -0.022478838 0.006084898 0.241371609
v -0.020351299 0.007522002 0.238749999
v -0.030755460 0.006545530 0.108590638
v -0.008149355 -0.009997442 0.244196353
v -0.006581223 -0.009813252 0.241854811
v -0.027201128 -0.010572665 0.103771013
v -0.008772611 -0.016911873 0.244438758
v -0.031312839 0.041127474 0.009957223
v -0.027761311 0.044248222 0.016821402
v -0.045034956 -0.034951907 0.051142793
v -0.040813422 -0.039255111 0.051896959
v -0.046061510 -0.038218216 0.047286162
v -0.014156942 -0.029904497 0.094856111
v -0.029235499 -0.000591120 0.109865649
v -0.029198878 -0.005628929 0.105098947
v -0.010922685 -0.033076766 0.092321062
v -0.013568131 -0.035085558 0.086946189
v -0.029393217 -0.013266156 0.097293726
v -0.025795266 -0.015144706 0.100851550
v -0.017952254 -0.009605095 0.247739032
v -0.006469248 -0.013110804 0.241982557
v -0.016599602 -0.015544890 0.247529977
v -0.017055437 -0.012914898 0.247883462
v -0.030280162 -0.003291994 0.245742312
v -0.018089512 -0.033623233 0.085372551
v -0.005188610 -0.012940302 0.240801650
v -0.003332258 -0.014154307 0.241802167
v -0.033173227 -0.001626593 0.100247664
v 0.029176369 0.031175256 0.090098255
v 0.023802727 0.034731263 0.089718491
v 0.029248476 0.034507129 0.081593663
v -0.031648081 0.002587065 0.105532718
v -0.055802434 -0.031017805 0.037309373
v -0.052344044 -0.031636152 0.043447187
v -0.052835075 -0.033714681 0.040419433
v -0.011394990 -0.008881575 0.246222767
v -0.009516517 -0.017378920 0.244886506
v -0.054764226 -0.035423734 0.033363241
v -0.052304586 -0.040285423 0.031169497
v -0.055591739 -0.036105997 0.027204234
v 0.015484792 0.064426503 0.212204677
v 0.022059385 0.064135194 0.214943851
v 0.019421061 0.066075468 0.222359239
v -0.031305523 -0.010195373 0.097043854
v -0.029976853 -0.009040684 0.100378518
v -0.022304520 -0.019902959 0.099752872
v 0.035792248 0.046381565 0.234665528
v 0.035875978 0.049749061 0.235971066
v 0.038865619 0.046200808 0.236214411
v -0.037559746 -0.001553568 0.091959469
v -0.015735763 0.005612123 0.237066401
v -0.049606398 0.029660043 0.012813877
v -0.048469243 0.029896763 0.007899078
v -0.020370826 -0.028339277 0.090236506
v -0.031138199 -0.018171015 0.089990616
v -0.026854084 -0.018859550 0.094864632
v -0.032778545 -0.012873154 0.092906196
v -0.023024207 -0.032560644 0.082307619
v -0.031091104 0.041260294 0.001847749
v -0.032797624 0.040250950 0.003725530
v -0.032963116 0.040327797 0.001945656
v -0.009610416 -0.008905760 0.245080700
v -0.009895082 -0.019226598 0.245363316
v -0.019358853 -0.013250118 0.247483926
v 0.025864592 0.063986557 0.221104011
v 0.014551114 0.043954677 0.070293576
v 0.021088509 0.041628494 0.072619509
v 0.015823335 0.041557104 0.079707215
v -0.040115429 0.000819608 0.085176745
v -0.039386249 0.005279846 0.084711949
v -0.042310254 0.002591828 0.078086023
v -0.022704788 0.039143233 0.236704273
v -0.023609631 0.037347896 0.236677184
v -0.024217843 0.038739629 0.238261940
v -0.024169074 -0.023772699 0.092086243
v -0.036407247 0.017032708 0.243429279
v -0.034049241 -0.021053604 0.083564249
v -0.035167553 -0.016163544 0.086814660
v -0.005378769 0.033767601 0.099313192
v -0.004882220 0.035167968 0.095382560
v -0.001828345 0.035267837 0.098373258
v -0.016450359 -0.007774967 0.247098400
v -0.021113817 -0.024306226 0.095049212
v -0.016041078 0.046701627 0.033833712
v -0.008418318 0.046840085 0.040545205
v -0.014819223 0.043996646 0.041799200
v -0.027753502 -0.022333372 0.089311412
v -0.030465000 -0.023802467 0.084828287
v -0.040473610 -0.003469140 0.084468765
v -0.061848745 0.012692498 0.004150854
v -0.061847350 0.012695040 0.004158949
v -0.061899694 0.012555655 0.004159363
v -0.061846130 0.012697623 0.004150517
v -0.061824581 0.012737404 0.004147867
v -0.057754472 0.020247964 0.006529247
v -0.057158941 0.020721929 0.003607099
v -0.054508019 0.023715494 0.003380742
v -0.053192034 0.025422757 0.006467083
v 0.008723358 0.065094410 0.218620752
v 0.005580650 0.063955006 0.213740724
v -0.040431456 0.035408010 0.002399145
v -0.038546772 0.036456710 0.006326269
v -0.044847503 0.032385700 0.005114816
v -0.044326713 0.032844496 0.002635540
v -0.053206392 0.025172401 0.003270278
v 0.023260252 0.051892229 0.234744302
v -0.046785986 0.030740789 0.002810227
v -0.047527026 0.032221180 0.018803865
v -0.058227794 0.019212299 0.003714231
v -0.051162146 0.027084970 0.003116480
v -0.063436901 -0.016043960 0.016180593
v -0.063354896 -0.012668701 0.024266892
v -0.062770127 -0.017951311 0.024057950
v 0.033371760 0.048965279 0.234909513
v -0.026535356 0.044198668 0.239420332
v -0.038156162 -0.014001649 0.083733908
v -0.041437992 -0.009729588 0.079118148
v 0.008867973 0.043797540 0.075514008
v 0.008799746 0.045186424 0.064979943
v 0.014895392 0.036234571 0.096220382
v -0.044064241 0.034443922 0.025603170
v 0.004551072 0.053385991 0.021589152
v 0.004782024 0.052948488 0.016415484
v -0.058027835 -0.031232567 0.028637054
v -0.012322269 0.050746150 0.238261590
v 0.015466020 0.066387349 0.224505102
v 0.013351047 0.065663084 0.220030607
v -0.034166089 -0.025623497 0.078957211
v -0.065078011 -0.011102110 0.005482866
v -0.064653093 -0.009271030 0.009909806
v -0.064157594 -0.015631268 0.005696208
v 0.024501849 0.065343267 0.226917302
v 0.021068544 0.066152781 0.228280761
v -0.007879745 0.043543104 0.056029266
v -0.003876385 0.044562283 0.057046178
v -0.006314487 0.043746744 0.061689881
v 0.016208576 0.066796196 0.229067302
v -0.027167610 0.041471264 0.239355509
v -0.028078071 0.038994851 0.239569660
v -0.044395654 -0.008228251 0.070281441
v -0.043519726 -0.002839986 0.075017558
v -0.007493121 -0.033543435 0.093355278
v 0.010623322 0.066027809 0.222050088
v 0.012481709 0.066623732 0.225118798
v 0.007246836 0.066113571 0.224180442
v 0.025237653 0.040534057 0.064610630
v -0.025974777 -0.027153849 0.085889553
v 0.027616719 0.037890286 0.074614389
v 0.026725576 0.036999879 0.078807679
v -0.039914943 -0.017115555 0.077006331
v 0.008168094 0.037559248 0.095114704
v -0.019878913 0.041448331 0.042565999
v 0.023550593 0.065669659 0.230162461
v 0.009587822 0.046083137 0.051531638
v 0.011245690 0.047380601 0.044801241
v -0.016119713 0.047128202 0.238034021
v -0.016583502 0.048717389 0.239104528
v -0.031390102 0.039871069 0.239238228
v -0.029952083 0.039858173 0.239427484
v -0.031534907 0.038730013 0.239743166
v -0.057791210 -0.033197485 0.020432197
v -0.059484767 -0.030035397 0.011615887
v -0.061187146 -0.025108506 0.021211512
v -0.009792061 0.040251730 0.075256805
v -0.014925122 0.037047267 0.075648058
v -0.015196209 0.038889217 0.068934138
v 0.002598301 0.061397256 0.203446534
v 0.005834129 0.063149727 0.208980099
v -0.043886272 -0.012335765 0.069436438
v -0.029729706 -0.028565821 0.080494816
v -0.036975361 -0.019121812 0.081205660
v 0.042835167 0.045744529 0.237291165
v 0.040748109 0.049400316 0.236604904
v -0.042490940 -0.043044236 0.045990363
v -0.021930804 0.036924505 0.234569764
v -0.037584894 0.037524229 0.002213661
v 0.004852614 0.064902573 0.218448899
v -0.020076496 0.043107856 0.038095149
v -0.060827690 -0.016837350 0.034468774
v -0.061675299 -0.020638401 0.029083989
v -0.062596899 -0.014508450 0.029471003
v -0.035807094 -0.027405472 0.074330870
v -0.034765611 -0.029025411 0.073582519
v -0.044075244 -0.016561763 0.065989191
v -0.046493789 -0.010626300 0.062226370
v -0.057861411 -0.024735452 0.037695870
v -0.059501007 -0.026073089 0.031410870
v -0.035899698 -0.022371442 0.080008141
v 0.001050340 0.063593853 0.214925490
v -0.059964052 -0.022040997 0.034202704
v 0.016398382 0.052528164 0.012174098
v -0.052438606 0.011800474 0.042897174
v -0.048796134 0.010186159 0.049248021
v -0.051107339 0.005806712 0.048374714
v -0.048935781 0.029138762 0.002950509
v -0.034264823 -0.028053947 0.075477858
v -0.042184906 -0.015427948 0.072248008
v -0.048385805 -0.028025766 0.051487197
v -0.051592692 -0.026075602 0.047732007
v -0.048092738 -0.024204713 0.053774733
v -0.039017981 0.008158803 0.204359314
v -0.040458358 0.011131880 0.208305292
v -0.064436617 -0.001591145 0.017340107
v -0.064993355 -0.003584711 0.008966159
v -0.065543661 -0.003395807 0.005091051
v -0.065381798 -0.006398842 0.005244248
v -0.005748313 0.042023331 0.075366828
v -0.002872373 0.043852808 0.070286000
v -0.001506014 0.041934159 0.080417008
v -0.025085743 0.040386756 0.038640992
v -0.023590658 0.043220023 0.033929967
v 0.005086743 0.034405691 0.116356207
v 0.009873723 0.034503270 0.115990932
v 0.006202593 0.034685732 0.122600003
v -0.028778649 0.033054345 0.240858097
v -0.063323100 0.004184984 0.020515056
v -0.062695143 0.001561998 0.027152766
v -0.012521275 0.048539802 0.236957137
v -0.011596668 0.046194647 0.234767068
v -0.015029410 0.045925126 0.236255092
v 0.041379708 0.044023411 0.236805553
v 0.007370742 0.062161585 0.205445764
v -0.026564506 0.042917477 0.005126355
v -0.021237700 0.045187923 0.006548795
v -0.024133970 0.044681313 0.010725716
v 0.036902595 0.051491258 0.236513060
v 0.038125711 0.049461929 0.236682284
v -0.022397005 0.044918764 0.001428288
v -0.028327325 0.042536558 0.001708468
v -0.012166480 0.048131594 0.000991958
v -0.009107275 0.048771280 0.006528037
v -0.016125613 0.046798431 0.004733918
v -0.014074664 0.047568924 0.001071424
v -0.038276083 -0.023409821 0.074928232
v -0.021702432 0.040683357 0.237114862
v -0.061798062 -0.023778366 0.007786171
v -0.018351462 0.044016407 0.237007326
v 0.026587804 0.064356140 0.230507254
v 0.011303194 0.051110018 0.000221236
v 0.007550042 0.051152139 0.000317308
v -0.021529300 0.045301442 0.001385504
v -0.028693684 0.037248683 0.240013166
v 0.001730703 -0.024319176 0.114455766
v -0.003877061 -0.023299925 0.115030483
v 0.052110999 0.041434059 0.219226617
v 0.052434207 0.042699057 0.225908851
v 0.049390976 0.046813748 0.222387455
v -0.048111281 0.016036739 0.045718444
v -0.046701541 0.020927627 0.042383585
v -0.044315357 0.020172834 0.047766091
v -0.047287457 -0.004554113 0.061096123
v -0.056869650 -0.008336818 0.043238414
v -0.054414980 -0.002861445 0.046420961
v -0.046257238 0.013502892 0.050988526
v -0.044428684 0.012392122 0.057355334
v -0.046821150 0.009610415 0.054094932
v -0.043520489 0.027125399 0.039534246
v -0.045235857 0.024146740 0.040667414
v -0.048365669 0.022962703 0.037952008
v -0.057469874 0.021342890 0.016234013
v -0.054767893 0.024581746 0.023512224
v -0.057856787 0.019786279 0.024194767
v 0.010661622 0.066902807 0.228378038
v 0.002049107 0.064852013 0.218524651
v -0.017421333 -0.007664642 0.143784656
v 0.020846345 0.066005776 0.231320968
v 0.023814758 0.065148965 0.232107840
v -0.031558192 0.036585193 0.240242582
v -0.060073339 0.016079724 0.003926786
v -0.060190588 0.016775087 0.010840779
v -0.057635640 0.018409648 0.028653573
v -0.057955559 0.015667086 0.031621958
v -0.060147000 0.014371814 0.026067736
v -0.056379244 0.021615180 0.027585568
v 0.052952045 0.002078380 0.238378922
v 0.055231310 0.004860900 0.236847629
v 0.054052063 0.001791512 0.235381404
v -0.043646673 -0.021240901 0.063907062
v 0.055770924 0.004433468 0.232636053
v 0.056205309 0.008785751 0.238001447
v 0.053456354 0.005077695 0.239898962
v 0.053748391 0.008655044 0.240661679
v 0.054661498 0.037681818 0.222334802
v -0.004030465 -0.016031224 0.243173521
v 0.050516085 0.046030196 0.229982688
v 0.047069383 0.050367544 0.230665275
v -0.005513516 -0.020173624 0.244170738
v -0.007965814 -0.020780170 0.243961353
v -0.026473132 -0.031199936 0.080867165
v -0.029091042 -0.032169882 0.076884007
v -0.045652610 -0.005662197 0.066571950
v 0.018287914 0.062994447 0.236226457
v 0.015267472 0.064726968 0.235359020
v 0.018280156 0.064577175 0.234735213
v 0.026738717 0.061494942 0.235410991
v 0.025137555 0.063537200 0.233853042
v 0.028248974 0.062203523 0.233988763
v 0.025770080 0.060417368 0.236406275
v -0.001851859 -0.015330019 0.243303123
v -0.000367881 -0.016251642 0.244722986
v -0.002450249 -0.016570201 0.244291727
v 0.000087429 -0.013666512 0.242550446
v 0.002053952 -0.015677054 0.244440211
v 0.000235776 -0.015452062 0.244120455
v 0.018212399 0.050998247 0.232751844
v 0.021474584 0.063588586 0.235048862
v 0.021282098 0.065075988 0.233644809
v 0.029343371 0.028384998 0.098243792
v 0.011202116 0.045209906 0.057335384
v 0.014360737 0.045103758 0.051480886
v 0.027325530 0.028279186 0.104556819
v 0.025819175 0.030059776 0.102156097
v -0.008956437 0.050155238 0.029809326
v -0.008462286 0.049002443 0.034344838
v -0.011694477 0.048927219 0.031700551
v -0.005944683 -0.019220961 0.244023459
v 0.008126260 0.051034185 0.035261674
v 0.002071333 0.050726032 0.035466284
v 0.007612082 0.052873697 0.029256536
v -0.021303486 0.040148984 0.235049410
v 0.011063637 0.034746346 0.108619207
v -0.000660302 -0.015371307 0.243368560
v -0.041467802 -0.020135072 0.070083980
v 0.026494015 0.027811794 0.111104355
v -0.003805591 -0.017723598 0.244593937
v -0.026021588 -0.033779824 0.078126225
v -0.005026660 -0.018968780 0.244380020
v -0.051149434 0.017911876 0.039642151
v 0.002065285 0.045265826 0.060100794
v 0.030459005 0.025585183 0.104625245
v 0.037435505 -0.017688641 0.235000648
v 0.038477004 -0.016302673 0.232194204
v 0.036986672 -0.018652468 0.232432169
v -0.002016814 0.044592856 0.063709928
v 0.001067663 0.044760944 0.067763371
v 0.017724757 0.045728416 0.044180540
v 0.017626961 0.066086651 0.232875856
v -0.041247181 -0.024745786 0.066478559
v -0.020533247 0.030952527 0.152141851
v -0.019003442 0.034846968 0.154931215
v 0.048758063 0.047091762 0.233698194
v 0.049384681 0.045168081 0.234891296
v 0.047441451 0.046284348 0.235437002
v 0.029260186 0.060540099 0.235443870
v 0.030965543 0.058707811 0.235751832
v 0.046166007 0.043326959 0.237018882
v 0.043883058 0.042298014 0.237364541
v -0.016051570 -0.037424482 0.079842954
v -0.011025512 -0.038166371 0.082262648
v -0.028119095 -0.034809593 0.073527718
v -0.054833560 -0.026853308 0.042290183
v -0.053033486 0.026793262 0.016313269
v -0.050638553 0.029314361 0.022456956
v -0.031074853 -0.033578522 0.071849412
v -0.062721045 -0.004558023 0.029842910
v -0.060769791 -0.001248778 0.035143153
v -0.061629514 -0.009129849 0.033753676
v -0.020322505 -0.035920354 0.079407445
v -0.024285622 -0.036042067 0.075802860
v 0.048348985 0.044101999 0.235854085
v 0.045584637 0.046105495 0.236446196
v -0.065313090 -0.007939637 0.005323226
v -0.000499653 0.047373642 0.044604917
v -0.001694746 0.045389404 0.052684860
v 0.050551173 0.044923864 0.233501224
v 0.045342857 0.049091164 0.235390540
v -0.063994468 -0.016952590 0.005761208
v -0.059516067 -0.006502761 0.038425737
v -0.058181167 -0.003117802 0.040656559
v 0.028608177 0.001392507 0.231309193
v 0.032375890 0.005596469 0.230122206
v 0.035457105 0.003252705 0.233112024
v 0.026834271 0.005344930 0.228298543
v 0.032470650 0.000260566 0.234364114
v 0.029365360 -0.000540184 0.233633481
v 0.029437965 0.007992715 0.228105592
v 0.032333536 0.007764714 0.229272406
v -0.055982908 0.008683317 0.040281924
v -0.055939120 0.015069892 0.036521170
v -0.052699929 0.020647344 0.035646481
v 0.026896565 -0.001708201 0.233697677
v -0.051275901 0.000122623 0.050115632
v -0.049219842 0.001742245 0.053729079
v -0.055631425 0.023471490 0.011397888
v -0.024061529 0.034617571 0.236400236
v 0.039807977 0.005839060 0.234998114
v 0.037059727 0.007539281 0.231796623
v 0.038817352 0.003397065 0.236332233
v 0.034214593 0.007986926 0.230046713
v -0.043362260 0.030784724 0.034885513
v -0.045927542 0.031015458 0.030639861
v 0.052480283 0.042555651 0.231646325
v 0.054641617 0.039193530 0.228682944
v -0.059696930 0.008439957 0.033432003
v -0.061875816 0.008106495 0.026327906
v -0.012264170 -0.039892915 0.076888668
v -0.020036655 -0.037855215 0.074675807
v -0.054321092 0.003902748 0.044659494
v -0.057573642 0.002599471 0.040410496
v -0.045766750 0.016708207 0.049061514
v -0.062650707 0.009564320 0.018577447
v -0.059940998 0.016987491 0.019342235
v 0.014995173 0.066442598 0.232398919
v 0.000541082 0.064610688 0.236401226
v -0.001756700 0.065066135 0.234749036
v 0.011473683 0.066726262 0.231998370
v -0.026002120 0.033028092 0.238347189
v -0.025564080 0.018641615 0.240007507
v -0.026648835 0.018964659 0.241510873
v -0.026310781 0.021192868 0.240924554
v 0.004096177 0.066139437 0.230912760
v -0.061168438 0.013618231 0.020273203
v -0.022246458 0.036036448 0.061406944
v -0.021737831 0.034210154 0.069964471
v -0.060355168 -0.028805300 0.006287297
v -0.059045132 -0.032021654 0.006421612
v -0.021934152 -0.012691054 0.246860969
v -0.013679967 -0.018143931 0.246916479
v -0.015051847 -0.018951226 0.245285465
v -0.011963460 -0.020087048 0.244278030
v -0.004156237 0.061674495 0.237928720
v -0.008285301 0.061748103 0.237195814
v -0.003555475 0.063574608 0.236807957
v -0.020872601 -0.009882473 0.247633401
v -0.021086431 -0.011253277 0.247423411
v -0.022860095 -0.009498160 0.247393233
v -0.021758958 -0.007370284 0.247590001
v -0.003190683 0.064369443 0.228866825
v -0.000019824 0.063155590 0.237639237
v -0.023853512 -0.003186552 0.247236810
v -0.003117241 0.064723429 0.232306913
v -0.020013184 -0.005534276 0.247126137
v -0.006820676 0.040091863 0.081601038
v -0.013582770 0.048993590 0.028981579
v -0.019413518 -0.011425098 0.247717322
v -0.051812317 -0.034950726 0.041663615
v -0.049824060 -0.036182617 0.043749870
v -0.022549426 -0.001393608 0.246383248
v -0.025415450 0.000966598 0.246498356
v -0.004932766 0.063358346 0.224259702
v -0.019915094 -0.003237984 0.246131281
v -0.020539788 0.047556337 0.020434007
v -0.016188585 0.048591032 0.017205402
v -0.012021241 0.050111856 0.023506853
v -0.007739773 0.063271554 0.235397694
v -0.008134508 0.044501398 0.049351412
v 0.023364973 0.048745557 0.000029346
v 0.023436690 0.048723864 0.000028606
v 0.023415202 0.048740880 0.000135517
v -0.004021132 0.060106637 0.238295700
v -0.008440241 0.059168220 0.238110554
v -0.010827120 -0.021451503 0.241481321
v -0.009501783 -0.021216898 0.243048981
v -0.016919600 -0.005402957 0.246209466
v -0.019733713 -0.017051275 0.242790196
v -0.018662496 -0.016829864 0.245742848
v -0.017238580 -0.018169362 0.244890820
v -0.019086676 -0.015287713 0.246792286
v -0.021141696 -0.015563596 0.245708835
v -0.022159681 -0.015096544 0.243913854
v -0.015363294 -0.019701658 0.242204278
v -0.026560626 0.012836069 0.121338695
v -0.021348144 0.046680004 0.015380161
v -0.016253463 0.047417459 0.010754462
v 0.000064567 0.017991752 0.223898866
v -0.000661954 0.012115577 0.226672844
v -0.003629094 0.014979085 0.227004914
v 0.030911202 0.060109662 0.234849627
v -0.015880168 -0.039977880 0.073657658
v 0.002440070 0.020677333 0.222088442
v 0.000586515 0.024702940 0.222376952
v -0.027513671 -0.036629890 0.070304240
v -0.013206746 0.058342300 0.237294431
v -0.014429855 0.057540614 0.237463859
v -0.024349819 0.002928601 0.245153914
v -0.016644368 -0.017383297 0.246599936
v -0.031166043 -0.035695792 0.068629380
v 0.002705733 0.012420012 0.225186535
v -0.003641781 0.033828677 0.100489291
v -0.003246991 0.033258411 0.103427740
v -0.013810187 -0.007552131 0.246123513
v 0.002629754 0.043991830 0.074589033
v 0.004251626 0.016804848 0.222546025
v -0.027670403 -0.010905030 0.222740822
v -0.011564969 0.060136043 0.237131969
v -0.023757430 0.049205455 0.238433031
v 0.042175179 -0.012303526 0.235748851
v -0.020826366 0.053654217 0.237328894
v 0.043640762 -0.008750266 0.238469195
v 0.046709811 -0.005455137 0.237779637
v 0.046165516 -0.006967235 0.235820538
v 0.043535033 0.047696611 0.236642501
v 0.038846543 -0.015955043 0.234452939
v -0.006067646 0.064013686 0.233881688
v -0.008710481 0.063028533 0.233780060
v -0.034088459 0.039669655 0.002009628
v -0.009021147 0.062639094 0.230579654
v 0.047445924 -0.006377774 0.232157463
v 0.044609356 -0.009139878 0.235312719
v -0.003565926 0.019668868 0.225522609
v 0.045687862 -0.008630572 0.228601209
v -0.018473791 0.055868155 0.236990924
v 0.005035518 0.021258949 0.220976860
v 0.038766045 -0.015476788 0.236439062
v 0.040791709 -0.012497789 0.238712345
v -0.014417494 0.059366091 0.236346179
v 0.000898288 0.039070324 0.089394604
v 0.003170116 0.036970279 0.096411105
v 0.000095670 0.037230724 0.093954531
v -0.004383727 0.038978183 0.087186515
v -0.002673311 0.036958659 0.092757949
v -0.016488107 0.058687534 0.236354048
v -0.055880478 0.020554800 0.031730952
v -0.011600915 0.061425382 0.233106215
v -0.012243089 0.061247954 0.235530613
v 0.042008086 -0.007925710 0.241797691
v 0.040573871 -0.010776442 0.241277638
v 0.023494629 0.062120435 0.235921099
v 0.001621677 0.034080827 0.107111140
v 0.001246218 0.034983186 0.101771149
v 0.022938939 0.049452201 0.232530861
v -0.008001996 0.062445928 0.226396313
v -0.022212064 0.054049577 0.236564251
v -0.023333139 0.052214992 0.237284069
v 0.042937382 -0.010976377 0.237236995
v -0.006196492 0.036489667 0.091991461
v -0.005589772 0.051387299 0.027095633
v -0.003600473 0.052083833 0.022165617
v -0.021862400 0.041490041 0.237670844
v -0.020835910 0.041751795 0.236696014
v 0.036590391 -0.016817443 0.239606616
v 0.000750824 0.033905392 0.121783733
v -0.059643334 0.016784408 0.003878582
v -0.037446603 0.029626612 0.241559707
v -0.023854086 -0.037873987 0.070714817
v 0.048545559 -0.004625312 0.235571525
v 0.038358037 -0.013836520 0.241302461
v -0.025188660 0.037766568 0.167785948
v -0.024093162 0.042087886 0.171433813
v 0.011104931 0.062481791 0.204353652
v 0.016213004 0.062375979 0.204593269
v 0.004455633 0.041785716 0.082641950
v 0.038184878 -0.011956287 0.242937099
v 0.027687641 0.060274698 0.236040781
v 0.005065382 0.059644854 0.190602531
v 0.008058932 0.059670674 0.191439650
v 0.011790971 0.060016068 0.195521628
v -0.061817978 0.013113462 0.013513870
v -0.028300375 0.041025356 0.181116317
v -0.025302061 0.043118500 0.176199739
v -0.022537138 0.046801731 0.181329359
v -0.038269889 0.030098502 0.240048154
v 0.018481266 0.050079160 0.000087315
v -0.008319709 0.034297877 0.095057463
v 0.030896523 0.061361274 0.233246465
v -0.039922432 0.026604167 0.234217249
v 0.015881095 0.065205202 0.234074651
v 0.015252525 0.065903837 0.233492937
v -0.019661234 0.038337304 0.056154368
v -0.044093381 0.016886978 0.052760139
v -0.003383277 0.032416745 0.110813583
v 0.001355437 0.033671870 0.113659154
v -0.011845773 -0.021425067 0.237941954
v -0.015121676 -0.020082766 0.238259466
v -0.000269156 0.052204276 0.016498154
v -0.008772498 0.050288784 0.015528036
v -0.002575570 0.050722802 0.010835622
v -0.030349416 -0.038349057 0.064706984
v -0.026802370 -0.038022431 0.067907247
v -0.024959315 -0.040759385 0.064524139
v 0.006569801 0.034595773 0.109861024
v -0.019226677 0.047565718 0.026496660
v -0.035376665 0.033874321 0.240780142
v -0.033848235 0.033103122 0.241513322
v -0.017319556 -0.018813992 0.238218888
v -0.007518428 0.031307440 0.107792453
v -0.009385780 0.031731431 0.101638592
v -0.009917335 -0.002141569 0.238881531
v -0.009653405 0.002117695 0.235677309
v -0.007319873 -0.003010101 0.237802998
v -0.004305812 -0.002005439 0.235470782
v -0.013483970 0.000280498 0.239075924
v -0.000785731 -0.000185816 0.232995574
v 0.000887778 0.005721146 0.229324693
v 0.003723431 -0.000767167 0.232097389
v 0.005026418 0.008302753 0.226621207
v 0.006389291 0.003824424 0.228567366
v -0.036264184 0.035188721 0.238552125
v -0.037881142 0.030867228 0.238053668
v 0.021407664 0.060787544 0.201637941
v -0.007348118 0.005910108 0.232446566
v -0.004295892 0.003040296 0.232484288
v -0.028781092 0.044782453 0.238851374
v -0.048777986 -0.032095461 0.048588116
v -0.003665483 0.050812769 0.032235552
v 0.000589896 0.052354453 0.028335871
v -0.059241480 -0.012298295 0.039050823
v -0.015427704 0.039882179 0.062349744
v -0.031909925 0.041958667 0.026050354
v -0.026535806 0.045203033 0.023364574
v -0.024781152 0.044536715 0.029027970
v -0.037215758 0.031864844 0.235303950
v -0.030505323 0.044908039 0.238262319
v -0.031049978 0.045291960 0.234941097
v -0.063128936 -0.009314091 0.028235139
v -0.034229895 0.037864716 0.239412265
v -0.019272788 0.010888379 0.236429347
v -0.016026623 0.042729769 0.233807832
v -0.034140348 0.039401420 0.235343770
v -0.034069049 0.039810449 0.238485919
v 0.049978715 0.040844303 0.236114836
v -0.039136584 0.035187534 0.032562665
v 0.054130305 0.039598783 0.232749093
v 0.052499664 0.041245323 0.234541861
v -0.011919567 0.042194523 0.231219303
v 0.024205158 -0.005200780 0.236528447
v 0.017737395 -0.005848086 0.235294702
v 0.022262783 -0.001774853 0.232235123
v 0.022388339 0.049005116 0.000041313
v -0.015865435 0.038590099 0.230531266
v -0.009940896 0.048808211 0.236076765
v -0.031554873 0.041518873 0.238895159
v -0.032659724 0.037999230 0.239534248
v -0.030844565 0.040041272 0.032123258
v -0.011831013 0.037069334 0.228142641
v -0.012935747 0.038608851 0.229301979
v -0.009452402 0.039839961 0.228357421
v -0.001023758 0.049878948 0.233256645
v -0.007829868 0.043335951 0.230168321
v -0.008367295 0.045425708 0.232622273
v -0.004875008 0.045967166 0.231292017
v -0.010034779 0.036887171 0.227380090
v -0.063786312 -0.007056893 0.022244387
v -0.006660348 0.037448588 0.226347741
v -0.003648144 0.042522665 0.227788275
v -0.005429517 0.029930200 0.225451933
v -0.007689123 0.025759821 0.226692222
v -0.009088649 0.030180914 0.226624185
v -0.032235689 0.042641655 0.237722895
v -0.000940980 0.046820115 0.230220857
v -0.018022665 0.040311169 0.232945902
v -0.019147023 0.041643230 0.234898144
v -0.021796760 0.011359394 0.238192453
v -0.004538430 0.009368962 0.229674806
v 0.004676086 0.051239835 0.000387968
v -0.011625612 0.010250982 0.232636966
v 0.047660092 0.036147141 0.237443792
v 0.046951040 0.039881328 0.237218714
v 0.049670996 0.037996868 0.236777107
v -0.001298376 0.037784573 0.224645617
v -0.003986299 0.035746913 0.225062054
v -0.001571204 0.035026285 0.224199397
v -0.002986721 0.032981196 0.224451899
v -0.053456691 0.007496676 0.044033794
v -0.016133542 0.011191968 0.234616733
v -0.014696065 0.009136626 0.234810120
v 0.003057946 0.049382217 0.230849453
v -0.001742386 0.022184411 0.223935208
v 0.005495875 0.039205718 0.090054076
v -0.019309032 0.016187605 0.234737378
v -0.015448626 0.014578692 0.232986447
v -0.001902910 0.024369166 0.223968045
v -0.024104347 0.012395849 0.240026612
v -0.022969095 0.016613157 0.237600414
v -0.003523932 0.026439007 0.224635231
v 0.008837985 0.049911644 0.230405722
v -0.007216813 0.013512209 0.229407564
v -0.010204209 0.015362458 0.230061976
v 0.051656204 0.038081907 0.236125863
v 0.051846341 0.035340243 0.236802858
v -0.012799211 0.020024895 0.229761518
v -0.016822004 0.021749219 0.231120455
v -0.015712153 0.024705401 0.229860112
v -0.013175714 0.015893824 0.231364957
v 0.000892615 0.045309014 0.228233152
v 0.018368297 0.047014874 0.229387321
v 0.044360789 0.038966001 0.237336257
v -0.007417885 0.018095439 0.227994542
v -0.006577625 0.021579513 0.226830142
v 0.053141785 0.039025904 0.234934309
v -0.003312792 0.049041682 0.037783417
v 0.007298589 0.024037184 0.220431405
v 0.004172030 0.026332833 0.221234831
v 0.006999122 0.028493833 0.220986561
v 0.006400488 0.033905266 0.222139594
v 0.010270043 0.030736537 0.221157912
v -0.014239435 0.029498371 0.228652799
v -0.012578170 0.031006111 0.227589102
v -0.011956045 0.028270553 0.227631194
v 0.050823657 0.043159970 0.234697348
v 0.001400200 0.032008441 0.222571212
v -0.001805031 0.029602999 0.223691158
v 0.024068103 0.046835759 0.230386184
v -0.011849456 0.035149487 0.227774422
v -0.009681759 0.034967398 0.226866648
v -0.021398645 0.018498827 0.235693467
v -0.020708511 0.034569583 0.232698539
v -0.019889880 0.036699852 0.232435349
v -0.019026355 0.035403906 0.231521680
v -0.003978127 0.023305161 0.225169526
v -0.020992212 0.013669877 0.236415972
v -0.010502387 0.032233232 0.226879050
v -0.011159798 0.030339238 0.226973843
v -0.030643197 0.040929334 0.239311119
v -0.029110769 0.042208696 0.239079171
v -0.019077165 0.038297720 0.231379775
v 0.025547168 0.045641645 0.229871131
v 0.028007338 0.046307008 0.231066028
v -0.021676960 0.028989821 0.233379041
v -0.023051341 0.028429188 0.235148770
v -0.023124781 0.030934588 0.234984931
v 0.002511383 0.041818310 0.225548104
v 0.009322493 0.019310446 0.220387408
v -0.014158369 0.036521963 0.229019405
v -0.013204185 0.035359477 0.228121709
v 0.012962595 0.038797188 0.223631745
v 0.007139448 0.038654785 0.223614654
v 0.008563090 0.043922651 0.226169974
v 0.028704827 0.063335159 0.226764239
v -0.012072201 0.033122746 0.227377094
v -0.024676968 0.021441966 0.238630076
v -0.022535798 0.020718046 0.236341959
v -0.022728896 0.008891149 0.239915671
v -0.015991016 0.031802741 0.229376214
v -0.016175714 0.028187951 0.229582409
v -0.018978380 0.028232696 0.231422378
v 0.004559726 0.046334874 0.228037555
v -0.009234033 0.021776375 0.227991533
v 0.031850438 0.040051195 0.229182284
v 0.033462021 0.040234556 0.230204172
v 0.032499869 0.037747660 0.228616525
v -0.020480168 0.020581414 0.234422441
v -0.017900634 0.036175613 0.230518679
v -0.020569424 0.038565597 0.233433336
v -0.019719169 0.039857173 0.233400073
v -0.014587486 0.034490218 0.228597696
v -0.013624508 0.033680794 0.228154531
v 0.023613931 0.044570614 0.228305222
v 0.013618400 0.049927107 0.230935778
v 0.012443946 0.046981709 0.228364812
v 0.030052994 0.062559612 0.230442416
v -0.018650411 0.020492887 0.232732849
v -0.015964488 0.018249816 0.231911820
v 0.014942324 0.043419191 0.226177199
v -0.016555856 0.036451359 0.230316117
v 0.009988532 0.035036578 0.222319183
v 0.028411913 0.063188357 0.232462457
v 0.019983101 0.043242399 0.226626815
v -0.016319453 0.035153950 0.229701276
v 0.026857903 0.044366274 0.229058823
v -0.013063787 0.002366816 0.237334598
v -0.024293676 0.032265265 0.236177619
v 0.013934385 0.033338298 0.221768437
v 0.031922544 0.058959816 0.234386886
v -0.021113777 0.031506064 0.232866019
v -0.022363441 0.033474837 0.234368742
v 0.026590507 0.042259991 0.227498648
v -0.023538009 0.032850031 0.235504397
v 0.030525683 0.039552904 0.228027903
v -0.018339373 0.022528243 0.232074569
v -0.019951288 0.023227984 0.233010134
v -0.018510409 0.024271307 0.231472386
v -0.014074525 0.031806182 0.228138202
v -0.022699828 0.025747733 0.235377678
v -0.021827490 0.023321636 0.234781718
v -0.023359512 0.023905644 0.236732782
v 0.028710568 0.040092259 0.227409531
v 0.022032413 0.036710142 0.223824581
v 0.018759692 0.039918292 0.224551389
v 0.023169608 0.041038252 0.225794414
v 0.003072024 0.037134526 0.223566822
v -0.024997434 0.025301910 0.238461490
v -0.019018921 0.036667863 0.231232777
v 0.026344272 0.048206998 0.232236773
v -0.014426487 0.026954703 0.228625837
v 0.008651029 -0.000721314 0.231002725
v -0.021256708 0.026111121 0.233545631
v -0.012234313 0.024474320 0.228459061
v -0.024412174 0.030126278 0.236615396
v 0.011040317 0.024795535 0.220007109
v 0.017394521 0.035820535 0.222853038
v -0.023343814 0.029812242 0.235665820
v 0.029656928 0.036166709 0.226576022
v 0.029338540 0.046540824 0.002963966
v 0.015055410 0.022439828 0.220345927
v 0.015559856 0.018563924 0.220686475
v 0.012440656 0.020538316 0.220017773
v 0.018736836 0.030428013 0.221755994
v 0.027389315 0.028572766 0.224594431
v 0.023220742 0.025800716 0.222764108
v 0.025692475 0.032671630 0.224220999
v 0.026297538 0.038402484 0.225646075
v -0.024198583 0.026943703 0.236726520
v 0.028341036 0.046719904 0.000005240
v -0.018518870 0.033220628 0.230887257
v 0.027321472 0.024038771 0.224380296
v 0.029759282 0.030873395 0.225799422
v 0.019890785 0.020594762 0.221611422
v 0.018171935 0.024745781 0.221171684
v 0.015174066 0.026133941 0.220581180
v 0.013725976 0.028906872 0.220796788
v 0.027476873 0.031134796 0.224974854
v -0.019670804 0.025547632 0.232309227
v -0.006861680 0.033580502 0.225893539
v 0.029643128 0.021366906 0.225478316
v 0.026056455 0.019836184 0.223891854
v -0.030204024 -0.041740059 0.059920762
v 0.037278704 -0.010126810 0.244256170
v 0.038140329 -0.007433477 0.244175961
v 0.039704905 -0.008291856 0.243483924
v 0.024191762 -0.014160212 0.246532967
v 0.029437373 -0.012072437 0.245726996
v 0.028876127 -0.014980364 0.246266734
v 0.033442871 -0.011223865 0.245282712
v 0.026430409 -0.010764230 0.244664744
v 0.035805236 -0.008667480 0.244453347
v 0.029524116 -0.018500109 0.244505008
v 0.031707983 -0.017343881 0.244197448
v 0.030081913 -0.018978869 0.243495495
v 0.034200084 -0.014257404 0.244573660
v 0.034837315 -0.006824962 0.243533753
v 0.028255631 -0.019485024 0.244141672
v 0.020564069 0.015754648 0.222511576
v 0.040637533 -0.006519348 0.243315463
v 0.029835861 -0.017039808 0.245261940
v -0.063220065 -0.019519116 0.005875482
v 0.033921817 -0.016507165 0.243275834
v 0.025594076 -0.018596591 0.245797130
v 0.035279446 -0.016627239 0.241717988
v 0.033774454 -0.018671346 0.240904245
v 0.032085572 -0.018771748 0.242291675
v 0.023263237 0.017578303 0.223027865
v 0.027430895 0.014777050 0.225095953
v 0.027939184 -0.020583463 0.243822258
v 0.030407364 0.025385353 0.225744950
v 0.031954194 -0.017881983 0.243167896
v 0.029357967 -0.020787831 0.242866194
v 0.027719458 -0.018807836 0.244763541
v 0.026066759 -0.020183432 0.244527691
v 0.039870444 -0.009755976 0.243028406
v 0.031097412 -0.020800195 0.241322728
v -0.006276193 0.049614623 0.000759966
v -0.003487293 0.050211197 0.000655660
v -0.064081539 0.006595855 0.004528943
v 0.040416498 -0.014918372 0.229266077
v 0.012658197 0.017519465 0.220607436
v 0.011500700 0.049718120 0.038137230
v 0.006283854 0.048972990 0.041347772
v 0.029506526 0.048256692 0.232951819
v 0.030157381 0.046802415 0.232357917
v 0.030673587 0.049300786 0.234376565
v 0.031202384 0.045398373 0.231766043
v 0.031681586 0.047391006 0.233468373
v 0.033552885 0.045548091 0.233003558
v 0.035364346 0.042306847 0.232533335
v 0.037097925 0.044375980 0.234479764
v 0.020010300 0.062934293 0.208469856
v -0.019535224 -0.040103447 0.069244766
v 0.011549804 0.003029019 0.228101082
v 0.011872232 -0.000181527 0.230279301
v 0.011883447 -0.002666385 0.232071771
v 0.022659765 0.002485906 0.229064963
v 0.018708764 0.000168586 0.230066786
v 0.008556898 0.008106491 0.225673047
v 0.017180758 0.004190510 0.227199898
v 0.014701361 0.000062118 0.229950980
v 0.006086654 0.012231205 0.224120115
v 0.009257718 0.012142528 0.223284538
v 0.011823921 0.014255780 0.221811418
v 0.015723159 0.015027256 0.221642794
v 0.021482961 0.006772737 0.226168860
v 0.007040239 0.014888820 0.222521612
v 0.013114651 0.008793347 0.224481369
v 0.019657631 0.011471878 0.223628458
v 0.017386935 0.008582455 0.224665226
v 0.015365120 0.011652777 0.222910773
v 0.008843888 0.015578485 0.221698105
v 0.006726323 0.017658858 0.221430646
v 0.003975879 -0.014255020 0.243457332
v 0.024906469 0.009140811 0.225954016
v 0.024068964 0.012416940 0.224481716
v -0.027440308 0.031420766 0.240084855
v -0.026150213 0.028813137 0.239161237
v -0.027718925 0.029933249 0.240674701
v 0.027484177 -0.008652130 0.242575848
v 0.025959557 -0.009164724 0.243001313
v -0.004843212 -0.009117424 0.239599444
v -0.006421405 -0.007809293 0.240626703
v -0.004707636 -0.006169337 0.238198663
v 0.030361288 -0.005548947 0.239917566
v 0.031965873 -0.005351558 0.240534281
v 0.030488482 -0.006426985 0.241412425
v 0.000204491 -0.005602666 0.236118467
v 0.016491244 -0.002748878 0.232212520
v -0.031263242 0.035468504 0.240661548
v 0.044087510 -0.010670659 0.224994528
v 0.042081560 -0.013814558 0.225868940
v -0.009476649 0.042065450 0.067554399
v -0.063972927 0.007046770 0.004502460
v -0.064018294 0.006890984 0.004511815
v -0.062075328 -0.023652422 0.006062197
v 0.019123224 0.058543303 0.194269632
v 0.042057189 0.041069833 0.236865078
v 0.040208681 0.042701662 0.236048687
v 0.037994838 0.042162769 0.234275126
v 0.041075315 0.040690668 0.235992872
v -0.061594382 -0.025031059 0.006121879
v 0.042097863 0.037269682 0.236246975
v 0.039734117 0.039845746 0.235014006
v 0.036707401 0.039449446 0.232281597
v 0.044853863 0.035416948 0.237325267
v 0.044184584 0.033282116 0.236835504
v 0.037960565 0.038587144 0.233287774
v 0.039777993 0.035608430 0.234176142
v 0.037028669 0.035660067 0.231715386
v 0.034656943 0.037576505 0.230330989
v 0.042654183 0.031423043 0.235769305
v 0.045063591 0.030418687 0.237152623
v 0.039581543 0.029703621 0.232901228
v 0.034350778 0.032349247 0.228824270
v 0.033088618 0.026938412 0.227332659
v 0.034187554 0.021155016 0.227924668
v 0.030769939 0.018044313 0.226132740
v 0.037630200 0.025225546 0.230616772
v 0.027844628 0.010818209 0.226369360
v 0.039835548 0.019192410 0.232151264
v 0.035636494 0.014636745 0.229247673
v 0.048787890 0.017328497 0.239525159
v 0.045061107 0.018031335 0.236911796
v 0.046664867 0.019557464 0.238161825
v 0.032162784 0.010405086 0.228343843
v 0.035878408 0.010243119 0.230333299
v -0.027406420 0.027868855 0.241086698
v -0.027892380 0.026134086 0.242354847
v -0.028621339 0.028733663 0.242201038
v 0.046420193 0.015013053 0.238209370
v 0.042082686 0.014371063 0.234465068
v 0.038695912 0.011158402 0.231967180
v -0.056295672 -0.036430660 0.011475925
v -0.058417679 -0.033263651 0.006470294
v -0.060421413 -0.028597060 0.006278114
v 0.044748883 0.011807613 0.237309065
v 0.046238649 0.010398042 0.239163867
v 0.043547921 0.008062405 0.237506040
v -0.017899928 -0.002966302 0.244810651
v -0.020806930 -0.000362306 0.244828839
v -0.008357110 -0.005447971 0.240305731
v 0.041128597 -0.003445733 0.243190062
v 0.041889060 -0.004207559 0.242796212
v 0.039573884 -0.004827474 0.243597816
v -0.049902287 -0.041843008 0.036124143
v -0.005813537 0.057469530 0.196299166
v -0.010360999 0.055458031 0.200456547
v -0.010517091 0.054992461 0.193892963
v 0.043886680 0.022595807 0.235968804
v -0.033437508 0.033291274 0.241499290
v -0.032827021 0.032148680 0.242005516
v -0.028705408 0.011164585 0.110518083
v -0.006473375 0.058719543 0.206886613
v -0.004776508 0.058579660 0.201643201
v -0.001893480 0.060262407 0.203818876
v 0.041261782 0.009869703 0.234546628
v -0.033253950 0.029027887 0.243072051
v 0.046241237 0.008298826 0.240141927
v 0.044491971 0.005333233 0.240122929
v 0.047275168 0.012741524 0.239351829
v -0.020683603 0.045557549 0.001349932
v 0.046376428 -0.007321592 0.224636919
v 0.040416134 -0.002873881 0.243174786
v 0.036395254 -0.007215183 0.244191571
v 0.037039576 -0.005918133 0.243612628
v 0.022452888 -0.008755901 0.240853384
v 0.022809404 -0.007344225 0.239151571
v 0.025553006 -0.007490201 0.240722358
v 0.024834275 0.057986868 0.195927134
v 0.041608144 0.002246581 0.240170766
v 0.041589245 0.004700136 0.237893853
v 0.006735430 0.061040569 0.199103573
v 0.037971280 -0.003493526 0.242477255
v 0.001834363 0.060080276 0.195328601
v -0.048012727 0.005667085 0.053970391
v 0.040270656 0.002991591 0.238293246
v 0.048134457 0.011136077 0.240465633
v 0.037214300 -0.001009317 0.239686139
v 0.040484454 -0.000563153 0.242340975
v 0.036010897 -0.005252158 0.242825220
v 0.034593927 -0.004604767 0.241298305
v -0.027816870 0.021925283 0.242679048
v -0.029577338 0.025462905 0.243596380
v 0.039119243 0.001840937 0.238263110
v -0.002737198 -0.012106452 0.240370690
v 0.036283307 0.001037165 0.236173215
v -0.032402964 0.034411576 0.241150958
v 0.030096236 -0.008034232 0.243099980
v 0.032380292 -0.006506751 0.242221932
v 0.048564380 -0.005186431 0.227592453
v -0.026867745 0.014945409 0.242356057
v -0.025785512 0.012959804 0.241912219
v -0.030690674 0.030284521 0.242657270
v -0.028781926 0.030962295 0.241257428
v -0.025607927 0.015726538 0.241047997
v -0.026430212 0.024635794 0.240579075
v 0.033678875 0.052845090 0.236926806
v -0.024933301 0.009499527 0.242275604
v 0.005531202 -0.012559553 0.241550009
v 0.003790535 -0.011098509 0.239959602
v 0.006489909 -0.010687330 0.239962814
v -0.025743576 0.007826258 0.243551050
v -0.026753230 0.009534124 0.243834755
v -0.021932989 0.002949044 0.243135308
v 0.031604780 0.056676722 0.236482555
v -0.002394602 -0.008417209 0.238347865
v -0.003262442 0.061603034 0.212105038
v 0.014235241 -0.009507852 0.239519772
v 0.012698545 -0.011314008 0.241673831
v 0.011755598 -0.009727601 0.239195555
v -0.025178911 0.051699940 0.237203132
v -0.012027916 -0.003656740 0.241502978
v -0.029692352 0.047776645 0.230573172
v -0.030107901 0.046242405 0.221800347
v -0.027413903 0.049970487 0.227231437
v 0.052361140 0.000078461 0.236766082
v 0.000654745 -0.010170467 0.239252241
v 0.002696113 -0.012311938 0.241415497
v -0.023347821 0.054308231 0.236241271
v 0.032338656 -0.003659703 0.238728939
v -0.030799174 0.032688047 0.241614257
v -0.024492735 0.005864348 0.243393757
v -0.045712334 -0.001964734 0.066243210
v -0.044776093 0.002650714 0.069296249
v 0.023838778 -0.009475959 0.242988905
v 0.046992645 0.031714650 0.237851630
v -0.016091988 -0.001910246 0.242432071
v 0.011320537 0.053804944 0.023575270
v -0.030117044 0.040512778 0.193362350
v -0.028878821 0.040891731 0.187808233
v -0.018698093 -0.001475173 0.243893595
v -0.031716412 0.037340185 0.186756926
v -0.015133747 0.059895919 0.232708237
v -0.028634258 0.044413564 0.203515966
v -0.008308995 0.059870274 0.214136451
v -0.008942805 0.061452316 0.220981486
v -0.020861797 0.023001050 0.106939289
v -0.039451321 0.023676397 0.199931960
v -0.038712743 0.022285332 0.191580670
v -0.026295512 0.011310702 0.136740683
v -0.014050505 -0.005297022 0.244359521
v 0.033758968 -0.001275497 0.236734811
v -0.039467126 0.014736836 0.196303337
v -0.038394962 0.028472612 0.205723257
v -0.039990332 0.024154592 0.213886948
v 0.028249119 -0.005198311 0.238751700
v 0.029707555 -0.002421588 0.235648414
v -0.005137859 -0.011130718 0.239873653
v -0.041076861 0.022634196 0.222771114
v -0.024172634 0.015896553 0.128168549
v -0.011039917 -0.007447870 0.244840437
v -0.010536552 -0.005927921 0.242945755
v -0.021200994 0.055776226 0.236009364
v -0.011492612 0.029690926 0.108580151
v -0.013422086 0.029439187 0.103021654
v -0.018262551 0.057750646 0.231253690
v -0.015546969 0.059013161 0.228500090
v -0.001557181 0.059910600 0.198974856
v -0.002635829 0.058650806 0.192532874
v -0.034409759 0.017254854 0.176089083
v -0.012787789 0.060270798 0.224274284
v -0.022884073 0.025436221 0.086572335
v -0.021075740 0.046515233 0.174067986
v -0.011475972 0.057241855 0.210648966
v -0.036850886 0.033222381 0.231494596
v -0.040541504 0.024898522 0.232008468
v -0.023065569 0.054317672 0.228906769
v -0.021556636 0.054253239 0.222139988
v 0.004685068 0.044960365 0.068686238
v -0.007721863 0.056305442 0.189363353
v 0.028635345 -0.006718860 0.241247615
v 0.015098247 0.048040934 0.040328387
v -0.012044520 0.055696705 0.205792133
v -0.009446009 0.044032772 0.157402070
v -0.016629805 0.027284120 0.103116698
v -0.013394055 0.028426645 0.116475690
v 0.014010038 0.034009494 0.119104000
v -0.009584327 0.048403741 0.163256140
v -0.013183625 0.052724265 0.175374039
v -0.016231294 0.049593823 0.172068804
v -0.010351987 0.052424509 0.170354060
v -0.031458992 0.035760893 0.179379057
v 0.017401191 0.032973500 0.116253373
v -0.024887206 0.047463044 0.199925480
v -0.014793356 0.027894623 0.109156020
v -0.033480730 0.032901863 0.182414701
v -0.008343608 -0.007875694 0.243204656
v 0.016735299 0.052077576 0.030142609
v 0.013413402 0.053042378 0.027883072
v -0.033349328 0.041373250 0.227969370
v -0.026373880 0.007004799 0.244512318
v 0.025999057 0.050978702 0.020769827
v -0.037227009 0.031852050 0.226968174
v -0.023101798 0.047590457 0.195684779
v -0.032241727 0.011309532 0.093893588
v 0.027647776 0.059108797 0.200471078
v 0.017486056 0.049828130 0.035074858
v -0.038163156 0.029856968 0.213805545
v 0.012419801 0.051775049 0.032554375
v 0.012853451 -0.007650511 0.236765796
v 0.013248338 -0.005019514 0.233999706
v 0.007647758 -0.005290971 0.234538002
v 0.055583276 0.012677938 0.239571125
v -0.019773512 0.056164983 0.228118710
v -0.017566090 0.050302719 0.177565030
v 0.054058024 0.001122093 0.231752571
v -0.013525191 0.031637797 0.094663913
v 0.008171750 -0.008874700 0.237907508
v -0.035811201 0.035842110 0.227933841
v -0.035660881 0.036901193 0.232071372
v -0.007801916 0.041363517 0.151786811
v -0.011878336 0.054195834 0.180316360
v -0.017142326 0.051012383 0.182325216
v -0.022442781 0.051345209 0.209530844
v -0.024858654 0.048419467 0.205841328
v 0.016422156 -0.008518910 0.238362142
v -0.026013831 0.020220329 0.089469349
v 0.030565278 0.023859138 0.110894040
v -0.022216714 0.019267676 0.125610727
v -0.013393511 0.053215127 0.187168035
v -0.003037345 -0.010322195 0.239230790
v 0.051922494 -0.001860498 0.229000129
v 0.020063778 -0.007944877 0.238982842
v 0.009723888 -0.010861462 0.240243809
v -0.032831210 0.040825959 0.212927846
v -0.031950544 0.013081584 0.091062013
v -0.034185144 0.011789981 0.088113701
v -0.046006731 0.006755801 0.058484827
v -0.030405232 0.016066671 0.088340667
v -0.033887185 0.016995444 0.081114047
v -0.024963038 0.026022801 0.080811447
v -0.028080467 0.020748650 0.084202853
v -0.042005315 0.006988567 0.075493410
v -0.038197736 0.010717033 0.081529415
v -0.018994559 0.033419668 0.076665904
v -0.037947190 0.015541009 0.075851490
v 0.050761421 -0.002717726 0.225452059
v -0.043328763 0.008004923 0.067777045
v -0.036076141 0.019658410 0.073474460
v -0.033509087 0.021506979 0.075141781
v -0.038476258 0.031891035 0.039409045
v -0.040815348 0.012732084 0.071863608
v -0.029800949 0.023042290 0.077761646
v -0.025062600 0.028950679 0.075256356
v -0.032101382 0.023420930 0.073866316
v -0.045142329 0.005529208 0.063488557
v -0.043935371 0.008890729 0.062168020
v -0.042295589 0.012628696 0.063942732
v -0.037749033 0.028438594 0.046762868
v -0.038185878 0.024451919 0.054731104
v -0.040862278 0.023717200 0.049384154
v -0.029149141 0.030678483 0.063330100
v -0.040368046 0.016278968 0.065457447
v -0.037028893 0.038390006 0.027950255
v -0.033393120 0.024922748 0.068772715
v -0.030110016 0.026120415 0.072798317
v -0.038664366 0.017706939 0.069884721
v -0.036881516 0.021581050 0.067102037
v -0.036141302 0.024490402 0.061634071
v -0.039121136 0.020608250 0.061459387
v -0.041905306 0.016763936 0.059374328
v -0.033703160 0.028692982 0.056088945
v -0.028516142 0.032786740 0.056565364
v -0.028413332 0.029055605 0.069862779
v -0.033524809 0.027212328 0.062057929
v -0.041483844 0.020664340 0.054051664
v -0.031630333 0.036051207 0.040286306
v -0.030884070 0.033220408 0.049004971
v -0.024773286 0.035711079 0.054295916
v -0.042932722 0.024298896 0.044281302
v -0.034679038 0.032470446 0.043795405
v -0.046817511 0.001357121 0.060128980
v 0.000225967 0.059296077 0.188408521
v -0.020155135 0.049727312 0.196229137
v 0.007791475 -0.011501948 0.241531528
v -0.036145185 0.034940787 0.220137640
v 0.004551814 -0.009732990 0.238777405
v 0.004025644 -0.007963159 0.237195456
v 0.051743641 0.010088609 0.241974638
v 0.053286019 0.014757673 0.241317420
v 0.053855650 0.011935942 0.240934259
v 0.050267722 0.004722053 0.242094260
v 0.047912296 0.007372379 0.242135986
v 0.044790072 -0.002603318 0.241998153
v 0.044929672 -0.000292076 0.242709857
v 0.046020265 -0.000415111 0.242297732
v 0.050276508 0.013499936 0.241429473
v 0.050812209 0.001725829 0.240630500
v 0.049213425 -0.000278657 0.240484869
v 0.047924723 0.000542738 0.241691130
v 0.047482643 0.001950489 0.242362147
v 0.047371906 0.003440709 0.242859577
v 0.052232246 -0.001161239 0.231934639
v 0.052433373 -0.000893847 0.234236689
v 0.044860989 0.002415451 0.242356353
v 0.046207507 0.001171077 0.242802498
v 0.042752287 0.000738754 0.242343216
v 0.043208870 -0.005302712 0.241749269
v 0.046134842 -0.004195728 0.240029191
v 0.044386517 -0.006485756 0.240163163
v 0.042912612 -0.001190611 0.243032472
v 0.048753010 0.014019565 0.240084689
v 0.050720680 -0.002255902 0.236162029
v 0.047875693 -0.004454688 0.236979873
v 0.050620373 -0.002905871 0.233182964
v 0.047777302 -0.002997559 0.239694531
v 0.046934322 -0.002469676 0.240740964
v 0.048548569 -0.001835720 0.239757989
v 0.048630589 -0.003416174 0.238133739
v 0.050569634 -0.000762810 0.238898850
v 0.046767704 -0.001406462 0.241696404
v 0.047887951 -0.001257361 0.241032541
v 0.046642815 0.000758689 0.242147019
v 0.040783233 0.048179852 0.195123752
v 0.041523306 0.046179618 0.187315752
v 0.044133334 0.044153821 0.192778354
v 0.022579757 0.050440032 0.030479284
v 0.023561078 0.047401701 0.035884062
v 0.041577587 0.038258735 0.032270722
v 0.037292426 0.041498724 0.032390117
v 0.038848245 0.042140398 0.027705071
v 0.012511210 0.041029384 0.148055705
v 0.011694117 0.038836784 0.143232179
v 0.016093962 0.038836215 0.145802360
v 0.032782324 0.030210733 0.085367444
v 0.034333395 0.031238737 0.079128996
v 0.040665890 0.053886912 0.218947837
v 0.041712400 0.053564742 0.219918191
v 0.040311773 0.053845603 0.219587401
v 0.045702449 0.035423373 0.030547100
v 0.045381931 0.032864446 0.034891205
v 0.023654511 0.033888874 0.142502893
v 0.025386902 0.036156555 0.148277504
v 0.020897423 0.037805017 0.147387600
v 0.044209609 0.026691207 0.043725381
v 0.044205690 0.029920246 0.039879890
v 0.047526789 0.025071036 0.040352341
v 0.032440732 0.024613842 0.139198589
v 0.034234604 0.027510841 0.146729262
v 0.029901608 0.028551959 0.140912895
v 0.023706612 0.029493062 0.119257310
v 0.025863960 0.028032241 0.122553691
v 0.023882281 0.029799667 0.126541122
v 0.026441321 0.031103383 0.140188091
v 0.026110015 0.029329303 0.133665971
v 0.019026688 0.035983108 0.141903263
v 0.037641646 0.024172822 0.088023004
v 0.037456501 0.021231336 0.093394746
v 0.034077500 0.026357022 0.091809842
v 0.031850714 0.030156187 0.146684779
v 0.030114263 0.060412114 0.218493029
v 0.027868680 0.061896950 0.217027985
v 0.029987019 0.060284125 0.214780536
v 0.024647260 0.043936903 0.041183766
v 0.028696115 0.043910585 0.037329450
v 0.037928797 0.038592644 0.036338646
v 0.033625307 0.042671357 0.035204933
v 0.056999442 0.018642154 0.004309496
v 0.057658990 0.018432428 0.008484610
v 0.054543581 0.023554688 0.006039023
v 0.015266952 0.037110821 0.141155740
v 0.045535064 0.041617723 0.176804210
v 0.043138322 0.042171897 0.172516663
v 0.045279272 0.039564015 0.172015872
v 0.017069516 0.042963493 0.152853811
v 0.023581213 0.045227658 0.158688831
v 0.019086878 0.048016098 0.160489432
v 0.029642794 0.026146414 0.134259081
v 0.023626158 0.032059131 0.137404322
v 0.019363879 0.047186084 0.039302961
v 0.027150822 0.040570832 0.045852089
v 0.032180798 0.037270038 0.045951225
v 0.029928385 0.037913719 0.048581811
v 0.036860127 0.051436880 0.194672786
v 0.037299401 0.049840302 0.189497883
v 0.043834803 0.044127125 0.182454358
v 0.040938549 0.046663624 0.182716071
v 0.040512901 0.034778071 0.038749827
v 0.041253687 0.036393008 0.035731901
v 0.033626766 0.038903804 0.040944995
v 0.041759240 0.041221240 0.168929694
v 0.043873839 0.036648071 0.166705230
v 0.024574750 0.040624325 0.153510213
v 0.020920236 0.033822033 0.138281310
v 0.017068614 0.035246196 0.137231515
v 0.032059117 0.056698962 0.205163794
v 0.030453535 0.057959862 0.208026854
v 0.030099836 0.058039956 0.204804178
v 0.014704614 0.034660063 0.131304893
v 0.011749256 0.036625800 0.137129640
v 0.033552546 0.053033598 0.192451389
v 0.030091821 0.056350609 0.196589998
v 0.009973364 0.035541350 0.130993717
v 0.011085083 0.034646186 0.125154618
v 0.035223682 0.022471784 0.097472149
v 0.035205844 0.019663684 0.104460594
v 0.032817924 0.024677555 0.099304279
v 0.007529238 0.035200741 0.128149997
v 0.009597368 0.035155949 0.128175156
v 0.032224279 0.022255528 0.132669438
v 0.034109598 0.021321046 0.137799294
v 0.042646969 0.052554872 0.216240794
v 0.041507513 0.053402203 0.214063477
v 0.043847757 0.051447030 0.213672389
v 0.039756220 0.047399258 0.178909732
v 0.036499501 0.049743868 0.181609524
v 0.033674418 0.050853427 0.178556265
v 0.020678370 0.032424650 0.131754510
v 0.040103639 0.032152962 0.043116233
v 0.053900508 0.036712025 0.213922798
v 0.041125615 0.053428991 0.217365516
v 0.043393294 0.052387309 0.218838025
v 0.037147143 0.042817044 0.165557865
v 0.034654616 0.039546661 0.159550333
v 0.039159673 0.037869916 0.162278202
v 0.028722807 0.046628375 0.032945040
v 0.031948072 0.034300940 0.075730868
v 0.030335557 0.037244370 0.053160504
v 0.026944566 0.039532683 0.051069298
v 0.021908665 0.043439853 0.045543084
v 0.016925345 0.033236067 0.124422195
v 0.045956619 0.041618017 0.187500182
v 0.046846559 0.047877916 0.211781737
v 0.043023745 0.050131884 0.204981881
v 0.038559789 0.051892332 0.200260085
v 0.039993331 0.052207326 0.204763244
v 0.037894027 0.053080967 0.204121112
v 0.035181813 0.032241707 0.072901590
v 0.029804011 0.024422065 0.127964225
v 0.027901758 0.026838345 0.129116092
v 0.038297683 0.048641834 0.184103876
v 0.026261588 0.028044202 0.127099026
v 0.038899515 0.000169378 0.105960311
v 0.037977623 0.001184903 0.110966396
v 0.038983374 0.003734957 0.106523006
v 0.038221743 -0.002503824 0.106893222
v 0.037927300 0.005618901 0.112263007
v 0.039450337 -0.001791582 0.103428682
v 0.038644745 -0.004510495 0.102967515
v 0.058537574 0.021187006 0.235615847
v 0.056778828 0.023389453 0.237592197
v 0.058223806 0.025112861 0.235898248
v 0.059708490 0.020327509 0.213421976
v 0.060383320 0.022631223 0.220416851
v 0.058905215 0.025965558 0.215139456
v 0.054257379 0.023247883 0.239289526
v 0.055698162 0.026248469 0.237834764
v 0.057930856 0.032097949 0.231901253
v 0.059711245 0.027734107 0.229818938
v 0.058250545 0.029710159 0.233954813
v 0.040466859 0.054200808 0.221149069
v 0.038738559 0.054474767 0.223538445
v 0.037217932 0.054855321 0.218782964
v 0.035149034 0.055604548 0.221705386
v 0.023198861 0.041760786 0.050211666
v 0.036579518 0.055075135 0.225920379
v 0.033172876 0.057399049 0.224392248
v 0.041535555 0.053751466 0.224272428
v 0.030049977 0.037643462 0.059704864
v 0.032144905 0.035653840 0.067798970
v 0.039573755 0.053940309 0.218498320
v 0.033114368 0.056953274 0.221222711
v 0.043796738 0.052756564 0.223364272
v 0.031297182 0.058369182 0.217992394
v 0.031484883 0.058563873 0.220712278
v 0.033206577 0.056395394 0.217927180
v 0.031074698 0.059034955 0.216028028
v 0.035460624 0.054737551 0.213933945
v 0.038916230 0.054047679 0.215265915
v 0.025896739 0.062327562 0.214034208
v 0.028128718 0.060813165 0.213187901
v 0.047598705 0.044437676 0.204579444
v 0.047121494 0.041576676 0.196472550
v 0.050072365 0.039262070 0.201567120
v 0.040842665 0.028957799 0.047679180
v 0.031788047 0.056955541 0.212802581
v 0.036828830 0.053795639 0.211053803
v 0.037654732 0.053631284 0.212923419
v 0.034900345 0.054773531 0.209814701
v 0.020941056 0.031390095 0.124650786
v 0.050577070 0.042184923 0.211213103
v 0.034790043 0.018253954 0.134479372
v 0.033632695 0.018669464 0.129517969
v 0.035645785 0.014167629 0.130418662
v 0.045147428 0.020906748 0.065026477
v 0.042928989 0.024378534 0.057387979
v 0.046310698 0.018892342 0.057015026
v 0.035966063 0.014416154 0.114374087
v 0.034211755 0.017588809 0.116155804
v 0.034451007 0.018307389 0.111945125
v 0.036086662 0.018274265 0.139883035
v 0.045625786 0.009118294 0.085114314
v 0.044040047 0.013297658 0.085990874
v 0.046570372 0.012225600 0.080485982
v 0.047702038 0.006214335 0.081453844
v 0.048841113 0.008121221 0.077256593
v 0.050018431 0.002665826 0.075513719
v 0.028724542 0.054986936 0.190905763
v 0.024295931 0.051281492 0.024911001
v 0.028499051 0.049579489 0.024017167
v 0.033732437 0.044975867 0.030391847
v 0.041192632 0.052477427 0.209472679
v 0.050772501 0.006881414 0.058629881
v 0.051375769 0.002940586 0.062590885
v 0.050791221 0.006079588 0.066086291
v 0.031977530 0.021153648 0.126415783
v 0.036557008 0.033807101 0.046231678
v 0.033296699 0.035291213 0.049944539
v 0.045917765 0.050507078 0.219794985
v 0.044679381 0.024285959 0.047196749
v 0.019074793 0.043915584 0.049054932
v 0.035496156 0.046360448 0.168825330
v 0.036397366 0.048127476 0.173737509
v 0.030996757 0.049584787 0.170638258
v 0.044584816 0.045982180 0.199297575
v 0.045624339 0.047293485 0.205068784
v 0.028774453 0.032679871 0.146470829
v 0.056840434 0.021464830 0.012008128
v 0.045888900 0.020759773 0.051269332
v 0.049310551 0.016124861 0.047608449
v 0.048611698 0.015196888 0.052199282
v 0.028150137 0.060737983 0.209355101
v 0.029577934 0.059434536 0.211379311
v 0.038973873 0.053313926 0.211579504
v 0.027797142 0.026282843 0.124190334
v 0.047183710 0.032980066 0.004694444
v 0.047888769 0.033686878 0.010563532
v 0.042115679 0.038041552 0.005516236
v 0.044272177 0.038199902 0.027256001
v 0.047963336 0.034373837 0.026945221
v 0.025146212 0.040315916 0.055700958
v 0.019831879 0.042830290 0.055928998
v 0.029797056 0.037459738 0.153334011
v 0.037369859 0.031599708 0.051399101
v 0.047297825 0.020448176 0.046927727
v 0.049906826 0.011103598 0.054685339
v 0.048131210 0.014910008 0.056593364
v 0.055905664 0.020475853 0.001423733
v 0.047602214 0.016167929 0.061986051
v 0.028609078 0.048582694 0.028081904
v 0.033592432 0.051621651 0.186004369
v 0.034534020 0.046286485 0.015314859
v 0.033413680 0.047062145 0.024144702
v 0.029990882 0.049229988 0.019780398
v 0.046006330 0.031068853 0.165204192
v 0.047667878 0.035069440 0.171148299
v 0.042997085 0.025282579 0.051123773
v 0.028957914 0.058822421 0.204667887
v 0.029112076 0.059302919 0.206162305
v 0.027041348 0.060096354 0.204756078
v 0.031846527 0.057837416 0.216321123
v 0.036343242 0.020050083 0.098831727
v 0.032250588 0.020383360 0.121805611
v 0.030061417 0.023573504 0.121887657
v 0.031918267 0.021296108 0.116394275
v 0.027979587 0.038766415 0.054545329
v 0.020115236 0.031655685 0.119774291
v 0.034485240 0.033886666 0.056396743
v 0.040394094 0.028007027 0.053547320
v 0.040008397 0.021181137 0.087320574
v 0.028337707 0.062160691 0.220519628
v 0.040914009 0.041760242 0.017566761
v 0.044529774 0.038111171 0.014063136
v 0.045079357 0.038440865 0.019092628
v 0.028013274 0.025892944 0.117896736
v 0.029059296 0.058586445 0.203299705
v 0.034543543 0.033060779 0.152980517
v 0.037916009 0.030704445 0.056718447
v 0.051069187 0.027720924 0.000406118
v 0.050401746 0.028697352 0.000992000
v 0.050442742 0.028654830 0.000373561
v 0.049559918 0.029668504 0.000343536
v 0.042764356 0.040447536 0.022990283
v 0.041009558 0.016152992 0.090927781
v 0.043439797 0.018889663 0.081020900
v 0.033649626 0.034771483 0.062438844
v 0.037329383 0.031564678 0.065162465
v 0.035212232 0.054694074 0.203605638
v 0.034502258 0.054348542 0.198079890
v 0.031446697 0.056942768 0.201627659
v 0.040871094 0.031562713 0.158729378
v 0.040205783 0.028176324 0.059571973
v 0.051223991 0.002699389 0.068723520
v 0.051526416 -0.001559900 0.062668240
v 0.039599419 0.024388013 0.081916651
v 0.047031905 0.036424993 0.022906693
v 0.038362226 0.043892577 0.021726709
v 0.038410522 0.028246508 0.075331403
v 0.036238556 0.027575543 0.083592344
v 0.047775766 0.027888202 0.037180043
v 0.032872628 0.055692863 0.207668516
v 0.036516930 0.054522948 0.231364999
v 0.034196904 0.056619346 0.231009163
v 0.034636512 0.056242974 0.228351417
v 0.040784185 0.053462412 0.226428942
v 0.039539964 0.053868032 0.228217903
v 0.038916832 0.054106462 0.225989213
v 0.039275104 0.053664954 0.231683871
v 0.038864579 0.053727295 0.230244427
v 0.041158880 0.053474137 0.231106791
v 0.041819988 0.051213153 0.234877055
v 0.039116026 0.052846485 0.233185061
v 0.042115680 0.052013180 0.233322962
v 0.040548051 0.053415654 0.229806962
v 0.043029913 0.053347047 0.229407596
v 0.043195382 0.053006796 0.226616225
v 0.057563713 0.017338703 0.000780348
v 0.058257787 0.015773523 0.000844229
v 0.059265885 0.013539609 0.005491930
v 0.044357500 0.051135627 0.233645637
v 0.045064386 0.051924410 0.227564213
v 0.043433545 0.052561384 0.232008679
v 0.037127087 0.054663690 0.228804722
v 0.051771367 0.001161522 0.057400100
v 0.052303553 -0.003079471 0.055241484
v 0.032907833 0.021007847 0.110910590
v 0.041208905 0.052945758 0.232445536
v 0.035798011 0.012682949 0.125649139
v 0.035588105 0.013873181 0.121684679
v 0.036696159 0.009956189 0.122823397
v 0.032698086 0.058649447 0.227346430
v 0.033090005 0.058470997 0.229850515
v 0.024337873 0.062103420 0.209001788
v 0.027416965 0.053865281 0.184055858
v 0.027592159 0.052678556 0.176524743
v 0.053678613 0.027730621 0.014669706
v 0.049289279 0.033913330 0.017632511
v 0.050980231 0.032053826 0.023121752
v 0.017681068 0.051836703 0.166362178
v 0.023944932 0.052086308 0.170687986
v 0.018390544 0.053736739 0.171231859
v 0.011812346 0.049333281 0.160025190
v 0.009385038 0.043777298 0.151761841
v 0.008712530 0.058800873 0.188740016
v 0.055060605 0.003585624 0.220691831
v 0.053101037 0.000335692 0.223781051
v 0.055853945 0.003984613 0.226849529
v 0.040161897 0.044860078 0.172212249
v 0.054450742 0.013679627 0.240372847
v 0.055171636 0.015668654 0.239960905
v 0.038140806 0.017300199 0.097896437
v 0.059703512 0.014258184 0.221723764
v 0.059170562 0.013367661 0.217977420
v 0.058587598 0.011803734 0.221680468
v 0.037696069 0.053521491 0.207505141
v 0.037131109 0.029287872 0.152438205
v 0.058953236 0.012572224 0.226040076
v 0.059554482 0.014225155 0.224086443
v 0.039424843 0.041833162 0.011944438
v 0.056713467 0.015965829 0.238239843
v 0.041815991 0.024019812 0.075638314
v 0.041717478 0.026301800 0.066891022
v 0.054463178 0.023086484 0.000560207
v 0.055611991 0.020938951 0.000642710
v 0.052733002 0.036309288 0.206177401
v 0.014985395 0.057694025 0.188271039
v 0.009046637 0.058281372 0.183459388
v 0.015832059 0.056409658 0.180292530
v 0.051564796 0.019867199 0.240676287
v 0.054517468 0.018401704 0.240291321
v 0.030445222 0.044311081 0.161572449
v 0.050569467 0.029428431 0.007338055
v 0.036053705 0.043130444 0.006592282
v 0.055918474 0.018172547 0.238989033
v 0.024799363 0.048925273 0.164767800
v 0.021132860 0.055704406 0.184685117
v 0.022511140 0.056435447 0.189814130
v 0.060012297 0.015984317 0.227518848
v 0.060254527 0.017683548 0.221676768
v 0.020781353 0.054317427 0.175442375
v 0.013247798 0.055728406 0.173659836
v 0.005278523 0.058723625 0.185816229
v -0.000387541 0.036376466 0.135417016
v 0.002867515 0.037721766 0.138771683
v -0.000500500 0.038380664 0.141338860
v 0.035189353 0.015207630 0.118121014
v 0.036463799 0.011653166 0.118108899
v 0.003865479 0.058827077 0.181441515
v 0.057214371 0.007011718 0.230709822
v 0.058345014 0.009637723 0.227016850
v 0.022935182 0.054624122 0.180047624
v 0.060455030 0.019175282 0.228048533
v 0.057484053 0.018740126 0.237756117
v 0.057186142 0.007901235 0.219320186
v 0.049265011 0.012031101 0.059353062
v 0.052319137 0.003037269 0.051683544
v 0.052850239 -0.000719228 0.051464623
v 0.007921551 0.057812906 0.178029730
v 0.054071534 0.020603177 0.239793676
v 0.052439773 0.032608970 0.197378495
v 0.055917012 0.030457105 0.207944716
v 0.029904958 0.046038693 0.000000000
v 0.043399698 0.021547959 0.075174469
v 0.059236974 0.013234485 0.228568454
v 0.059573605 0.013866929 0.226810393
v 0.059125669 0.014357036 0.213368425
v 0.056161773 0.020743802 0.238536215
v 0.057782823 0.024053783 0.206848730
v 0.055003879 0.026645768 0.199198330
v 0.056366654 0.021818774 0.199957293
v 0.031822074 0.060924108 0.228502036
v 0.032082074 0.060473712 0.230826175
v 0.038209902 0.015200148 0.101087836
v 0.038329575 0.012516064 0.103436024
v 0.032884926 0.058354621 0.232516089
v 0.048026005 0.020649633 0.239013690
v 0.057325868 0.033909492 0.227576703
v 0.037445430 0.041356669 0.000048004
v 0.037494708 0.041336658 0.000558455
v 0.035731489 0.042489069 0.000033519
v 0.040285336 0.001082713 0.101414197
v 0.040307563 0.006508783 0.100858664
v 0.042217517 0.002930527 0.095737373
v 0.031456408 0.060674059 0.225743225
v 0.029395557 0.062088691 0.223410017
v 0.030228586 0.060964937 0.221537049
v 0.031120367 0.060116146 0.223294319
v 0.057389363 0.031542880 0.219161543
v 0.010148105 0.054280563 0.168164658
v 0.014536042 0.054204263 0.170087935
v 0.005687195 0.052177399 0.163620893
v 0.038346326 0.008452417 0.107402910
v 0.050161648 0.007309081 0.071699006
v 0.049220828 0.011547624 0.066339827
v 0.007867096 0.040344769 0.145576275
v 0.004000492 0.042297195 0.148794405
v 0.003466402 0.039451481 0.143216441
v 0.000281565 0.040364171 0.145583644
v 0.007214868 0.038198396 0.140389239
v 0.005867098 0.036351311 0.134170069
v 0.047512618 0.025208898 0.163660376
v 0.050087845 0.023759932 0.167541585
v 0.050034894 0.028810418 0.170461553
v 0.002775368 0.035116509 0.128444770
v 0.035501391 0.022680048 0.143263697
v 0.038077996 0.019725830 0.146049612
v 0.038440776 0.024861689 0.150844783
v 0.059737594 0.016943094 0.231952545
v 0.058490906 0.013812340 0.234518656
v 0.058390714 0.016894203 0.235913482
v 0.058145604 0.019252341 0.205600197
v 0.058906492 0.016917936 0.209208720
v 0.045461074 0.019232291 0.072671953
v 0.046433956 0.015697291 0.076289416
v 0.040640653 0.012436548 0.148393974
v 0.040563709 0.016237758 0.149223378
v 0.038904047 0.013306136 0.143646063
v 0.048500138 0.011690194 0.074395596
v 0.044455604 -0.008749877 0.086811672
v 0.045755605 -0.003719167 0.086273435
v 0.047457316 -0.005910663 0.081527644
v 0.057843806 0.009281674 0.231838731
v 0.058891478 0.012258082 0.231766327
v 0.040272310 0.011653439 0.097406758
v 0.048366709 0.019950508 0.162769492
v 0.036618456 0.009316015 0.127796713
v 0.056780840 0.007608649 0.234383665
v 0.059738005 0.026640744 0.222876719
v 0.056695657 0.034858511 0.232596321
v 0.055566116 0.037135583 0.231097445
v 0.047228748 0.016760860 0.067279980
v 0.058113212 0.010717384 0.234801654
v 0.041224689 -0.009289879 0.092930110
v 0.039245989 -0.007588270 0.098808455
v 0.042462196 -0.004627417 0.093175949
v 0.047421568 0.015212883 0.071677812
v 0.051073250 -0.001170790 0.070040446
v 0.042080075 0.006833120 0.095132535
v 0.036762319 0.010138152 0.132822301
v 0.036914072 0.007165643 0.130634913
v 0.049789478 -0.004121903 0.074876387
v 0.047908186 0.000012178 0.082252087
v 0.043688261 0.022800445 0.071000363
v 0.033987988 0.043694707 0.000015967
v 0.033110276 0.044182345 0.000013386
v 0.004128893 0.047156619 0.156294832
v 0.055544805 -0.000440217 0.044330493
v 0.057424409 -0.007608179 0.041568461
v 0.054521024 -0.005853948 0.046781877
v 0.053311633 -0.003421429 0.049942112
v 0.060093746 -0.005031637 0.037502142
v 0.053152051 0.005906411 0.047307116
v 0.061016778 -0.000736531 0.035419842
v 0.051258060 0.007325194 0.052345400
v 0.043480571 0.026154323 0.158287109
v 0.037891017 0.041011491 0.000054433
v 0.051090724 -0.006963890 0.058166779
v 0.034063905 0.017093588 0.124818532
v 0.033990130 0.017781418 0.119894043
v 0.043326194 0.009446026 0.090377730
v 0.043693127 0.004515528 0.091215478
v 0.044376598 0.000475838 0.090101397
v 0.045714333 0.004945817 0.086519270
v 0.036890046 0.013897970 0.108903691
v 0.044293777 0.020538654 0.156775290
v 0.040883863 0.021118751 0.152006225
v 0.037036648 0.013684541 0.137695374
v 0.040352194 -0.003086824 0.099666793
v 0.034970970 0.054607530 0.207020696
v 0.061541302 0.006688276 0.001234548
v 0.061188352 0.007583277 0.005195833
v 0.060364602 0.010358314 0.001072957
v 0.061646002 0.009254563 0.010455924
v 0.046248558 0.041385154 0.191757455
v 0.056478652 0.019356213 0.000702992
v 0.063160535 0.009599637 0.017494799
v 0.060260920 0.015724085 0.013495242
v 0.059343706 0.013140937 0.000953809
v 0.060311959 0.010522219 0.001065742
v 0.046400228 0.033527129 0.000223984
v 0.044671282 0.035237215 0.000179606
v 0.041348788 0.038378065 0.000101947
v -0.004330646 0.057787797 0.185286033
v -0.007217616 0.056466087 0.185312579
v 0.052558103 0.029928607 0.019349906
v 0.002677458 0.059234546 0.185386548
v -0.000378061 0.043685800 0.151753519
v -0.001077418 0.047975658 0.158409410
v -0.004511483 0.051864636 0.165140646
v -0.000991517 0.055258475 0.169665103
v -0.005032763 0.055770541 0.173003647
v -0.000613197 0.058954442 0.182414410
v -0.003883081 0.040356533 0.147367750
v -0.009629616 0.055439210 0.184610901
v -0.007868263 0.056205312 0.182649976
v -0.005089134 0.045124332 0.156010132
v 0.006630233 0.056785363 0.173267941
v 0.000936851 0.057986338 0.175960916
v 0.003445901 0.055497407 0.169418296
v -0.005512440 0.056989259 0.179060979
v -0.009356888 0.054891824 0.175895856
v 0.000977695 0.052367483 0.164214314
v 0.042081429 -0.000797784 0.095718332
v 0.038504365 -0.012628447 0.095018108
v 0.044490913 0.014694334 0.155859420
v 0.049707403 0.015838921 0.164324605
v 0.037424181 0.010205075 0.113211820
v 0.036774557 -0.006674313 0.105868066
v 0.049497325 0.018407561 0.044091695
v 0.056010779 0.010507828 0.039224250
v 0.054427551 0.007912042 0.043268784
v 0.052487813 0.013829239 0.042863453
v 0.057962053 0.021347385 0.017507292
v 0.057738599 0.021678286 0.023607606
v 0.055760961 0.025458574 0.020209249
v 0.056932087 0.016169717 0.034259606
v 0.055033697 0.015505141 0.037573323
v 0.054903084 0.020572178 0.033556081
v 0.050935684 0.020040626 0.040186904
v 0.047308194 0.022291280 0.043986005
v 0.051806373 0.011123629 0.046723243
v 0.053346506 0.027147641 0.027626476
v 0.055427548 0.023913414 0.028289308
v 0.051101181 0.027550750 0.032309142
v 0.050063417 0.012999134 0.049138392
v 0.057454638 0.019970385 0.028291259
v 0.058731498 0.016056767 0.030553863
v 0.060937123 0.016071024 0.020972062
v 0.061620465 0.013294994 0.026073863
v 0.059567088 0.017515836 0.025783729
v 0.050850775 0.010562210 0.050263060
v 0.050715540 0.023983870 0.036734138
v 0.055573051 0.005826813 0.042240242
v 0.055637186 0.004563343 0.042477207
v 0.058390524 0.012076214 0.034643249
v 0.050618244 0.031503448 0.026818901
v 0.060219251 0.007778661 0.033835440
v 0.061311797 0.010403413 0.030381650
v 0.056692187 0.006509813 0.040376556
v 0.062815066 0.011219833 0.022509340
v 0.058216798 0.008064058 0.037340958
v 0.051334375 0.029348384 0.028463490
v 0.048939908 0.032043883 0.029993473
v 0.054970265 0.025960462 0.024387836
v 0.058891568 0.003955667 0.037667615
v 0.062655605 0.003902643 0.031032329
v 0.053627572 0.028418174 0.022151992
v 0.052727480 0.028987825 0.025398084
v 0.063996065 0.007398125 0.021727730
v 0.063537192 0.007635147 0.025944768
v 0.054131758 0.027875328 0.019032634
v 0.041806078 0.009191849 0.151631176
v 0.044815918 0.006523263 0.158273263
v 0.047066676 0.011017752 0.160447184
v 0.056195616 0.016976532 0.184100536
v 0.055777529 0.016524381 0.178952005
v 0.056433709 0.013339145 0.183238540
v 0.058114503 0.010928470 0.218142933
v 0.055500472 0.010074952 0.198897840
v 0.055175719 0.010101430 0.193514175
v 0.054283914 0.006420416 0.195907700
v 0.056475370 0.007525365 0.213651771
v 0.058131043 0.010703430 0.215113193
v 0.057979801 0.011723720 0.208353186
v 0.057538982 0.009465757 0.210956173
v 0.052013665 -0.000645726 0.213012208
v 0.055094729 0.003912150 0.215426053
v 0.055547780 0.004956512 0.209611521
v 0.055652842 0.019740476 0.194790660
v 0.055544577 0.017996406 0.190466938
v 0.055749980 0.015424548 0.194348292
v 0.056044459 0.013447172 0.189797193
v 0.052361054 0.000185023 0.218901556
v 0.055409807 0.020376327 0.181594977
v 0.055436804 0.020963142 0.185831846
v 0.057584047 0.013982461 0.204101931
v 0.056449916 0.008052986 0.204254301
v 0.036765662 0.006570974 0.128267963
v 0.055877131 0.013345388 0.198012119
v 0.055873410 0.005619898 0.179410765
v 0.056149784 0.006031557 0.182350797
v 0.056583673 0.009049113 0.182735859
v 0.056883069 0.008573901 0.208152579
v 0.056507159 0.017368528 0.199263518
v 0.048752440 0.008201394 0.164163631
v 0.052123778 0.011569237 0.168706496
v 0.055734840 0.005356101 0.185704979
v 0.054759759 0.006233356 0.199597692
v 0.037102552 0.005236540 0.124394338
v 0.055932336 0.008939663 0.188038611
v 0.056361819 0.011536044 0.186265450
v 0.054151549 0.002979552 0.203066319
v 0.055759672 0.016496221 0.187796783
v 0.058579448 0.014504306 0.208777093
v 0.055410724 0.013037575 0.175344941
v 0.053583607 0.017343935 0.172044882
v 0.054363127 0.026506898 0.186036565
v 0.054792545 0.022727453 0.190331512
v 0.054582697 0.025514447 0.180997722
v 0.054375908 0.021948449 0.176883898
v 0.055031493 0.023680093 0.194818209
v 0.056194275 0.014100107 0.186172688
v 0.054764002 0.008627482 0.174445430
v 0.037254900 0.003444693 0.117383949
v 0.037231478 0.007446071 0.118066105
v 0.052889853 0.000194756 0.207430994
v 0.054770499 0.005141403 0.190899359
v 0.056509615 0.012348710 0.179773965
v 0.052324321 0.023384651 0.172110216
v 0.056226172 0.009891011 0.178342019
v 0.050996163 0.019869753 0.167723173
v 0.051712054 0.006881697 0.169560621
v 0.040681332 0.004129811 0.151858652
v 0.060265395 0.022263001 0.231213713
v 0.060559173 0.022872294 0.226240344
v 0.059535026 0.024766606 0.233571228
v 0.037946652 0.015788146 0.142858998
v 0.058832270 0.029851280 0.225057949
v 0.047779206 0.037703830 0.174612573
v 0.057459759 0.013179784 0.236993256
v 0.040616261 -0.020703703 0.081655036
v 0.041254500 -0.016832577 0.085801003
v 0.043852974 -0.016505740 0.080460036
v 0.058734798 0.027132804 0.233994245
v 0.053672537 0.003550032 0.197735700
v 0.052395713 -0.000403426 0.200083971
v 0.052977361 0.003310298 0.194347650
v 0.052448518 0.001873401 0.193962963
v 0.051918398 0.000342354 0.195646006
v 0.062356566 0.004041461 0.008939954
v 0.063678432 0.004042750 0.014301406
v 0.047106517 -0.002874544 0.168842283
v 0.042908388 -0.006151716 0.165532098
v 0.044785141 -0.008477754 0.170513160
v 0.054214620 -0.011572539 0.045845971
v 0.051249689 -0.016910730 0.049153758
v 0.052171948 -0.011562198 0.050027431
v 0.049394679 -0.008638186 0.071041827
v 0.050599474 -0.006235061 0.066596430
v 0.045760758 0.000325728 0.163991171
v 0.050262435 0.002387618 0.169690987
v 0.047745774 0.004422998 0.164217581
v 0.047888586 -0.009809615 0.076839196
v 0.046624881 -0.008999523 0.081525026
v 0.045201057 -0.020105817 0.065056246
v 0.046722034 -0.016309157 0.070033130
v 0.048113962 -0.014627575 0.064285402
v 0.061694298 0.005778902 0.001278216
v 0.062144525 0.002344871 0.003966387
v 0.054816968 0.001606459 0.181781779
v 0.053828002 0.000608715 0.178499619
v 0.052958232 -0.002423147 0.182056055
v 0.049968766 -0.007176959 0.181746969
v 0.051306081 -0.005208247 0.185079090
v 0.042673914 -0.019844952 0.078237988
v 0.038637921 -0.001008476 0.152566093
v 0.040902266 -0.003903068 0.160086858
v 0.043118760 0.001798743 0.158446551
v 0.057449666 0.027970297 0.236093742
v 0.045664662 -0.012081871 0.081445814
v 0.043377924 -0.013250367 0.085294208
v 0.052618085 0.001413158 0.192212685
v 0.051208813 -0.004369365 0.178856995
v 0.055422749 0.003836451 0.183100405
v 0.052816186 0.027523796 0.175833778
v 0.050566181 0.033303814 0.175530982
v 0.053815737 0.027300926 0.191735408
v 0.050679465 0.035580735 0.182704252
v 0.051616902 0.033515908 0.185627597
v 0.049235341 0.036947627 0.186637715
v 0.052709724 0.030574471 0.178723258
v 0.053115277 0.030947095 0.182772991
v 0.049703520 0.037032866 0.195356007
v 0.048008081 0.038779595 0.191265496
v 0.050761001 0.033978275 0.190284135
v 0.047580421 0.039828592 0.182590703
v 0.049023028 0.037821391 0.179841968
v 0.048990953 0.037178351 0.177227811
v 0.051182496 0.034369987 0.179439288
v 0.052212686 0.030908309 0.191021160
v 0.052920110 0.030292210 0.187354537
v 0.046688707 0.050507974 0.225348405
v 0.038121186 0.052229441 0.235244825
v 0.035834204 0.054263960 0.234075810
v 0.033096833 0.056771249 0.234748488
v 0.034258693 0.054244609 0.236062323
v 0.043762467 0.027088298 0.236147250
v 0.045334529 0.027809662 0.237266368
v 0.034424473 0.056034462 0.232871318
v 0.050346329 0.029822440 0.238543165
v 0.048608640 0.027747493 0.238829782
v 0.049651902 0.032888570 0.237707225
v 0.047346535 0.024663255 0.238573271
v 0.051662000 -0.000228521 0.174191567
v 0.053481370 0.004109210 0.174645710
v 0.049462926 -0.004702762 0.174698257
v 0.046426839 -0.014590821 0.075750848
v 0.044129911 -0.019546605 0.073976526
v 0.043665496 -0.023191868 0.060892535
v 0.045493150 -0.021191388 0.059187901
v 0.044238979 -0.024154999 0.057855629
v 0.048953491 -0.017109933 0.054019932
v 0.049394689 -0.013419604 0.057856103
v 0.050860374 -0.011793994 0.053535130
v 0.046712237 0.028255319 0.238050276
v 0.052678505 -0.007445977 0.051362672
v 0.062166953 -0.007181751 0.007207927
v 0.063067927 -0.001885897 0.010352997
v 0.062492832 -0.003277132 0.005011447
v 0.051879281 -0.001831937 0.177255466
v 0.041312598 -0.012780577 0.089710922
v 0.051364364 0.025662348 0.239506539
v 0.055178975 0.035042325 0.235607690
v 0.054986794 0.037364310 0.233976467
v 0.056582833 0.030648977 0.236171922
v 0.055849485 0.028947592 0.237450331
v 0.054713801 0.030993192 0.237234386
v 0.053925391 0.033200909 0.236747913
v 0.055687788 0.032629320 0.236240476
v 0.057030476 0.032649683 0.234548573
v 0.053635237 0.000118997 0.186618437
v 0.052270198 0.031868796 0.237610723
v 0.053332662 0.028474724 0.238443162
v 0.053848884 0.025964880 0.238857286
v 0.050021452 -0.010062938 0.061296498
v 0.048126884 -0.012515519 0.070789932
v 0.041443980 -0.025771644 0.064160729
v 0.041885592 -0.023925568 0.070473171
v 0.049383995 -0.010389675 0.066834826
v 0.053660736 0.037082434 0.235843859
v 0.040639680 -0.023338124 0.076275799
v 0.050957360 -0.001951334 0.192268702
v 0.050379133 -0.010553361 0.057314935
v 0.047246184 -0.017953211 0.058646942
v 0.046541933 -0.020611995 0.056758398
v 0.054139535 0.005696055 0.197387709
v 0.042111784 -0.026383456 0.058825563
v 0.051696461 -0.001622176 0.204343634
v 0.045409326 -0.023142711 0.055419031
v 0.047240171 -0.020198174 0.055013802
v 0.064380124 0.004844055 0.018968977
v 0.022245506 -0.011286637 0.244215649
v 0.021482854 -0.013006845 0.245638529
v -0.007253243 -0.016613913 0.154362937
v -0.004437242 -0.019327874 0.159070176
v -0.002694581 -0.018324129 0.153286962
v -0.013433832 -0.020805033 0.225233463
v -0.015323819 -0.019919547 0.224448864
v -0.015696283 -0.019633635 0.228755893
v -0.012798684 -0.020948621 0.233071602
v -0.004554031 -0.029353514 0.190444519
v -0.002121250 -0.029958490 0.188548221
v -0.003790492 -0.029123039 0.185848858
v -0.015620323 -0.017446711 0.170301720
v -0.021067581 -0.015258502 0.177746637
v -0.015783484 -0.020659036 0.179350065
v -0.003961910 -0.034186172 0.093216432
v 0.000363355 -0.032978806 0.095495649
v -0.001743250 -0.037475187 0.087440847
v 0.000184335 -0.018550352 0.149408593
v -0.003993194 -0.016450275 0.144110327
v -0.003631707 -0.017105418 0.149387411
v 0.036755873 -0.002730653 0.111422160
v 0.036743937 0.000029683 0.115741013
v -0.034325341 0.004017523 0.183669988
v -0.030790018 -0.004173828 0.188011884
v -0.032708289 -0.000503802 0.180782206
v -0.008119868 -0.014529356 0.138982421
v 0.035801553 -0.021415929 0.191344081
v 0.039727692 -0.017827247 0.192089885
v 0.039713273 -0.019105437 0.187141844
v -0.015270575 -0.020297177 0.220682914
v -0.017872000 -0.018588227 0.225394371
v 0.000253680 -0.030856728 0.190591516
v 0.004083033 -0.031013988 0.186410052
v 0.000065564 -0.030423560 0.186312685
v -0.017962109 -0.009843144 0.156115401
v -0.019807753 -0.009844469 0.160974189
v -0.016951939 -0.012713570 0.161867448
v 0.046376681 -0.011000670 0.177485607
v -0.003400778 -0.020843064 0.244600523
v -0.003527637 -0.019412451 0.245066630
v -0.002759449 -0.029503138 0.195210965
v -0.014375010 -0.021614832 0.216119552
v -0.016801206 -0.020426673 0.213956162
v -0.017701583 -0.019396109 0.218067210
v -0.014690058 -0.012595893 0.156029935
v -0.013937070 -0.011141310 0.149116843
v 0.001725017 -0.021972440 0.245467592
v 0.002145039 -0.022985283 0.244807472
v 0.000005096 -0.021826362 0.244868610
v -0.009111070 -0.013848689 0.144530573
v -0.006434757 -0.015577324 0.147930908
v -0.021553598 -0.010680089 0.166801266
v -0.013239816 -0.023163581 0.208999499
v -0.015496231 -0.021613219 0.211381136
v -0.012961575 -0.022359597 0.212730218
v -0.022657553 -0.015783354 0.217402034
v 0.039862442 -0.016578507 0.196622465
v 0.041004227 -0.015512675 0.195219126
v 0.038815745 -0.017522977 0.195763829
v -0.011019979 -0.021747092 0.223799496
v -0.007002649 -0.023059355 0.225708773
v -0.008322077 -0.023079900 0.220906350
v -0.010915585 -0.023552680 0.177769925
v -0.006285381 -0.023862711 0.172824822
v -0.008673831 -0.019756382 0.165570665
v -0.032086390 -0.003187735 0.198432845
v 0.026307096 -0.037136889 0.069171945
v 0.023189410 -0.039337995 0.066732589
v 0.022462268 -0.038598425 0.071371922
v -0.018415025 -0.007949096 0.150846770
v -0.011850253 -0.021334925 0.227521997
v -0.000075143 -0.020227858 0.157387474
v -0.010145494 -0.025068247 0.201152617
v -0.012827187 -0.024239438 0.198622232
v -0.012852780 -0.024080432 0.200841356
v -0.008843652 -0.027160416 0.186467336
v -0.005558510 -0.026822201 0.179999494
v -0.003347614 -0.022017698 0.165454024
v 0.032609236 -0.021785530 0.202209975
v 0.033770952 -0.020960999 0.199891491
v 0.030768298 -0.023109597 0.199447078
v -0.036037981 0.003365598 0.198244147
v -0.037752008 0.008187193 0.196103403
v -0.028788709 -0.008534572 0.205021671
v -0.025474218 -0.012993977 0.210557022
v -0.024329194 -0.014018179 0.198388099
v 0.044385377 -0.012419392 0.175946702
v 0.043817631 -0.012898331 0.176053582
v 0.035518935 -0.012259191 0.101347813
v 0.024741931 -0.036942795 0.074158404
v 0.028795828 -0.035167392 0.071865203
v 0.030800303 -0.032933936 0.074025694
v 0.027152833 -0.034438568 0.077465401
v 0.035341009 -0.001222083 0.127106243
v 0.034203965 -0.002837140 0.132187612
v 0.035986670 0.001803661 0.132028950
v 0.037920342 -0.021245195 0.086193809
v 0.038345890 -0.017153750 0.090398911
v -0.012036803 -0.021855025 0.220499245
v -0.012858698 -0.021645732 0.218461598
v -0.010478380 -0.023176566 0.217200271
v 0.047627235 -0.010627313 0.181851877
v 0.048079627 -0.009956480 0.185137817
v 0.028772606 -0.025870644 0.091818588
v 0.027744564 -0.023955305 0.096038550
v 0.031015738 -0.022078440 0.094706422
v 0.024643599 -0.025100303 0.098160283
v 0.026077756 -0.025767534 0.095187843
v -0.026142060 -0.011210212 0.187646672
v -0.022559946 -0.016128283 0.191634033
v -0.021152950 -0.017354230 0.186660483
v 0.045248131 -0.013551626 0.182798660
v 0.028618634 -0.021164738 0.099492718
v 0.026806030 -0.019290003 0.105779735
v 0.031810069 -0.017238466 0.100968742
v 0.049422640 -0.005046209 0.193278573
v 0.049391186 -0.006403702 0.189613282
v 0.047975743 -0.007443071 0.193602747
v -0.012968242 -0.023567610 0.204008887
v -0.009698737 -0.024828475 0.206645559
v 0.050852927 -0.002689912 0.198547621
v 0.049646239 -0.003608095 0.195997877
v 0.046308896 -0.009837363 0.192739701
v 0.046595057 -0.008605799 0.195807701
v 0.045995987 -0.011754089 0.189275141
v 0.043135352 -0.014566393 0.191282560
v 0.045028333 -0.012487620 0.191833010
v 0.044923069 -0.013875196 0.186335300
v 0.042334449 -0.013266404 0.199270171
v 0.039515179 -0.016271662 0.199099402
v -0.028251061 -0.008604937 0.195277271
v 0.001164038 -0.016149283 0.244953494
v 0.042653033 -0.013147444 0.173348247
v 0.042176947 -0.015268077 0.177246631
v 0.024051321 -0.028124465 0.093630837
v 0.006959709 -0.024200733 0.245030298
v 0.008901259 -0.024262985 0.245680854
v 0.008719282 -0.024892140 0.244750505
v 0.031422216 -0.030784062 0.079223013
v -0.000620311 -0.018364303 0.245663808
v -0.001499354 -0.020601931 0.245228095
v 0.048034320 -0.006457748 0.196411052
v 0.048975691 -0.005627242 0.200418072
v 0.028610655 -0.012251088 0.149865442
v 0.027031125 -0.012439821 0.145464044
v 0.026399108 -0.014061370 0.149774871
v 0.042805666 -0.016029688 0.185219782
v 0.034146283 -0.024837314 0.086460907
v 0.034357029 -0.021823311 0.090732184
v 0.036224587 -0.025602527 0.081599025
v -0.023914769 -0.013204348 0.182522118
v -0.020224397 -0.017545990 0.219519598
v -0.019455993 -0.018536291 0.215913310
v 0.036446281 -0.027881902 0.075782648
v 0.039296955 -0.026092413 0.073107901
v 0.037962967 -0.028177678 0.069593128
v 0.043715094 -0.014437723 0.188701785
v 0.041635256 -0.016253906 0.188994427
v 0.033536942 -0.004804091 0.126761190
v 0.045708146 -0.009324059 0.200875544
v 0.044592736 -0.010496845 0.196352513
v 0.031875161 -0.025440147 0.088646750
v 0.030544416 -0.028257907 0.085849799
v 0.036596004 0.003710571 0.136665630
v 0.035455082 -0.000502650 0.138067274
v 0.037178982 0.003791210 0.140561675
v 0.033552847 -0.020092730 0.094178911
v -0.012595910 -0.015597448 0.160647168
v 0.038769594 0.005338389 0.145262619
v 0.036785038 0.001103536 0.143362186
v 0.038143553 0.001756146 0.148008189
v 0.013628140 -0.013087242 0.244463424
v 0.014206932 -0.015550698 0.246447997
v 0.010497033 -0.014506219 0.245299425
v 0.042667152 -0.015937287 0.187128960
v 0.025600912 -0.029609006 0.089241271
v -0.036728600 0.006582828 0.190932433
v -0.037817707 0.009476023 0.191832367
v 0.029673456 -0.035441460 0.067526636
v 0.002792632 -0.017136564 0.245812692
v -0.015968369 -0.021640182 0.205939510
v -0.015727315 -0.021570957 0.209050689
v -0.026973000 -0.008326484 0.177565885
v -0.030752490 -0.001401277 0.173939439
v -0.030167680 -0.004759912 0.181915407
v -0.002307106 -0.021758072 0.244403651
v 0.033034206 -0.032648078 0.068528771
v 0.031156462 -0.034950735 0.064114311
v -0.004580359 -0.021583935 0.243774560
v 0.005836226 -0.023161549 0.245865098
v 0.034741638 -0.006419614 0.112732416
v -0.020165038 -0.018382606 0.205131922
v -0.033097988 -0.003307347 0.211744795
v -0.030989478 -0.005519207 0.205052090
v -0.011636787 -0.013951311 0.153601965
v 0.036954723 0.006484547 0.134009349
v 0.037598658 0.006769041 0.139128651
v 0.050506360 -0.003061175 0.208383090
v 0.049160786 -0.004073288 0.211601715
v 0.035192078 -0.017117025 0.095515156
v 0.000243450 -0.028736191 0.180210743
v 0.031244104 -0.014142303 0.107315079
v -0.009692320 -0.014032974 0.149424257
v -0.005803850 -0.027422392 0.198437470
v -0.008676802 -0.027193524 0.193736922
v -0.008487192 -0.026509250 0.198160466
v 0.048652849 -0.004051707 0.214565257
v 0.047352923 -0.005112306 0.217964235
v 0.049525061 -0.003028431 0.219560800
v 0.049701067 -0.002393586 0.216875668
v 0.038946619 0.010095653 0.143112822
v 0.032499439 -0.019292527 0.096628057
v 0.041267326 -0.014186413 0.202919024
v 0.042505111 -0.012633443 0.206021332
v 0.004475768 -0.024303443 0.244516153
v 0.038816501 -0.016701752 0.174002867
v 0.016667537 -0.011034119 0.241975926
v -0.032523507 0.002574988 0.174682777
v 0.001744455 -0.023994035 0.243345016
v 0.004118986 -0.025199556 0.242489411
v -0.000389487 -0.024521521 0.240562802
v 0.010658591 -0.025065308 0.244629600
v 0.012839166 -0.025847151 0.243340470
v 0.009947551 -0.025594199 0.243155457
v 0.040868064 -0.011706603 0.168692858
v 0.036772587 -0.015297822 0.167955936
v 0.033992807 -0.030863600 0.073496554
v -0.024498832 -0.009723644 0.172395588
v -0.026940934 -0.004934528 0.168016318
v 0.034218292 -0.033031271 0.063129520
v 0.008294035 -0.016466048 0.246538137
v 0.032478650 -0.022838475 0.219802796
v 0.032111563 -0.022651110 0.213082369
v 0.028398497 -0.024662464 0.215651009
v 0.050353389 -0.002429845 0.222514966
v 0.047605471 -0.005348180 0.212505230
v 0.035520226 -0.002665594 0.116730814
v 0.037245706 -0.019190740 0.214957650
v 0.035154133 -0.020507591 0.211334347
v 0.034796778 -0.021110946 0.215988622
v 0.040805563 -0.015050620 0.201532658
v 0.036480833 -0.019956372 0.194892159
v 0.042389454 -0.013073716 0.221739462
v 0.040384751 -0.015767444 0.223494395
v 0.043836015 -0.012661373 0.194490654
v 0.048566158 -0.004494167 0.224407088
v 0.037460121 0.009448145 0.137248393
v 0.028681769 -0.025662768 0.195354175
v 0.032879554 -0.022765107 0.195491651
v 0.034997698 -0.006366415 0.152427652
v 0.030509281 -0.009303846 0.147272977
v 0.031583070 -0.012195566 0.156078612
v 0.034217964 -0.010180477 0.108031160
v 0.031874667 -0.010713375 0.113500207
v 0.037760084 -0.030163843 0.063154984
v 0.040260769 -0.015976521 0.226493533
v 0.036614664 0.004830316 0.129474657
v 0.036178058 0.002244263 0.126894384
v -0.007240525 -0.015973116 0.133139689
v 0.011069042 -0.012900275 0.243791407
v -0.014822274 -0.021522757 0.213556685
v 0.050592611 -0.003289348 0.201479298
v -0.015574458 -0.022308797 0.200189932
v 0.032713853 -0.006694662 0.122924181
v 0.034549276 -0.003681647 0.121487713
v 0.033090502 -0.007143014 0.118303169
v 0.009629869 -0.012300789 0.242303647
v 0.008854428 -0.013699833 0.243794327
v 0.029686692 -0.009615979 0.127781946
v 0.031686846 -0.007614876 0.126130530
v 0.030281828 -0.009934601 0.121191455
v 0.044692401 -0.008798405 0.219544910
v 0.042114881 -0.012976125 0.216419718
v 0.045810336 -0.006875496 0.214068816
v 0.044795162 -0.008522642 0.210609127
v 0.043578392 -0.010089479 0.213789470
v 0.045090559 -0.009196272 0.206733284
v 0.047260142 -0.006238182 0.209517633
v 0.035566003 -0.019235583 0.202591769
v 0.036538931 -0.018877128 0.198833604
v 0.036047176 -0.001935840 0.147464014
v 0.020592999 -0.010302168 0.242542356
v 0.038136598 -0.018361174 0.223202661
v 0.038846660 -0.017403715 0.225463100
v 0.047413268 -0.007364239 0.204253205
v 0.043552153 -0.010796118 0.209929581
v 0.031455822 -0.022233898 0.204256941
v 0.028858627 -0.024044619 0.202763772
v 0.030097263 -0.023225911 0.206259250
v 0.028528679 -0.024318650 0.209912157
v 0.031118365 -0.022866170 0.209015608
v 0.034974451 -0.020571032 0.197064064
v 0.049568584 -0.005012421 0.204599922
v 0.027551697 -0.024447757 0.205401226
v 0.037574812 -0.017987373 0.202454607
v 0.037066769 -0.018874721 0.206886750
v 0.039466519 -0.016112574 0.205002524
v 0.024410611 -0.025731726 0.206644897
v 0.024558240 -0.025686862 0.211423735
v -0.018204990 -0.019844227 0.210935288
v -0.030291847 -0.007645918 0.217726456
v 0.047419147 -0.004967592 0.221575551
v 0.036703265 -0.019617059 0.219548657
v 0.034913508 -0.020957832 0.224684662
v 0.038317193 -0.017621170 0.228911534
v 0.037327076 -0.019092619 0.226400294
v -0.016418651 -0.022437421 0.189236028
v -0.017473372 -0.020478819 0.184054746
v 0.023720510 -0.014254964 0.144075711
v 0.006976304 -0.014765691 0.244995555
v 0.006565357 -0.013586019 0.243596601
v 0.007467221 -0.012761671 0.242620484
v -0.013873900 -0.024114558 0.194478723
v -0.012485329 -0.025336790 0.189958501
v 0.039909547 -0.016082670 0.212575710
v 0.042285074 -0.012508857 0.211697411
v 0.029523088 -0.018022455 0.162599201
v -0.019163010 -0.019933832 0.194738768
v 0.034019582 -0.020712988 0.205014384
v -0.010841066 -0.025443901 0.197099150
v 0.026339431 -0.016104699 0.155187544
v 0.038399448 -0.017324282 0.209149455
v 0.028238937 -0.010459375 0.140298790
v 0.032600440 -0.005904966 0.140014218
v 0.029728666 -0.008926082 0.134150380
v -0.010252344 -0.021879416 0.229056109
v -0.008443228 -0.022629330 0.229297840
v -0.003923103 -0.024020081 0.228517173
v 0.000547623 -0.025527141 0.225246748
v 0.019459143 -0.011937969 0.244272683
v 0.036216572 0.000717822 0.121605734
v -0.000694484 -0.024988779 0.227406573
v -0.000244035 -0.025113949 0.229523294
v -0.007336094 -0.022914072 0.231262277
v -0.034571159 -0.000219456 0.205214048
v 0.038457099 -0.017938146 0.216782111
v -0.003661862 -0.024288926 0.232154893
v -0.001106318 -0.024935364 0.235638572
v 0.002636912 -0.025706639 0.237897664
v 0.034519843 -0.004801738 0.117286800
v -0.000082246 -0.025344390 0.232533907
v 0.032902644 -0.021969191 0.208445648
v -0.006669189 -0.023241165 0.238361606
v -0.004896498 -0.023877697 0.235039088
v 0.039987762 -0.016468905 0.219113972
v 0.017305836 -0.024405556 0.245579805
v 0.016413291 -0.022799398 0.246602342
v 0.019541611 -0.023660914 0.245638029
v -0.008393529 -0.022762379 0.234474042
v 0.017950608 -0.021950969 0.246465459
v 0.019210172 -0.020529732 0.246363292
v 0.020631094 -0.021952417 0.245981996
v 0.009150923 -0.023294494 0.246698267
v 0.011916483 -0.024822288 0.245569691
v 0.015739805 -0.020324194 0.247072299
v 0.026054603 -0.021969727 0.243916553
v 0.024736456 -0.023554152 0.242952684
v 0.022514057 -0.023022985 0.244803676
v -0.004135808 -0.024135207 0.222015455
v 0.004966003 -0.026521263 0.232876642
v 0.041708264 -0.017118270 0.182995778
v 0.027381273 -0.025769026 0.198896147
v 0.025977626 -0.025451595 0.202282711
v 0.038405786 -0.019918785 0.182998582
v -0.006069857 -0.022377795 0.242196777
v 0.036457794 -0.021318582 0.185233662
v 0.034468740 -0.022292931 0.182717174
v 0.043238479 -0.015353582 0.180147511
v 0.040022544 -0.017711235 0.180143652
v 0.032686405 -0.019502138 0.169593173
v 0.036544542 -0.020504482 0.179925260
v 0.033443475 -0.023703797 0.185819386
v 0.029124952 -0.023740651 0.175502921
v 0.030178390 -0.023906549 0.178303635
v 0.033592386 -0.021367792 0.175542597
v 0.033176609 -0.022720447 0.179652136
v 0.038325569 -0.018578847 0.177192149
v 0.036045262 -0.018560227 0.172777718
v 0.037056323 -0.019022867 0.175245738
v 0.037568895 -0.018595457 0.211220398
v 0.027586778 -0.022469059 0.169638031
v 0.035301095 -0.022429867 0.188051606
v 0.017222755 -0.013391391 0.245130587
v 0.018975106 -0.014835837 0.246495772
v 0.031627970 -0.022642427 0.207116268
v 0.027314332 -0.025268106 0.221706820
v 0.032907338 -0.022262966 0.229122857
v 0.035271189 -0.020181766 0.230225210
v 0.007270676 -0.018582497 0.247228574
v 0.012095681 -0.018156417 0.247478790
v 0.010515912 -0.020251806 0.247499713
v 0.034330603 -0.020212926 0.235263666
v 0.032082739 -0.022613511 0.233311448
v 0.031067388 -0.023478368 0.226092677
v 0.033619882 -0.005276133 0.145906989
v 0.036358074 -0.018178306 0.237352395
v 0.033756487 -0.003606737 0.136266530
v 0.013329714 -0.022176924 0.247029933
v 0.019597666 -0.025222724 0.243978831
v -0.013252764 -0.020947432 0.222663179
v 0.032318560 -0.005617862 0.134709175
v 0.034958817 -0.002568229 0.143222581
v -0.018933408 -0.018209744 0.221989468
v 0.018308717 -0.017270577 0.247083680
v 0.030309675 -0.023868851 0.230386536
v 0.039107101 -0.009618900 0.163715042
v -0.006200388 -0.026303061 0.203543132
v -0.007452423 -0.026304669 0.200384126
v 0.018740694 -0.019135857 0.246945711
v 0.020320405 -0.018149559 0.246900696
v 0.028009923 -0.022543532 0.242265962
v 0.027196474 -0.023864169 0.241021983
v 0.032953915 -0.020131172 0.239085638
v 0.030374412 -0.022998478 0.237814747
v 0.022196739 -0.020321369 0.245616331
v 0.021307134 -0.019051965 0.246497932
v 0.036405700 -0.008386424 0.157941021
v 0.024223356 -0.020225609 0.245121056
v 0.025058885 -0.012806897 0.140569892
v 0.003351314 -0.019017460 0.246733372
v 0.003343564 -0.021978427 0.245810753
v 0.023358917 -0.017027235 0.246752090
v -0.001471869 -0.022866890 0.243469897
v 0.023637434 -0.021566656 0.245145809
v 0.036188675 -0.014667950 0.242985813
v 0.006140344 -0.020307852 0.247114961
v 0.009710796 -0.021833991 0.247454552
v 0.002670062 -0.030295864 0.183803913
v 0.029828828 -0.022097898 0.240414870
v 0.007841686 -0.026123785 0.241249326
v 0.007103350 -0.024951713 0.243608113
v 0.005179409 -0.015826964 0.245312040
v 0.006028803 -0.021810514 0.246623376
v 0.021735020 -0.024268164 0.244020968
v -0.037020050 0.010135855 0.187175773
v 0.023217566 -0.025472415 0.241868019
v -0.013780838 -0.023843780 0.184924466
v 0.026317678 -0.025042061 0.239082697
v 0.027544441 -0.025138816 0.234512430
v -0.001710768 -0.025493055 0.172563322
v 0.004364372 -0.025715231 0.240407265
v 0.011710046 -0.026449457 0.241185456
v 0.012752212 -0.023767036 0.246730747
v 0.015755296 -0.025316825 0.244134910
v 0.015279590 -0.023670729 0.246082085
v 0.002071162 -0.020725504 0.246206500
v 0.019189546 -0.026516323 0.241142666
v 0.014999195 -0.026713611 0.240783808
v -0.006024902 -0.036071592 0.089357927
v -0.006524747 -0.038421871 0.084358120
v 0.022996602 -0.026410177 0.237618918
v 0.027321377 -0.025291196 0.228292091
v 0.032066462 -0.006575665 0.130396114
v 0.025888667 -0.032578968 0.083677827
v 0.021147924 -0.036292553 0.080741673
v 0.020096182 -0.032574920 0.089216076
v 0.024393013 -0.025948649 0.216929040
v 0.021610160 -0.026460141 0.213796828
v -0.011768786 -0.023021473 0.214732548
v -0.009898253 -0.023999233 0.212388420
v 0.020702859 -0.026694559 0.208822302
v 0.023235982 -0.026099291 0.209038561
v 0.031735058 -0.025007439 0.188142206
v 0.032375836 -0.023880943 0.190617860
v 0.010785001 -0.019556737 0.151276046
v 0.007633939 -0.019261312 0.145495726
v 0.007115046 -0.019767984 0.150944981
v 0.011481603 -0.028747729 0.202227805
v 0.007850362 -0.028152311 0.204054069
v 0.010953325 -0.028176348 0.205080378
v 0.030531016 -0.025016857 0.192415706
v 0.029823579 -0.025851325 0.190137088
v 0.010531413 -0.020783047 0.123934859
v 0.011748629 -0.021467819 0.120416332
v 0.008000230 -0.021795625 0.121819145
v 0.027494824 -0.011970494 0.124615676
v -0.012252313 -0.045221350 0.061432122
v -0.015414108 -0.042437718 0.065869006
v -0.008324679 -0.044076038 0.065921061
v 0.013627411 -0.027401804 0.218613742
v 0.008574865 -0.027244400 0.218257010
v 0.009022094 -0.027210296 0.225080363
v 0.026247759 -0.027798991 0.190606547
v 0.024761872 -0.027604847 0.195145666
v 0.005524193 -0.026649984 0.221221167
v -0.005676385 -0.046408683 0.060997392
v 0.018253960 -0.021258521 0.113480044
v 0.021398339 -0.018620757 0.116278237
v 0.022419128 -0.019153619 0.112740997
v 0.013167028 -0.031158938 0.193635293
v 0.016032095 -0.031081781 0.192866544
v 0.015325749 -0.031432957 0.189549040
v 0.025865101 -0.016134421 0.114350188
v -0.007097483 -0.025443981 0.209194603
v 0.001477529 -0.022865321 0.164453539
v -0.003834130 -0.017444566 0.134358345
v -0.000550063 -0.018482391 0.135934282
v -0.004106941 -0.018519523 0.129086696
v 0.005893490 -0.031378033 0.192054257
v 0.004220797 -0.030156362 0.197114875
v 0.007046714 -0.030542054 0.196778910
v -0.017291821 -0.044630375 0.060881827
v -0.003283644 -0.044405960 0.066966416
v -0.000317123 -0.043703554 0.069745481
v 0.000726436 -0.045338609 0.064737919
v 0.017174843 -0.029262001 0.199386827
v 0.015928613 -0.029374904 0.199981552
v 0.016812945 -0.028700795 0.201350478
v 0.028956810 -0.013137497 0.116300372
v 0.029288452 -0.013957811 0.112244440
v 0.013659476 -0.020856707 0.157487697
v 0.017770137 -0.021240395 0.159983221
v 0.017297889 -0.019787292 0.156066406
v 0.000584127 -0.029149722 0.199201680
v 0.003435977 -0.028895378 0.200606204
v 0.031267125 -0.024429152 0.183923996
v 0.030720029 -0.024635128 0.181076747
v 0.024486203 -0.022749842 0.102145079
v 0.004596817 -0.036601888 0.088465095
v 0.007432782 -0.031948425 0.096319553
v 0.007723320 -0.020772004 0.126193730
v 0.005076887 -0.021453466 0.123889855
v 0.004208339 -0.020380981 0.128920230
v 0.030146769 -0.025521844 0.185920623
v 0.026462442 -0.027470849 0.185628633
v 0.028214939 -0.026739384 0.188154734
v 0.024144413 -0.014567534 0.124079781
v 0.026893268 -0.013722170 0.119956478
v 0.016861064 -0.020121028 0.118887529
v 0.003988366 -0.021346812 0.158890564
v 0.000636334 -0.021540853 0.122658404
v -0.004425742 -0.020738166 0.121692738
v 0.005177222 -0.043946882 0.067782685
v 0.001729563 -0.042553161 0.074204931
v 0.005699061 -0.042589295 0.073029933
v 0.003380503 -0.040506709 0.080191074
v 0.013302293 -0.027364145 0.211756320
v 0.010590626 -0.027748535 0.207709771
v 0.009645094 -0.027491439 0.212685514
v 0.009134539 -0.019018173 0.138510797
v 0.005953676 -0.019179522 0.140853672
v 0.003710528 -0.019032394 0.141673437
v 0.014546208 -0.027695121 0.206567615
v 0.003917046 -0.019460119 0.135737329
v -0.007023123 -0.024282742 0.215865583
v -0.004393633 -0.025072186 0.216747731
v -0.004452644 -0.025589830 0.213424569
v -0.002689388 -0.026411073 0.209132610
v 0.000040792 -0.026202143 0.214847041
v -0.008226185 -0.016954980 0.127516765
v 0.021683605 -0.014643753 0.139067449
v 0.025084268 -0.012626716 0.135393123
v -0.018852197 -0.043079439 0.063069798
v -0.021259567 -0.044134142 0.060893679
v 0.001797885 -0.030553828 0.194735830
v 0.022753154 -0.021155859 0.107867404
v 0.024237388 -0.019825027 0.108520808
v 0.002360932 -0.026131908 0.220012979
v -0.000894579 -0.025299815 0.220238007
v 0.018680686 -0.029568626 0.182753385
v 0.021996545 -0.028985730 0.183564150
v 0.019359739 -0.027858702 0.177329383
v 0.032699778 -0.023306649 0.192462245
v 0.021551787 -0.018977603 0.157199080
v 0.022825031 -0.015955052 0.149308473
v 0.025553087 -0.026284759 0.177885451
v 0.005678006 -0.022980733 0.163179505
v 0.008244706 -0.020954317 0.156992060
v 0.000263334 -0.019730235 0.130160900
v 0.004609107 -0.022765523 0.119655905
v 0.015569163 -0.018595943 0.150755963
v 0.018587655 -0.017043106 0.147239781
v 0.024006744 -0.026392923 0.225164442
v 0.015977558 -0.025104169 0.106849951
v 0.014451452 -0.027095695 0.103169635
v 0.012787700 -0.026499867 0.105549013
v -0.007148351 -0.040795813 0.077388504
v -0.011410951 -0.041783653 0.071545955
v 0.024104776 -0.028260563 0.185462520
v 0.023815761 -0.028897103 0.187031506
v 0.025764060 -0.028198141 0.187269352
v 0.015571115 -0.040145482 0.074920784
v 0.017376583 -0.039034208 0.077119775
v 0.017286511 -0.039718097 0.074841501
v 0.012238985 -0.034974159 0.089218881
v 0.014648420 -0.037961844 0.081805563
v 0.008891108 -0.039112533 0.082176696
v 0.004796948 -0.026504284 0.171767282
v 0.010567588 -0.024055596 0.165098760
v 0.021060810 -0.038192307 0.075193383
v 0.019179753 -0.039550711 0.073480305
v 0.018867226 -0.030649881 0.188488997
v 0.016932268 -0.030531783 0.185286326
v -0.003610724 -0.016945591 0.138379573
v 0.000334785 -0.027027796 0.207772093
v -0.000283731 -0.027555532 0.203781867
v 0.007350368 -0.027596947 0.209059044
v 0.003592121 -0.027502993 0.207493787
v 0.005659368 -0.027289786 0.213128672
v 0.026559775 -0.011984289 0.129433772
v 0.022344959 -0.014615660 0.130553227
v 0.021681301 -0.023032645 0.105437846
v 0.021300518 -0.025289707 0.101183087
v 0.014796227 -0.028739933 0.201343931
v 0.012550207 -0.022513623 0.115925058
v 0.008258374 -0.022728340 0.118215459
v 0.013972610 -0.019538298 0.125021823
v 0.021960012 -0.028318217 0.197886465
v 0.024637640 -0.026969712 0.199118919
v 0.004060394 -0.020001413 0.153247146
v 0.009800839 -0.042897004 0.069476441
v 0.010779792 -0.044255678 0.064359770
v 0.005251437 -0.023472236 0.116766299
v 0.012742215 -0.040211646 0.077373714
v 0.009674994 -0.030932826 0.194907491
v 0.009007390 -0.029784890 0.199336429
v 0.012211940 -0.030062528 0.198176475
v 0.016727247 -0.040154244 0.073142858
v 0.011661466 -0.029893115 0.179541419
v 0.008827674 -0.031181092 0.185711588
v 0.013456700 -0.031000756 0.185074102
v 0.014431362 -0.017943002 0.143383567
v 0.011428390 -0.018825963 0.146087396
v 0.006283341 -0.026369300 0.238056752
v 0.009086841 -0.028009274 0.103528503
v 0.006035615 -0.019641531 0.134089993
v 0.024858008 -0.018696073 0.110325948
v 0.022104673 -0.020470018 0.110221022
v -0.001950732 -0.040685983 0.079879360
v -0.002320894 -0.042132496 0.074609393
v 0.027808569 -0.026125910 0.183209878
v 0.006223946 -0.029745891 0.180056156
v 0.019691233 -0.030103864 0.185743787
v 0.022132439 -0.029694104 0.188181040
v -0.005203198 -0.042878947 0.071384066
v 0.016749955 -0.035784710 0.085315362
v 0.011902577 -0.027548474 0.232192720
v 0.011005758 -0.027180199 0.237721975
v 0.021542112 -0.014608671 0.134590008
v 0.018818684 -0.015879180 0.135851702
v 0.017888761 -0.018314761 0.123009076
v 0.013996157 -0.041356922 0.072300266
v 0.008869826 -0.041719819 0.075537468
v 0.017800849 -0.027710856 0.203925151
v 0.018826057 -0.040502074 0.069625244
v 0.020226308 -0.029967074 0.191022179
v 0.021346603 -0.029381881 0.194116576
v 0.022960011 -0.029196254 0.191766429
v 0.017249936 -0.027518205 0.235739902
v 0.011652780 -0.019031946 0.131682176
v 0.007975924 -0.019761693 0.131200339
v 0.017954929 -0.016405413 0.140412461
v 0.020349713 -0.028422777 0.096494671
v -0.020088129 -0.041861359 0.064868150
v 0.019528663 -0.028047460 0.200908854
v 0.022909030 -0.026972686 0.201883868
v -0.003756714 -0.045386137 0.063999838
v 0.007788334 -0.024371539 0.113678433
v 0.004382900 -0.026789708 0.217359875
v 0.005256258 -0.026471185 0.108662204
v 0.003470327 -0.029302085 0.102047280
v 0.000172769 -0.027213445 0.106998319
v 0.001625852 -0.028434921 0.202114554
v -0.005197809 -0.025665159 0.210478436
v -0.006816453 -0.025290819 0.212714534
v 0.018180651 -0.016631857 0.131130214
v 0.020314798 -0.016484439 0.125552716
v 0.017146762 -0.017861987 0.126656981
v -0.000820127 -0.029559463 0.101857899
v 0.022223315 -0.026941203 0.230713465
v 0.021250505 -0.026652920 0.217660085
v 0.019689696 -0.027131238 0.222213447
v 0.023279776 -0.026322694 0.220931697
v 0.010333052 -0.020110847 0.127608195
v 0.014834559 -0.042418101 0.066666600
v -0.015442973 -0.041120684 0.070117510
v 0.014880971 -0.027096885 0.172746493
v 0.015902996 -0.029809082 0.180500401
v 0.014808788 -0.017643943 0.135916271
v 0.004740599 -0.028285300 0.203152380
v 0.006003484 -0.029486549 0.200207850
v 0.010520706 -0.025754378 0.108505448
v 0.020324227 -0.024348200 0.168423974
v -0.002930200 -0.027179958 0.204037545
v -0.004719828 -0.026231084 0.207466384
v -0.007982965 -0.023493400 0.218398118
v 0.015597818 -0.023307252 0.164203412
v 0.027758265 -0.016324297 0.109875425
v 0.001511710 -0.027660151 0.204905838
v 0.011107725 -0.031555119 0.190126331
v 0.023921927 -0.016141975 0.118786145
v 0.000292617 -0.018172400 0.142687181
v 0.004192903 -0.019266494 0.147472664
v 0.020852496 -0.017558785 0.120748809
v 0.002951629 -0.028047350 0.203366920
v -0.005909999 -0.024213820 0.218953527
v -0.003145603 -0.024923680 0.218761749
v 0.024957911 -0.027494124 0.183225299
v 0.015083809 -0.018127799 0.130131791
v 0.017812851 -0.027065730 0.213973266
v 0.016149947 -0.027673535 0.227950047
v 0.018208846 -0.030361641 0.193701066
v 0.017799841 -0.030936644 0.190911674
v 0.013920543 -0.023643226 0.111414658
v -0.001245541 -0.027919176 0.201556899
v -0.002822837 -0.028100057 0.200120504
v 0.020792542 -0.015606472 0.143627914
v -0.009403062 -0.035846866 0.088338901
v 0.017203929 -0.027850394 0.099798501
v 0.018277806 -0.025648059 0.103417230
v 0.018833785 -0.029586112 0.197041110
v 0.020246407 -0.015395515 0.132887099
v 0.015498064 -0.031059560 0.095099145
v 0.011489746 -0.032132209 0.094687510
v 0.020996570 -0.026921908 0.204439574
v 0.012699125 -0.029747276 0.098768532
v 0.015603420 -0.030109520 0.196925739
v 0.019104637 -0.022588682 0.109182176
v -0.002054849 -0.020137345 0.125900604
v 0.009850077 -0.027637107 0.173601527
v 0.058659103 -0.027296488 0.027622483
v 0.057106288 -0.027329207 0.033132469
v 0.060107263 -0.022554310 0.028965989
v 0.044447219 -0.046005857 0.013152380
v 0.040435573 -0.049766511 0.011100963
v 0.040232978 -0.049757955 0.016455617
v 0.050661688 -0.027669377 0.043217263
v 0.046218888 -0.030006240 0.047312376
v 0.049879147 -0.023641121 0.046831727
v 0.053458967 -0.020012863 0.043598004
v 0.020611977 -0.043238347 0.058577668
v 0.025820931 -0.040889344 0.057495447
v 0.021723617 -0.044919518 0.054850930
v 0.001052119 -0.053123519 0.051092163
v 0.004526908 -0.056357845 0.046919799
v -0.003079469 -0.056461199 0.046918777
v 0.027376653 -0.043058408 0.052781436
v 0.031797329 -0.042173573 0.049973502
v 0.036434172 -0.039167942 0.049374908
v 0.034600853 -0.045961875 0.044030540
v 0.065168353 -0.002473915 0.025455847
v 0.065053946 -0.001622886 0.018697990
v 0.065543661 -0.006178126 0.021884603
v 0.056018924 -0.014860560 0.041832882
v 0.047689838 -0.022850718 0.051219775
v -0.010303899 -0.054644299 0.048220192
v -0.005672419 -0.051567717 0.052567390
v 0.042694162 -0.037943311 0.044497182
v 0.045302742 -0.039864088 0.039606720
v 0.041599087 -0.043849298 0.039547951
v 0.053752887 -0.027302637 0.039143708
v 0.057211415 -0.019161895 0.038219740
v 0.048728330 -0.034405622 0.040542754
v 0.060702136 -0.008680527 0.036229937
v 0.062191140 -0.007039686 0.033587955
v 0.028746212 -0.045824754 0.048461488
v 0.017465483 -0.049013724 0.051926216
v 0.023899307 -0.047510950 0.049867033
v 0.027847061 -0.058234143 0.027859713
v 0.031408055 -0.056402339 0.024273576
v 0.026077613 -0.059144065 0.024550528
v 0.044843628 -0.046527004 0.019178941
v 0.058098605 -0.022302765 0.006196252
v 0.057455103 -0.026077424 0.010607841
v 0.060150989 -0.020412023 0.012135898
v 0.056700852 -0.026993545 0.006124609
v 0.027418591 -0.050830460 0.043886202
v 0.052438896 -0.033711835 0.035696693
v 0.056949984 -0.031860205 0.023947034
v 0.058907050 -0.027691116 0.020322053
v 0.057282218 -0.030179287 0.019220478
v 0.057460384 -0.013848217 0.040038302
v 0.020323611 -0.060963367 0.015842390
v 0.014993726 -0.062824737 0.012574215
v 0.014310143 -0.062957282 0.017174846
v 0.006172709 -0.045639439 0.062336325
v 0.062379879 -0.008597964 0.002013982
v 0.062454971 -0.007624932 0.002539460
v 0.062548097 -0.008097216 0.001983325
v 0.041533006 -0.049643195 0.023705658
v 0.043816357 -0.047559769 0.027188400
v 0.046846587 -0.044998227 0.024448104
v 0.047809475 -0.040700722 0.034971519
v -0.006493400 -0.064913330 0.013157009
v -0.007854423 -0.065594603 0.010250266
v -0.009950186 -0.064318550 0.012740953
v -0.010011654 -0.048712195 0.055584605
v -0.015172833 -0.050197985 0.052911968
v -0.008047012 -0.057821395 0.044196691
v -0.013614339 -0.057441204 0.043458589
v 0.064509425 -0.008279508 0.015308230
v 0.059134721 -0.012675286 0.037748388
v 0.061671209 -0.011935504 0.033631853
v 0.059897894 -0.025640054 0.023430438
v 0.061641008 -0.020482797 0.022357434
v 0.060615226 -0.023212249 0.019027835
v 0.020960142 -0.060889024 0.021172936
v 0.027739855 -0.058160723 0.021245795
v 0.056862787 -0.011578337 0.041555482
v 0.055790179 -0.031119336 0.013637588
v 0.055924534 -0.033321812 0.019521260
v 0.037130575 -0.049535129 0.037000890
v 0.042484101 -0.047605966 0.031837957
v 0.014986390 -0.052345353 0.048841710
v 0.008515578 -0.050571332 0.053240194
v 0.015295461 -0.046258404 0.056959048
v 0.010974644 -0.045818147 0.060074603
v 0.016755473 -0.043437762 0.061742021
v -0.009391044 -0.059929535 0.040209819
v -0.003919111 -0.060714153 0.040477391
v -0.009521980 -0.063729667 0.025185441
v -0.018046041 -0.062101564 0.023241522
v -0.014123657 -0.061888219 0.031500373
v 0.008374435 -0.058530512 0.042955618
v 0.008006972 -0.061058553 0.038481196
v 0.004341500 -0.059564286 0.042227592
v -0.009078344 -0.064044204 0.017866535
v 0.005214363 -0.062822364 0.034601768
v 0.004050387 -0.063767316 0.030406498
v -0.001536526 -0.063429258 0.032929864
v 0.033529906 -0.052968819 0.034964007
v 0.032166363 -0.051111301 0.039599965
v 0.060958822 -0.015538670 0.009058795
v 0.059676866 -0.017939839 0.006110608
v -0.019120433 -0.064671883 0.007087859
v -0.019903821 -0.064435044 0.007095957
v -0.020566502 -0.062664292 0.011146864
v -0.016610112 -0.064433328 0.009630621
v 0.060664403 -0.017189730 0.032710029
v 0.012493983 -0.063434549 0.022682169
v 0.065027723 -0.010748584 0.020010936
v 0.065109919 -0.006310052 0.019231484
v 0.053152021 -0.035872555 0.031666183
v -0.017527244 -0.062635237 0.016858999
v -0.009800893 -0.046914409 0.058340466
v -0.005003744 -0.048651486 0.056710437
v 0.004688943 -0.065631998 0.010017471
v -0.000906152 -0.064746257 0.014350087
v 0.006979222 -0.064309349 0.016119748
v 0.001839478 -0.061629606 0.038697153
v 0.000473284 -0.059080534 0.043337496
v 0.062308059 -0.004457302 0.033450405
v 0.028925011 -0.037502834 0.060827411
v 0.027437113 -0.037451681 0.064958130
v 0.036749193 -0.053366319 0.026277267
v 0.036936809 -0.052084672 0.031559111
v 0.039922290 -0.050731023 0.028105700
v 0.020940825 -0.060935812 0.028411320
v 0.013042208 -0.062850986 0.028743124
v 0.014712884 -0.061189025 0.034560546
v 0.035309080 -0.033068623 0.059402315
v 0.036668759 -0.034172002 0.055995530
v 0.032020247 -0.037847643 0.055790094
v 0.020254903 -0.051848998 0.046921010
v 0.058493761 -0.026499710 0.015860862
v 0.062041250 -0.011450164 0.009223980
v 0.061374817 -0.011203062 0.005957817
v 0.061108064 -0.013508747 0.007107478
v 0.049766610 -0.041854810 0.018483887
v 0.047609567 -0.042292670 0.012430155
v -0.001048118 -0.046509456 0.061527489
v -0.017534714 -0.058877666 0.038582604
v -0.012046386 -0.060765045 0.036987034
v 0.049615969 -0.041379485 0.029054022
v -0.028731676 -0.056893523 0.034475939
v -0.028992659 -0.055864602 0.037502166
v -0.023787256 -0.058014618 0.035995031
v 0.056179612 -0.031899855 0.028913019
v 0.053761694 -0.036782038 0.027104517
v 0.064057236 -0.007106306 0.029962484
v 0.009277606 -0.062180150 0.034736400
v 0.063655131 -0.001855155 0.030353638
v 0.051306021 -0.036545410 0.010611517
v 0.050924097 -0.038716491 0.013795220
v 0.053321480 -0.035130932 0.013327752
v 0.001062072 -0.048025952 0.058273769
v 0.028086300 -0.055187565 0.036743469
v 0.021236823 -0.055792258 0.040967834
v 0.043564947 -0.026133679 0.055874758
v 0.062569189 -0.016978909 0.026163224
v 0.027795773 -0.059429381 0.006997956
v 0.024565223 -0.060099918 0.009587842
v 0.028974931 -0.057701064 0.009989587
v 0.062627562 -0.009301184 0.032209611
v 0.048237025 -0.043540852 0.004253550
v 0.048226849 -0.043572434 0.004218154
v 0.046682369 -0.045322133 0.004350327
v 0.046011026 -0.044214908 0.007785460
v 0.006690779 -0.047256686 0.058689139
v 0.002802235 -0.046542773 0.060929986
v -0.026392296 -0.059524841 0.021160178
v -0.021997238 -0.061149670 0.018584056
v -0.026465801 -0.059465655 0.016042895
v 0.045742183 -0.045366902 0.028997116
v 0.046457712 -0.044026947 0.031149502
v 0.014118213 -0.058318153 0.040992592
v 0.032062784 -0.055583076 0.030561096
v 0.063202030 -0.011740462 0.029780390
v 0.053437766 -0.033603472 0.010585659
v 0.054322178 -0.031107324 0.008076126
v -0.000085096 -0.066096278 0.009430451
v 0.041622135 -0.049150488 0.027666524
v 0.051060910 -0.040622373 0.024467263
v -0.001755910 -0.064515274 0.019435608
v 0.001126065 -0.064634615 0.022955745
v 0.004376667 -0.064324825 0.020288401
v 0.026127473 -0.058833200 0.017807204
v 0.031836981 -0.055840833 0.018316449
v 0.029525137 -0.056527067 0.015288138
v 0.056075287 -0.028542155 0.009543677
v 0.063572495 -0.009394018 0.030534646
v 0.064935629 -0.009889062 0.025302703
v 0.049149367 -0.039746690 0.010425140
v 0.060547523 -0.022590209 0.025922649
v 0.043996246 -0.027549757 0.052696166
v 0.032753304 -0.055428375 0.009849888
v 0.033398063 -0.055673583 0.008409246
v 0.032194067 -0.057016062 0.006772075
v 0.036117024 -0.036147674 0.053398471
v -0.012849801 -0.059495465 0.039890310
v 0.064178370 0.000453203 0.028042907
v 0.000513605 -0.050348878 0.054544764
v 0.047494960 -0.041934186 0.009315789
v 0.048962514 -0.041074374 0.006400094
v 0.053942230 -0.036798300 0.022190528
v 0.021923492 -0.058720915 0.035042580
v 0.036872621 -0.052948458 0.020666888
v 0.036384026 -0.053166709 0.016249375
v 0.000527200 -0.064226898 0.026904236
v -0.003672902 -0.064565490 0.023054078
v 0.063184582 -0.013602646 0.013334135
v 0.063517041 -0.010222842 0.012186835
v 0.063798551 -0.014135009 0.022351218
v 0.061598674 -0.011660412 0.002194989
v 0.061488288 -0.012377642 0.002235481
v 0.061371115 -0.011874143 0.002790331
v -0.014361580 -0.046864790 0.057621679
v -0.026212112 -0.055531205 0.041079638
v 0.032661819 -0.035083283 0.060608251
v -0.019509969 -0.059916134 0.034213661
v 0.015432071 -0.063796523 0.008526345
v 0.010678389 -0.065050143 0.009057605
v -0.018518170 -0.046706699 0.057178369
v -0.011967363 -0.065747579 0.008629835
v -0.014450649 -0.063616481 0.013179352
v -0.000275277 -0.066902807 0.006711339
v 0.001604270 -0.066803489 0.006656915
v -0.020316732 -0.055508391 0.044431392
v 0.062912186 -0.016642433 0.018474323
v 0.062966845 -0.017040056 0.022463426
v 0.064797055 0.003154107 0.023025254
v 0.027698656 -0.060076575 0.005620946
v 0.024943714 -0.061413582 0.005763180
v 0.024409639 -0.061378983 0.006467398
v 0.062330712 0.002750846 0.001420299
v 0.053293704 -0.036312390 0.016974098
v -0.016061488 -0.065304784 0.007040938
v -0.016771858 -0.053535160 0.048317929
v 0.018030974 -0.058807402 0.037635286
v 0.036207570 -0.054782321 0.005120577
v 0.037693487 -0.053041955 0.006561067
v 0.037704331 -0.053627409 0.005020836
v 0.043131392 -0.048526619 0.006953569
v 0.062606978 -0.007618326 0.001956677
v 0.064335571 -0.012455794 0.016790359
v -0.022458838 -0.061530882 0.014737573
v 0.037251182 -0.051603622 0.012206177
v 0.006763784 -0.063914263 0.026308611
v 0.052339975 -0.034539963 0.007702766
v 0.056264575 -0.030225773 0.003307971
v 0.058235784 -0.025255210 0.002995767
v 0.008936270 -0.062962236 0.031582731
v 0.026489281 -0.058086121 0.031720414
v 0.010373785 -0.047443087 0.057320308
v -0.003785057 -0.066058730 0.009577911
v 0.020439072 -0.060693823 0.012152774
v -0.022337784 -0.051959923 0.049013165
v -0.019125051 -0.051208301 0.051046680
v 0.034385090 -0.054837856 0.008172324
v 0.050447792 -0.037620424 0.007676135
v 0.009996932 -0.064004608 0.012938482
v 0.061499701 -0.013941407 0.002317164
v 0.063115672 -0.007471522 0.011109423
v 0.033327064 -0.054243813 0.013475054
v 0.052728555 -0.036504690 0.003729741
v 0.052455709 -0.036951281 0.003760299
v -0.014580469 -0.065637696 0.007019610
v 0.012122954 -0.065672468 0.006322179
v 0.008874488 -0.066150799 0.006432320
v 0.025663134 -0.058521215 0.013461405
v -0.026297133 -0.052775786 0.045906880
v 0.052869378 -0.036286595 0.003714620
v -0.027249551 -0.060613319 0.010286962
v 0.060333977 -0.015502687 0.006579166
v 0.060780151 -0.014701285 0.004571894
v 0.034766571 -0.053296293 0.010055869
v 0.030007957 -0.056441590 0.012432042
v 0.060270674 -0.019262924 0.002628332
v 0.061081096 -0.017106369 0.003136713
v 0.061140948 -0.017164422 0.002495527
v 0.042983097 -0.049461618 0.004664212
v 0.038966427 -0.052597494 0.004933793
v 0.044866586 -0.047637263 0.004519248
v 0.053995024 -0.033176660 0.005494342
v 0.053053205 -0.035985721 0.003694033
v 0.056100542 -0.030595992 0.003331675
v 0.055915671 -0.030918717 0.003353435
v 0.011064602 -0.055428963 0.046508295
v 0.061940783 -0.009385356 0.004523673
v -0.023538628 -0.059485852 0.030301569
v -0.001945305 -0.066892783 0.006754545
v 0.017550567 -0.062078449 0.010641953
v 0.060016145 -0.019793991 0.002662838
v 0.058732246 -0.023715884 0.002902067
v 0.059931564 -0.020020089 0.002676907
v 0.062835060 -0.002768425 0.001696444
v 0.062610489 -0.006116572 0.001877854
v -0.026383035 -0.046072166 0.055957447
v -0.022068350 -0.047840588 0.054774352
v -0.027280613 -0.048945705 0.051200682
v 0.039119730 -0.030679662 0.057938988
v 0.040089467 -0.033268383 0.052091187
v 0.032811586 -0.057198432 0.005336170
v 0.016442185 -0.055104839 0.044717940
v 0.062684816 -0.000834268 0.001598979
v -0.007202753 -0.063362197 0.030118944
v -0.004429692 -0.064159409 0.027098965
v 0.061468378 -0.015108392 0.002379164
v 0.061403544 -0.015846851 0.002419576
v 0.030760714 -0.058401068 0.005452923
v -0.008671982 -0.066546324 0.006912526
v -0.011493552 -0.066212823 0.006968927
v 0.016456383 -0.064424082 0.006143257
v 0.020039271 -0.062201936 0.008321255
v 0.018159578 -0.063834464 0.006067746
v -0.006819672 -0.066712543 0.006872736
v 0.038763459 -0.042138255 0.044296630
v 0.019733351 -0.041268158 0.065084151
v 0.023381783 -0.040401612 0.062036128
v -0.012478479 -0.066058351 0.006986620
v -0.005719459 -0.066789073 0.006847938
v -0.023228805 -0.063224216 0.007119546
v -0.025423624 -0.062439017 0.007135855
v -0.008145459 -0.062159888 0.035325488
v 0.006515665 -0.066474977 0.006511083
v 0.041639588 -0.028999466 0.055284350
v -0.024210139 -0.059799432 0.025268218
v -0.030299570 -0.057196068 0.025828001
v 0.023542706 -0.062048827 0.005833170
v 0.021211895 -0.062933311 0.005940574
v -0.028273679 -0.061244426 0.007147859
v 0.040350381 -0.028077466 0.060698801
v 0.013386756 -0.065304549 0.006269797
v 0.064303072 0.002780663 0.026555543
v 0.049800324 -0.041331667 0.004059478
v -0.024654769 -0.044248118 0.059327409
v 0.048269242 -0.043518106 0.004214196
v -0.039552382 -0.053430469 0.011618933
v -0.035538476 -0.055898353 0.012704602
v -0.037790173 -0.055241083 0.009399701
v -0.037644279 -0.049168743 0.042754407
v -0.039437810 -0.046276297 0.044874332
v -0.035068340 -0.048427872 0.045987415
v -0.034891892 -0.043368933 0.053120061
v -0.050421462 -0.044322773 0.014512091
v -0.045662924 -0.048730980 0.019426637
v -0.046926852 -0.048080483 0.011955240
v -0.034354575 -0.057926083 0.007133126
v -0.034304852 -0.057926107 0.007215493
v -0.034300818 -0.057957940 0.007133388
v -0.030669716 -0.050173957 0.047206555
v -0.032514291 -0.051647713 0.043346835
v -0.043847580 -0.049164513 0.032707491
v -0.038084534 -0.052404666 0.034978520
v -0.040377760 -0.051977232 0.030300488
v -0.033090817 -0.056424668 0.021151371
v -0.038737653 -0.053376000 0.023937587
v -0.031166477 -0.057997524 0.012787631
v -0.031992898 -0.057103544 0.017100770
v -0.053806087 -0.039707584 0.021043567
v -0.048444556 -0.045778608 0.026840280
v -0.043979797 -0.049820648 0.026684502
v -0.037533347 -0.044881132 0.048703089
v -0.048604348 -0.044175637 0.033928704
v -0.044945644 -0.047017698 0.036729940
v -0.033498847 -0.053149585 0.039160751
v -0.033063391 -0.054730148 0.035669081
v -0.045288982 -0.050342911 0.007021900
v -0.042590577 -0.051455003 0.013890209
v -0.042261736 -0.052184805 0.009356706
v -0.045096469 -0.050476258 0.007023850
v -0.034655897 -0.057730044 0.007130739
v -0.039578291 -0.054698119 0.007100685
v -0.041290209 -0.053528053 0.007084172
v -0.040416607 -0.054139117 0.007093331
v -0.037466242 -0.054500821 0.016788418
v -0.030753655 -0.056521018 0.030907067
v -0.032113640 -0.055653561 0.033305215
v -0.027323906 -0.043184019 0.059587738
v -0.030078495 -0.044884943 0.055371869
v -0.032683084 -0.047034133 0.050066723
v -0.053551657 -0.040545566 0.012973336
v -0.046668345 -0.046619482 0.032852659
v -0.034078039 -0.055429377 0.028227762
v -0.056622159 -0.036846089 0.006611089
v -0.054071584 -0.040693910 0.006746024
v -0.043066159 -0.046104818 0.041661020
v -0.040093628 -0.049870384 0.038794868
v -0.036079701 -0.051162968 0.040988406
v -0.035711741 -0.054136522 0.031433017
v -0.034212950 -0.058007303 0.007133675
v -0.053116904 -0.042073297 0.006793341
v -0.049501998 -0.046336933 0.006922205
v -0.049425462 -0.046410654 0.006924066
v -0.053536169 -0.041537716 0.006776241
v -0.032585711 -0.042411531 0.056683756
v -0.045448220 -0.050207114 0.007018950
v 0.001534889 -0.010285244 0.003695721
f 1 2 3
f 4 5 6
f 7 8 9
f 10 11 12
f 13 14 15
f 16 17 18
f 19 9 20
f 21 11 22
f 23 24 25
f 26 27 28
f 29 30 31
f 32 33 34
f 35 36 37
f 38 39 34
f 40 41 42
f 43 44 45
f 17 46 47
f 27 38 34
f 36 38 27
f 18 17 48
f 49 50 51
f 52 53 54
f 55 56 57
f 58 18 48
f 24 23 59
f 46 48 47
f 60 61 62
f 47 48 17
f 63 64 65
f 50 30 51
f 66 67 54
f 68 24 59
f 69 70 71
f 28 72 73
f 74 75 76
f 77 78 79
f 61 80 81
f 82 83 84
f 85 82 86
f 87 18 88
f 83 82 85
f 89 85 86
f 90 91 92
f 9 19 7
f 93 89 94
f 90 92 95
f 95 92 96
f 96 92 97
f 95 98 90
f 89 93 99
f 100 83 85
f 97 92 101
f 102 95 96
f 103 104 83
f 100 103 83
f 100 85 105
f 102 96 106
f 107 105 99
f 103 100 108
f 101 109 97
f 108 104 103
f 105 108 100
f 107 110 105
f 74 111 112
f 109 113 97
f 114 110 107
f 108 115 104
f 116 102 117
f 110 114 118
f 119 105 110
f 120 113 109
f 121 122 123
f 106 122 124
f 113 125 123
f 126 123 125
f 123 126 121
f 120 127 113
f 128 117 129
f 130 124 122
f 130 122 121
f 127 125 113
f 131 132 115
f 119 118 133
f 91 134 101
f 135 129 124
f 136 137 138
f 120 139 127
f 125 127 140
f 126 125 141
f 120 142 139
f 140 141 125
f 141 143 126
f 144 145 146
f 147 137 136
f 136 148 147
f 149 133 150
f 145 128 135
f 135 128 129
f 141 139 151
f 148 152 147
f 150 153 149
f 124 130 154
f 135 124 154
f 155 156 135
f 151 157 141
f 148 153 158
f 158 152 148
f 159 160 161
f 151 139 142
f 156 155 162
f 163 162 164
f 165 142 166
f 167 168 143
f 163 164 169
f 170 151 171
f 155 172 173
f 162 174 164
f 169 175 158
f 111 175 112
f 165 171 151
f 176 155 173
f 175 177 112
f 178 170 179
f 180 181 165
f 176 173 168
f 182 183 168
f 168 183 176
f 184 182 185
f 177 186 187
f 176 183 188
f 185 179 189
f 188 183 190
f 183 184 189
f 119 108 105
f 183 189 190
f 188 190 191
f 190 192 191
f 193 194 195
f 196 197 198
f 196 198 199
f 200 201 202
f 191 192 203
f 204 205 206
f 207 208 209
f 130 121 126
f 114 145 144
f 163 156 162
f 99 90 98
f 210 211 212
f 213 214 215
f 216 212 217
f 216 218 219
f 220 221 222
f 117 106 129
f 223 224 225
f 226 227 228
f 229 230 231
f 232 233 234
f 235 236 237
f 238 239 240
f 241 242 243
f 244 245 246
f 247 248 249
f 250 251 252
f 248 247 253
f 183 182 184
f 248 254 249
f 247 249 255
f 249 256 255
f 254 248 257
f 258 259 260
f 261 254 257
f 144 146 150
f 257 248 262
f 263 264 221
f 265 266 267
f 221 264 268
f 105 85 89
f 269 270 242
f 271 272 256
f 270 249 254
f 247 273 274
f 220 265 267
f 275 276 277
f 145 135 156
f 278 279 280
f 281 282 283
f 254 261 242
f 270 254 242
f 284 231 285
f 286 287 288
f 231 284 289
f 290 291 287
f 292 293 294
f 92 91 101
f 295 296 297
f 256 298 271
f 270 278 299
f 300 301 302
f 99 116 107
f 303 240 304
f 305 306 307
f 308 309 310
f 311 312 313
f 314 232 234
f 315 286 288
f 316 304 240
f 238 240 312
f 317 318 319
f 298 256 299
f 320 312 311
f 321 202 201
f 240 239 316
f 249 270 256
f 322 269 242
f 323 324 325
f 326 238 327
f 317 319 328
f 320 317 328
f 299 256 270
f 329 330 331
f 332 272 271
f 333 316 239
f 114 107 116
f 334 335 239
f 305 307 271
f 326 327 336
f 242 261 243
f 166 337 180
f 338 300 279
f 278 270 269
f 339 271 298
f 339 305 271
f 307 340 332
f 341 342 343
f 299 339 298
f 328 344 320
f 167 141 157
f 345 328 346
f 347 348 349
f 290 350 351
f 352 334 326
f 322 241 353
f 352 335 334
f 241 322 242
f 354 305 339
f 338 269 322
f 278 280 299
f 279 300 355
f 327 320 356
f 306 305 354
f 279 278 269
f 357 358 359
f 360 200 361
f 322 353 338
f 45 362 43
f 350 290 286
f 159 333 335
f 345 344 328
f 355 280 279
f 363 364 365
f 366 367 368
f 262 248 253
f 369 365 370
f 244 371 372
f 330 327 356
f 58 373 88
f 339 299 354
f 32 34 39
f 374 375 376
f 377 33 32
f 378 48 379
f 338 279 269
f 380 381 13
f 382 377 32
f 289 304 383
f 59 384 68
f 385 386 296
f 387 388 389
f 67 66 390
f 330 391 327
f 392 393 377
f 382 392 377
f 331 344 345
f 394 395 396
f 271 307 332
f 397 43 362
f 398 299 280
f 355 300 302
f 212 216 237
f 399 400 401
f 402 403 404
f 405 406 407
f 408 315 395
f 409 393 410
f 291 290 411
f 145 114 117
f 331 228 329
f 412 413 414
f 415 416 417
f 393 392 418
f 419 420 421
f 336 422 352
f 423 424 425
f 160 352 426
f 427 391 330
f 428 429 430
f 390 431 432
f 433 434 435
f 436 437 438
f 439 23 25
f 440 415 417
f 420 419 441
f 442 443 444
f 118 144 133
f 445 446 447
f 285 303 284
f 448 414 449
f 406 413 441
f 116 117 114
f 450 451 452
f 453 420 454
f 20 455 379
f 221 220 267
f 456 6 457
f 458 10 12
f 428 417 459
f 357 460 461
f 57 296 462
f 444 443 405
f 426 352 422
f 214 463 251
f 464 465 466
f 467 468 325
f 405 469 449
f 441 413 470
f 395 315 226
f 452 413 450
f 465 471 472
f 160 473 161
f 176 188 191
f 176 162 155
f 449 414 405
f 228 331 396
f 460 357 359
f 474 475 450
f 476 427 329
f 97 113 123
f 441 454 420
f 470 452 454
f 421 477 419
f 478 479 359
f 421 453 437
f 480 481 482
f 483 288 287
f 484 391 485
f 473 160 426
f 291 486 483
f 483 486 487
f 453 421 420
f 405 407 444
f 488 476 489
f 228 395 226
f 490 448 449
f 491 452 451
f 492 493 469
f 226 288 227
f 122 106 494
f 165 181 171
f 483 487 495
f 419 406 441
f 453 454 491
f 496 497 453
f 498 485 245
f 469 405 443
f 499 500 501
f 502 77 473
f 503 504 505
f 412 448 506
f 470 454 441
f 496 453 491
f 507 442 444
f 508 509 510
f 511 512 513
f 502 498 77
f 514 245 515
f 408 395 394
f 489 329 516
f 450 413 474
f 197 361 198
f 491 451 496
f 507 444 407
f 228 227 516
f 159 335 160
f 517 518 519
f 520 77 498
f 507 407 477
f 116 99 98
f 178 185 182
f 465 521 466
f 475 451 450
f 522 523 358
f 483 524 227
f 469 493 449
f 525 488 526
f 488 527 514
f 524 495 528
f 529 530 531
f 474 412 532
f 436 533 442
f 169 174 208
f 498 245 244
f 406 414 413
f 534 493 492
f 154 173 172
f 167 143 141
f 442 533 443
f 436 477 421
f 512 535 513
f 245 514 527
f 230 285 231
f 491 454 452
f 490 449 493
f 536 537 538
f 412 474 413
f 539 540 77
f 421 437 436
f 287 291 483
f 473 426 502
f 150 163 153
f 541 540 539
f 542 543 544
f 128 145 117
f 163 150 146
f 526 516 545
f 178 157 170
f 546 119 133
f 372 520 244
f 414 448 412
f 327 391 336
f 520 539 77
f 525 547 548
f 405 414 406
f 507 477 436
f 549 550 551
f 506 532 412
f 436 442 507
f 246 245 527
f 452 470 413
f 136 131 149
f 484 422 336
f 448 490 552
f 438 533 436
f 139 141 140
f 204 206 544
f 419 407 406
f 516 553 545
f 554 555 556
f 477 407 419
f 515 488 514
f 557 558 525
f 520 372 559
f 203 186 207
f 520 559 539
f 560 561 562
f 563 564 561
f 527 488 525
f 525 548 527
f 565 566 567
f 565 567 568
f 294 569 570
f 571 572 573
f 571 573 574
f 560 563 561
f 575 568 567
f 468 576 262
f 574 573 577
f 191 207 209
f 578 358 357
f 566 565 579
f 580 568 575
f 547 525 558
f 581 582 583
f 219 237 216
f 518 517 584
f 69 71 585
f 289 284 304
f 246 586 371
f 526 489 516
f 546 108 119
f 505 282 503
f 587 559 372
f 237 210 212
f 538 251 250
f 523 522 568
f 207 191 203
f 588 589 536
f 288 483 227
f 211 210 590
f 591 357 461
f 592 593 200
f 594 508 510
f 295 355 595
f 513 596 597
f 547 558 598
f 599 600 601
f 371 587 372
f 602 603 513
f 105 89 99
f 604 605 606
f 607 596 513
f 96 494 106
f 608 204 609
f 610 611 587
f 612 291 411
f 590 463 211
f 215 538 537
f 613 614 615
f 194 616 537
f 557 545 617
f 544 370 204
f 179 185 178
f 618 619 215
f 463 213 211
f 536 194 537
f 587 586 620
f 424 621 252
f 367 622 556
f 603 602 623
f 70 205 71
f 624 433 625
f 499 217 500
f 542 544 206
f 463 214 213
f 626 70 627
f 370 609 204
f 628 629 630
f 631 632 633
f 634 635 636
f 637 638 447
f 358 578 522
f 616 618 537
f 513 603 607
f 607 614 596
f 639 610 587
f 508 594 503
f 358 572 359
f 558 617 640
f 90 93 94
f 210 424 590
f 620 586 641
f 642 519 643
f 283 482 644
f 645 543 542
f 571 646 572
f 523 573 358
f 236 424 210
f 647 570 569
f 554 556 648
f 649 650 651
f 275 652 653
f 639 654 655
f 656 503 657
f 598 558 640
f 231 383 229
f 547 658 641
f 476 329 489
f 613 597 614
f 570 647 659
f 660 656 657
f 358 573 572
f 200 309 661
f 662 663 664
f 523 665 577
f 523 577 573
f 598 666 652
f 580 665 523
f 580 523 568
f 587 667 639
f 668 669 670
f 203 671 672
f 348 673 674
f 675 674 676
f 610 639 655
f 214 251 538
f 677 678 679
f 344 331 330
f 648 680 681
f 682 683 684
f 586 548 641
f 363 365 685
f 686 687 673
f 688 689 690
f 252 251 463
f 642 691 519
f 666 598 276
f 692 292 294
f 693 694 695
f 696 643 697
f 698 693 699
f 639 667 654
f 700 701 702
f 700 702 703
f 323 325 253
f 346 394 345
f 704 641 658
f 206 705 542
f 581 633 706
f 598 704 658
f 205 70 707
f 481 267 266
f 671 203 192
f 602 708 623
f 106 117 102
f 154 130 143
f 709 309 710
f 234 260 314
f 126 143 130
f 711 694 693
f 711 693 698
f 653 652 666
f 672 186 203
f 370 712 609
f 713 350 714
f 704 598 652
f 715 716 717
f 718 719 720
f 721 655 341
f 232 722 723
f 426 484 502
f 724 725 726
f 727 728 729
f 246 371 244
f 730 731 732
f 569 615 647
f 614 607 733
f 733 615 614
f 659 647 734
f 311 303 735
f 736 623 737
f 380 647 615
f 554 648 681
f 609 738 629
f 548 547 641
f 564 739 740
f 564 740 561
f 169 153 163
f 741 742 743
f 731 225 744
f 745 746 747
f 654 748 233
f 749 747 746
f 750 751 752
f 286 315 714
f 715 753 716
f 153 148 149
f 497 754 453
f 755 756 717
f 438 757 758
f 640 617 759
f 640 759 760
f 611 610 761
f 762 763 764
f 765 766 767
f 255 768 273
f 769 770 771
f 772 773 774
f 257 775 261
f 766 776 777
f 734 647 380
f 778 217 499
f 434 624 779
f 779 780 193
f 777 736 737
f 370 365 712
f 771 754 769
f 781 782 778
f 783 784 785
f 786 757 438
f 123 494 97
f 787 788 789
f 755 717 716
f 790 645 542
f 617 528 759
f 236 791 424
f 792 772 774
f 654 793 748
f 794 219 218
f 792 769 772
f 774 770 792
f 497 772 769
f 232 655 233
f 771 795 754
f 754 795 437
f 796 760 759
f 437 795 797
f 437 797 786
f 754 497 769
f 770 769 792
f 257 262 576
f 501 619 618
f 797 757 786
f 437 453 754
f 218 782 781
f 553 516 227
f 798 718 662
f 437 786 438
f 782 216 217
f 758 533 438
f 589 799 434
f 781 800 794
f 801 802 803
f 318 311 735
f 778 782 217
f 250 588 538
f 537 618 215
f 804 799 805
f 217 212 500
f 208 186 177
f 485 515 245
f 625 806 780
f 807 777 764
f 213 500 211
f 167 178 182
f 344 330 356
f 748 793 808
f 501 215 619
f 809 409 810
f 811 812 813
f 319 346 328
f 273 814 815
f 642 816 817
f 96 97 494
f 383 304 316
f 495 487 818
f 796 759 528
f 819 818 487
f 655 232 341
f 135 172 155
f 796 820 760
f 656 260 821
f 808 268 748
f 822 823 731
f 760 820 824
f 246 548 586
f 825 826 827
f 763 332 340
f 528 495 828
f 233 748 268
f 222 275 220
f 796 829 820
f 110 118 119
f 587 620 667
f 670 233 268
f 821 669 504
f 290 351 411
f 830 816 831
f 391 484 336
f 600 832 676
f 600 676 674
f 99 93 90
f 833 435 834
f 811 835 812
f 547 598 658
f 836 813 831
f 756 811 836
f 224 727 729
f 601 600 581
f 601 581 837
f 578 357 591
f 632 706 633
f 722 838 839
f 838 826 839
f 840 841 842
f 840 843 841
f 844 845 840
f 627 70 385
f 846 847 841
f 731 823 223
f 143 168 154
f 662 848 849
f 670 234 233
f 850 224 729
f 741 743 732
f 845 851 840
f 852 853 343
f 854 730 565
f 645 855 543
f 856 842 857
f 844 840 842
f 858 842 856
f 859 841 847
f 609 712 738
f 841 857 842
f 741 732 744
f 841 843 846
f 791 236 235
f 860 224 861
f 857 841 859
f 862 716 863
f 225 731 223
f 743 864 865
f 71 204 608
f 819 866 818
f 753 863 716
f 738 712 364
f 818 867 828
f 848 868 869
f 849 848 864
f 341 343 721
f 724 718 870
f 71 608 585
f 369 544 543
f 731 730 822
f 686 871 865
f 705 790 542
f 729 719 798
f 687 865 864
f 732 872 730
f 873 607 807
f 603 736 607
f 277 220 275
f 365 364 712
f 424 791 425
f 524 617 545
f 306 874 875
f 873 340 876
f 365 369 877
f 221 268 808
f 878 879 880
f 733 876 881
f 620 641 704
f 798 849 850
f 307 876 340
f 723 722 839
f 222 221 808
f 882 872 743
f 733 881 615
f 883 636 884
f 662 718 663
f 306 881 307
f 885 632 886
f 559 587 611
f 120 109 887
f 443 888 469
f 889 888 890
f 615 881 381
f 891 892 893
f 855 877 369
f 894 895 896
f 607 873 876
f 791 235 683
f 897 894 896
f 829 528 828
f 685 365 877
f 881 306 875
f 881 898 381
f 636 635 884
f 354 874 306
f 899 891 893
f 621 250 252
f 900 897 91
f 490 894 897
f 893 874 899
f 898 881 901
f 91 896 134
f 490 902 552
f 255 273 247
f 903 62 634
f 904 785 554
f 881 875 901
f 905 534 895
f 173 154 168
f 282 906 907
f 908 900 909
f 910 381 898
f 908 911 902
f 875 874 893
f 193 195 779
f 899 874 354
f 900 902 897
f 905 895 894
f 307 881 876
f 912 913 914
f 733 607 876
f 534 887 895
f 915 875 893
f 730 854 822
f 891 899 398
f 385 296 627
f 556 555 916
f 917 918 919
f 899 354 299
f 920 280 921
f 892 915 893
f 398 899 299
f 398 920 891
f 920 398 280
f 864 742 849
f 920 921 891
f 921 280 297
f 355 295 280
f 90 909 900
f 922 890 923
f 902 911 924
f 280 295 297
f 109 101 134
f 664 852 868
f 501 500 215
f 925 926 927
f 928 926 929
f 142 120 930
f 536 589 195
f 492 469 888
f 896 895 887
f 195 194 536
f 931 927 889
f 493 905 490
f 925 142 930
f 218 216 782
f 932 159 161
f 933 695 934
f 894 490 905
f 935 936 937
f 296 57 297
f 938 815 814
f 867 818 939
f 940 935 941
f 921 297 57
f 942 820 829
f 943 57 944
f 296 386 462
f 94 945 909
f 888 946 492
f 277 947 265
f 94 909 90
f 736 777 807
f 493 534 905
f 909 945 908
f 935 948 936
f 949 551 950
f 490 897 902
f 552 924 951
f 921 57 943
f 805 952 678
f 887 928 929
f 902 924 552
f 921 892 891
f 872 740 730
f 902 900 908
f 935 953 948
f 171 954 170
f 91 90 900
f 921 943 955
f 723 868 852
f 897 896 91
f 386 69 956
f 13 381 14
f 729 798 850
f 375 374 957
f 958 462 386
f 959 960 961
f 56 944 57
f 642 643 962
f 862 755 716
f 940 953 935
f 726 663 724
f 944 56 943
f 963 802 801
f 964 915 965
f 531 530 966
f 901 964 967
f 968 375 969
f 591 223 823
f 780 779 624
f 734 15 659
f 668 670 264
f 937 970 935
f 971 375 968
f 967 898 901
f 828 867 829
f 462 958 972
f 946 928 492
f 972 57 462
f 953 940 973
f 626 690 707
f 974 975 957
f 56 976 943
f 977 978 979
f 518 584 324
f 980 977 981
f 976 56 982
f 224 983 225
f 965 915 984
f 985 915 892
f 834 605 916
f 659 15 14
f 986 959 987
f 776 988 762
f 423 989 990
f 447 659 445
f 232 342 341
f 991 775 576
f 898 992 910
f 993 958 994
f 995 969 957
f 386 994 958
f 979 981 977
f 983 741 744
f 996 60 980
f 969 959 961
f 263 267 481
f 997 914 998
f 975 995 957
f 865 871 743
f 955 943 976
f 968 969 961
f 955 985 892
f 999 205 1000
f 1001 975 974
f 765 768 988
f 38 1002 39
f 740 739 1003
f 740 1003 565
f 138 137 1004
f 829 1005 942
f 975 959 995
f 968 961 1006
f 987 975 1007
f 1008 9 1009
f 1010 1011 511
f 679 1012 977
f 983 744 225
f 987 1007 1013
f 975 987 959
f 768 765 1014
f 533 758 890
f 1015 1016 1017
f 1018 561 740
f 1019 1020 1021
f 969 995 959
f 52 956 53
f 534 492 928
f 1022 137 147
f 814 1014 765
f 256 762 255
f 890 758 923
f 868 723 869
f 741 983 742
f 888 443 533
f 762 988 255
f 138 1004 132
f 1023 362 309
f 1023 309 308
f 550 1024 996
f 814 1025 938
f 687 826 825
f 784 554 785
f 35 1002 38
f 152 111 1026
f 550 549 1024
f 978 551 979
f 978 621 423
f 1027 1028 807
f 185 189 184
f 368 1029 366
f 551 990 950
f 870 720 1030
f 735 303 285
f 640 276 598
f 533 890 888
f 887 929 120
f 927 926 946
f 925 927 931
f 950 549 949
f 925 929 926
f 678 606 804
f 1031 1032 35
f 1033 1034 931
f 1035 1036 1037
f 882 743 871
f 896 887 109
f 332 763 272
f 467 991 576
f 1038 942 1039
f 550 996 981
f 1040 1039 1005
f 62 635 634
f 925 166 142
f 683 1041 791
f 69 585 53
f 989 423 1041
f 981 996 980
f 701 1037 1036
f 607 736 807
f 942 1038 947
f 380 615 381
f 423 621 424
f 914 904 1042
f 927 946 889
f 1043 1044 132
f 931 922 1033
f 282 508 503
f 1045 931 1034
f 176 174 162
f 929 925 930
f 239 238 334
f 950 1046 1047
f 928 946 926
f 873 1028 340
f 929 930 120
f 695 933 479
f 762 764 776
f 764 1027 807
f 1045 166 925
f 534 928 887
f 896 109 134
f 934 702 701
f 1048 1049 1050
f 35 38 36
f 818 828 495
f 626 688 690
f 1051 1050 1049
f 1052 466 521
f 931 889 890
f 263 481 480
f 1053 1054 1055
f 1041 1032 989
f 931 1045 925
f 1056 1057 1054
f 942 947 820
f 950 1031 1046
f 1022 1058 1043
f 1058 1022 1059
f 472 521 465
f 1017 1060 1011
f 1049 1061 1062
f 1063 53 585
f 1053 1062 1054
f 1032 1031 989
f 396 395 228
f 1041 682 1032
f 277 265 220
f 320 344 356
f 1031 37 1046
f 997 783 914
f 227 524 553
f 482 1064 480
f 1065 997 1066
f 502 484 498
f 486 291 612
f 233 655 654
f 260 234 669
f 276 760 824
f 290 287 286
f 553 524 545
f 1067 838 722
f 186 208 207
f 1032 682 1002
f 314 1067 722
f 762 256 272
f 272 763 762
f 163 146 156
f 35 1032 1002
f 838 827 826
f 765 988 766
f 479 460 359
f 883 1029 1068
f 738 1044 1043
f 1069 1070 1071
f 1072 1058 1059
f 277 276 824
f 331 345 396
f 1073 1074 54
f 617 524 528
f 825 827 1075
f 592 1035 593
f 337 166 1045
f 1058 1076 1043
f 527 548 246
f 326 334 238
f 327 238 312
f 914 783 904
f 385 70 69
f 1028 873 807
f 234 670 669
f 1077 521 472
f 689 1078 690
f 934 913 933
f 622 366 680
f 326 336 352
f 1058 1079 1080
f 1081 816 830
f 314 259 1067
f 913 934 1036
f 276 275 653
f 591 1082 861
f 862 1083 1084
f 1078 689 1085
f 1086 1087 1088
f 917 919 1089
f 276 653 666
f 318 317 311
f 550 981 551
f 1090 1078 1085
f 152 1059 1022
f 301 689 1091
f 240 313 312
f 975 1001 1007
f 169 158 153
f 1092 1093 1076
f 1093 1092 628
f 576 775 257
f 526 488 489
f 294 597 569
f 312 320 327
f 1071 681 1094
f 273 1014 814
f 675 349 348
f 675 348 674
f 1076 1080 1092
f 1095 1096 1097
f 1098 301 300
f 1099 1100 1101
f 1095 1097 1102
f 1103 687 825
f 223 861 224
f 729 728 719
f 1067 259 649
f 503 821 504
f 338 353 300
f 1104 1102 1097
f 776 766 988
f 314 260 259
f 1027 763 340
f 546 131 108
f 1101 1105 1099
f 539 611 541
f 832 600 599
f 948 1056 1054
f 1105 1097 1099
f 1106 1107 1108
f 1109 1079 1074
f 1101 1110 1105
f 1111 1112 1078
f 791 1041 425
f 1113 1077 472
f 1078 1112 707
f 1114 1062 1061
f 360 1115 710
f 360 710 309
f 1049 521 1116
f 170 954 179
f 1061 1049 1116
f 1117 1118 1119
f 1105 1120 1104
f 1120 1121 1104
f 1121 1122 1123
f 848 662 1124
f 1096 1085 1097
f 604 368 916
f 1059 152 1072
f 1054 1114 936
f 1119 1118 1081
f 1125 1126 521
f 353 241 1127
f 970 1128 935
f 1116 1114 1061
f 977 1012 1129
f 1100 301 1101
f 1077 1130 1125
f 1131 1125 1130
f 1128 1132 941
f 1133 1134 1113
f 941 1132 1135
f 243 261 1136
f 1125 1116 1126
f 1116 1137 1114
f 1070 912 1042
f 1116 1138 1137
f 1073 1109 1074
f 1139 1140 1119
f 1054 936 948
f 764 777 776
f 1141 1142 1143
f 988 768 255
f 914 1036 998
f 54 53 1063
f 1076 1093 1043
f 682 684 1002
f 166 180 165
f 1131 1144 1116
f 1145 1110 1127
f 991 1146 775
f 1147 817 1118
f 998 1066 997
f 970 1148 1149
f 1150 1139 1081
f 1074 66 54
f 1109 1073 1092
f 1148 937 1137
f 833 555 1151
f 1152 973 1153
f 1154 1155 1156
f 1157 1158 1159
f 1070 1069 460
f 1117 1119 1140
f 1084 1081 1160
f 1062 1053 1051
f 767 814 765
f 311 317 320
f 1123 1161 1162
f 991 1163 1146
f 1164 1095 1102
f 1102 1165 1164
f 814 767 1025
f 1130 1134 1166
f 890 922 931
f 132 131 136
f 1093 628 630
f 1167 1168 1169
f 1149 1107 1170
f 1077 1171 1130
f 1172 1108 1173
f 1174 1175 629
f 1111 1090 1176
f 889 946 888
f 1177 1163 1178
f 1121 1120 1122
f 1179 1180 1181
f 273 768 1014
f 1084 1160 862
f 1120 1105 1182
f 1183 973 1152
f 1170 1135 1132
f 1151 555 784
f 1095 1184 1096
f 1171 1134 1130
f 1164 1185 1095
f 585 608 1175
f 830 813 812
f 661 309 362
f 1186 1187 1188
f 1027 764 763
f 1125 1131 1116
f 1189 708 602
f 1172 1190 1165
f 1191 1192 1134
f 1113 472 1193
f 1194 1195 1196
f 1127 1136 1197
f 1148 1198 1149
f 1199 1200 1201
f 1098 1101 301
f 1166 1202 1130
f 1159 1108 1107
f 862 835 755
f 1189 602 535
f 1203 1176 1090
f 1083 1150 1084
f 1078 1090 1111
f 937 1148 970
f 1204 1205 1176
f 1185 1206 1184
f 1043 132 1004
f 1185 1207 1206
f 1146 1163 1208
f 1207 1185 1164
f 941 1135 1162
f 1119 1081 1139
f 1209 1146 1210
f 340 1028 1027
f 1134 1192 1166
f 708 1189 1211
f 1166 1192 1202
f 1212 1142 1213
f 1146 1214 1210
f 1198 1107 1149
f 1144 1213 1141
f 1090 1215 1203
f 869 839 826
f 521 1077 1125
f 1176 1168 1204
f 1172 1173 1158
f 1216 1156 1155
f 1211 1025 1217
f 1218 1146 1208
f 737 708 766
f 1184 1219 1090
f 1220 1208 1177
f 1063 1092 1073
f 1052 1221 1049
f 423 425 1041
f 1182 1197 1188
f 1207 1164 1190
f 1210 1136 1209
f 402 1199 403
f 877 855 1222
f 1184 1206 1219
f 1191 1134 878
f 1223 1216 1186
f 1224 938 1025
f 1225 1181 1226
f 54 1063 1073
f 1176 1205 1111
f 1194 1206 1207
f 1220 403 1227
f 1228 1181 1222
f 1199 1229 403
f 1219 1215 1090
f 1217 1025 767
f 1228 1222 855
f 1217 766 708
f 1230 1231 1232
f 935 1128 941
f 1158 1233 1190
f 1234 1235 1236
f 1161 1153 941
f 1136 1210 1188
f 813 836 811
f 1229 1237 403
f 645 1226 855
f 1218 1214 1146
f 1167 1225 1226
f 1170 1128 970
f 766 1217 767
f 1238 1239 1240
f 1161 1241 1155
f 1236 1191 1242
f 1201 1229 1199
f 1168 1176 1243
f 938 1224 815
f 1142 1212 1230
f 1174 629 628
f 1211 1217 708
f 1208 1227 1240
f 991 1244 1163
f 1131 1130 1213
f 1107 1135 1170
f 1159 1245 1157
f 1126 1116 521
f 1219 1203 1215
f 973 941 1153
f 1246 1055 1057
f 1234 1180 1247
f 1062 1051 1049
f 1247 1179 1196
f 1141 1213 1142
f 973 940 941
f 1182 1187 1241
f 1113 1171 1077
f 1143 1245 1248
f 1100 1099 1085
f 1249 877 1222
f 1202 1235 1231
f 1157 1233 1158
f 1235 1202 1192
f 669 1064 504
f 1241 1187 1155
f 1192 1236 1235
f 1250 1183 1152
f 1251 1186 1239
f 1181 1252 1249
f 1214 1218 1239
f 662 664 1124
f 708 737 623
f 1229 1201 1253
f 1135 1107 1106
f 1231 1230 1212
f 1200 402 404
f 1188 1210 1214
f 1208 1240 1218
f 397 919 1254
f 1155 1187 1216
f 1191 1236 1192
f 1214 1239 1186
f 1127 1197 1145
f 1237 1229 1253
f 1148 1137 1138
f 1136 261 1209
f 1212 1213 1130
f 1245 1159 1248
f 1112 1111 1205
f 1255 1256 1257
f 1239 1238 1251
f 1159 1173 1108
f 1248 1198 1141
f 1223 1251 1258
f 402 1200 1199
f 1259 1260 1261
f 1262 1237 1253
f 1092 1175 1174
f 1175 1092 1063
f 1219 1206 1194
f 1184 1095 1185
f 855 1226 1228
f 1236 1242 1263
f 1221 521 1049
f 1264 1254 919
f 1264 919 918
f 1265 1225 1167
f 1260 1259 1266
f 1203 1219 1265
f 1043 1093 738
f 1227 1237 1262
f 243 1136 241
f 513 535 602
f 1058 1072 1079
f 1127 1098 353
f 1203 1169 1243
f 1238 1258 1251
f 152 1022 147
f 150 133 144
f 1076 1058 1080
f 1165 1190 1164
f 1267 1261 1253
f 427 476 485
f 1109 1080 1079
f 1168 1243 1169
f 1260 1268 1269
f 1154 1156 1250
f 1154 1153 1161
f 1270 1258 1269
f 835 811 755
f 645 790 1204
f 1265 1219 1194
f 1251 1223 1186
f 872 882 1018
f 301 1100 689
f 1250 1152 1154
f 1004 1022 1043
f 397 362 919
f 1026 1072 152
f 1057 1055 1054
f 1123 1122 1161
f 738 1093 630
f 1143 1248 1141
f 1145 1182 1105
f 137 1022 1004
f 1183 1250 1257
f 1221 1052 521
f 1156 1223 1271
f 1148 1141 1198
f 1195 1194 1157
f 1114 937 936
f 1259 1272 1267
f 241 1136 1127
f 1105 1110 1145
f 1203 1265 1169
f 1163 1177 1208
f 1259 1261 1272
f 1261 1267 1272
f 1104 1097 1105
f 1234 1236 1263
f 1222 1181 1249
f 1142 1230 1232
f 1156 1271 1250
f 1233 1207 1190
f 300 353 1098
f 1202 1212 1130
f 1227 403 1237
f 1107 1198 1248
f 1144 1131 1213
f 1180 1234 1263
f 777 737 766
f 1273 1196 1232
f 1101 1098 1110
f 1167 1226 645
f 1141 1138 1144
f 1138 1116 1144
f 1274 1172 1165
f 1104 1165 1102
f 1243 1176 1203
f 1092 1174 628
f 645 1204 1168
f 1216 1223 1156
f 1155 1154 1161
f 1080 1109 1092
f 738 630 629
f 1260 1269 1258
f 1132 1128 1170
f 1138 1141 1148
f 1255 1257 1250
f 1271 1223 1258
f 1178 1220 1177
f 543 855 369
f 668 1064 669
f 1135 1106 1162
f 1220 1227 1208
f 1228 1226 1181
f 1090 1096 1184
f 1247 1180 1179
f 1169 1265 1167
f 1085 1099 1097
f 1270 1255 1250
f 570 638 294
f 1261 1238 1262
f 1182 1188 1187
f 1085 1096 1090
f 1143 1195 1245
f 1247 1235 1234
f 849 742 983
f 1231 1247 1273
f 829 796 528
f 1063 585 1175
f 1172 1274 1108
f 1274 1121 1123
f 1275 1276 1266
f 1186 1216 1187
f 1273 1232 1231
f 1255 1268 1256
f 169 208 175
f 629 1175 608
f 1196 1265 1194
f 1196 1179 1225
f 1181 1180 1252
f 1207 1233 1194
f 1195 1157 1245
f 426 422 484
f 1121 1274 1104
f 1277 266 1038
f 751 750 746
f 1271 1258 1270
f 1114 1054 1062
f 303 304 284
f 1171 1113 1134
f 1127 1110 1098
f 1202 1231 1212
f 1263 1249 1180
f 1238 1240 1262
f 1248 1159 1107
f 1240 1239 1218
f 1241 1161 1120
f 1108 1274 1106
f 645 1168 1167
f 1196 1273 1247
f 704 222 808
f 1225 1179 1181
f 1158 1190 1172
f 131 546 133
f 1252 1180 1249
f 1143 1196 1195
f 1196 1225 1265
f 1194 1233 1157
f 1196 1143 1232
f 1232 1143 1142
f 1170 970 1149
f 1114 1137 937
f 652 275 222
f 707 690 1078
f 1247 1231 1235
f 1048 1052 1049
f 1018 740 872
f 1269 1255 1270
f 1274 1165 1104
f 479 478 695
f 1158 1173 1159
f 1278 1279 1280
f 1281 1282 1283
f 3 1284 1
f 1120 1182 1241
f 1 1282 1285
f 1284 1286 1278
f 1287 1288 1289
f 1284 1282 1
f 1284 1290 1283
f 1291 3 2
f 1289 1292 1287
f 1293 1256 1268
f 1291 1286 3
f 1262 1253 1261
f 1280 1279 1294
f 1290 1288 1295
f 1278 1290 1284
f 1296 837 581
f 1296 581 706
f 1288 1290 1297
f 775 1209 261
f 1298 1283 1295
f 1299 1300 1301
f 1302 1276 1303
f 1284 1283 1282
f 1286 1279 1278
f 568 822 854
f 1289 1304 1292
f 869 864 848
f 1275 1266 1305
f 263 480 264
f 1287 1295 1288
f 947 1038 265
f 824 820 947
f 1297 1306 1288
f 1307 1289 1301
f 1298 1295 1308
f 1308 1295 1287
f 822 578 823
f 1288 1306 1289
f 1297 1299 1301
f 1295 1283 1290
f 1067 827 838
f 1292 1308 1287
f 1292 1309 1308
f 1310 987 1013
f 1306 1297 1301
f 1289 1306 1301
f 1300 1311 1301
f 848 1124 868
f 1280 1310 1278
f 1311 1307 1301
f 1309 1298 1308
f 1260 1266 1276
f 1304 1309 1292
f 783 1065 784
f 1160 812 835
f 651 583 582
f 1238 1261 1258
f 1289 1307 1304
f 1284 3 1286
f 1197 1136 1188
f 1106 1274 1123
f 1312 1313 198
f 1312 198 701
f 260 669 821
f 686 865 687
f 1214 1186 1188
f 1276 1302 1268
f 871 1018 882
f 1162 1106 1123
f 1314 348 347
f 1240 1227 1262
f 1146 1209 775
f 732 743 872
f 853 852 664
f 1315 802 374
f 1038 1040 1277
f 1145 1197 1182
f 1120 1161 1122
f 1260 1258 1261
f 1260 1276 1268
f 376 1315 374
f 1316 1257 1256
f 1250 1271 1270
f 1161 941 1162
f 488 515 476
f 849 798 662
f 1100 1085 689
f 1268 1255 1269
f 1268 1302 1293
f 1305 1266 1259
f 1153 1154 1152
f 1039 1040 1038
f 1244 991 467
f 1005 829 867
f 606 368 604
f 787 1317 1318
f 1178 1244 1319
f 1320 1178 1319
f 1319 467 1321
f 343 342 852
f 325 1321 467
f 403 1220 1178
f 1320 1322 1178
f 1319 1321 1323
f 253 468 262
f 1178 1322 403
f 1323 1320 1319
f 551 981 979
f 584 1323 1321
f 1320 1323 1322
f 522 822 568
f 883 1068 636
f 864 869 826
f 403 1322 404
f 1319 1244 467
f 1324 517 1325
f 325 584 1321
f 224 850 983
f 1325 517 1326
f 1324 1323 584
f 1327 512 511
f 1326 517 519
f 998 592 1066
f 867 939 1328
f 817 816 1118
f 1038 266 265
f 1040 1005 1328
f 460 1069 461
f 1322 1323 1324
f 1244 1178 1163
f 404 1322 1324
f 503 594 657
f 404 1324 1325
f 348 871 686
f 517 1324 584
f 1246 1057 1329
f 1246 1329 1330
f 258 649 259
f 1331 1246 1330
f 1332 1088 1333
f 1057 1334 1329
f 1005 867 1328
f 843 840 1332
f 1335 1332 1333
f 258 260 656
f 1333 1336 1335
f 1336 1329 1335
f 591 823 578
f 1337 1338 1334
f 1339 1316 1340
f 1335 1341 1332
f 1337 953 1342
f 1343 1335 1329
f 663 718 724
f 1293 1344 1340
f 1341 1335 1345
f 947 277 824
f 638 637 692
f 1345 1335 1343
f 208 174 209
f 557 526 545
f 755 811 756
f 60 62 903
f 933 912 479
f 1346 1345 1343
f 1343 1339 1346
f 1338 1337 1342
f 818 866 939
f 1343 1329 1334
f 361 1037 198
f 1347 1338 1342
f 1339 1347 1183
f 504 1064 907
f 1339 1338 1347
f 983 850 849
f 1330 1336 1331
f 864 826 687
f 1337 1056 948
f 1039 942 1005
f 1345 1346 1344
f 1183 1347 1348
f 772 1349 773
f 843 1341 1350
f 1351 1293 1303
f 1339 1183 1316
f 1352 1353 1354
f 1348 973 1183
f 1293 1351 1344
f 1316 1183 1257
f 1344 1341 1345
f 1355 1285 1356
f 953 973 1348
f 1341 1344 1350
f 1056 1337 1334
f 1344 1351 1350
f 1357 1358 1359
f 953 1348 1342
f 1360 1361 1362
f 854 565 568
f 1344 1346 1340
f 1334 1338 1343
f 1055 1363 1053
f 1342 1348 1347
f 1336 1364 1331
f 652 222 704
f 1334 1057 1056
f 174 169 164
f 730 740 565
f 863 1083 862
f 1118 1117 1147
f 1332 1341 843
f 633 581 583
f 1293 1302 1303
f 597 294 511
f 1118 816 1081
f 1343 1338 1339
f 738 364 1365
f 1329 1336 1330
f 98 102 116
f 649 258 660
f 557 617 558
f 784 555 554
f 604 916 605
f 948 953 1337
f 1256 1293 1340
f 1366 376 971
f 70 626 707
f 1340 1316 1256
f 1160 1081 830
f 518 696 697
f 376 1366 1367
f 368 606 1368
f 835 862 1160
f 1084 1150 1081
f 840 1088 1332
f 1340 1346 1339
f 812 1160 830
f 1369 1018 871
f 1369 871 1370
f 870 718 720
f 584 325 324
f 1205 790 1112
f 148 136 149
f 821 503 656
f 793 704 808
f 1370 871 348
f 1370 348 1314
f 614 597 596
f 513 597 511
f 743 742 864
f 1296 706 1371
f 673 348 686
f 1372 1060 1017
f 691 642 817
f 691 817 1373
f 1373 1374 691
f 519 1374 1375
f 1326 519 1375
f 817 1147 1373
f 1376 1374 1373
f 620 793 667
f 1377 1371 706
f 1378 1376 1373
f 1374 1376 1379
f 559 611 539
f 1325 1375 1380
f 1378 1147 1381
f 1381 1382 1378
f 1376 1378 1379
f 1375 1379 1383
f 1384 1379 1378
f 1375 1383 1380
f 1385 1380 1383
f 1384 1383 1379
f 1380 1386 1325
f 1075 651 582
f 168 167 182
f 586 587 371
f 1384 1385 1383
f 1103 825 1075
f 1378 1382 1387
f 1382 1388 1387
f 1384 1387 1389
f 1386 1385 1390
f 1385 1384 1389
f 258 656 660
f 1267 1253 1390
f 1305 1259 1267
f 1375 1325 1326
f 1391 1305 1267
f 239 335 333
f 1391 1267 1390
f 1275 1392 1393
f 1389 1394 1390
f 175 111 158
f 1390 1394 1391
f 1395 846 1350
f 1275 1393 1276
f 1351 1395 1350
f 1392 1396 1397
f 1398 1399 1400
f 1401 859 847
f 1397 1402 1401
f 1401 1402 859
f 1403 1404 1405
f 315 288 226
f 1406 1407 1399
f 687 1103 673
f 345 394 396
f 1397 1408 1402
f 482 481 644
f 139 140 127
f 581 1103 582
f 1402 857 859
f 557 525 526
f 886 632 1409
f 886 1409 1410
f 178 167 157
f 515 485 476
f 98 95 102
f 313 303 311
f 632 885 1411
f 632 1411 706
f 283 907 482
f 94 89 86
f 594 631 633
f 650 649 660
f 1103 581 600
f 1412 1413 1414
f 1415 911 1416
f 1050 1417 1048
f 494 123 122
f 174 176 209
f 283 282 907
f 673 1103 600
f 383 231 289
f 907 906 504
f 264 1064 668
f 1418 1419 1420
f 106 124 129
f 583 651 650
f 154 172 135
f 115 132 104
f 704 793 620
f 1421 282 281
f 793 654 667
f 582 1103 1075
f 221 267 263
f 649 651 827
f 631 594 510
f 594 633 657
f 650 633 583
f 1422 1423 1424
f 1425 1396 1394
f 63 976 982
f 1044 1426 1427
f 161 1428 932
f 1429 1430 1431
f 1006 961 960
f 969 375 957
f 857 1432 856
f 1433 132 1427
f 1279 1420 1294
f 1414 1434 1435
f 1413 1412 1436
f 1254 43 397
f 833 916 555
f 625 433 1318
f 703 702 1437
f 1031 35 37
f 1369 562 561
f 1369 561 1018
f 44 201 45
f 1397 1401 1303
f 1124 664 868
f 1438 1366 971
f 1420 1439 1418
f 1279 1440 1441
f 949 549 551
f 1442 1443 1444
f 650 657 633
f 1003 579 565
f 1060 1372 1445
f 1435 1446 1447
f 1448 1015 1017
f 224 860 727
f 1071 554 681
f 1420 1441 1449
f 522 578 822
f 572 530 478
f 719 718 798
f 1010 1448 1017
f 1450 1015 1448
f 1447 858 856
f 1451 664 663
f 1452 1447 1446
f 978 990 551
f 692 294 638
f 1359 1051 1363
f 1413 1436 1453
f 1024 60 996
f 1129 621 978
f 374 974 957
f 1447 1452 858
f 1449 1454 1455
f 950 989 1031
f 1147 1378 1373
f 1456 1449 1441
f 1417 1050 1359
f 1449 1456 1457
f 978 977 1129
f 1446 1455 1454
f 1377 706 1411
f 427 330 329
f 1404 1458 1459
f 276 640 760
f 1412 1407 1406
f 1460 1452 1446
f 1454 1449 1457
f 1454 1460 1446
f 509 282 1421
f 1461 772 497
f 1462 844 842
f 496 1461 497
f 1457 1456 1291
f 83 104 1459
f 1044 1463 1426
f 1011 1010 1017
f 1464 1465 2
f 1414 1447 856
f 201 200 661
f 637 1450 1448
f 790 1000 1112
f 530 693 478
f 1042 554 1071
f 593 1035 361
f 677 1368 678
f 570 447 638
f 1466 971 968
f 1042 912 914
f 831 813 830
f 1071 1070 1042
f 1060 1327 1011
f 880 1191 878
f 1368 606 678
f 1000 205 707
f 1352 877 1353
f 980 679 977
f 1030 724 870
f 692 1448 1010
f 82 1467 1468
f 199 198 1313
f 196 1115 360
f 196 360 197
f 310 309 709
f 1361 1457 1465
f 1448 692 637
f 843 1350 846
f 1443 1086 1444
f 934 694 702
f 1469 1470 1405
f 966 530 572
f 966 572 646
f 1047 549 950
f 1035 1037 361
f 367 556 916
f 648 622 680
f 903 679 980
f 903 634 677
f 642 962 831
f 950 990 989
f 368 1068 1029
f 677 679 903
f 744 732 731
f 60 903 980
f 664 1451 853
f 1471 879 878
f 816 642 831
f 1353 1242 1472
f 834 916 833
f 605 804 606
f 370 544 369
f 1000 705 999
f 1472 1242 1191
f 323 274 1473
f 1112 1000 707
f 677 634 1368
f 1133 1193 1474
f 1354 1405 1470
f 1475 1476 1477
f 869 723 839
f 726 1451 663
f 479 1070 460
f 783 785 904
f 1393 1303 1276
f 1133 1471 1134
f 1432 1407 1412
f 511 294 293
f 482 907 1064
f 661 362 45
f 556 622 648
f 1409 632 631
f 651 1075 827
f 694 934 695
f 505 906 282
f 1065 1066 788
f 151 142 165
f 827 1067 649
f 498 484 485
f 151 170 157
f 253 247 323
f 1474 1478 1479
f 191 209 176
f 516 329 228
f 282 509 508
f 498 244 520
f 467 576 468
f 1465 1457 1291
f 264 480 1064
f 111 152 158
f 208 177 175
f 108 131 115
f 471 465 1480
f 133 149 131
f 479 912 1070
f 156 146 145
f 273 1481 274
f 1091 688 302
f 1191 880 1472
f 974 374 963
f 132 136 138
f 160 335 352
f 495 524 483
f 1094 1069 1071
f 1193 472 471
f 367 916 368
f 114 144 118
f 236 210 237
f 427 485 391
f 600 674 673
f 1458 84 83
f 309 200 360
f 1482 1357 1359
f 1483 659 14
f 621 1129 250
f 670 268 264
f 1087 1364 1088
f 505 504 906
f 660 657 650
f 659 1483 445
f 303 313 240
f 1484 1485 1486
f 994 1487 432
f 714 350 286
f 374 802 963
f 1048 1488 1052
f 1405 1354 1403
f 1459 1405 1404
f 678 804 805
f 446 1483 1429
f 530 529 699
f 530 699 693
f 963 801 974
f 1278 1310 1013
f 1464 2 1
f 1394 1392 1391
f 794 218 781
f 1068 368 1368
f 1472 1404 1403
f 1433 104 132
f 912 933 913
f 292 692 1010
f 852 342 723
f 296 295 595
f 1036 914 913
f 688 1091 689
f 1489 1490 1491
f 745 747 1492
f 998 1035 592
f 1493 1476 1494
f 223 591 861
f 301 1091 302
f 1381 1147 1117
f 993 994 1495
f 1336 1333 1364
f 1496 1454 1457
f 1036 1035 998
f 538 588 536
f 1000 790 705
f 1427 363 1497
f 857 1402 1408
f 464 1416 1480
f 643 519 697
f 1498 1478 1474
f 63 985 976
f 611 1499 1500
f 541 611 1500
f 1444 1501 1442
f 761 1499 611
f 1381 1117 1502
f 858 1462 842
f 1501 1444 1356
f 1488 1503 1052
f 1441 1440 1291
f 214 538 215
f 202 1504 200
f 64 63 982
f 911 908 1416
f 4 1505 1506
f 1425 1399 1396
f 1353 1263 1242
f 1468 1471 1133
f 1507 1416 464
f 200 1504 592
f 1019 1506 1508
f 984 985 1509
f 1510 389 388
f 48 378 58
f 1511 14 1512
f 430 1513 417
f 1493 1494 772
f 84 1471 1467
f 1507 464 1503
f 59 1514 1515
f 363 1463 1365
f 1476 1475 1494
f 1460 1454 1462
f 1507 1415 1416
f 911 1415 924
f 159 1516 333
f 424 252 590
f 1503 1517 1415
f 1395 1303 1401
f 1397 1303 1393
f 1200 1325 1386
f 1518 1462 1454
f 1511 1483 14
f 627 296 595
f 671 1519 672
f 1517 1503 1488
f 1457 1361 1496
f 1200 1386 1201
f 924 1415 1517
f 1520 1521 1514
f 1503 464 466
f 1496 1522 1523
f 1396 1399 1407
f 1519 186 672
f 1432 1408 1407
f 1483 446 445
f 1519 384 1515
f 1461 496 1524
f 177 1521 1525
f 847 846 1401
f 1526 1516 932
f 1517 951 924
f 1527 1517 1528
f 471 1474 1193
f 858 1460 1462
f 589 779 195
f 84 879 1471
f 431 1529 1495
f 432 431 1495
f 87 1516 1526
f 1530 1531 1047
f 1525 112 177
f 625 780 624
f 64 1529 65
f 1514 1521 187
f 1509 63 1532
f 1533 1509 1532
f 1048 1417 1488
f 1519 1514 187
f 9 1008 20
f 1515 384 59
f 323 247 274
f 88 1516 87
f 637 1534 1450
f 159 932 1516
f 316 1516 383
f 1356 1285 1501
f 67 390 432
f 1518 1454 1496
f 186 1519 187
f 5 1019 1021
f 1450 1534 1535
f 1516 229 383
f 1440 1279 1286
f 1487 67 432
f 229 1516 373
f 53 956 69
f 384 1519 1536
f 378 229 373
f 984 915 985
f 1281 1285 1282
f 1533 399 1537
f 81 80 1538
f 1529 431 65
f 384 1536 41
f 1524 496 451
f 1521 177 187
f 1539 1009 9
f 404 1325 1200
f 1509 1533 984
f 65 1532 63
f 41 1536 42
f 1540 1429 1511
f 455 229 378
f 1516 316 333
f 1541 1072 76
f 679 952 1012
f 229 455 1536
f 1072 1026 76
f 455 42 1536
f 1542 76 1026
f 1514 1519 1515
f 1422 1535 1534
f 700 1312 701
f 373 1516 88
f 399 49 1537
f 19 20 810
f 608 609 629
f 431 390 1543
f 65 1543 1532
f 1285 1355 1464
f 399 1533 1544
f 1545 588 952
f 23 439 1520
f 434 779 589
f 921 955 892
f 40 42 1008
f 1009 1539 1020
f 1546 1422 1424
f 1355 1547 1464
f 972 1529 64
f 1037 701 198
f 1495 1529 993
f 432 1495 994
f 34 28 27
f 1548 806 625
f 1129 1012 250
f 1009 40 1008
f 1518 1496 1523
f 1429 1540 1549
f 1422 1546 1535
f 1550 7 418
f 11 440 1513
f 76 1542 74
f 1521 75 1525
f 1513 430 1551
f 1540 49 51
f 458 12 1552
f 112 1525 74
f 1538 80 428
f 415 1428 79
f 683 235 1553
f 1550 1554 7
f 1555 1556 1557
f 41 40 1558
f 1523 845 844
f 88 18 58
f 237 219 1559
f 1560 1510 4
f 1547 1362 1464
f 1561 1552 12
f 1545 799 589
f 24 68 1562
f 9 8 1556
f 1557 8 1554
f 1528 1563 1527
f 378 379 455
f 362 1023 1089
f 362 1089 919
f 799 435 434
f 833 788 1318
f 1558 1508 1562
f 273 815 1481
f 985 63 1509
f 1564 1565 321
f 1074 1079 1566
f 1561 1551 1531
f 1379 1375 1374
f 1558 1019 1508
f 805 799 1545
f 253 325 468
f 685 1352 1470
f 86 1479 1567
f 44 43 1568
f 1317 625 1318
f 1560 29 31
f 1317 1548 625
f 52 67 1487
f 1374 519 691
f 1400 1399 1425
f 809 20 379
f 1563 1528 1417
f 588 1545 589
f 1541 76 1569
f 36 27 26
f 1361 1360 1496
f 952 805 1545
f 67 52 54
f 1398 1406 1399
f 1560 4 1570
f 1571 459 416
f 1435 1447 1414
f 1572 1060 1445
f 799 834 435
f 965 984 967
f 1556 8 1557
f 783 997 1065
f 235 1559 1553
f 1562 1508 24
f 1548 1317 1573
f 588 250 1012
f 1574 1521 1520
f 458 1552 26
f 804 605 799
f 856 1432 1414
f 506 448 951
f 1444 1355 1356
f 1020 1539 1021
f 1427 1426 1463
f 736 603 623
f 605 834 799
f 1360 1362 1547
f 19 410 418
f 1575 1573 1317
f 787 1318 788
f 1423 1430 1429
f 1420 1419 1294
f 1531 1530 1561
f 46 73 72
f 1576 1577 1087
f 1423 456 1424
f 204 71 205
f 1026 111 1542
f 22 932 21
f 1577 1576 1578
f 1506 1505 1508
f 1579 750 752
f 1580 1532 1543
f 1497 1469 1427
f 1364 1087 1577
f 1539 1556 1581
f 1542 111 74
f 749 1582 747
f 1047 1583 1024
f 1364 1577 1331
f 5 1506 1019
f 1533 967 984
f 1246 1578 1055
f 1578 1331 1577
f 1432 1412 1414
f 44 321 201
f 1580 1544 1533
f 1584 1578 1576
f 1331 1578 1246
f 41 1562 68
f 693 695 478
f 1527 532 506
f 386 956 994
f 1431 446 1429
f 1471 1468 1467
f 1358 1417 1359
f 1412 1406 1436
f 51 1549 1540
f 1585 1586 1541
f 789 1575 787
f 1565 789 1504
f 1360 1522 1496
f 1483 1511 1429
f 685 1470 1469
f 1079 1586 1566
f 784 1065 1151
f 836 831 962
f 475 1357 1524
f 1547 1444 1522
f 7 1554 8
f 1470 1352 1354
f 205 999 206
f 1438 971 1466
f 360 361 197
f 661 45 201
f 745 751 746
f 1458 880 879
f 1513 12 11
f 1431 637 446
f 572 478 359
f 904 554 1042
f 1151 788 833
f 1508 25 24
f 418 1587 1550
f 1588 1581 1555
f 381 910 14
f 851 845 1523
f 457 1021 1589
f 1522 1360 1547
f 1047 1024 549
f 1469 104 1433
f 474 532 1563
f 459 417 416
f 430 417 428
f 1482 1363 1493
f 1474 1468 1133
f 1021 6 5
f 31 1590 1591
f 1449 1439 1420
f 1432 857 1408
f 1408 1397 1407
f 429 80 1583
f 1514 59 23
f 1359 1363 1482
f 1505 1510 25
f 1394 1396 1392
f 1353 877 1249
f 1433 1427 1469
f 934 701 1036
f 951 448 552
f 1405 1459 1469
f 72 393 46
f 1559 235 237
f 1086 1523 1522
f 976 985 955
f 86 82 1479
f 1517 1527 951
f 1086 851 1523
f 401 50 49
f 1088 840 851
f 1569 1585 1541
f 212 211 500
f 435 833 433
f 1480 1416 945
f 1285 1464 1
f 1565 1575 789
f 1531 1551 1583
f 1564 1575 1565
f 1588 1589 1581
f 82 1468 1474
f 1549 1423 1429
f 1576 1592 1484
f 1423 1422 1430
f 788 1066 789
f 428 1593 1538
f 21 1428 415
f 447 446 637
f 1593 428 459
f 1543 390 1491
f 410 810 409
f 1020 40 1009
f 794 800 1594
f 87 1526 1595
f 400 389 1590
f 1581 1021 1539
f 1589 1588 1596
f 418 392 1587
f 1513 1551 12
f 21 440 11
f 49 1512 1537
f 20 809 810
f 1305 1391 1392
f 82 1474 1479
f 1497 363 685
f 844 1518 1523
f 1458 1404 1472
f 1389 1425 1394
f 1502 1382 1381
f 1597 1493 1461
f 1413 1453 1434
f 31 30 50
f 1563 1417 1358
f 1544 1543 387
f 626 627 595
f 1482 1493 1597
f 613 569 597
f 1263 1353 1249
f 1498 945 1567
f 73 17 16
f 1528 1517 1488
f 1458 879 84
f 1472 1403 1353
f 1416 908 945
f 968 1598 1466
f 1563 532 1527
f 1576 1087 1592
f 1397 1396 1407
f 451 475 1524
f 781 778 800
f 1428 21 932
f 1134 1471 878
f 23 1520 1514
f 1597 1357 1482
f 132 1044 1427
f 1415 1507 1503
f 1463 363 1427
f 1352 685 877
f 1443 1599 1086
f 293 1010 511
f 1201 1390 1253
f 1486 1600 1584
f 1052 1503 466
f 1113 1193 1133
f 1478 1567 1479
f 1465 1291 2
f 1567 94 86
f 1474 471 1498
f 1044 738 1463
f 1551 429 1583
f 1357 475 1358
f 25 1601 439
f 459 1571 1602
f 1510 1601 25
f 1578 1363 1055
f 964 965 967
f 1602 1571 1603
f 1420 1279 1441
f 1497 685 1469
f 945 94 1567
f 1451 726 1604
f 1605 1603 1606
f 982 56 55
f 1556 1555 1581
f 1538 1607 81
f 1526 932 22
f 72 28 33
f 75 74 1525
f 1607 1538 1608
f 1605 1608 1593
f 1609 1610 540
f 1609 541 1500
f 1611 61 81
f 418 7 19
f 971 376 375
f 1606 1610 1612
f 1466 1598 1613
f 1605 459 1602
f 1614 1609 1500
f 1606 1615 1616
f 1082 1617 860
f 388 1601 1510
f 1567 1478 1498
f 1609 1618 1610
f 1606 1616 1619
f 1605 1602 1603
f 1610 1618 1612
f 738 1365 1463
f 1614 1618 1609
f 1464 1362 1465
f 1385 1389 1390
f 1619 1620 1607
f 952 588 1012
f 1619 1616 1621
f 622 367 366
f 1010 293 292
f 1608 1605 1606
f 4 6 1570
f 1500 1622 1614
f 20 42 455
f 595 302 688
f 635 1611 884
f 593 361 200
f 1510 1560 1591
f 1623 1624 1614
f 1625 1626 1627
f 1620 884 1611
f 884 1628 883
f 1629 1618 1624
f 78 1610 1603
f 591 461 1630
f 1631 1632 1621
f 681 680 1094
f 457 1589 1596
f 457 1596 456
f 390 66 1489
f 1074 1489 66
f 447 570 659
f 833 1318 433
f 615 569 613
f 518 697 519
f 1615 1633 1634
f 1612 1633 1615
f 1611 635 61
f 1620 1619 1632
f 1635 1631 1634
f 1617 727 860
f 1636 1633 1629
f 1624 725 1637
f 1638 1639 1628
f 1619 1621 1632
f 1618 1629 1633
f 725 724 1030
f 1030 1637 725
f 884 1640 1628
f 626 595 688
f 711 1437 702
f 711 702 694
f 1640 1631 1628
f 1317 787 1575
f 463 590 252
f 1641 1631 1635
f 990 978 423
f 1608 1538 1593
f 788 1151 1065
f 1635 1636 1626
f 1636 1637 1642
f 1637 1030 1642
f 1620 81 1607
f 1631 1621 1616
f 1628 1639 883
f 323 1473 324
f 1641 1635 1638
f 1630 1069 1094
f 1413 1434 1414
f 1632 1631 1640
f 1617 1082 1643
f 720 1642 1030
f 962 643 836
f 1638 1628 1641
f 1614 1624 1618
f 1631 1616 1615
f 1634 1636 1635
f 1606 1603 1610
f 1624 1637 1629
f 1628 1631 1641
f 1631 1615 1634
f 1644 1645 1639
f 459 1605 1593
f 366 1029 1645
f 719 728 1646
f 683 682 1041
f 844 1462 1518
f 1618 1633 1612
f 1626 1625 1638
f 1639 1638 1644
f 1625 1646 727
f 1204 790 1205
f 1642 1626 1636
f 366 1643 680
f 1646 720 719
f 1644 1638 1625
f 1626 1642 1627
f 1384 1378 1387
f 1639 1645 883
f 1082 1094 1643
f 1069 1630 461
f 1636 1629 1637
f 727 1646 728
f 680 1643 1094
f 1601 388 1490
f 1609 540 541
f 1620 1632 1640
f 1560 31 1591
f 1604 725 1623
f 1647 1644 1625
f 1644 366 1645
f 636 1368 634
f 82 84 1467
f 1617 1647 1625
f 42 20 1008
f 1645 1029 883
f 1611 81 1620
f 540 1610 78
f 1608 1606 1619
f 26 28 73
f 1627 1646 1625
f 1647 1617 1643
f 1604 726 725
f 1522 1444 1086
f 232 723 342
f 302 595 355
f 1088 1364 1333
f 1368 636 1068
f 1622 1623 1614
f 80 429 428
f 79 1571 416
f 511 1011 1327
f 1508 1505 25
f 1619 1607 1608
f 1573 1575 1564
f 343 853 1648
f 1617 1625 727
f 1630 1094 1082
f 1649 1450 1535
f 1624 1623 725
f 1647 1643 1644
f 314 722 232
f 12 1551 1561
f 33 377 393
f 1591 389 1510
f 1566 1490 1489
f 591 1630 1082
f 1603 1571 78
f 1504 789 592
f 1305 1392 1275
f 720 1646 1627
f 458 16 10
f 1644 1643 366
f 1082 860 861
f 1627 1642 720
f 1362 1361 1465
f 1586 1072 1541
f 1599 1443 1442
f 1529 972 958
f 6 1021 457
f 1086 1088 851
f 1626 1638 1635
f 1615 1606 1612
f 364 363 1365
f 858 1452 1460
f 473 77 79
f 1620 1640 884
f 1634 1633 1636
f 875 915 964
f 1512 910 992
f 78 1571 79
f 1561 1530 1552
f 416 415 79
f 1650 1570 6
f 789 1066 592
f 388 387 1490
f 55 972 64
f 1512 14 910
f 1600 1651 1477
f 57 972 55
f 26 1552 37
f 992 898 967
f 809 48 46
f 439 1574 1520
f 1047 1046 1530
f 1456 1441 1291
f 1087 1599 1592
f 440 417 1513
f 1444 1547 1355
f 1087 1086 1599
f 1652 439 1601
f 1486 1485 1600
f 1484 1486 1576
f 456 1650 6
f 1600 1477 1584
f 1423 1549 30
f 1489 1074 1566
f 1595 11 10
f 1024 1583 60
f 400 399 1544
f 992 967 1537
f 1584 1576 1486
f 46 393 409
f 75 1521 1574
f 1584 1653 1654
f 40 1019 1558
f 1475 1477 1651
f 69 386 385
f 1417 1528 1488
f 1653 1584 1477
f 51 30 1549
f 1428 473 79
f 1527 506 951
f 1490 1566 1601
f 1563 1358 475
f 1652 1601 1566
f 1439 1449 1455
f 1395 1351 1303
f 1590 31 50
f 1291 1440 1286
f 1653 1477 1476
f 387 389 1544
f 1431 1430 1534
f 1506 5 4
f 1349 1494 1475
f 1395 1401 846
f 50 400 1590
f 1349 772 1494
f 380 13 734
f 1487 994 52
f 1589 1021 1581
f 29 1560 1570
f 958 993 1529
f 1574 1652 75
f 384 41 68
f 1392 1397 1393
f 1566 1585 1652
f 1480 1498 471
f 473 1428 161
f 387 1491 1490
f 400 1544 389
f 1531 1583 1047
f 1431 1534 637
f 431 1543 65
f 1570 1650 29
f 1526 22 1595
f 75 1652 1569
f 1504 202 321
f 80 61 1583
f 1491 387 1543
f 1422 1534 1430
f 1543 1544 1580
f 400 50 401
f 456 1423 30
f 418 410 393
f 540 78 77
f 1511 49 1540
f 55 64 982
f 1424 456 1596
f 1532 1580 1533
f 213 215 500
f 734 13 15
f 390 1489 1491
f 389 1591 1590
f 1569 76 75
f 1565 1504 321
f 1585 1569 1652
f 1578 1584 1654
f 30 29 1650
f 1459 104 1469
f 401 49 399
f 1653 1476 1493
f 61 60 1583
f 1382 1502 1388
f 1653 1493 1654
f 1461 1493 772
f 1585 1566 1586
f 410 19 810
f 1458 83 1459
f 1512 992 1537
f 1530 37 1552
f 1363 1051 1053
f 37 1530 1046
f 1019 40 1020
f 464 1480 465
f 1597 1524 1357
f 1655 1656 1657
f 1562 41 1558
f 1386 1390 1201
f 1658 1659 1655
f 1539 9 1556
f 1660 1661 1662
f 33 28 34
f 1524 1597 1461
f 1663 1656 1655
f 1664 1665 1666
f 1658 1667 1668
f 1458 1472 880
f 986 1310 1280
f 752 1655 1657
f 434 433 624
f 1655 1659 1663
f 1659 1658 1668
f 1582 1669 1670
f 747 1670 1492
f 752 1658 1655
f 1663 1659 1453
f 1659 1435 1434
f 409 809 46
f 1671 1668 1672
f 1671 1673 1446
f 1657 1579 752
f 1533 1537 967
f 49 1511 1512
f 48 809 379
f 635 62 61
f 1674 1675 1676
f 1677 1418 1439
f 1678 1453 1436
f 1676 960 959
f 1664 751 745
f 206 999 705
f 952 679 678
f 1079 1072 1586
f 456 30 1650
f 1450 1649 1015
f 73 46 17
f 1677 1671 1661
f 1363 1654 1493
f 373 58 378
f 959 986 1676
f 1622 1604 1623
f 475 474 1563
f 1622 1648 1604
f 1280 1294 986
f 752 751 1658
f 1678 1663 1453
f 1294 1674 986
f 1678 1398 1663
f 1670 1679 1492
f 1648 1622 1500
f 1499 761 721
f 1659 1434 1453
f 1669 1582 1598
f 655 761 610
f 960 1680 1006
f 1681 968 1006
f 1682 1683 1684
f 1664 1658 751
f 1419 1674 1294
f 721 343 1648
f 1678 1406 1398
f 853 1451 1648
f 1648 1499 721
f 1685 1680 960
f 1685 1006 1680
f 1676 1675 960
f 1681 1679 1670
f 1670 747 1582
f 1675 1682 1685
f 1682 1675 1683
f 1006 1679 1681
f 1006 1685 1679
f 1660 1674 1419
f 1436 1406 1678
f 1455 1677 1439
f 1499 1648 1500
f 655 721 761
f 1660 1683 1675
f 1604 1648 1451
f 1669 1681 1670
f 1051 1359 1050
f 1675 1685 960
f 1419 1677 1660
f 1661 1660 1677
f 1679 1685 1686
f 1498 1480 945
f 1380 1385 1386
f 745 1686 1664
f 1659 1671 1435
f 1403 1354 1353
f 1595 10 87
f 1681 1669 1598
f 1660 1662 1687
f 1660 1675 1674
f 37 36 26
f 1688 1684 1683
f 1659 1668 1671
f 1667 1658 1666
f 964 901 875
f 52 994 956
f 1688 1683 1687
f 4 1510 1505
f 1672 1668 1667
f 1664 1666 1658
f 1688 1665 1684
f 10 16 18
f 1446 1435 1671
f 1666 1687 1662
f 1684 1665 1686
f 22 11 1595
f 1684 1685 1682
f 1684 1686 1685
f 18 87 10
f 1662 1689 1666
f 1492 1679 1686
f 986 1674 1676
f 1665 1664 1686
f 16 458 73
f 1681 1598 968
f 1672 1661 1671
f 1574 439 1652
f 1687 1666 1688
f 1667 1689 1672
f 415 440 21
f 1666 1665 1688
f 1687 1683 1660
f 1673 1671 1677
f 987 1310 986
f 1673 1677 1455
f 1667 1666 1689
f 1689 1662 1672
f 1661 1672 1662
f 1419 1418 1677
f 430 429 1551
f 1446 1673 1455
f 73 458 26
f 1686 745 1492
f 1654 1363 1578
f 393 72 33
f 1690 1691 1692
f 1573 1693 1694
f 1695 1696 1697
f 1698 1699 1700
f 1701 501 1702
f 1703 1704 1705
f 1695 1706 1707
f 1708 1709 1710
f 1711 1712 1713
f 1714 1715 1716
f 1717 1718 1719
f 1720 1721 1716
f 1722 1708 1710
f 1723 1724 1725
f 1726 1716 1715
f 1727 1728 1729
f 1730 1694 1731
f 1732 1733 1696
f 1732 1696 1695
f 1734 1735 1736
f 1737 1722 1700
f 1738 1739 1740
f 1741 1742 1743
f 1714 1716 1744
f 1721 1720 1745
f 1746 1548 1573
f 1747 1748 1749
f 1690 1750 1751
f 1752 1691 1753
f 1754 1755 1707
f 1733 1732 1756
f 1740 1757 1758
f 1755 1732 1695
f 1759 1741 1710
f 1708 1722 1760
f 1761 1722 1737
f 1762 1763 1764
f 1765 1761 1766
f 1751 1750 1767
f 1730 1731 1756
f 1445 1768 1572
f 1694 1730 1746
f 1756 1747 1730
f 806 1548 1746
f 1712 1754 1707
f 1732 1755 1754
f 1765 1769 1770
f 1771 1772 1773
f 1769 1774 1775
f 1699 1737 1700
f 1776 1777 1714
f 1778 1779 1780
f 1781 1782 1783
f 1776 1714 1744
f 1745 1784 1721
f 1746 1730 806
f 1785 1754 1712
f 753 715 1786
f 1754 1756 1732
f 1775 1770 1769
f 1787 1778 1788
f 1789 1790 1791
f 1733 1731 1792
f 1761 1737 1766
f 1793 1702 501
f 1749 1794 1795
f 1730 1796 806
f 1754 1785 1756
f 1712 1711 1785
f 1784 1765 1797
f 1770 1797 1765
f 1692 1691 1798
f 1799 1780 1800
f 1801 1802 1803
f 1702 1793 1804
f 1805 1744 1806
f 1753 1691 1807
f 1721 1719 1808
f 1809 1810 1811
f 1812 1810 1809
f 1810 1813 1811
f 1814 1815 1812
f 1816 1817 1818
f 1819 1820 1821
f 1817 1822 1823
f 1824 1825 1826
f 1827 1828 1829
f 1828 1830 1829
f 1747 1831 1796
f 1832 1833 1830
f 1828 1827 1834
f 1835 1836 616
f 1705 1827 1837
f 1830 1833 1838
f 1827 1839 1834
f 1829 1837 1827
f 1705 1837 1703
f 1840 1841 1727
f 1838 1841 1842
f 1842 1830 1838
f 1729 1843 1727
f 1703 1837 1787
f 1830 1842 1829
f 1842 1844 1829
f 1845 1829 1844
f 1728 1846 1847
f 1848 1849 1850
f 1851 1785 1711
f 1727 1843 1840
f 1842 1852 1844
f 1853 1854 1844
f 1779 1778 1787
f 1855 1844 1852
f 1784 1856 1719
f 1786 715 1857
f 1788 1778 1780
f 1858 1859 1860
f 1861 1862 1863
f 1864 1865 1866
f 1867 1777 1858
f 1868 1869 1870
f 1871 1872 1873
f 1445 1874 1768
f 1766 1769 1765
f 1875 1568 1876
f 1693 1792 1694
f 1733 1792 1877
f 1779 1878 1780
f 1879 1880 1881
f 1805 1882 1776
f 1883 1884 1748
f 1795 1831 1747
f 1799 1885 1780
f 1886 1851 1711
f 1887 1796 1831
f 1553 1770 683
f 1741 1700 1710
f 1888 1889 1890
f 1891 1848 1892
f 1784 1745 1760
f 1716 1893 1720
f 1894 1736 1735
f 1884 1749 1748
f 1895 1896 1897
f 1729 1852 1843
f 1847 1846 1898
f 1899 1729 1847
f 1770 1553 1797
f 1806 1744 1721
f 1753 1781 1752
f 1719 1721 1784
f 1698 1700 1741
f 1900 1854 1853
f 1756 1748 1747
f 1805 1806 1901
f 1696 1733 1877
f 1902 1903 1904
f 1719 1718 1808
f 1761 1760 1722
f 1905 1906 1706
f 1831 1907 1908
f 1909 1709 1893
f 1884 1883 1910
f 1875 1693 321
f 1808 1806 1721
f 1895 1886 1911
f 1691 1752 1798
f 1897 1912 1913
f 1897 1863 1895
f 1734 1736 1914
f 1708 1893 1709
f 1915 1863 1913
f 1916 1693 1875
f 1747 1796 1730
f 1782 1917 1783
f 1855 1853 1844
f 1918 1919 1920
f 1559 1797 1553
f 1921 1922 1758
f 1851 1886 1923
f 1725 1773 778
f 1722 1710 1700
f 1924 1925 1926
f 1843 1852 1927
f 1928 1772 1771
f 1929 1930 1931
f 1759 1710 1709
f 43 1920 1568
f 1897 1913 1863
f 1932 1795 1794
f 219 1933 1559
f 1907 1795 1932
f 1695 1905 1706
f 1783 1890 1889
f 780 1887 1908
f 1908 1907 616
f 1934 1884 1910
f 1923 1895 1862
f 1923 1935 1851
f 1723 1936 1724
f 1727 1937 1728
f 1938 1939 1940
f 1718 1717 1941
f 1691 1751 1807
f 1942 1764 1924
f 1717 1933 219
f 1901 1808 1718
f 1909 1943 1790
f 1910 1944 1934
f 1935 1910 1851
f 1945 1946 1947
f 1935 1923 1862
f 717 1885 1799
f 1895 1911 1896
f 1708 1760 1745
f 1930 1929 1882
f 1930 1901 1941
f 1947 1946 1948
f 1905 1697 1949
f 1930 1941 1931
f 1856 1933 1717
f 1901 1718 1941
f 1950 1936 1951
f 1720 1708 1745
f 1952 1953 1836
f 1883 1785 1851
f 1856 1717 1719
f 1891 1692 1849
f 1954 1801 1803
f 1919 1877 1916
f 1891 1849 1848
f 1941 794 1594
f 1835 1794 1934
f 1927 1840 1843
f 1917 1807 1751
f 1724 1928 1771
f 1917 1751 1767
f 1744 1716 1721
f 1740 1739 1757
f 1955 1768 1767
f 1954 1956 1955
f 1758 1957 1921
f 1934 1944 1953
f 1944 1935 1958
f 1862 1958 1935
f 1831 1908 1887
f 1908 616 194
f 1883 1756 1785
f 1884 1794 1749
f 1959 1880 1960
f 1961 1936 1723
f 1933 1856 1797
f 1847 1729 1728
f 1891 1800 1690
f 1905 1949 1962
f 1771 1773 1725
f 1949 1963 1938
f 1964 1804 1953
f 1958 1953 1944
f 1835 1907 1932
f 1791 1790 1943
f 1965 1723 1725
f 1966 1713 1712
f 1697 1696 1877
f 1965 1964 1961
f 1763 1762 1967
f 1968 1969 1970
f 1708 1720 1893
f 1971 1972 1973
f 1832 1973 1972
f 1974 1975 1976
f 1977 1978 1979
f 1980 1972 1981
f 1839 1982 1834
f 1899 1847 1898
f 1734 1983 1984
f 1734 1984 1985
f 1977 1986 836
f 1971 1981 1972
f 1987 1982 1839
f 1986 1977 1979
f 1986 1988 756
f 1970 1832 1989
f 1988 1981 756
f 1982 1981 1971
f 1988 1976 1981
f 1990 1991 1960
f 1594 1992 1931
f 1834 1971 1828
f 1968 1975 1974
f 1981 1976 1980
f 1973 1828 1971
f 836 1986 756
f 1832 1828 1973
f 1993 1988 1979
f 1835 616 1907
f 1993 1979 1978
f 1989 1975 1968
f 1971 1834 1982
f 1989 1972 1975
f 1994 1995 1996
f 1807 1781 1753
f 1981 1987 756
f 1997 1833 1970
f 1989 1968 1970
f 1701 1725 499
f 1974 1976 1993
f 1934 1794 1884
f 1997 1970 1998
f 1594 1931 1941
f 1999 512 1327
f 1980 1976 1975
f 1987 1981 1982
f 1998 1970 1969
f 1723 1965 1961
f 1986 1979 1988
f 1974 1978 1968
f 1993 1976 1988
f 1989 1832 1972
f 1978 1974 1993
f 1975 1972 1980
f 1952 1836 1835
f 1842 1841 1840
f 1772 1594 800
f 618 616 1836
f 1702 1965 1701
f 1760 1761 1784
f 1783 2000 2001
f 1699 1766 1737
f 1887 806 1796
f 1900 1845 1854
f 1952 1835 1934
f 1784 1797 1856
f 1920 1876 1568
f 1791 1757 1789
f 1793 1836 1804
f 1805 1776 1744
f 1935 1944 1910
f 1793 618 1836
f 1894 2002 1736
f 321 44 1875
f 1840 1927 1842
f 1805 1930 1882
f 1934 1953 1952
f 780 806 1887
f 618 1793 501
f 1594 1772 1992
f 1919 1697 1877
f 1965 1702 1964
f 2003 2004 1962
f 1965 1725 1701
f 1953 1804 1836
f 1728 1937 535
f 2005 2006 2007
f 1741 2008 2009
f 1835 1932 1794
f 1017 1016 2010
f 1933 1797 1559
f 1845 1779 1787
f 2011 2012 2013
f 1888 2014 1889
f 1773 1772 800
f 1907 1831 1795
f 2015 1656 2016
f 1724 2017 1928
f 1857 1848 1850
f 1891 1690 1692
f 1901 1930 1805
f 2015 1657 1656
f 2018 2019 2020
f 1725 778 499
f 2015 2016 1579
f 780 1908 193
f 2021 1954 1803
f 1926 1942 1924
f 2022 1943 1715
f 1800 1891 1892
f 1863 1862 1895
f 2020 2023 2024
f 1726 1715 1943
f 1724 1936 1950
f 1904 1939 2025
f 2026 1579 2016
f 1748 1756 1883
f 1772 1928 2017
f 1852 1763 1967
f 1770 1775 1774
f 193 1908 194
f 1707 1755 1695
f 1895 1923 1886
f 1716 1726 1893
f 1725 1724 1771
f 2027 1964 2028
f 1736 2029 2030
f 1736 2030 1914
f 2014 1739 1738
f 1694 1792 1731
f 1850 2031 1857
f 1852 1899 1763
f 2032 2033 2034
f 2028 1953 1958
f 1731 1733 1756
f 1961 2027 1951
f 1845 1844 1854
f 1656 2035 2036
f 1888 2037 1789
f 2028 1958 1862
f 1761 1765 1784
f 1950 2017 1724
f 1707 1966 1712
f 1857 2031 1786
f 1964 1702 1804
f 1851 1910 1883
f 1657 2015 1579
f 1901 1806 1808
f 1876 1920 1919
f 1795 1747 1749
f 1837 1845 1787
f 1964 1953 2028
f 2038 1946 1736
f 1874 2000 1917
f 2039 1904 2025
f 2016 1656 2036
f 794 1941 1717
f 1573 1694 1746
f 2016 2036 2040
f 1964 2027 1961
f 778 1773 800
f 499 501 1701
f 1717 219 794
f 1916 1875 1876
f 1743 1742 2041
f 1938 1918 2025
f 2040 2026 2016
f 1936 1961 1951
f 2042 2032 2034
f 1774 684 1770
f 2000 1874 2043
f 2032 1017 2010
f 2044 2045 2024
f 2042 2043 2032
f 2046 2047 2007
f 1398 2035 1663
f 2043 2042 2000
f 2033 2010 2048
f 2049 2050 2051
f 1598 2013 2012
f 2010 2033 2032
f 2052 2053 1995
f 2054 2033 2048
f 2055 2056 2013
f 2057 2042 2034
f 2034 2046 2057
f 1741 1743 2008
f 2044 2058 2045
f 2026 2040 2059
f 2060 2011 2013
f 1874 1445 2043
f 2061 1912 1879
f 1990 2062 2063
f 2033 2054 2064
f 2034 2033 2064
f 2046 2006 2001
f 2035 2065 2036
f 2013 749 2055
f 1881 1880 1959
f 2066 2067 2031
f 2006 2046 2007
f 1890 2001 2006
f 1264 2068 1254
f 2069 1951 2027
f 2070 2044 2071
f 2072 2019 2045
f 2040 2073 2059
f 2045 2018 2024
f 2074 2075 2076
f 1663 2035 1656
f 2075 2074 2067
f 2077 2078 1211
f 1772 2079 2080
f 1821 2067 2074
f 2081 1224 1025
f 2078 2077 1998
f 2082 2035 1398
f 2083 863 753
f 2065 2073 2036
f 2078 2081 1025
f 1998 2077 1997
f 2084 2085 2086
f 2078 1025 1211
f 1990 2063 1991
f 2071 2024 2023
f 2035 1822 2065
f 1969 2081 1998
f 2087 2088 2089
f 2078 1998 2081
f 1997 2090 1833
f 1189 2090 2077
f 2077 1211 1189
f 1937 2091 535
f 1838 1833 1841
f 2092 2091 1937
f 2093 1841 1833
f 2091 2093 2090
f 2090 2093 1833
f 1841 2093 2092
f 2073 2065 1822
f 2077 2090 1997
f 2091 1189 535
f 2092 2093 2091
f 2083 753 2094
f 2091 2090 1189
f 2095 2096 2047
f 2006 2005 2041
f 2096 2005 2007
f 2041 2037 1890
f 512 1846 535
f 2037 2041 1742
f 2095 2097 2008
f 1821 2094 2067
f 1743 2005 2008
f 2036 2073 2040
f 2088 1811 2098
f 1881 2099 2100
f 1698 1741 2009
f 2001 2000 2057
f 2005 2095 2008
f 1698 2009 2101
f 2101 2009 2102
f 2102 2103 2101
f 2104 2103 2102
f 2013 2056 2060
f 1699 2101 2105
f 2051 2103 2104
f 2043 1372 2032
f 2103 2050 2105
f 1699 2105 1766
f 2105 2050 2106
f 2106 1766 2105
f 2107 2108 2109
f 2049 2106 2050
f 1769 1766 2106
f 39 2049 32
f 2110 2049 39
f 1774 2106 2110
f 1769 2106 1774
f 1002 2110 39
f 1774 2110 684
f 1002 684 2110
f 1777 1776 1858
f 2111 2112 2113
f 2114 2115 2116
f 1770 684 683
f 1819 2117 2118
f 1017 2032 1372
f 2046 2001 2057
f 2117 1819 2074
f 2119 2120 1951
f 2047 2046 2034
f 1959 2099 1881
f 1859 1858 1776
f 2121 2122 2123
f 1872 1870 2124
f 2125 2126 2127
f 1913 1912 2061
f 2013 1598 1582
f 2128 2056 2055
f 2056 2128 2129
f 2056 2020 2060
f 1950 2130 2017
f 2129 2070 2056
f 2056 2070 2023
f 2131 2108 2107
f 2056 2023 2020
f 2024 2018 2020
f 2041 2005 1743
f 1994 1996 2132
f 2023 2070 2071
f 2071 2044 2024
f 2045 2019 2018
f 749 746 2133
f 2134 2094 1821
f 2135 2136 2083
f 2137 1915 2100
f 2138 2129 2128
f 2110 2106 2049
f 1913 2061 1915
f 2139 2140 2141
f 2124 2142 2100
f 2143 1873 1959
f 2088 2144 2089
f 2100 1879 1881
f 2145 2132 2146
f 2119 1951 2069
f 2147 2148 1873
f 2142 2137 2100
f 2124 2099 1872
f 2069 2027 2149
f 1846 1728 535
f 2101 2103 2105
f 2150 2039 1254
f 2150 1254 2151
f 2096 2095 2005
f 2009 2008 2152
f 2153 2154 2155
f 2063 2153 2156
f 2153 2157 2154
f 2153 2063 2062
f 2156 2153 2155
f 2153 2062 2158
f 2159 2157 2153
f 2156 1991 2063
f 2158 2062 2160
f 2000 2042 2057
f 2034 2064 2047
f 2041 1890 2006
f 2007 2047 2096
f 2103 2051 2050
f 1016 1015 2010
f 2043 1445 1372
f 1918 43 1254
f 1918 1254 2039
f 1698 2101 1699
f 2150 2086 2085
f 2150 2085 2039
f 1957 2161 1921
f 2148 2127 2126
f 2162 2085 2084
f 1015 2048 2010
f 2163 1960 1991
f 2008 2097 2152
f 2119 2137 2142
f 2132 1860 1994
f 1780 1885 1788
f 2164 1929 2165
f 1868 2166 1869
f 2143 1959 1960
f 2167 2089 2144
f 2017 2130 2079
f 2017 2079 1772
f 1873 1872 2099
f 2079 2130 2080
f 1873 2148 1871
f 2120 2119 2142
f 1995 2164 2165
f 1715 2113 2022
f 2119 2149 1861
f 2149 2027 2028
f 1994 1860 2164
f 1880 1990 1960
f 1872 1871 1870
f 2168 2169 2148
f 1882 2164 1859
f 1866 1772 2170
f 2147 1873 2143
f 2120 1870 1951
f 2167 2168 2089
f 2122 2171 2172
f 1866 1865 1931
f 1871 1868 1870
f 2111 1867 2112
f 2028 1862 1861
f 1858 1860 2173
f 2147 2127 2148
f 2166 1950 1869
f 1814 2087 2174
f 1861 1915 2137
f 1937 1727 2092
f 1898 1925 1763
f 1967 1855 1852
f 1845 1900 1779
f 1764 1763 1925
f 2092 1727 1841
f 1899 1852 1729
f 2037 1888 1890
f 2175 1855 1967
f 1855 2175 2021
f 1900 1878 1779
f 1853 2021 1900
f 1764 1925 1924
f 1898 1926 1925
f 1878 1900 2021
f 1926 1898 1999
f 1954 2021 2175
f 1762 1954 1967
f 1799 1892 1848
f 1802 1878 2021
f 1803 1802 2021
f 1800 1892 1799
f 1837 1829 1845
f 1572 1942 1926
f 1763 1899 1898
f 2125 2141 2126
f 1956 1954 1762
f 1060 1572 1926
f 2176 2177 2178
f 1942 1572 1956
f 2113 2112 2172
f 2126 2168 2148
f 1802 1801 1800
f 2172 2161 2113
f 1867 1858 2173
f 1768 1955 1956
f 1985 2177 2179
f 1692 2180 1849
f 1863 1915 1861
f 2100 1915 2061
f 1869 1951 1870
f 1750 1801 1955
f 2030 2181 1914
f 1846 512 1999
f 1750 1690 1801
f 1692 1798 2180
f 1879 2100 2061
f 2182 2183 2179
f 2183 1985 2179
f 1984 2184 1985
f 2184 2185 1985
f 1750 1955 1767
f 1768 1874 1767
f 1868 1871 2169
f 1697 1905 1695
f 2181 1983 1734
f 2181 1734 1914
f 1735 1734 1985
f 2185 2178 2177
f 2185 2177 1985
f 1751 1691 1690
f 1946 1945 2029
f 1946 2029 1736
f 1956 1764 1942
f 1894 1735 2183
f 2031 1850 2066
f 1902 2186 1948
f 1902 1948 1946
f 1801 1690 1800
f 2000 1783 1917
f 1902 1946 2038
f 1904 2187 2186
f 1904 2186 1902
f 1781 1807 1782
f 2151 1254 2068
f 1564 1693 1573
f 1693 1916 1792
f 1792 1916 1877
f 2002 2038 1736
f 2187 1904 2188
f 1874 1917 1767
f 1902 2038 1903
f 1943 1893 1726
f 2189 1535 1546
f 1903 2038 2002
f 1759 1709 1909
f 1922 1740 1758
f 1693 1564 321
f 1921 2107 2109
f 1735 1985 2183
f 1878 1800 1780
f 1943 1909 1893
f 1846 1999 1898
f 2162 2188 1904
f 2162 1904 2085
f 2120 2124 1870
f 2168 2126 2141
f 1957 1943 2022
f 2167 2169 2168
f 2148 2169 1871
f 1873 2099 1959
f 1762 1764 1956
f 1742 1741 1759
f 1949 1697 1963
f 1919 1963 1697
f 2001 1890 1783
f 1943 1957 1791
f 1788 1704 1787
f 1742 1759 2037
f 2037 1759 1909
f 1906 1905 1962
f 2190 2189 1546
f 1919 1916 1876
f 2002 2191 2003
f 2192 2054 2048
f 2193 2152 2194
f 1649 1535 2189
f 1839 1827 1704
f 1827 1705 1704
f 1839 1704 1788
f 2195 2196 2197
f 2192 1649 2198
f 2037 1909 1790
f 1596 1546 1424
f 1918 1963 1919
f 1906 1962 2004
f 1649 2189 2198
f 2198 2054 2192
f 2199 1587 392
f 2192 1015 1649
f 2200 2201 2190
f 2189 2190 2201
f 2195 2202 2194
f 1954 2175 1967
f 2203 2047 2064
f 2203 2064 2204
f 2193 2102 2152
f 1852 1842 1927
f 2203 2095 2047
f 2204 2205 2203
f 1596 1588 2200
f 2200 1588 2201
f 2206 2204 2198
f 2200 1546 1596
f 1790 1789 2037
f 2104 2193 2199
f 2201 1588 2206
f 1918 1938 1963
f 1588 1555 2207
f 1940 1949 1938
f 2197 2207 1557
f 2097 2205 2208
f 2195 2197 1557
f 2194 2152 2208
f 1853 1855 2021
f 1962 1949 1940
f 1327 1060 1999
f 2208 2152 2097
f 2102 2009 2152
f 1875 44 1568
f 1703 1787 1704
f 1957 1758 1791
f 1550 2202 1554
f 2102 2193 2104
f 1060 1926 1999
f 2166 1868 2169
f 2167 2166 2169
f 2132 2145 1860
f 2087 1811 2088
f 2168 2209 2089
f 1867 2111 1777
f 2193 2194 2202
f 1752 1781 1738
f 2204 2064 2054
f 1920 43 1918
f 2174 2209 2141
f 2202 2199 2193
f 2166 2167 2144
f 2174 2141 2140
f 2089 2209 2087
f 2144 2130 2166
f 2139 2210 2140
f 2080 2130 2088
f 2174 2087 2209
f 1931 1865 2165
f 2174 2140 1815
f 1768 1956 1572
f 2206 1588 2207
f 2104 2199 2051
f 2196 2205 2204
f 1962 1940 2003
f 2199 382 2051
f 2048 1015 2192
f 2088 2130 2144
f 2211 2122 2121
f 2088 2098 2080
f 2080 2098 2170
f 1996 1995 2053
f 1857 715 717
f 1939 2003 1940
f 1772 2080 2170
f 1758 1757 1791
f 1860 1859 2164
f 1811 2087 1809
f 2212 2131 2211
f 2170 2098 2213
f 1809 1814 1812
f 2164 1882 1929
f 1864 2170 2213
f 32 2049 382
f 2098 1811 1813
f 1813 2213 2098
f 2149 2028 1861
f 1807 1917 1782
f 1815 2214 1812
f 1888 1789 2014
f 1815 1814 2174
f 2189 2201 2206
f 1955 1801 1954
f 1809 2087 1814
f 2069 2149 2119
f 2074 2076 2117
f 2124 2100 2099
f 2205 2095 2203
f 2215 1896 1911
f 2216 2217 2218
f 2219 2220 2221
f 2222 2223 2224
f 2215 2225 2218
f 2215 2218 1896
f 1713 2225 2226
f 2216 2218 2223
f 2227 1896 2218
f 2183 2219 1894
f 2228 2229 2230
f 2231 1897 1896
f 1879 1912 2160
f 2226 1911 1886
f 2215 1911 2226
f 2224 2232 2233
f 2234 2235 2236
f 2237 1897 2231
f 2217 2227 2218
f 1897 2237 1912
f 2225 2224 2223
f 2238 2225 1713
f 2239 2240 2217
f 2222 2241 2223
f 2242 1906 2004
f 2216 2223 2241
f 2243 2241 2244
f 1711 2226 1886
f 2227 2158 2237
f 2158 2227 2217
f 1713 1966 2238
f 1711 1713 2226
f 2237 2158 2160
f 2240 2158 2217
f 2239 2217 2245
f 2217 2216 2245
f 2234 2246 2235
f 2219 2002 1894
f 2238 2224 2225
f 1707 2230 1966
f 1879 2062 1990
f 2236 2220 2234
f 2238 2230 2224
f 2247 2245 2216
f 1966 2230 2238
f 2248 2230 2249
f 2249 2230 1707
f 1906 2249 1706
f 2232 2229 2220
f 2241 2222 2233
f 2232 2224 2229
f 2229 2224 2230
f 2158 2240 2153
f 2220 2250 2221
f 2230 2248 2228
f 2231 2227 2237
f 2233 2244 2241
f 2225 2223 2218
f 2245 2240 2239
f 2248 2249 2242
f 2224 2233 2222
f 2160 1912 2237
f 2241 2247 2216
f 2240 2245 2251
f 2247 2251 2245
f 2251 2153 2240
f 2241 2243 2247
f 2233 2232 2236
f 1706 2249 1707
f 2247 2243 2251
f 2153 2251 2159
f 2236 2235 2233
f 1879 2160 2062
f 2243 2244 2252
f 2233 2235 2244
f 2253 2221 2250
f 2220 2236 2232
f 2250 2228 2254
f 2254 2228 2248
f 2228 2250 2229
f 1896 2227 2231
f 2252 2159 2251
f 2252 2251 2243
f 2220 2229 2250
f 2255 2246 2182
f 2254 2248 2242
f 2256 2235 2246
f 2242 2249 1906
f 2220 2219 2234
f 2004 2254 2242
f 2253 2250 2254
f 2254 2004 2253
f 2256 2246 2255
f 2183 2234 2219
f 2221 2253 2257
f 2002 2219 2221
f 2191 2253 2004
f 2182 2246 2234
f 2002 2221 2257
f 2253 2191 2257
f 2182 2234 2183
f 2191 2002 2257
f 2225 2215 2226
f 2258 2259 2260
f 2261 2262 2263
f 2264 2020 2019
f 2265 2266 2267
f 2268 2060 2269
f 2019 2269 2264
f 2072 2270 2271
f 2264 2269 2060
f 2272 2273 2274
f 2275 2276 2277
f 2278 2266 2277
f 2279 2011 2273
f 2269 2072 2271
f 2273 2272 2279
f 2280 2261 2281
f 2118 2117 2282
f 2273 2268 2274
f 2273 2060 2268
f 2282 2283 2270
f 2212 2211 2260
f 2271 2268 2269
f 2020 2264 2060
f 2146 2132 2284
f 2266 2285 2277
f 2277 2276 2278
f 2286 2287 2288
f 2289 2271 2270
f 2275 2277 2290
f 2291 2292 2260
f 2282 2290 2285
f 2285 2265 2282
f 2287 2293 2288
f 2117 2290 2282
f 2294 2265 2267
f 2290 2277 2285
f 2132 1996 2295
f 2296 2297 2288
f 2271 2289 2274
f 2283 2294 2298
f 2273 2011 2060
f 1613 1598 2012
f 2261 2299 2281
f 2282 2270 2300
f 2076 2290 2117
f 2292 2301 2302
f 2303 2281 2304
f 2300 2072 2118
f 2294 2283 2265
f 2076 2275 2290
f 2282 2265 2283
f 2305 2306 2280
f 2274 2289 2283
f 2291 2260 2259
f 2076 2307 2275
f 2301 2262 2302
f 2308 2263 2297
f 2281 2305 2280
f 2283 2298 2274
f 2281 2276 2304
f 2309 2301 2292
f 2303 2305 2281
f 2285 2266 2265
f 2072 2269 2019
f 2275 2307 2304
f 2297 2278 2308
f 2300 2118 2282
f 2310 2295 2311
f 2312 2272 2274
f 2276 2275 2304
f 2270 2283 2289
f 2263 2308 2261
f 2308 2299 2261
f 2312 2274 2298
f 2274 2268 2271
f 2308 2278 2299
f 2311 2295 1996
f 2270 2072 2300
f 2297 2296 2278
f 2266 2296 2313
f 2301 2314 2262
f 2299 2276 2281
f 2266 2278 2296
f 2293 2313 2296
f 2299 2278 2276
f 2288 2297 2263
f 2288 2293 2296
f 2261 2280 2262
f 2280 2306 2262
f 2262 2306 2302
f 2263 2314 2288
f 2314 2263 2262
f 2315 2302 2306
f 2314 2316 2288
f 2316 2286 2288
f 2317 2302 2315
f 2314 2301 2316
f 2286 2316 2309
f 2309 2316 2301
f 2302 2317 2212
f 2309 2292 2318
f 2212 2292 2302
f 2292 2291 2318
f 2260 2292 2212
f 2258 2260 2211
f 2211 2121 2258
f 2259 2258 2319
f 2295 2284 2132
f 2320 2321 2058
f 1864 1866 2170
f 2213 2053 1864
f 1786 2031 2067
f 2322 1816 1818
f 2194 2208 2195
f 1864 2052 1865
f 2138 2115 2129
f 1990 1880 1879
f 2204 2206 2197
f 2323 2112 1867
f 2206 2207 2197
f 1864 2053 2052
f 1931 1992 1866
f 2199 2202 1587
f 1772 1866 1992
f 2053 2213 2311
f 1546 2200 2190
f 2311 1996 2053
f 2165 1865 2052
f 1828 1832 1830
f 1970 1833 1832
f 2052 1995 2165
f 2165 1929 1931
f 1950 2166 2130
f 1994 2164 1995
f 1757 2014 1789
f 1882 1859 1776
f 2039 2025 1918
f 2209 2168 2141
f 2173 1860 2145
f 2124 2120 2142
f 2323 1867 2173
f 2173 2123 2323
f 2111 1714 1777
f 2123 2122 2323
f 1714 2111 1715
f 2137 2119 1861
f 2323 2122 2112
f 2111 2113 1715
f 2022 2113 1957
f 1869 1950 1951
f 1939 1938 2025
f 2172 2112 2122
f 2122 2211 2171
f 2161 2172 2171
f 2161 1957 2113
f 2171 2107 2161
f 2131 2171 2211
f 2107 2171 2131
f 1921 2161 2107
f 2013 1582 749
f 2097 2095 2205
f 1821 2074 1819
f 1786 2067 2094
f 2073 1816 2059
f 746 750 2133
f 2191 2004 2003
f 2094 2134 2324
f 2325 1740 1922
f 1781 2014 1738
f 2076 2075 2307
f 2135 2083 1824
f 1739 2014 1757
f 2202 1550 1587
f 750 2138 2133
f 2324 2083 2094
f 1817 1816 2073
f 2320 2114 1816
f 2133 2055 749
f 2114 2070 2129
f 2133 2138 2128
f 2072 2045 1819
f 1824 2083 1825
f 1939 1904 1903
f 1857 1799 1848
f 2326 2115 2138
f 753 1786 2094
f 1816 2114 2116
f 2003 1939 1903
f 2310 1813 1810
f 2327 2328 2329
f 1818 2330 2322
f 2058 2114 2320
f 2331 2332 2298
f 2333 2334 2335
f 1800 1878 1802
f 2198 2189 2206
f 2116 2059 1816
f 2179 2336 2337
f 2321 2320 1825
f 2199 392 382
f 1822 1817 2073
f 2324 1825 2083
f 2267 2333 2331
f 2338 2339 2340
f 2138 750 2326
f 2134 2321 1825
f 1554 2195 1557
f 2003 1903 2002
f 2341 2342 2343
f 2344 2147 2345
f 2346 2347 2348
f 2349 2350 2127
f 2351 2352 2353
f 2322 1825 2320
f 2059 2116 2026
f 2176 2354 2355
f 2176 2355 2177
f 2356 2357 2358
f 2359 2360 2358
f 2329 2361 2327
f 2044 2070 2114
f 1904 2039 2085
f 2136 863 2083
f 2114 2058 2044
f 1820 1819 2045
f 2324 2134 1825
f 1823 1818 1817
f 2114 2129 2115
f 2116 2115 2326
f 2026 2326 1579
f 1820 2134 1821
f 2128 2055 2133
f 2362 2363 2364
f 2326 2026 2116
f 2072 1819 2118
f 2364 2319 2362
f 2321 2134 1820
f 2179 2177 2336
f 2321 2045 2058
f 2330 1825 2322
f 2067 2066 2075
f 2196 2195 2208
f 2321 1820 2045
f 1818 1823 2365
f 2330 1826 1825
f 2348 2259 2364
f 2366 2367 2125
f 2326 750 1579
f 2357 2356 2286
f 2368 2333 2313
f 2197 2196 2204
f 2358 2369 2359
f 2287 2286 2370
f 2109 2108 2315
f 2306 2305 2371
f 2109 2315 2371
f 2322 2320 1816
f 2315 2108 2317
f 2131 2317 2108
f 1740 2325 1738
f 2131 2212 2317
f 2371 2315 2306
f 2109 2372 1922
f 2372 2109 2371
f 2373 2304 2307
f 2374 2375 2376
f 2371 2305 2377
f 2377 2305 2378
f 1850 1849 2379
f 2373 2307 2075
f 2325 1922 2372
f 2379 2380 2381
f 2373 2075 2066
f 1850 2379 2066
f 2382 1738 2383
f 2384 1738 2325
f 2377 2378 2385
f 2377 2372 2371
f 1738 2384 2383
f 2303 2304 2373
f 2385 2378 2374
f 2373 2386 2387
f 2325 2372 2384
f 2376 2380 1798
f 2381 2375 2387
f 2195 1554 2202
f 2375 2378 2387
f 2303 2387 2378
f 1922 1921 2109
f 2386 2381 2387
f 2381 2386 2066
f 2379 2381 2066
f 2383 2384 2385
f 2382 2383 2374
f 1798 2382 2376
f 2387 2303 2373
f 1798 1752 2382
f 2376 2382 2374
f 2385 2372 2377
f 2378 2375 2374
f 1849 2180 2380
f 1849 2380 2379
f 2372 2385 2384
f 2374 2383 2385
f 1752 1738 2382
f 1798 2380 2180
f 2376 2381 2380
f 2066 2386 2373
f 2375 2381 2376
f 2303 2378 2305
f 1839 1788 1885
f 2388 1839 1885
f 2388 717 756
f 1885 717 2388
f 756 1987 2388
f 1839 2388 1987
f 2389 2390 1978
f 518 1473 696
f 518 324 1473
f 2390 1968 1978
f 815 2391 1481
f 2390 2389 2392
f 2393 1387 2394
f 815 1224 2391
f 2389 696 2392
f 1473 274 2392
f 2259 2348 2291
f 2395 2391 2081
f 1389 1387 2393
f 2396 2397 1502
f 2390 2392 2391
f 2395 2390 2391
f 2398 2396 1502
f 2395 1968 2390
f 2389 643 696
f 2082 1400 1425
f 1977 643 2389
f 1481 2391 2392
f 1969 1968 2395
f 1425 1389 2393
f 2389 1978 1977
f 2395 2081 1969
f 2346 2348 2364
f 696 1473 2392
f 2391 1224 2081
f 2394 2399 2393
f 643 1977 836
f 2392 274 1481
f 2333 2267 2313
f 2400 2357 2401
f 2400 2338 2402
f 2329 2403 2404
f 2082 1398 1400
f 2405 2406 2407
f 2400 2401 2347
f 2408 2409 2410
f 2293 2287 2370
f 2399 1425 2393
f 2082 1425 2399
f 2394 2411 2399
f 2343 2342 2410
f 2400 2347 2338
f 2404 2352 2351
f 2412 2163 1991
f 2413 2414 2415
f 2401 2286 2309
f 2182 2179 2337
f 1388 2394 1387
f 2357 2400 2416
f 1388 2411 2394
f 2139 2417 2210
f 2411 2397 2399
f 1388 1502 2411
f 2402 2338 2340
f 1815 2140 2214
f 1502 2397 2411
f 2397 2396 2418
f 2291 2348 2318
f 2329 2366 2403
f 2333 2368 2334
f 2419 2420 2135
f 2421 2365 2422
f 1083 2420 1150
f 2423 2424 2425
f 2418 1822 2035
f 1823 2422 2365
f 2338 2346 2363
f 2421 2426 1826
f 2125 2139 2141
f 2358 2360 2427
f 2398 1117 1140
f 2330 2365 1826
f 2428 1140 2424
f 2396 2429 2418
f 2370 2356 2427
f 2370 2427 2293
f 2425 2424 2419
f 2370 2286 2356
f 2364 2363 2346
f 2421 1826 2365
f 1823 2430 2429
f 2353 2431 2409
f 2352 2432 2353
f 2429 2428 2423
f 2433 2434 2351
f 2135 2426 2419
f 2398 2428 2396
f 2367 2329 2328
f 2423 2422 2429
f 1822 2430 1823
f 2358 2427 2356
f 2309 2318 2401
f 2361 2329 2404
f 1824 1826 2426
f 2425 2421 2423
f 2430 2418 2429
f 2353 2432 2435
f 1117 2398 1502
f 1140 2428 2398
f 2135 1824 2426
f 2432 2352 2403
f 2349 2127 2147
f 2436 1140 1139
f 2436 1150 2420
f 2350 2366 2125
f 2136 1083 863
f 2361 2437 2327
f 2293 2427 2313
f 2427 2438 2368
f 2419 1140 2436
f 2430 1822 2418
f 2051 382 2049
f 2368 2313 2427
f 2439 2163 2410
f 2357 2286 2401
f 2054 2198 2204
f 2399 2418 2035
f 2436 2420 2419
f 2437 2404 2434
f 2406 2440 2441
f 2404 2437 2361
f 2349 2366 2350
f 2349 2403 2366
f 2345 2431 2435
f 2403 2352 2404
f 2313 2267 2266
f 2344 2432 2349
f 2357 2416 2369
f 2349 2432 2403
f 2404 2351 2434
f 2294 2442 2331
f 2440 2351 2353
f 2351 2405 2433
f 2332 2331 2335
f 2331 2333 2335
f 2347 2401 2318
f 2294 2267 2442
f 2351 2440 2406
f 2267 2331 2442
f 2363 2339 2338
f 2432 2344 2435
f 2443 2433 2405
f 2329 2367 2366
f 2344 2345 2435
f 2414 2336 2355
f 2346 2338 2347
f 2344 2349 2147
f 2405 2351 2406
f 2440 2353 2409
f 2294 2331 2298
f 2332 2444 2298
f 2143 2345 2147
f 2407 2443 2405
f 2444 2312 2298
f 2143 1960 2345
f 2353 2435 2431
f 2337 2336 2414
f 2407 2406 2445
f 2445 2406 2441
f 2441 2440 2446
f 2369 2358 2357
f 1960 2163 2345
f 2408 2446 2440
f 2367 2328 2417
f 2441 2446 2445
f 2402 2369 2416
f 2439 2409 2431
f 2440 2409 2408
f 2431 2163 2439
f 2410 2409 2439
f 2367 2417 2125
f 2163 2412 2410
f 2342 2408 2410
f 2343 2410 2412
f 1991 2156 2412
f 2156 2155 2412
f 2259 2319 2364
f 2341 2343 2412
f 2417 2139 2125
f 2341 2412 2155
f 2154 2341 2155
f 2368 2335 2334
f 2213 1813 2311
f 2125 2127 2350
f 2318 2348 2347
f 2400 2402 2416
f 2182 2447 2255
f 2310 2311 1813
f 2182 2337 2447
f 2368 2438 2335
f 2345 2163 2431
f 2415 2414 2355
f 2336 2177 2355
f 2205 2196 2208
f 2330 1818 2365
f 2422 1823 2429
f 2136 2135 2420
f 1140 2419 2424
f 1799 1857 717
f 2424 2423 2428
f 2429 2396 2428
f 2425 2419 2426
f 2425 2426 2421
f 2399 2397 2418
f 2421 2422 2423
f 2399 2035 2082
f 1781 1889 2014
f 1150 2436 1139
f 2420 1083 2136
f 2207 1555 1557
f 1889 1781 1783
f 2448 1285 2449
f 2450 2451 2452
f 2453 2454 2455
f 337 1045 2456
f 2457 2458 2459
f 2460 2461 2462
f 2463 2464 2465
f 2466 2467 2468
f 1810 2469 2470
f 2471 2472 2473
f 319 318 2474
f 2475 2476 2477
f 2454 2478 2479
f 2480 2481 2482
f 2470 2310 1810
f 2483 2484 2485
f 2486 2359 2369
f 2487 757 2488
f 2480 2457 2489
f 2490 2491 2492
f 2483 2493 2494
f 2495 2496 2497
f 2467 2498 2499
f 2484 2500 2485
f 2501 2502 2503
f 181 2504 171
f 2505 2506 2507
f 2508 2509 2510
f 2511 2512 2513
f 2472 2471 2514
f 2515 2516 2517
f 2483 2518 230
f 2519 2453 2455
f 2520 2466 2452
f 2521 2522 2523
f 2524 2459 2525
f 2512 2526 2513
f 2527 2528 2529
f 671 2530 2531
f 2532 2533 2534
f 2535 2536 2486
f 2537 2214 2140
f 2511 2460 2462
f 2452 2468 2450
f 2515 2538 2539
f 2520 2452 2451
f 2540 2539 2541
f 2542 2543 2544
f 2545 2328 2327
f 2328 2545 2546
f 2547 2548 2478
f 2547 2510 2549
f 2550 2551 2359
f 2552 2553 2554
f 2555 2553 2556
f 2359 2551 2360
f 2557 2558 2559
f 2560 2551 2550
f 2561 2562 2563
f 2564 2565 2566
f 2521 2567 2568
f 2569 2335 2570
f 2571 2572 2566
f 2573 2574 2575
f 2560 2576 2551
f 2577 2506 2578
f 2534 2557 2579
f 2488 757 797
f 770 774 2580
f 2485 2500 2460
f 2581 2582 2536
f 2555 2556 2583
f 2552 2583 2556
f 2565 2360 2551
f 2584 2585 2586
f 2540 2541 2587
f 2488 2588 2589
f 2570 2590 2591
f 2592 2593 2594
f 2595 2576 2560
f 2596 2597 2545
f 2327 2437 2598
f 2573 2565 2551
f 2557 2559 2599
f 2504 2600 2601
f 2602 2603 2604
f 2574 2605 2606
f 2606 2477 2476
f 2607 2543 2542
f 2577 2608 2609
f 2610 2611 2552
f 2612 2613 2614
f 2615 2597 2554
f 2598 2602 2587
f 2485 2616 2493
f 2617 2618 2619
f 2620 2621 2622
f 2488 795 2588
f 2623 2605 2576
f 2624 2583 2552
f 2611 2624 2552
f 2581 2535 2486
f 2596 2611 2610
f 2625 2626 2531
f 2627 2515 2539
f 2580 2628 770
f 2501 2629 2630
f 2631 2632 2633
f 2589 2634 2487
f 2565 2564 2438
f 2635 2636 2627
f 2581 2536 2535
f 757 2487 2637
f 2618 2617 2614
f 2638 2585 2584
f 2598 2611 2596
f 2214 2639 2469
f 2533 2504 2640
f 2641 2642 2514
f 2643 2616 2450
f 2644 2612 2645
f 2486 2340 2581
f 2210 2417 2546
f 2646 2647 2272
f 2210 2648 2537
f 2459 2482 2649
f 2563 2650 2537
f 2651 2498 2494
f 2461 2460 2500
f 2319 2617 2619
f 2468 2499 2450
f 2603 2602 2437
f 2652 2653 2654
f 2457 2459 2524
f 2319 2258 2617
f 2655 2272 2647
f 773 2580 774
f 2656 2657 2658
f 2434 2603 2437
f 771 2588 795
f 2659 2258 2121
f 2580 773 2628
f 2628 2588 770
f 2648 2615 2660
f 2577 2661 2662
f 2638 2584 2663
f 2582 2581 2664
f 2566 2590 2564
f 2665 1485 1484
f 2666 2471 2473
f 2575 2571 2573
f 2450 2513 2451
f 2619 2362 2319
f 2645 2614 2617
f 2564 2590 2570
f 2667 2668 2669
f 2670 2671 2672
f 2673 2674 2581
f 2590 2572 2608
f 2675 2587 2602
f 2631 2676 2677
f 2636 2635 2678
f 2622 2621 2679
f 2596 2545 2598
f 2680 2681 2682
f 2279 2683 2012
f 2655 2647 2684
f 2617 2258 2659
f 2470 2469 2685
f 2686 2687 2688
f 2498 2651 2499
f 2577 2578 2689
f 2633 2557 2631
f 2690 2476 2475
f 2691 2692 1367
f 2693 2609 2571
f 1613 2683 2694
f 2695 2644 2645
f 2696 2529 2697
f 2572 2571 2609
f 2438 2427 2565
f 2698 2699 2700
f 2574 2476 2506
f 2639 2701 2702
f 2604 2433 2703
f 2692 2704 1367
f 2544 2705 2706
f 2635 2604 2703
f 2437 2602 2598
f 2623 2477 2606
f 2707 319 2474
f 2450 2616 2513
f 2620 2708 1485
f 2502 2491 2709
f 2608 2591 2590
f 2332 2569 2710
f 2678 2635 2703
f 2530 671 192
f 2711 2567 2523
f 2590 2566 2572
f 2712 2713 2714
f 2675 2635 2540
f 2608 2572 2609
f 2715 2708 2716
f 2710 2569 2591
f 2506 2505 2578
f 2444 2332 2710
f 2717 2718 2719
f 2540 2635 2539
f 2691 2720 2721
f 2611 2598 2587
f 2722 2723 2724
f 2725 2723 2726
f 2695 2145 2644
f 2528 2727 2728
f 2362 2729 2698
f 1592 2665 1484
f 1485 2665 2620
f 2730 2665 1599
f 2692 2731 2732
f 2613 2544 2543
f 2644 2145 2146
f 2725 2726 2733
f 2724 2723 2734
f 2735 2736 2737
f 2737 2738 2739
f 2665 1592 1599
f 2740 2728 2690
f 2644 2146 2705
f 2733 2591 2608
f 2741 2591 2733
f 2740 2697 2528
f 2690 2728 2507
f 2505 2507 2578
f 1366 2720 2691
f 2726 2723 2722
f 2737 2742 2738
f 2743 2744 2745
f 2538 2541 2539
f 2539 2635 2627
f 2738 2746 2747
f 2491 2748 2601
f 2726 2646 2741
f 2749 179 954
f 2728 2743 2578
f 2726 2741 2733
f 2720 1438 2750
f 2645 2612 2614
f 2726 2684 2647
f 2492 2601 2600
f 2646 2444 2741
f 2735 2529 2736
f 2751 2752 2731
f 2753 2732 2754
f 2538 2515 2517
f 2704 2732 2753
f 2691 1367 1366
f 2697 2740 2690
f 2492 2491 2601
f 2748 2640 2504
f 2755 2756 2559
f 2708 2622 2716
f 2646 2726 2647
f 1366 1438 2720
f 2757 2594 2593
f 2594 2700 2592
f 2758 2716 2622
f 2715 1651 1600
f 2716 2758 2759
f 2534 2558 2557
f 2760 2716 2759
f 2755 2761 2762
f 2763 2764 2662
f 1442 2730 1599
f 2722 2724 2720
f 2639 2214 2701
f 2705 2146 2284
f 2674 2700 2765
f 2546 2417 2328
f 2766 2755 2559
f 2573 2551 2576
f 2715 2760 1651
f 2759 1349 1475
f 2727 2528 2767
f 2660 2615 2554
f 2768 2761 2522
f 2450 2651 2643
f 2766 2711 2761
f 2559 2558 2766
f 2574 2693 2575
f 2755 2766 2761
f 2574 2573 2605
f 2769 2700 2594
f 2745 2770 2763
f 2766 2558 2534
f 2554 2597 2552
f 2579 2472 2514
f 2593 2699 2771
f 2772 2773 2771
f 2622 2679 2758
f 2640 2766 2534
f 2561 2660 2554
f 2711 2766 2640
f 2674 2664 2581
f 2711 2522 2761
f 2774 2775 2509
f 2509 2776 2777
f 2448 2778 2730
f 2743 2727 2744
f 2779 2713 2542
f 2646 2272 2312
f 2776 2780 2777
f 2606 2476 2574
f 2780 2776 2781
f 2456 2782 2775
f 2708 2620 2622
f 2466 2468 2452
f 2705 2284 2295
f 192 2641 2783
f 2751 2784 2686
f 2760 2715 2716
f 2684 2726 2722
f 2781 2776 2785
f 2774 2519 2456
f 2597 2596 2610
f 2786 2669 2787
f 2738 2747 2682
f 2788 2713 2685
f 2713 2779 2685
f 2753 1315 2704
f 2457 2480 2458
f 2789 2785 2786
f 2507 2476 2690
f 2444 2710 2741
f 2767 2735 2790
f 2312 2444 2646
f 2785 2776 2782
f 2527 2767 2528
f 2791 2786 2792
f 2784 2793 2763
f 2684 2722 2655
f 2794 2795 2796
f 2433 2604 2434
f 2797 2785 2782
f 2648 2597 2615
f 2785 2792 2786
f 2798 2799 2800
f 2801 2802 2585
f 2327 2598 2545
f 2803 2798 2795
f 2804 2805 2806
f 2785 2789 2781
f 2777 2807 2509
f 2808 2789 2786
f 2797 2791 2792
f 2775 2776 2509
f 2650 2701 2537
f 2610 2552 2597
f 2519 2774 2509
f 2808 2781 2789
f 2741 2710 2591
f 2792 2785 2797
f 922 2791 1033
f 2797 2456 1033
f 2782 2776 2775
f 2790 2739 2681
f 2689 2745 2661
f 2595 2477 2623
f 2809 2477 2595
f 2736 2810 2811
f 2812 2477 2809
f 922 2813 2791
f 2814 2812 2815
f 2816 2817 2809
f 2765 2818 2674
f 2720 2656 2722
f 1045 1034 2456
f 2784 2763 2686
f 2815 2812 2819
f 2820 2814 2815
f 2658 2272 2655
f 2797 2782 2456
f 1034 1033 2456
f 2529 2810 2736
f 2774 2456 2775
f 2813 923 758
f 2821 2822 2823
f 2791 2797 1033
f 2764 2734 2662
f 2813 922 923
f 2791 2669 2786
f 2508 2519 2509
f 2519 2508 2453
f 2767 2687 2744
f 2809 2595 2560
f 2506 2476 2507
f 2751 2680 2752
f 2822 2824 2823
f 2582 2664 2825
f 2823 2826 2818
f 2674 2826 2664
f 2827 2826 2823
f 2763 2770 2828
f 2746 2738 2742
f 1315 1367 2704
f 1501 1285 2448
f 376 1367 1315
f 2825 2827 2823
f 2829 2823 2818
f 1501 2730 1442
f 2529 2696 2810
f 802 1315 2753
f 2448 2730 1501
f 2477 2814 2830
f 2817 2816 2582
f 2742 2736 2811
f 2658 2655 2656
f 2818 2765 2829
f 2818 2826 2674
f 2778 2831 2665
f 2477 2830 2475
f 2449 2832 2831
f 2706 2705 2295
f 2759 2758 1349
f 2448 2449 2778
f 2778 2449 2831
f 2730 2778 2665
f 2745 2689 2578
f 2812 2817 2819
f 2832 2621 2831
f 2665 2831 2620
f 2819 2817 2825
f 2681 2688 2687
f 2828 2686 2763
f 2826 2827 2664
f 1810 1812 2469
f 2793 2721 2763
f 2752 2754 2731
f 2745 2578 2743
f 2816 2809 2560
f 2819 2823 2824
f 2738 2682 2681
f 2784 2751 2793
f 2664 2827 2825
f 2686 2828 2687
f 2582 2825 2817
f 2214 2469 1812
f 2809 2817 2812
f 2662 2608 2577
f 2477 2812 2814
f 2692 2691 2793
f 1485 2708 2715
f 2723 2725 2734
f 2819 2825 2823
f 2720 2750 2656
f 2823 2829 2821
f 2815 2819 2824
f 2751 2731 2793
f 2691 2721 2793
f 2706 2295 2779
f 2731 2692 2793
f 2688 2751 2686
f 2657 2750 2683
f 2750 2657 2656
f 2475 2697 2690
f 2694 1438 1466
f 803 802 2753
f 2833 2735 2737
f 2680 2682 2834
f 2681 2687 2790
f 2764 2721 2724
f 2835 2836 2752
f 2721 2720 2724
f 2833 2790 2735
f 2662 2745 2763
f 2744 2687 2828
f 2695 2659 2173
f 2608 2725 2733
f 2837 2838 2839
f 2734 2764 2724
f 2681 2739 2738
f 2770 2745 2744
f 2732 2731 2754
f 2779 2295 2310
f 2123 2659 2121
f 2689 2661 2577
f 2529 2735 2527
f 2578 2507 2728
f 2145 2695 2173
f 2732 2704 2692
f 2751 2688 2680
f 2123 2173 2659
f 2527 2735 2767
f 2728 2740 2528
f 2840 2836 2841
f 2693 2574 2506
f 2836 803 2753
f 2836 2753 2754
f 2727 2767 2744
f 2604 2603 2434
f 2842 2835 2752
f 2699 2698 2843
f 2012 2683 1613
f 2698 2363 2362
f 1519 2531 2626
f 2844 801 2840
f 2473 2632 2666
f 2840 803 2836
f 2613 2543 2845
f 1281 2832 2449
f 2846 2803 2795
f 2796 2847 2794
f 2542 2713 2607
f 2542 2544 2706
f 2547 2848 2508
f 2508 2848 2453
f 2849 2772 2845
f 2547 2549 2548
f 2850 2618 2613
f 2848 2454 2453
f 337 2456 2455
f 2585 2638 2801
f 2614 2613 2618
f 180 2455 2479
f 2788 2685 2639
f 2455 2454 2479
f 2490 2478 2548
f 2851 2478 2492
f 2803 2838 2852
f 2853 2835 2842
f 181 180 2479
f 2854 2674 2673
f 2852 2621 2832
f 2855 2521 2568
f 2479 2478 2851
f 2521 2855 2856
f 2479 2851 181
f 2575 2693 2571
f 2856 2654 2521
f 2768 2522 2521
f 2857 2852 2858
f 2547 2478 2848
f 2491 2490 2709
f 2522 2711 2523
f 2805 2859 2860
f 2844 2840 2861
f 2501 2568 2567
f 2862 2840 2841
f 1298 2863 2864
f 1299 1001 1300
f 2862 2861 2840
f 2865 2700 2854
f 2630 2502 2501
f 189 179 2749
f 2470 2685 2779
f 1298 2866 2863
f 2478 2454 2848
f 2654 2653 2768
f 2567 2711 2629
f 2866 1298 1309
f 2748 2491 2502
f 2593 2867 2757
f 2504 2533 954
f 2628 2837 2868
f 2502 2630 2748
f 2638 2496 2869
f 2857 2858 2864
f 2790 2833 2739
f 1311 1300 2861
f 757 2637 758
f 2600 2504 181
f 2864 2870 1298
f 2335 2569 2332
f 2533 2749 954
f 2864 2858 2870
f 2871 2496 2667
f 1285 1281 2449
f 2652 2489 2653
f 2838 2621 2852
f 2866 2872 2863
f 2800 2806 2796
f 2864 2799 2857
f 1299 1297 2873
f 2874 2839 2875
f 1651 2760 1475
f 2679 2837 2628
f 2629 2711 2640
f 2457 2653 2489
f 2799 2864 2863
f 2875 2839 2846
f 2649 2482 2876
f 2866 1309 2872
f 2496 2638 2663
f 2872 1309 2804
f 2800 2796 2798
f 2640 2748 2629
f 2795 2798 2796
f 2804 1307 2859
f 2641 2749 2532
f 2642 2641 2532
f 2481 2876 2482
f 2749 2641 189
f 2532 2749 2533
f 2457 2524 2653
f 2861 2877 1311
f 2672 2878 2879
f 2880 1349 2758
f 2799 2803 2857
f 2879 2668 2663
f 2863 2800 2799
f 2514 2783 2641
f 2801 2881 2875
f 2502 2709 2503
f 2672 2879 2586
f 2524 2762 2653
f 2837 2679 2838
f 2872 2806 2800
f 2796 2806 2882
f 2882 2847 2796
f 2471 2883 2625
f 2533 2640 2534
f 192 2783 2530
f 2803 2846 2839
f 2884 2882 2805
f 2861 2862 2877
f 2806 2805 2882
f 2885 2762 2524
f 2799 2798 2803
f 2863 2872 2800
f 2860 2862 2886
f 2880 2758 2679
f 1290 1278 1013
f 2871 2634 2497
f 2755 2762 2885
f 2838 2803 2839
f 2671 2670 2802
f 2859 2877 2860
f 2887 2886 2862
f 2649 2888 2525
f 2887 2841 2853
f 2804 2859 2805
f 2837 2839 2874
f 1475 2760 2759
f 2862 2841 2887
f 2755 2885 2756
f 2859 1311 2877
f 2668 2889 2669
f 2488 2589 2487
f 2628 2880 2679
f 2868 2837 2874
f 2671 2890 2672
f 2530 2471 2625
f 2534 2579 2532
f 2891 2892 2802
f 773 1349 2880
f 2628 773 2880
f 2861 1300 1001
f 1281 1283 2870
f 2846 2795 2893
f 2842 2680 2834
f 2884 2860 2886
f 2891 2875 2846
f 2530 2625 2531
f 2801 2875 2891
f 2891 2846 2893
f 2532 2514 2642
f 2894 2868 2874
f 2852 2870 2858
f 2894 2588 2868
f 2530 2783 2514
f 2801 2638 2881
f 2795 2794 2893
f 2892 2891 2893
f 2794 2892 2893
f 2511 2524 2525
f 2585 2802 2670
f 2847 2884 2895
f 1307 2804 1304
f 2879 2663 2584
f 2872 2804 2806
f 2794 2847 2892
f 2895 2892 2847
f 2802 2892 2671
f 2579 2514 2532
f 2524 2511 2885
f 2669 2889 2787
f 2511 2525 2512
f 230 2518 285
f 2715 1600 1485
f 2885 2511 2462
f 1311 2859 1307
f 2455 2456 2519
f 2852 1281 2870
f 2879 2878 2668
f 2585 2670 2586
f 2461 2559 2756
f 2487 2634 2637
f 2894 2497 2589
f 2513 2526 2451
f 2616 2460 2513
f 2595 2623 2576
f 2460 2511 2513
f 2600 2851 2492
f 2845 2772 2613
f 2461 2599 2559
f 2892 2895 2896
f 2461 2756 2462
f 2871 2667 2669
f 2526 2520 2451
f 2588 2628 2868
f 2501 2567 2629
f 2473 2472 2633
f 2586 2670 2672
f 2616 2485 2460
f 2897 2465 2898
f 2472 2557 2633
f 2632 2473 2633
f 2667 2663 2668
f 2668 2878 2889
f 2671 2896 2890
f 2599 2631 2557
f 2850 2613 2772
f 2496 2495 2869
f 2493 2616 2643
f 2886 2899 2884
f 2461 2631 2599
f 2485 2493 2483
f 2648 2546 2597
f 2728 2727 2743
f 2561 2563 2660
f 2486 2536 2582
f 2853 2900 2887
f 2500 2676 2461
f 2556 2553 2552
f 2542 2706 2779
f 2362 2619 2729
f 2638 2869 2881
f 2729 2619 2618
f 2493 2643 2494
f 2901 2607 2718
f 2842 2752 2680
f 2705 2544 2644
f 2310 2470 2779
f 2645 2617 2659
f 2788 2639 2714
f 2742 2737 2736
f 2849 2773 2772
f 2637 2871 2813
f 2700 2769 2765
f 2714 2639 2702
f 2621 2838 2679
f 2902 2903 2904
f 2905 2747 2906
f 2907 2908 2503
f 2746 2909 2910
f 2911 2912 2830
f 2913 2914 2915
f 2916 2917 2918
f 2919 2912 2920
f 2921 2922 2923
f 2924 2717 2719
f 2494 2643 2651
f 2747 2909 2906
f 2925 2926 2927
f 2855 2652 2856
f 2928 2929 2930
f 2696 2931 2932
f 2933 2930 2929
f 2927 2934 2925
f 2935 2936 2937
f 2938 2939 2940
f 2937 2936 2941
f 2908 2942 2568
f 2943 2526 2888
f 2944 2945 2946
f 2484 230 2500
f 2947 2948 2949
f 2925 2950 2926
f 2951 2952 2953
f 2954 2955 2956
f 2957 2702 2958
f 2959 2960 2961
f 2948 2962 2963
f 2964 2815 2965
f 2966 2562 2561
f 2483 2494 2518
f 2521 2654 2768
f 2967 2464 2968
f 2969 2970 2971
f 2910 2909 2747
f 2972 2973 2974
f 2975 2924 2976
f 2936 2935 2977
f 2978 2520 2943
f 2979 714 2980
f 2981 2982 2983
f 2983 2982 2984
f 2985 2986 2987
f 2771 2699 2772
f 2914 2988 2989
f 2981 2953 2952
f 2989 2990 2914
f 2985 2991 2986
f 2988 2992 2989
f 2993 2994 2995
f 2996 2995 2997
f 408 2998 2946
f 2999 2867 3000
f 3001 2950 3002
f 2561 2555 2966
f 2986 2991 2918
f 3003 2489 2962
f 3004 3005 2562
f 3006 2997 3007
f 3008 3009 3010
f 3011 2919 2697
f 3012 2769 3013
f 2822 3014 2965
f 3015 3016 2978
f 2945 3017 2946
f 2979 3018 713
f 3019 3012 3020
f 2500 230 2677
f 2834 3021 2900
f 3022 3023 3024
f 866 3025 3026
f 3027 3028 3029
f 3030 3031 3032
f 3033 3034 3035
f 3036 3037 3015
f 3031 3038 3039
f 2950 3001 2926
f 3040 3041 2940
f 3042 2707 2474
f 2996 3043 3044
f 3045 3046 3047
f 3048 3049 3000
f 3050 2966 3051
f 3052 2916 2991
f 2987 3047 2929
f 3053 3054 2922
f 2896 2671 2892
f 2922 3055 2977
f 3000 2773 3048
f 3056 3057 2932
f 2978 3058 2520
f 3059 3060 2981
f 3061 713 3018
f 3031 3030 3062
f 3063 3064 3065
f 3066 3032 3039
f 3067 3068 3069
f 3054 3018 2923
f 3070 3071 3019
f 2611 2587 2902
f 3006 3007 2777
f 2860 2884 2805
f 2808 2787 3072
f 3073 3024 3023
f 2494 2498 318
f 3074 2992 2988
f 2937 3075 3076
f 3077 2982 3078
f 2973 2972 3079
f 2481 2480 2947
f 3080 2649 2876
f 3081 3040 3082
f 2951 3083 2952
f 2903 3034 3084
f 3085 2808 3086
f 2999 3087 3088
f 2977 3055 3089
f 3062 3090 3091
f 3092 2991 2909
f 2467 2474 2498
f 2935 3053 2977
f 2983 3091 3059
f 3093 2517 2516
f 3071 3070 2988
f 3094 3095 3096
f 3097 3085 3086
f 3054 3061 3018
f 2988 3098 3099
f 3100 3070 3020
f 3083 3078 2952
f 2509 2807 2510
f 2555 3101 3051
f 2931 3028 3082
f 2919 2920 2931
f 3001 3102 2926
f 3103 3104 3056
f 3105 2951 2953
f 3096 3095 2932
f 3054 3053 3106
f 3047 3107 2929
f 3097 2896 2895
f 3108 3109 3110
f 3111 2962 3044
f 3112 2942 3113
f 3082 3009 3081
f 3009 3008 3081
f 2803 2852 2857
f 2808 3072 3086
f 2884 2899 2895
f 2986 2917 3045
f 2927 2951 3105
f 2829 3014 2821
f 2490 2548 2549
f 2904 2903 3084
f 2725 2662 2734
f 2685 2469 2639
f 2888 2526 2512
f 3114 3115 3116
f 2947 2949 3063
f 2956 3092 3103
f 2890 2896 3086
f 2526 2943 2520
f 2669 2813 2871
f 2927 3105 2934
f 2632 2631 2677
f 3029 2974 2973
f 351 3110 3117
f 2745 2662 2661
f 2997 3006 3107
f 2777 2930 2933
f 3118 2900 3021
f 2486 2560 2550
f 2957 2941 2976
f 3119 3120 3121
f 2565 2573 2571
f 2607 2901 2543
f 2921 2969 3122
f 2932 3057 2810
f 2790 2687 2767
f 3059 3123 3060
f 2777 2808 2930
f 2725 2608 2662
f 2570 2335 2438
f 2729 2618 2850
f 2926 3124 3026
f 2813 758 2637
f 3125 3126 3010
f 2932 2931 3096
f 3026 2927 2926
f 3041 3126 3069
f 2644 2544 2612
f 2714 2719 2712
f 2957 2976 2719
f 3088 3127 3100
f 2850 2772 2843
f 3128 2917 3129
f 2702 2650 2958
f 2952 3078 2982
f 2582 2816 2486
f 2742 2811 2746
f 3026 3124 939
f 2650 2702 2701
f 3130 3073 3108
f 2889 3072 2787
f 3125 3010 3131
f 3000 2867 2771
f 3132 2855 3133
f 2713 2712 2607
f 2549 2510 3134
f 2815 2964 2820
f 3131 3135 3125
f 3074 2971 2992
f 2786 2787 2808
f 351 350 3110
f 2918 2917 2986
f 3115 3089 3116
f 3136 2958 2650
f 3043 3046 3137
f 1466 1613 2694
f 2438 2564 2570
f 3025 866 819
f 3116 3089 3055
f 3138 3069 3068
f 3077 2984 2982
f 2941 2936 3139
f 2945 3042 3140
f 3067 3126 3125
f 2888 3036 2943
f 3140 2466 3141
f 3136 2650 2562
f 3136 2941 2958
f 3083 3026 3025
f 2339 2363 2854
f 2486 2550 2359
f 3122 3055 2921
f 2468 2467 2499
f 3038 2517 3039
f 2593 2771 2867
f 3052 3092 2956
f 866 3026 939
f 2700 2865 2698
f 2279 2658 2657
f 2975 3142 3115
f 2514 2471 2530
f 2921 3055 2922
f 2987 2929 2928
f 2402 2486 2369
f 3137 3143 3111
f 3094 3096 3082
f 2683 2279 2657
f 3022 3024 3130
f 2659 2695 2645
f 3102 3001 3002
f 2969 2921 2923
f 3144 2510 2807
f 3083 2951 2927
f 2854 2363 2865
f 2561 2554 2553
f 2972 2820 2964
f 2831 2621 2620
f 3056 2932 3095
f 2680 2688 2681
f 2913 3016 2959
f 2577 2609 2693
f 2908 2568 2501
f 2853 2842 2900
f 3072 2889 2878
f 2650 2563 2562
f 3099 3122 2969
f 2994 3145 2997
f 3127 3088 3114
f 2973 3146 3027
f 2750 1438 2694
f 3114 3147 3127
f 2973 3027 3029
f 3087 3000 3049
f 2722 2656 2655
f 2907 2503 2490
f 2605 2623 2606
f 2900 3118 2887
f 2862 2860 2877
f 2994 3144 3145
f 3052 3065 2916
f 3122 3099 3098
f 2927 3026 3083
f 2906 2909 3148
f 2486 2816 2560
f 2464 3117 3109
f 2982 2981 2952
f 2895 2899 3097
f 3097 3118 3149
f 2573 2576 2605
f 3150 3151 2939
f 2991 3148 2909
f 2506 2577 2693
f 2983 3059 2981
f 3065 2938 3063
f 3053 3152 3106
f 3025 3078 3083
f 2674 2854 2700
f 2959 3019 2913
f 2833 2737 2739
f 2820 2911 2830
f 3153 2962 3154
f 2721 2764 2763
f 3077 3078 3025
f 3090 3059 3091
f 3090 3123 3059
f 3034 3062 3035
f 2829 3131 3014
f 2652 2654 2856
f 3077 3025 2898
f 2898 3025 819
f 3090 3093 3123
f 2667 2496 2663
f 2881 2869 2894
f 714 315 2980
f 3013 2757 3155
f 2987 2928 2985
f 2984 3091 2983
f 3090 3062 3030
f 3154 2489 2652
f 2916 3064 2917
f 2898 819 3156
f 3157 3158 3051
f 3093 3090 3066
f 3062 3091 3035
f 3091 2984 3035
f 3046 2917 3128
f 3090 3030 3066
f 3139 3142 2975
f 3012 2960 3131
f 2811 3057 3104
f 2529 2528 2697
f 3041 3069 2940
f 2465 3077 2898
f 2850 2843 2729
f 3130 3024 3073
f 3066 3039 3093
f 3046 3143 3137
f 3077 2465 2984
f 3034 3031 3062
f 3030 3032 3066
f 2967 3035 2984
f 2339 2854 2340
f 2517 3093 3039
f 3039 3032 3031
f 2363 2698 2865
f 2568 2942 2855
f 2772 2699 2843
f 2967 2984 2465
f 3013 2594 2757
f 2965 2815 2824
f 3035 2967 3033
f 3034 2903 3031
f 2517 3038 2538
f 3034 3033 3084
f 2537 2701 2214
f 2903 3038 3031
f 2718 2607 2712
f 2967 2968 3033
f 3073 3109 3108
f 3118 2899 2887
f 3038 2903 2538
f 3084 3033 2904
f 2634 2871 2637
f 3095 3159 3056
f 2744 2828 2770
f 2541 2538 2903
f 3079 2972 2964
f 3088 3087 3160
f 2820 2972 2911
f 2904 3033 3161
f 3161 3033 3162
f 3162 3033 2968
f 3118 3097 2899
f 351 3117 411
f 2904 2624 2902
f 3163 2909 2746
f 2903 2902 2541
f 3164 3161 3162
f 2495 2497 2894
f 3055 3098 3147
f 2611 2902 2624
f 2587 2541 2902
f 3117 2464 411
f 3101 2904 3161
f 2967 2465 2464
f 2604 2675 2602
f 3019 2959 2961
f 2521 2523 2567
f 1001 2844 2861
f 2464 3109 2968
f 2464 2463 411
f 2997 3107 3047
f 974 801 2844
f 2583 2624 2904
f 3044 3132 2996
f 3101 2583 2904
f 2427 2360 2565
f 2340 2854 2673
f 2475 2912 3011
f 2780 2781 2777
f 3161 3164 3157
f 974 2844 1001
f 2949 3129 3064
f 3162 2968 3164
f 2480 2482 2458
f 3080 2481 3068
f 3165 2939 2938
f 3101 3161 3157
f 2496 2871 2497
f 2897 2463 2465
f 3164 2968 3073
f 2968 3109 3073
f 2459 2649 2525
f 612 2897 3156
f 2777 3007 2807
f 3144 3134 2510
f 2919 2931 2696
f 2549 2907 2490
f 2992 2971 3017
f 3073 3023 3164
f 3029 3028 2931
f 3139 2936 3142
f 2555 2583 3101
f 3157 3051 3101
f 3086 2896 3097
f 3157 3164 3023
f 2975 3049 3048
f 3117 3110 3109
f 2807 3007 3145
f 3158 3157 3023
f 2966 2555 3051
f 2873 1297 1290
f 3111 3044 3137
f 2878 2890 3086
f 3023 3022 3158
f 2878 2672 2890
f 3051 3158 3050
f 2777 2781 2808
f 2908 2907 2549
f 2916 2918 2991
f 3130 3108 3106
f 3050 3158 3022
f 3130 3152 3022
f 3085 3097 3149
f 2677 229 2632
f 3152 3130 3106
f 2930 2808 3085
f 2928 3148 2985
f 3050 3022 3166
f 2933 3006 2777
f 3152 3166 3022
f 3106 3108 713
f 3110 713 3108
f 318 735 2494
f 2549 3134 2993
f 2653 2761 2768
f 2993 2908 2549
f 3004 3050 3166
f 3050 2562 2966
f 3166 3152 2935
f 3149 3118 3120
f 2852 2832 1281
f 3041 3008 3126
f 713 3061 3106
f 713 3110 350
f 2908 2501 2503
f 3144 2994 2993
f 3004 3166 3076
f 2842 2834 2900
f 3113 2908 2993
f 3152 3053 2935
f 2938 3065 3165
f 2463 2897 612
f 3080 3036 2649
f 3135 3037 3125
f 2562 3050 3004
f 3166 2935 3076
f 2993 3134 3144
f 3005 3004 3076
f 3120 3021 3121
f 3021 2834 3121
f 346 319 2707
f 3085 3149 2930
f 3054 3106 3061
f 2140 2210 2537
f 2503 2709 2490
f 2997 2995 2994
f 2977 3053 2922
f 3156 2897 2898
f 2562 3005 3075
f 2935 2937 3076
f 3081 3041 3040
f 3075 3005 3076
f 3008 3041 3081
f 3018 2979 2970
f 713 714 2979
f 2965 2824 2822
f 2748 2504 2601
f 2922 3054 2923
f 3113 2942 2908
f 3075 3136 2562
f 3069 3138 2940
f 2923 3018 2970
f 3075 2941 3136
f 3142 2936 2977
f 3104 2746 2811
f 3156 486 612
f 2938 3138 3063
f 2970 2979 2971
f 3104 3057 3056
f 3006 2933 3107
f 2905 3121 2834
f 2929 3107 2933
f 2941 3075 2937
f 2853 2841 2835
f 2977 3089 3142
f 3046 2997 3047
f 2873 1013 1007
f 3141 2915 2914
f 3167 2979 2980
f 2279 2012 2011
f 487 3156 819
f 2970 2969 2923
f 2980 2946 3167
f 2917 3064 3129
f 2594 3013 2769
f 2677 2676 2500
f 2544 2613 2612
f 3115 3142 3089
f 2472 2579 2557
f 2571 2566 2565
f 2591 2569 2570
f 3167 2946 3017
f 2593 2592 2699
f 2969 2971 3099
f 1290 1013 2873
f 2946 2980 408
f 2836 2835 2841
f 2957 2958 2941
f 2791 2813 2669
f 2884 2847 2882
f 2976 2941 3139
f 3167 3017 2979
f 2512 2525 2888
f 2971 2979 3017
f 2971 3074 3099
f 229 2471 2666
f 2957 2719 2702
f 3116 3055 3147
f 2976 3139 2975
f 2712 2719 2718
f 2834 2682 2905
f 2851 2600 181
f 486 3156 487
f 2563 2537 2648
f 3150 3094 3151
f 2874 2875 2881
f 3003 2948 2947
f 2702 2719 2714
f 3114 3116 3147
f 2946 2998 2707
f 1298 2870 1283
f 3017 2945 2992
f 2928 3149 3120
f 3074 2988 3099
f 2855 2942 3133
f 2998 408 394
f 3098 3055 3122
f 3103 3092 3163
f 2756 2885 2462
f 2975 3115 3049
f 3049 3115 3114
f 2272 2658 2279
f 3138 2938 2940
f 3094 3040 3151
f 2944 2946 2707
f 2998 394 346
f 3113 2993 2995
f 2478 2490 2492
f 3138 3068 2947
f 2634 2589 2497
f 2719 2976 2924
f 2905 2682 2747
f 3012 2961 2960
f 3052 3165 3065
f 3048 2924 2975
f 3049 3114 3160
f 3098 3127 3147
f 3121 2905 3119
f 3112 3113 2995
f 2905 2906 3119
f 2945 2944 3042
f 1519 671 2531
f 3119 3148 3120
f 2992 2945 2990
f 2989 2992 2990
f 346 2707 2998
f 3160 3087 3049
f 2641 190 189
f 2707 3042 2944
f 2883 1519 2626
f 3140 2990 2945
f 2988 3127 3098
f 1007 1299 2873
f 2581 2340 2673
f 3048 2717 2924
f 3114 3088 3160
f 2942 3112 3133
f 2943 3015 2978
f 1309 1304 2804
f 2641 192 190
f 2518 2494 735
f 2996 3112 2995
f 3127 2988 3070
f 2914 3071 2988
f 2807 3145 3144
f 229 2666 2632
f 1536 2471 229
f 3088 3100 2999
f 3043 2996 2997
f 3141 2914 2990
f 2974 2920 2911
f 3071 2914 2913
f 2901 2717 2773
f 2471 1536 2883
f 2718 2717 2901
f 3048 2773 2717
f 2752 2836 2754
f 3087 2999 3000
f 3070 3100 3127
f 2546 2545 2597
f 954 171 2504
f 2587 2675 2540
f 2999 3100 3155
f 3100 3020 3155
f 2698 2729 2843
f 2467 3042 2474
f 3140 3042 2467
f 3141 2990 3140
f 3047 2987 3045
f 2683 2750 2694
f 3120 3148 2928
f 2849 2901 2773
f 230 229 2677
f 2660 2563 2648
f 2974 2931 2920
f 2757 2999 3155
f 2467 2466 3140
f 3071 2913 3019
f 3016 2913 2915
f 411 2463 612
f 3000 2771 2773
f 1536 1519 2883
f 2584 2586 2879
f 2459 2458 2482
f 2867 2999 2757
f 3020 3070 3019
f 3141 3058 2915
f 315 408 2980
f 2499 2651 2450
f 803 2840 801
f 2915 3058 3016
f 2912 2911 2920
f 3058 3141 2466
f 3058 2978 3016
f 3020 3013 3155
f 2878 3086 3072
f 3058 2466 2520
f 3118 3021 3120
f 3019 2961 3012
f 3013 3020 3012
f 2869 2495 2894
f 3163 2746 3104
f 3016 3037 2959
f 3016 3015 3037
f 3112 2996 3133
f 2762 2761 2653
f 3138 2947 3063
f 180 337 2455
f 770 2588 771
f 2960 2959 3135
f 3135 2959 3037
f 3132 3133 2996
f 230 2484 2483
f 3012 2765 2769
f 2829 2765 3012
f 3125 3037 3168
f 3037 3036 3168
f 2960 3135 3131
f 2912 2475 2830
f 3131 2829 3012
f 3067 3125 3168
f 2802 2801 2891
f 3168 3036 3080
f 2943 3036 3015
f 3080 3067 3168
f 2498 2474 318
f 3010 3014 3131
f 3126 3067 3069
f 3036 2888 2649
f 3009 3014 3010
f 3010 3126 3008
f 2881 2894 2874
f 3009 3146 3014
f 3067 3080 3068
f 2876 2481 3080
f 2675 2604 2635
f 3014 2822 2821
f 2987 2986 3045
f 2508 2510 2547
f 3079 3014 3146
f 2481 2947 3068
f 3014 3079 2965
f 3079 3146 2973
f 2917 3046 3045
f 3009 3027 3146
f 2626 2625 2883
f 3028 3027 3009
f 2940 3151 3040
f 2939 3151 2940
f 2964 2965 3079
f 3009 3082 3028
f 3092 2909 3163
f 3043 3137 3044
f 2480 3003 2947
f 3040 3094 3082
f 3165 3150 2939
f 2931 2974 3029
f 3082 3096 2931
f 3159 3150 3165
f 3159 3165 2954
f 285 2518 735
f 3064 3063 2949
f 3150 3095 3094
f 2747 2746 2910
f 3065 3064 2916
f 3095 3150 3159
f 2340 2486 2402
f 2630 2629 2748
f 2480 2489 3003
f 3003 2962 2948
f 3129 2949 2948
f 2886 2887 2899
f 2911 2972 2974
f 1299 1007 1001
f 2648 2210 2546
f 2930 3149 2928
f 2588 2894 2589
f 2954 3165 2955
f 2488 797 795
f 2830 2814 2820
f 3165 3052 2955
f 3129 2948 2963
f 2956 2955 3052
f 2699 2592 2700
f 2849 2543 2901
f 2489 3154 2962
f 3145 3007 2997
f 2553 2555 2561
f 2963 3128 3129
f 3159 2954 3103
f 2543 2849 2845
f 3103 2954 2956
f 2461 2676 2631
f 3159 3103 3056
f 2962 3111 2963
f 2963 3143 3128
f 2912 2919 3011
f 2932 2810 2696
f 2696 2697 2919
f 3092 3052 2991
f 3132 3154 2855
f 3044 2962 3153
f 3043 2997 3046
f 3143 2963 3111
f 3148 2991 2985
f 3057 2811 2810
f 3153 3154 3132
f 3153 3132 3044
f 3143 3046 3128
f 3011 2697 2475
f 3148 3119 2906
f 3103 3163 3104
f 2788 2714 2713
f 2652 2855 3154
f 3169 3170 3171
f 3172 3173 3174
f 3175 3176 3177
f 2342 2341 3178
f 3179 3180 3181
f 3182 3183 3184
f 3180 3185 3181
f 3186 3187 3188
f 3189 3190 3191
f 3178 2341 3192
f 3177 3193 2342
f 3194 3195 3184
f 3196 3197 3198
f 3199 3178 3200
f 3175 3201 3176
f 3202 2157 3203
f 3186 3188 3204
f 3201 3175 3199
f 3205 3181 3206
f 3207 3208 3209
f 3196 3201 3197
f 3174 3210 3172
f 3211 3212 3213
f 3214 3212 3211
f 3188 3215 3204
f 3201 3199 3216
f 3199 3170 3216
f 3217 3218 3219
f 3200 3192 3220
f 3221 3222 3223
f 3224 2981 3060
f 3225 3226 3227
f 3228 3229 3230
f 3231 3197 3201
f 3232 3233 3234
f 3235 3195 3236
f 3237 3238 3194
f 3239 3190 2414
f 3240 3202 3241
f 3242 3243 3244
f 3245 3209 3246
f 3247 2154 3240
f 3219 3248 3249
f 3215 3206 3204
f 3250 3198 3251
f 3252 3253 3205
f 3254 3255 3256
f 3257 3237 3258
f 3231 3251 3198
f 3259 3260 3261
f 3262 3263 3264
f 3234 3265 3232
f 3266 3267 3268
f 3250 3269 3270
f 3271 3272 3213
f 3273 3274 3275
f 3273 3275 3276
f 3200 3277 3170
f 3223 3278 3245
f 3279 3191 3280
f 3231 3216 3281
f 3260 3265 3282
f 3200 3240 3277
f 3244 3218 3242
f 3283 3284 3235
f 3285 3286 3287
f 3288 3258 3289
f 2157 2159 3290
f 2636 3291 3292
f 3293 3294 3295
f 3296 3297 3298
f 3299 3300 3301
f 3206 3215 3302
f 3303 3248 3219
f 3178 3177 2342
f 3304 3305 3306
f 3172 3307 3308
f 3105 2953 3309
f 3268 3258 3288
f 3261 3310 3311
f 3312 3231 3281
f 3313 3314 3315
f 3281 3316 3317
f 3318 3203 3290
f 3266 3263 3319
f 3290 2159 3320
f 3295 3294 3251
f 3321 3322 3323
f 3294 3250 3251
f 3324 3284 2934
f 3294 3269 3250
f 3317 3312 3281
f 3215 3325 3326
f 3316 3217 3317
f 2445 3327 2407
f 3277 3328 3171
f 3329 3330 3331
f 3203 3332 3202
f 3320 3318 3290
f 3333 3334 3335
f 3333 3335 3336
f 3337 3324 3338
f 3209 3208 3246
f 3339 3340 3341
f 3342 3343 3312
f 3262 3344 3263
f 3345 3269 3294
f 3328 3277 3346
f 3240 3241 3277
f 3241 3202 3332
f 3347 3248 3348
f 3286 3285 3349
f 3318 3332 3203
f 3251 3350 3295
f 3351 3312 3317
f 3217 3169 3242
f 3352 3353 3354
f 3355 3356 3357
f 3212 3358 3248
f 3332 3318 3359
f 3191 3360 3189
f 2252 3320 2159
f 3322 3321 3361
f 3229 3342 3230
f 3171 3328 3362
f 3327 2445 3363
f 3364 3365 3366
f 3328 3346 3360
f 3367 3301 3300
f 3211 3213 3272
f 3238 3368 3310
f 3359 3346 3332
f 3320 2252 3369
f 3324 3370 3284
f 3371 3361 3372
f 3246 3356 3355
f 3229 3228 3350
f 3373 3317 3217
f 3328 3243 3362
f 3374 3326 3325
f 3375 3376 3356
f 3308 3361 3371
f 3224 3338 2953
f 3228 3293 3295
f 3241 3346 3277
f 3360 3318 3189
f 3369 3189 3320
f 3210 3230 3307
f 3307 3351 3373
f 3377 3353 3378
f 3338 3309 2953
f 3379 3380 3304
f 3381 3328 3360
f 3312 3230 3342
f 3346 3318 3360
f 3382 3383 3384
f 3174 3376 3375
f 3235 3385 3283
f 3182 3184 3195
f 3310 3315 3386
f 3210 3228 3230
f 3387 3291 2636
f 3375 3208 3293
f 3310 3261 3388
f 3222 3389 3390
f 3391 3002 2950
f 3234 3392 3393
f 3184 3258 3237
f 3185 3186 3204
f 3394 3349 3285
f 3394 3285 3395
f 3303 3219 3218
f 3310 3396 3238
f 3176 3193 3177
f 3397 3398 3381
f 3397 3381 3279
f 3264 3288 3289
f 2636 2678 3387
f 3190 3189 3399
f 3329 3400 3401
f 3329 3401 3402
f 3375 3228 3174
f 3172 3210 3307
f 3308 3307 3322
f 3403 2355 2354
f 3386 3315 3314
f 3322 3307 3404
f 3205 3253 3254
f 3273 3276 3405
f 3404 3249 3248
f 3175 3177 3178
f 3406 3238 3396
f 3407 3344 3326
f 3379 3239 3380
f 3408 3409 3410
f 3397 3243 3398
f 3243 3397 3244
f 3189 3318 3320
f 3173 3411 3409
f 3190 3399 2447
f 3412 3227 3226
f 3247 3220 3192
f 3213 3303 3244
f 3413 3239 3379
f 2154 3202 3240
f 3358 3212 3214
f 3173 3172 3411
f 3397 3379 3213
f 3287 3354 3278
f 2414 3190 2337
f 3414 3282 3275
f 3174 3415 3376
f 3297 3278 3416
f 3267 3416 3377
f 3288 3264 3263
f 3265 3260 3259
f 3298 3263 3344
f 3411 3172 3336
f 3417 3321 3347
f 3418 3214 3419
f 3308 3336 3172
f 3248 3347 3323
f 3420 3298 3297
f 3421 3345 3207
f 3422 3254 3253
f 3287 3286 3354
f 3286 3349 3423
f 3284 3283 2934
f 3222 3221 3424
f 3425 3426 3406
f 3352 3354 3286
f 3371 3336 3308
f 3224 3337 3338
f 3427 3409 3366
f 3343 3251 3231
f 3428 3372 3361
f 3385 3391 2950
f 3429 3222 3390
f 3430 3384 3383
f 3204 3206 3185
f 3239 3431 3380
f 2414 3431 3239
f 3340 3414 3341
f 3376 3415 3432
f 3184 3237 3194
f 3287 3429 3285
f 3356 3432 3357
f 3105 3309 2934
f 3415 3173 3409
f 3265 3259 3378
f 3429 3223 3222
f 3345 3325 3269
f 3252 3205 3302
f 3283 3385 2925
f 3433 3434 3372
f 3433 3372 3428
f 3296 3209 3245
f 3180 3291 3301
f 3397 3213 3244
f 3392 3435 3405
f 3392 3405 3276
f 3298 3407 3374
f 3436 3437 3390
f 3249 3373 3217
f 3380 3431 3304
f 3431 2414 2413
f 3221 3355 3438
f 3428 3321 3417
f 3425 3396 3439
f 2413 3304 3431
f 3330 3424 3438
f 3440 3433 3428
f 3440 3428 3417
f 3341 3414 3441
f 3358 3214 3348
f 3271 3442 3272
f 3271 3304 3306
f 3443 3272 3442
f 3444 3364 3432
f 3342 3229 3251
f 3445 3331 3438
f 3331 3366 3329
f 3427 3444 3409
f 3446 3447 3448
f 3449 3450 3409
f 3449 3409 3411
f 3449 3411 3451
f 3452 3453 3440
f 3452 3440 3417
f 3454 3455 3452
f 3454 3452 3348
f 3253 3252 3456
f 3442 3271 3306
f 2415 3226 2413
f 2413 3226 3457
f 3427 3364 3444
f 3178 3199 3175
f 3313 3315 3458
f 3349 3394 3459
f 3349 3459 3423
f 3460 3222 3424
f 3331 3445 3364
f 3438 3331 3330
f 3237 3257 3238
f 3406 3396 3425
f 3446 3461 3272
f 3446 3272 3447
f 3453 3452 3455
f 3462 3211 3463
f 3272 3443 3447
f 3443 3306 3305
f 3220 3247 3240
f 3248 3303 3212
f 3305 3457 3384
f 3422 3337 3255
f 3464 3465 3226
f 3464 3226 2415
f 3466 3467 3468
f 3300 3469 3470
f 3427 3366 3365
f 3471 3366 3409
f 3471 3409 3408
f 3236 3195 3194
f 3384 3443 3305
f 3344 3472 3326
f 3246 3208 3356
f 3276 3275 3393
f 3283 2925 2934
f 3270 3188 3250
f 3403 3473 2355
f 3226 3225 3382
f 3226 3382 3384
f 3213 3212 3303
f 3310 3388 3315
f 3200 3178 3192
f 3422 3253 3337
f 3474 3475 3259
f 3384 3430 3476
f 3384 3476 3443
f 3448 3447 3477
f 3330 3329 3402
f 3208 3207 3345
f 3471 3478 3366
f 3479 3480 3392
f 3183 3182 3253
f 3298 3344 3407
f 3266 3288 3263
f 3265 3352 3286
f 3355 3245 3246
f 3194 3238 3406
f 3319 3420 3266
f 3400 3329 3366
f 3400 3366 3478
f 3326 3302 3215
f 3388 3458 3315
f 3319 3298 3420
f 3376 3432 3356
f 3481 3389 3482
f 3481 3482 3483
f 3233 3484 3479
f 3233 3479 3392
f 3268 3267 3377
f 3343 3231 3312
f 3457 3226 3384
f 3392 3276 3393
f 3187 3485 3188
f 3181 3205 3254
f 3183 3289 3184
f 3222 3460 3389
f 3338 3324 3309
f 3386 3439 3396
f 3185 3206 3181
f 3482 3330 3402
f 3259 3475 3378
f 3256 3123 3486
f 3260 3458 3261
f 3285 3429 3390
f 3486 2516 3487
f 3366 3331 3364
f 3406 3426 3236
f 3275 3282 3393
f 3170 3169 3316
f 3488 3435 3392
f 3370 3195 3284
f 3489 3484 3233
f 3489 3233 3423
f 3472 3344 3456
f 3490 3491 3441
f 3490 3441 3275
f 3310 3386 3396
f 3197 3231 3198
f 3257 3492 3311
f 3395 3285 3493
f 3261 3458 3388
f 3467 3425 3468
f 3311 3368 3257
f 3253 3182 3370
f 3323 3347 3321
f 3475 3377 3378
f 3265 3378 3352
f 3470 3469 3494
f 3492 3257 3258
f 3426 3467 3236
f 3474 3492 3268
f 3183 3253 3456
f 3495 3496 3458
f 3391 3236 3467
f 3462 3419 3214
f 3462 3214 3211
f 3468 3425 3439
f 3306 3443 3442
f 3375 3293 3228
f 3402 3497 3498
f 3402 3498 3482
f 3438 3424 3221
f 3348 3248 3358
f 2157 3290 3203
f 3170 3316 3281
f 3271 3379 3304
f 3247 3192 2341
f 3438 3355 3357
f 3187 3196 3485
f 3491 3499 3441
f 3216 3231 3201
f 3206 3302 3205
f 3399 2255 2447
f 3252 3302 3472
f 3470 3196 3187
f 3270 3325 3215
f 3235 3236 3385
f 3456 3262 3183
f 3268 3475 3474
f 2443 3500 2433
f 3374 3421 3296
f 3251 3229 3350
f 3454 3348 3214
f 3454 3214 3418
f 3495 3339 3496
f 3501 3389 3481
f 3254 3256 3179
f 3495 3260 3339
f 3184 3289 3258
f 3339 3260 3340
f 3252 3472 3456
f 3189 3502 3399
f 3187 3301 3367
f 3123 3093 3486
f 3401 3497 3402
f 3486 3093 2516
f 3324 3337 3253
f 2703 2433 3500
f 3456 3344 3262
f 3288 3266 3268
f 3210 3174 3228
f 3332 3346 3241
f 3503 3372 3434
f 3318 3346 3359
f 3373 3404 3307
f 3347 3348 3417
f 3234 3233 3392
f 3256 3060 3123
f 3436 3390 3389
f 3436 3389 3501
f 3465 3412 3226
f 3242 3169 3362
f 3312 3351 3230
f 3193 2446 2408
f 3263 3298 3319
f 3368 3238 3257
f 3487 3179 3256
f 3253 3370 3324
f 3475 3268 3377
f 3280 3190 3239
f 3424 3482 3460
f 3233 3232 3423
f 3224 3255 3337
f 3354 3353 3416
f 3429 3287 3223
f 3374 3296 3298
f 3495 3458 3260
f 3224 2953 2981
f 3223 3287 3278
f 3060 3256 3255
f 3317 3373 3351
f 3374 3407 3326
f 3377 3416 3353
f 3322 3404 3323
f 3296 3207 3209
f 3200 3220 3240
f 3342 3251 3343
f 3360 3191 3279
f 3373 3249 3404
f 3416 3420 3297
f 2627 3292 2515
f 3452 3417 3348
f 3244 3303 3218
f 3223 3245 3221
f 3445 3357 3432
f 3232 3265 3286
f 3467 3466 3504
f 3297 3296 3278
f 3445 3432 3364
f 3277 3171 3170
f 3421 3374 3325
f 3476 3477 3447
f 3476 3447 3443
f 3379 3397 3413
f 3502 3369 2252
f 3490 3275 3274
f 3450 3410 3409
f 3372 3333 3336
f 3286 3423 3232
f 3296 3245 3278
f 3195 3235 3284
f 3488 3392 3480
f 3299 2678 2703
f 3190 3280 3191
f 3502 3189 3369
f 3198 3250 3188
f 3201 3196 3176
f 3425 3467 3426
f 3487 3291 3180
f 2678 3299 3387
f 3500 3469 2703
f 3345 3421 3325
f 3275 3441 3414
f 3293 3208 3345
f 3299 2703 3469
f 2337 3190 2447
f 3414 3340 3282
f 3309 3324 2934
f 3445 3438 3357
f 3387 3299 3301
f 3181 3254 3179
f 3483 3482 3498
f 3492 3474 3261
f 3355 3221 3245
f 3261 3311 3492
f 3353 3352 3378
f 3398 3328 3381
f 3259 3261 3474
f 3504 3002 3467
f 3393 3265 3234
f 3216 3170 3281
f 3500 2443 3469
f 3354 3416 3278
f 2154 3247 2341
f 3280 3239 3279
f 3218 3217 3242
f 3469 3300 3299
f 2443 3494 3469
f 3422 3255 3254
f 3327 2443 2407
f 3494 2443 3327
f 3249 3217 3219
f 3236 3391 3385
f 3390 3437 3493
f 3390 3493 3285
f 3260 3282 3340
f 3270 3215 3188
f 3473 3464 2415
f 3473 2415 2355
f 2950 2925 3385
f 3200 3170 3199
f 3459 3489 3423
f 3198 3188 3485
f 3415 3174 3173
f 3256 3486 3487
f 3420 3416 3267
f 3230 3351 3307
f 3279 3413 3397
f 3356 3208 3375
f 3236 3194 3406
f 3345 3294 3293
f 3267 3266 3420
f 3472 3302 3326
f 2627 2636 3292
f 3457 3305 2413
f 3363 3494 3327
f 3269 3325 3270
f 3502 2252 2256
f 3193 2445 2446
f 3321 3428 3361
f 3444 3432 3415
f 3295 3350 3228
f 3365 3364 3427
f 2256 2244 2235
f 3367 3300 3470
f 2255 3399 2256
f 3387 3301 3291
f 3296 3421 3207
f 3485 3196 3198
f 3265 3393 3282
f 3291 3487 3292
f 3187 3367 3470
f 3182 3195 3370
f 3363 2445 3193
f 3460 3482 3389
f 3243 3242 3362
f 3444 3415 3409
f 2408 2342 3193
f 3470 3494 3363
f 2516 2515 3292
f 3308 3322 3361
f 3292 3487 2516
f 3505 3333 3372
f 3505 3372 3503
f 3305 3304 2413
f 3336 3371 3372
f 3381 3360 3279
f 3248 3323 3404
f 2256 3399 3502
f 3262 3264 3183
f 3193 3176 3363
f 3224 3060 3255
f 3264 3289 3183
f 3268 3492 3258
f 3279 3239 3413
f 3482 3424 3330
f 2244 2256 2252
f 3180 3301 3185
f 3470 3363 3176
f 3463 3211 3272
f 3463 3272 3461
f 3328 3398 3243
f 3187 3186 3301
f 3271 3213 3379
f 3310 3368 3311
f 3186 3185 3301
f 3169 3171 3362
f 3470 3176 3196
f 3391 3467 3002
f 3217 3316 3169
f 3487 3180 3179
f 3505 3334 3333
f 3336 3335 3451
f 3336 3451 3411
f 2157 3202 2154
f 3506 3507 3508
f 3509 3510 3511
f 266 3512 481
f 3513 3514 3515
f 3516 3517 3518
f 1328 3124 2926
f 3519 3520 3511
f 3521 3522 3523
f 3496 3524 3525
f 3341 3441 3526
f 3526 3527 3341
f 1409 631 3528
f 3514 3529 3530
f 3511 3510 3531
f 3532 281 3533
f 3341 3527 3339
f 3522 3534 3535
f 3536 3537 3538
f 3536 3538 3539
f 3517 3540 3541
f 3517 3541 3508
f 3511 3520 3509
f 3542 3538 3506
f 3542 3506 3543
f 3531 3510 644
f 3441 3517 3526
f 3525 3524 3544
f 3508 3541 3543
f 3508 3543 3506
f 3525 3544 3537
f 3313 3545 3546
f 3547 3466 3548
f 3530 3523 3525
f 3519 3511 3549
f 1409 3528 3550
f 3102 1328 2926
f 3102 3002 1040
f 3514 3537 3515
f 3551 3521 3529
f 1040 3547 1277
f 3528 631 510
f 3504 1040 3002
f 3525 3552 3496
f 281 3532 1421
f 3542 3539 3538
f 3513 3550 3528
f 3553 1409 3554
f 3386 3314 3534
f 3530 3529 3521
f 3439 3386 3520
f 3339 3527 3524
f 3466 3547 3504
f 3555 3556 3533
f 3556 3534 3522
f 481 3512 3531
f 3553 1410 1409
f 3532 3529 509
f 3439 3520 3519
f 3555 283 644
f 3544 3524 3527
f 3507 3526 3517
f 3496 3339 3524
f 3509 3557 3556
f 3549 3468 3519
f 3558 3546 3545
f 3555 3533 281
f 3548 3549 3512
f 3506 3538 3537
f 3102 1040 1328
f 3523 3558 3525
f 3548 1277 3547
f 3527 3507 3544
f 3499 3559 3517
f 3499 3517 3441
f 3522 3535 3558
f 3531 644 481
f 3560 3513 3561
f 3124 1328 939
f 3545 3313 3458
f 3458 3496 3545
f 3555 3509 3556
f 3525 3558 3552
f 3507 3506 3544
f 3552 3558 3545
f 644 3510 3555
f 3517 3508 3507
f 3529 3513 3528
f 3561 3513 3515
f 3561 3515 3562
f 3545 3496 3552
f 3314 3535 3534
f 3554 1409 3550
f 3554 3550 3563
f 3521 3556 3522
f 3564 266 1277
f 3466 3468 3548
f 3525 3514 3530
f 3551 3529 3532
f 3534 3520 3386
f 3510 3509 3555
f 3513 3529 3514
f 3537 3514 3525
f 3521 3523 3530
f 3535 3546 3558
f 3526 3507 3527
f 3534 3556 3557
f 3564 3512 266
f 3531 3549 3511
f 3516 3540 3517
f 3532 3533 3551
f 3522 3558 3523
f 3556 3521 3533
f 3521 3551 3533
f 510 509 3528
f 3557 3520 3534
f 3557 3509 3520
f 3564 1277 3548
f 3468 3549 3548
f 3528 509 3529
f 1040 3504 3547
f 3562 3515 3565
f 3536 3565 3515
f 3536 3515 3537
f 281 283 3555
f 3439 3519 3468
f 3548 3512 3564
f 3563 3550 3513
f 3563 3513 3560
f 3549 3531 3512
f 3314 3313 3535
f 3532 509 1421
f 3506 3537 3544
f 3518 3517 3559
f 3313 3546 3535
f 3566 676 832
f 3566 675 676
f 3566 349 675
f 3566 347 349
f 3566 1314 347
f 3566 1370 1314
f 3566 1369 1370
f 3566 562 1369
f 3566 560 562
f 3566 563 560
f 3566 564 563
f 3566 739 564
f 3566 1003 739
f 3566 579 1003
f 3566 566 579
f 3566 567 566
f 3566 575 567
f 3566 580 575
f 3566 665 580
f 3566 577 665
f 3566 574 577
f 3566 571 574
f 3566 646 571
f 3566 966 646
f 3566 531 966
f 3566 529 531
f 3566 699 529
f 3566 698 699
f 3566 711 698
f 3566 1437 711
f 3566 703 1437
f 3566 700 703
f 3566 1312 700
f 3566 1313 1312
f 3566 199 1313
f 3566 196 199
f 3566 1115 196
f 3566 710 1115
f 3566 709 710
f 3566 310 709
f 3566 308 310
f 3566 1023 308
f 3566 1089 1023
f 3566 917 1089
f 3566 918 917
f 3566 1264 918
f 3566 2068 1264
f 3566 2151 2068
f 3566 2150 2151
f 3566 2086 2150
f 3566 2084 2086
f 3566 2162 2084
f 3566 2188 2162
f 3566 2187 2188
f 3566 2186 2187
f 3566 1948 2186
f 3566 1947 1948
f 3566 1945 1947
f 3566 2029 1945
f 3566 2030 2029
f 3566 2181 2030
f 3566 1983 2181
f 3566 1984 1983
f 3566 2184 1984
f 3566 2185 2184
f 3566 2178 2185
f 3566 2176 2178
f 3566 2354 2176
f 3566 3403 2354
f 3566 3473 3403
f 3566 3464 3473
f 3566 3465 3464
f 3566 3412 3465
f 3566 3227 3412
f 3566 3225 3227
f 3566 3382 3225
f 3566 3383 3382
f 3566 3430 3383
f 3566 3476 3430
f 3566 3477 3476
f 3566 3448 3477
f 3566 3446 3448
f 3566 3461 3446
f 3566 3463 3461
f 3566 3462 3463
f 3566 3419 3462
f 3566 3418 3419
f 3566 3454 3418
f 3566 3455 3454
f 3566 3453 3455
f 3566 3440 3453
f 3566 3433 3440
f 3566 3434 3433
f 3566 3503 3434
f 3566 3505 3503
f 3566 3334 3505
f 3566 3335 3334
f 3566 3451 3335
f 3566 3449 3451
f 3566 3450 3449
f 3566 3410 3450
f 3566 3408 3410
f 3566 3471 3408
f 3566 3478 3471
f 3566 3400 3478
f 3566 3401 3400
f 3566 3497 3401
f 3566 3498 3497
f 3566 3483 3498
f 3566 3481 3483
f 3566 3501 3481
f 3566 3436 3501
f 3566 3437 3436
f 3566 3493 3437
f 3566 3395 3493
f 3566 3394 3395
f 3566 3459 3394
f 3566 3489 3459
f 3566 3484 3489
f 3566 3479 3484
f 3566 3480 3479
f 3566 3488 3480
f 3566 3435 3488
f 3566 3405 3435
f 3566 3273 3405
f 3566 3274 3273
f 3566 3490 3274
f 3566 3491 3490
f 3566 3499 3491
f 3566 3559 3499
f 3566 3518 3559
f 3566 3516 3518
f 3566 3540 3516
f 3566 3541 3540
f 3566 3543 3541
f 3566 3542 3543
f 3566 3539 3542
f 3566 3536 3539
f 3566 3565 3536
f 3566 3562 3565
f 3566 3561 3562
f 3566 3560 3561
f 3566 3563 3560
f 3566 3554 3563
f 3566 3553 3554
f 3566 1410 3553
f 3566 886 1410
f 3566 885 886
f 3566 1411 885
f 3566 1377 1411
f 3566 1371 1377
f 3566 1296 1371
f 3566 837 1296
f 3566 601 837
f 3566 599 601
f 3566 832 599
