mtllib Rook_cleaned.mtl
o fine_x+1.50_z+1.50
usemtl 3DModel
v 0.031516521 -0.009656192 0.243219441
v 0.032814554 -0.007939404 0.242196866
v 0.034083163 -0.008741490 0.242986993
v -0.026360220 0.044392776 0.192005931
v -0.025565727 0.044062573 0.185068264
v -0.021900580 0.047514092 0.188644264
v -0.013132032 0.044250027 0.159593884
v -0.013709681 0.048610374 0.165688821
v -0.019443449 0.043509084 0.165341129
v -0.019318552 0.023203668 0.126224553
v -0.021555326 0.020824342 0.115723489
v -0.017293499 0.025469536 0.113739610
v 0.000829291 0.064726966 0.218812473
v -0.002736294 0.063141383 0.217222054
v 0.000389856 0.064319843 0.216412659
v -0.017457134 0.026235926 0.132795094
v -0.018086072 0.027476618 0.139298726
v -0.020580155 0.023009955 0.136997713
v -0.016905321 0.039125549 0.157062775
v -0.022928727 0.033508048 0.158578151
v -0.025496081 0.016216885 0.111731437
v -0.023645096 0.017220868 0.119687610
v -0.036212773 0.031004937 0.196293536
v -0.034562581 0.032700141 0.187298088
v -0.033169531 0.037304565 0.196579729
v -0.010985869 0.030508171 0.123760253
v -0.007688557 0.032461710 0.125803698
v -0.010185490 0.032238974 0.131231691
v -0.021487315 0.049880100 0.197952885
v -0.016534926 0.052794954 0.200952916
v -0.021311010 0.050875768 0.203035665
v -0.005091395 0.035558778 0.134287008
v -0.009093115 0.034320022 0.136047118
v -0.006548957 0.033807553 0.130223408
v -0.003134780 0.032740109 0.116494225
v -0.007010113 0.031968645 0.120753860
v -0.008090191 0.030928122 0.113757271
v -0.004363282 0.033352956 0.123567519
v -0.002026055 0.034765622 0.128052920
v -0.028134992 0.037736767 0.172391783
v -0.033012385 0.029804088 0.175727229
v -0.029007400 0.030022766 0.167211931
v 0.026474951 0.050546581 0.012234841
v 0.022344843 0.052622788 0.018205220
v 0.020862434 0.052341053 0.012886920
v -0.016666590 0.030582325 0.142957145
v -0.018874626 0.028232927 0.143005591
v -0.021100401 0.025891815 0.145072009
v -0.014017353 0.058077711 0.214201794
v -0.018474352 0.053891529 0.208970322
v -0.014526622 0.055674445 0.207559691
v -0.025338847 0.050163193 0.236295230
v -0.025624423 0.047448132 0.237293888
v -0.028082405 0.048091968 0.236359903
v -0.016594428 0.057533934 0.235367595
v -0.014841896 0.058161850 0.235559240
v -0.014215333 0.056542106 0.236355996
v -0.024090953 0.020482040 0.143297847
v -0.037084400 0.027042425 0.188506761
v -0.009207356 0.037062411 0.086392943
v -0.014700335 0.035000625 0.082039862
v -0.010727399 0.038504944 0.079446947
v -0.016308036 0.059345536 0.233036506
v -0.018177202 0.057830855 0.234330077
v -0.020130026 0.057180530 0.231949078
v -0.028333392 0.049296408 0.233647823
v -0.026323157 0.051168535 0.234997276
v -0.035137814 0.029386930 0.182017423
v -0.022723099 0.047023863 0.237822677
v -0.019616495 0.045597480 0.237949892
v -0.023512611 0.043562026 0.238152337
v -0.012601497 0.032544144 0.137655390
v -0.014267461 0.029565453 0.133505879
v -0.040359842 0.024231879 0.227288642
v -0.038910800 0.027986008 0.221046114
v -0.038637353 0.028802480 0.228857564
v -0.034931428 0.004035592 0.095203949
v -0.035539657 0.008369292 0.088953710
v -0.031525893 0.009602822 0.098576248
v -0.018039016 0.029794289 0.087329826
v -0.020485945 0.030339785 0.079838450
v -0.027365994 0.013596043 0.242099939
v -0.029844529 0.020009071 0.242873746
v -0.027362043 0.017522357 0.241248019
v -0.030231873 0.014091158 0.243281159
v -0.028090935 0.010111305 0.243322812
v -0.022467898 0.018601009 0.131857984
v -0.024149592 0.017820332 0.138391628
v -0.029996348 0.009325697 0.243864370
v -0.027481906 0.000883394 0.245073440
v -0.024493123 -0.005455487 0.245584197
v -0.027087661 -0.003391802 0.245004354
v -0.029187274 0.005726032 0.244296041
v -0.027338555 0.005509342 0.244226491
v -0.029246539 0.000055172 0.244542512
v -0.029396065 -0.001952003 0.244646042
v -0.027418074 -0.005705701 0.244857748
v -0.030413776 0.002873894 0.244362975
v -0.031082191 0.006615676 0.244083372
v -0.032172022 0.017416850 0.243166635
v -0.025314156 -0.006852442 0.245303896
v -0.031462097 0.001908386 0.244335585
v -0.032344468 0.020537998 0.242914628
v -0.032689976 0.024849631 0.242656362
v -0.032956781 0.012681377 0.243373470
v -0.032261400 0.000316516 0.243857474
v -0.033484951 0.008826766 0.243415990
v -0.034464831 0.019272934 0.242663098
v -0.024531337 -0.009502143 0.245225589
v -0.034767222 0.011107045 0.242784079
v -0.040814470 0.022571263 0.231858286
v -0.041329047 0.020728822 0.226894934
v -0.026806399 -0.008982093 0.244159006
v -0.035089964 0.008328087 0.243245810
v -0.035067685 0.023453289 0.242105592
v -0.032721006 0.005434996 0.243619731
v -0.034058888 0.004322182 0.243569821
v -0.036110233 0.011706784 0.242677305
v -0.035547032 0.014295200 0.242503193
v -0.024383976 -0.012430300 0.243457799
v -0.031231473 -0.004216672 0.243599808
v -0.031498994 -0.002763768 0.243951620
v -0.029445584 -0.005693289 0.243966938
v -0.034031907 0.000127738 0.243438557
v -0.028797141 -0.008010023 0.242893748
v -0.031108967 -0.005583234 0.242707923
v -0.027093023 -0.010385006 0.242926779
v -0.035491275 0.004391495 0.243394401
v -0.034532444 0.002619886 0.243507812
v -0.032918735 -0.002764623 0.242840840
v -0.036715214 0.020601647 0.241559141
v -0.035452759 0.028387905 0.241137300
v -0.037247764 0.015109066 0.242116448
v -0.024168937 -0.007931534 0.245659701
v -0.036302430 0.002991788 0.242746697
v -0.038244519 0.024514483 0.240523917
v -0.038075172 0.027853425 0.239647288
v -0.037369888 0.027705167 0.240320245
v -0.026829006 -0.011008682 0.240821079
v -0.028245061 -0.009210162 0.241790063
v -0.030469378 -0.007594977 0.240150498
v -0.023640809 -0.014013683 0.239135826
v -0.033525250 -0.003690239 0.240969560
v -0.036935782 0.010518841 0.242486819
v -0.036452952 0.006735862 0.243086488
v -0.037948398 0.009381476 0.242026753
v -0.038954525 0.026177159 0.238897428
v -0.039501005 0.021597643 0.238899321
v -0.038686347 0.018582973 0.240878998
v -0.038613381 0.013062625 0.241460966
v -0.027647785 -0.010643832 0.235472724
v -0.039304898 0.026204648 0.236304351
v -0.039975739 0.015856527 0.239356521
v -0.035675159 -0.000423317 0.241889663
v -0.038252831 0.004143207 0.240562635
v -0.038129214 0.006642450 0.241683319
v -0.030913199 -0.007146171 0.235790706
v -0.040756522 0.019373658 0.236143529
v -0.027287477 0.009051230 0.124015023
v -0.028017101 0.006301353 0.116799245
v -0.028127825 0.009536966 0.115411688
v -0.039426257 0.007463875 0.239117523
v -0.039375592 0.010793538 0.240119840
v -0.040072832 0.010019186 0.238309066
v -0.023314910 -0.014495998 0.232275267
v -0.020419158 -0.016532619 0.235927030
v -0.033511159 -0.004043795 0.237479006
v -0.036403830 -0.000286885 0.237952429
v -0.040908074 0.013572441 0.236158795
v -0.029653698 -0.008563950 0.230252917
v -0.025547331 -0.012595897 0.226659707
v -0.036861214 0.002024378 0.241424715
v -0.037298223 0.001696293 0.239856965
v -0.040772921 0.009569807 0.235419799
v -0.041666374 0.017523076 0.230474005
v -0.039302882 0.004529284 0.235355648
v -0.041497694 0.018374348 0.220710910
v -0.032927402 -0.005068171 0.233316796
v -0.031444712 -0.006277818 0.226463356
v -0.019718300 -0.017013196 0.229546391
v -0.021307761 -0.016065841 0.224189548
v -0.035202256 -0.002185600 0.234595714
v -0.037224409 0.000599163 0.231866346
v -0.035667840 -0.001560325 0.231380324
v -0.034155259 -0.003343279 0.230699371
v -0.041314009 0.013669082 0.214195474
v -0.040786259 0.018894530 0.207476994
v -0.038852226 0.003670238 0.230016444
v -0.034389441 -0.002846384 0.225106142
v -0.037183566 0.001487643 0.222907452
v -0.039926969 0.006115292 0.225049732
v -0.037182167 0.003635838 0.211256364
v 0.015610111 0.044464269 0.057022753
v 0.018546893 0.043519300 0.063030595
v 0.013740551 0.044830419 0.061751880
v 0.003988754 0.051424251 0.000805274
v 0.003966061 0.051538531 0.003509627
v -0.000464101 0.050826518 0.003534103
v 0.001309071 0.050990364 0.000746470
v 0.010693019 0.053569759 0.013623680
v 0.017206420 0.053555046 0.016611407
v 0.014494203 0.053920623 0.019188246
v -0.039937505 0.008956856 0.214493520
v -0.024534555 0.040626871 0.237965039
v -0.021494222 0.042545207 0.237131792
v -0.022395720 0.040673954 0.236483281
v -0.041380498 0.010166968 0.223553557
v -0.041694395 0.012957096 0.228171331
v -0.041098935 0.008816747 0.230668484
v 0.016675173 0.035117197 0.099583165
v 0.018825889 0.035946104 0.092583951
v 0.021009912 0.033931495 0.097567730
v 0.020248890 0.037323998 0.086354147
v 0.018075411 0.039262343 0.083377193
v 0.023311734 0.038582766 0.079509348
v 0.022915869 0.031863268 0.102751069
v 0.025631535 0.031857438 0.095607180
v 0.024992088 0.030035438 0.105569086
v 0.022035037 0.031247173 0.111163039
v -0.037325148 -0.032238430 0.063060096
v -0.041390773 -0.029971679 0.059223217
v -0.038261588 -0.028045013 0.066672752
v -0.050197172 0.028742180 0.025893820
v -0.049681532 0.026128670 0.031561155
v -0.053771045 0.024563867 0.027326127
v -0.013716636 -0.021568546 0.106510694
v -0.017415030 -0.024095395 0.097998502
v -0.017427733 -0.018410481 0.107039870
v -0.029217051 0.007123240 0.158585679
v -0.022385857 -0.005070544 0.155860405
v -0.024104006 -0.000417081 0.148753997
v -0.051241364 -0.010432693 0.050097585
v -0.046954984 -0.018155153 0.056317615
v -0.051272430 -0.019021966 0.048580203
v 0.014522913 0.034238734 0.111024851
v 0.014572895 0.034772841 0.104856895
v 0.018428257 0.033504484 0.106425913
v -0.023152254 -0.000565180 0.126714264
v -0.024483601 0.003332191 0.129398906
v -0.022250447 -0.000420403 0.133426096
v 0.007572854 0.053621754 0.232313696
v 0.010881582 0.056255636 0.234088996
v 0.010235649 0.053574699 0.232054915
v -0.035858085 -0.005492662 0.091711943
v -0.032507131 -0.007405574 0.095805668
v -0.035351418 -0.010478526 0.088978726
v 0.025988919 0.056829142 0.236105239
v 0.021979821 0.056122280 0.235323178
v 0.018784604 0.058832497 0.235718399
v 0.010218163 0.040399849 0.084917356
v 0.014580394 0.039512945 0.085257389
v 0.012576974 0.037817143 0.091383932
v 0.027027711 0.054222935 0.235424623
v 0.016353500 0.056688896 0.234622136
v 0.022357340 0.060360177 0.235579648
v 0.013912156 0.062084129 0.235602593
v 0.019641099 0.054361311 0.233818979
v -0.058578161 -0.020527023 0.036165167
v -0.058072012 -0.016984913 0.038277649
v -0.055556407 -0.021072741 0.041475188
v 0.013918078 0.053717866 0.232301024
v 0.024350669 0.053957163 0.234670740
v -0.042467033 -0.033793080 0.053586320
v -0.045356140 -0.029527613 0.052802780
v -0.034843590 -0.035981371 0.061537541
v -0.034522831 -0.039518621 0.056670522
v -0.038998937 -0.035521788 0.056701651
v -0.044276616 -0.024789526 0.058148349
v 0.007257916 0.057707918 0.235341817
v 0.011515014 0.059355977 0.235676704
v 0.010399002 0.064694666 0.235110358
v 0.014087804 0.064107036 0.234887634
v 0.028367823 0.058810040 0.235379513
v 0.030961297 0.055723011 0.235836106
v -0.035494515 -0.030066438 0.068656850
v -0.032391497 -0.029950787 0.073400444
v -0.034038051 -0.033234405 0.066493949
v 0.005136632 0.059218418 0.236166184
v 0.001836221 0.056954109 0.235942867
v -0.002626755 0.058280584 0.236920512
v -0.047581844 -0.043152596 0.037002080
v -0.051428190 -0.037705559 0.037050942
v -0.046946238 -0.040937059 0.041164292
v -0.022252412 -0.001423981 0.143535512
v -0.020629657 -0.004343547 0.146336841
v -0.007509290 -0.024995312 0.106240202
v -0.009820022 -0.027594410 0.099818920
v -0.012078935 -0.025063595 0.102341716
v -0.023591925 0.000746522 0.143854219
v -0.006121954 -0.027757257 0.101826843
v -0.008797378 -0.030358649 0.095896414
v 0.010255807 0.063093984 0.206363702
v 0.011732664 0.063496706 0.207210627
v 0.010043311 0.064025115 0.210385309
v -0.008822988 0.054414945 0.237049858
v -0.015052964 0.052349542 0.237279851
v -0.009829937 0.056180611 0.237040905
v 0.009097862 0.063378907 0.235672954
v 0.005567973 0.062072616 0.236363214
v -0.001647172 0.053126390 0.234666133
v -0.006266024 0.049053945 0.233382290
v -0.007905301 0.051217208 0.235512574
v -0.020342889 -0.003449702 0.138971934
v -0.023085645 0.000529804 0.139759726
v 0.006893971 0.065392886 0.234771847
v 0.004052987 0.065723817 0.233588455
v 0.009140690 0.066141470 0.233041825
v 0.014423577 0.051214977 0.001084002
v 0.013023111 0.051535126 0.002054339
v 0.013135369 0.051421848 0.001044850
v -0.017691641 -0.006804031 0.134465044
v -0.020529538 -0.004017368 0.129147629
v -0.020154125 -0.003729089 0.133841504
v -0.055642809 -0.014593114 0.042720661
v -0.008778953 -0.021893693 0.111586423
v -0.024452723 0.004507375 0.135410237
v -0.015035768 -0.009931738 0.131867869
v -0.013154298 -0.010733398 0.138346923
v -0.011341730 -0.012840486 0.132765087
v -0.018073912 -0.007986809 0.126671207
v 0.018036998 0.053365386 0.023153172
v 0.007170792 0.055820628 0.234151827
v 0.030419846 0.053882467 0.235732534
v 0.033123418 0.051764766 0.234757674
v 0.030585739 0.051658128 0.234368948
v -0.024599161 -0.000166849 0.121091463
v -0.022224036 -0.004511723 0.120851483
v -0.014558278 -0.011497244 0.126991015
v -0.022527371 -0.013276880 0.106667270
v -0.021621382 -0.009131234 0.114818218
v -0.018101789 -0.013419024 0.114445593
v 0.012392801 0.065079423 0.233939634
v -0.025412271 0.007009689 0.129865732
v -0.024906652 0.002166584 0.124435028
v -0.026123659 0.005525087 0.124293410
v -0.026048983 -0.000829724 0.115575935
v -0.017400297 -0.018378125 0.232487481
v 0.004042643 0.056015755 0.234959628
v 0.007065398 0.064379585 0.235715819
v 0.013788434 0.066418918 0.232788041
v -0.048794285 -0.006542944 0.054918012
v -0.050895232 -0.004441338 0.050576766
v -0.048726624 -0.002259359 0.054389244
v -0.017670910 -0.010552208 0.121043063
v -0.014403778 -0.013735096 0.121248711
v -0.011079329 -0.014311909 0.127011932
v -0.065368428 0.001539781 0.000919525
v -0.064385452 0.002520455 0.009571982
v -0.065569648 -0.003083447 0.001558569
v -0.003138734 -0.025873994 0.107278943
v -0.002808406 -0.028115928 0.102457071
v -0.026640308 0.002825680 0.118265135
v 0.003682080 0.053429062 0.233054616
v 0.004038808 0.064774820 0.235632645
v -0.005344590 0.054361870 0.236377301
v -0.019843700 -0.008043119 0.120961376
v -0.040680520 0.037212695 0.018509713
v -0.043792651 0.034424991 0.011680226
v -0.035812882 0.039755597 0.013721779
v 0.007319162 0.052002590 0.005188255
v 0.003612992 0.052085727 0.009329825
v 0.020932950 0.050896986 0.005675121
v -0.030402530 0.034675054 0.239460295
v -0.029653306 0.036327117 0.238827035
v -0.027665150 0.035842732 0.238299343
v -0.022732019 0.038555525 0.046253809
v -0.015453724 0.042099432 0.046063301
v -0.012813537 0.041804296 0.054365398
v -0.024995711 0.036598871 0.236585213
v -0.026095877 0.038257288 0.237728242
v -0.037905890 -0.008821730 0.085617687
v -0.038451401 -0.005285005 0.086486869
v -0.026749937 0.015480380 0.144795696
v 0.041298810 -0.013783414 0.231468214
v 0.044432946 -0.010594661 0.230976895
v 0.043338667 -0.012005657 0.227795377
v -0.007929695 0.036179386 0.139573258
v -0.026480422 0.019816039 0.150086313
v -0.024250289 0.026645926 0.152775024
v 0.003581586 0.065618627 0.219776282
v 0.000879381 0.065392856 0.222879474
v -0.004385270 0.037555744 0.139373472
v -0.025403840 0.004076683 0.143497328
v -0.037003604 0.023607015 0.183130634
v -0.018942947 0.048725446 0.237778373
v -0.020257065 0.051034895 0.236972621
v -0.026067327 0.050518787 0.219959185
v -0.028872344 0.046471459 0.212627898
v -0.025015469 0.049925362 0.211148897
v -0.026093343 0.051803882 0.231407367
v -0.025717648 -0.004536210 0.111732864
v -0.007838709 0.038379134 0.144660031
v -0.012409059 0.035395848 0.144230057
v -0.011220959 -0.016466845 0.120629768
v -0.012278648 -0.018750166 0.113557396
v -0.014737464 -0.015928073 0.115438958
v 0.025279575 0.049362685 0.005006753
v -0.000595473 0.061363470 0.236641906
v -0.017385827 0.057167971 0.219281207
v -0.020461453 0.054110552 0.214016553
v -0.017652864 0.055871802 0.214349870
v 0.032347964 0.041743426 0.228445657
v 0.030355021 0.042932884 0.227901648
v 0.033119581 0.043074913 0.229649846
v -0.010904814 -0.014848656 0.245419340
v -0.009158045 -0.013998922 0.243851515
v -0.009308263 -0.015913438 0.243879256
v -0.008029688 -0.018675805 0.120176866
v -0.016710649 0.033622804 0.148536137
v -0.015248383 0.036788246 0.150987767
v -0.004121379 -0.030873629 0.096933264
v -0.009846759 -0.010212420 0.244494832
v -0.008157751 -0.012010747 0.243227477
v -0.010631062 -0.012199951 0.245257508
v -0.027561541 0.014640516 0.103234217
v -0.029168085 0.013705817 0.096619599
v -0.024279971 0.019455041 0.098782464
v -0.011829815 0.039930437 0.151768643
v -0.008046928 -0.015380856 0.243088372
v -0.007017355 -0.014790799 0.242050946
v -0.007505770 -0.016338188 0.241717349
v -0.027878331 0.001450559 0.112911698
v 0.006443416 0.035809139 0.101196237
v 0.011872552 0.035942358 0.099890194
v 0.009290977 0.035411022 0.103980137
v -0.028905248 0.003735595 0.111798829
v -0.025180844 -0.008307464 0.108078126
v -0.021928777 0.023871633 0.091685418
v -0.017421714 0.028053093 0.094077776
v -0.019939333 0.024579176 0.098303715
v -0.023092900 0.054847021 0.232521731
v -0.024702084 0.053145188 0.234457204
v 0.005871586 0.047240826 0.046725914
v 0.006670751 0.045874289 0.054131846
v 0.002762023 0.046243582 0.050965591
v -0.008204211 -0.017998792 0.242831451
v -0.005869633 -0.017667897 0.241874617
v -0.007137262 -0.019246676 0.242346722
v -0.035814799 0.034082118 0.206168955
v -0.024348807 0.018895406 0.106430945
v -0.007826842 -0.013700767 0.242553917
v -0.009554673 -0.017771429 0.243980916
v -0.011001359 -0.017117423 0.245146581
v -0.009892756 -0.016744416 0.244340663
v 0.000226749 0.062777031 0.209317489
v -0.000699068 0.061688839 0.206299360
v 0.002664267 0.063002829 0.208361772
v -0.013035669 -0.009756768 0.245637578
v -0.013681144 -0.012401815 0.246291336
v -0.006974312 -0.011025120 0.241699415
v -0.006324593 -0.011541464 0.240084927
v -0.006986988 -0.012223093 0.241457442
v -0.005763685 -0.014982563 0.240589806
v -0.006737218 -0.013478628 0.241506985
v -0.028117932 0.022658451 0.159942428
v -0.015836136 0.052040837 0.192169676
v -0.018178832 0.050068065 0.185457395
v -0.065742876 -0.003066284 0.000406661
v -0.065492588 0.001055762 0.000305239
v -0.015061428 0.027467333 0.124221599
v -0.028163770 0.016302666 0.092394699
v -0.033283220 0.041810364 0.019629204
v -0.037373197 0.039190612 0.022783034
v -0.017752965 0.053924421 0.236533689
v 0.016479534 0.037774867 0.088719369
v -0.018969730 0.000767340 0.241170965
v -0.019397709 0.003654599 0.238968411
v -0.016729271 0.001419050 0.238839283
v 0.027761519 0.050248954 0.232848864
v 0.026849542 0.052547475 0.234476252
v -0.013559625 -0.015193578 0.246243832
v -0.007511025 -0.012824276 0.242078670
v -0.022215077 0.006297795 0.239879467
v -0.020087538 0.007734899 0.237257857
v -0.030491699 0.006758427 0.107098496
v -0.007885594 -0.009784545 0.242704211
v -0.006317462 -0.009600355 0.240362669
v -0.026937367 -0.010359768 0.102278871
v -0.008508850 -0.016698976 0.242946616
v -0.031049078 0.041340371 0.008465081
v -0.027497550 0.044461119 0.015329260
v -0.044771195 -0.034739010 0.049650651
v -0.040549661 -0.039042214 0.050404817
v -0.045797749 -0.038005319 0.045794020
v -0.013893181 -0.029691600 0.093363969
v -0.028971738 -0.000378223 0.108373507
v -0.028935117 -0.005416032 0.103606805
v -0.010658924 -0.032863869 0.090828920
v -0.013304370 -0.034872661 0.085454047
v -0.029129456 -0.013053259 0.095801584
v -0.025531505 -0.014931809 0.099359408
v -0.017688493 -0.009392198 0.246246890
v -0.006205487 -0.012897907 0.240490415
v -0.016335841 -0.015331993 0.246037835
v -0.016791676 -0.012702001 0.246391320
v -0.030016401 -0.003079097 0.244250170
v -0.017825751 -0.033410336 0.083880409
v -0.004924849 -0.012727405 0.239309508
v -0.003068497 -0.013941410 0.240310025
v -0.032909466 -0.001413696 0.098755522
v 0.029440130 0.031388153 0.088606113
v 0.024066488 0.034944160 0.088226349
v 0.029512237 0.034720026 0.080101521
v -0.031384320 0.002799962 0.104040576
v -0.055538673 -0.030804908 0.035817231
v -0.052080283 -0.031423255 0.041955045
v -0.052571314 -0.033501784 0.038927291
v -0.011131229 -0.008668678 0.244730625
v -0.009252756 -0.017166023 0.243394364
v -0.054500465 -0.035210837 0.031871099
v -0.052040825 -0.040072526 0.029677355
v -0.055327978 -0.035893100 0.025712092
v 0.015748553 0.064639400 0.210712535
v 0.022323146 0.064348091 0.213451709
v 0.019684822 0.066288365 0.220867097
v -0.031041762 -0.009982476 0.095551712
v -0.029713092 -0.008827787 0.098886376
v -0.022040759 -0.019690062 0.098260730
v 0.036056009 0.046594462 0.233173386
v 0.036139739 0.049961958 0.234478924
v 0.039129380 0.046413705 0.234722269
v -0.037295985 -0.001340671 0.090467327
v -0.015472002 0.005825020 0.235574259
v -0.049342637 0.029872940 0.011321735
v -0.048205482 0.030109660 0.006406936
v -0.020107065 -0.028126380 0.088744364
v -0.030874438 -0.017958118 0.088498474
v -0.026590323 -0.018646653 0.093372490
v -0.032514784 -0.012660257 0.091414054
v -0.022760446 -0.032347747 0.080815477
v -0.030646111 0.041580384 0.000156188
v -0.032533863 0.040463847 0.002233388
v -0.032729574 0.040554727 0.000128497
v -0.009346655 -0.008692863 0.243588558
v -0.009631321 -0.019013701 0.243871174
v -0.019095092 -0.013037221 0.245991784
v 0.026128353 0.064199454 0.219611869
v 0.014814875 0.044167574 0.068801434
v 0.021352270 0.041841391 0.071127367
v 0.016087096 0.041770001 0.078215073
v -0.039851668 0.001032505 0.083684603
v -0.039122488 0.005492743 0.083219807
v -0.042046493 0.002804725 0.076593881
v -0.022441027 0.039356130 0.235212131
v -0.023345870 0.037560793 0.235185042
v -0.023954082 0.038952526 0.236769798
v -0.023905313 -0.023559802 0.090594101
v -0.036143486 0.017245605 0.241937137
v -0.033785480 -0.020840707 0.082072107
v -0.034903792 -0.015950647 0.085322518
v -0.005115008 0.033980498 0.097821050
v -0.004618459 0.035380865 0.093890418
v -0.001564584 0.035480734 0.096881116
v -0.016186598 -0.007562070 0.245606258
v -0.020850056 -0.024093329 0.093557070
v -0.015777317 0.046914524 0.032341570
v -0.008154557 0.047052982 0.039053063
v -0.014555462 0.044209543 0.040307058
v -0.027489741 -0.022120475 0.087819270
v -0.030201239 -0.023589570 0.083336145
v -0.040209849 -0.003256243 0.082976623
v -0.065449248 0.001569269 0.000292923
v -0.064529578 0.005406838 0.000216480
v -0.063787150 0.007040121 0.002684205
v -0.062024705 0.012104096 0.000106639
v -0.061583589 0.012907937 0.002666807
v -0.063536330 0.008070992 0.000172702
v -0.061210175 0.013698323 0.000086207
v -0.060041969 0.015850157 0.000060431
v -0.059798784 0.016228607 0.001798154
v -0.059207341 0.017111985 0.000049233
v -0.057490711 0.020460861 0.005037105
v -0.056466585 0.021275931 0.000011928
v -0.055046597 0.022887495 0.000006897
v -0.052928273 0.025635654 0.004974941
v 0.008987119 0.065307307 0.217128610
v 0.005844411 0.064167903 0.212248582
v -0.040575032 0.035394252 0.000058235
v -0.038283011 0.036669607 0.004834127
v -0.044583742 0.032598597 0.003622674
v -0.043828832 0.033263645 0.000028842
v -0.052950616 0.025246044 0.000000000
v 0.023524013 0.052105126 0.233252160
v -0.047618738 0.030023234 0.000014482
v -0.064101552 0.006661974 0.000194810
v -0.047263265 0.032434077 0.017311723
v -0.058332168 0.018619688 0.000032656
v -0.049917126 0.028101389 0.000004639
v -0.063173140 -0.015831063 0.014688451
v -0.063091135 -0.012455804 0.022774750
v -0.062506366 -0.017738414 0.022565808
v 0.033635521 0.049178176 0.233417371
v -0.026271595 0.044411565 0.237928190
v -0.037892401 -0.013788752 0.082241766
v -0.041174231 -0.009516691 0.077626006
v 0.009131734 0.044010437 0.074021866
v 0.009063507 0.045399321 0.063487801
v 0.015159153 0.036447468 0.094728240
v -0.043800480 0.034656819 0.024111028
v 0.004814833 0.053598888 0.020097010
v 0.005045785 0.053161385 0.014923342
v -0.057764074 -0.031019670 0.027144912
v -0.012058508 0.050959047 0.236769448
v 0.015729781 0.066600246 0.223012960
v 0.013614808 0.065875981 0.218538465
v -0.033902328 -0.025410600 0.077465069
v -0.064636464 -0.014745447 0.000741568
v -0.065133603 -0.012265391 0.000663585
v -0.064389332 -0.009058133 0.008417664
v -0.063784113 -0.016826726 0.003271044
v 0.024765610 0.065556164 0.225425160
v 0.021332305 0.066365678 0.226788619
v -0.007615984 0.043756001 0.054537124
v -0.003612624 0.044775180 0.055554036
v -0.006050726 0.043959641 0.060197739
v 0.016472337 0.067009093 0.227575160
v -0.026903849 0.041684161 0.237863367
v -0.027814310 0.039207748 0.238077518
v -0.044131893 -0.008015354 0.068789299
v -0.043255965 -0.002627089 0.073525416
v -0.007229360 -0.033330538 0.091863136
v 0.010887083 0.066240706 0.220557946
v 0.012745470 0.066836629 0.223626656
v 0.007510597 0.066326468 0.222688300
v 0.025501414 0.040746954 0.063118488
v -0.025711016 -0.026940952 0.084397411
v 0.027880480 0.038103183 0.073122247
v 0.026989337 0.037212776 0.077315537
v -0.039651182 -0.016902658 0.075514189
v 0.008431855 0.037772145 0.093622562
v -0.019615152 0.041661228 0.041073857
v 0.023814354 0.065882556 0.228670319
v 0.009851583 0.046296034 0.050039496
v 0.011509451 0.047593498 0.043309099
v -0.015855952 0.047341099 0.236541879
v -0.016319741 0.048930286 0.237612386
v -0.031126341 0.040083966 0.237746086
v -0.029688322 0.040071070 0.237935342
v -0.031271146 0.038942910 0.238251024
v -0.057527449 -0.032984588 0.018940055
v -0.059221006 -0.029822500 0.010123745
v -0.060923385 -0.024895609 0.019719370
v -0.009528300 0.040464627 0.073764663
v -0.014661361 0.037260164 0.074155916
v -0.014932448 0.039102114 0.067441996
v 0.002862062 0.061610153 0.201954392
v 0.006097890 0.063362624 0.207487957
v -0.043622511 -0.012122868 0.067944296
v -0.029465945 -0.028352924 0.079002674
v -0.036711600 -0.018908915 0.079713518
v 0.043098928 0.045957426 0.235799023
v 0.041011870 0.049613213 0.235112762
v -0.042227179 -0.042831339 0.044498221
v -0.021667043 0.037137402 0.233077622
v -0.037171474 0.037903222 0.000081638
v 0.005116375 0.065115470 0.216956757
v -0.019812735 0.043320753 0.036603007
v -0.060563929 -0.016624453 0.032976632
v -0.061411538 -0.020425504 0.027591847
v -0.062333138 -0.014295553 0.027978861
v -0.035543333 -0.027192575 0.072838728
v -0.034501850 -0.028812514 0.072090377
v -0.043811483 -0.016348866 0.064497049
v -0.046230028 -0.010413403 0.060734228
v -0.057597650 -0.024522555 0.036203728
v -0.059237246 -0.025860192 0.029918728
v -0.035635937 -0.022158545 0.078515999
v 0.001314101 0.063806750 0.213433348
v -0.059700291 -0.021828100 0.032710562
v 0.016662143 0.052741061 0.010681956
v -0.052174845 0.012013371 0.041405032
v -0.048532373 0.010399056 0.047755879
v -0.050843578 0.006019609 0.046882572
v -0.048808876 0.029129305 0.000006734
v -0.034001062 -0.027841050 0.073985716
v -0.041921145 -0.015215051 0.070755866
v -0.048122044 -0.027812869 0.049995055
v -0.051328931 -0.025862705 0.046239865
v -0.047828977 -0.023991816 0.052282591
v -0.038754220 0.008371700 0.202867172
v -0.040194597 0.011344777 0.206813150
v -0.064172856 -0.001378248 0.015847965
v -0.064729594 -0.003371814 0.007474017
v -0.065269429 -0.007282736 0.002301514
v -0.005484552 0.042236228 0.073874686
v -0.002608612 0.044065705 0.068793858
v -0.001242253 0.042147056 0.078924866
v -0.024821982 0.040599653 0.037148850
v -0.023326897 0.043432920 0.032437825
v 0.005350504 0.034618588 0.114864065
v 0.010137484 0.034716167 0.114498790
v 0.006466354 0.034898629 0.121107861
v -0.028514888 0.033267242 0.239365955
v -0.063059339 0.004397881 0.019022914
v -0.062431382 0.001774895 0.025660624
v -0.012257514 0.048752699 0.235464995
v -0.011332907 0.046407544 0.233274926
v -0.014765649 0.046138023 0.234762950
v 0.041643469 0.044236308 0.235313411
v 0.007634503 0.062374482 0.203953622
v -0.026300745 0.043130374 0.003634213
v -0.020973939 0.045400820 0.005056653
v -0.023870209 0.044894210 0.009233574
v 0.037166356 0.051704155 0.235020918
v 0.038389472 0.049674826 0.235190142
v -0.022521642 0.044945148 0.000280795
v -0.028075624 0.042746849 0.000192943
v -0.011360498 0.048457870 0.000481044
v -0.008843514 0.048984177 0.005035895
v -0.015861852 0.047011328 0.003241776
v -0.014285519 0.047603519 0.000426829
v -0.038012322 -0.023196924 0.073436090
v -0.021438671 0.040896254 0.235622720
v -0.061534301 -0.023565469 0.006294029
v -0.018087701 0.044229304 0.235515184
v 0.026851565 0.064569037 0.229015112
v 0.012574060 0.051469685 0.001028898
v 0.011315284 0.051479364 0.000995683
v -0.021242596 0.045505408 0.000299612
v -0.028429923 0.037461580 0.238521024
v 0.001994464 -0.024106279 0.112963624
v -0.003613300 -0.023087028 0.113538341
v 0.052374760 0.041646956 0.217734475
v 0.052697968 0.042911954 0.224416709
v 0.049654737 0.047026645 0.220895313
v -0.047847520 0.016249636 0.044226302
v -0.046437780 0.021140524 0.040891443
v -0.044051596 0.020385731 0.046273949
v -0.047023696 -0.004341216 0.059603981
v -0.056605889 -0.008123921 0.041746272
v -0.054151219 -0.002648548 0.044928819
v -0.045993477 0.013715789 0.049496384
v -0.044164923 0.012605019 0.055863192
v -0.046557389 0.009823312 0.052602790
v -0.043256728 0.027338296 0.038042104
v -0.044972096 0.024359637 0.039175272
v -0.048101908 0.023175600 0.036459866
v -0.057206113 0.021555787 0.014741871
v -0.054504132 0.024794643 0.022020082
v -0.057593026 0.019999176 0.022702625
v 0.010925383 0.067115704 0.226885896
v 0.002312868 0.065064910 0.217032509
v -0.017157572 -0.007451745 0.142292514
v 0.021110106 0.066218673 0.229828826
v 0.024078519 0.065361862 0.230615698
v -0.031294431 0.036798090 0.238750440
v -0.059926827 0.016987984 0.009348637
v -0.057371879 0.018622545 0.027161431
v -0.057691798 0.015879983 0.030129816
v -0.059883239 0.014584711 0.024575594
v -0.056115483 0.021828077 0.026093426
v 0.053215806 0.002291277 0.236886780
v 0.055495071 0.005073797 0.235355487
v 0.054315824 0.002004409 0.233889262
v -0.043382912 -0.021028004 0.062414920
v 0.056034685 0.004646365 0.231143911
v 0.056469070 0.008998648 0.236509305
v 0.053720115 0.005290592 0.238406820
v 0.054012152 0.008867941 0.239169537
v 0.054925259 0.037894715 0.220842660
v -0.003766704 -0.015818327 0.241681379
v 0.050779846 0.046243093 0.228490546
v 0.047333144 0.050580441 0.229173133
v -0.005249755 -0.019960727 0.242678596
v -0.007702053 -0.020567273 0.242469211
v -0.026209371 -0.030987039 0.079375023
v -0.028827281 -0.031956985 0.075391865
v -0.045388849 -0.005449300 0.065079808
v 0.018551675 0.063207344 0.234734315
v 0.015531233 0.064939865 0.233866878
v 0.018543917 0.064790072 0.233243071
v 0.027002478 0.061707839 0.233918849
v 0.025401316 0.063750097 0.232360900
v 0.028512735 0.062416420 0.232496621
v 0.026033841 0.060630265 0.234914133
v -0.001588098 -0.015117122 0.241810981
v -0.000104120 -0.016038745 0.243230844
v -0.002186488 -0.016357304 0.242799585
v 0.000351190 -0.013453615 0.241058304
v 0.002317713 -0.015464157 0.242948069
v 0.000499537 -0.015239165 0.242628313
v 0.018476160 0.051211144 0.231259702
v 0.021738345 0.063801483 0.233556720
v 0.021545859 0.065288885 0.232152667
v 0.029607132 0.028597895 0.096751650
v 0.011465877 0.045422803 0.055843242
v 0.014624498 0.045316655 0.049988744
v 0.027589291 0.028492083 0.103064677
v 0.026082936 0.030272673 0.100663955
v -0.008692676 0.050368135 0.028317184
v -0.008198525 0.049215340 0.032852696
v -0.011430716 0.049140116 0.030208409
v -0.005680922 -0.019008064 0.242531317
v 0.008390021 0.051247082 0.033769532
v 0.002335094 0.050938929 0.033974142
v 0.007875843 0.053086594 0.027764394
v -0.021039725 0.040361881 0.233557268
v 0.011327398 0.034959243 0.107127065
v -0.000396541 -0.015158410 0.241876418
v -0.041204041 -0.019922175 0.068591838
v 0.026757776 0.028024691 0.109612213
v -0.003541830 -0.017510701 0.243101795
v -0.025757827 -0.033566927 0.076634083
v -0.004762899 -0.018755883 0.242887878
v -0.050885673 0.018124773 0.038150009
v 0.002329046 0.045478723 0.058608652
v 0.030722766 0.025798080 0.103133103
v 0.037699266 -0.017475744 0.233508506
v 0.038740765 -0.016089776 0.230702062
v 0.037250433 -0.018439571 0.230940027
v -0.001753053 0.044805753 0.062217786
v 0.001331424 0.044973841 0.066271229
v 0.017988518 0.045941313 0.042688398
v 0.017890722 0.066299548 0.231383714
v -0.040983420 -0.024532889 0.064986417
v -0.020269486 0.031165424 0.150649709
v -0.018739681 0.035059865 0.153439073
v 0.049021824 0.047304659 0.232206052
v 0.049648442 0.045380978 0.233399154
v 0.047705212 0.046497245 0.233944860
v 0.029523947 0.060752996 0.233951728
v 0.031229304 0.058920708 0.234259690
v 0.046429768 0.043539856 0.235526740
v 0.044146819 0.042510911 0.235872399
v -0.015787809 -0.037211585 0.078350812
v -0.010761751 -0.037953474 0.080770506
v -0.027855334 -0.034596696 0.072035576
v -0.054569799 -0.026640411 0.040798041
v -0.052769725 0.027006159 0.014821127
v -0.050374792 0.029527258 0.020964814
v -0.030811092 -0.033365625 0.070357270
v -0.062457284 -0.004345126 0.028350768
v -0.060506030 -0.001035881 0.033651011
v -0.061365753 -0.008916952 0.032261534
v -0.020058744 -0.035707457 0.077915303
v -0.024021861 -0.035829170 0.074310718
v 0.048612746 0.044314896 0.234361943
v 0.045848398 0.046318392 0.234954054
v -0.000235892 0.047586539 0.043112775
v -0.001430985 0.045602301 0.051192718
v 0.050814934 0.045136761 0.232009082
v 0.045606618 0.049304061 0.233898398
v -0.059252306 -0.006289864 0.036933595
v -0.057917406 -0.002904905 0.039164417
v 0.028871938 0.001605404 0.229817051
v 0.032639651 0.005809366 0.228630064
v 0.035720866 0.003465602 0.231619882
v 0.027098032 0.005557827 0.226806401
v 0.032734411 0.000473463 0.232871972
v 0.029629121 -0.000327287 0.232141339
v 0.029701726 0.008205612 0.226613450
v 0.032597297 0.007977611 0.227780264
v -0.055719147 0.008896214 0.038789782
v -0.055675359 0.015282789 0.035029028
v -0.052436168 0.020860241 0.034154339
v 0.027160326 -0.001495304 0.232205535
v -0.051012140 0.000335520 0.048623490
v -0.048956081 0.001955142 0.052236937
v -0.055367664 0.023684387 0.009905746
v -0.023797768 0.034830468 0.234908094
v 0.040071738 0.006051957 0.233505972
v 0.037323488 0.007752178 0.230304481
v 0.039081113 0.003609962 0.234840091
v 0.034478354 0.008199823 0.228554571
v -0.043098499 0.030997621 0.033393371
v -0.045663781 0.031228355 0.029147719
v 0.052744044 0.042768548 0.230154183
v 0.054905378 0.039406427 0.227190802
v -0.059433169 0.008652854 0.031939861
v -0.061612055 0.008319392 0.024835764
v -0.012000409 -0.039680018 0.075396526
v -0.019772894 -0.037642318 0.073183665
v -0.054057331 0.004115645 0.043167352
v -0.057309881 0.002812368 0.038918354
v -0.045502989 0.016921104 0.047569372
v -0.062386946 0.009777217 0.017085305
v -0.059677237 0.017200388 0.017850093
v 0.015258934 0.066655495 0.230906777
v 0.000804843 0.064823585 0.234909084
v -0.001492939 0.065279032 0.233256894
v 0.011737444 0.066939159 0.230506228
v -0.025738359 0.033240989 0.236855047
v -0.025300319 0.018854512 0.238515365
v -0.026385074 0.019177556 0.240018731
v -0.026047020 0.021405765 0.239432412
v 0.004359938 0.066352334 0.229420618
v -0.060904677 0.013831128 0.018781061
v -0.021982697 0.036249345 0.059914802
v -0.021474070 0.034423051 0.068472329
v -0.058680380 -0.032265029 0.003736271
v -0.060102733 -0.028576395 0.004725811
v -0.021670391 -0.012478157 0.245368827
v -0.013416206 -0.017931034 0.245424337
v -0.014788086 -0.018738329 0.243793323
v -0.011699699 -0.019874151 0.242785888
v -0.003892476 0.061887392 0.236436578
v -0.008021540 0.061961000 0.235703672
v -0.003291714 0.063787505 0.235315815
v -0.020608840 -0.009669576 0.246141259
v -0.020822670 -0.011040380 0.245931269
v -0.022596334 -0.009285263 0.245901091
v -0.021495197 -0.007157387 0.246097859
v -0.002926922 0.064582340 0.227374683
v 0.000243937 0.063368487 0.236147095
v -0.023589751 -0.002973655 0.245744668
v -0.002853480 0.064936326 0.230814771
v -0.019749423 -0.005321379 0.245633995
v -0.006556915 0.040304760 0.080108896
v -0.013319009 0.049206487 0.027489437
v -0.019149757 -0.011212201 0.246225180
v -0.051548556 -0.034737829 0.040171473
v -0.049560299 -0.035969720 0.042257728
v -0.022285665 -0.001180711 0.244891106
v -0.025151689 0.001179495 0.245006214
v -0.004669005 0.063571243 0.222767560
v -0.019651333 -0.003025087 0.244639139
v -0.020276027 0.047769234 0.018941865
v -0.015924824 0.048803929 0.015713260
v -0.011757480 0.050324753 0.022014711
v -0.007476012 0.063484451 0.233905552
v -0.007870747 0.044714295 0.047859270
v -0.003757371 0.060319534 0.236803558
v -0.008176480 0.059381117 0.236618412
v -0.010563359 -0.021238606 0.239989179
v -0.009238022 -0.021004001 0.241556839
v -0.016655839 -0.005190060 0.244717324
v -0.019469952 -0.016838378 0.241298054
v -0.018398735 -0.016616967 0.244250706
v -0.016974819 -0.017956465 0.243398678
v -0.018822915 -0.015074816 0.245300144
v -0.020877935 -0.015350699 0.244216693
v -0.021895920 -0.014883647 0.242421712
v -0.015099533 -0.019488761 0.240712136
v -0.026296865 0.013048966 0.119846553
v -0.021084383 0.046892901 0.013888019
v -0.015989702 0.047630356 0.009262320
v 0.000328328 0.018204649 0.222406724
v -0.000398193 0.012328474 0.225180702
v -0.003365333 0.015191982 0.225512772
v 0.031174963 0.060322559 0.233357485
v -0.015616407 -0.039764983 0.072165516
v 0.002703831 0.020890230 0.220596300
v 0.000850276 0.024915837 0.220884810
v -0.027249910 -0.036416993 0.068812098
v -0.012942985 0.058555197 0.235802289
v -0.014166094 0.057753511 0.235971717
v -0.024086058 0.003141498 0.243661772
v -0.016380607 -0.017170400 0.245107794
v -0.030902282 -0.035482895 0.067137238
v 0.002969494 0.012632909 0.223694393
v -0.003378020 0.034041574 0.098997149
v -0.002983230 0.033471308 0.101935598
v -0.013546426 -0.007339234 0.244631371
v 0.002893515 0.044204727 0.073096891
v 0.004515387 0.017017745 0.221053883
v -0.027406642 -0.010692133 0.221248680
v -0.011301208 0.060348940 0.235639827
v -0.023493669 0.049418352 0.236940889
v 0.042438940 -0.012090629 0.234256709
v -0.020562605 0.053867114 0.235836752
v 0.043904523 -0.008537369 0.236977053
v 0.046973572 -0.005242240 0.236287495
v 0.046429277 -0.006754338 0.234328396
v 0.043798794 0.047909508 0.235150359
v 0.039110304 -0.015742146 0.232960797
v -0.005803885 0.064226583 0.232389546
v -0.008446720 0.063241430 0.232287918
v -0.034128946 0.039745541 0.000113050
v -0.008757386 0.062851991 0.229087512
v 0.047709685 -0.006164877 0.230665321
v 0.044873117 -0.008926981 0.233820577
v -0.003302165 0.019881765 0.224030467
v 0.045951623 -0.008417675 0.227109067
v -0.018210030 0.056081052 0.235498782
v 0.005299279 0.021471846 0.219484718
v 0.039029806 -0.015263891 0.234946920
v 0.041055470 -0.012284892 0.237220203
v -0.014153733 0.059578988 0.234854037
v 0.001162049 0.039283221 0.087902462
v 0.003433877 0.037183176 0.094918963
v 0.000359431 0.037443621 0.092462389
v -0.004119966 0.039191080 0.085694373
v -0.002409550 0.037171556 0.091265807
v -0.016224346 0.058900431 0.234861906
v -0.055616717 0.020767697 0.030238810
v -0.011337154 0.061638279 0.231614073
v -0.011979328 0.061460851 0.234038471
v 0.042271847 -0.007712813 0.240305549
v 0.040837632 -0.010563545 0.239785496
v 0.023758390 0.062333332 0.234428957
v 0.001885438 0.034293724 0.105618998
v 0.001509979 0.035196083 0.100279007
v 0.023202700 0.049665098 0.231038719
v -0.007738235 0.062658825 0.224904171
v -0.021948303 0.054262474 0.235072109
v -0.023069378 0.052427889 0.235791927
v 0.043201143 -0.010763480 0.235744853
v -0.005932731 0.036702564 0.090499319
v -0.005326011 0.051600196 0.025603491
v -0.003336712 0.052296730 0.020673475
v -0.021598639 0.041702938 0.236178702
v -0.020572149 0.041964692 0.235203872
v 0.036854152 -0.016604546 0.238114474
v 0.001014585 0.034118289 0.120291591
v -0.037182842 0.029839509 0.240067565
v -0.023590325 -0.037661090 0.069222675
v 0.048809320 -0.004412415 0.234079383
v 0.038621798 -0.013623623 0.239810319
v -0.024924899 0.037979465 0.166293806
v -0.023829401 0.042300783 0.169941671
v 0.011368692 0.062694688 0.202861510
v 0.016476765 0.062588876 0.203101127
v 0.004719394 0.041998613 0.081149808
v 0.038448639 -0.011743390 0.241444957
v 0.027951402 0.060487595 0.234548639
v 0.005329143 0.059857751 0.189110389
v 0.008322693 0.059883571 0.189947508
v 0.012054732 0.060228965 0.194029486
v -0.061554217 0.013326359 0.012021728
v -0.028036614 0.041238253 0.179624175
v -0.025038300 0.043331397 0.174707597
v -0.022273377 0.047014628 0.179837217
v -0.038006128 0.030311399 0.238556012
v 0.019561372 0.050517765 0.001236803
v -0.008055948 0.034510774 0.093565321
v 0.031160284 0.061574171 0.231754323
v -0.039658671 0.026817064 0.232725107
v 0.016144856 0.065418099 0.232582509
v 0.015516286 0.066116734 0.232000795
v -0.019397473 0.038550201 0.054662226
v -0.043829620 0.017099875 0.051267997
v -0.003119516 0.032629642 0.109321441
v 0.001619198 0.033884767 0.112167012
v -0.011582012 -0.021212170 0.236449812
v -0.014857915 -0.019869869 0.236767324
v -0.000005395 0.052417173 0.015006012
v -0.008508737 0.050501681 0.014035894
v -0.002311809 0.050935699 0.009343480
v -0.030085655 -0.038136160 0.063214842
v -0.026538609 -0.037809534 0.066415105
v -0.024695554 -0.040546488 0.063031997
v 0.006833562 0.034808670 0.108368882
v -0.018962916 0.047778615 0.025004518
v -0.035112904 0.034087218 0.239288000
v -0.033584474 0.033316019 0.240021180
v -0.017055795 -0.018601095 0.236726746
v -0.007254667 0.031520337 0.106300311
v -0.009122019 0.031944328 0.100146450
v -0.009653574 -0.001928672 0.237389389
v -0.009389644 0.002330592 0.234185167
v -0.007056112 -0.002797204 0.236310856
v -0.004042051 -0.001792542 0.233978640
v -0.013220209 0.000493395 0.237583782
v -0.000521970 0.000027081 0.231503432
v 0.001151539 0.005934043 0.227832551
v 0.003987192 -0.000554270 0.230605247
v 0.005290179 0.008515650 0.225129065
v 0.006653052 0.004037321 0.227075224
v -0.036000423 0.035401618 0.237059983
v -0.037617381 0.031080125 0.236561526
v 0.021671425 0.061000441 0.200145799
v -0.007084357 0.006123005 0.230954424
v -0.004032131 0.003253193 0.230992146
v -0.028517331 0.044995350 0.237359232
v -0.048514225 -0.031882564 0.047095974
v -0.003401722 0.051025666 0.030743410
v 0.000853657 0.052567350 0.026843729
v -0.058977719 -0.012085398 0.037558681
v -0.015163943 0.040095076 0.060857602
v -0.031646164 0.042171564 0.024558212
v -0.026272045 0.045415930 0.021872432
v -0.024517391 0.044749612 0.027535828
v -0.036951997 0.032077741 0.233811808
v -0.030241562 0.045120936 0.236770177
v -0.030786217 0.045504857 0.233448955
v -0.062865175 -0.009101194 0.026742997
v -0.065678992 -0.007725946 0.000530394
v -0.065807422 -0.004134201 0.000432945
v -0.033966134 0.038077613 0.237920123
v -0.019009027 0.011101276 0.234937205
v -0.015762862 0.042942666 0.232315690
v -0.033876587 0.039614317 0.233851628
v -0.033805288 0.040023346 0.236993777
v 0.050242476 0.041057200 0.234622694
v -0.065293920 -0.010024823 0.000600696
v -0.038872823 0.035400431 0.031070523
v 0.054394066 0.039811680 0.231256951
v 0.052763425 0.041458220 0.233049719
v -0.011655806 0.042407420 0.229727161
v 0.024468919 -0.004987883 0.235036305
v 0.018001156 -0.005635189 0.233802560
v 0.022526544 -0.001561956 0.230742981
v -0.015601674 0.038802996 0.229039124
v -0.009677135 0.049021108 0.234584623
v -0.059887517 -0.030099065 0.001268110
v -0.060519284 -0.028605076 0.001212432
v -0.031291112 0.041731770 0.237403017
v -0.032395963 0.038212127 0.238042106
v -0.030580804 0.040254169 0.030631116
v -0.011567252 0.037282231 0.226650499
v -0.012671986 0.038821748 0.227809837
v -0.009188641 0.040052858 0.226865279
v -0.000759997 0.050091845 0.231764503
v -0.007566107 0.043548848 0.228676179
v -0.008103534 0.045638605 0.231130131
v -0.004611247 0.046180063 0.229799875
v -0.009771018 0.037100068 0.225887948
v -0.063522551 -0.006843996 0.020752245
v -0.006396587 0.037661485 0.224855599
v -0.003384383 0.042735562 0.226296133
v -0.005165756 0.030143097 0.223959791
v -0.007425362 0.025972718 0.225200080
v -0.008824888 0.030393811 0.225132043
v -0.031971928 0.042854552 0.236230753
v -0.000677219 0.047033012 0.228728715
v -0.017758904 0.040524066 0.231453760
v -0.018883262 0.041856127 0.233406002
v -0.021532999 0.011572291 0.236700311
v -0.004274669 0.009581859 0.228182664
v 0.005676598 0.051622995 0.000844266
v -0.011361851 0.010463879 0.231144824
v 0.047923853 0.036360038 0.235951650
v 0.047214801 0.040094225 0.235726572
v 0.049934757 0.038209765 0.235284965
v -0.001034615 0.037997470 0.223153475
v -0.003722538 0.035959810 0.223569912
v -0.001307443 0.035239182 0.222707255
v -0.002722960 0.033194093 0.222959757
v -0.053192930 0.007709573 0.042541652
v -0.015869781 0.011404865 0.233124591
v -0.014432304 0.009349523 0.233317978
v 0.003321707 0.049595114 0.229357311
v -0.001478625 0.022397308 0.222443066
v 0.005759636 0.039418615 0.088561934
v -0.019045271 0.016400502 0.233245236
v -0.015184865 0.014791589 0.231494305
v -0.001639149 0.024582063 0.222475903
v -0.023840586 0.012608746 0.238534470
v -0.022705334 0.016826054 0.236108272
v -0.003260171 0.026651904 0.223143089
v 0.009101746 0.050124541 0.228913580
v -0.006953052 0.013725106 0.227915422
v -0.009940448 0.015575355 0.228569834
v 0.051919965 0.038294804 0.234633721
v 0.052110102 0.035553140 0.235310716
v -0.012535450 0.020237792 0.228269376
v -0.016558243 0.021962116 0.229628313
v -0.015448392 0.024918298 0.228367970
v -0.012911953 0.016106721 0.229872815
v 0.001156376 0.045521911 0.226741010
v 0.018632058 0.047227771 0.227895179
v 0.044624550 0.039178898 0.235844115
v -0.007154124 0.018308336 0.226502400
v -0.006313864 0.021792410 0.225338000
v 0.053405546 0.039238801 0.233442167
v -0.003049031 0.049254579 0.036291275
v 0.007562350 0.024250081 0.218939263
v 0.004435791 0.026545730 0.219742689
v 0.007262883 0.028706730 0.219494419
v 0.006664249 0.034118163 0.220647452
v 0.010533804 0.030949434 0.219665770
v -0.013975674 0.029711268 0.227160657
v -0.012314409 0.031219008 0.226096960
v -0.011692284 0.028483450 0.226139052
v 0.051087418 0.043372867 0.233205206
v 0.001663961 0.032221338 0.221079070
v -0.001541270 0.029815896 0.222199016
v 0.024331864 0.047048656 0.228894042
v -0.011585695 0.035362384 0.226282280
v -0.009417998 0.035180295 0.225374506
v -0.021134884 0.018711724 0.234201325
v -0.020444750 0.034782480 0.231206397
v -0.019626119 0.036912749 0.230943207
v -0.018762594 0.035616803 0.230029538
v -0.003714366 0.023518058 0.223677384
v -0.020728451 0.013882774 0.234923830
v -0.010238626 0.032446129 0.225386908
v -0.010896037 0.030552135 0.225481701
v -0.030379436 0.041142231 0.237818977
v -0.028847008 0.042421593 0.237587029
v -0.018813404 0.038510617 0.229887633
v 0.025810929 0.045854542 0.228378989
v 0.028271099 0.046519905 0.229573886
v -0.021413199 0.029202718 0.231886899
v -0.022787580 0.028642085 0.233656628
v -0.022861020 0.031147485 0.233492789
v 0.002775144 0.042031207 0.224055962
v 0.009586254 0.019523343 0.218895266
v -0.013894608 0.036734860 0.227527263
v -0.012940424 0.035572374 0.226629567
v 0.013226356 0.039010085 0.222139603
v 0.007403209 0.038867682 0.222122512
v 0.008826851 0.044135548 0.224677832
v 0.028968588 0.063548056 0.225272097
v -0.011808440 0.033335643 0.225884952
v -0.024413207 0.021654863 0.237137934
v -0.022272037 0.020930943 0.234849817
v -0.022465135 0.009104046 0.238423529
v -0.015727255 0.032015638 0.227884072
v -0.015911953 0.028400848 0.228090267
v -0.018714619 0.028445593 0.229930236
v 0.004823487 0.046547771 0.226545413
v -0.008970272 0.021989272 0.226499391
v 0.032114199 0.040264092 0.227690142
v 0.033725782 0.040447453 0.228712030
v 0.032763630 0.037960557 0.227124383
v -0.020216407 0.020794311 0.232930299
v -0.017636873 0.036388510 0.229026537
v -0.020305663 0.038778494 0.231941194
v -0.019455408 0.040070070 0.231907931
v -0.014323725 0.034703115 0.227105554
v -0.013360747 0.033893691 0.226662389
v 0.023877692 0.044783511 0.226813080
v 0.013882161 0.050140004 0.229443636
v 0.012707707 0.047194606 0.226872670
v 0.030316755 0.062772509 0.228950274
v -0.018386650 0.020705784 0.231240707
v -0.015700727 0.018462713 0.230419678
v 0.015206085 0.043632088 0.224685057
v -0.016292095 0.036664256 0.228823975
v 0.010252293 0.035249475 0.220827041
v 0.028675674 0.063401254 0.230970315
v 0.020246862 0.043455296 0.225134673
v -0.016055692 0.035366847 0.228209134
v 0.027121664 0.044579171 0.227566681
v -0.012800026 0.002579713 0.235842456
v -0.024029915 0.032478162 0.234685477
v 0.014198146 0.033551195 0.220276295
v 0.032186305 0.059172713 0.232894744
v -0.020850016 0.031718961 0.231373877
v -0.022099680 0.033687734 0.232876600
v 0.026854268 0.042472888 0.226006506
v -0.023274248 0.033062928 0.234012255
v 0.030789444 0.039765801 0.226535761
v -0.018075612 0.022741140 0.230582427
v -0.019687527 0.023440881 0.231517992
v -0.018246648 0.024484204 0.229980244
v -0.013810764 0.032019079 0.226646060
v -0.022436067 0.025960630 0.233885536
v -0.021563729 0.023534533 0.233289576
v -0.023095751 0.024118541 0.235240640
v 0.028974329 0.040305156 0.225917389
v 0.022296174 0.036923039 0.222332439
v 0.019023453 0.040131189 0.223059247
v 0.023433369 0.041251149 0.224302272
v 0.003335785 0.037347423 0.222074680
v -0.024733673 0.025514807 0.236969348
v -0.018755160 0.036880760 0.229740635
v 0.026608033 0.048419895 0.230744631
v -0.014162726 0.027167600 0.227133695
v 0.008914790 -0.000508417 0.229510583
v -0.020992947 0.026324018 0.232053489
v -0.011970552 0.024687217 0.226966919
v -0.024148413 0.030339175 0.235123254
v 0.011304078 0.025008432 0.218514967
v 0.017658282 0.036033432 0.221360896
v -0.023080053 0.030025139 0.234173678
v 0.029920689 0.036379606 0.225083880
v 0.029455155 0.046842530 0.001592153
v 0.024372125 0.049130859 0.001399107
v 0.015319171 0.022652725 0.218853785
v 0.015823617 0.018776821 0.219194333
v 0.012704417 0.020751213 0.218525631
v 0.019000597 0.030640910 0.220263852
v 0.027653076 0.028785663 0.223102289
v 0.023484503 0.026013613 0.221271966
v 0.025956236 0.032884527 0.222728857
v 0.026561299 0.038615381 0.224153933
v -0.023934822 0.027156600 0.235234378
v -0.018255109 0.033433525 0.229395115
v 0.027585233 0.024251668 0.222888154
v 0.030023043 0.031086292 0.224307280
v 0.020154546 0.020807659 0.220119280
v 0.018435696 0.024958678 0.219679542
v 0.015437827 0.026346838 0.219089038
v 0.022626463 0.049698576 0.001338524
v 0.013989737 0.029119769 0.219304646
v 0.027740634 0.031347693 0.223482712
v -0.019407043 0.025760529 0.230817085
v -0.006597919 0.033793399 0.224401397
v 0.029906889 0.021579803 0.223986174
v 0.026320216 0.020049081 0.222399712
v -0.029940263 -0.041527162 0.058428620
v 0.037542465 -0.009913913 0.242764028
v 0.038404090 -0.007220580 0.242683819
v 0.039968666 -0.008078959 0.241991782
v 0.024455523 -0.013947315 0.245040825
v 0.029701134 -0.011859540 0.244234854
v 0.029139888 -0.014767467 0.244774592
v 0.033706632 -0.011010968 0.243790570
v 0.026694170 -0.010551333 0.243172602
v 0.036068997 -0.008454583 0.242961205
v 0.029787877 -0.018287212 0.243012866
v 0.031971744 -0.017130984 0.242705306
v 0.030345674 -0.018765972 0.242003353
v 0.034463845 -0.014044507 0.243081518
v 0.035101076 -0.006612065 0.242041611
v 0.028519392 -0.019272127 0.242649530
v 0.020827830 0.015967545 0.221019434
v 0.040901294 -0.006306451 0.241823321
v 0.030099622 -0.016826911 0.243769798
v 0.034185578 -0.016294268 0.241783692
v 0.025857837 -0.018383694 0.244304988
v 0.035543207 -0.016414342 0.240225846
v 0.034038215 -0.018458449 0.239412103
v 0.032349333 -0.018558851 0.240799533
v 0.023526998 0.017791200 0.221535723
v 0.027694656 0.014989947 0.223603811
v 0.028202945 -0.020370566 0.242330116
v 0.030671125 0.025598250 0.224252808
v 0.032217955 -0.017669086 0.241675754
v 0.029621728 -0.020574934 0.241374052
v 0.027983219 -0.018594939 0.243271399
v 0.026330520 -0.019970535 0.243035549
v 0.040134205 -0.009543079 0.241536264
v 0.031361173 -0.020587298 0.239830586
v -0.006653249 0.049636629 0.000573430
v -0.002276309 0.050562233 0.000663798
v 0.040680259 -0.014705475 0.227773935
v 0.012921958 0.017732362 0.219115294
v 0.011764461 0.049931017 0.036645088
v 0.006547615 0.049185887 0.039855630
v 0.029770287 0.048469589 0.231459677
v 0.030421142 0.047015312 0.230865775
v 0.030937348 0.049513683 0.232884423
v 0.031466145 0.045611270 0.230273901
v 0.031945347 0.047603903 0.231976231
v 0.033816646 0.045760988 0.231511416
v 0.035628107 0.042519744 0.231041193
v 0.037361686 0.044588877 0.232987622
v 0.020274061 0.063147190 0.206977714
v -0.019271463 -0.039890550 0.067752624
v 0.011813565 0.003241916 0.226608940
v 0.012135993 0.000031370 0.228787159
v 0.012147208 -0.002453488 0.230579629
v 0.022923526 0.002698803 0.227572821
v 0.018972525 0.000381483 0.228574644
v 0.008820659 0.008319388 0.224180905
v 0.017444519 0.004403407 0.225707756
v 0.014965122 0.000275015 0.228458838
v 0.006350415 0.012444102 0.222627973
v 0.009521479 0.012355425 0.221792396
v 0.012087682 0.014468677 0.220319276
v 0.015986920 0.015240153 0.220150652
v 0.021746722 0.006985634 0.224676718
v 0.007304000 0.015101717 0.221029470
v 0.013378412 0.009006244 0.222989227
v 0.019921392 0.011684775 0.222136316
v 0.017650696 0.008795352 0.223173084
v 0.015628881 0.011865674 0.221418631
v 0.009107649 0.015791382 0.220205963
v 0.006990084 0.017871755 0.219938504
v 0.004239640 -0.014042123 0.241965190
v 0.025170230 0.009353708 0.224461874
v 0.024332725 0.012629837 0.222989574
v -0.027176547 0.031633663 0.238592713
v -0.025886452 0.029026034 0.237669095
v -0.027455164 0.030146146 0.239182559
v 0.027747938 -0.008439233 0.241083706
v 0.026223318 -0.008951827 0.241509171
v -0.064110945 -0.017271923 0.000821510
v -0.063492690 -0.019146721 0.000886810
v -0.004579451 -0.008904527 0.238107302
v -0.006157644 -0.007596396 0.239134561
v -0.004443875 -0.005956440 0.236706521
v 0.030625049 -0.005336050 0.238425424
v 0.032229634 -0.005138661 0.239042139
v 0.030752243 -0.006214088 0.239920283
v 0.000468252 -0.005389769 0.234626325
v 0.016755005 -0.002535981 0.230720378
v -0.030999481 0.035681401 0.239169406
v 0.044351271 -0.010457762 0.223502386
v 0.042345321 -0.013601661 0.224376798
v -0.009212888 0.042278347 0.066062257
v -0.062382272 -0.023180291 0.001021546
v 0.019386985 0.058756200 0.192777490
v 0.042320950 0.041282730 0.235372936
v 0.040472442 0.042914559 0.234556545
v 0.038258599 0.042375666 0.232782984
v 0.041339076 0.040903565 0.234500730
v -0.060907364 -0.027421315 0.001171261
v 0.042361624 0.037482579 0.234754833
v 0.039997878 0.040058643 0.233521864
v 0.036971162 0.039662343 0.230789455
v 0.045117624 0.035629845 0.235833125
v 0.044448345 0.033495013 0.235343362
v 0.038224326 0.038800041 0.231795632
v 0.040041754 0.035821327 0.232684000
v 0.037292430 0.035872964 0.230223244
v 0.034920704 0.037789402 0.228838847
v 0.042917944 0.031635940 0.234277163
v 0.045327352 0.030631584 0.235660481
v 0.039845304 0.029916518 0.231409086
v 0.034614539 0.032562144 0.227332128
v 0.033352379 0.027151309 0.225840517
v 0.034451315 0.021367913 0.226432526
v 0.031033700 0.018257210 0.224640598
v 0.037893961 0.025438443 0.229124630
v 0.028108389 0.011031106 0.224877218
v 0.040099309 0.019405307 0.230659122
v 0.035900255 0.014849642 0.227755531
v 0.049051651 0.017541394 0.238033017
v 0.045324868 0.018244232 0.235419654
v 0.046928628 0.019770361 0.236669683
v 0.032426545 0.010617983 0.226851701
v 0.036142169 0.010456016 0.228841157
v -0.027142659 0.028081752 0.239594556
v -0.027628619 0.026346983 0.240862705
v -0.028357578 0.028946560 0.240708896
v 0.046683954 0.015225950 0.236717228
v 0.042346447 0.014583960 0.232972926
v 0.038959673 0.011371299 0.230475038
v -0.056031911 -0.036217763 0.009983783
v 0.045012644 0.012020510 0.235816923
v 0.046502410 0.010610939 0.237671725
v 0.043811682 0.008275302 0.236013898
v -0.017636167 -0.002753405 0.243318509
v -0.020543169 -0.000149409 0.243336697
v -0.008093349 -0.005235074 0.238813589
v 0.041392358 -0.003232836 0.241697920
v 0.042152821 -0.003994662 0.241304070
v 0.039837645 -0.004614577 0.242105674
v -0.049638526 -0.041630111 0.034632001
v -0.005549776 0.057682427 0.194807024
v -0.010097238 0.055670928 0.198964405
v -0.010253330 0.055205358 0.192400821
v 0.044150441 0.022808704 0.234476662
v -0.033173747 0.033504171 0.240007148
v -0.032563260 0.032361577 0.240513374
v -0.028441647 0.011377482 0.109025941
v -0.006209614 0.058932440 0.205394471
v -0.004512747 0.058792557 0.200151059
v -0.001629719 0.060475304 0.202326734
v 0.041525543 0.010082600 0.233054486
v -0.032990189 0.029240784 0.241579909
v 0.046504998 0.008511723 0.238649785
v 0.044755732 0.005546130 0.238630787
v 0.047538929 0.012954421 0.237859687
v 0.029566151 0.046797564 0.001596238
v -0.019788878 0.045942222 0.000326236
v 0.046640189 -0.007108695 0.223144777
v 0.040679895 -0.002660984 0.241682644
v 0.036659015 -0.007002286 0.242699429
v 0.037303337 -0.005705236 0.242120486
v 0.022716649 -0.008543004 0.239361242
v 0.023073165 -0.007131328 0.237659429
v 0.025816767 -0.007277304 0.239230216
v 0.025098036 0.058199765 0.194434992
v 0.041871905 0.002459478 0.238678624
v 0.041853006 0.004913033 0.236401711
v 0.006999191 0.061253466 0.197611431
v 0.038235041 -0.003280629 0.240985113
v 0.002098124 0.060293173 0.193836459
v -0.047748966 0.005879982 0.052478249
v 0.040534417 0.003204488 0.236801104
v 0.048398218 0.011348974 0.238973491
v 0.037478061 -0.000796420 0.238193997
v 0.040748215 -0.000350256 0.240848833
v 0.036274658 -0.005039261 0.241333078
v 0.034857688 -0.004391870 0.239806163
v -0.027553109 0.022138180 0.241186906
v -0.029313577 0.025675802 0.242104238
v 0.039383004 0.002053834 0.236770968
v -0.002473437 -0.011893555 0.238878548
v 0.036547068 0.001250062 0.234681073
v -0.032139203 0.034624473 0.239658816
v 0.030359997 -0.007821335 0.241607838
v 0.032644053 -0.006293854 0.240729790
v 0.048828141 -0.004973534 0.226100311
v -0.026603984 0.015158306 0.240863915
v -0.025521751 0.013172701 0.240420077
v -0.030426913 0.030497418 0.241165128
v -0.028518165 0.031175192 0.239765286
v -0.025344166 0.015939435 0.239555855
v -0.026166451 0.024848691 0.239086933
v 0.033942636 0.053057987 0.235434664
v -0.024669540 0.009712424 0.240783462
v 0.005794963 -0.012346656 0.240057867
v 0.004054296 -0.010885612 0.238467460
v 0.006753670 -0.010474433 0.238470672
v -0.025479815 0.008039155 0.242058908
v -0.026489469 0.009747021 0.242342613
v -0.021669228 0.003161941 0.241643166
v 0.031868541 0.056889619 0.234990413
v -0.002130841 -0.008204312 0.236855723
v -0.002998681 0.061815931 0.210612896
v 0.014499002 -0.009294955 0.238027630
v 0.012962306 -0.011101111 0.240181689
v 0.012019359 -0.009514704 0.237703413
v -0.024915150 0.051912837 0.235710990
v -0.011764155 -0.003443843 0.240010836
v -0.029428591 0.047989542 0.229081030
v -0.029844140 0.046455302 0.220308205
v -0.027150142 0.050183384 0.225739295
v 0.052624901 0.000291358 0.235273940
v 0.000918506 -0.009957570 0.237760099
v 0.002959874 -0.012099041 0.239923355
v -0.023084060 0.054521128 0.234749129
v 0.032602417 -0.003446806 0.237236797
v -0.030535413 0.032900944 0.240122115
v -0.024228974 0.006077245 0.241901615
v -0.045448573 -0.001751837 0.064751068
v -0.044512332 0.002863611 0.067804107
v 0.024102539 -0.009263062 0.241496763
v 0.047256406 0.031927547 0.236359488
v -0.015828227 -0.001697349 0.240939929
v 0.011584298 0.054017841 0.022083128
v -0.029853283 0.040725675 0.191870208
v -0.028615060 0.041104628 0.186316091
v -0.018434332 -0.001262276 0.242401453
v -0.031452651 0.037553082 0.185264784
v -0.014869986 0.060108816 0.231216095
v -0.028370497 0.044626461 0.202023824
v -0.008045234 0.060083171 0.212644309
v -0.008679044 0.061665213 0.219489344
v -0.020598036 0.023213947 0.105447147
v -0.039187560 0.023889294 0.198439818
v -0.038448982 0.022498229 0.190088528
v -0.026031751 0.011523599 0.135248541
v -0.013786744 -0.005084125 0.242867379
v 0.034022729 -0.001062600 0.235242669
v -0.039203365 0.014949733 0.194811195
v -0.038131201 0.028685509 0.204231115
v -0.039726571 0.024367489 0.212394806
v 0.028512880 -0.004985414 0.237259558
v 0.029971316 -0.002208691 0.234156272
v -0.004874098 -0.010917821 0.238381511
v -0.040813100 0.022847093 0.221278972
v -0.023908873 0.016109450 0.126676407
v -0.010776156 -0.007234973 0.243348295
v -0.010272791 -0.005715024 0.241453613
v -0.020937233 0.055989123 0.234517222
v -0.011228851 0.029903823 0.107088009
v -0.013158325 0.029652084 0.101529512
v -0.017998790 0.057963543 0.229761548
v -0.015283208 0.059226058 0.227007948
v -0.001293420 0.060123497 0.197482714
v -0.002372068 0.058863703 0.191040732
v -0.034145998 0.017467751 0.174596941
v -0.012524028 0.060483695 0.222782142
v -0.022620312 0.025649118 0.085080193
v -0.020811979 0.046728130 0.172575844
v -0.011212211 0.057454752 0.209156824
v -0.036587125 0.033435278 0.230002454
v -0.040277743 0.025111419 0.230516326
v -0.022801808 0.054530569 0.227414627
v -0.021292875 0.054466136 0.220647846
v 0.004948829 0.045173262 0.067194096
v -0.007458102 0.056518339 0.187871211
v 0.028899106 -0.006505963 0.239755473
v 0.015362008 0.048253831 0.038836245
v -0.011780759 0.055909602 0.204299991
v -0.009182248 0.044245669 0.155909928
v -0.016366044 0.027497017 0.101624556
v -0.013130294 0.028639542 0.114983548
v 0.014273799 0.034222391 0.117611858
v -0.009320566 0.048616638 0.161763998
v -0.012919864 0.052937162 0.173881897
v -0.015967533 0.049806720 0.170576662
v -0.010088226 0.052637406 0.168861918
v -0.031195231 0.035973790 0.177886915
v 0.017664952 0.033186397 0.114761231
v -0.024623445 0.047675941 0.198433338
v -0.014529595 0.028107520 0.107663878
v -0.033216969 0.033114760 0.180922559
v -0.008079847 -0.007662797 0.241712514
v 0.016999060 0.052290473 0.028650467
v 0.013677163 0.053255275 0.026390930
v -0.033085567 0.041586147 0.226477228
v -0.026110119 0.007217696 0.243020176
v 0.026262818 0.051191599 0.019277685
v -0.036963248 0.032064947 0.225476032
v -0.022838037 0.047803354 0.194192637
v -0.031977966 0.011522429 0.092401446
v 0.027911537 0.059321694 0.198978936
v 0.017749817 0.050041027 0.033582716
v -0.037899395 0.030069865 0.212313403
v 0.012683562 0.051987946 0.031062233
v 0.013117212 -0.007437614 0.235273654
v 0.013512099 -0.004806617 0.232507564
v 0.007911519 -0.005078074 0.233045860
v 0.055847037 0.012890835 0.238078983
v -0.019509751 0.056377880 0.226626568
v -0.017302329 0.050515616 0.176072888
v 0.054321785 0.001334990 0.230260429
v -0.013261430 0.031850694 0.093171771
v 0.008435511 -0.008661803 0.236415366
v -0.035547440 0.036055007 0.226441699
v -0.035397120 0.037114090 0.230579230
v -0.007538155 0.041576414 0.150294669
v -0.011614575 0.054408731 0.178824218
v -0.016878565 0.051225280 0.180833074
v -0.022179020 0.051558106 0.208038702
v -0.024594893 0.048632364 0.204349186
v 0.016685917 -0.008306013 0.236870000
v -0.025750070 0.020433226 0.087977207
v 0.030829039 0.024072035 0.109401898
v -0.021952953 0.019480573 0.124118585
v -0.013129750 0.053428024 0.185675893
v -0.002773584 -0.010109298 0.237738648
v 0.052186255 -0.001647601 0.227507987
v 0.020327539 -0.007731980 0.237490700
v 0.009987649 -0.010648565 0.238751667
v -0.032567449 0.041038856 0.211435704
v -0.031686783 0.013294481 0.089569871
v -0.033921383 0.012002878 0.086621559
v -0.045742970 0.006968698 0.056992685
v -0.030141471 0.016279568 0.086848525
v -0.033623424 0.017208341 0.079621905
v -0.024699277 0.026235698 0.079319305
v -0.027816706 0.020961547 0.082710711
v -0.041741554 0.007201464 0.074001268
v -0.037933975 0.010929930 0.080037273
v -0.018730798 0.033632565 0.075173762
v -0.037683429 0.015753906 0.074359348
v 0.051025182 -0.002504829 0.223959917
v -0.043065002 0.008217820 0.066284903
v -0.035812380 0.019871307 0.071982318
v -0.033245326 0.021719876 0.073649639
v -0.038212497 0.032103932 0.037916903
v -0.040551587 0.012944981 0.070371466
v -0.029537188 0.023255187 0.076269504
v -0.024798839 0.029163576 0.073764214
v -0.031837621 0.023633827 0.072374174
v -0.044878568 0.005742105 0.061996415
v -0.043671610 0.009103626 0.060675878
v -0.042031828 0.012841593 0.062450590
v -0.037485272 0.028651491 0.045270726
v -0.037922117 0.024664816 0.053238962
v -0.040598517 0.023930097 0.047892012
v -0.028885380 0.030891380 0.061837958
v -0.040104285 0.016491865 0.063965305
v -0.036765132 0.038602903 0.026458113
v -0.033129359 0.025135645 0.067280573
v -0.029846255 0.026333312 0.071306175
v -0.038400605 0.017919836 0.068392579
v -0.036617755 0.021793947 0.065609895
v -0.035877541 0.024703299 0.060141929
v -0.038857375 0.020821147 0.059967245
v -0.041641545 0.016976833 0.057882186
v -0.033439399 0.028905879 0.054596803
v -0.028252381 0.032999637 0.055073222
v -0.028149571 0.029268502 0.068370637
v -0.033261048 0.027425225 0.060565787
v -0.041220083 0.020877237 0.052559522
v -0.031366572 0.036264104 0.038794164
v -0.030620309 0.033433305 0.047512829
v -0.024509525 0.035923976 0.052803774
v -0.042668961 0.024511793 0.042789160
v -0.034415277 0.032683343 0.042303263
v -0.046553750 0.001570018 0.058636838
v 0.000489728 0.059508974 0.186916379
v -0.019891374 0.049940209 0.194736995
v 0.008055236 -0.011289051 0.240039386
v -0.035881424 0.035153684 0.218645498
v 0.004815575 -0.009520093 0.237285263
v 0.004289405 -0.007750262 0.235703314
v 0.052007402 0.010301506 0.240482496
v 0.053549780 0.014970570 0.239825278
v 0.054119411 0.012148839 0.239442117
v 0.050531483 0.004934950 0.240602118
v 0.048176057 0.007585276 0.240643844
v 0.045053833 -0.002390421 0.240506011
v 0.045193433 -0.000079179 0.241217715
v 0.046284026 -0.000202214 0.240805590
v 0.050540269 0.013712833 0.239937331
v 0.051075970 0.001938726 0.239138358
v 0.049477186 -0.000065760 0.238992727
v 0.048188484 0.000755635 0.240198988
v 0.047746404 0.002163386 0.240870005
v 0.047635667 0.003653606 0.241367435
v 0.052496007 -0.000948342 0.230442497
v 0.052697134 -0.000680950 0.232744547
v 0.045124750 0.002628348 0.240864211
v 0.046471268 0.001383974 0.241310356
v 0.043016048 0.000951651 0.240851074
v 0.043472631 -0.005089815 0.240257127
v 0.046398603 -0.003982831 0.238537049
v 0.044650278 -0.006272859 0.238671021
v 0.043176373 -0.000977714 0.241540330
v 0.049016771 0.014232462 0.238592547
v 0.050984441 -0.002043005 0.234669887
v 0.048139454 -0.004241791 0.235487731
v 0.050884134 -0.002692974 0.231690822
v 0.048041063 -0.002784662 0.238202389
v 0.047198083 -0.002256779 0.239248822
v 0.048812330 -0.001622823 0.238265847
v 0.048894350 -0.003203277 0.236641597
v 0.050833395 -0.000549913 0.237406708
v 0.047031465 -0.001193565 0.240204262
v 0.048151712 -0.001044464 0.239540399
v 0.046906576 0.000971586 0.240654877
v 0.041046994 0.048392749 0.193631610
v 0.041787067 0.046392515 0.185823610
v 0.044397095 0.044366718 0.191286212
v 0.022843518 0.050652929 0.028987142
v 0.023824839 0.047614598 0.034391920
v 0.041841348 0.038471632 0.030778580
v 0.037556187 0.041711621 0.030897975
v 0.039112006 0.042353295 0.026212929
v 0.012774971 0.041242281 0.146563563
v 0.011957878 0.039049681 0.141740037
v 0.016357723 0.039049112 0.144310218
v 0.033046085 0.030423630 0.083875302
v 0.034597156 0.031451634 0.077636854
v 0.040929651 0.054099809 0.217455695
v 0.041976161 0.053777639 0.218426049
v 0.040575534 0.054058500 0.218095259
v 0.045966210 0.035636270 0.029054958
v 0.045645692 0.033077343 0.033399063
v 0.023918272 0.034101771 0.141010751
v 0.025650663 0.036369452 0.146785362
v 0.021161184 0.038017914 0.145895458
v 0.044473370 0.026904104 0.042233239
v 0.044469451 0.030133143 0.038387748
v 0.047790550 0.025283933 0.038860199
v 0.032704493 0.024826739 0.137706447
v 0.034498365 0.027723738 0.145237120
v 0.030165369 0.028764856 0.139420753
v 0.023970373 0.029705959 0.117765168
v 0.026127721 0.028245138 0.121061549
v 0.024146042 0.030012564 0.125048980
v 0.026705082 0.031316280 0.138695949
v 0.026373776 0.029542200 0.132173829
v 0.019290449 0.036196005 0.140411121
v 0.037905407 0.024385719 0.086530862
v 0.037720262 0.021444233 0.091902604
v 0.034341261 0.026569919 0.090317700
v 0.032114475 0.030369084 0.145192637
v 0.030378024 0.060625011 0.217000887
v 0.028132441 0.062109847 0.215535843
v 0.030250780 0.060497022 0.213288394
v 0.024911021 0.044149800 0.039691624
v 0.028959876 0.044123482 0.035837308
v 0.038192558 0.038805541 0.034846504
v 0.033889068 0.042884254 0.033712791
v 0.056961595 0.019458367 0.003029760
v 0.057300705 0.018843126 0.003054756
v 0.057922751 0.018645325 0.006992468
v 0.054807342 0.023767585 0.004546881
v 0.015530713 0.037323718 0.139663598
v 0.045798825 0.041830620 0.175312068
v 0.043402083 0.042384794 0.171024521
v 0.045543033 0.039776912 0.170523730
v 0.017333277 0.043176390 0.151361669
v 0.023844974 0.045440555 0.157196689
v 0.019350639 0.048228995 0.158997290
v 0.029906555 0.026359311 0.132766939
v 0.023889919 0.032272028 0.135912180
v 0.019627640 0.047398981 0.037810819
v 0.027414583 0.040783729 0.044359947
v 0.032444559 0.037482935 0.044459083
v 0.030192146 0.038126616 0.047089669
v 0.037123888 0.051649777 0.193180644
v 0.037563162 0.050053199 0.188005741
v 0.044098564 0.044340022 0.180962216
v 0.041202310 0.046876521 0.181223929
v 0.040776662 0.034990968 0.037257685
v 0.041517448 0.036605905 0.034239759
v 0.033890527 0.039116701 0.039452853
v 0.042023001 0.041434137 0.167437552
v 0.044137600 0.036860968 0.165213088
v 0.024838511 0.040837222 0.152018071
v 0.021183997 0.034034930 0.136789168
v 0.017332375 0.035459093 0.135739373
v 0.032322878 0.056911859 0.203671652
v 0.030717296 0.058172759 0.206534712
v 0.030363597 0.058252853 0.203312036
v 0.014968375 0.034872960 0.129812751
v 0.012013017 0.036838697 0.135637498
v 0.033816307 0.053246495 0.190959247
v 0.030355582 0.056563506 0.195097856
v 0.010237125 0.035754247 0.129501575
v 0.011348844 0.034859083 0.123662476
v 0.035487443 0.022684681 0.095980007
v 0.035469605 0.019876581 0.102968452
v 0.033081685 0.024890452 0.097812137
v 0.007792999 0.035413638 0.126657855
v 0.009861129 0.035368846 0.126683014
v 0.032488040 0.022468425 0.131177296
v 0.034373359 0.021533943 0.136307152
v 0.042910730 0.052767769 0.214748652
v 0.041771274 0.053615100 0.212571335
v 0.044111518 0.051659927 0.212180247
v 0.040019981 0.047612155 0.177417590
v 0.036763262 0.049956765 0.180117382
v 0.033938179 0.051066324 0.177064123
v 0.020942131 0.032637547 0.130262368
v 0.040367400 0.032365859 0.041624091
v 0.054164269 0.036924922 0.212430656
v 0.041389376 0.053641888 0.215873374
v 0.043657055 0.052600206 0.217345883
v 0.037410904 0.043029941 0.164065723
v 0.034918377 0.039759558 0.158058191
v 0.039423434 0.038082813 0.160786060
v 0.028986568 0.046841272 0.031452898
v 0.032211833 0.034513837 0.074238726
v 0.030599318 0.037457267 0.051668362
v 0.027208327 0.039745580 0.049577156
v 0.022172426 0.043652750 0.044050942
v 0.017189106 0.033448964 0.122930053
v 0.046220380 0.041830914 0.186008040
v 0.047110320 0.048090813 0.210289595
v 0.043287506 0.050344781 0.203489739
v 0.038823550 0.052105229 0.198767943
v 0.040257092 0.052420223 0.203271102
v 0.038157788 0.053293864 0.202628970
v 0.035445574 0.032454604 0.071409448
v 0.030067772 0.024634962 0.126472083
v 0.028165519 0.027051242 0.127623950
v 0.038561444 0.048854731 0.182611734
v 0.026525349 0.028257099 0.125606884
v 0.039163276 0.000382275 0.104468169
v 0.038241384 0.001397800 0.109474254
v 0.039247135 0.003947854 0.105030864
v 0.038485504 -0.002290927 0.105401080
v 0.038191061 0.005831798 0.110770865
v 0.039714098 -0.001578685 0.101936540
v 0.038908506 -0.004297598 0.101475373
v 0.058801335 0.021399903 0.234123705
v 0.057042589 0.023602350 0.236100055
v 0.058487567 0.025325758 0.234406106
v 0.059972251 0.020540406 0.211929834
v 0.060647081 0.022844120 0.218924709
v 0.059168976 0.026178455 0.213647314
v 0.054521140 0.023460780 0.237797384
v 0.055961923 0.026461366 0.236342622
v 0.058194617 0.032310846 0.230409111
v 0.059975006 0.027947004 0.228326796
v 0.058514306 0.029923056 0.232462671
v 0.040730620 0.054413705 0.219656927
v 0.039002320 0.054687664 0.222046303
v 0.037481693 0.055068218 0.217290822
v 0.035412795 0.055817445 0.220213244
v 0.023462622 0.041973683 0.048719524
v 0.036843279 0.055288032 0.224428237
v 0.033436637 0.057611946 0.222900106
v 0.041799316 0.053964363 0.222780286
v 0.030313738 0.037856359 0.058212722
v 0.032408666 0.035866737 0.066306828
v 0.039837516 0.054153206 0.217006178
v 0.033378129 0.057166171 0.219730569
v 0.044060499 0.052969461 0.221872130
v 0.031560943 0.058582079 0.216500252
v 0.031748644 0.058776770 0.219220136
v 0.033470338 0.056608291 0.216435038
v 0.031338459 0.059247852 0.214535886
v 0.035724385 0.054950448 0.212441803
v 0.039179991 0.054260576 0.213773773
v 0.026160500 0.062540459 0.212542066
v 0.028392479 0.061026062 0.211695759
v 0.047862466 0.044650573 0.203087302
v 0.047385255 0.041789573 0.194980408
v 0.050336126 0.039474967 0.200074978
v 0.041106426 0.029170696 0.046187038
v 0.032051808 0.057168438 0.211310439
v 0.037092591 0.054008536 0.209561661
v 0.037918493 0.053844181 0.211431277
v 0.035164106 0.054986428 0.208322559
v 0.021204817 0.031602992 0.123158644
v 0.050840831 0.042397820 0.209720961
v 0.035053804 0.018466851 0.132987230
v 0.033896456 0.018882361 0.128025827
v 0.035909546 0.014380526 0.128926520
v 0.045411189 0.021119645 0.063534335
v 0.043192750 0.024591431 0.055895837
v 0.046574459 0.019105239 0.055522884
v 0.036229824 0.014629051 0.112881945
v 0.034475516 0.017801706 0.114663662
v 0.034714768 0.018520286 0.110452983
v 0.036350423 0.018487162 0.138390893
v 0.045889547 0.009331191 0.083622172
v 0.044303808 0.013510555 0.084498732
v 0.046834133 0.012438497 0.078993840
v 0.047965799 0.006427232 0.079961702
v 0.049104874 0.008334118 0.075764451
v 0.050282192 0.002878723 0.074021577
v 0.028988303 0.055199833 0.189413621
v 0.024559692 0.051494389 0.023418859
v 0.028762812 0.049792386 0.022525025
v 0.033996198 0.045188764 0.028899705
v 0.041456393 0.052690324 0.207980537
v 0.051036262 0.007094311 0.057137739
v 0.051639530 0.003153483 0.061098743
v 0.051054982 0.006292485 0.064594149
v 0.032241291 0.021366545 0.124923641
v 0.036820769 0.034019998 0.044739536
v 0.033560460 0.035504110 0.048452397
v 0.046181526 0.050719975 0.218302843
v 0.044943142 0.024498856 0.045704607
v 0.019338554 0.044128481 0.047562790
v 0.035759917 0.046573345 0.167333188
v 0.036661127 0.048340373 0.172245367
v 0.031260518 0.049797684 0.169146116
v 0.044848577 0.046195077 0.197805433
v 0.045888100 0.047506382 0.203576642
v 0.029038214 0.032892768 0.144978687
v 0.057104195 0.021677727 0.010515986
v 0.046152661 0.020972670 0.049777190
v 0.049574312 0.016337758 0.046116307
v 0.048875459 0.015409785 0.050707140
v 0.028413898 0.060950880 0.207862959
v 0.029841695 0.059647433 0.209887169
v 0.039237634 0.053526823 0.210087362
v 0.028060903 0.026495740 0.122698192
v 0.047447471 0.033192963 0.003202302
v 0.048152530 0.033899775 0.009071390
v 0.042379440 0.038254449 0.004024094
v 0.044535938 0.038412799 0.025763859
v 0.048227097 0.034586734 0.025453079
v 0.025409973 0.040528813 0.054208816
v 0.020095640 0.043043187 0.054436856
v 0.030060817 0.037672635 0.151841869
v 0.037633620 0.031812605 0.049906959
v 0.047561586 0.020661073 0.045435585
v 0.050170587 0.011316495 0.053193197
v 0.048394971 0.015122905 0.055101222
v 0.055292807 0.022670245 0.002901927
v 0.047865975 0.016380826 0.060493909
v 0.028872839 0.048795591 0.026589762
v 0.033856193 0.051834548 0.184512227
v 0.034797781 0.046499382 0.013822717
v 0.033677441 0.047275042 0.022652560
v 0.030254643 0.049442885 0.018288256
v 0.046270091 0.031281750 0.163712050
v 0.047931639 0.035282337 0.169656157
v 0.043260846 0.025495476 0.049631631
v 0.029221675 0.059035318 0.203175745
v 0.029375837 0.059515816 0.204670163
v 0.027305109 0.060309251 0.203263936
v 0.032110288 0.058050313 0.214828981
v 0.036607003 0.020262980 0.097339585
v 0.032514349 0.020596257 0.120313469
v 0.030325178 0.023786401 0.120395515
v 0.032182028 0.021509005 0.114902133
v 0.028243348 0.038979312 0.053053187
v 0.020378997 0.031868582 0.118282149
v 0.034749001 0.034099563 0.054904601
v 0.040657855 0.028219924 0.052055178
v 0.040272158 0.021394034 0.085828432
v 0.028601468 0.062373588 0.219027486
v 0.041177770 0.041973139 0.016074619
v 0.044793535 0.038324068 0.012570994
v 0.045343118 0.038653762 0.017600486
v 0.028277035 0.026105841 0.116404594
v 0.029323057 0.058799342 0.201807563
v 0.034807304 0.033273676 0.151488375
v 0.038179770 0.030917342 0.055226305
v 0.043028117 0.040660433 0.021498141
v 0.041273319 0.016365889 0.089435639
v 0.043703558 0.019102560 0.079528758
v 0.033913387 0.034984380 0.060946702
v 0.037593144 0.031777575 0.063670323
v 0.035475993 0.054906971 0.202113496
v 0.034766019 0.054561439 0.196587748
v 0.031710458 0.057155665 0.200135517
v 0.041134855 0.031775610 0.157237236
v 0.040469544 0.028389221 0.058079831
v 0.051487752 0.002912286 0.067231378
v 0.051790177 -0.001347003 0.061176098
v 0.039863180 0.024600910 0.080424509
v 0.047295666 0.036637890 0.021414551
v 0.038625987 0.044105474 0.020234567
v 0.038674283 0.028459405 0.073839261
v 0.036502317 0.027788440 0.082100202
v 0.048039527 0.028101099 0.035687901
v 0.033136389 0.055905760 0.206176374
v 0.036780691 0.054735845 0.229872857
v 0.034460665 0.056832243 0.229517021
v 0.034900273 0.056455871 0.226859275
v 0.041047946 0.053675309 0.224936800
v 0.039803725 0.054080929 0.226725761
v 0.039180593 0.054319359 0.224497071
v 0.039538865 0.053877851 0.230191729
v 0.039128340 0.053940192 0.228752285
v 0.041422641 0.053687034 0.229614649
v 0.042083749 0.051426050 0.233384913
v 0.039379787 0.053059382 0.231692919
v 0.042379441 0.052226077 0.231830820
v 0.040811812 0.053628551 0.228314820
v 0.043293674 0.053559944 0.227915454
v 0.043459143 0.053219693 0.225124083
v 0.057804046 0.017637426 0.003099520
v 0.059363208 0.014121326 0.003232452
v 0.059529646 0.013752506 0.003999788
v 0.044621261 0.051348524 0.232153495
v 0.045328147 0.052137307 0.226072071
v 0.043697306 0.052774281 0.230516537
v 0.037390848 0.054876587 0.227312580
v 0.052035128 0.001374419 0.055907958
v 0.052567314 -0.002866574 0.053749342
v 0.033171594 0.021220744 0.109418448
v 0.041472666 0.053158655 0.230953394
v 0.036061772 0.012895846 0.124156997
v 0.035851866 0.014086078 0.120192537
v 0.036959920 0.010169086 0.121331255
v 0.032961847 0.058862344 0.225854288
v 0.033353766 0.058683894 0.228358373
v 0.024601634 0.062316317 0.207509646
v 0.027680726 0.054078178 0.182563716
v 0.027855920 0.052891453 0.175032601
v 0.053942374 0.027943518 0.013177564
v 0.049553040 0.034126227 0.016140369
v 0.051243992 0.032266723 0.021629610
v 0.017944829 0.052049600 0.164870036
v 0.024208693 0.052299205 0.169195844
v 0.018654305 0.053949636 0.169739717
v 0.012076107 0.049546178 0.158533048
v 0.009648799 0.043990195 0.150269699
v 0.008976291 0.059013770 0.187247874
v 0.055324366 0.003798521 0.219199689
v 0.053364798 0.000548589 0.222288909
v 0.056117706 0.004197510 0.225357387
v 0.040425658 0.045072975 0.170720107
v 0.054714503 0.013892524 0.238880705
v 0.055435397 0.015881551 0.238468763
v 0.038404567 0.017513096 0.096404295
v 0.059967273 0.014471081 0.220231622
v 0.059434323 0.013580558 0.216485278
v 0.058851359 0.012016631 0.220188326
v 0.037959830 0.053734388 0.206012999
v 0.037394870 0.029500769 0.150946063
v 0.059216997 0.012785121 0.224547934
v 0.059818243 0.014438052 0.222594301
v 0.039688604 0.042046059 0.010452296
v 0.056977228 0.016178726 0.236747701
v 0.042079752 0.024232709 0.074146172
v 0.041981239 0.026514697 0.065398880
v 0.054782639 0.023623736 0.002863591
v 0.052996763 0.036522185 0.204685259
v 0.015249156 0.057906922 0.186778897
v 0.009310398 0.058494269 0.181967246
v 0.016095820 0.056622555 0.178800388
v 0.051828557 0.020080096 0.239184145
v 0.054781229 0.018614601 0.238799179
v 0.030708983 0.044523978 0.160080307
v 0.050833228 0.029641328 0.005845913
v 0.050747707 0.029268552 0.002610067
v 0.053353334 0.025572938 0.002775104
v 0.036317466 0.043343341 0.005100140
v 0.056182235 0.018385444 0.237496891
v 0.025063124 0.049138170 0.163275658
v 0.021396621 0.055917303 0.183192975
v 0.022774901 0.056648344 0.188321988
v 0.060276058 0.016197214 0.226026706
v 0.060518288 0.017896445 0.220184626
v 0.021045114 0.054530324 0.173950233
v 0.013511559 0.055941303 0.172167694
v 0.005542284 0.058936522 0.184324087
v -0.000123780 0.036589363 0.133924874
v 0.003131276 0.037934663 0.137279541
v -0.000236739 0.038593561 0.139846718
v 0.035453114 0.015420527 0.116628872
v 0.036727560 0.011866063 0.116616757
v 0.004129240 0.059039974 0.179949373
v 0.057478132 0.007224615 0.229217680
v 0.058608775 0.009850620 0.225524708
v 0.023198943 0.054837019 0.178555482
v 0.060718791 0.019388179 0.226556391
v 0.057747814 0.018953023 0.236263975
v 0.057449903 0.008114132 0.217828044
v 0.049528772 0.012243998 0.057860920
v 0.052582898 0.003250166 0.050191402
v 0.053114000 -0.000506331 0.049972481
v 0.008185312 0.058025803 0.176537588
v 0.054335295 0.020816074 0.238301534
v 0.052703534 0.032821867 0.195886353
v 0.056180773 0.030670002 0.206452574
v 0.043663459 0.021760856 0.073682327
v 0.059500735 0.013447382 0.227076312
v 0.059837366 0.014079826 0.225318251
v 0.059389430 0.014569933 0.211876283
v 0.056425534 0.020956699 0.237044073
v 0.058046584 0.024266680 0.205356588
v 0.055267640 0.026858665 0.197706188
v 0.056630415 0.022031671 0.198465151
v 0.032085835 0.061137005 0.227009894
v 0.032345835 0.060686609 0.229334033
v 0.038473663 0.015413045 0.099595694
v 0.038593336 0.012728961 0.101943882
v 0.033148687 0.058567518 0.231023947
v 0.048289766 0.020862530 0.237521548
v 0.057589629 0.034122389 0.226084561
v 0.040549097 0.001295610 0.099922055
v 0.040571324 0.006721680 0.099366522
v 0.042481278 0.003143424 0.094245231
v 0.031720169 0.060886956 0.224251083
v 0.029659318 0.062301588 0.221917875
v 0.030492347 0.061177834 0.220044907
v 0.031384128 0.060329043 0.221802177
v 0.057653124 0.031755777 0.217669401
v 0.010411866 0.054493460 0.166672516
v 0.014799803 0.054417160 0.168595793
v 0.005950956 0.052390296 0.162128751
v 0.038610087 0.008665314 0.105910768
v 0.050425409 0.007521978 0.070206864
v 0.049484589 0.011760521 0.064847685
v 0.008130857 0.040557666 0.144084133
v 0.004264253 0.042510092 0.147302263
v 0.003730163 0.039664378 0.141724299
v 0.000545326 0.040577068 0.144091502
v 0.007478629 0.038411293 0.138897097
v 0.006130859 0.036564208 0.132677927
v 0.047776379 0.025421795 0.162168234
v 0.050351606 0.023972829 0.166049443
v 0.050298655 0.029023315 0.168969411
v 0.003039129 0.035329406 0.126952628
v 0.035765152 0.022892945 0.141771555
v 0.038341757 0.019938727 0.144557470
v 0.038704537 0.025074586 0.149352641
v 0.060001355 0.017155991 0.230460403
v 0.058754667 0.014025237 0.233026514
v 0.058654475 0.017107100 0.234421340
v 0.058409365 0.019465238 0.204108055
v 0.059170253 0.017130833 0.207716578
v 0.045724835 0.019445188 0.071179811
v 0.046697717 0.015910188 0.074797274
v 0.040904414 0.012649445 0.146901832
v 0.040827470 0.016450655 0.147731236
v 0.039167808 0.013519033 0.142153921
v 0.048763899 0.011903091 0.072903454
v 0.044719365 -0.008536980 0.085319530
v 0.046019366 -0.003506270 0.084781293
v 0.047721077 -0.005697766 0.080035502
v 0.058107567 0.009494571 0.230346589
v 0.059155239 0.012470979 0.230274185
v 0.040536071 0.011866336 0.095914616
v 0.048630470 0.020163405 0.161277350
v 0.036882217 0.009528912 0.126304571
v 0.057044601 0.007821546 0.232891523
v 0.060001766 0.026853641 0.221384577
v 0.056959418 0.035071408 0.231104179
v 0.055829877 0.037348480 0.229605303
v 0.047492509 0.016973757 0.065787838
v 0.058376973 0.010930281 0.233309512
v 0.041488450 -0.009076982 0.091437968
v 0.039509750 -0.007375373 0.097316313
v 0.042725957 -0.004414520 0.091683807
v 0.047685329 0.015425780 0.070185670
v 0.051337011 -0.000957893 0.068548304
v 0.042343836 0.007046017 0.093640393
v 0.037026080 0.010351049 0.131330159
v 0.037177833 0.007378540 0.129142771
v 0.050053239 -0.003909006 0.073384245
v 0.048171947 0.000225075 0.080759945
v 0.043952022 0.023013342 0.069508221
v 0.035290032 0.043623991 0.001829254
v 0.029854899 0.046625436 0.001608308
v 0.004392654 0.047369516 0.154802690
v 0.055808566 -0.000227320 0.042838351
v 0.057688170 -0.007395282 0.040076319
v 0.054784785 -0.005641051 0.045289735
v 0.053575394 -0.003208532 0.048449970
v 0.060357507 -0.004818740 0.036010000
v 0.053415812 0.006119308 0.045814974
v 0.061280539 -0.000523634 0.033927700
v 0.051521821 0.007538091 0.050853258
v 0.029656139 0.046751086 0.001599812
v 0.037079737 0.042394453 0.001908327
v 0.043744332 0.026367220 0.156794967
v 0.051354485 -0.006750993 0.056674637
v 0.034327666 0.017306485 0.123326390
v 0.034253891 0.017994315 0.118401901
v 0.043589955 0.009658923 0.088885588
v 0.043956888 0.004728425 0.089723336
v 0.044640359 0.000688735 0.088609255
v 0.045978094 0.005158714 0.085027128
v 0.037153807 0.014110867 0.107411549
v 0.044557538 0.020751551 0.155283148
v 0.041147624 0.021331648 0.150514083
v 0.037300409 0.013897438 0.136203232
v 0.040615955 -0.002873927 0.098174651
v 0.035234731 0.054820427 0.205528554
v 0.061474281 0.007739961 0.003454891
v 0.061452113 0.007796174 0.003703691
v 0.061400819 0.007968970 0.003446969
v 0.061909763 0.009467460 0.008963782
v 0.046512319 0.041598051 0.190265313
v 0.063424296 0.009812534 0.016002657
v 0.060524681 0.015936982 0.012003100
v 0.059542528 0.013686509 0.003248537
v 0.059703502 0.013251019 0.003264160
v 0.048092461 0.032334580 0.002460223
v 0.047309439 0.033289344 0.002414709
v 0.043251312 0.037297719 0.002203444
v 0.042113356 0.038371207 0.002145525
v -0.004066885 0.058000694 0.183793891
v 0.040561830 0.039550544 0.002074005
v -0.006953855 0.056678984 0.183820437
v 0.052821864 0.030141504 0.017857764
v 0.002941219 0.059447443 0.183894406
v -0.000114300 0.043898697 0.150261377
v -0.000813657 0.048188555 0.156917268
v -0.004247722 0.052077533 0.163648504
v -0.000727756 0.055471372 0.168172961
v -0.004769002 0.055983438 0.171511505
v -0.000349436 0.059167339 0.180922268
v -0.003619320 0.040569430 0.145875608
v -0.009365855 0.055652107 0.183118759
v -0.007604502 0.056418209 0.181157834
v -0.004825373 0.045337229 0.154517990
v 0.006893994 0.056998260 0.171775799
v 0.001200612 0.058199235 0.174468774
v 0.003709662 0.055710304 0.167926154
v -0.005248679 0.057202156 0.177568837
v -0.009093127 0.055104721 0.174403714
v 0.001241456 0.052580380 0.162722172
v 0.042345190 -0.000584887 0.094226190
v 0.038768126 -0.012415550 0.093525966
v 0.044754674 0.014907231 0.154367278
v 0.049971164 0.016051818 0.162832463
v 0.037687942 0.010417972 0.111719678
v 0.037038318 -0.006461416 0.104375924
v 0.049761086 0.018620458 0.042599553
v 0.056274540 0.010720725 0.037732108
v 0.054691312 0.008124939 0.041776642
v 0.052751574 0.014042136 0.041371311
v 0.058225814 0.021560282 0.016015150
v 0.058002360 0.021891183 0.022115464
v 0.056024722 0.025671471 0.018717107
v 0.057195848 0.016382614 0.032767464
v 0.055297458 0.015718038 0.036081181
v 0.055166845 0.020785075 0.032063939
v 0.051199445 0.020253523 0.038694762
v 0.047571955 0.022504177 0.042493863
v 0.052070134 0.011336526 0.045231101
v 0.053610267 0.027360538 0.026134334
v 0.055691309 0.024126311 0.026797166
v 0.051364942 0.027763647 0.030817000
v 0.050327178 0.013212031 0.047646250
v 0.057718399 0.020183282 0.026799117
v 0.058995259 0.016269664 0.029061721
v 0.061200884 0.016283921 0.019479920
v 0.061884226 0.013507891 0.024581721
v 0.059830849 0.017728733 0.024291587
v 0.051114536 0.010775107 0.048770918
v 0.050979301 0.024196767 0.035241996
v 0.055836812 0.006039710 0.040748100
v 0.055900947 0.004776240 0.040985065
v 0.058654285 0.012289111 0.033151107
v 0.050882005 0.031716345 0.025326759
v 0.060483012 0.007991558 0.032343298
v 0.061575558 0.010616310 0.028889508
v 0.056955948 0.006722710 0.038884414
v 0.063078827 0.011432730 0.021017198
v 0.058480559 0.008276955 0.035848816
v 0.051598136 0.029561281 0.026971348
v 0.049203669 0.032256780 0.028501331
v 0.055234026 0.026173359 0.022895694
v 0.059155329 0.004168564 0.036175473
v 0.062919366 0.004115540 0.029540187
v 0.053891333 0.028631071 0.020659850
v 0.052991241 0.029200722 0.023905942
v 0.064259826 0.007611022 0.020235588
v 0.063800953 0.007848044 0.024452626
v 0.054395519 0.028088225 0.017540492
v 0.042069839 0.009404746 0.150139034
v 0.045079679 0.006736160 0.156781121
v 0.047330437 0.011230649 0.158955042
v 0.056459377 0.017189429 0.182608394
v 0.056041290 0.016737278 0.177459863
v 0.056697470 0.013552042 0.181746398
v 0.058378264 0.011141367 0.216650791
v 0.055764233 0.010287849 0.197405698
v 0.055439480 0.010314327 0.192022033
v 0.054547675 0.006633313 0.194415558
v 0.056739131 0.007738262 0.212159629
v 0.058394804 0.010916327 0.213621051
v 0.058243562 0.011936617 0.206861044
v 0.057802743 0.009678654 0.209464031
v 0.052277426 -0.000432829 0.211520066
v 0.055358490 0.004125047 0.213933911
v 0.055811541 0.005169409 0.208119379
v 0.055916603 0.019953373 0.193298518
v 0.055808338 0.018209303 0.188974796
v 0.056013741 0.015637445 0.192856150
v 0.056308220 0.013660069 0.188305051
v 0.052624815 0.000397920 0.217409414
v 0.055673568 0.020589224 0.180102835
v 0.055700565 0.021176039 0.184339704
v 0.057847808 0.014195358 0.202609789
v 0.056713677 0.008265883 0.202762159
v 0.037029423 0.006783871 0.126775821
v 0.056140892 0.013558285 0.196519977
v 0.056137171 0.005832795 0.177918623
v 0.056413545 0.006244454 0.180858655
v 0.056847434 0.009262010 0.181243717
v 0.057146830 0.008786798 0.206660437
v 0.056770920 0.017581425 0.197771376
v 0.049016201 0.008414291 0.162671489
v 0.052387539 0.011782134 0.167214354
v 0.055998601 0.005568998 0.184212837
v 0.055023520 0.006446253 0.198105550
v 0.037366313 0.005449437 0.122902196
v 0.056196097 0.009152560 0.186546469
v 0.056625580 0.011748941 0.184773308
v 0.054415310 0.003192449 0.201574177
v 0.056023433 0.016709118 0.186304641
v 0.058843209 0.014717203 0.207284951
v 0.055674485 0.013250472 0.173852799
v 0.053847368 0.017556832 0.170552740
v 0.054626888 0.026719795 0.184544423
v 0.055056306 0.022940350 0.188839370
v 0.054846458 0.025727344 0.179505580
v 0.054639669 0.022161346 0.175391756
v 0.055295254 0.023892990 0.193326067
v 0.056458036 0.014313004 0.184680546
v 0.055027763 0.008840379 0.172953288
v 0.037518661 0.003657590 0.115891807
v 0.037495239 0.007658968 0.116573963
v 0.053153614 0.000407653 0.205938852
v 0.055034260 0.005354300 0.189407217
v 0.056773376 0.012561607 0.178281823
v 0.052588082 0.023597548 0.170618074
v 0.056489933 0.010103908 0.176849877
v 0.051259924 0.020082650 0.166231031
v 0.051975815 0.007094594 0.168068479
v 0.040945093 0.004342708 0.150366510
v 0.060529156 0.022475898 0.229721571
v 0.060822934 0.023085191 0.224748202
v 0.059798787 0.024979503 0.232079086
v 0.038210413 0.016001043 0.141366856
v 0.059096031 0.030064177 0.223565807
v 0.048042967 0.037916727 0.173120431
v 0.057723520 0.013392681 0.235501114
v 0.040880022 -0.020490806 0.080162894
v 0.041518261 -0.016619680 0.084308861
v 0.044116735 -0.016292843 0.078967894
v 0.058998559 0.027345701 0.232502103
v 0.053936298 0.003762929 0.196243558
v 0.052659474 -0.000190529 0.198591829
v 0.053241122 0.003523195 0.192855508
v 0.052712279 0.002086298 0.192470821
v 0.052182159 0.000555251 0.194153864
v 0.062620327 0.004254358 0.007447812
v 0.063942193 0.004255647 0.012809264
v 0.047370278 -0.002661647 0.167350141
v 0.043172149 -0.005938819 0.164039956
v 0.045048902 -0.008264857 0.169021018
v 0.054478381 -0.011359642 0.044353829
v 0.051513450 -0.016697833 0.047661616
v 0.052435709 -0.011349301 0.048535289
v 0.049658440 -0.008425289 0.069549685
v 0.050863235 -0.006022164 0.065104288
v 0.046024519 0.000538625 0.162499029
v 0.050526196 0.002600515 0.168198845
v 0.048009535 0.004635895 0.162725439
v 0.048152347 -0.009596718 0.075347054
v 0.046888642 -0.008786626 0.080032884
v 0.045464818 -0.019892920 0.063564104
v 0.046985795 -0.016096260 0.068540988
v 0.048377723 -0.014414678 0.062793260
v 0.061624462 0.006851958 0.003482085
v 0.055080729 0.001819356 0.180289637
v 0.054091763 0.000821612 0.177007477
v 0.053221993 -0.002210250 0.180563913
v 0.050232527 -0.006964062 0.180254827
v 0.051569842 -0.004995350 0.183586948
v 0.042937675 -0.019632055 0.076745846
v 0.038901682 -0.000795579 0.151073951
v 0.041166027 -0.003690171 0.158594716
v 0.043382521 0.002011640 0.156954409
v 0.057713427 0.028183194 0.234601600
v 0.045928423 -0.011868974 0.079953672
v 0.043641685 -0.013037470 0.083802066
v 0.052881846 0.001626055 0.190720543
v 0.051472574 -0.004156468 0.177364853
v 0.055686510 0.004049348 0.181608263
v 0.053079947 0.027736693 0.174341636
v 0.050829942 0.033516711 0.174038840
v 0.054079498 0.027513823 0.190243266
v 0.050943226 0.035793632 0.181212110
v 0.051880663 0.033728805 0.184135455
v 0.049499102 0.037160524 0.185145573
v 0.052973485 0.030787368 0.177231116
v 0.053379038 0.031159992 0.181280849
v 0.049967281 0.037245763 0.193863865
v 0.048271842 0.038992492 0.189773354
v 0.051024762 0.034191172 0.188791993
v 0.047844182 0.040041489 0.181098561
v 0.049286789 0.038034288 0.178349826
v 0.049254714 0.037391248 0.175735669
v 0.051446257 0.034582884 0.177947146
v 0.052476447 0.031121206 0.189529018
v 0.053183871 0.030505107 0.185862395
v 0.046952468 0.050720871 0.223856263
v 0.038384947 0.052442338 0.233752683
v 0.036097965 0.054476857 0.232583668
v 0.033360594 0.056984146 0.233256346
v 0.034522454 0.054457506 0.234570181
v 0.044026228 0.027301195 0.234655108
v 0.045598290 0.028022559 0.235774226
v 0.034688234 0.056247359 0.231379176
v 0.050610090 0.030035337 0.237051023
v 0.048872401 0.027960390 0.237337640
v 0.049915663 0.033101467 0.236215083
v 0.047610296 0.024876152 0.237081129
v 0.051925761 -0.000015624 0.172699425
v 0.053745131 0.004322107 0.173153568
v 0.049726687 -0.004489865 0.173206115
v 0.046690600 -0.014377924 0.074258706
v 0.044393672 -0.019333708 0.072484384
v 0.043929257 -0.022978971 0.059400393
v 0.045756911 -0.020978491 0.057695759
v 0.044502740 -0.023942102 0.056363487
v 0.049217252 -0.016897036 0.052527790
v 0.049658450 -0.013206707 0.056363961
v 0.051124135 -0.011581097 0.052042988
v 0.046975998 0.028468216 0.236558134
v 0.052942266 -0.007233080 0.049870530
v 0.062717510 -0.003532513 0.003782728
v 0.062430714 -0.006968854 0.005715785
v 0.063331688 -0.001673000 0.008860855
v 0.062783635 -0.002998815 0.003770479
v 0.052143042 -0.001619040 0.175763324
v 0.041576359 -0.012567680 0.088218780
v 0.051628125 0.025875245 0.238014397
v 0.055442736 0.035255222 0.234115548
v 0.055250555 0.037577207 0.232484325
v 0.056846594 0.030861874 0.234679780
v 0.056113246 0.029160489 0.235958189
v 0.054977562 0.031206089 0.235742244
v 0.054189152 0.033413806 0.235255771
v 0.055951549 0.032842217 0.234748334
v 0.057294237 0.032862580 0.233056431
v 0.053898998 0.000331894 0.185126295
v 0.052533959 0.032081693 0.236118581
v 0.053596423 0.028687621 0.236951020
v 0.054112645 0.026177777 0.237365144
v 0.050285213 -0.009850041 0.059804356
v 0.048390645 -0.012302622 0.069297790
v 0.041707741 -0.025558747 0.062668587
v 0.042149353 -0.023712671 0.068981029
v 0.049647756 -0.010176778 0.065342684
v 0.053924497 0.037295331 0.234351717
v 0.040903441 -0.023125227 0.074783657
v 0.051221121 -0.001738437 0.190776560
v 0.050642894 -0.010340464 0.055822793
v 0.047509945 -0.017740314 0.057154800
v 0.046805694 -0.020399098 0.055266256
v 0.054403296 0.005908952 0.195895567
v 0.042375545 -0.026170559 0.057333421
v 0.062576797 0.001785699 0.003639733
v 0.062456547 0.002943918 0.003606245
v 0.051960222 -0.001409279 0.202851492
v 0.045673087 -0.022929814 0.053926889
v 0.047503932 -0.019985277 0.053521660
v 0.064643885 0.005056952 0.017476835
v 0.022509267 -0.011073740 0.242723507
v 0.021746615 -0.012793948 0.244146387
v -0.006989482 -0.016401016 0.152870795
v -0.004173481 -0.019114977 0.157578034
v -0.002430820 -0.018111232 0.151794820
v -0.013170071 -0.020592136 0.223741321
v -0.015060058 -0.019706650 0.222956722
v -0.015432522 -0.019420738 0.227263751
v -0.012534923 -0.020735724 0.231579460
v -0.004290270 -0.029140617 0.188952377
v -0.001857489 -0.029745593 0.187056079
v -0.003526731 -0.028910142 0.184356716
v -0.015356562 -0.017233814 0.168809578
v -0.020803820 -0.015045605 0.176254495
v -0.015519723 -0.020446139 0.177857923
v -0.003698149 -0.033973275 0.091724290
v 0.000627116 -0.032765909 0.094003507
v -0.001479489 -0.037262290 0.085948705
v 0.000448096 -0.018337455 0.147916451
v -0.003729433 -0.016237378 0.142618185
v -0.003367946 -0.016892521 0.147895269
v 0.037019634 -0.002517756 0.109930018
v 0.037007698 0.000242580 0.114248871
v -0.034061580 0.004230420 0.182177846
v -0.030526257 -0.003960931 0.186519742
v -0.032444528 -0.000290905 0.179290064
v -0.007856107 -0.014316459 0.137490279
v 0.036065314 -0.021203032 0.189851939
v 0.039991453 -0.017614350 0.190597743
v 0.039977034 -0.018892540 0.185649702
v -0.015006814 -0.020084280 0.219190772
v -0.017608239 -0.018375330 0.223902229
v 0.000517441 -0.030643831 0.189099374
v 0.004346794 -0.030801091 0.184917910
v 0.000329325 -0.030210663 0.184820543
v -0.017698348 -0.009630247 0.154623259
v -0.019543992 -0.009631572 0.159482047
v -0.016688178 -0.012500673 0.160375306
v 0.046640442 -0.010787773 0.175993465
v -0.003137017 -0.020630167 0.243108381
v -0.003263876 -0.019199554 0.243574488
v -0.002495688 -0.029290241 0.193718823
v -0.014111249 -0.021401935 0.214627410
v -0.016537445 -0.020213776 0.212464020
v -0.017437822 -0.019183212 0.216575068
v -0.014426297 -0.012382996 0.154537793
v -0.013673309 -0.010928413 0.147624701
v 0.001988778 -0.021759543 0.243975450
v 0.002408800 -0.022772386 0.243315330
v 0.000268857 -0.021613465 0.243376468
v -0.008847309 -0.013635792 0.143038431
v -0.006170996 -0.015364427 0.146438766
v -0.021289837 -0.010467192 0.165309124
v -0.012976055 -0.022950684 0.207507357
v -0.015232470 -0.021400322 0.209888994
v -0.012697814 -0.022146700 0.211238076
v -0.022393792 -0.015570457 0.215909892
v 0.040126203 -0.016365610 0.195130323
v 0.041267988 -0.015299778 0.193726984
v 0.039079506 -0.017310080 0.194271687
v -0.010756218 -0.021534195 0.222307354
v -0.006738888 -0.022846458 0.224216631
v -0.008058316 -0.022867003 0.219414208
v -0.010651824 -0.023339783 0.176277783
v -0.006021620 -0.023649814 0.171332680
v -0.008410070 -0.019543485 0.164078523
v -0.031822629 -0.002974838 0.196940703
v 0.026570857 -0.036923992 0.067679803
v 0.023453171 -0.039125098 0.065240447
v 0.022726029 -0.038385528 0.069879780
v -0.018151264 -0.007736199 0.149354628
v -0.011586492 -0.021122028 0.226029855
v 0.000188618 -0.020014961 0.155895332
v -0.009881733 -0.024855350 0.199660475
v -0.012563426 -0.024026541 0.197130090
v -0.012589019 -0.023867535 0.199349214
v -0.008579891 -0.026947519 0.184975194
v -0.005294749 -0.026609304 0.178507352
v -0.003083853 -0.021804801 0.163961882
v 0.032872997 -0.021572633 0.200717833
v 0.034034713 -0.020748102 0.198399349
v 0.031032059 -0.022896700 0.197954936
v -0.035774220 0.003578495 0.196752005
v -0.037488247 0.008400090 0.194611261
v -0.028524948 -0.008321675 0.203529529
v -0.025210457 -0.012781080 0.209064880
v -0.024065433 -0.013805282 0.196895957
v 0.044649138 -0.012206495 0.174454560
v 0.044081392 -0.012685434 0.174561440
v 0.035782696 -0.012046294 0.099855671
v 0.025005692 -0.036729898 0.072666262
v 0.029059589 -0.034954495 0.070373061
v 0.031064064 -0.032721039 0.072533552
v 0.027416594 -0.034225671 0.075973259
v 0.035604770 -0.001009186 0.125614101
v 0.034467726 -0.002624243 0.130695470
v 0.036250431 0.002016558 0.130536808
v 0.038184103 -0.021032298 0.084701667
v 0.038609651 -0.016940853 0.088906769
v -0.011773042 -0.021642128 0.219007103
v -0.012594937 -0.021432835 0.216969456
v -0.010214619 -0.022963669 0.215708129
v 0.047890996 -0.010414416 0.180359735
v 0.048343388 -0.009743583 0.183645675
v 0.029036367 -0.025657747 0.090326446
v 0.028008325 -0.023742408 0.094546408
v 0.031279499 -0.021865543 0.093214280
v 0.024907360 -0.024887406 0.096668141
v 0.026341517 -0.025554637 0.093695701
v -0.025878299 -0.010997315 0.186154530
v -0.022296185 -0.015915386 0.190141891
v -0.020889189 -0.017141333 0.185168341
v 0.045511892 -0.013338729 0.181306518
v 0.028882395 -0.020951841 0.098000576
v 0.027069791 -0.019077106 0.104287593
v 0.032073830 -0.017025569 0.099476600
v 0.049686401 -0.004833312 0.191786431
v 0.049654947 -0.006190805 0.188121140
v 0.048239504 -0.007230174 0.192110605
v -0.012704481 -0.023354713 0.202516745
v -0.009434976 -0.024615578 0.205153417
v 0.051116688 -0.002477015 0.197055479
v 0.049910000 -0.003395198 0.194505735
v 0.046572657 -0.009624466 0.191247559
v 0.046858818 -0.008392902 0.194315559
v 0.046259748 -0.011541192 0.187782999
v 0.043399113 -0.014353496 0.189790418
v 0.045292094 -0.012274723 0.190340868
v 0.045186830 -0.013662299 0.184843158
v 0.042598210 -0.013053507 0.197778029
v 0.039778940 -0.016058765 0.197607260
v -0.027987300 -0.008392040 0.193785129
v 0.001427799 -0.015936386 0.243461352
v 0.042916794 -0.012934547 0.171856105
v 0.042440708 -0.015055180 0.175754489
v 0.024315082 -0.027911568 0.092138695
v 0.007223470 -0.023987836 0.243538156
v 0.009165020 -0.024050088 0.244188712
v 0.008983043 -0.024679243 0.243258363
v 0.031685977 -0.030571165 0.077730871
v -0.000356550 -0.018151406 0.244171666
v -0.001235593 -0.020389034 0.243735953
v 0.048298081 -0.006244851 0.194918910
v 0.049239452 -0.005414345 0.198925930
v 0.028874416 -0.012038191 0.148373300
v 0.027294886 -0.012226924 0.143971902
v 0.026662869 -0.013848473 0.148282729
v 0.043069427 -0.015816791 0.183727640
v 0.034410044 -0.024624417 0.084968765
v 0.034620790 -0.021610414 0.089240042
v 0.036488348 -0.025389630 0.080106883
v -0.023651008 -0.012991451 0.181029976
v -0.019960636 -0.017333093 0.218027456
v -0.019192232 -0.018323394 0.214421168
v 0.036710042 -0.027669005 0.074290506
v 0.039560716 -0.025879516 0.071615759
v 0.038226728 -0.027964781 0.068100986
v 0.043978855 -0.014224826 0.187209643
v 0.041899017 -0.016041009 0.187502285
v 0.033800703 -0.004591194 0.125269048
v 0.045971907 -0.009111162 0.199383402
v 0.044856497 -0.010283948 0.194860371
v 0.032138922 -0.025227250 0.087154608
v 0.030808177 -0.028045010 0.084357657
v 0.036859765 0.003923468 0.135173488
v 0.035718843 -0.000289753 0.136575132
v 0.037442743 0.004004107 0.139069533
v 0.033816608 -0.019879833 0.092686769
v -0.012332149 -0.015384551 0.159155026
v 0.039033355 0.005551286 0.143770477
v 0.037048799 0.001316433 0.141870044
v 0.038407314 0.001969043 0.146516047
v 0.013891901 -0.012874345 0.242971282
v 0.014470693 -0.015337801 0.244955855
v 0.010760794 -0.014293322 0.243807283
v 0.042930913 -0.015724390 0.185636818
v 0.025864673 -0.029396109 0.087749129
v -0.036464839 0.006795725 0.189440291
v -0.037553946 0.009688920 0.190340225
v 0.029937217 -0.035228563 0.066034494
v 0.003056393 -0.016923667 0.244320550
v -0.015704608 -0.021427285 0.204447368
v -0.015463554 -0.021358060 0.207558547
v -0.026709239 -0.008113587 0.176073743
v -0.030488729 -0.001188380 0.172447297
v -0.029903919 -0.004547015 0.180423265
v -0.002043345 -0.021545175 0.242911509
v 0.033297967 -0.032435181 0.067036629
v 0.031420223 -0.034737838 0.062622169
v -0.004316598 -0.021371038 0.242282418
v 0.006099987 -0.022948652 0.244372956
v 0.035005399 -0.006206717 0.111240274
v -0.019901277 -0.018169709 0.203639780
v -0.032834227 -0.003094450 0.210252653
v -0.030725717 -0.005306310 0.203559948
v -0.011373026 -0.013738414 0.152109823
v 0.037218484 0.006697444 0.132517207
v 0.037862419 0.006981938 0.137636509
v 0.050770121 -0.002848278 0.206890948
v 0.049424547 -0.003860391 0.210109573
v 0.035455839 -0.016904128 0.094023014
v 0.000507211 -0.028523294 0.178718601
v 0.031507865 -0.013929406 0.105822937
v -0.009428559 -0.013820077 0.147932115
v -0.005540089 -0.027209495 0.196945328
v -0.008413041 -0.026980627 0.192244780
v -0.008223431 -0.026296353 0.196668324
v 0.048916610 -0.003838810 0.213073115
v 0.047616684 -0.004899409 0.216472093
v 0.049788822 -0.002815534 0.218068658
v 0.049964828 -0.002180689 0.215383526
v 0.039210380 0.010308550 0.141620680
v 0.032763200 -0.019079630 0.095135915
v 0.041531087 -0.013973516 0.201426882
v 0.042768872 -0.012420546 0.204529190
v 0.004739529 -0.024090546 0.243024011
v 0.039080262 -0.016488855 0.172510725
v 0.016931298 -0.010821222 0.240483784
v -0.032259746 0.002787885 0.173190635
v 0.002008216 -0.023781138 0.241852874
v 0.004382747 -0.024986659 0.240997269
v -0.000125726 -0.024308624 0.239070660
v 0.010922352 -0.024852411 0.243137458
v 0.013102927 -0.025634254 0.241848328
v 0.010211312 -0.025381302 0.241663315
v 0.041131825 -0.011493706 0.167200716
v 0.037036348 -0.015084925 0.166463794
v 0.034256568 -0.030650703 0.072004412
v -0.024235071 -0.009510747 0.170903446
v -0.026677173 -0.004721631 0.166524176
v 0.034482053 -0.032818374 0.061637378
v 0.008557796 -0.016253151 0.245045995
v 0.032742411 -0.022625578 0.218310654
v 0.032375324 -0.022438213 0.211590227
v 0.028662258 -0.024449567 0.214158867
v 0.050617150 -0.002216948 0.221022824
v 0.047869232 -0.005135283 0.211013088
v 0.035783987 -0.002452697 0.115238672
v 0.037509467 -0.018977843 0.213465508
v 0.035417894 -0.020294694 0.209842205
v 0.035060539 -0.020898049 0.214496480
v 0.041069324 -0.014837723 0.200040516
v 0.036744594 -0.019743475 0.193400017
v 0.042653215 -0.012860819 0.220247320
v 0.040648512 -0.015554547 0.222002253
v 0.044099776 -0.012448476 0.192998512
v 0.048829919 -0.004281270 0.222914946
v 0.037723882 0.009661042 0.135756251
v 0.028945530 -0.025449871 0.193862033
v 0.033143315 -0.022552210 0.193999509
v 0.035261459 -0.006153518 0.150935510
v 0.030773042 -0.009090949 0.145780835
v 0.031846831 -0.011982669 0.154586470
v 0.034481725 -0.009967580 0.106539018
v 0.032138428 -0.010500478 0.112008065
v 0.038023845 -0.029950946 0.061662842
v 0.040524530 -0.015763624 0.225001391
v 0.036878425 0.005043213 0.127982515
v 0.036441819 0.002457160 0.125402242
v -0.006976764 -0.015760219 0.131647547
v 0.011332803 -0.012687378 0.242299265
v -0.014558513 -0.021309860 0.212064543
v 0.050856372 -0.003076451 0.199987156
v -0.015310697 -0.022095900 0.198697790
v 0.032977614 -0.006481765 0.121432039
v 0.034813037 -0.003468750 0.119995571
v 0.033354263 -0.006930117 0.116811027
v 0.009893630 -0.012087892 0.240811505
v 0.009118189 -0.013486936 0.242302185
v 0.029950453 -0.009403082 0.126289804
v 0.031950607 -0.007401979 0.124638388
v 0.030545589 -0.009721704 0.119699313
v 0.044956162 -0.008585508 0.218052768
v 0.042378642 -0.012763228 0.214927576
v 0.046074097 -0.006662599 0.212576674
v 0.045058923 -0.008309745 0.209116985
v 0.043842153 -0.009876582 0.212297328
v 0.045354320 -0.008983375 0.205241142
v 0.047523903 -0.006025285 0.208025491
v 0.035829764 -0.019022686 0.201099627
v 0.036802692 -0.018664231 0.197341462
v 0.036310937 -0.001722943 0.145971872
v 0.020856760 -0.010089271 0.241050214
v 0.038400359 -0.018148277 0.221710519
v 0.039110421 -0.017190818 0.223970958
v 0.047677029 -0.007151342 0.202761063
v 0.043815914 -0.010583221 0.208437439
v 0.031719583 -0.022021001 0.202764799
v 0.029122388 -0.023831722 0.201271630
v 0.030361024 -0.023013014 0.204767108
v 0.028792440 -0.024105753 0.208420015
v 0.031382126 -0.022653273 0.207523466
v 0.035238212 -0.020358135 0.195571922
v 0.049832345 -0.004799524 0.203107780
v 0.027815458 -0.024234860 0.203909084
v 0.037838573 -0.017774476 0.200962465
v 0.037330530 -0.018661824 0.205394608
v 0.039730280 -0.015899677 0.203510382
v 0.024674372 -0.025518829 0.205152755
v 0.024822001 -0.025473965 0.209931593
v -0.017941229 -0.019631330 0.209443146
v -0.030028086 -0.007433021 0.216234314
v 0.047682908 -0.004754695 0.220083409
v 0.036967026 -0.019404162 0.218056515
v 0.035177269 -0.020744935 0.223192520
v 0.038580954 -0.017408273 0.227419392
v 0.037590837 -0.018879722 0.224908152
v -0.016154890 -0.022224524 0.187743886
v -0.017209611 -0.020265922 0.182562604
v 0.023984271 -0.014042067 0.142583569
v 0.007240065 -0.014552794 0.243503413
v 0.006829118 -0.013373122 0.242104459
v 0.007730982 -0.012548774 0.241128342
v -0.013610139 -0.023901661 0.192986581
v -0.012221568 -0.025123893 0.188466359
v 0.040173308 -0.015869773 0.211083568
v 0.042548835 -0.012295960 0.210205269
v 0.029786849 -0.017809558 0.161107059
v -0.018899249 -0.019720935 0.193246626
v 0.034283343 -0.020500091 0.203522242
v -0.010577305 -0.025231004 0.195607008
v 0.026603192 -0.015891802 0.153695402
v 0.038663209 -0.017111385 0.207657313
v 0.028502698 -0.010246478 0.138806648
v 0.032864201 -0.005692069 0.138522076
v 0.029992427 -0.008713185 0.132658238
v -0.009988583 -0.021666519 0.227563967
v -0.008179467 -0.022416433 0.227805698
v -0.003659342 -0.023807184 0.227025031
v 0.000811384 -0.025314244 0.223754606
v 0.019722904 -0.011725072 0.242780541
v 0.036480333 0.000930719 0.120113592
v -0.000430723 -0.024775882 0.225914431
v 0.000019726 -0.024901052 0.228031152
v -0.007072333 -0.022701175 0.229770135
v -0.034307398 -0.000006559 0.203721906
v 0.038720860 -0.017725249 0.215289969
v -0.003398101 -0.024076029 0.230662751
v -0.000842557 -0.024722467 0.234146430
v 0.002900673 -0.025493742 0.236405522
v 0.034783604 -0.004588841 0.115794658
v 0.000181515 -0.025131493 0.231041765
v 0.033166405 -0.021756294 0.206953506
v -0.006405428 -0.023028268 0.236869464
v -0.004632737 -0.023664800 0.233546946
v 0.040251523 -0.016256008 0.217621830
v 0.017569597 -0.024192659 0.244087663
v 0.016677052 -0.022586501 0.245110200
v 0.019805372 -0.023448017 0.244145887
v -0.008129768 -0.022549482 0.232981900
v 0.018214369 -0.021738072 0.244973317
v 0.019473933 -0.020316835 0.244871150
v 0.020894855 -0.021739520 0.244489854
v 0.009414684 -0.023081597 0.245206125
v 0.012180244 -0.024609391 0.244077549
v 0.016003566 -0.020111297 0.245580157
v 0.026318364 -0.021756830 0.242424411
v 0.025000217 -0.023341255 0.241460542
v 0.022777818 -0.022810088 0.243311534
v -0.003872047 -0.023922310 0.220523313
v 0.005229764 -0.026308366 0.231384500
v 0.041972025 -0.016905373 0.181503636
v 0.027645034 -0.025556129 0.197404005
v 0.026241387 -0.025238698 0.200790569
v 0.038669547 -0.019705888 0.181506440
v -0.005806096 -0.022164898 0.240704635
v 0.036721555 -0.021105685 0.183741520
v 0.034732501 -0.022080034 0.181225032
v 0.043502240 -0.015140685 0.178655369
v 0.040286305 -0.017498338 0.178651510
v 0.032950166 -0.019289241 0.168101031
v 0.036808303 -0.020291585 0.178433118
v 0.033707236 -0.023490900 0.184327244
v 0.029388713 -0.023527754 0.174010779
v 0.030442151 -0.023693652 0.176811493
v 0.033856147 -0.021154895 0.174050455
v 0.033440370 -0.022507550 0.178159994
v 0.038589330 -0.018365950 0.175700007
v 0.036309023 -0.018347330 0.171285576
v 0.037320084 -0.018809970 0.173753596
v 0.037832656 -0.018382560 0.209728256
v 0.027850539 -0.022256162 0.168145889
v 0.035564856 -0.022216970 0.186559464
v 0.017486516 -0.013178494 0.243638445
v 0.019238867 -0.014622940 0.245003630
v 0.031891731 -0.022429530 0.205624126
v 0.027578093 -0.025055209 0.220214678
v 0.033171099 -0.022050069 0.227630715
v 0.035534950 -0.019968869 0.228733068
v 0.007534437 -0.018369600 0.245736432
v 0.012359442 -0.017943520 0.245986648
v 0.010779673 -0.020038909 0.246007571
v 0.034594364 -0.020000029 0.233771524
v 0.032346500 -0.022400614 0.231819306
v 0.031331149 -0.023265471 0.224600535
v 0.033883643 -0.005063236 0.144414847
v 0.036621835 -0.017965409 0.235860253
v 0.034020248 -0.003393840 0.134774388
v 0.013593475 -0.021964027 0.245537791
v 0.019861427 -0.025009827 0.242486689
v -0.012989003 -0.020734535 0.221171037
v 0.032582321 -0.005404965 0.133217033
v 0.035222578 -0.002355332 0.141730439
v -0.018669647 -0.017996847 0.220497326
v 0.018572478 -0.017057680 0.245591538
v 0.030573436 -0.023655954 0.228894394
v 0.039370862 -0.009406003 0.162222900
v -0.005936627 -0.026090164 0.202050990
v -0.007188662 -0.026091772 0.198891984
v 0.019004455 -0.018922960 0.245453569
v 0.020584166 -0.017936662 0.245408554
v 0.028273684 -0.022330635 0.240773820
v 0.027460235 -0.023651272 0.239529841
v 0.033217676 -0.019918275 0.237593496
v 0.030638173 -0.022785581 0.236322605
v 0.022460500 -0.020108472 0.244124189
v 0.021570895 -0.018839068 0.245005790
v 0.036669461 -0.008173527 0.156448879
v 0.024487117 -0.020012712 0.243628914
v 0.025322646 -0.012594000 0.139077750
v 0.003615075 -0.018804563 0.245241230
v 0.003607325 -0.021765530 0.244318611
v 0.023622678 -0.016814338 0.245259948
v -0.001208108 -0.022653993 0.241977755
v 0.023901195 -0.021353759 0.243653667
v 0.036452436 -0.014455053 0.241493671
v 0.006404105 -0.020094955 0.245622819
v 0.009974557 -0.021621094 0.245962410
v 0.002933823 -0.030082967 0.182311771
v 0.030092589 -0.021885001 0.238922728
v 0.008105447 -0.025910888 0.239757184
v 0.007367111 -0.024738816 0.242115971
v 0.005443170 -0.015614067 0.243819898
v 0.006292564 -0.021597617 0.245131234
v 0.021998781 -0.024055267 0.242528826
v -0.036756289 0.010348752 0.185683631
v 0.023481327 -0.025259518 0.240375877
v -0.013517077 -0.023630883 0.183432324
v 0.026581439 -0.024829164 0.237590555
v 0.027808202 -0.024925919 0.233020288
v -0.001447007 -0.025280158 0.171071180
v 0.004628133 -0.025502334 0.238915123
v 0.011973807 -0.026236560 0.239693314
v 0.013015973 -0.023554139 0.245238605
v 0.016019057 -0.025103928 0.242642768
v 0.015543351 -0.023457832 0.244589943
v 0.002334923 -0.020512607 0.244714358
v 0.019453307 -0.026303426 0.239650524
v 0.015262956 -0.026500714 0.239291666
v -0.005761141 -0.035858695 0.087865785
v -0.006260986 -0.038208974 0.082865978
v 0.023260363 -0.026197280 0.236126776
v 0.027585138 -0.025078299 0.226799949
v 0.032330223 -0.006362768 0.128903972
v 0.026152428 -0.032366071 0.082185685
v 0.021411685 -0.036079656 0.079249531
v 0.020359943 -0.032362023 0.087723934
v 0.024656774 -0.025735752 0.215436898
v 0.021873921 -0.026247244 0.212304686
v -0.011505025 -0.022808576 0.213240406
v -0.009634492 -0.023786336 0.210896278
v 0.020966620 -0.026481662 0.207330160
v 0.023499743 -0.025886394 0.207546419
v 0.031998819 -0.024794542 0.186650064
v 0.032639597 -0.023668046 0.189125718
v 0.011048762 -0.019343840 0.149783904
v 0.007897700 -0.019048415 0.144003584
v 0.007378807 -0.019555087 0.149452839
v 0.011745364 -0.028534832 0.200735663
v 0.008114123 -0.027939414 0.202561927
v 0.011217086 -0.027963451 0.203588236
v 0.030794777 -0.024803960 0.190923564
v 0.030087340 -0.025638428 0.188644946
v 0.010795174 -0.020570150 0.122442717
v 0.012012390 -0.021254922 0.118924190
v 0.008263991 -0.021582728 0.120327003
v 0.027758585 -0.011757597 0.123123534
v -0.011988552 -0.045008453 0.059939980
v -0.015150347 -0.042224821 0.064376864
v -0.008060918 -0.043863141 0.064428919
v 0.013891172 -0.027188907 0.217121600
v 0.008838626 -0.027031503 0.216764868
v 0.009285855 -0.026997399 0.223588221
v 0.026511520 -0.027586094 0.189114405
v 0.025025633 -0.027391950 0.193653524
v 0.005787954 -0.026437087 0.219729025
v -0.005412624 -0.046195786 0.059505250
v 0.018517721 -0.021045624 0.111987902
v 0.021662100 -0.018407860 0.114786095
v 0.022682889 -0.018940722 0.111248855
v 0.013430789 -0.030946041 0.192143151
v 0.016295856 -0.030868884 0.191374402
v 0.015589510 -0.031220060 0.188056898
v 0.026128862 -0.015921524 0.112858046
v -0.006833722 -0.025231084 0.207702461
v 0.001741290 -0.022652424 0.162961397
v -0.003570369 -0.017231669 0.132866203
v -0.000286302 -0.018269494 0.134442140
v -0.003843180 -0.018306626 0.127594554
v 0.006157251 -0.031165136 0.190562115
v 0.004484558 -0.029943465 0.195622733
v 0.007310475 -0.030329157 0.195286768
v -0.017028060 -0.044417478 0.059389685
v -0.003019883 -0.044193063 0.065474274
v -0.000053362 -0.043490657 0.068253339
v 0.000990197 -0.045125712 0.063245777
v 0.017438604 -0.029049104 0.197894685
v 0.016192374 -0.029162007 0.198489410
v 0.017076706 -0.028487898 0.199858336
v 0.029220571 -0.012924600 0.114808230
v 0.029552213 -0.013744914 0.110752298
v 0.013923237 -0.020643810 0.155995555
v 0.018033898 -0.021027498 0.158491079
v 0.017561650 -0.019574395 0.154574264
v 0.000847888 -0.028936825 0.197709538
v 0.003699738 -0.028682481 0.199114062
v 0.031530886 -0.024216255 0.182431854
v 0.030983790 -0.024422231 0.179584605
v 0.024749964 -0.022536945 0.100652937
v 0.004860578 -0.036388991 0.086972953
v 0.007696543 -0.031735528 0.094827411
v 0.007987081 -0.020559107 0.124701588
v 0.005340648 -0.021240569 0.122397713
v 0.004472100 -0.020168084 0.127428088
v 0.030410530 -0.025308947 0.184428481
v 0.026726203 -0.027257952 0.184136491
v 0.028478700 -0.026526487 0.186662592
v 0.024408174 -0.014354637 0.122587639
v 0.027157029 -0.013509273 0.118464336
v 0.017124825 -0.019908131 0.117395387
v 0.004252127 -0.021133915 0.157398422
v 0.000900095 -0.021327956 0.121166262
v -0.004161981 -0.020525269 0.120200596
v 0.005440983 -0.043733985 0.066290543
v 0.001993324 -0.042340264 0.072712789
v 0.005962822 -0.042376398 0.071537791
v 0.003644264 -0.040293812 0.078698932
v 0.013566054 -0.027151248 0.210264178
v 0.010854387 -0.027535638 0.206217629
v 0.009908855 -0.027278542 0.211193372
v 0.009398300 -0.018805276 0.137018655
v 0.006217437 -0.018966625 0.139361530
v 0.003974289 -0.018819497 0.140181295
v 0.014809969 -0.027482224 0.205075473
v 0.004180807 -0.019247222 0.134245187
v -0.006759362 -0.024069845 0.214373441
v -0.004129872 -0.024859289 0.215255589
v -0.004188883 -0.025376933 0.211932427
v -0.002425627 -0.026198176 0.207640468
v 0.000304553 -0.025989246 0.213354899
v -0.007962424 -0.016742083 0.126024623
v 0.021947366 -0.014430856 0.137575307
v 0.025348029 -0.012413819 0.133900981
v -0.018588436 -0.042866542 0.061577656
v -0.020995806 -0.043921245 0.059401537
v 0.002061646 -0.030340931 0.193243688
v 0.023016915 -0.020942962 0.106375262
v 0.024501149 -0.019612130 0.107028666
v 0.002624693 -0.025919011 0.218520837
v -0.000630818 -0.025086918 0.218745865
v 0.018944447 -0.029355729 0.181261243
v 0.022260306 -0.028772833 0.182072008
v 0.019623500 -0.027645805 0.175837241
v 0.032963539 -0.023093752 0.190970103
v 0.021815548 -0.018764706 0.155706938
v 0.023088792 -0.015742155 0.147816331
v 0.025816848 -0.026071862 0.176393309
v 0.005941767 -0.022767836 0.161687363
v 0.008508467 -0.020741420 0.155499918
v 0.000527095 -0.019517338 0.128668758
v 0.004872868 -0.022552626 0.118163763
v 0.015832924 -0.018383046 0.149263821
v 0.018851416 -0.016830209 0.145747639
v 0.024270505 -0.026180026 0.223672300
v 0.016241319 -0.024891272 0.105357809
v 0.014715213 -0.026882798 0.101677493
v 0.013051461 -0.026286970 0.104056871
v -0.006884590 -0.040582916 0.075896362
v -0.011147190 -0.041570756 0.070053813
v 0.024368537 -0.028047666 0.183970378
v 0.024079522 -0.028684206 0.185539364
v 0.026027821 -0.027985244 0.185777210
v 0.015834876 -0.039932585 0.073428642
v 0.017640344 -0.038821311 0.075627633
v 0.017550272 -0.039505200 0.073349359
v 0.012502746 -0.034761262 0.087726739
v 0.014912181 -0.037748947 0.080313421
v 0.009154869 -0.038899636 0.080684554
v 0.005060709 -0.026291387 0.170275140
v 0.010831349 -0.023842699 0.163606618
v 0.021324571 -0.037979410 0.073701241
v 0.019443514 -0.039337814 0.071988163
v 0.019130987 -0.030436984 0.186996855
v 0.017196029 -0.030318886 0.183794184
v -0.003346963 -0.016732694 0.136887431
v 0.000598546 -0.026814899 0.206279951
v -0.000019970 -0.027342635 0.202289725
v 0.007614129 -0.027384050 0.207566902
v 0.003855882 -0.027290096 0.206001645
v 0.005923129 -0.027076889 0.211636530
v 0.026823536 -0.011771392 0.127941630
v 0.022608720 -0.014402763 0.129061085
v 0.021945062 -0.022819748 0.103945704
v 0.021564279 -0.025076810 0.099690945
v 0.015059988 -0.028527036 0.199851789
v 0.012813968 -0.022300726 0.114432916
v 0.008522135 -0.022515443 0.116723317
v 0.014236371 -0.019325401 0.123529681
v 0.022223773 -0.028105320 0.196394323
v 0.024901401 -0.026756815 0.197626777
v 0.004324155 -0.019788516 0.151755004
v 0.010064600 -0.042684107 0.067984299
v 0.011043553 -0.044042781 0.062867628
v 0.005515198 -0.023259339 0.115274157
v 0.013005976 -0.039998749 0.075881572
v 0.009938755 -0.030719929 0.193415349
v 0.009271151 -0.029571993 0.197844287
v 0.012475701 -0.029849631 0.196684333
v 0.016991008 -0.039941347 0.071650716
v 0.011925227 -0.029680218 0.178049277
v 0.009091435 -0.030968195 0.184219446
v 0.013720461 -0.030787859 0.183581960
v 0.014695123 -0.017730105 0.141891425
v 0.011692151 -0.018613066 0.144595254
v 0.006547102 -0.026156403 0.236564610
v 0.009350602 -0.027796377 0.102036361
v 0.006299376 -0.019428634 0.132597851
v 0.025121769 -0.018483176 0.108833806
v 0.022368434 -0.020257121 0.108728880
v -0.001686971 -0.040473086 0.078387218
v -0.002057133 -0.041919599 0.073117251
v 0.028072330 -0.025913013 0.181717736
v 0.006487707 -0.029532994 0.178564014
v 0.019954994 -0.029890967 0.184251645
v 0.022396200 -0.029481207 0.186688898
v -0.004939437 -0.042666050 0.069891924
v 0.017013716 -0.035571813 0.083823220
v 0.012166338 -0.027335577 0.230700578
v 0.011269519 -0.026967302 0.236229833
v 0.021805873 -0.014395774 0.133097866
v 0.019082445 -0.015666283 0.134359560
v 0.018152522 -0.018101864 0.121516934
v 0.014259918 -0.041144025 0.070808124
v 0.009133587 -0.041506922 0.074045326
v 0.018064610 -0.027497959 0.202433009
v 0.019089818 -0.040289177 0.068133102
v 0.020490069 -0.029754177 0.189530037
v 0.021610364 -0.029168984 0.192624434
v 0.023223772 -0.028983357 0.190274287
v 0.017513697 -0.027305308 0.234247760
v 0.011916541 -0.018819049 0.130190034
v 0.008239685 -0.019548796 0.129708197
v 0.018218690 -0.016192516 0.138920319
v 0.020613474 -0.028209880 0.095002529
v -0.019824368 -0.041648462 0.063376008
v 0.019792424 -0.027834563 0.199416712
v 0.023172791 -0.026759789 0.200391726
v -0.003492953 -0.045173240 0.062507696
v 0.008052095 -0.024158642 0.112186291
v 0.004646661 -0.026576811 0.215867733
v 0.005520019 -0.026258288 0.107170062
v 0.003734088 -0.029089188 0.100555138
v 0.000436530 -0.027000548 0.105506177
v 0.001889613 -0.028222024 0.200622412
v -0.004934048 -0.025452262 0.208986294
v -0.006552692 -0.025077922 0.211222392
v 0.018444412 -0.016418960 0.129638072
v 0.020578559 -0.016271542 0.124060574
v 0.017410523 -0.017649090 0.125164839
v -0.000556366 -0.029346566 0.100365757
v 0.022487076 -0.026728306 0.229221323
v 0.021514266 -0.026440023 0.216167943
v 0.019953457 -0.026918341 0.220721305
v 0.023543537 -0.026109797 0.219439555
v 0.010596813 -0.019897950 0.126116053
v 0.015098320 -0.042205204 0.065174458
v -0.015179212 -0.040907787 0.068625368
v 0.015144732 -0.026883988 0.171254351
v 0.016166757 -0.029596185 0.179008259
v 0.015072549 -0.017431046 0.134424129
v 0.005004360 -0.028072403 0.201660238
v 0.006267245 -0.029273652 0.198715708
v 0.010784467 -0.025541481 0.107013306
v 0.020587988 -0.024135303 0.166931832
v -0.002666439 -0.026967061 0.202545403
v -0.004456067 -0.026018187 0.205974242
v -0.007719204 -0.023280503 0.216905976
v 0.015861579 -0.023094355 0.162711270
v 0.028022026 -0.016111400 0.108383283
v 0.001775471 -0.027447254 0.203413696
v 0.011371486 -0.031342222 0.188634189
v 0.024185688 -0.015929078 0.117294003
v 0.000556378 -0.017959503 0.141195039
v 0.004456664 -0.019053597 0.145980522
v 0.021116257 -0.017345888 0.119256667
v 0.003215390 -0.027834453 0.201874778
v -0.005646238 -0.024000923 0.217461385
v -0.002881842 -0.024710783 0.217269607
v 0.025221672 -0.027281227 0.181733157
v 0.015347570 -0.017914902 0.128639649
v 0.018076612 -0.026852833 0.212481124
v 0.016413708 -0.027460638 0.226457905
v 0.018472607 -0.030148744 0.192208924
v 0.018063602 -0.030723747 0.189419532
v 0.014184304 -0.023430329 0.109922516
v -0.000981780 -0.027706279 0.200064757
v -0.002559076 -0.027887160 0.198628362
v 0.021056303 -0.015393575 0.142135772
v -0.009139301 -0.035633969 0.086846759
v 0.017467690 -0.027637497 0.098306359
v 0.018541567 -0.025435162 0.101925088
v 0.019097546 -0.029373215 0.195548968
v 0.020510168 -0.015182618 0.131394957
v 0.015761825 -0.030846663 0.093607003
v 0.011753507 -0.031919312 0.093195368
v 0.021260331 -0.026709011 0.202947432
v 0.012962886 -0.029534379 0.097276390
v 0.015867181 -0.029896623 0.195433597
v 0.019368398 -0.022375785 0.107690034
v -0.001791088 -0.019924448 0.124408462
v 0.010113838 -0.027424210 0.172109385
v 0.058922864 -0.027083591 0.026130341
v 0.057370049 -0.027116310 0.031640327
v 0.060371024 -0.022341413 0.027473847
v 0.044710980 -0.045792960 0.011660238
v 0.040699334 -0.049553614 0.009608821
v 0.040496739 -0.049545058 0.014963475
v 0.050925449 -0.027456480 0.041725121
v 0.046482649 -0.029793343 0.045820234
v 0.050142908 -0.023428224 0.045339585
v 0.053722728 -0.019799966 0.042105862
v 0.020875738 -0.043025450 0.057085526
v 0.026084692 -0.040676447 0.056003305
v 0.021987378 -0.044706621 0.053358788
v 0.001315880 -0.052910622 0.049600021
v 0.004790669 -0.056144948 0.045427657
v -0.002815708 -0.056248302 0.045426635
v 0.027640414 -0.042845511 0.051289294
v 0.032061090 -0.041960676 0.048481360
v 0.036697933 -0.038955045 0.047882766
v 0.034864614 -0.045748978 0.042538398
v 0.065432114 -0.002261018 0.023963705
v 0.065317707 -0.001409989 0.017205848
v 0.065807422 -0.005965229 0.020392461
v 0.056282685 -0.014647663 0.040340740
v 0.047953599 -0.022637821 0.049727633
v -0.010040138 -0.054431402 0.046728050
v -0.005408658 -0.051354820 0.051075248
v 0.042957923 -0.037730414 0.043005040
v 0.045566503 -0.039651191 0.038114578
v 0.041862848 -0.043636401 0.038055809
v 0.054016648 -0.027089740 0.037651566
v 0.057475176 -0.018948998 0.036727598
v 0.048992091 -0.034192725 0.039050612
v 0.060965897 -0.008467630 0.034737795
v 0.062454901 -0.006826789 0.032095813
v 0.029009973 -0.045611857 0.046969346
v 0.017729244 -0.048800827 0.050434074
v 0.024163068 -0.047298053 0.048374891
v 0.028110822 -0.058021246 0.026367571
v 0.031671816 -0.056189442 0.022781434
v 0.026341374 -0.058931168 0.023058386
v 0.045107389 -0.046314107 0.017686799
v 0.058362366 -0.022089868 0.004704110
v 0.057718864 -0.025864527 0.009115699
v 0.060414750 -0.020199126 0.010643756
v 0.056964613 -0.026780648 0.004632467
v 0.027682352 -0.050617563 0.042394060
v 0.052702657 -0.033498938 0.034204551
v 0.057213745 -0.031647308 0.022454892
v 0.059170811 -0.027478219 0.018829911
v 0.057545979 -0.029966390 0.017728336
v 0.057724145 -0.013635320 0.038546160
v 0.020587372 -0.060750470 0.014350248
v 0.015257487 -0.062611840 0.011082073
v 0.014573904 -0.062744385 0.015682704
v 0.006436470 -0.045426542 0.060844183
v 0.041796767 -0.049430298 0.022213516
v 0.044080118 -0.047346872 0.025696258
v 0.047110348 -0.044785330 0.022955962
v 0.048073236 -0.040487825 0.033479377
v -0.006229639 -0.064700433 0.011664867
v -0.007590662 -0.065381706 0.008758124
v -0.009686425 -0.064105653 0.011248811
v -0.009747893 -0.048499298 0.054092463
v -0.014909072 -0.049985088 0.051419826
v -0.007783251 -0.057608498 0.042704549
v -0.013350578 -0.057228307 0.041966447
v 0.064773186 -0.008066611 0.013816088
v 0.059398482 -0.012462389 0.036256246
v 0.061934970 -0.011722607 0.032139711
v 0.060161655 -0.025427157 0.021938296
v 0.061904769 -0.020269900 0.020865292
v 0.060878987 -0.022999352 0.017535693
v 0.021223903 -0.060676127 0.019680794
v 0.028003616 -0.057947826 0.019753653
v 0.057126548 -0.011365440 0.040063340
v 0.056053940 -0.030906439 0.012145446
v 0.056188295 -0.033108915 0.018029118
v 0.037394336 -0.049322232 0.035508748
v 0.042747862 -0.047393069 0.030345815
v 0.015250151 -0.052132456 0.047349568
v 0.008779339 -0.050358435 0.051748052
v 0.015559222 -0.046045507 0.055466906
v 0.011238405 -0.045605250 0.058582461
v 0.017019234 -0.043224865 0.060249879
v -0.009127283 -0.059716638 0.038717677
v -0.003655350 -0.060501256 0.038985249
v -0.009258219 -0.063516770 0.023693299
v -0.017782280 -0.061888667 0.021749380
v -0.013859896 -0.061675322 0.030008231
v 0.008638196 -0.058317615 0.041463476
v 0.008270733 -0.060845656 0.036989054
v 0.004605261 -0.059351389 0.040735450
v -0.008814583 -0.063831307 0.016374393
v 0.005478124 -0.062609467 0.033109626
v 0.004314148 -0.063554419 0.028914356
v -0.001272765 -0.063216361 0.031437722
v 0.033793667 -0.052755922 0.033471865
v 0.032430124 -0.050898404 0.038107823
v 0.061222583 -0.015325773 0.007566653
v 0.059940627 -0.017726942 0.004618466
v -0.019527566 -0.064522741 0.004916153
v -0.020302741 -0.062451395 0.009654722
v -0.016346351 -0.064220431 0.008138479
v 0.060928164 -0.016976833 0.031217887
v 0.012757744 -0.063221652 0.021190027
v 0.065291484 -0.010535687 0.018518794
v 0.065373680 -0.006097155 0.017739342
v 0.053415782 -0.035659658 0.030174041
v -0.017263483 -0.062422340 0.015366857
v -0.009537132 -0.046701512 0.056848324
v -0.004739983 -0.048438589 0.055218295
v 0.004952704 -0.065419101 0.008525329
v -0.000642391 -0.064533360 0.012857945
v 0.007242983 -0.064096452 0.014627606
v 0.002103239 -0.061416709 0.037205011
v 0.000737045 -0.058867637 0.041845354
v 0.062571820 -0.004244405 0.031958263
v 0.029188772 -0.037289937 0.059335269
v 0.027700874 -0.037238784 0.063465988
v 0.037012954 -0.053153422 0.024785125
v 0.037200570 -0.051871775 0.030066969
v 0.040186051 -0.050518126 0.026613558
v 0.021204586 -0.060722915 0.026919178
v 0.013305969 -0.062638089 0.027250982
v 0.014976645 -0.060976128 0.033068404
v 0.035572841 -0.032855726 0.057910173
v 0.036932520 -0.033959105 0.054503388
v 0.032284008 -0.037634746 0.054297952
v 0.020518664 -0.051636101 0.045428868
v 0.058757522 -0.026286813 0.014368720
v 0.062305011 -0.011237267 0.007731838
v 0.061638578 -0.010990165 0.004465675
v 0.061371825 -0.013295850 0.005615336
v 0.050030371 -0.041641913 0.016991745
v 0.047873328 -0.042079773 0.010938013
v -0.000784357 -0.046296559 0.060035347
v -0.017270953 -0.058664769 0.037090462
v -0.011782625 -0.060552148 0.035494892
v 0.049879730 -0.041166588 0.027561880
v -0.028467915 -0.056680626 0.032983797
v -0.028728898 -0.055651705 0.036010024
v -0.023523495 -0.057801721 0.034502889
v 0.056443373 -0.031686958 0.027420877
v 0.054025455 -0.036569141 0.025612375
v 0.064320997 -0.006893409 0.028470342
v 0.009541367 -0.061967253 0.033244258
v 0.063918892 -0.001642258 0.028861496
v 0.051569782 -0.036332513 0.009119375
v 0.051187858 -0.038503594 0.012303078
v 0.053585241 -0.034918035 0.011835610
v 0.001325833 -0.047813055 0.056781627
v 0.028350061 -0.054974668 0.035251327
v 0.021500584 -0.055579361 0.039475692
v 0.043828708 -0.025920782 0.054382616
v 0.062832950 -0.016766012 0.024671082
v 0.028059534 -0.059216484 0.005505814
v 0.024828984 -0.059887021 0.008095700
v 0.029238692 -0.057488167 0.008497445
v 0.062891323 -0.009088287 0.030717469
v 0.047446850 -0.043647097 0.004433649
v 0.046637493 -0.044600210 0.004437422
v 0.046274787 -0.044002011 0.006293318
v 0.006954540 -0.047043789 0.057196997
v 0.003065996 -0.046329876 0.059437844
v -0.026128535 -0.059311944 0.019668036
v -0.021733477 -0.060936773 0.017091914
v -0.026202040 -0.059252758 0.014550753
v 0.046005944 -0.045154005 0.027504974
v 0.046721473 -0.043814050 0.029657360
v 0.014381974 -0.058105256 0.039500450
v 0.032326545 -0.055370179 0.029068954
v 0.063465791 -0.011527565 0.028288248
v 0.053701527 -0.033390575 0.009093517
v 0.054585939 -0.030894427 0.006583984
v 0.000178665 -0.065883381 0.007938309
v 0.041885896 -0.048937591 0.026174382
v 0.051324671 -0.040409476 0.022975121
v -0.001492149 -0.064302377 0.017943466
v 0.001389826 -0.064421718 0.021463603
v 0.004640428 -0.064111928 0.018796259
v 0.026391234 -0.058620303 0.016315062
v 0.032100742 -0.055627936 0.016824307
v 0.029788898 -0.056314170 0.013795996
v 0.056339048 -0.028329258 0.008051535
v -0.026058912 -0.062739346 0.003008952
v -0.024129608 -0.063256245 0.003865743
v -0.024335800 -0.063405597 0.003071526
v 0.063836256 -0.009181121 0.029042504
v 0.065199390 -0.009676165 0.023810561
v 0.049413128 -0.039533793 0.008932998
v 0.060811284 -0.022377312 0.024430507
v 0.044260007 -0.027336860 0.051204024
v 0.033017065 -0.055215478 0.008357746
v 0.033661824 -0.055460686 0.006917104
v 0.032457828 -0.056803165 0.005279933
v 0.036380785 -0.035934777 0.051906329
v -0.012586040 -0.059282568 0.038398168
v 0.064442131 0.000666100 0.026550765
v 0.000777366 -0.050135981 0.053052622
v 0.047758721 -0.041721289 0.007823647
v 0.049226275 -0.040861477 0.004907952
v 0.054205991 -0.036585403 0.020698386
v 0.022187253 -0.058508018 0.033550438
v 0.037136382 -0.052735561 0.019174746
v 0.036647787 -0.052953812 0.014757233
v 0.000790961 -0.064014001 0.025412094
v -0.003409141 -0.064352593 0.021561936
v 0.063448343 -0.013389749 0.011841993
v 0.063780802 -0.010009945 0.010694693
v 0.064062312 -0.013922112 0.020859076
v -0.014097819 -0.046651893 0.056129537
v -0.025948351 -0.055318308 0.039587496
v 0.032925580 -0.034870386 0.059116109
v -0.019246208 -0.059703237 0.032721519
v 0.015695832 -0.063583626 0.007034203
v 0.010942150 -0.064837246 0.007565463
v -0.018254409 -0.046493802 0.055686227
v -0.011703602 -0.065534682 0.007137693
v -0.014186888 -0.063403584 0.011687210
v -0.000110573 -0.067109998 0.003802922
v 0.000634667 -0.067058996 0.003821101
v -0.020052971 -0.055295494 0.042939250
v 0.063175947 -0.016429536 0.016982181
v 0.063230606 -0.016827159 0.020971284
v 0.065060816 0.003367004 0.021533112
v 0.027977732 -0.059761619 0.004345950
v 0.025177718 -0.061198757 0.004310275
v 0.024673400 -0.061166086 0.004975256
v 0.053557465 -0.036099493 0.015481956
v -0.015622716 -0.065369880 0.004722690
v -0.016508097 -0.053322263 0.046825787
v 0.018294735 -0.058594505 0.036143144
v 0.037296775 -0.053602630 0.004428644
v 0.037957248 -0.052829058 0.005068925
v 0.037961731 -0.053071107 0.004432133
v 0.043395153 -0.048313722 0.005461427
v 0.064599332 -0.012242897 0.015298217
v -0.022195077 -0.061317985 0.013245431
v 0.037514943 -0.051390725 0.010714035
v 0.007027545 -0.063701366 0.024816469
v 0.052603736 -0.034327066 0.006210624
v 0.056905524 -0.027218417 0.004250985
v 0.057156953 -0.026562819 0.004240396
v 0.009200031 -0.062749339 0.030090589
v 0.026753042 -0.057873224 0.030228272
v 0.010637546 -0.047230190 0.055828166
v -0.003521296 -0.065845833 0.008085769
v 0.020702833 -0.060480926 0.010660632
v -0.022074023 -0.051747026 0.047521023
v -0.018861290 -0.050995404 0.049554538
v 0.034648851 -0.054624959 0.006680182
v 0.050711553 -0.037407527 0.006183993
v 0.010260693 -0.063791711 0.011446340
v 0.063379433 -0.007258625 0.009617281
v 0.033590825 -0.054030916 0.011982912
v -0.006102346 -0.066996149 0.003643040
v -0.006218504 -0.066864178 0.004279265
v -0.003639157 -0.067077707 0.003709677
v 0.051760090 -0.036894589 0.004369714
v 0.049892987 -0.040074542 0.004404121
v 0.012771526 -0.065625348 0.004101362
v 0.008497639 -0.066328773 0.004007872
v 0.025926895 -0.058308318 0.011969263
v -0.026033372 -0.052562889 0.044414738
v 0.052850414 -0.035140918 0.004352328
v -0.026985790 -0.060400422 0.008794820
v 0.060597738 -0.015289790 0.005087024
v 0.060832625 -0.014867893 0.004030300
v 0.060339918 -0.016554871 0.004061588
v 0.035030332 -0.053083396 0.008563727
v 0.030271718 -0.056228693 0.010939900
v 0.043330208 -0.048723198 0.004458819
v 0.038453813 -0.052655677 0.004434137
v 0.044109750 -0.047947462 0.004458912
v 0.054012343 -0.033166762 0.004331041
v 0.055441112 -0.030648539 0.004302490
v 0.054299872 -0.032703876 0.004326445
v 0.011328363 -0.055216066 0.045016153
v 0.062544416 -0.007143810 0.003872793
v 0.062277742 -0.008459280 0.003900268
v -0.023274867 -0.059272955 0.028809427
v -0.000720216 -0.067115704 0.003787108
v 0.017814328 -0.061865552 0.009149811
v 0.059992569 -0.018010803 0.004090630
v 0.060192750 -0.017577296 0.004084516
v 0.058466336 -0.022321737 0.004163589
v 0.058649426 -0.021732377 0.004152945
v 0.061428755 -0.012224479 0.003976666
v 0.061165187 -0.014047339 0.004017514
v 0.061637978 -0.011098855 0.003952659
v 0.061846914 -0.010321053 0.003937756
v -0.026119274 -0.045859269 0.054465305
v -0.021804589 -0.047627691 0.053282210
v -0.027016852 -0.048732808 0.049708540
v 0.039383491 -0.030466765 0.056446846
v 0.040353228 -0.033055486 0.050599045
v -0.018603364 -0.065130000 0.003266806
v -0.020189138 -0.064702853 0.003214092
v 0.032836839 -0.056915097 0.004398626
v 0.016705946 -0.054891942 0.043225798
v -0.006938992 -0.063149300 0.028626802
v -0.004165931 -0.063946512 0.025606823
v 0.031485330 -0.057742860 0.004384919
v -0.006841268 -0.066956369 0.003622649
v -0.010669226 -0.066550354 0.003511774
v -0.023599407 -0.063610115 0.003096166
v 0.016924216 -0.064336212 0.004176335
v 0.020303032 -0.061989039 0.006829113
v 0.018106523 -0.063896724 0.004195782
v 0.039027220 -0.041925358 0.042804488
v 0.019997112 -0.041055261 0.063592009
v 0.023645544 -0.040188715 0.060543986
v -0.012851795 -0.066232814 0.003446304
v -0.014484974 -0.065925104 0.003395477
v -0.016120011 -0.065617806 0.003344613
v -0.007881698 -0.061946991 0.033833346
v 0.007319739 -0.066511418 0.003981812
v 0.041903349 -0.028786569 0.053792208
v -0.023946378 -0.059586535 0.023776076
v -0.030035809 -0.056983171 0.024335859
v 0.023737604 -0.061889138 0.004290649
v 0.021569850 -0.062779163 0.004257198
v -0.028907626 -0.061584730 0.002904111
v 0.040614142 -0.027864569 0.059206659
v 0.013041932 -0.065540366 0.004106216
v 0.064566833 0.002993560 0.025063401
v 0.049403320 -0.040915847 0.004413336
v -0.024391008 -0.044035221 0.057835267
v 0.049060577 -0.041424807 0.004417693
v -0.039288621 -0.053217572 0.010126791
v -0.035274715 -0.055685456 0.011212460
v -0.037526412 -0.055028186 0.007907559
v -0.037380518 -0.048955846 0.041262265
v -0.039174049 -0.046063400 0.043382190
v -0.034804579 -0.048214975 0.044495273
v -0.058591125 -0.033366410 0.001387645
v -0.034628131 -0.043156036 0.051627919
v -0.050157701 -0.044109876 0.013019949
v -0.045399163 -0.048518083 0.017934495
v -0.046663091 -0.047867586 0.010463098
v -0.035914985 -0.057712313 0.002619179
v -0.034041091 -0.057713210 0.005723351
v -0.033892679 -0.058884296 0.002702835
v -0.030405955 -0.049961060 0.045714413
v -0.032250530 -0.051434816 0.041854693
v -0.043583819 -0.048951616 0.031215349
v -0.037820773 -0.052191769 0.033486378
v -0.040113999 -0.051764335 0.028808346
v -0.032827056 -0.056211771 0.019659229
v -0.038473892 -0.053163103 0.022445445
v -0.030902716 -0.057784627 0.011295489
v -0.031729137 -0.056890647 0.015608628
v -0.042051439 -0.053486569 0.002347798
v -0.045054923 -0.051176730 0.002208643
v -0.045116073 -0.050092571 0.005298510
v -0.040423794 -0.054148393 0.004182341
v -0.053542326 -0.039494687 0.019551425
v -0.048180795 -0.045565711 0.025348138
v -0.043716036 -0.049607751 0.025192360
v -0.037269586 -0.044668235 0.047210947
v -0.048340587 -0.043962740 0.032436562
v -0.044681883 -0.046804801 0.035237798
v -0.033235086 -0.052936688 0.037668609
v -0.032799630 -0.054517251 0.034176939
v -0.042326816 -0.051242106 0.012398067
v -0.041997975 -0.051971908 0.007864564
v -0.037202481 -0.054287924 0.015296276
v -0.052826842 -0.042872480 0.001787599
v -0.053269471 -0.041512954 0.004108986
v -0.051284441 -0.044713060 0.001876202
v -0.053851880 -0.041611072 0.001727715
v -0.030489894 -0.056308121 0.029414925
v -0.031849879 -0.055440664 0.031813073
v -0.027060145 -0.042971122 0.058095596
v -0.029814734 -0.044672046 0.053879727
v -0.032419323 -0.046821236 0.048574581
v -0.053287896 -0.040332669 0.011481194
v -0.046404584 -0.046406585 0.031360517
v -0.033814278 -0.055216480 0.026735620
v -0.054744664 -0.040018458 0.001662618
v -0.056377924 -0.037485196 0.001553491
v -0.056505596 -0.036820491 0.002925598
v -0.047416532 -0.048924093 0.002087794
v -0.042802398 -0.045891921 0.040168878
v -0.039829867 -0.049657487 0.037302726
v -0.048983473 -0.047449287 0.002008130
v -0.049223409 -0.046156517 0.005307668
v -0.035815940 -0.050950071 0.039496264
v -0.035447980 -0.053923625 0.029940875
v -0.030789622 -0.060585874 0.002828664
v -0.057135574 -0.036157108 0.001498862
v -0.032321950 -0.042198634 0.055191614
v -0.050899800 -0.045184419 0.001898621
v -0.039399922 -0.055493050 0.002469790
v -0.040730872 -0.054525248 0.002409586
v 0.001816771 -0.010575545 0.002372477
f 1 2 3
f 4 5 6
f 7 8 9
f 10 11 12
f 13 14 15
f 16 17 18
f 19 9 20
f 21 11 22
f 23 24 25
f 26 27 28
f 29 30 31
f 32 33 34
f 35 36 37
f 38 39 34
f 40 41 42
f 43 44 45
f 17 46 47
f 27 38 34
f 36 38 27
f 18 17 48
f 49 50 51
f 52 53 54
f 55 56 57
f 58 18 48
f 24 23 59
f 46 48 47
f 60 61 62
f 47 48 17
f 63 64 65
f 50 30 51
f 66 67 54
f 68 24 59
f 69 70 71
f 28 72 73
f 74 75 76
f 77 78 79
f 61 80 81
f 82 83 84
f 85 82 86
f 87 18 88
f 83 82 85
f 89 85 86
f 90 91 92
f 9 19 7
f 93 89 94
f 90 92 95
f 95 92 96
f 96 92 97
f 95 98 90
f 89 93 99
f 100 83 85
f 97 92 101
f 102 95 96
f 103 104 83
f 100 103 83
f 100 85 105
f 102 96 106
f 107 105 99
f 103 100 108
f 101 109 97
f 108 104 103
f 105 108 100
f 107 110 105
f 74 111 112
f 109 113 97
f 114 110 107
f 108 115 104
f 116 102 117
f 110 114 118
f 119 105 110
f 120 113 109
f 121 122 123
f 106 122 124
f 113 125 123
f 126 123 125
f 123 126 121
f 120 127 113
f 128 117 129
f 130 124 122
f 130 122 121
f 127 125 113
f 131 132 115
f 119 118 133
f 91 134 101
f 135 129 124
f 136 137 138
f 120 139 127
f 125 127 140
f 126 125 141
f 120 142 139
f 140 141 125
f 141 143 126
f 144 145 146
f 147 137 136
f 136 148 147
f 149 133 150
f 145 128 135
f 135 128 129
f 141 139 151
f 148 152 147
f 150 153 149
f 124 130 154
f 135 124 154
f 155 156 135
f 151 157 141
f 148 153 158
f 158 152 148
f 159 160 161
f 151 139 142
f 156 155 162
f 163 162 164
f 165 142 166
f 167 168 143
f 163 164 169
f 170 151 171
f 155 172 173
f 162 174 164
f 169 175 158
f 111 175 112
f 165 171 151
f 176 155 173
f 175 177 112
f 178 170 179
f 180 181 165
f 176 173 168
f 182 183 168
f 168 183 176
f 184 182 185
f 177 186 187
f 176 183 188
f 185 179 189
f 188 183 190
f 183 184 189
f 119 108 105
f 183 189 190
f 188 190 191
f 190 192 191
f 193 194 195
f 196 197 198
f 196 198 199
f 200 201 202
f 191 192 203
f 204 205 206
f 207 208 209
f 130 121 126
f 114 145 144
f 163 156 162
f 99 90 98
f 210 211 212
f 213 214 215
f 216 212 217
f 216 218 219
f 220 221 222
f 117 106 129
f 223 224 225
f 226 227 228
f 229 230 231
f 232 233 234
f 235 236 237
f 238 239 240
f 241 242 243
f 244 245 246
f 247 248 249
f 250 251 252
f 248 247 253
f 183 182 184
f 248 254 249
f 247 249 255
f 249 256 255
f 254 248 257
f 258 259 260
f 261 254 257
f 144 146 150
f 257 248 262
f 263 264 221
f 265 266 267
f 221 264 268
f 105 85 89
f 269 270 242
f 271 272 256
f 270 249 254
f 247 273 274
f 220 265 267
f 275 276 277
f 145 135 156
f 278 279 280
f 281 282 283
f 254 261 242
f 270 254 242
f 284 231 285
f 286 287 288
f 231 284 289
f 290 291 287
f 292 293 294
f 92 91 101
f 295 296 297
f 256 298 271
f 270 278 299
f 300 301 302
f 99 116 107
f 303 240 304
f 305 306 307
f 308 309 310
f 311 312 313
f 314 232 234
f 315 286 288
f 316 304 240
f 238 240 312
f 317 318 319
f 298 256 299
f 320 312 311
f 321 202 201
f 240 239 316
f 249 270 256
f 322 269 242
f 323 324 325
f 326 238 327
f 317 319 328
f 320 317 328
f 299 256 270
f 329 330 331
f 332 272 271
f 333 316 239
f 114 107 116
f 334 335 239
f 305 307 271
f 326 327 336
f 242 261 243
f 166 337 180
f 338 300 279
f 278 270 269
f 339 271 298
f 339 305 271
f 307 340 332
f 341 342 343
f 299 339 298
f 328 344 320
f 167 141 157
f 345 328 346
f 347 348 349
f 290 350 351
f 352 334 326
f 322 241 353
f 352 335 334
f 241 322 242
f 354 305 339
f 338 269 322
f 278 280 299
f 279 300 355
f 327 320 356
f 306 305 354
f 279 278 269
f 357 358 359
f 360 200 361
f 322 353 338
f 45 362 43
f 350 290 286
f 159 333 335
f 345 344 328
f 355 280 279
f 363 364 365
f 366 367 368
f 262 248 253
f 369 365 370
f 244 371 372
f 330 327 356
f 58 373 88
f 339 299 354
f 32 34 39
f 374 375 376
f 377 33 32
f 378 48 379
f 338 279 269
f 380 381 13
f 382 377 32
f 289 304 383
f 59 384 68
f 385 386 296
f 387 388 389
f 67 66 390
f 330 391 327
f 392 393 377
f 382 392 377
f 331 344 345
f 394 395 396
f 271 307 332
f 397 43 362
f 398 299 280
f 355 300 302
f 212 216 237
f 399 400 401
f 402 403 404
f 405 406 407
f 408 315 395
f 409 393 410
f 291 290 411
f 145 114 117
f 331 228 329
f 412 413 414
f 415 416 417
f 393 392 418
f 419 420 421
f 336 422 352
f 423 424 425
f 160 352 426
f 427 391 330
f 428 429 430
f 390 431 432
f 433 434 435
f 436 437 438
f 439 23 25
f 440 415 417
f 420 419 441
f 442 443 444
f 118 144 133
f 445 446 447
f 285 303 284
f 448 414 449
f 406 413 441
f 116 117 114
f 450 451 452
f 453 420 454
f 20 455 379
f 221 220 267
f 456 6 457
f 349 458 459
f 349 459 347
f 460 10 12
f 428 417 461
f 357 462 463
f 57 296 464
f 444 443 405
f 426 352 422
f 214 465 251
f 466 467 468
f 469 470 325
f 405 471 449
f 441 413 472
f 395 315 226
f 452 413 450
f 467 473 474
f 160 475 161
f 176 188 191
f 176 162 155
f 449 414 405
f 228 331 396
f 462 357 359
f 476 477 450
f 478 427 329
f 97 113 123
f 441 454 420
f 472 452 454
f 421 479 419
f 480 481 359
f 421 453 437
f 482 483 484
f 485 288 287
f 486 391 487
f 475 160 426
f 291 488 485
f 485 488 489
f 453 421 420
f 405 407 444
f 490 478 491
f 228 395 226
f 492 448 449
f 493 452 451
f 494 495 471
f 226 288 227
f 122 106 496
f 165 181 171
f 485 489 497
f 419 406 441
f 453 454 493
f 498 499 453
f 500 487 245
f 471 405 443
f 501 502 503
f 504 77 475
f 505 506 507
f 412 448 508
f 472 454 441
f 498 453 493
f 509 442 444
f 510 511 512
f 513 514 515
f 504 500 77
f 516 245 517
f 408 395 394
f 491 329 518
f 450 413 476
f 197 361 198
f 493 451 498
f 509 444 407
f 228 227 518
f 159 335 160
f 519 520 521
f 522 77 500
f 509 407 479
f 116 99 98
f 178 185 182
f 467 523 468
f 477 451 450
f 524 525 358
f 485 526 227
f 471 495 449
f 527 490 528
f 490 529 516
f 526 497 530
f 531 532 533
f 476 412 534
f 436 535 442
f 169 174 208
f 500 245 244
f 406 414 413
f 536 495 494
f 154 173 172
f 167 143 141
f 442 535 443
f 436 479 421
f 514 537 515
f 245 516 529
f 230 285 231
f 493 454 452
f 492 449 495
f 538 539 540
f 412 476 413
f 541 542 77
f 421 437 436
f 287 291 485
f 475 426 504
f 150 163 153
f 543 542 541
f 544 545 546
f 128 145 117
f 163 150 146
f 528 518 547
f 178 157 170
f 548 119 133
f 372 522 244
f 414 448 412
f 327 391 336
f 522 541 77
f 527 549 550
f 405 414 406
f 509 479 436
f 551 552 553
f 508 534 412
f 436 442 509
f 246 245 529
f 452 472 413
f 136 131 149
f 486 422 336
f 448 492 554
f 438 535 436
f 139 141 140
f 204 206 546
f 419 407 406
f 518 555 547
f 556 557 558
f 479 407 419
f 517 490 516
f 559 560 527
f 522 372 561
f 203 186 207
f 347 562 563
f 347 563 564
f 522 561 541
f 565 566 564
f 565 564 567
f 568 569 570
f 568 570 566
f 529 490 527
f 571 570 569
f 527 550 529
f 572 573 574
f 572 574 575
f 294 576 577
f 578 579 580
f 578 580 581
f 565 568 566
f 582 575 574
f 470 583 262
f 581 580 584
f 191 207 209
f 585 567 564
f 586 358 357
f 573 572 587
f 585 564 563
f 588 575 582
f 549 527 560
f 589 590 591
f 219 237 216
f 520 519 592
f 69 71 593
f 289 284 304
f 246 594 371
f 528 491 518
f 548 108 119
f 507 282 505
f 595 561 372
f 237 210 212
f 540 251 250
f 525 524 575
f 207 191 203
f 596 597 538
f 288 485 227
f 211 210 598
f 599 357 463
f 600 601 200
f 602 510 512
f 295 355 603
f 515 604 605
f 549 560 606
f 607 608 609
f 607 609 610
f 371 595 372
f 611 612 515
f 105 89 99
f 613 614 615
f 616 604 515
f 96 496 106
f 617 204 618
f 619 620 595
f 621 291 411
f 598 465 211
f 215 540 539
f 622 623 624
f 194 625 539
f 559 547 626
f 546 370 204
f 179 185 178
f 627 628 215
f 465 213 211
f 538 194 539
f 595 594 629
f 424 630 252
f 367 631 558
f 612 611 632
f 70 205 71
f 633 433 634
f 501 217 502
f 544 546 206
f 465 214 213
f 635 70 636
f 370 618 204
f 637 638 639
f 640 641 642
f 643 644 645
f 646 647 447
f 358 586 524
f 625 627 539
f 515 612 616
f 616 623 604
f 648 619 595
f 510 602 505
f 358 579 359
f 560 626 649
f 90 93 94
f 210 424 598
f 629 594 650
f 651 521 652
f 283 484 653
f 654 545 544
f 578 655 579
f 525 580 358
f 236 424 210
f 656 577 576
f 556 558 657
f 658 659 660
f 275 661 662
f 648 663 664
f 665 505 666
f 606 560 649
f 231 383 229
f 549 667 650
f 478 329 491
f 622 605 623
f 577 656 668
f 669 665 666
f 358 580 579
f 200 309 670
f 671 672 673
f 525 674 584
f 525 584 580
f 606 675 661
f 588 674 525
f 588 525 575
f 595 676 648
f 677 678 679
f 203 680 681
f 348 682 683
f 683 684 349
f 619 648 664
f 214 251 540
f 685 686 687
f 344 331 330
f 562 347 459
f 657 688 689
f 690 691 692
f 594 550 650
f 363 365 693
f 694 695 682
f 696 697 698
f 252 251 465
f 651 699 521
f 675 606 276
f 700 292 294
f 701 702 703
f 704 652 705
f 706 701 707
f 648 676 663
f 708 709 710
f 708 710 711
f 323 325 253
f 346 394 345
f 712 650 667
f 206 713 544
f 589 642 714
f 606 712 667
f 205 70 715
f 483 267 266
f 680 203 192
f 611 716 632
f 106 117 102
f 154 130 143
f 717 309 718
f 234 260 314
f 126 143 130
f 719 702 701
f 719 701 706
f 662 661 675
f 681 186 203
f 370 720 618
f 721 350 722
f 712 606 661
f 723 724 725
f 726 727 728
f 729 664 341
f 232 730 731
f 426 486 504
f 732 733 734
f 735 736 737
f 246 371 244
f 738 739 740
f 576 624 656
f 623 616 741
f 741 624 623
f 668 656 742
f 311 303 743
f 744 632 745
f 380 656 624
f 556 657 689
f 618 746 638
f 550 549 650
f 570 747 566
f 169 153 163
f 748 749 750
f 739 225 751
f 752 753 754
f 663 755 233
f 756 754 753
f 757 758 759
f 286 315 722
f 723 760 724
f 153 148 149
f 499 761 453
f 762 763 725
f 438 764 765
f 649 626 766
f 649 766 767
f 620 619 768
f 769 770 771
f 772 773 774
f 255 775 273
f 776 777 778
f 779 780 781
f 257 782 261
f 773 783 784
f 742 656 380
f 785 217 501
f 434 633 786
f 786 787 193
f 784 744 745
f 370 365 720
f 778 761 776
f 788 789 785
f 790 791 792
f 793 764 438
f 123 496 97
f 794 795 796
f 762 725 724
f 797 654 544
f 626 530 766
f 236 798 424
f 799 779 781
f 663 800 755
f 801 219 218
f 799 776 779
f 781 777 799
f 499 779 776
f 232 664 233
f 778 802 761
f 761 802 437
f 803 767 766
f 437 802 804
f 437 804 793
f 761 499 776
f 777 776 799
f 257 262 583
f 503 628 627
f 804 764 793
f 437 453 761
f 218 789 788
f 555 518 227
f 805 726 671
f 437 793 438
f 789 216 217
f 765 535 438
f 597 806 434
f 788 807 801
f 808 809 810
f 318 311 743
f 785 789 217
f 250 596 540
f 539 627 215
f 811 806 812
f 217 212 502
f 208 186 177
f 487 517 245
f 634 813 787
f 814 784 771
f 213 502 211
f 167 178 182
f 344 330 356
f 755 800 815
f 503 215 628
f 816 409 817
f 818 819 820
f 319 346 328
f 273 821 822
f 651 823 824
f 96 97 496
f 383 304 316
f 497 489 825
f 803 766 530
f 826 825 489
f 664 232 341
f 135 172 155
f 803 827 767
f 665 260 828
f 815 268 755
f 829 830 739
f 767 827 831
f 246 550 594
f 832 833 834
f 770 332 340
f 530 497 835
f 233 755 268
f 222 275 220
f 803 836 827
f 110 118 119
f 595 629 676
f 679 233 268
f 828 678 506
f 290 351 411
f 837 823 838
f 391 486 336
f 609 684 683
f 99 93 90
f 839 435 840
f 818 841 819
f 549 606 667
f 842 820 838
f 763 818 842
f 224 735 737
f 609 589 610
f 586 357 599
f 641 714 642
f 730 843 844
f 843 833 844
f 845 846 847
f 845 848 846
f 849 850 845
f 636 70 385
f 851 852 846
f 739 830 223
f 143 168 154
f 671 853 854
f 679 234 233
f 855 224 737
f 748 750 740
f 850 856 845
f 857 858 343
f 859 738 572
f 654 860 545
f 861 847 862
f 849 845 847
f 863 847 861
f 864 846 852
f 618 720 746
f 846 862 847
f 748 740 751
f 846 848 851
f 798 236 235
f 865 224 866
f 862 846 864
f 867 724 868
f 225 739 223
f 750 869 870
f 71 204 617
f 826 871 825
f 760 868 724
f 746 720 364
f 825 872 835
f 853 873 874
f 854 853 869
f 341 343 729
f 732 726 875
f 71 617 593
f 369 546 545
f 739 738 829
f 694 876 870
f 713 797 544
f 737 727 805
f 695 870 869
f 740 877 738
f 878 616 814
f 612 744 616
f 277 220 275
f 365 364 720
f 424 798 425
f 526 626 547
f 306 879 880
f 878 340 881
f 365 369 882
f 221 268 815
f 883 884 885
f 741 881 886
f 629 650 712
f 805 854 855
f 307 881 340
f 731 730 844
f 222 221 815
f 887 877 750
f 741 886 624
f 888 645 889
f 671 726 672
f 306 886 307
f 641 890 891
f 561 595 620
f 120 109 892
f 443 893 471
f 894 893 895
f 624 886 381
f 896 897 898
f 860 882 369
f 899 900 901
f 616 878 881
f 798 235 691
f 902 899 901
f 836 530 835
f 693 365 882
f 886 306 880
f 886 903 381
f 645 644 889
f 354 879 306
f 904 896 898
f 630 250 252
f 905 902 91
f 492 899 902
f 898 879 904
f 903 886 906
f 91 901 134
f 492 907 554
f 255 273 247
f 908 62 643
f 909 792 556
f 886 880 906
f 910 536 900
f 173 154 168
f 282 911 912
f 913 905 914
f 915 381 903
f 913 916 907
f 880 879 898
f 193 195 786
f 904 879 354
f 905 907 902
f 910 900 899
f 307 886 881
f 917 918 919
f 741 616 881
f 536 892 900
f 920 880 898
f 738 859 829
f 896 904 398
f 385 296 636
f 558 557 921
f 904 354 299
f 922 280 923
f 897 920 898
f 398 904 299
f 398 922 896
f 922 398 280
f 869 749 854
f 922 923 896
f 923 280 297
f 355 295 280
f 90 914 905
f 924 895 925
f 907 916 926
f 280 295 297
f 109 101 134
f 673 857 873
f 503 502 215
f 927 928 929
f 930 928 931
f 142 120 932
f 538 597 195
f 494 471 893
f 901 900 892
f 195 194 538
f 933 929 894
f 495 910 492
f 927 142 932
f 218 216 789
f 934 159 161
f 935 703 936
f 899 492 910
f 937 938 939
f 296 57 297
f 940 822 821
f 872 825 941
f 942 937 943
f 923 297 57
f 944 827 836
f 945 57 946
f 296 386 464
f 94 947 914
f 893 948 494
f 277 949 265
f 94 914 90
f 744 784 814
f 495 536 910
f 914 947 913
f 937 950 938
f 951 553 952
f 492 902 907
f 554 926 953
f 923 57 945
f 812 954 686
f 892 930 931
f 907 926 554
f 923 897 896
f 877 747 738
f 907 905 913
f 937 955 950
f 171 956 170
f 91 90 905
f 923 945 957
f 731 873 857
f 902 901 91
f 386 69 958
f 13 381 14
f 737 805 855
f 375 374 959
f 960 464 386
f 961 962 963
f 56 946 57
f 651 652 964
f 867 762 724
f 942 955 937
f 734 672 732
f 946 56 945
f 965 809 808
f 966 920 967
f 533 532 968
f 906 966 969
f 970 375 971
f 599 223 830
f 787 786 633
f 742 15 668
f 677 679 264
f 939 972 937
f 973 375 970
f 969 903 906
f 835 872 836
f 464 960 974
f 948 930 494
f 974 57 464
f 955 942 975
f 635 698 715
f 976 977 959
f 56 978 945
f 979 980 981
f 520 592 324
f 982 979 983
f 978 56 984
f 224 985 225
f 967 920 986
f 987 920 897
f 840 614 921
f 668 15 14
f 988 961 989
f 783 990 769
f 423 991 992
f 447 668 445
f 232 342 341
f 993 782 583
f 903 994 915
f 995 960 996
f 997 971 959
f 386 996 960
f 981 983 979
f 985 748 751
f 998 60 982
f 971 961 963
f 263 267 483
f 999 919 1000
f 977 997 959
f 870 876 750
f 957 945 978
f 970 971 963
f 957 987 897
f 1001 205 1002
f 1003 977 976
f 772 775 990
f 38 1004 39
f 747 570 572
f 138 137 1005
f 836 1006 944
f 977 961 997
f 970 963 1007
f 989 977 1008
f 1009 9 1010
f 1011 1012 513
f 687 1013 979
f 985 751 225
f 989 1008 1014
f 977 989 961
f 775 772 1015
f 535 765 895
f 1016 1017 1018
f 1019 566 747
f 1020 1021 1022
f 971 997 961
f 52 958 53
f 536 494 930
f 1023 137 147
f 821 1015 772
f 256 769 255
f 895 765 925
f 873 731 874
f 748 985 749
f 893 443 535
f 769 990 255
f 138 1005 132
f 1024 362 309
f 1024 309 308
f 552 1025 998
f 821 1026 940
f 695 833 832
f 791 556 792
f 35 1004 38
f 152 111 1027
f 552 551 1025
f 980 553 981
f 980 630 423
f 1028 1029 814
f 185 189 184
f 368 1030 366
f 553 992 952
f 875 728 1031
f 743 303 285
f 649 276 606
f 535 895 893
f 892 931 120
f 929 928 948
f 927 929 933
f 952 551 951
f 927 931 928
f 686 615 811
f 1032 1033 35
f 1034 1035 933
f 1036 1037 1038
f 887 750 876
f 901 892 109
f 332 770 272
f 469 993 583
f 1039 944 1040
f 552 998 983
f 1041 1040 1006
f 62 644 643
f 927 166 142
f 691 1042 798
f 69 593 53
f 991 423 1042
f 983 998 982
f 709 1038 1037
f 616 744 814
f 944 1039 949
f 380 624 381
f 423 630 424
f 919 909 1043
f 929 948 894
f 1044 1045 132
f 933 924 1034
f 282 510 505
f 1046 933 1035
f 176 174 162
f 931 927 932
f 239 238 334
f 952 1047 1048
f 930 948 928
f 878 1029 340
f 931 932 120
f 703 935 481
f 769 771 783
f 771 1028 814
f 1046 166 927
f 536 930 892
f 901 109 134
f 936 710 709
f 1049 1050 1051
f 35 38 36
f 825 835 497
f 635 696 698
f 1052 1051 1050
f 1053 468 523
f 933 894 895
f 263 483 482
f 1054 1055 1056
f 1042 1033 991
f 933 1046 927
f 1057 1058 1055
f 944 949 827
f 952 1032 1047
f 1023 1059 1044
f 1059 1023 1060
f 474 523 467
f 1018 1061 1012
f 1050 1062 1063
f 1064 53 593
f 1054 1063 1055
f 1033 1032 991
f 396 395 228
f 1042 690 1033
f 277 265 220
f 320 344 356
f 1032 37 1047
f 999 790 919
f 227 526 555
f 484 1065 482
f 1066 999 1067
f 504 486 500
f 488 291 621
f 233 664 663
f 260 234 678
f 276 767 831
f 290 287 286
f 555 526 547
f 1068 843 730
f 186 208 207
f 1033 690 1004
f 314 1068 730
f 769 256 272
f 272 770 769
f 163 146 156
f 35 1033 1004
f 843 834 833
f 772 990 773
f 481 462 359
f 888 1030 1069
f 746 1045 1044
f 1070 1071 1072
f 1073 1059 1060
f 277 276 831
f 331 345 396
f 1074 1075 54
f 626 526 530
f 832 834 1076
f 600 1036 601
f 337 166 1046
f 1077 1078 349
f 1077 349 684
f 1059 1079 1044
f 529 550 246
f 326 334 238
f 327 238 312
f 919 790 909
f 385 70 69
f 1029 878 814
f 234 679 678
f 1080 523 474
f 697 1081 698
f 936 918 935
f 631 366 688
f 326 336 352
f 1059 1082 1083
f 1084 823 837
f 314 259 1068
f 1085 1077 684
f 918 936 1037
f 276 275 662
f 599 1086 866
f 867 1087 1088
f 1081 697 1089
f 1090 1091 1092
f 276 662 675
f 318 317 311
f 552 983 553
f 1093 1081 1089
f 152 1060 1023
f 301 697 1094
f 240 313 312
f 977 1003 1008
f 169 158 153
f 890 1095 1096
f 890 1096 891
f 1097 1098 1079
f 1098 1097 637
f 583 782 257
f 528 490 491
f 294 605 576
f 312 320 327
f 1072 689 1099
f 273 1015 821
f 349 348 683
f 1079 1083 1097
f 1100 1101 1102
f 1103 301 300
f 1104 1105 1106
f 1100 1102 1107
f 1108 695 832
f 223 866 224
f 737 736 727
f 1068 259 658
f 505 828 506
f 338 353 300
f 1109 1107 1102
f 783 773 990
f 314 260 259
f 1028 770 340
f 548 131 108
f 1106 1110 1104
f 541 620 543
f 1085 684 609
f 1085 609 608
f 950 1057 1055
f 1110 1102 1104
f 1111 1112 1113
f 1114 1082 1075
f 1106 1115 1110
f 1116 1117 1081
f 798 1042 425
f 1118 1080 474
f 1081 1117 715
f 1119 1063 1062
f 360 1120 718
f 360 718 309
f 1050 523 1121
f 170 956 179
f 1062 1050 1121
f 1122 1123 1124
f 1110 1125 1109
f 1125 1126 1109
f 1126 1127 1128
f 853 671 1129
f 1101 1089 1102
f 613 368 921
f 1060 152 1073
f 1055 1119 938
f 1124 1123 1084
f 1130 1131 523
f 353 241 1132
f 972 1133 937
f 1121 1119 1062
f 979 1013 1134
f 1105 301 1106
f 1080 1135 1130
f 1136 1130 1135
f 1133 1137 943
f 1138 1139 1118
f 943 1137 1140
f 243 261 1141
f 1130 1121 1131
f 1121 1142 1119
f 1071 917 1043
f 1121 1143 1142
f 1074 1114 1075
f 1144 1145 1124
f 1055 938 950
f 771 784 783
f 1146 1147 1148
f 990 775 255
f 919 1037 1000
f 54 53 1064
f 1079 1098 1044
f 690 692 1004
f 166 180 165
f 1136 1149 1121
f 1150 1115 1132
f 993 1151 782
f 1152 824 1123
f 1000 1067 999
f 972 1153 1154
f 1155 1144 1084
f 1075 66 54
f 1114 1074 1097
f 1153 939 1142
f 839 557 1156
f 1157 975 1158
f 1159 1160 1161
f 1162 1163 1164
f 1071 1070 462
f 1122 1124 1145
f 1088 1084 1165
f 1063 1054 1052
f 774 821 772
f 311 317 320
f 1128 1166 1167
f 993 1168 1151
f 1169 1100 1107
f 1107 1170 1169
f 821 774 1026
f 1135 1139 1171
f 895 924 933
f 132 131 136
f 1098 637 639
f 1172 1173 1174
f 1154 1112 1175
f 1080 1176 1135
f 1177 1113 1178
f 1179 1180 638
f 1116 1093 1181
f 894 948 893
f 1182 1168 1183
f 1126 1125 1127
f 1184 1185 1186
f 273 775 1015
f 1088 1165 867
f 1125 1110 1187
f 1188 975 1157
f 1175 1140 1137
f 1156 557 791
f 1100 1189 1101
f 1176 1139 1135
f 1169 1190 1100
f 593 617 1180
f 837 820 819
f 670 309 362
f 1191 1192 1193
f 1028 771 770
f 1130 1136 1121
f 1194 716 611
f 1177 1195 1170
f 1196 1197 1139
f 1118 474 1198
f 1199 1200 1201
f 1132 1141 1202
f 1153 1203 1154
f 1204 1205 1206
f 1103 1106 301
f 1171 1207 1135
f 1164 1113 1112
f 867 841 762
f 1194 611 537
f 1208 1181 1093
f 1087 1155 1088
f 1081 1093 1116
f 939 1153 972
f 1209 1210 1181
f 1190 1211 1189
f 1044 132 1005
f 1190 1212 1211
f 1151 1168 1213
f 1212 1190 1169
f 943 1140 1167
f 1124 1084 1144
f 1214 1151 1215
f 340 1029 1028
f 1139 1197 1171
f 716 1194 1216
f 1171 1197 1207
f 1217 1147 1218
f 1151 1219 1215
f 1203 1112 1154
f 1149 1218 1146
f 1093 1220 1208
f 874 844 833
f 523 1080 1130
f 1181 1173 1209
f 1177 1178 1163
f 1221 1161 1160
f 1216 1026 1222
f 1223 1151 1213
f 745 716 773
f 1189 1224 1093
f 1225 1213 1182
f 1064 1097 1074
f 1053 1226 1050
f 423 425 1042
f 1187 1202 1193
f 1212 1169 1195
f 1215 1141 1214
f 402 1204 403
f 882 860 1227
f 1189 1211 1224
f 1196 1139 883
f 1228 1221 1191
f 1229 940 1026
f 1230 1186 1231
f 54 1064 1074
f 1181 1210 1116
f 1199 1211 1212
f 1225 403 1232
f 1233 1186 1227
f 1204 1234 403
f 1224 1220 1093
f 1222 1026 774
f 1233 1227 860
f 1222 773 716
f 1235 1236 1237
f 937 1133 943
f 1163 1238 1195
f 1239 1240 1241
f 1166 1158 943
f 1141 1215 1193
f 820 842 818
f 1234 1242 403
f 654 1231 860
f 1223 1219 1151
f 1172 1230 1231
f 1175 1133 972
f 773 1222 774
f 1243 1244 1245
f 1166 1246 1160
f 1241 1196 1247
f 1206 1234 1204
f 1173 1181 1248
f 940 1229 822
f 1147 1217 1235
f 1179 638 637
f 1216 1222 716
f 1213 1232 1245
f 993 1249 1168
f 1136 1135 1218
f 1112 1140 1175
f 1164 1250 1162
f 1131 1121 523
f 1224 1208 1220
f 975 943 1158
f 1251 1056 1058
f 1239 1185 1252
f 1063 1052 1050
f 1252 1184 1201
f 1146 1218 1147
f 975 942 943
f 1187 1192 1246
f 1118 1176 1080
f 1148 1250 1253
f 1105 1104 1089
f 1254 882 1227
f 1207 1240 1236
f 1162 1238 1163
f 1240 1207 1197
f 678 1065 506
f 1246 1192 1160
f 1197 1241 1240
f 1255 1188 1157
f 1256 1191 1244
f 1186 1257 1254
f 1219 1223 1244
f 671 673 1129
f 716 745 632
f 1234 1206 1258
f 1140 1112 1111
f 1236 1235 1217
f 1205 402 404
f 1193 1215 1219
f 1213 1245 1223
f 1259 397 1260
f 1160 1192 1221
f 1196 1241 1197
f 1219 1244 1191
f 1132 1202 1150
f 1242 1234 1258
f 1153 1142 1143
f 1141 261 1214
f 1217 1218 1135
f 1250 1164 1253
f 1117 1116 1210
f 1261 1262 1263
f 1244 1243 1256
f 1164 1178 1113
f 1253 1203 1146
f 1228 1256 1264
f 402 1205 1204
f 1265 1266 1267
f 1268 1242 1258
f 1097 1180 1179
f 1180 1097 1064
f 1224 1211 1199
f 1189 1100 1190
f 860 1231 1233
f 1241 1247 1269
f 1226 523 1050
f 1270 1230 1172
f 1266 1265 1271
f 1208 1224 1270
f 1044 1098 746
f 1232 1242 1268
f 243 1141 241
f 515 537 611
f 1059 1073 1082
f 1132 1103 353
f 1208 1174 1248
f 1243 1264 1256
f 152 1023 147
f 150 133 144
f 1079 1059 1083
f 1170 1195 1169
f 1272 1267 1258
f 427 478 487
f 1114 1083 1082
f 1173 1248 1174
f 1266 1273 1274
f 1159 1161 1255
f 1159 1158 1166
f 1275 1264 1274
f 841 818 762
f 654 797 1209
f 1270 1224 1199
f 1256 1228 1191
f 877 887 1019
f 301 1105 697
f 1255 1157 1159
f 1005 1023 1044
f 1260 397 362
f 1260 362 1276
f 1027 1073 152
f 1058 1056 1055
f 1128 1127 1166
f 746 1098 639
f 1148 1253 1146
f 1150 1187 1110
f 137 1023 1005
f 1188 1255 1263
f 1226 1053 523
f 1161 1228 1277
f 1153 1146 1203
f 1200 1199 1162
f 1119 939 938
f 1265 1278 1272
f 241 1141 1132
f 1110 1115 1150
f 1208 1270 1174
f 1168 1182 1213
f 1265 1267 1278
f 1267 1272 1278
f 1109 1102 1110
f 1239 1241 1269
f 1227 1186 1254
f 1147 1235 1237
f 1161 1277 1255
f 1238 1212 1195
f 300 353 1103
f 1207 1217 1135
f 1232 403 1242
f 1112 1203 1253
f 1149 1136 1218
f 1185 1239 1269
f 784 745 773
f 1279 1201 1237
f 1106 1103 1115
f 1172 1231 654
f 1146 1143 1149
f 1143 1121 1149
f 1280 1177 1170
f 1109 1170 1107
f 1248 1181 1208
f 1097 1179 637
f 654 1209 1173
f 1221 1228 1161
f 1160 1159 1166
f 1083 1114 1097
f 746 639 638
f 1266 1274 1264
f 1137 1133 1175
f 1143 1146 1153
f 1261 1263 1255
f 1277 1228 1264
f 1183 1225 1182
f 545 860 369
f 677 1065 678
f 1140 1111 1167
f 1225 1232 1213
f 1233 1231 1186
f 1093 1101 1189
f 1252 1185 1184
f 1174 1270 1172
f 1089 1104 1102
f 1275 1261 1255
f 577 647 294
f 1267 1243 1268
f 1187 1193 1192
f 1089 1101 1093
f 1148 1200 1250
f 1252 1240 1239
f 854 749 985
f 1236 1252 1279
f 836 803 530
f 1064 593 1180
f 1177 1280 1113
f 1280 1126 1128
f 1281 1282 1271
f 1191 1221 1192
f 1279 1237 1236
f 1261 1273 1262
f 169 208 175
f 638 1180 617
f 1201 1270 1199
f 1201 1184 1230
f 1186 1185 1257
f 1212 1238 1199
f 1200 1162 1250
f 426 422 486
f 1126 1280 1109
f 1283 266 1039
f 758 757 753
f 1277 1264 1275
f 1119 1055 1063
f 303 304 284
f 1176 1118 1139
f 1132 1115 1103
f 1207 1236 1217
f 1269 1254 1185
f 1243 1245 1268
f 1253 1164 1112
f 1245 1244 1223
f 1246 1166 1125
f 1113 1280 1111
f 654 1173 1172
f 1201 1279 1252
f 712 222 815
f 1230 1184 1186
f 1163 1195 1177
f 131 548 133
f 1257 1185 1254
f 1148 1201 1200
f 1201 1230 1270
f 1199 1238 1162
f 1201 1148 1237
f 1237 1148 1147
f 1175 972 1154
f 1119 1142 939
f 661 275 222
f 715 698 1081
f 1252 1236 1240
f 1049 1053 1050
f 1019 747 877
f 1274 1261 1275
f 1280 1170 1109
f 481 480 703
f 1163 1178 1164
f 1284 1285 1286
f 1287 1288 1289
f 3 1290 1
f 1125 1187 1246
f 1 1288 1291
f 1290 1292 1284
f 1293 1294 1295
f 1290 1288 1
f 1290 1296 1289
f 1297 3 2
f 1295 1298 1293
f 1299 1262 1273
f 1297 1292 3
f 1268 1258 1267
f 1286 1285 1300
f 1296 1294 1301
f 1284 1296 1290
f 610 589 714
f 1294 1296 1302
f 782 1214 261
f 1303 1289 1301
f 1304 1305 1306
f 1307 1282 1308
f 1290 1289 1288
f 1292 1285 1284
f 575 829 859
f 1295 1309 1298
f 874 869 853
f 1281 1271 1310
f 263 482 264
f 1293 1301 1294
f 949 1039 265
f 831 827 949
f 1302 1311 1294
f 1312 1295 1306
f 1303 1301 1313
f 1313 1301 1293
f 829 586 830
f 1294 1311 1295
f 1302 1304 1306
f 1301 1289 1296
f 1068 834 843
f 1298 1313 1293
f 1298 1314 1313
f 1315 989 1014
f 1311 1302 1306
f 1295 1311 1306
f 1305 1316 1306
f 853 1129 873
f 1286 1315 1284
f 1316 1312 1306
f 1314 1303 1313
f 1266 1271 1282
f 1309 1314 1298
f 790 1066 791
f 1165 819 841
f 660 591 590
f 1243 1267 1264
f 1295 1312 1309
f 1290 3 1292
f 1202 1141 1193
f 1111 1280 1128
f 1317 1318 198
f 1317 198 709
f 260 678 828
f 694 870 695
f 1219 1191 1193
f 1282 1307 1273
f 876 1019 887
f 1167 1111 1128
f 564 348 347
f 1245 1232 1268
f 1151 1214 782
f 740 750 877
f 858 857 673
f 1319 809 374
f 1039 1041 1283
f 1150 1202 1187
f 1125 1166 1127
f 1266 1264 1267
f 1266 1282 1273
f 376 1319 374
f 1320 1263 1262
f 1255 1277 1275
f 1166 943 1167
f 490 517 478
f 854 805 671
f 1105 1089 697
f 1273 1261 1274
f 1273 1307 1299
f 1310 1271 1265
f 1158 1159 1157
f 1040 1041 1039
f 1249 993 469
f 1006 836 872
f 615 368 613
f 794 1321 1322
f 1183 1249 1323
f 1324 1183 1323
f 1323 469 1325
f 343 342 857
f 325 1325 469
f 403 1225 1183
f 1324 1326 1183
f 1323 1325 1327
f 253 470 262
f 1183 1326 403
f 1327 1324 1323
f 553 983 981
f 592 1327 1325
f 1324 1327 1326
f 524 829 575
f 888 1069 645
f 869 874 833
f 403 1326 404
f 1323 1249 469
f 1328 519 1329
f 325 592 1325
f 224 855 985
f 1329 519 1330
f 1328 1327 592
f 1331 514 513
f 1330 519 521
f 1000 600 1067
f 872 941 1332
f 824 823 1123
f 1039 266 265
f 1041 1006 1332
f 462 1070 463
f 1326 1327 1328
f 1249 1183 1168
f 404 1326 1328
f 505 602 666
f 404 1328 1329
f 348 876 694
f 519 1328 592
f 1251 1058 1333
f 1251 1333 1334
f 258 658 259
f 1335 1251 1334
f 1336 1092 1337
f 1058 1338 1333
f 1006 872 1332
f 848 845 1336
f 1339 1336 1337
f 258 260 665
f 1337 1340 1339
f 1340 1333 1339
f 599 830 586
f 1341 1342 1338
f 1343 1320 1344
f 1339 1345 1336
f 1341 955 1346
f 1347 1339 1333
f 672 726 732
f 1299 1348 1344
f 1345 1339 1349
f 949 277 831
f 647 646 700
f 1349 1339 1347
f 208 174 209
f 559 528 547
f 762 818 763
f 60 62 908
f 935 917 481
f 1350 1349 1347
f 1347 1343 1350
f 1342 1341 1346
f 825 871 941
f 1347 1333 1338
f 361 1038 198
f 1351 1342 1346
f 1343 1351 1188
f 506 1065 912
f 1343 1342 1351
f 985 855 854
f 1334 1340 1335
f 869 833 695
f 1341 1057 950
f 1040 944 1006
f 1349 1350 1348
f 1188 1351 1352
f 779 1353 780
f 848 1345 1354
f 1355 1299 1308
f 1343 1188 1320
f 1356 1357 1358
f 1352 975 1188
f 1299 1355 1348
f 1320 1188 1263
f 1348 1345 1349
f 1359 1291 1360
f 955 975 1352
f 1345 1348 1354
f 1057 1341 1338
f 1348 1355 1354
f 1361 610 1362
f 1363 1364 1365
f 955 1352 1346
f 1366 1367 1368
f 859 572 575
f 1348 1350 1344
f 1338 1342 1347
f 1056 1369 1054
f 1346 1352 1351
f 1340 1370 1335
f 661 222 712
f 1338 1058 1057
f 174 169 164
f 738 747 572
f 868 1087 867
f 1123 1122 1152
f 1336 1345 848
f 642 589 591
f 1299 1307 1308
f 605 294 513
f 1123 823 1084
f 1347 1342 1343
f 746 364 1371
f 1333 1340 1334
f 98 102 116
f 658 258 669
f 559 626 560
f 791 557 556
f 613 921 614
f 950 955 1341
f 1262 1299 1344
f 1372 376 973
f 70 635 715
f 1344 1320 1262
f 1165 1084 837
f 520 704 705
f 376 1372 1373
f 368 615 1374
f 841 867 1165
f 1088 1155 1084
f 845 1092 1336
f 1344 1350 1343
f 819 1165 837
f 1019 876 564
f 875 726 728
f 592 325 324
f 1210 797 1117
f 148 136 149
f 828 505 665
f 800 712 815
f 876 348 564
f 623 605 604
f 515 605 513
f 750 749 869
f 714 1375 1362
f 714 1362 610
f 682 348 694
f 1376 1061 1018
f 699 651 824
f 699 824 1377
f 1377 1378 699
f 521 1378 1379
f 1330 521 1379
f 824 1152 1377
f 1380 1378 1377
f 629 800 676
f 1381 1375 714
f 1382 1380 1377
f 1378 1380 1383
f 561 620 541
f 1329 1379 1384
f 1382 1152 1385
f 1385 1386 1382
f 1380 1382 1383
f 1379 1383 1387
f 1388 1383 1382
f 1379 1387 1384
f 1389 1384 1387
f 1388 1387 1383
f 1384 1390 1329
f 1076 660 590
f 168 167 182
f 594 595 371
f 1388 1389 1387
f 1108 832 1076
f 1382 1386 1391
f 1386 1392 1391
f 1388 1391 1393
f 1390 1389 1394
f 1389 1388 1393
f 258 665 669
f 1272 1258 1394
f 1310 1265 1272
f 1379 1329 1330
f 1395 1310 1272
f 239 335 333
f 1395 1272 1394
f 1281 1396 1397
f 1393 1398 1394
f 175 111 158
f 1394 1398 1395
f 1399 851 1354
f 1281 1397 1282
f 1355 1399 1354
f 1396 1400 1401
f 1402 1403 1404
f 1405 864 852
f 1401 1406 1405
f 1405 1406 864
f 1407 1408 1409
f 315 288 226
f 1410 1411 1403
f 695 1108 682
f 345 394 396
f 1401 1412 1406
f 484 483 653
f 139 140 127
f 589 1108 590
f 1406 862 864
f 559 527 528
f 641 1413 890
f 178 167 157
f 517 487 478
f 98 95 102
f 313 303 311
f 641 891 714
f 283 912 484
f 94 89 86
f 602 640 642
f 659 658 669
f 1108 589 609
f 1414 1415 1416
f 1417 916 1418
f 1051 1419 1049
f 496 123 122
f 174 176 209
f 283 282 912
f 682 1108 609
f 383 231 289
f 912 911 506
f 264 1065 677
f 1420 1421 1422
f 106 124 129
f 591 660 659
f 154 172 135
f 115 132 104
f 712 800 629
f 1423 282 281
f 800 663 676
f 590 1108 1076
f 221 267 263
f 658 660 834
f 640 602 512
f 602 642 666
f 659 642 591
f 458 349 1078
f 1424 1425 1426
f 1427 1400 1398
f 63 978 984
f 1045 1428 1429
f 161 1430 934
f 1431 1432 1433
f 1007 963 962
f 971 375 959
f 862 1434 861
f 1435 132 1429
f 1285 1422 1300
f 1416 1436 1437
f 1415 1414 1438
f 1259 1439 43
f 1259 43 397
f 839 921 557
f 634 433 1322
f 711 710 1440
f 1032 35 37
f 564 566 1019
f 44 201 45
f 1401 1405 1308
f 1129 673 873
f 1441 1372 973
f 1422 1442 1420
f 1285 1443 1444
f 951 551 553
f 1445 1446 1447
f 659 666 642
f 570 571 587
f 570 587 572
f 1061 1376 1448
f 1437 1449 1450
f 1451 1016 1018
f 224 865 735
f 1072 556 689
f 1422 1444 1452
f 524 586 829
f 579 532 480
f 727 726 805
f 1011 1451 1018
f 1453 1016 1451
f 1450 863 861
f 1454 673 672
f 1455 1450 1449
f 980 992 553
f 700 294 647
f 1365 1052 1369
f 1415 1438 1456
f 1025 60 998
f 1134 630 980
f 374 976 959
f 1450 1455 863
f 1452 1457 1458
f 952 991 1032
f 1152 1382 1377
f 1459 1452 1444
f 1419 1051 1365
f 1452 1459 1460
f 980 979 1134
f 1449 1458 1457
f 1096 1381 714
f 1096 714 891
f 427 330 329
f 1408 1461 1462
f 276 649 767
f 1414 1411 1410
f 1463 1455 1449
f 1457 1452 1460
f 1457 1463 1449
f 511 282 1423
f 1464 779 499
f 1465 849 847
f 498 1464 499
f 1460 1459 1297
f 83 104 1462
f 1045 1466 1428
f 1012 1011 1018
f 1467 1468 2
f 1416 1450 861
f 201 200 670
f 646 1453 1451
f 797 1002 1117
f 532 701 480
f 1043 556 1072
f 601 1036 361
f 685 1374 686
f 577 447 647
f 1469 973 970
f 1043 917 919
f 838 820 837
f 1072 1071 1043
f 1061 1331 1012
f 885 1196 883
f 1374 615 686
f 1002 205 715
f 1356 882 1357
f 982 687 979
f 1031 732 875
f 700 1451 1011
f 82 1470 1471
f 199 198 1318
f 196 1120 360
f 196 360 197
f 310 309 717
f 1367 1460 1468
f 1451 700 646
f 848 1354 851
f 1446 1090 1447
f 936 702 710
f 1472 1473 1409
f 968 532 579
f 968 579 655
f 1048 551 952
f 1036 1038 361
f 367 558 921
f 657 631 688
f 908 687 982
f 908 643 685
f 651 964 838
f 952 992 991
f 368 1069 1030
f 685 687 908
f 751 740 739
f 60 908 982
f 673 1454 858
f 1474 884 883
f 823 651 838
f 1357 1247 1475
f 840 921 839
f 614 811 615
f 370 546 369
f 1002 713 1001
f 1475 1247 1196
f 323 274 1476
f 1117 1002 715
f 685 643 1374
f 1138 1198 1477
f 1358 1409 1473
f 1478 1479 1480
f 874 731 844
f 734 1454 672
f 481 1071 462
f 790 792 909
f 1397 1308 1282
f 1138 1474 1139
f 1434 1411 1414
f 513 294 293
f 484 912 1065
f 670 362 45
f 558 631 657
f 1413 641 640
f 660 1076 834
f 702 936 703
f 507 911 282
f 1066 1067 795
f 151 142 165
f 834 1068 658
f 500 486 487
f 151 170 157
f 253 247 323
f 1477 1481 1482
f 191 209 176
f 518 329 228
f 282 511 510
f 500 244 522
f 469 583 470
f 1468 1460 1297
f 264 482 1065
f 111 152 158
f 208 177 175
f 108 131 115
f 473 467 1483
f 133 149 131
f 481 917 1071
f 156 146 145
f 607 610 1361
f 273 1484 274
f 1094 696 302
f 1196 885 1475
f 976 374 965
f 132 136 138
f 160 335 352
f 497 526 485
f 1099 1070 1072
f 1198 474 473
f 367 921 368
f 114 144 118
f 236 210 237
f 427 487 391
f 609 683 682
f 1461 84 83
f 309 200 360
f 1485 1363 1365
f 1486 668 14
f 630 1134 250
f 679 268 264
f 1091 1370 1092
f 507 506 911
f 669 666 659
f 668 1486 445
f 303 313 240
f 1487 1488 1489
f 996 1490 432
f 722 350 286
f 374 809 965
f 1049 1491 1053
f 1409 1358 1407
f 1462 1409 1408
f 686 811 812
f 446 1486 1431
f 532 531 707
f 532 707 701
f 965 808 976
f 1284 1315 1014
f 1467 2 1
f 1398 1396 1395
f 801 218 788
f 1069 368 1374
f 1475 1408 1407
f 1435 104 132
f 917 935 918
f 292 700 1011
f 857 342 731
f 296 295 603
f 1037 919 918
f 696 1094 697
f 1492 1493 1494
f 752 754 1495
f 1000 1036 600
f 1496 1479 1497
f 223 599 866
f 301 1094 302
f 1385 1152 1122
f 995 996 1498
f 1340 1337 1370
f 1499 1457 1460
f 1037 1036 1000
f 540 596 538
f 1002 797 713
f 1429 363 1500
f 862 1406 1412
f 466 1418 1483
f 652 521 705
f 1501 1481 1477
f 63 987 978
f 620 1502 1503
f 543 620 1503
f 1447 1504 1445
f 768 1502 620
f 1385 1122 1505
f 863 1465 847
f 1504 1447 1360
f 1491 1506 1053
f 1444 1443 1297
f 214 540 215
f 202 1507 200
f 64 63 984
f 916 913 1418
f 4 1508 1509
f 1427 1403 1400
f 1357 1269 1247
f 1471 1474 1138
f 1510 1418 466
f 200 1507 600
f 1020 1509 1511
f 986 987 1512
f 1513 389 388
f 48 378 58
f 1514 14 1515
f 430 1516 417
f 1496 1497 779
f 84 1474 1470
f 1510 466 1506
f 59 1517 1518
f 363 1466 1371
f 1479 1478 1497
f 1463 1457 1465
f 1510 1417 1418
f 916 1417 926
f 159 1519 333
f 424 252 598
f 1506 1520 1417
f 1399 1308 1405
f 1401 1308 1397
f 1205 1329 1390
f 1521 1465 1457
f 1514 1486 14
f 636 296 603
f 680 1522 681
f 1520 1506 1491
f 1460 1367 1499
f 1205 1390 1206
f 926 1417 1520
f 1523 1524 1517
f 1506 466 468
f 1499 1525 1526
f 1400 1403 1411
f 1522 186 681
f 1434 1412 1411
f 1486 446 445
f 1522 384 1518
f 1464 498 1527
f 177 1524 1528
f 852 851 1405
f 1529 1519 934
f 1520 953 926
f 1530 1520 1531
f 473 1477 1198
f 863 1463 1465
f 597 786 195
f 84 884 1474
f 431 1532 1498
f 432 431 1498
f 87 1519 1529
f 1533 1534 1048
f 1528 112 177
f 634 787 633
f 64 1532 65
f 1517 1524 187
f 1512 63 1535
f 1536 1512 1535
f 1049 1419 1491
f 1522 1517 187
f 9 1009 20
f 1518 384 59
f 323 247 274
f 88 1519 87
f 646 1537 1453
f 159 934 1519
f 316 1519 383
f 1360 1291 1504
f 67 390 432
f 1521 1457 1499
f 186 1522 187
f 5 1020 1022
f 1453 1537 1538
f 1519 229 383
f 1443 1285 1292
f 1490 67 432
f 229 1519 373
f 53 958 69
f 384 1522 1539
f 378 229 373
f 986 920 987
f 1287 1291 1288
f 1536 399 1540
f 81 80 1541
f 1532 431 65
f 384 1539 41
f 1527 498 451
f 1524 177 187
f 1542 1010 9
f 404 1329 1205
f 1512 1536 986
f 65 1535 63
f 41 1539 42
f 1543 1431 1514
f 455 229 378
f 1519 316 333
f 1544 1073 76
f 687 954 1013
f 229 455 1539
f 1073 1027 76
f 455 42 1539
f 1545 76 1027
f 1517 1522 1518
f 1424 1538 1537
f 708 1317 709
f 373 1519 88
f 399 49 1540
f 19 20 817
f 617 618 638
f 431 390 1546
f 65 1546 1535
f 1291 1359 1467
f 399 1536 1547
f 1548 596 954
f 23 439 1523
f 434 786 597
f 923 957 897
f 40 42 1009
f 1010 1542 1021
f 1549 1424 1426
f 1359 1550 1467
f 974 1532 64
f 1038 709 198
f 1498 1532 995
f 432 1498 996
f 34 28 27
f 1551 813 634
f 1134 1013 250
f 1010 40 1009
f 1521 1499 1526
f 1431 1543 1552
f 1424 1549 1538
f 1553 7 418
f 11 440 1516
f 76 1545 74
f 1524 75 1528
f 1516 430 1554
f 1543 49 51
f 460 12 1555
f 112 1528 74
f 1541 80 428
f 415 1430 79
f 691 235 1556
f 1553 1557 7
f 1558 1559 1560
f 41 40 1561
f 1526 850 849
f 88 18 58
f 237 219 1562
f 1563 1513 4
f 1550 1368 1467
f 1564 1555 12
f 1548 806 597
f 24 68 1565
f 9 8 1559
f 1560 8 1557
f 1531 1566 1530
f 378 379 455
f 1276 362 1024
f 806 435 434
f 839 795 1322
f 1561 1511 1565
f 273 822 1484
f 987 63 1512
f 1567 1568 321
f 1075 1082 1569
f 1564 1554 1534
f 1383 1379 1378
f 1561 1020 1511
f 812 806 1548
f 253 325 470
f 693 1356 1473
f 86 1482 1570
f 44 43 1571
f 1321 634 1322
f 1563 29 31
f 1321 1551 634
f 52 67 1490
f 1378 521 699
f 1404 1403 1427
f 816 20 379
f 1566 1531 1419
f 596 1548 597
f 1544 76 1572
f 36 27 26
f 1367 1366 1499
f 954 812 1548
f 67 52 54
f 1402 1410 1403
f 1563 4 1573
f 1574 461 416
f 1437 1450 1416
f 1575 1061 1448
f 806 840 435
f 967 986 969
f 1559 8 1560
f 790 999 1066
f 235 1562 1556
f 1565 1511 24
f 1551 1321 1576
f 596 250 1013
f 1577 1524 1523
f 460 1555 26
f 811 614 806
f 861 1434 1416
f 508 448 953
f 1447 1359 1360
f 1021 1542 1022
f 1429 1428 1466
f 744 612 632
f 614 840 806
f 1366 1368 1550
f 19 410 418
f 1578 1576 1321
f 794 1322 795
f 1425 1432 1431
f 1422 1421 1300
f 1534 1533 1564
f 46 73 72
f 1579 1580 1091
f 1425 456 1426
f 204 71 205
f 1027 111 1545
f 22 934 21
f 1580 1579 1581
f 1509 1508 1511
f 1582 757 759
f 1583 1535 1546
f 1500 1472 1429
f 1370 1091 1580
f 1542 1559 1584
f 1545 111 74
f 756 1585 754
f 1048 1586 1025
f 1370 1580 1335
f 5 1509 1020
f 1536 969 986
f 1251 1581 1056
f 1581 1335 1580
f 1434 1414 1416
f 44 321 201
f 1583 1547 1536
f 1587 1581 1579
f 1335 1581 1251
f 41 1565 68
f 701 703 480
f 1530 534 508
f 386 958 996
f 1433 446 1431
f 1474 1471 1470
f 1364 1419 1365
f 1414 1410 1438
f 51 1552 1543
f 1588 1589 1544
f 796 1578 794
f 1568 796 1507
f 1366 1525 1499
f 1486 1514 1431
f 693 1473 1472
f 1082 1589 1569
f 791 1066 1156
f 842 838 964
f 477 1363 1527
f 1550 1447 1525
f 7 1557 8
f 1473 1356 1358
f 205 1001 206
f 1441 973 1469
f 360 361 197
f 670 45 201
f 752 758 753
f 1461 885 884
f 1516 12 11
f 1433 646 446
f 579 480 359
f 909 556 1043
f 1156 795 839
f 1511 25 24
f 418 1590 1553
f 1591 1584 1558
f 381 915 14
f 856 850 1526
f 457 1022 1592
f 1525 1366 1550
f 1048 1025 551
f 1472 104 1435
f 476 534 1566
f 461 417 416
f 430 417 428
f 1485 1369 1496
f 1477 1471 1138
f 1022 6 5
f 31 1593 1594
f 1452 1442 1422
f 1434 862 1412
f 1412 1401 1411
f 429 80 1586
f 1517 59 23
f 1365 1369 1485
f 1508 1513 25
f 1398 1400 1396
f 1357 882 1254
f 1435 1429 1472
f 936 709 1037
f 953 448 554
f 1409 1462 1472
f 72 393 46
f 1562 235 237
f 1090 1526 1525
f 978 987 957
f 86 82 1482
f 1520 1530 953
f 1090 856 1526
f 401 50 49
f 1092 845 856
f 1572 1588 1544
f 212 211 502
f 435 839 433
f 1483 1418 947
f 1291 1467 1
f 1568 1578 796
f 1534 1554 1586
f 1567 1578 1568
f 1591 1592 1584
f 82 1471 1477
f 1552 1425 1431
f 1579 1595 1487
f 1425 1424 1432
f 795 1067 796
f 428 1596 1541
f 21 1430 415
f 447 446 646
f 1596 428 461
f 1546 390 1494
f 410 817 409
f 1021 40 1010
f 801 807 1597
f 87 1529 1598
f 400 389 1593
f 1584 1022 1542
f 1592 1591 1599
f 418 392 1590
f 1516 1554 12
f 21 440 11
f 49 1515 1540
f 20 816 817
f 1310 1395 1396
f 82 1477 1482
f 1500 363 693
f 849 1521 1526
f 1461 1408 1475
f 1393 1427 1398
f 1505 1386 1385
f 1600 1496 1464
f 1415 1456 1436
f 31 30 50
f 1566 1419 1364
f 1547 1546 387
f 635 636 603
f 1485 1496 1600
f 622 576 605
f 1269 1357 1254
f 1501 947 1570
f 73 17 16
f 1531 1520 1491
f 1461 884 84
f 1475 1407 1357
f 1418 913 947
f 970 1601 1469
f 1566 534 1530
f 1579 1091 1595
f 1401 1400 1411
f 451 477 1527
f 788 785 807
f 1430 21 934
f 1139 1474 883
f 23 1523 1517
f 1600 1363 1485
f 132 1045 1429
f 1417 1510 1506
f 1466 363 1429
f 1356 693 882
f 1446 1602 1090
f 293 1011 513
f 1206 1394 1258
f 1489 1603 1587
f 1053 1506 468
f 1118 1198 1138
f 1481 1570 1482
f 1468 1297 2
f 1570 94 86
f 1477 473 1501
f 1045 746 1466
f 1554 429 1586
f 1363 477 1364
f 25 1604 439
f 461 1574 1605
f 1513 1604 25
f 1581 1369 1056
f 966 967 969
f 1605 1574 1606
f 1422 1285 1444
f 1500 693 1472
f 947 94 1570
f 1454 734 1607
f 1608 1606 1609
f 984 56 55
f 1559 1558 1584
f 1541 1610 81
f 1529 934 22
f 72 28 33
f 75 74 1528
f 1610 1541 1611
f 1608 1611 1596
f 1612 1613 542
f 1612 543 1503
f 1614 61 81
f 418 7 19
f 973 376 375
f 1609 1613 1615
f 1469 1601 1616
f 1608 461 1605
f 1617 1612 1503
f 1609 1618 1619
f 1086 1620 865
f 388 1604 1513
f 1570 1481 1501
f 1612 1621 1613
f 1609 1619 1622
f 1608 1605 1606
f 1613 1621 1615
f 746 1371 1466
f 1617 1621 1612
f 1467 1368 1468
f 1389 1393 1394
f 1622 1623 1610
f 954 596 1013
f 1622 1619 1624
f 631 367 366
f 1011 293 292
f 1611 1608 1609
f 4 6 1573
f 1503 1625 1617
f 20 42 455
f 603 302 696
f 644 1614 889
f 601 361 200
f 1513 1563 1594
f 1626 1627 1617
f 1628 1629 1630
f 1623 889 1614
f 889 1631 888
f 1632 1621 1627
f 78 1613 1606
f 599 463 1633
f 1634 1635 1624
f 689 688 1099
f 457 1592 1599
f 457 1599 456
f 390 66 1492
f 1075 1492 66
f 447 577 668
f 839 1322 433
f 624 576 622
f 520 705 521
f 1618 1636 1637
f 1615 1636 1618
f 1614 644 61
f 1623 1622 1635
f 1638 1634 1637
f 1620 735 865
f 1639 1636 1632
f 1627 733 1640
f 1641 1642 1631
f 1622 1624 1635
f 1621 1632 1636
f 733 732 1031
f 1031 1640 733
f 889 1643 1631
f 635 603 696
f 719 1440 710
f 719 710 702
f 1643 1634 1631
f 1321 794 1578
f 465 598 252
f 1644 1634 1638
f 992 980 423
f 1611 1541 1596
f 795 1156 1066
f 1638 1639 1629
f 1639 1640 1645
f 1640 1031 1645
f 1623 81 1610
f 1634 1624 1619
f 1631 1642 888
f 323 1476 324
f 1644 1638 1641
f 1633 1070 1099
f 1415 1436 1416
f 1635 1634 1643
f 1620 1086 1646
f 728 1645 1031
f 964 652 842
f 1641 1631 1644
f 1617 1627 1621
f 1634 1619 1618
f 1637 1639 1638
f 1609 1606 1613
f 1627 1640 1632
f 1631 1634 1644
f 1634 1618 1637
f 1647 1648 1642
f 461 1608 1596
f 366 1030 1648
f 727 736 1649
f 691 690 1042
f 849 1465 1521
f 1621 1636 1615
f 1629 1628 1641
f 1642 1641 1647
f 1628 1649 735
f 1209 797 1210
f 1645 1629 1639
f 366 1646 688
f 1649 728 727
f 1647 1641 1628
f 1629 1645 1630
f 1388 1382 1391
f 1642 1648 888
f 1086 1099 1646
f 1070 1633 463
f 1639 1632 1640
f 735 1649 736
f 688 1646 1099
f 1604 388 1493
f 1612 542 543
f 1623 1635 1643
f 1563 31 1594
f 1607 733 1626
f 1650 1647 1628
f 1647 366 1648
f 645 1374 643
f 82 84 1470
f 1620 1650 1628
f 42 20 1009
f 1648 1030 888
f 1614 81 1623
f 542 1613 78
f 1611 1609 1622
f 26 28 73
f 1630 1649 1628
f 1650 1620 1646
f 1607 734 733
f 1525 1447 1090
f 232 731 342
f 302 603 355
f 1092 1370 1337
f 1374 645 1069
f 1625 1626 1617
f 80 429 428
f 79 1574 416
f 513 1012 1331
f 1511 1508 25
f 1622 1610 1611
f 1576 1578 1567
f 343 858 1651
f 1620 1628 735
f 1633 1099 1086
f 1652 1453 1538
f 1627 1626 733
f 1650 1646 1647
f 314 730 232
f 12 1554 1564
f 33 377 393
f 1594 389 1513
f 1569 1493 1492
f 599 1633 1086
f 1606 1574 78
f 1507 796 600
f 1310 1396 1281
f 728 1649 1630
f 460 16 10
f 1647 1646 366
f 1086 865 866
f 1630 1645 728
f 1368 1367 1468
f 1589 1073 1544
f 1602 1446 1445
f 1532 974 960
f 6 1022 457
f 1090 1092 856
f 1629 1641 1638
f 1618 1609 1615
f 364 363 1371
f 863 1455 1463
f 475 77 79
f 1623 1643 889
f 1637 1636 1639
f 880 920 966
f 1515 915 994
f 78 1574 79
f 1564 1533 1555
f 416 415 79
f 1653 1573 6
f 796 1067 600
f 388 387 1493
f 55 974 64
f 1515 14 915
f 1603 1654 1480
f 57 974 55
f 26 1555 37
f 994 903 969
f 816 48 46
f 439 1577 1523
f 1048 1047 1533
f 1459 1444 1297
f 1091 1602 1595
f 440 417 1516
f 1447 1550 1359
f 1091 1090 1602
f 1655 439 1604
f 1489 1488 1603
f 1487 1489 1579
f 456 1653 6
f 1603 1480 1587
f 1425 1552 30
f 1492 1075 1569
f 1598 11 10
f 1025 1586 60
f 400 399 1547
f 994 969 1540
f 1587 1579 1489
f 46 393 409
f 75 1524 1577
f 1587 1656 1657
f 40 1020 1561
f 1478 1480 1654
f 69 386 385
f 1419 1531 1491
f 1656 1587 1480
f 51 30 1552
f 1430 475 79
f 1530 508 953
f 1493 1569 1604
f 1566 1364 477
f 1655 1604 1569
f 1442 1452 1458
f 1399 1355 1308
f 1593 31 50
f 1297 1443 1292
f 1656 1480 1479
f 387 389 1547
f 1433 1432 1537
f 1509 5 4
f 1353 1497 1478
f 1399 1405 851
f 50 400 1593
f 1353 779 1497
f 380 13 742
f 1490 996 52
f 1592 1022 1584
f 29 1563 1573
f 960 995 1532
f 1577 1655 75
f 384 41 68
f 1396 1401 1397
f 1569 1588 1655
f 1483 1501 473
f 475 1430 161
f 387 1494 1493
f 400 1547 389
f 1534 1586 1048
f 1433 1537 646
f 431 1546 65
f 1573 1653 29
f 1529 22 1598
f 75 1655 1572
f 1507 202 321
f 80 61 1586
f 1494 387 1546
f 1424 1537 1432
f 1546 1547 1583
f 400 50 401
f 456 1425 30
f 418 410 393
f 542 78 77
f 1514 49 1543
f 55 64 984
f 1426 456 1599
f 1535 1583 1536
f 213 215 502
f 742 13 15
f 390 1492 1494
f 389 1594 1593
f 1572 76 75
f 1568 1507 321
f 1588 1572 1655
f 1581 1587 1657
f 30 29 1653
f 1462 104 1472
f 401 49 399
f 1656 1479 1496
f 61 60 1586
f 1386 1505 1392
f 1656 1496 1657
f 1464 1496 779
f 1588 1569 1589
f 410 19 817
f 1461 83 1462
f 1515 994 1540
f 1533 37 1555
f 1369 1052 1054
f 37 1533 1047
f 1020 40 1021
f 466 1483 467
f 1600 1527 1363
f 1658 1659 1660
f 1565 41 1561
f 1390 1394 1206
f 1661 1662 1658
f 1542 9 1559
f 1663 1664 1665
f 33 28 34
f 1527 1600 1464
f 1666 1659 1658
f 1667 1668 1669
f 1661 1670 1671
f 1461 1475 885
f 988 1315 1286
f 759 1658 1660
f 434 433 633
f 1658 1662 1666
f 1662 1661 1671
f 1585 1672 1673
f 754 1673 1495
f 759 1661 1658
f 1666 1662 1456
f 1662 1437 1436
f 409 816 46
f 1674 1671 1675
f 1674 1676 1449
f 1660 1582 759
f 1536 1540 969
f 49 1514 1515
f 48 816 379
f 644 62 61
f 1677 1678 1679
f 1680 1420 1442
f 1681 1456 1438
f 1679 962 961
f 1667 758 752
f 206 1001 713
f 954 687 686
f 1082 1073 1589
f 456 30 1653
f 1453 1652 1016
f 73 46 17
f 1680 1674 1664
f 1369 1657 1496
f 373 58 378
f 961 988 1679
f 1625 1607 1626
f 477 476 1566
f 1625 1651 1607
f 1286 1300 988
f 759 758 1661
f 1681 1666 1456
f 1300 1677 988
f 1681 1402 1666
f 1673 1682 1495
f 1651 1625 1503
f 1502 768 729
f 1662 1436 1456
f 1672 1585 1601
f 664 768 619
f 962 1683 1007
f 1684 970 1007
f 1685 1686 1687
f 1667 1661 758
f 1421 1677 1300
f 729 343 1651
f 1681 1410 1402
f 858 1454 1651
f 1651 1502 729
f 1688 1683 962
f 1688 1007 1683
f 1679 1678 962
f 1684 1682 1673
f 1673 754 1585
f 1678 1685 1688
f 1685 1678 1686
f 1007 1682 1684
f 1007 1688 1682
f 1663 1677 1421
f 1438 1410 1681
f 1458 1680 1442
f 1502 1651 1503
f 664 729 768
f 1663 1686 1678
f 1607 1651 1454
f 1672 1684 1673
f 1052 1365 1051
f 1678 1688 962
f 1421 1680 1663
f 1664 1663 1680
f 1682 1688 1689
f 1501 1483 947
f 1384 1389 1390
f 752 1689 1667
f 1662 1674 1437
f 1407 1358 1357
f 1598 10 87
f 1684 1672 1601
f 1663 1665 1690
f 1663 1678 1677
f 37 36 26
f 1691 1687 1686
f 1662 1671 1674
f 1670 1661 1669
f 966 906 880
f 52 996 958
f 1691 1686 1690
f 4 1513 1508
f 1675 1671 1670
f 1667 1669 1661
f 1691 1668 1687
f 10 16 18
f 1449 1437 1674
f 1669 1690 1665
f 1687 1668 1689
f 22 11 1598
f 1687 1688 1685
f 1687 1689 1688
f 18 87 10
f 1665 1692 1669
f 1495 1682 1689
f 988 1677 1679
f 1668 1667 1689
f 16 460 73
f 1684 1601 970
f 1675 1664 1674
f 1577 439 1655
f 1690 1669 1691
f 1670 1692 1675
f 415 440 21
f 1669 1668 1691
f 1690 1686 1663
f 1676 1674 1680
f 989 1315 988
f 1676 1680 1458
f 1670 1669 1692
f 1692 1665 1675
f 1664 1675 1665
f 1421 1420 1680
f 430 429 1554
f 1449 1676 1458
f 73 460 26
f 1689 752 1495
f 1657 1369 1581
f 393 72 33
f 1693 1694 1695
f 1576 1696 1697
f 1698 1699 1700
f 1701 1702 1703
f 1704 503 1705
f 1706 1707 1708
f 1698 1709 1710
f 1711 1712 1713
f 1714 1715 1716
f 1717 1718 1719
f 1720 1721 1722
f 1723 1724 1719
f 1725 1711 1713
f 1726 1727 1728
f 1729 1719 1718
f 1730 1731 1732
f 1733 1697 1734
f 1735 1736 1699
f 1735 1699 1698
f 1737 1738 1739
f 1737 1739 1740
f 1741 1725 1703
f 1742 1743 1744
f 1745 1746 1747
f 1717 1719 1748
f 1724 1723 1749
f 1750 1551 1576
f 1751 1752 1753
f 1693 1754 1755
f 1756 1694 1757
f 1758 1759 1710
f 1736 1735 1760
f 1744 1761 1762
f 1759 1735 1698
f 1763 1745 1713
f 1711 1725 1764
f 1765 1725 1741
f 1766 1767 1768
f 1769 1765 1770
f 1755 1754 1771
f 1733 1734 1760
f 1448 1772 1575
f 1697 1733 1750
f 1760 1751 1733
f 813 1551 1750
f 1715 1758 1710
f 1735 1759 1758
f 1769 1773 1774
f 1775 1776 1777
f 1773 1778 1779
f 1702 1741 1703
f 1780 1781 1717
f 1782 1783 1784
f 1785 1786 1787
f 1780 1717 1748
f 1749 1788 1724
f 1750 1733 813
f 1789 1758 1715
f 760 723 1790
f 1758 1760 1735
f 1779 1774 1773
f 1791 1782 1792
f 1793 1794 1795
f 1736 1734 1796
f 1765 1741 1770
f 1797 1705 503
f 1753 1798 1799
f 1733 1800 813
f 1758 1789 1760
f 1715 1714 1789
f 1788 1769 1801
f 1774 1801 1769
f 1695 1694 1802
f 1803 1784 1804
f 1805 1806 1807
f 1705 1797 1808
f 1809 1748 1810
f 1757 1694 1811
f 1724 1722 1812
f 1813 1814 1815
f 1816 1814 1813
f 1814 1817 1815
f 1818 1819 1816
f 1820 1821 1822
f 1823 1824 1825
f 1821 1826 1827
f 1828 1829 1830
f 1831 1832 1833
f 1832 1834 1833
f 1751 1835 1800
f 1836 1837 1834
f 1832 1831 1838
f 1839 1840 625
f 1708 1831 1841
f 1834 1837 1842
f 1831 1843 1838
f 1833 1841 1831
f 1708 1841 1706
f 1844 1845 1730
f 1842 1845 1846
f 1846 1834 1842
f 1732 1847 1730
f 1706 1841 1791
f 1834 1846 1833
f 1846 1848 1833
f 1849 1833 1848
f 1731 1850 1851
f 1852 1853 1854
f 1855 1789 1714
f 1730 1847 1844
f 1846 1856 1848
f 1857 1858 1848
f 1783 1782 1791
f 1859 1848 1856
f 1788 1860 1722
f 1790 723 1861
f 1792 1782 1784
f 1862 1863 1864
f 1865 1866 1867
f 1868 1869 1870
f 1871 1781 1862
f 1872 1873 1874
f 1875 1876 1877
f 1448 1878 1772
f 1770 1773 1769
f 1879 1571 1880
f 1696 1796 1697
f 1736 1796 1881
f 1783 1882 1784
f 1883 1884 1885
f 1809 1886 1780
f 1887 1888 1752
f 1799 1835 1751
f 1803 1889 1784
f 1890 1855 1714
f 1891 1800 1835
f 1556 1774 691
f 1745 1703 1713
f 1892 1893 1894
f 1895 1852 1896
f 1788 1749 1764
f 1719 1897 1723
f 1898 1740 1739
f 1888 1753 1752
f 1899 1900 1901
f 1732 1856 1847
f 1851 1850 1902
f 1903 1732 1851
f 1774 1556 1801
f 1810 1748 1724
f 1757 1785 1756
f 1722 1724 1788
f 1701 1703 1745
f 1904 1858 1857
f 1760 1752 1751
f 1809 1810 1905
f 1699 1736 1881
f 1906 1907 1908
f 1722 1721 1812
f 1765 1764 1725
f 1909 1910 1709
f 1835 1911 1912
f 1913 1712 1897
f 1888 1887 1914
f 1879 1696 321
f 1812 1810 1724
f 1899 1890 1915
f 1694 1756 1802
f 1901 1916 1917
f 1901 1867 1899
f 1737 1740 1918
f 1711 1897 1712
f 1919 1867 1917
f 1920 1696 1879
f 1751 1800 1733
f 1786 1921 1787
f 1859 1857 1848
f 1922 1923 1924
f 1562 1801 1556
f 1925 1926 1762
f 1855 1890 1927
f 1728 1777 785
f 1725 1713 1703
f 1928 1929 1930
f 1847 1856 1931
f 1932 1776 1775
f 1933 1934 1935
f 1763 1713 1712
f 43 1924 1571
f 1901 1917 1867
f 1936 1799 1798
f 219 1937 1562
f 1911 1799 1936
f 1698 1909 1709
f 1787 1894 1893
f 787 1891 1912
f 1912 1911 625
f 1938 1888 1914
f 1927 1899 1866
f 1927 1939 1855
f 1726 1940 1727
f 1730 1941 1731
f 1942 1943 1944
f 1721 1720 1945
f 1694 1755 1811
f 1946 1768 1928
f 1720 1937 219
f 1905 1812 1721
f 1913 1947 1794
f 1914 1948 1938
f 1939 1914 1855
f 1939 1927 1866
f 725 1889 1803
f 1899 1915 1900
f 1711 1764 1749
f 1934 1933 1886
f 1934 1905 1945
f 1909 1700 1949
f 1934 1945 1935
f 1860 1937 1720
f 1905 1721 1945
f 1950 1940 1951
f 1723 1711 1749
f 1952 1953 1840
f 1887 1789 1855
f 1860 1720 1722
f 1895 1695 1853
f 1954 1805 1807
f 1923 1881 1920
f 1895 1853 1852
f 1945 801 1597
f 1839 1798 1938
f 1931 1844 1847
f 1921 1811 1755
f 1727 1932 1775
f 1921 1755 1771
f 1748 1719 1724
f 1744 1743 1761
f 1955 1772 1771
f 1954 1956 1955
f 1762 1957 1925
f 1938 1948 1953
f 1948 1939 1958
f 1866 1958 1939
f 1835 1912 1891
f 1912 625 194
f 1887 1760 1789
f 1888 1798 1753
f 1959 1884 1960
f 1961 1940 1726
f 1937 1860 1801
f 1851 1732 1731
f 1895 1804 1693
f 1909 1949 1962
f 1775 1777 1728
f 1949 1963 1942
f 1964 1808 1953
f 1958 1953 1948
f 1839 1911 1936
f 1795 1794 1947
f 1965 1726 1728
f 1966 1716 1715
f 1700 1699 1881
f 1965 1964 1961
f 1767 1766 1967
f 1968 1969 1970
f 1711 1723 1897
f 1971 1972 1973
f 1836 1973 1972
f 1974 1975 1976
f 1977 1978 1979
f 1980 1972 1981
f 1843 1982 1838
f 1903 1851 1902
f 1983 1984 1985
f 1977 1986 842
f 1971 1981 1972
f 1987 1982 1843
f 1986 1977 1979
f 1986 1988 763
f 1970 1836 1989
f 1988 1981 763
f 1982 1981 1971
f 1988 1976 1981
f 1990 1991 1960
f 1597 1992 1935
f 1838 1971 1832
f 1968 1975 1974
f 1981 1976 1980
f 1973 1832 1971
f 842 1986 763
f 1836 1832 1973
f 1993 1988 1979
f 1839 625 1911
f 1993 1979 1978
f 1989 1975 1968
f 1971 1838 1982
f 1989 1972 1975
f 1994 1995 1996
f 1811 1785 1757
f 1981 1987 763
f 1997 1837 1970
f 1989 1968 1970
f 1704 1728 501
f 1974 1976 1993
f 1938 1798 1888
f 1997 1970 1998
f 1597 1935 1945
f 1999 514 1331
f 1980 1976 1975
f 1987 1981 1982
f 1998 1970 1969
f 1726 1965 1961
f 1986 1979 1988
f 1974 1978 1968
f 1993 1976 1988
f 1989 1836 1972
f 1978 1974 1993
f 1975 1972 1980
f 1952 1840 1839
f 1846 1845 1844
f 1776 1597 807
f 627 625 1840
f 1705 1965 1704
f 1764 1765 1788
f 1787 2000 2001
f 1702 1770 1741
f 1891 813 1800
f 1904 1849 1858
f 1952 1839 1938
f 1788 1801 1860
f 1924 1880 1571
f 1795 1761 1793
f 1797 1840 1808
f 1809 1780 1748
f 1939 1948 1914
f 1797 627 1840
f 1898 2002 1740
f 321 44 1879
f 1844 1931 1846
f 1809 1934 1886
f 1938 1953 1952
f 787 813 1891
f 627 1797 503
f 1597 1776 1992
f 1923 1700 1881
f 1965 1705 1964
f 2003 2004 1962
f 1965 1728 1704
f 1953 1808 1840
f 1731 1941 537
f 2005 2006 2007
f 1745 2008 2009
f 1839 1936 1798
f 1018 1017 2010
f 1937 1801 1562
f 1849 1783 1791
f 2011 2012 2013
f 1892 2014 1893
f 1777 1776 807
f 1911 1835 1799
f 2015 1659 2016
f 1727 2017 1932
f 1861 1852 1854
f 1895 1693 1695
f 1905 1934 1809
f 2015 1660 1659
f 2018 2019 2020
f 1728 785 501
f 2015 2016 1582
f 787 1912 193
f 2021 1954 1807
f 1930 1946 1928
f 2022 1947 1718
f 1804 1895 1896
f 1867 1866 1899
f 2020 2023 2024
f 1729 1718 1947
f 1727 1940 1950
f 1908 1943 2025
f 2026 1582 2016
f 1752 1760 1887
f 1776 1932 2017
f 1856 1767 1967
f 1774 1779 1778
f 193 1912 194
f 1710 1759 1698
f 1899 1927 1890
f 1719 1729 1897
f 1728 1727 1775
f 2027 1964 2028
f 1918 1740 2029
f 2014 1743 1742
f 1697 1796 1734
f 1854 2030 1861
f 1856 1903 1767
f 2031 2032 2033
f 2028 1953 1958
f 1734 1736 1760
f 1961 2027 1951
f 1849 1848 1858
f 1659 2034 2035
f 1892 2036 1793
f 2028 1958 1866
f 1765 1769 1788
f 1950 2017 1727
f 1710 1966 1715
f 1861 2030 1790
f 1964 1705 1808
f 1855 1914 1887
f 1660 2015 1582
f 1905 1810 1812
f 1880 1924 1923
f 1799 1751 1753
f 1841 1849 1791
f 1964 1953 2028
f 2037 2038 2039
f 2037 2039 1740
f 1878 2000 1921
f 2040 1908 2025
f 2016 1659 2035
f 801 1945 1720
f 1576 1697 1750
f 2016 2035 2041
f 1964 2027 1961
f 785 1777 807
f 501 503 1704
f 1720 219 801
f 1920 1879 1880
f 1747 1746 2042
f 1942 1922 2025
f 2041 2026 2016
f 1940 1961 1951
f 2043 2031 2033
f 1778 692 1774
f 2000 1878 2044
f 2031 1018 2010
f 2045 2046 2024
f 2043 2044 2031
f 2047 2048 2007
f 1402 2034 1666
f 2044 2043 2000
f 2032 2010 2049
f 2050 2051 2052
f 1601 2013 2012
f 2010 2032 2031
f 2053 2054 1995
f 2055 2032 2049
f 2056 2057 2013
f 2058 2043 2033
f 2033 2047 2058
f 1745 1747 2008
f 2045 2059 2046
f 2026 2041 2060
f 2061 2011 2013
f 1878 1448 2044
f 2062 1916 1883
f 1990 2063 2064
f 2032 2055 2065
f 2033 2032 2065
f 2047 2006 2001
f 2034 2066 2035
f 2013 756 2056
f 1885 1884 1959
f 2067 2068 2030
f 2006 2047 2007
f 1894 2001 2006
f 2069 1951 2027
f 2070 2045 2071
f 2072 2019 2046
f 2041 2073 2060
f 2046 2018 2024
f 2074 2075 2076
f 1666 2034 1659
f 2075 2074 2068
f 2077 2078 1216
f 1776 2079 2080
f 1825 2068 2074
f 2081 1229 1026
f 2078 2077 1998
f 2082 2034 1402
f 2083 868 760
f 2066 2073 2035
f 2078 2081 1026
f 1998 2077 1997
f 2078 1026 1216
f 1990 2064 1991
f 2071 2024 2023
f 2034 1826 2066
f 1969 2081 1998
f 2084 2085 2086
f 2078 1998 2081
f 1997 2087 1837
f 1194 2087 2077
f 2077 1216 1194
f 1941 2088 537
f 1842 1837 1845
f 2089 2088 1941
f 2090 1845 1837
f 2088 2090 2087
f 2087 2090 1837
f 1845 2090 2089
f 2073 2066 1826
f 2077 2087 1997
f 2088 1194 537
f 2089 2090 2088
f 2083 760 2091
f 2088 2087 1194
f 2092 2093 2048
f 2006 2005 2042
f 2093 2005 2007
f 2042 2036 1894
f 514 1850 537
f 2036 2042 1746
f 2092 2094 2008
f 1825 2091 2068
f 1747 2005 2008
f 2035 2073 2041
f 2085 1815 2095
f 1885 2096 2097
f 1701 1745 2009
f 2001 2000 2058
f 2005 2092 2008
f 1701 2009 2098
f 2098 2009 2099
f 2099 2100 2098
f 2101 2100 2099
f 2013 2057 2061
f 1702 2098 2102
f 2052 2100 2101
f 2044 1376 2031
f 2100 2051 2102
f 1702 2102 1770
f 2102 2051 2103
f 2103 1770 2102
f 2104 2105 2106
f 2050 2103 2051
f 1773 1770 2103
f 39 2050 32
f 2107 2050 39
f 1778 2103 2107
f 1773 2103 1778
f 1004 2107 39
f 1778 2107 692
f 1004 692 2107
f 1781 1780 1862
f 2108 2109 2110
f 2111 2112 2113
f 1774 692 691
f 1823 2114 2115
f 1018 2031 1376
f 2047 2001 2058
f 2114 1823 2074
f 2116 2117 1951
f 2048 2047 2033
f 1959 2096 1885
f 1863 1862 1780
f 2118 2119 2120
f 1876 1874 2121
f 2122 2123 2124
f 1917 1916 2062
f 2013 1601 1585
f 2125 2057 2056
f 2057 2125 2126
f 2057 2020 2061
f 1950 2127 2017
f 2126 2070 2057
f 2057 2070 2023
f 2128 2105 2104
f 2057 2023 2020
f 2024 2018 2020
f 2042 2005 1747
f 1994 1996 2129
f 2023 2070 2071
f 2071 2045 2024
f 2046 2019 2018
f 756 753 2130
f 2131 2091 1825
f 2132 2133 2083
f 2134 1919 2097
f 2135 2126 2125
f 2107 2103 2050
f 1917 2062 1919
f 2136 2137 2138
f 2121 2139 2097
f 2140 1877 1959
f 2085 2141 2086
f 2097 1883 1885
f 2142 2129 2143
f 2116 1951 2069
f 2144 2145 1877
f 2139 2134 2097
f 2121 2096 1876
f 2069 2027 2146
f 1850 1731 537
f 2098 2100 2102
f 2147 2040 2148
f 2093 2092 2005
f 2009 2008 2149
f 2150 2151 2152
f 2064 2150 2153
f 2150 2154 2151
f 2150 2064 2063
f 2153 2150 2152
f 2150 2063 2155
f 2156 2154 2150
f 2153 1991 2064
f 2155 2063 2157
f 2000 2043 2058
f 2033 2065 2048
f 2042 1894 2006
f 2007 2048 2093
f 2100 2052 2051
f 1017 1016 2010
f 2044 1448 1376
f 2158 1922 43
f 2158 43 1439
f 1922 2158 2148
f 1922 2148 2040
f 1701 2098 1702
f 2147 2159 2040
f 1957 2160 1925
f 2145 2124 2123
f 1016 2049 2010
f 2161 1960 1991
f 2008 2094 2149
f 2116 2134 2139
f 2129 1864 1994
f 1784 1889 1792
f 2162 1933 2163
f 1872 2164 1873
f 2140 1959 1960
f 2165 2086 2141
f 2017 2127 2079
f 2017 2079 1776
f 1877 1876 2096
f 2079 2127 2080
f 1877 2145 1875
f 2117 2116 2139
f 1995 2162 2163
f 1718 2110 2022
f 2116 2146 1865
f 2146 2027 2028
f 1994 1864 2162
f 1884 1990 1960
f 1876 1875 1874
f 2166 2167 2145
f 1886 2162 1863
f 1870 1776 2168
f 2144 1877 2140
f 2117 1874 1951
f 2165 2166 2086
f 2119 2169 2170
f 1870 1869 1935
f 1875 1872 1874
f 2108 1871 2109
f 2028 1866 1865
f 1862 1864 2171
f 2144 2124 2145
f 2164 1950 1873
f 1818 2084 2172
f 1865 1919 2134
f 1941 1730 2089
f 1902 1929 1767
f 1967 1859 1856
f 1849 1904 1783
f 1768 1767 1929
f 2089 1730 1845
f 1903 1856 1732
f 2036 1892 1894
f 2173 1859 1967
f 1859 2173 2021
f 1904 1882 1783
f 1857 2021 1904
f 1768 1929 1928
f 1902 1930 1929
f 1882 1904 2021
f 1930 1902 1999
f 1954 2021 2173
f 1766 1954 1967
f 1803 1896 1852
f 1806 1882 2021
f 1807 1806 2021
f 1804 1896 1803
f 1841 1833 1849
f 1575 1946 1930
f 1767 1903 1902
f 2122 2138 2123
f 1956 1954 1766
f 1061 1575 1930
f 2174 2175 2176
f 1946 1575 1956
f 2110 2109 2170
f 2123 2166 2145
f 1806 1805 1804
f 2170 2160 2110
f 1871 1862 2171
f 1772 1955 1956
f 1985 2175 2177
f 1695 2178 1853
f 1867 1919 1865
f 2097 1919 2062
f 1873 1951 1874
f 1754 1805 1955
f 1850 514 1999
f 1754 1693 1805
f 1695 1802 2178
f 1883 2097 2062
f 2179 2180 2177
f 2180 1985 2177
f 1984 2181 1985
f 2181 2182 1985
f 1754 1955 1771
f 1772 1878 1771
f 1872 1875 2167
f 1700 1909 1698
f 1739 1738 1983
f 1739 1983 1985
f 2182 2176 2175
f 2182 2175 1985
f 1755 1694 1693
f 2039 2029 1740
f 1956 1768 1946
f 1898 1739 2180
f 2030 1854 2067
f 2183 1906 2184
f 1805 1693 1804
f 2000 1787 1921
f 1906 2183 2038
f 1906 2038 2037
f 1908 2185 2184
f 1908 2184 1906
f 1785 1811 1786
f 1567 1696 1576
f 1696 1920 1796
f 1796 1920 1881
f 2002 2037 1740
f 2185 1908 2186
f 1878 1921 1771
f 1906 2037 1907
f 1947 1897 1729
f 2187 1538 1549
f 1907 2037 2002
f 1763 1712 1913
f 1926 1744 1762
f 1696 1567 321
f 1925 2104 2106
f 1739 1985 2180
f 1882 1804 1784
f 1947 1913 1897
f 1850 1999 1902
f 2186 1908 2188
f 2117 2121 1874
f 2166 2123 2138
f 1957 1947 2022
f 2165 2167 2166
f 2145 2167 1875
f 1877 2096 1959
f 1766 1768 1956
f 1746 1745 1763
f 1949 1700 1963
f 1923 1963 1700
f 2001 1894 1787
f 1947 1957 1795
f 1792 1707 1791
f 1746 1763 2036
f 2036 1763 1913
f 1910 1909 1962
f 2189 2187 1549
f 1923 1920 1880
f 2002 2190 2003
f 2191 2055 2049
f 2192 2149 2193
f 1652 1538 2187
f 1843 1831 1707
f 1831 1708 1707
f 1843 1707 1792
f 2194 2195 2196
f 2191 1652 2197
f 2036 1913 1794
f 1599 1549 1426
f 1922 1963 1923
f 1910 1962 2004
f 1652 2187 2197
f 2197 2055 2191
f 2198 1590 392
f 2191 1016 1652
f 2199 2200 2189
f 2187 2189 2200
f 2194 2201 2193
f 1954 2173 1967
f 2202 2048 2065
f 2202 2065 2203
f 2192 2099 2149
f 1856 1846 1931
f 2202 2092 2048
f 2203 2204 2202
f 1599 1591 2199
f 2199 1591 2200
f 2205 2203 2197
f 2199 1549 1599
f 1794 1793 2036
f 2101 2192 2198
f 2200 1591 2205
f 1922 1942 1963
f 1591 1558 2206
f 1944 1949 1942
f 2196 2206 1560
f 2094 2204 2207
f 2194 2196 1560
f 2193 2149 2207
f 1857 1859 2021
f 1962 1949 1944
f 1331 1061 1999
f 2207 2149 2094
f 2099 2009 2149
f 1879 44 1571
f 1706 1791 1707
f 1957 1762 1795
f 1553 2201 1557
f 2099 2192 2101
f 1061 1930 1999
f 2164 1872 2167
f 2165 2164 2167
f 2129 2142 1864
f 2084 1815 2085
f 2166 2208 2086
f 1871 2108 1781
f 2192 2193 2201
f 1756 1785 1742
f 2203 2065 2055
f 1924 43 1922
f 2172 2208 2138
f 2201 2198 2192
f 2164 2165 2141
f 2172 2138 2137
f 2086 2208 2084
f 2141 2127 2164
f 2136 2209 2137
f 2080 2127 2085
f 2172 2084 2208
f 1935 1869 2163
f 2172 2137 1819
f 1772 1956 1575
f 2205 1591 2206
f 2101 2198 2052
f 2195 2204 2203
f 1962 1944 2003
f 2198 382 2052
f 2049 1016 2191
f 2085 2127 2141
f 2210 2119 2118
f 2085 2095 2080
f 2080 2095 2168
f 1996 1995 2054
f 1861 723 725
f 1943 2003 1944
f 1776 2080 2168
f 1762 1761 1795
f 1864 1863 2162
f 1815 2084 1813
f 2211 2128 2210
f 2168 2095 2212
f 1813 1818 1816
f 2162 1886 1933
f 1868 2168 2212
f 32 2050 382
f 2095 1815 1817
f 1817 2212 2095
f 2146 2028 1865
f 1811 1921 1786
f 1819 2213 1816
f 1892 1793 2014
f 1819 1818 2172
f 2187 2200 2205
f 1955 1805 1954
f 1813 2084 1818
f 2069 2146 2116
f 2074 2076 2114
f 2121 2097 2096
f 2204 2092 2202
f 2214 1900 1915
f 2215 2216 2217
f 2218 2219 2220
f 2221 2222 2223
f 2214 2224 2217
f 2214 2217 1900
f 1716 2224 2225
f 2215 2217 2222
f 2226 1900 2217
f 2180 2218 1898
f 2227 2228 2229
f 2230 1901 1900
f 1883 1916 2157
f 2225 1915 1890
f 2214 1915 2225
f 2223 2231 2232
f 2233 2234 2235
f 2236 1901 2230
f 2216 2226 2217
f 1901 2236 1916
f 2224 2223 2222
f 2237 2224 1716
f 2238 2239 2216
f 2221 2240 2222
f 2241 1910 2004
f 2215 2222 2240
f 2242 2240 2243
f 1714 2225 1890
f 2226 2155 2236
f 2155 2226 2216
f 1716 1966 2237
f 1714 1716 2225
f 2236 2155 2157
f 2239 2155 2216
f 2238 2216 2244
f 2216 2215 2244
f 2233 2245 2234
f 2218 2002 1898
f 2237 2223 2224
f 1710 2229 1966
f 1883 2063 1990
f 2235 2219 2233
f 2237 2229 2223
f 2246 2244 2215
f 1966 2229 2237
f 2247 2229 2248
f 2248 2229 1710
f 1910 2248 1709
f 2231 2228 2219
f 2240 2221 2232
f 2231 2223 2228
f 2228 2223 2229
f 2155 2239 2150
f 2219 2249 2220
f 2229 2247 2227
f 2230 2226 2236
f 2232 2243 2240
f 2224 2222 2217
f 2244 2239 2238
f 2247 2248 2241
f 2223 2232 2221
f 2157 1916 2236
f 2240 2246 2215
f 2239 2244 2250
f 2246 2250 2244
f 2250 2150 2239
f 2240 2242 2246
f 2232 2231 2235
f 1709 2248 1710
f 2246 2242 2250
f 2150 2250 2156
f 2235 2234 2232
f 1883 2157 2063
f 2242 2243 2251
f 2232 2234 2243
f 2252 2220 2249
f 2219 2235 2231
f 2249 2227 2253
f 2253 2227 2247
f 2227 2249 2228
f 1900 2226 2230
f 2251 2156 2250
f 2251 2250 2242
f 2219 2228 2249
f 2254 2245 2179
f 2253 2247 2241
f 2255 2234 2245
f 2241 2248 1910
f 2219 2218 2233
f 2004 2253 2241
f 2252 2249 2253
f 2253 2004 2252
f 2255 2245 2254
f 2180 2233 2218
f 2220 2252 2256
f 2002 2218 2220
f 2190 2252 2004
f 2179 2245 2233
f 2002 2220 2256
f 2252 2190 2256
f 2179 2233 2180
f 2190 2002 2256
f 2224 2214 2225
f 2257 2258 2259
f 2260 2261 2262
f 2263 2020 2019
f 2264 2265 2266
f 2267 2061 2268
f 2019 2268 2263
f 2072 2269 2270
f 2263 2268 2061
f 2271 2272 2273
f 2274 2275 2276
f 2277 2265 2276
f 2278 2011 2272
f 2268 2072 2270
f 2272 2271 2278
f 2279 2260 2280
f 2115 2114 2281
f 2272 2267 2273
f 2272 2061 2267
f 2281 2282 2269
f 2211 2210 2259
f 2270 2267 2268
f 2020 2263 2061
f 2143 2129 2283
f 2265 2284 2276
f 2276 2275 2277
f 2285 2286 2287
f 2288 2270 2269
f 2274 2276 2289
f 2290 2291 2259
f 2281 2289 2284
f 2284 2264 2281
f 2286 2292 2287
f 2114 2289 2281
f 2293 2264 2266
f 2289 2276 2284
f 2129 1996 2294
f 2295 2296 2287
f 2270 2288 2273
f 2282 2293 2297
f 2272 2011 2061
f 1616 1601 2012
f 2260 2298 2280
f 2281 2269 2299
f 2076 2289 2114
f 2291 2300 2301
f 2302 2280 2303
f 2299 2072 2115
f 2293 2282 2264
f 2076 2274 2289
f 2281 2264 2282
f 2304 2305 2279
f 2273 2288 2282
f 2290 2259 2258
f 2076 2306 2274
f 2300 2261 2301
f 2307 2262 2296
f 2280 2304 2279
f 2282 2297 2273
f 2280 2275 2303
f 2308 2300 2291
f 2302 2304 2280
f 2284 2265 2264
f 2072 2268 2019
f 2274 2306 2303
f 2296 2277 2307
f 2299 2115 2281
f 2309 2294 2310
f 2311 2271 2273
f 2275 2274 2303
f 2269 2282 2288
f 2262 2307 2260
f 2307 2298 2260
f 2311 2273 2297
f 2273 2267 2270
f 2307 2277 2298
f 2310 2294 1996
f 2269 2072 2299
f 2296 2295 2277
f 2265 2295 2312
f 2300 2313 2261
f 2298 2275 2280
f 2265 2277 2295
f 2292 2312 2295
f 2298 2277 2275
f 2287 2296 2262
f 2287 2292 2295
f 2260 2279 2261
f 2279 2305 2261
f 2261 2305 2301
f 2262 2313 2287
f 2313 2262 2261
f 2314 2301 2305
f 2313 2315 2287
f 2315 2285 2287
f 2316 2301 2314
f 2313 2300 2315
f 2285 2315 2308
f 2308 2315 2300
f 2301 2316 2211
f 2308 2291 2317
f 2211 2291 2301
f 2291 2290 2317
f 2259 2291 2211
f 2257 2259 2210
f 2210 2118 2257
f 2258 2257 2318
f 2294 2283 2129
f 2319 2320 2059
f 1868 1870 2168
f 2212 2054 1868
f 1790 2030 2068
f 2321 1820 1822
f 2193 2207 2194
f 1868 2053 1869
f 2135 2112 2126
f 1990 1884 1883
f 2203 2205 2196
f 2322 2109 1871
f 2205 2206 2196
f 1868 2054 2053
f 1935 1992 1870
f 2198 2201 1590
f 1776 1870 1992
f 2054 2212 2310
f 1549 2199 2189
f 2310 1996 2054
f 2163 1869 2053
f 1832 1836 1834
f 1970 1837 1836
f 2053 1995 2163
f 2163 1933 1935
f 1950 2164 2127
f 1994 2162 1995
f 1761 2014 1793
f 1886 1863 1780
f 2040 2025 1922
f 2208 2166 2138
f 2171 1864 2142
f 2121 2117 2139
f 2322 1871 2171
f 2171 2120 2322
f 2108 1717 1781
f 2120 2119 2322
f 1717 2108 1718
f 2134 2116 1865
f 2322 2119 2109
f 2108 2110 1718
f 2022 2110 1957
f 1873 1950 1951
f 1943 1942 2025
f 2170 2109 2119
f 2119 2210 2169
f 2160 2170 2169
f 2160 1957 2110
f 2169 2104 2160
f 2128 2169 2210
f 2104 2169 2128
f 1925 2160 2104
f 2013 1585 756
f 2094 2092 2204
f 1825 2074 1823
f 1790 2068 2091
f 2073 1820 2060
f 753 757 2130
f 2190 2004 2003
f 2091 2131 2323
f 2324 1744 1926
f 1785 2014 1742
f 2076 2075 2306
f 2132 2083 1828
f 1743 2014 1761
f 2201 1553 1590
f 757 2135 2130
f 2323 2083 2091
f 1821 1820 2073
f 2319 2111 1820
f 2130 2056 756
f 2111 2070 2126
f 2130 2135 2125
f 2072 2046 1823
f 1828 2083 1829
f 1943 1908 1907
f 1861 1803 1852
f 2325 2112 2135
f 760 1790 2091
f 1820 2111 2113
f 2003 1943 1907
f 2309 1817 1814
f 2326 2327 2328
f 1822 2329 2321
f 2059 2111 2319
f 2330 2331 2297
f 2332 2333 2334
f 1804 1882 1806
f 2197 2187 2205
f 2113 2060 1820
f 2177 2335 2336
f 2320 2319 1829
f 2198 392 382
f 1826 1821 2073
f 2323 1829 2083
f 2266 2332 2330
f 2337 2338 2339
f 2135 757 2325
f 2131 2320 1829
f 1557 2194 1560
f 2003 1907 2002
f 2340 2341 2342
f 2343 2144 2344
f 2345 2346 2347
f 2348 2349 2124
f 2350 2351 2352
f 2321 1829 2319
f 2060 2113 2026
f 2174 2353 2175
f 2354 2355 2356
f 2357 2358 2356
f 2328 2359 2326
f 2045 2070 2111
f 2188 1908 2040
f 2188 2040 2159
f 2133 868 2083
f 2111 2059 2045
f 1824 1823 2046
f 2323 2131 1829
f 1827 1822 1821
f 2111 2126 2112
f 2113 2112 2325
f 2026 2325 1582
f 1824 2131 1825
f 2125 2056 2130
f 2360 2361 2362
f 2325 2026 2113
f 2072 1823 2115
f 2362 2318 2360
f 2320 2131 1824
f 2177 2175 2335
f 2320 2046 2059
f 2329 1829 2321
f 2068 2067 2075
f 2195 2194 2207
f 2320 1824 2046
f 1822 1827 2363
f 2329 1830 1829
f 2347 2258 2362
f 2364 2365 2122
f 2325 757 1582
f 2355 2354 2285
f 2366 2332 2312
f 2196 2195 2203
f 2356 2367 2357
f 2286 2285 2368
f 2106 2105 2314
f 2305 2304 2369
f 2106 2314 2369
f 2321 2319 1820
f 2314 2105 2316
f 2128 2316 2105
f 1744 2324 1742
f 2128 2211 2316
f 2369 2314 2305
f 2106 2370 1926
f 2370 2106 2369
f 2371 2303 2306
f 2372 2373 2374
f 2369 2304 2375
f 2375 2304 2376
f 1854 1853 2377
f 2371 2306 2075
f 2324 1926 2370
f 2377 2378 2379
f 2371 2075 2067
f 1854 2377 2067
f 2380 1742 2381
f 2382 1742 2324
f 2375 2376 2383
f 2375 2370 2369
f 1742 2382 2381
f 2302 2303 2371
f 2383 2376 2372
f 2371 2384 2385
f 2324 2370 2382
f 2374 2378 1802
f 2379 2373 2385
f 2194 1557 2201
f 2373 2376 2385
f 2302 2385 2376
f 1926 1925 2106
f 2384 2379 2385
f 2379 2384 2067
f 2377 2379 2067
f 2381 2382 2383
f 2380 2381 2372
f 1802 2380 2374
f 2385 2302 2371
f 1802 1756 2380
f 2374 2380 2372
f 2383 2370 2375
f 2376 2373 2372
f 1853 2178 2378
f 1853 2378 2377
f 2370 2383 2382
f 2372 2381 2383
f 1756 1742 2380
f 1802 2378 2178
f 2374 2379 2378
f 2067 2384 2371
f 2373 2379 2374
f 2302 2376 2304
f 1843 1792 1889
f 2386 1843 1889
f 2386 725 763
f 1889 725 2386
f 763 1987 2386
f 1843 2386 1987
f 2387 2388 1978
f 520 1476 704
f 520 324 1476
f 2388 1968 1978
f 822 2389 1484
f 2388 2387 2390
f 2391 1391 2392
f 822 1229 2389
f 2387 704 2390
f 1476 274 2390
f 2258 2347 2290
f 2393 2389 2081
f 1393 1391 2391
f 2394 2395 1505
f 2388 2390 2389
f 2393 2388 2389
f 2396 2394 1505
f 2393 1968 2388
f 2387 652 704
f 2082 1404 1427
f 1977 652 2387
f 1484 2389 2390
f 1969 1968 2393
f 1427 1393 2391
f 2387 1978 1977
f 2393 2081 1969
f 2345 2347 2362
f 704 1476 2390
f 2389 1229 2081
f 2392 2397 2391
f 652 1977 842
f 2390 274 1484
f 2332 2266 2312
f 2398 2355 2399
f 2398 2337 2400
f 2328 2401 2402
f 2082 1402 1404
f 2403 2404 2405
f 2398 2399 2346
f 2406 2407 2408
f 2292 2286 2368
f 2397 1427 2391
f 2082 1427 2397
f 2392 2409 2397
f 2342 2341 2408
f 2398 2346 2337
f 2402 2351 2350
f 2410 2161 1991
f 2411 2412 2413
f 2411 2413 2414
f 2399 2285 2308
f 2179 2177 2336
f 1392 2392 1391
f 2355 2398 2415
f 1392 2409 2392
f 2136 2416 2209
f 2409 2395 2397
f 1392 1505 2409
f 2400 2337 2339
f 1819 2137 2213
f 1505 2395 2409
f 2395 2394 2417
f 2290 2347 2317
f 2328 2364 2401
f 2332 2366 2333
f 2418 2419 2132
f 2420 2363 2421
f 1087 2419 1155
f 2422 2423 2424
f 2417 1826 2034
f 1827 2421 2363
f 2337 2345 2361
f 2420 2425 1830
f 2122 2136 2138
f 2356 2358 2426
f 2396 1122 1145
f 2329 2363 1830
f 2427 1145 2423
f 2394 2428 2417
f 2368 2354 2426
f 2368 2426 2292
f 2424 2423 2418
f 2368 2285 2354
f 2362 2361 2345
f 2420 1830 2363
f 1827 2429 2428
f 2352 2430 2407
f 2351 2431 2352
f 2428 2427 2422
f 2432 2433 2350
f 2132 2425 2418
f 2396 2427 2394
f 2365 2328 2327
f 2422 2421 2428
f 1826 2429 1827
f 2356 2426 2354
f 2308 2317 2399
f 2359 2328 2402
f 1828 1830 2425
f 2424 2420 2422
f 2429 2417 2428
f 2352 2431 2434
f 1122 2396 1505
f 1145 2427 2396
f 2132 1828 2425
f 2431 2351 2401
f 2348 2124 2144
f 2435 1145 1144
f 2435 1155 2419
f 2349 2364 2122
f 2133 1087 868
f 2359 2436 2326
f 2292 2426 2312
f 2426 2437 2366
f 2418 1145 2435
f 2429 1826 2417
f 2052 382 2050
f 2366 2312 2426
f 2438 2161 2408
f 2355 2285 2399
f 2055 2197 2203
f 2397 2417 2034
f 2435 2419 2418
f 2436 2402 2433
f 2404 2439 2440
f 2402 2436 2359
f 2348 2364 2349
f 2348 2401 2364
f 2344 2430 2434
f 2401 2351 2402
f 2312 2266 2265
f 2343 2431 2348
f 2355 2415 2367
f 2348 2431 2401
f 2402 2350 2433
f 2293 2441 2330
f 2439 2350 2352
f 2350 2403 2432
f 2331 2330 2334
f 2330 2332 2334
f 2346 2399 2317
f 2293 2266 2441
f 2350 2439 2404
f 2266 2330 2441
f 2361 2338 2337
f 2431 2343 2434
f 2442 2432 2403
f 2328 2365 2364
f 2343 2344 2434
f 2443 2413 2335
f 2443 2335 2444
f 2345 2337 2346
f 2343 2348 2144
f 2403 2350 2404
f 2439 2352 2407
f 2293 2330 2297
f 2331 2445 2297
f 2140 2344 2144
f 2405 2442 2403
f 2445 2311 2297
f 2140 1960 2344
f 2352 2434 2430
f 2336 2335 2413
f 2405 2404 2446
f 2446 2404 2440
f 2440 2439 2447
f 2367 2356 2355
f 1960 2161 2344
f 2406 2447 2439
f 2365 2327 2416
f 2440 2447 2446
f 2400 2367 2415
f 2438 2407 2430
f 2439 2407 2406
f 2430 2161 2438
f 2408 2407 2438
f 2365 2416 2122
f 2161 2410 2408
f 2341 2406 2408
f 2342 2408 2410
f 1991 2153 2410
f 2153 2152 2410
f 2258 2318 2362
f 2340 2342 2410
f 2416 2136 2122
f 2340 2410 2152
f 2151 2340 2152
f 2366 2334 2333
f 2212 1817 2310
f 2122 2124 2349
f 2317 2347 2346
f 2398 2400 2415
f 2179 2448 2254
f 2309 2310 1817
f 2179 2336 2448
f 2366 2437 2334
f 2344 2161 2430
f 2414 2413 2443
f 2444 2335 2175
f 2444 2175 2353
f 2204 2195 2207
f 2329 1822 2363
f 2421 1827 2428
f 2133 2132 2419
f 1145 2418 2423
f 1803 1861 725
f 2423 2422 2427
f 2428 2394 2427
f 2424 2418 2425
f 2424 2425 2420
f 2397 2395 2417
f 2420 2421 2422
f 2397 2034 2082
f 1785 1893 2014
f 1155 2435 1144
f 2419 1087 2133
f 2206 1558 1560
f 1893 1785 1787
f 2449 1291 2450
f 2451 2452 2453
f 2454 2455 2456
f 337 1046 2457
f 2458 2459 2460
f 2461 2462 2463
f 2464 2465 2466
f 2467 2468 2469
f 1814 2470 2471
f 2472 2473 2474
f 319 318 2475
f 2476 2477 2478
f 2455 2479 2480
f 2481 2482 2483
f 2471 2309 1814
f 2484 2485 2486
f 2487 2357 2367
f 2488 764 2489
f 2481 2458 2490
f 2491 2492 2493
f 2484 2494 2495
f 2496 2497 2498
f 2468 2499 2500
f 2485 2501 2486
f 2502 2503 2504
f 181 2505 171
f 2506 2507 2508
f 2509 2510 2511
f 2512 2513 2514
f 2473 2472 2515
f 2516 2517 2518
f 2484 2519 230
f 2520 2454 2456
f 2521 2467 2453
f 2522 2523 2524
f 2525 2460 2526
f 2513 2527 2514
f 2528 2529 2530
f 680 2531 2532
f 2533 2534 2535
f 2536 2537 2487
f 2538 2213 2137
f 2512 2461 2463
f 2453 2469 2451
f 2516 2539 2540
f 2521 2453 2452
f 2541 2540 2542
f 2543 2544 2545
f 2546 2327 2326
f 2327 2546 2547
f 2548 2549 2479
f 2548 2511 2550
f 2551 2552 2357
f 2553 2554 2555
f 2556 2554 2557
f 2357 2552 2358
f 2558 2559 2560
f 2561 2552 2551
f 2562 2563 2564
f 2565 2566 2567
f 2522 2568 2569
f 2570 2334 2571
f 2572 2573 2567
f 2574 2575 2576
f 2561 2577 2552
f 2578 2507 2579
f 2535 2558 2580
f 2489 764 804
f 777 781 2581
f 2486 2501 2461
f 2582 2583 2537
f 2556 2557 2584
f 2553 2584 2557
f 2566 2358 2552
f 2585 2586 2587
f 2541 2542 2588
f 2489 2589 2590
f 2571 2591 2592
f 2593 2594 2595
f 2596 2577 2561
f 2597 2598 2546
f 2326 2436 2599
f 2574 2566 2552
f 2558 2560 2600
f 2505 2601 2602
f 2603 2604 2605
f 2575 2606 2607
f 2607 2478 2477
f 2608 2544 2543
f 2578 2609 2610
f 2611 2612 2553
f 2613 2614 2615
f 2616 2598 2555
f 2599 2603 2588
f 2486 2617 2494
f 2618 2619 2620
f 2621 2622 2623
f 2489 802 2589
f 2624 2606 2577
f 2625 2584 2553
f 2612 2625 2553
f 2582 2536 2487
f 2597 2612 2611
f 2626 2627 2532
f 2628 2516 2540
f 2581 2629 777
f 2502 2630 2631
f 2632 2633 2634
f 2590 2635 2488
f 2566 2565 2437
f 2636 2637 2628
f 2582 2537 2536
f 764 2488 2638
f 2619 2618 2615
f 2639 2586 2585
f 2599 2612 2597
f 2213 2640 2470
f 2534 2505 2641
f 2642 2643 2515
f 2644 2617 2451
f 2645 2613 2646
f 2487 2339 2582
f 2209 2416 2547
f 2647 2648 2271
f 2209 2649 2538
f 2460 2483 2650
f 2564 2651 2538
f 2652 2499 2495
f 2462 2461 2501
f 2318 2618 2620
f 2469 2500 2451
f 2604 2603 2436
f 2653 2654 2655
f 2458 2460 2525
f 2318 2257 2618
f 2656 2271 2648
f 780 2581 781
f 2657 2658 2659
f 2433 2604 2436
f 778 2589 802
f 2660 2257 2118
f 2581 780 2629
f 2629 2589 777
f 2649 2616 2661
f 2578 2662 2663
f 2639 2585 2664
f 2583 2582 2665
f 2567 2591 2565
f 2666 1488 1487
f 2667 2472 2474
f 2576 2572 2574
f 2451 2514 2452
f 2620 2360 2318
f 2646 2615 2618
f 2565 2591 2571
f 2668 2669 2670
f 2671 2672 2673
f 2674 2675 2582
f 2591 2573 2609
f 2676 2588 2603
f 2632 2677 2678
f 2637 2636 2679
f 2623 2622 2680
f 2597 2546 2599
f 2681 2682 2683
f 2278 2684 2012
f 2656 2648 2685
f 2618 2257 2660
f 2471 2470 2686
f 2687 2688 2689
f 2499 2652 2500
f 2578 2579 2690
f 2634 2558 2632
f 2691 2477 2476
f 2692 2693 1373
f 2694 2610 2572
f 1616 2684 2695
f 2696 2645 2646
f 2697 2530 2698
f 2573 2572 2610
f 2437 2426 2566
f 2699 2700 2701
f 2575 2477 2507
f 2640 2702 2703
f 2605 2432 2704
f 2693 2705 1373
f 2545 2706 2707
f 2636 2605 2704
f 2436 2603 2599
f 2624 2478 2607
f 2708 319 2475
f 2451 2617 2514
f 2621 2709 1488
f 2503 2492 2710
f 2609 2592 2591
f 2331 2570 2711
f 2679 2636 2704
f 2531 680 192
f 2712 2568 2524
f 2591 2567 2573
f 2713 2714 2715
f 2676 2636 2541
f 2609 2573 2610
f 2716 2709 2717
f 2711 2570 2592
f 2507 2506 2579
f 2445 2331 2711
f 2718 2719 2720
f 2541 2636 2540
f 2692 2721 2722
f 2612 2599 2588
f 2723 2724 2725
f 2726 2724 2727
f 2696 2142 2645
f 2529 2728 2729
f 2360 2730 2699
f 1595 2666 1487
f 1488 2666 2621
f 2731 2666 1602
f 2693 2732 2733
f 2614 2545 2544
f 2645 2142 2143
f 2726 2727 2734
f 2725 2724 2735
f 2736 2737 2738
f 2738 2739 2740
f 2666 1595 1602
f 2741 2729 2691
f 2645 2143 2706
f 2734 2592 2609
f 2742 2592 2734
f 2741 2698 2529
f 2691 2729 2508
f 2506 2508 2579
f 1372 2721 2692
f 2727 2724 2723
f 2738 2743 2739
f 2744 2745 2746
f 2539 2542 2540
f 2540 2636 2628
f 2739 2747 2748
f 2492 2749 2602
f 2727 2647 2742
f 2750 179 956
f 2729 2744 2579
f 2727 2742 2734
f 2721 1441 2751
f 2646 2613 2615
f 2727 2685 2648
f 2493 2602 2601
f 2647 2445 2742
f 2736 2530 2737
f 2752 2753 2732
f 2754 2733 2755
f 2539 2516 2518
f 2705 2733 2754
f 2692 1373 1372
f 2698 2741 2691
f 2493 2492 2602
f 2749 2641 2505
f 2756 2757 2560
f 2709 2623 2717
f 2647 2727 2648
f 1372 1441 2721
f 2758 2595 2594
f 2595 2701 2593
f 2759 2717 2623
f 2716 1654 1603
f 2717 2759 2760
f 2535 2559 2558
f 2761 2717 2760
f 2756 2762 2763
f 2764 2765 2663
f 1445 2731 1602
f 2723 2725 2721
f 2640 2213 2702
f 2706 2143 2283
f 2675 2701 2766
f 2547 2416 2327
f 2767 2756 2560
f 2574 2552 2577
f 2716 2761 1654
f 2760 1353 1478
f 2728 2529 2768
f 2661 2616 2555
f 2769 2762 2523
f 2451 2652 2644
f 2767 2712 2762
f 2560 2559 2767
f 2575 2694 2576
f 2756 2767 2762
f 2575 2574 2606
f 2770 2701 2595
f 2746 2771 2764
f 2767 2559 2535
f 2555 2598 2553
f 2580 2473 2515
f 2594 2700 2772
f 2773 2774 2772
f 2623 2680 2759
f 2641 2767 2535
f 2562 2661 2555
f 2712 2767 2641
f 2675 2665 2582
f 2712 2523 2762
f 2775 2776 2510
f 2510 2777 2778
f 2449 2779 2731
f 2744 2728 2745
f 2780 2714 2543
f 2647 2271 2311
f 2777 2781 2778
f 2607 2477 2575
f 2781 2777 2782
f 2457 2783 2776
f 2709 2621 2623
f 2467 2469 2453
f 2706 2283 2294
f 192 2642 2784
f 2752 2785 2687
f 2761 2716 2717
f 2685 2727 2723
f 2782 2777 2786
f 2775 2520 2457
f 2598 2597 2611
f 2787 2670 2788
f 2739 2748 2683
f 2789 2714 2686
f 2714 2780 2686
f 2754 1319 2705
f 2458 2481 2459
f 2790 2786 2787
f 2508 2477 2691
f 2445 2711 2742
f 2768 2736 2791
f 2311 2445 2647
f 2786 2777 2783
f 2528 2768 2529
f 2792 2787 2793
f 2785 2794 2764
f 2685 2723 2656
f 2795 2796 2797
f 2432 2605 2433
f 2798 2786 2783
f 2649 2598 2616
f 2786 2793 2787
f 2799 2800 2801
f 2802 2803 2586
f 2326 2599 2546
f 2804 2799 2796
f 2805 2806 2807
f 2786 2790 2782
f 2778 2808 2510
f 2809 2790 2787
f 2798 2792 2793
f 2776 2777 2510
f 2651 2702 2538
f 2611 2553 2598
f 2520 2775 2510
f 2809 2782 2790
f 2742 2711 2592
f 2793 2786 2798
f 924 2792 1034
f 2798 2457 1034
f 2783 2777 2776
f 2791 2740 2682
f 2690 2746 2662
f 2596 2478 2624
f 2810 2478 2596
f 2737 2811 2812
f 2813 2478 2810
f 924 2814 2792
f 2815 2813 2816
f 2817 2818 2810
f 2766 2819 2675
f 2721 2657 2723
f 1046 1035 2457
f 2785 2764 2687
f 2816 2813 2820
f 2821 2815 2816
f 2659 2271 2656
f 2798 2783 2457
f 1035 1034 2457
f 2530 2811 2737
f 2775 2457 2776
f 2814 925 765
f 2822 2823 2824
f 2792 2798 1034
f 2765 2735 2663
f 2814 924 925
f 2792 2670 2787
f 2509 2520 2510
f 2520 2509 2454
f 2768 2688 2745
f 2810 2596 2561
f 2507 2477 2508
f 2752 2681 2753
f 2823 2825 2824
f 2583 2665 2826
f 2824 2827 2819
f 2675 2827 2665
f 2828 2827 2824
f 2764 2771 2829
f 2747 2739 2743
f 1319 1373 2705
f 1504 1291 2449
f 376 1373 1319
f 2826 2828 2824
f 2830 2824 2819
f 1504 2731 1445
f 2530 2697 2811
f 809 1319 2754
f 2449 2731 1504
f 2478 2815 2831
f 2818 2817 2583
f 2743 2737 2812
f 2659 2656 2657
f 2819 2766 2830
f 2819 2827 2675
f 2779 2832 2666
f 2478 2831 2476
f 2450 2833 2832
f 2707 2706 2294
f 2760 2759 1353
f 2449 2450 2779
f 2779 2450 2832
f 2731 2779 2666
f 2746 2690 2579
f 2813 2818 2820
f 2833 2622 2832
f 2666 2832 2621
f 2820 2818 2826
f 2682 2689 2688
f 2829 2687 2764
f 2827 2828 2665
f 1814 1816 2470
f 2794 2722 2764
f 2753 2755 2732
f 2746 2579 2744
f 2817 2810 2561
f 2820 2824 2825
f 2739 2683 2682
f 2785 2752 2794
f 2665 2828 2826
f 2687 2829 2688
f 2583 2826 2818
f 2213 2470 1816
f 2810 2818 2813
f 2663 2609 2578
f 2478 2813 2815
f 2693 2692 2794
f 1488 2709 2716
f 2724 2726 2735
f 2820 2826 2824
f 2721 2751 2657
f 2824 2830 2822
f 2816 2820 2825
f 2752 2732 2794
f 2692 2722 2794
f 2707 2294 2780
f 2732 2693 2794
f 2689 2752 2687
f 2658 2751 2684
f 2751 2658 2657
f 2476 2698 2691
f 2695 1441 1469
f 810 809 2754
f 2834 2736 2738
f 2681 2683 2835
f 2682 2688 2791
f 2765 2722 2725
f 2836 2837 2753
f 2722 2721 2725
f 2834 2791 2736
f 2663 2746 2764
f 2745 2688 2829
f 2696 2660 2171
f 2609 2726 2734
f 2838 2839 2840
f 2735 2765 2725
f 2682 2740 2739
f 2771 2746 2745
f 2733 2732 2755
f 2780 2294 2309
f 2120 2660 2118
f 2690 2662 2578
f 2530 2736 2528
f 2579 2508 2729
f 2142 2696 2171
f 2733 2705 2693
f 2752 2689 2681
f 2120 2171 2660
f 2528 2736 2768
f 2729 2741 2529
f 2841 2837 2842
f 2694 2575 2507
f 2837 810 2754
f 2837 2754 2755
f 2728 2768 2745
f 2605 2604 2433
f 2843 2836 2753
f 2700 2699 2844
f 2012 2684 1616
f 2699 2361 2360
f 1522 2532 2627
f 2845 808 2841
f 2474 2633 2667
f 2841 810 2837
f 2614 2544 2846
f 1287 2833 2450
f 2847 2804 2796
f 2797 2848 2795
f 2543 2714 2608
f 2543 2545 2707
f 2548 2849 2509
f 2509 2849 2454
f 2850 2773 2846
f 2548 2550 2549
f 2851 2619 2614
f 2849 2455 2454
f 337 2457 2456
f 2586 2639 2802
f 2615 2614 2619
f 180 2456 2480
f 2789 2686 2640
f 2456 2455 2480
f 2491 2479 2549
f 2852 2479 2493
f 2804 2839 2853
f 2854 2836 2843
f 181 180 2480
f 2855 2675 2674
f 2853 2622 2833
f 2856 2522 2569
f 2480 2479 2852
f 2522 2856 2857
f 2480 2852 181
f 2576 2694 2572
f 2857 2655 2522
f 2769 2523 2522
f 2858 2853 2859
f 2548 2479 2849
f 2492 2491 2710
f 2523 2712 2524
f 2806 2860 2861
f 2845 2841 2862
f 2502 2569 2568
f 2863 2841 2842
f 1303 2864 2865
f 1304 1003 1305
f 2863 2862 2841
f 2866 2701 2855
f 2631 2503 2502
f 189 179 2750
f 2471 2686 2780
f 1303 2867 2864
f 2479 2455 2849
f 2655 2654 2769
f 2568 2712 2630
f 2867 1303 1314
f 2749 2492 2503
f 2594 2868 2758
f 2505 2534 956
f 2629 2838 2869
f 2503 2631 2749
f 2639 2497 2870
f 2858 2859 2865
f 2791 2834 2740
f 1316 1305 2862
f 764 2638 765
f 2601 2505 181
f 2865 2871 1303
f 2334 2570 2331
f 2534 2750 956
f 2865 2859 2871
f 2872 2497 2668
f 1291 1287 2450
f 2653 2490 2654
f 2839 2622 2853
f 2867 2873 2864
f 2801 2807 2797
f 2865 2800 2858
f 1304 1302 2874
f 2875 2840 2876
f 1654 2761 1478
f 2680 2838 2629
f 2630 2712 2641
f 2458 2654 2490
f 2800 2865 2864
f 2876 2840 2847
f 2650 2483 2877
f 2867 1314 2873
f 2497 2639 2664
f 2873 1314 2805
f 2801 2797 2799
f 2641 2749 2630
f 2796 2799 2797
f 2805 1312 2860
f 2642 2750 2533
f 2643 2642 2533
f 2482 2877 2483
f 2750 2642 189
f 2533 2750 2534
f 2458 2525 2654
f 2862 2878 1316
f 2673 2879 2880
f 2881 1353 2759
f 2800 2804 2858
f 2880 2669 2664
f 2864 2801 2800
f 2515 2784 2642
f 2802 2882 2876
f 2503 2710 2504
f 2673 2880 2587
f 2525 2763 2654
f 2838 2680 2839
f 2873 2807 2801
f 2797 2807 2883
f 2883 2848 2797
f 2472 2884 2626
f 2534 2641 2535
f 192 2784 2531
f 2804 2847 2840
f 2885 2883 2806
f 2862 2863 2878
f 2807 2806 2883
f 2886 2763 2525
f 2800 2799 2804
f 2864 2873 2801
f 2861 2863 2887
f 2881 2759 2680
f 1296 1284 1014
f 2872 2635 2498
f 2756 2763 2886
f 2839 2804 2840
f 2672 2671 2803
f 2860 2878 2861
f 2888 2887 2863
f 2650 2889 2526
f 2888 2842 2854
f 2805 2860 2806
f 2838 2840 2875
f 1478 2761 2760
f 2863 2842 2888
f 2756 2886 2757
f 2860 1316 2878
f 2669 2890 2670
f 2489 2590 2488
f 2629 2881 2680
f 2869 2838 2875
f 2672 2891 2673
f 2531 2472 2626
f 2535 2580 2533
f 2892 2893 2803
f 780 1353 2881
f 2629 780 2881
f 2862 1305 1003
f 1287 1289 2871
f 2847 2796 2894
f 2843 2681 2835
f 2885 2861 2887
f 2892 2876 2847
f 2531 2626 2532
f 2802 2876 2892
f 2892 2847 2894
f 2533 2515 2643
f 2895 2869 2875
f 2853 2871 2859
f 2895 2589 2869
f 2531 2784 2515
f 2802 2639 2882
f 2796 2795 2894
f 2893 2892 2894
f 2795 2893 2894
f 2512 2525 2526
f 2586 2803 2671
f 2848 2885 2896
f 1312 2805 1309
f 2880 2664 2585
f 2873 2805 2807
f 2795 2848 2893
f 2896 2893 2848
f 2803 2893 2672
f 2580 2515 2533
f 2525 2512 2886
f 2670 2890 2788
f 2512 2526 2513
f 230 2519 285
f 2716 1603 1488
f 2886 2512 2463
f 1316 2860 1312
f 2456 2457 2520
f 2853 1287 2871
f 2880 2879 2669
f 2586 2671 2587
f 2462 2560 2757
f 2488 2635 2638
f 2895 2498 2590
f 2514 2527 2452
f 2617 2461 2514
f 2596 2624 2577
f 2461 2512 2514
f 2601 2852 2493
f 2846 2773 2614
f 2462 2600 2560
f 2893 2896 2897
f 2462 2757 2463
f 2872 2668 2670
f 2527 2521 2452
f 2589 2629 2869
f 2502 2568 2630
f 2474 2473 2634
f 2587 2671 2673
f 2617 2486 2461
f 2898 2466 2899
f 2473 2558 2634
f 2633 2474 2634
f 2668 2664 2669
f 2669 2879 2890
f 2672 2897 2891
f 2600 2632 2558
f 2851 2614 2773
f 2497 2496 2870
f 2494 2617 2644
f 2887 2900 2885
f 2462 2632 2600
f 2486 2494 2484
f 2649 2547 2598
f 2729 2728 2744
f 2562 2564 2661
f 2487 2537 2583
f 2854 2901 2888
f 2501 2677 2462
f 2557 2554 2553
f 2543 2707 2780
f 2360 2620 2730
f 2639 2870 2882
f 2730 2620 2619
f 2494 2644 2495
f 2902 2608 2719
f 2843 2753 2681
f 2706 2545 2645
f 2309 2471 2780
f 2646 2618 2660
f 2789 2640 2715
f 2743 2738 2737
f 2850 2774 2773
f 2638 2872 2814
f 2701 2770 2766
f 2715 2640 2703
f 2622 2839 2680
f 2903 2904 2905
f 2906 2748 2907
f 2908 2909 2504
f 2747 2910 2911
f 2912 2913 2831
f 2914 2915 2916
f 2917 2918 2919
f 2920 2913 2921
f 2922 2923 2924
f 2925 2718 2720
f 2495 2644 2652
f 2748 2910 2907
f 2926 2927 2928
f 2856 2653 2857
f 2929 2930 2931
f 2697 2932 2933
f 2934 2931 2930
f 2928 2935 2926
f 2936 2937 2938
f 2939 2940 2941
f 2938 2937 2942
f 2909 2943 2569
f 2944 2527 2889
f 2945 2946 2947
f 2485 230 2501
f 2948 2949 2950
f 2926 2951 2927
f 2952 2953 2954
f 2955 2956 2957
f 2958 2703 2959
f 2960 2961 2962
f 2949 2963 2964
f 2965 2816 2966
f 2967 2563 2562
f 2484 2495 2519
f 2522 2655 2769
f 2968 2465 2969
f 2970 2971 2972
f 2911 2910 2748
f 2973 2974 2975
f 2976 2925 2977
f 2937 2936 2978
f 2979 2521 2944
f 2980 722 2981
f 2982 2983 2984
f 2984 2983 2985
f 2986 2987 2988
f 2772 2700 2773
f 2915 2989 2990
f 2982 2954 2953
f 2990 2991 2915
f 2986 2992 2987
f 2989 2993 2990
f 2994 2995 2996
f 2997 2996 2998
f 408 2999 2947
f 3000 2868 3001
f 3002 2951 3003
f 2562 2556 2967
f 2987 2992 2919
f 3004 2490 2963
f 3005 3006 2563
f 3007 2998 3008
f 3009 3010 3011
f 3012 2920 2698
f 3013 2770 3014
f 2823 3015 2966
f 3016 3017 2979
f 2946 3018 2947
f 2980 3019 721
f 3020 3013 3021
f 2501 230 2678
f 2835 3022 2901
f 3023 3024 3025
f 871 3026 3027
f 3028 3029 3030
f 3031 3032 3033
f 3034 3035 3036
f 3037 3038 3016
f 3032 3039 3040
f 2951 3002 2927
f 3041 3042 2941
f 3043 2708 2475
f 2997 3044 3045
f 3046 3047 3048
f 3049 3050 3001
f 3051 2967 3052
f 3053 2917 2992
f 2988 3048 2930
f 3054 3055 2923
f 2897 2672 2893
f 2923 3056 2978
f 3001 2774 3049
f 3057 3058 2933
f 2979 3059 2521
f 3060 3061 2982
f 3062 721 3019
f 3032 3031 3063
f 3064 3065 3066
f 3067 3033 3040
f 3068 3069 3070
f 3055 3019 2924
f 3071 3072 3020
f 2612 2588 2903
f 3007 3008 2778
f 2861 2885 2806
f 2809 2788 3073
f 3074 3025 3024
f 2495 2499 318
f 3075 2993 2989
f 2938 3076 3077
f 3078 2983 3079
f 2974 2973 3080
f 2482 2481 2948
f 3081 2650 2877
f 3082 3041 3083
f 2952 3084 2953
f 2904 3035 3085
f 3086 2809 3087
f 3000 3088 3089
f 2978 3056 3090
f 3063 3091 3092
f 3093 2992 2910
f 2468 2475 2499
f 2936 3054 2978
f 2984 3092 3060
f 3094 2518 2517
f 3072 3071 2989
f 3095 3096 3097
f 3098 3086 3087
f 3055 3062 3019
f 2989 3099 3100
f 3101 3071 3021
f 3084 3079 2953
f 2510 2808 2511
f 2556 3102 3052
f 2932 3029 3083
f 2920 2921 2932
f 3002 3103 2927
f 3104 3105 3057
f 3106 2952 2954
f 3097 3096 2933
f 3055 3054 3107
f 3048 3108 2930
f 3098 2897 2896
f 3109 3110 3111
f 3112 2963 3045
f 3113 2943 3114
f 3083 3010 3082
f 3010 3009 3082
f 2804 2853 2858
f 2809 3073 3087
f 2885 2900 2896
f 2987 2918 3046
f 2928 2952 3106
f 2830 3015 2822
f 2491 2549 2550
f 2905 2904 3085
f 2726 2663 2735
f 2686 2470 2640
f 2889 2527 2513
f 3115 3116 3117
f 2948 2950 3064
f 2957 3093 3104
f 2891 2897 3087
f 2527 2944 2521
f 2670 2814 2872
f 2928 3106 2935
f 2633 2632 2678
f 3030 2975 2974
f 351 3111 3118
f 2746 2663 2662
f 2998 3007 3108
f 2778 2931 2934
f 3119 2901 3022
f 2487 2561 2551
f 2958 2942 2977
f 3120 3121 3122
f 2566 2574 2572
f 2608 2902 2544
f 2922 2970 3123
f 2933 3058 2811
f 2791 2688 2768
f 3060 3124 3061
f 2778 2809 2931
f 2726 2609 2663
f 2571 2334 2437
f 2730 2619 2851
f 2927 3125 3027
f 2814 765 2638
f 3126 3127 3011
f 2933 2932 3097
f 3027 2928 2927
f 3042 3127 3070
f 2645 2545 2613
f 2715 2720 2713
f 2958 2977 2720
f 3089 3128 3101
f 2851 2773 2844
f 3129 2918 3130
f 2703 2651 2959
f 2953 3079 2983
f 2583 2817 2487
f 2743 2812 2747
f 3027 3125 941
f 2651 2703 2702
f 3131 3074 3109
f 2890 3073 2788
f 3126 3011 3132
f 3001 2868 2772
f 3133 2856 3134
f 2714 2713 2608
f 2550 2511 3135
f 2816 2965 2821
f 3132 3136 3126
f 3075 2972 2993
f 2787 2788 2809
f 351 350 3111
f 2919 2918 2987
f 3116 3090 3117
f 3137 2959 2651
f 3044 3047 3138
f 1469 1616 2695
f 2437 2565 2571
f 3026 871 826
f 3117 3090 3056
f 3139 3070 3069
f 3078 2985 2983
f 2942 2937 3140
f 2946 3043 3141
f 3068 3127 3126
f 2889 3037 2944
f 3141 2467 3142
f 3137 2651 2563
f 3137 2942 2959
f 3084 3027 3026
f 2338 2361 2855
f 2487 2551 2357
f 3123 3056 2922
f 2469 2468 2500
f 3039 2518 3040
f 2594 2772 2868
f 3053 3093 2957
f 871 3027 941
f 2701 2866 2699
f 2278 2659 2658
f 2976 3143 3116
f 2515 2472 2531
f 2922 3056 2923
f 2988 2930 2929
f 2400 2487 2367
f 3138 3144 3112
f 3095 3097 3083
f 2684 2278 2658
f 3023 3025 3131
f 2660 2696 2646
f 3103 3002 3003
f 2970 2922 2924
f 3145 2511 2808
f 3084 2952 2928
f 2855 2361 2866
f 2562 2555 2554
f 2973 2821 2965
f 2832 2622 2621
f 3057 2933 3096
f 2681 2689 2682
f 2914 3017 2960
f 2578 2610 2694
f 2909 2569 2502
f 2854 2843 2901
f 3073 2890 2879
f 2651 2564 2563
f 3100 3123 2970
f 2995 3146 2998
f 3128 3089 3115
f 2974 3147 3028
f 2751 1441 2695
f 3115 3148 3128
f 2974 3028 3030
f 3088 3001 3050
f 2723 2657 2656
f 2908 2504 2491
f 2606 2624 2607
f 2901 3119 2888
f 2863 2861 2878
f 2995 3145 3146
f 3053 3066 2917
f 3123 3100 3099
f 2928 3027 3084
f 2907 2910 3149
f 2487 2817 2561
f 2465 3118 3110
f 2983 2982 2953
f 2896 2900 3098
f 3098 3119 3150
f 2574 2577 2606
f 3151 3152 2940
f 2992 3149 2910
f 2507 2578 2694
f 2984 3060 2982
f 3066 2939 3064
f 3054 3153 3107
f 3026 3079 3084
f 2675 2855 2701
f 2960 3020 2914
f 2834 2738 2740
f 2821 2912 2831
f 3154 2963 3155
f 2722 2765 2764
f 3078 3079 3026
f 3091 3060 3092
f 3091 3124 3060
f 3035 3063 3036
f 2830 3132 3015
f 2653 2655 2857
f 3078 3026 2899
f 2899 3026 826
f 3091 3094 3124
f 2668 2497 2664
f 2882 2870 2895
f 722 315 2981
f 3014 2758 3156
f 2988 2929 2986
f 2985 3092 2984
f 3091 3063 3031
f 3155 2490 2653
f 2917 3065 2918
f 2899 826 3157
f 3158 3159 3052
f 3094 3091 3067
f 3063 3092 3036
f 3092 2985 3036
f 3047 2918 3129
f 3091 3031 3067
f 3140 3143 2976
f 3013 2961 3132
f 2812 3058 3105
f 2530 2529 2698
f 3042 3070 2941
f 2466 3078 2899
f 2851 2844 2730
f 3131 3025 3074
f 3067 3040 3094
f 3047 3144 3138
f 3078 2466 2985
f 3035 3032 3063
f 3031 3033 3067
f 2968 3036 2985
f 2338 2855 2339
f 2518 3094 3040
f 3040 3033 3032
f 2361 2699 2866
f 2569 2943 2856
f 2773 2700 2844
f 2968 2985 2466
f 3014 2595 2758
f 2966 2816 2825
f 3036 2968 3034
f 3035 2904 3032
f 2518 3039 2539
f 3035 3034 3085
f 2538 2702 2213
f 2904 3039 3032
f 2719 2608 2713
f 2968 2969 3034
f 3074 3110 3109
f 3119 2900 2888
f 3039 2904 2539
f 3085 3034 2905
f 2635 2872 2638
f 3096 3160 3057
f 2745 2829 2771
f 2542 2539 2904
f 3080 2973 2965
f 3089 3088 3161
f 2821 2973 2912
f 2905 3034 3162
f 3162 3034 3163
f 3163 3034 2969
f 3119 3098 2900
f 351 3118 411
f 2905 2625 2903
f 3164 2910 2747
f 2904 2903 2542
f 3165 3162 3163
f 2496 2498 2895
f 3056 3099 3148
f 2612 2903 2625
f 2588 2542 2903
f 3118 2465 411
f 3102 2905 3162
f 2968 2466 2465
f 2605 2676 2603
f 3020 2960 2962
f 2522 2524 2568
f 1003 2845 2862
f 2465 3110 2969
f 2465 2464 411
f 2998 3108 3048
f 976 808 2845
f 2584 2625 2905
f 3045 3133 2997
f 3102 2584 2905
f 2426 2358 2566
f 2339 2855 2674
f 2476 2913 3012
f 2781 2782 2778
f 3162 3165 3158
f 976 2845 1003
f 2950 3130 3065
f 3163 2969 3165
f 2481 2483 2459
f 3081 2482 3069
f 3166 2940 2939
f 3102 3162 3158
f 2497 2872 2498
f 2898 2464 2466
f 3165 2969 3074
f 2969 3110 3074
f 2460 2650 2526
f 621 2898 3157
f 2778 3008 2808
f 3145 3135 2511
f 2920 2932 2697
f 2550 2908 2491
f 2993 2972 3018
f 3074 3024 3165
f 3030 3029 2932
f 3140 2937 3143
f 2556 2584 3102
f 3158 3052 3102
f 3087 2897 3098
f 3158 3165 3024
f 2976 3050 3049
f 3118 3111 3110
f 2808 3008 3146
f 3159 3158 3024
f 2967 2556 3052
f 2874 1302 1296
f 3112 3045 3138
f 2879 2891 3087
f 3024 3023 3159
f 2879 2673 2891
f 3052 3159 3051
f 2778 2782 2809
f 2909 2908 2550
f 2917 2919 2992
f 3131 3109 3107
f 3051 3159 3023
f 3131 3153 3023
f 3086 3098 3150
f 2678 229 2633
f 3153 3131 3107
f 2931 2809 3086
f 2929 3149 2986
f 3051 3023 3167
f 2934 3007 2778
f 3153 3167 3023
f 3107 3109 721
f 3111 721 3109
f 318 743 2495
f 2550 3135 2994
f 2654 2762 2769
f 2994 2909 2550
f 3005 3051 3167
f 3051 2563 2967
f 3167 3153 2936
f 3150 3119 3121
f 2853 2833 1287
f 3042 3009 3127
f 721 3062 3107
f 721 3111 350
f 2909 2502 2504
f 3145 2995 2994
f 3005 3167 3077
f 2843 2835 2901
f 3114 2909 2994
f 3153 3054 2936
f 2939 3066 3166
f 2464 2898 621
f 3081 3037 2650
f 3136 3038 3126
f 2563 3051 3005
f 3167 2936 3077
f 2994 3135 3145
f 3006 3005 3077
f 3121 3022 3122
f 3022 2835 3122
f 346 319 2708
f 3086 3150 2931
f 3055 3107 3062
f 2137 2209 2538
f 2504 2710 2491
f 2998 2996 2995
f 2978 3054 2923
f 3157 2898 2899
f 2563 3006 3076
f 2936 2938 3077
f 3082 3042 3041
f 3076 3006 3077
f 3009 3042 3082
f 3019 2980 2971
f 721 722 2980
f 2966 2825 2823
f 2749 2505 2602
f 2923 3055 2924
f 3114 2943 2909
f 3076 3137 2563
f 3070 3139 2941
f 2924 3019 2971
f 3076 2942 3137
f 3143 2937 2978
f 3105 2747 2812
f 3157 488 621
f 2939 3139 3064
f 2971 2980 2972
f 3105 3058 3057
f 3007 2934 3108
f 2906 3122 2835
f 2930 3108 2934
f 2942 3076 2938
f 2854 2842 2836
f 2978 3090 3143
f 3047 2998 3048
f 2874 1014 1008
f 3142 2916 2915
f 3168 2980 2981
f 2278 2012 2011
f 489 3157 826
f 2971 2970 2924
f 2981 2947 3168
f 2918 3065 3130
f 2595 3014 2770
f 2678 2677 2501
f 2545 2614 2613
f 3116 3143 3090
f 2473 2580 2558
f 2572 2567 2566
f 2592 2570 2571
f 3168 2947 3018
f 2594 2593 2700
f 2970 2972 3100
f 1296 1014 2874
f 2947 2981 408
f 2837 2836 2842
f 2958 2959 2942
f 2792 2814 2670
f 2885 2848 2883
f 2977 2942 3140
f 3168 3018 2980
f 2513 2526 2889
f 2972 2980 3018
f 2972 3075 3100
f 229 2472 2667
f 2958 2720 2703
f 3117 3056 3148
f 2977 3140 2976
f 2713 2720 2719
f 2835 2683 2906
f 2852 2601 181
f 488 3157 489
f 2564 2538 2649
f 3151 3095 3152
f 2875 2876 2882
f 3004 2949 2948
f 2703 2720 2715
f 3115 3117 3148
f 2947 2999 2708
f 1303 2871 1289
f 3018 2946 2993
f 2929 3150 3121
f 3075 2989 3100
f 2856 2943 3134
f 2999 408 394
f 3099 3056 3123
f 3104 3093 3164
f 2757 2886 2463
f 2976 3116 3050
f 3050 3116 3115
f 2271 2659 2278
f 3139 2939 2941
f 3095 3041 3152
f 2945 2947 2708
f 2999 394 346
f 3114 2994 2996
f 2479 2491 2493
f 3139 3069 2948
f 2635 2590 2498
f 2720 2977 2925
f 2906 2683 2748
f 3013 2962 2961
f 3053 3166 3066
f 3049 2925 2976
f 3050 3115 3161
f 3099 3128 3148
f 3122 2906 3120
f 3113 3114 2996
f 2906 2907 3120
f 2946 2945 3043
f 1522 680 2532
f 3120 3149 3121
f 2993 2946 2991
f 2990 2993 2991
f 346 2708 2999
f 3161 3088 3050
f 2642 190 189
f 2708 3043 2945
f 2884 1522 2627
f 3141 2991 2946
f 2989 3128 3099
f 1008 1304 2874
f 2582 2339 2674
f 3049 2718 2925
f 3115 3089 3161
f 2943 3113 3134
f 2944 3016 2979
f 1314 1309 2805
f 2642 192 190
f 2519 2495 743
f 2997 3113 2996
f 3128 2989 3071
f 2915 3072 2989
f 2808 3146 3145
f 229 2667 2633
f 1539 2472 229
f 3089 3101 3000
f 3044 2997 2998
f 3142 2915 2991
f 2975 2921 2912
f 3072 2915 2914
f 2902 2718 2774
f 2472 1539 2884
f 2719 2718 2902
f 3049 2774 2718
f 2753 2837 2755
f 3088 3000 3001
f 3071 3101 3128
f 2547 2546 2598
f 956 171 2505
f 2588 2676 2541
f 3000 3101 3156
f 3101 3021 3156
f 2699 2730 2844
f 2468 3043 2475
f 3141 3043 2468
f 3142 2991 3141
f 3048 2988 3046
f 2684 2751 2695
f 3121 3149 2929
f 2850 2902 2774
f 230 229 2678
f 2661 2564 2649
f 2975 2932 2921
f 2758 3000 3156
f 2468 2467 3141
f 3072 2914 3020
f 3017 2914 2916
f 411 2464 621
f 3001 2772 2774
f 1539 1522 2884
f 2585 2587 2880
f 2460 2459 2483
f 2868 3000 2758
f 3021 3071 3020
f 3142 3059 2916
f 315 408 2981
f 2500 2652 2451
f 810 2841 808
f 2916 3059 3017
f 2913 2912 2921
f 3059 3142 2467
f 3059 2979 3017
f 3021 3014 3156
f 2879 3087 3073
f 3059 2467 2521
f 3119 3022 3121
f 3020 2962 3013
f 3014 3021 3013
f 2870 2496 2895
f 3164 2747 3105
f 3017 3038 2960
f 3017 3016 3038
f 3113 2997 3134
f 2763 2762 2654
f 3139 2948 3064
f 180 337 2456
f 777 2589 778
f 2961 2960 3136
f 3136 2960 3038
f 3133 3134 2997
f 230 2485 2484
f 3013 2766 2770
f 2830 2766 3013
f 3126 3038 3169
f 3038 3037 3169
f 2961 3136 3132
f 2913 2476 2831
f 3132 2830 3013
f 3068 3126 3169
f 2803 2802 2892
f 3169 3037 3081
f 2944 3037 3016
f 3081 3068 3169
f 2499 2475 318
f 3011 3015 3132
f 3127 3068 3070
f 3037 2889 2650
f 3010 3015 3011
f 3011 3127 3009
f 2882 2895 2875
f 3010 3147 3015
f 3068 3081 3069
f 2877 2482 3081
f 2676 2605 2636
f 3015 2823 2822
f 2988 2987 3046
f 2509 2511 2548
f 3080 3015 3147
f 2482 2948 3069
f 3015 3080 2966
f 3080 3147 2974
f 2918 3047 3046
f 3010 3028 3147
f 2627 2626 2884
f 3029 3028 3010
f 2941 3152 3041
f 2940 3152 2941
f 2965 2966 3080
f 3010 3083 3029
f 3093 2910 3164
f 3044 3138 3045
f 2481 3004 2948
f 3041 3095 3083
f 3166 3151 2940
f 2932 2975 3030
f 3083 3097 2932
f 3160 3151 3166
f 3160 3166 2955
f 285 2519 743
f 3065 3064 2950
f 3151 3096 3095
f 2748 2747 2911
f 3066 3065 2917
f 3096 3151 3160
f 2339 2487 2400
f 2631 2630 2749
f 2481 2490 3004
f 3004 2963 2949
f 3130 2950 2949
f 2887 2888 2900
f 2912 2973 2975
f 1304 1008 1003
f 2649 2209 2547
f 2931 3150 2929
f 2589 2895 2590
f 2955 3166 2956
f 2489 804 802
f 2831 2815 2821
f 3166 3053 2956
f 3130 2949 2964
f 2957 2956 3053
f 2700 2593 2701
f 2850 2544 2902
f 2490 3155 2963
f 3146 3008 2998
f 2554 2556 2562
f 2964 3129 3130
f 3160 2955 3104
f 2544 2850 2846
f 3104 2955 2957
f 2462 2677 2632
f 3160 3104 3057
f 2963 3112 2964
f 2964 3144 3129
f 2913 2920 3012
f 2933 2811 2697
f 2697 2698 2920
f 3093 3053 2992
f 3133 3155 2856
f 3045 2963 3154
f 3044 2998 3047
f 3144 2964 3112
f 3149 2992 2986
f 3058 2812 2811
f 3154 3155 3133
f 3154 3133 3045
f 3144 3047 3129
f 3012 2698 2476
f 3149 3120 2907
f 3104 3164 3105
f 2789 2715 2714
f 2653 2856 3155
f 3170 3171 3172
f 3173 3174 3175
f 3176 3177 3178
f 2341 2340 3179
f 3180 3181 3182
f 3183 3184 3185
f 3181 3186 3182
f 3187 3188 3189
f 3190 3191 3192
f 3179 2340 3193
f 3178 3194 2341
f 3195 3196 3185
f 3197 3198 3199
f 3200 3179 3201
f 3176 3202 3177
f 3203 2154 3204
f 3187 3189 3205
f 3202 3176 3200
f 3206 3182 3207
f 3208 3209 3210
f 3197 3202 3198
f 3175 3211 3173
f 3212 3213 3214
f 3215 3213 3212
f 3189 3216 3205
f 3202 3200 3217
f 3200 3171 3217
f 3218 3219 3220
f 3201 3193 3221
f 3222 3223 3224
f 3225 2982 3061
f 3226 3227 3228
f 3229 3198 3202
f 3230 3231 3232
f 3233 3196 3234
f 3235 3236 3195
f 3237 3191 2413
f 3238 3203 3239
f 3240 3241 3242
f 3243 3210 3244
f 3245 2151 3238
f 3220 3246 3247
f 3216 3207 3205
f 3248 3199 3249
f 3250 3251 3206
f 3252 3253 3254
f 3255 3235 3256
f 3229 3249 3199
f 3257 3258 3259
f 3260 3261 3262
f 3232 3263 3230
f 3264 3265 3266
f 3248 3267 3268
f 3269 3270 3214
f 3271 3272 3273
f 3201 3274 3171
f 3224 3275 3243
f 3276 3192 3277
f 3229 3217 3278
f 3258 3263 3279
f 3201 3238 3274
f 3242 3219 3240
f 3280 3281 3233
f 3282 3283 3284
f 3285 3256 3286
f 2154 2156 3287
f 2637 3288 3289
f 3290 3291 3292
f 3293 3294 3295
f 3296 3297 3298
f 3207 3216 3299
f 3300 3246 3220
f 3179 3178 2341
f 3301 3302 3303
f 3173 3304 3305
f 3106 2954 3306
f 3266 3256 3285
f 3259 3307 3308
f 3309 3229 3278
f 3310 3311 3312
f 3278 3313 3314
f 3315 3204 3287
f 3264 3261 3316
f 3287 2156 3317
f 3292 3291 3249
f 3318 3319 3320
f 3291 3248 3249
f 3321 3281 2935
f 3291 3267 3248
f 3314 3309 3278
f 3216 3322 3323
f 3313 3218 3314
f 2446 3324 2405
f 3274 3325 3172
f 3326 3327 3328
f 3204 3329 3203
f 3317 3315 3287
f 3330 3331 3332
f 3333 3321 3334
f 3210 3209 3244
f 3335 3336 3337
f 3338 3339 3309
f 3260 3340 3261
f 3341 3267 3291
f 3325 3274 3342
f 3238 3239 3274
f 3239 3203 3329
f 3343 3246 3344
f 3283 3282 3345
f 3315 3329 3204
f 3249 3346 3292
f 3347 3309 3314
f 3218 3170 3240
f 3348 3349 3350
f 3351 3352 3353
f 3213 3354 3246
f 3355 3356 3357
f 3329 3315 3358
f 3192 3359 3190
f 2251 3317 2156
f 3319 3318 3360
f 3227 3338 3228
f 3172 3325 3361
f 3324 2446 3362
f 3363 3364 3365
f 3325 3342 3359
f 3366 3298 3297
f 3212 3214 3270
f 3236 3367 3307
f 3358 3342 3329
f 3317 2251 3368
f 3321 3369 3281
f 3370 3360 3371
f 3244 3352 3351
f 3227 3226 3346
f 3372 3314 3218
f 3325 3241 3361
f 3373 3323 3322
f 3374 3375 3352
f 3305 3360 3370
f 3225 3334 2954
f 3226 3290 3292
f 3239 3342 3274
f 3359 3315 3190
f 3368 3190 3317
f 3211 3228 3304
f 3304 3347 3372
f 3376 3349 3377
f 3334 3306 2954
f 3378 3379 3301
f 3380 3325 3359
f 3309 3228 3338
f 3342 3315 3359
f 3175 3375 3374
f 3233 3381 3280
f 3183 3185 3196
f 3307 3312 3382
f 3211 3226 3228
f 3383 3288 2637
f 3374 3209 3290
f 3307 3259 3384
f 3223 3385 3386
f 3387 3003 2951
f 3232 3388 3389
f 3185 3256 3235
f 3186 3187 3205
f 3390 3345 3282
f 3390 3282 3391
f 3300 3220 3219
f 3307 3392 3236
f 3177 3194 3178
f 3393 3394 3380
f 3393 3380 3276
f 3262 3285 3286
f 2637 2679 3383
f 3191 3190 3395
f 3326 3396 3397
f 3326 3397 3398
f 3374 3226 3175
f 3173 3211 3304
f 3305 3304 3319
f 3382 3312 3311
f 3319 3304 3399
f 3206 3251 3252
f 3273 3400 3271
f 3399 3247 3246
f 3176 3178 3179
f 3401 3236 3392
f 3402 3340 3323
f 3378 3237 3379
f 3403 3404 3405
f 3393 3241 3394
f 3241 3393 3242
f 3190 3315 3317
f 3174 3406 3404
f 3191 3395 2448
f 3245 3221 3193
f 3214 3300 3242
f 3407 3237 3378
f 2151 3203 3238
f 3354 3213 3215
f 3174 3173 3406
f 3393 3378 3214
f 3284 3350 3275
f 2413 3191 2336
f 3408 3279 3272
f 3175 3409 3375
f 3294 3275 3410
f 3265 3410 3376
f 3285 3262 3261
f 3263 3258 3257
f 3295 3261 3340
f 3406 3173 3332
f 3411 3318 3343
f 3412 3215 3413
f 3305 3332 3173
f 3246 3343 3320
f 3414 3295 3294
f 3415 3341 3208
f 3416 3252 3251
f 3284 3283 3350
f 3283 3345 3417
f 3281 3280 2935
f 3223 3222 3418
f 3419 3420 3401
f 3348 3350 3283
f 3370 3332 3305
f 3225 3333 3334
f 3421 3404 3365
f 3339 3249 3229
f 3422 3371 3360
f 3381 3387 2951
f 3423 3223 3386
f 3205 3207 3186
f 3237 3424 3379
f 2413 3424 3237
f 3336 3408 3337
f 3375 3409 3425
f 3426 3427 3428
f 3185 3235 3195
f 3284 3423 3282
f 3352 3425 3353
f 3106 3306 2935
f 3409 3174 3404
f 3263 3257 3377
f 3423 3224 3223
f 3341 3322 3267
f 3250 3206 3299
f 3280 3381 2926
f 3429 3430 3371
f 3429 3371 3422
f 3293 3210 3243
f 3181 3288 3298
f 3393 3214 3242
f 3388 3400 3273
f 3295 3402 3373
f 3431 3432 3386
f 3247 3372 3218
f 3379 3424 3301
f 3424 2413 2412
f 3222 3351 3433
f 3422 3318 3411
f 3419 3392 3434
f 2412 3301 3424
f 3327 3418 3433
f 3435 3429 3422
f 3435 3422 3411
f 3337 3408 3436
f 3354 3215 3344
f 3269 3437 3270
f 3269 3301 3303
f 3438 3439 3270
f 3438 3270 3437
f 3440 3363 3425
f 3338 3227 3249
f 3441 3328 3433
f 3328 3365 3326
f 3421 3440 3404
f 3442 3443 3404
f 3442 3404 3406
f 3442 3406 3444
f 3445 3435 3411
f 3446 3447 3344
f 3251 3250 3448
f 3437 3269 3303
f 2411 3449 2412
f 3450 2412 3449
f 3421 3363 3440
f 3179 3200 3176
f 3310 3312 3451
f 3345 3390 3452
f 3345 3452 3417
f 3453 3223 3418
f 3328 3441 3363
f 3433 3328 3327
f 3235 3255 3236
f 3401 3392 3419
f 3454 3270 3455
f 3456 3212 3457
f 3455 3270 3439
f 3458 3459 3303
f 3458 3303 3302
f 3221 3245 3238
f 3246 3300 3213
f 3460 3302 3461
f 3416 3333 3253
f 3462 3463 3464
f 3297 3465 3466
f 3467 3468 3271
f 3421 3365 3364
f 3469 3365 3404
f 3469 3404 3403
f 3234 3196 3195
f 3460 3458 3302
f 3340 3470 3323
f 3244 3209 3352
f 3273 3272 3389
f 3280 2926 2935
f 3268 3189 3248
f 3214 3213 3300
f 3307 3384 3312
f 3201 3179 3193
f 3416 3251 3333
f 3471 3472 3257
f 3327 3326 3398
f 3209 3208 3341
f 3469 3473 3365
f 3427 3474 3475
f 3427 3475 3388
f 3357 3356 3476
f 3184 3183 3251
f 3295 3340 3402
f 3264 3285 3261
f 3263 3348 3283
f 3351 3243 3244
f 3195 3236 3401
f 3476 3356 3271
f 3476 3271 3468
f 3316 3414 3264
f 3396 3326 3365
f 3396 3365 3473
f 3323 3299 3216
f 3384 3451 3312
f 3316 3295 3414
f 3426 3474 3427
f 3375 3425 3352
f 3477 3385 3478
f 3477 3478 3479
f 3231 3427 3388
f 3266 3265 3376
f 3339 3229 3309
f 3388 3273 3389
f 3188 3480 3189
f 3182 3206 3252
f 3184 3286 3185
f 3223 3453 3385
f 3334 3321 3306
f 3382 3434 3392
f 3186 3207 3182
f 3478 3327 3398
f 3257 3472 3377
f 3254 3124 3481
f 3258 3451 3259
f 3282 3423 3386
f 3481 2517 3482
f 3365 3328 3363
f 3401 3420 3234
f 3272 3279 3389
f 3171 3170 3313
f 3483 3484 3400
f 3483 3400 3388
f 3369 3196 3281
f 3485 3400 3484
f 3427 3231 3417
f 3470 3340 3448
f 3356 3436 3272
f 3307 3382 3392
f 3198 3229 3199
f 3255 3486 3308
f 3391 3282 3487
f 3259 3451 3384
f 3463 3419 3464
f 3308 3367 3255
f 3251 3183 3369
f 3320 3343 3318
f 3472 3376 3377
f 3263 3377 3348
f 3466 3465 3488
f 3486 3255 3256
f 3420 3463 3234
f 3471 3486 3266
f 3184 3251 3448
f 3489 3490 3451
f 3387 3234 3463
f 3456 3413 3215
f 3456 3215 3212
f 3464 3419 3434
f 3303 3459 3438
f 3303 3438 3437
f 3374 3290 3226
f 3398 3491 3492
f 3398 3492 3478
f 3433 3418 3222
f 3344 3246 3354
f 2154 3287 3204
f 3171 3313 3278
f 3269 3378 3301
f 3245 3193 2340
f 3433 3351 3353
f 3188 3197 3480
f 3356 3355 3493
f 3356 3493 3436
f 3217 3229 3202
f 3207 3299 3206
f 3395 2254 2448
f 3250 3299 3470
f 3466 3197 3188
f 3268 3322 3216
f 3233 3234 3381
f 3448 3260 3184
f 3266 3472 3471
f 2442 3494 2432
f 3373 3415 3293
f 3249 3227 3346
f 3446 3344 3215
f 3446 3215 3412
f 3489 3335 3490
f 3495 3385 3477
f 3252 3254 3180
f 3489 3258 3335
f 3185 3286 3256
f 3335 3258 3336
f 3250 3470 3448
f 3190 3496 3395
f 3188 3298 3366
f 3124 3094 3481
f 3397 3491 3398
f 3481 3094 2517
f 3321 3333 3251
f 2704 2432 3494
f 3448 3340 3260
f 3285 3264 3266
f 3211 3175 3226
f 3329 3342 3239
f 3497 3371 3430
f 3315 3342 3358
f 3372 3399 3304
f 3343 3344 3411
f 3232 3231 3388
f 3254 3061 3124
f 3431 3386 3385
f 3431 3385 3495
f 3240 3170 3361
f 3309 3347 3228
f 3194 2447 2406
f 3261 3295 3316
f 3367 3236 3255
f 3482 3180 3254
f 3251 3369 3321
f 3472 3266 3376
f 3277 3191 3237
f 3418 3478 3453
f 3231 3230 3417
f 3225 3253 3333
f 3350 3349 3410
f 3423 3284 3224
f 3373 3293 3295
f 3489 3451 3258
f 3225 2954 2982
f 3224 3284 3275
f 3061 3254 3253
f 3314 3372 3347
f 3373 3402 3323
f 3376 3410 3349
f 3319 3399 3320
f 3293 3208 3210
f 3201 3221 3238
f 3338 3249 3339
f 3359 3192 3276
f 3372 3247 3399
f 3410 3414 3294
f 2628 3289 2516
f 3447 3445 3411
f 3447 3411 3344
f 3242 3300 3219
f 3224 3243 3222
f 3441 3353 3425
f 3230 3263 3283
f 3463 3462 3498
f 3294 3293 3275
f 3441 3425 3363
f 3274 3172 3171
f 3415 3373 3322
f 3378 3393 3407
f 3496 3368 2251
f 3272 3271 3356
f 3443 3405 3404
f 3371 3499 3330
f 3371 3330 3332
f 3400 3485 3467
f 3400 3467 3271
f 3283 3417 3230
f 3293 3243 3275
f 3196 3233 3281
f 3483 3388 3475
f 3296 2679 2704
f 3191 3277 3192
f 3496 3190 3368
f 3199 3248 3189
f 3202 3197 3177
f 3419 3463 3420
f 3482 3288 3181
f 2679 3296 3383
f 3494 3465 2704
f 3341 3415 3322
f 3272 3436 3408
f 3290 3209 3341
f 3296 2704 3465
f 2336 3191 2448
f 3408 3336 3279
f 3306 3321 2935
f 3441 3433 3353
f 3383 3296 3298
f 3182 3252 3180
f 3479 3478 3492
f 3486 3471 3259
f 3351 3222 3243
f 3259 3308 3486
f 3349 3348 3377
f 3394 3325 3380
f 3257 3259 3471
f 3498 3003 3463
f 3389 3263 3232
f 3217 3171 3278
f 3494 2442 3465
f 3350 3410 3275
f 2151 3245 2340
f 3277 3237 3276
f 3219 3218 3240
f 3465 3297 3296
f 2442 3488 3465
f 3416 3253 3252
f 3324 2442 2405
f 3488 2442 3324
f 3247 3218 3220
f 3234 3387 3381
f 3386 3432 3487
f 3386 3487 3282
f 3258 3279 3336
f 3268 3216 3189
f 2951 2926 3381
f 3201 3171 3200
f 3452 3428 3427
f 3452 3427 3417
f 3199 3189 3480
f 3409 3175 3174
f 3254 3481 3482
f 3414 3410 3265
f 3228 3347 3304
f 3276 3407 3393
f 3352 3209 3374
f 3234 3195 3401
f 3341 3291 3290
f 3265 3264 3414
f 3470 3299 3323
f 2628 2637 3289
f 3450 3461 3302
f 3450 3302 2412
f 3362 3488 3324
f 3267 3322 3268
f 3496 2251 2255
f 3194 2446 2447
f 3318 3422 3360
f 3440 3425 3409
f 3292 3346 3226
f 3364 3363 3421
f 2255 2243 2234
f 3366 3297 3466
f 2254 3395 2255
f 3383 3298 3288
f 3293 3415 3208
f 3480 3197 3199
f 3263 3389 3279
f 3288 3482 3289
f 3188 3366 3466
f 3183 3196 3369
f 3362 2446 3194
f 3453 3478 3385
f 3241 3240 3361
f 3440 3409 3404
f 2406 2341 3194
f 3466 3488 3362
f 2517 2516 3289
f 3305 3319 3360
f 3289 3482 2517
f 3499 3371 3497
f 3302 3301 2412
f 3332 3370 3371
f 3380 3359 3276
f 3246 3320 3399
f 2255 3395 3496
f 3260 3262 3184
f 3194 3177 3362
f 3225 3061 3253
f 3262 3286 3184
f 3266 3486 3256
f 3276 3237 3407
f 3478 3418 3327
f 2243 2255 2251
f 3181 3298 3186
f 3466 3362 3177
f 3457 3212 3270
f 3457 3270 3454
f 3325 3394 3241
f 3188 3187 3298
f 3269 3214 3378
f 3307 3367 3308
f 3187 3186 3298
f 3170 3172 3361
f 3466 3177 3197
f 3387 3463 3003
f 3218 3313 3170
f 3482 3181 3180
f 3332 3331 3444
f 3332 3444 3406
f 2154 3203 2151
f 3500 3501 3502
f 3503 3504 3505
f 3506 1095 890
f 266 3507 483
f 3508 3509 3510
f 3511 3512 3513
f 1332 3125 2927
f 3514 3515 3505
f 3516 3517 3518
f 3490 3519 3520
f 3337 3436 3521
f 3521 3522 3337
f 3523 3524 3525
f 3523 3525 3526
f 1413 640 3527
f 3509 3528 3529
f 3505 3504 3530
f 3531 281 3532
f 3337 3522 3335
f 3517 3533 3534
f 3535 3536 3525
f 3512 3526 3502
f 3505 3515 3503
f 3536 3500 3526
f 3530 3504 653
f 3436 3512 3521
f 3520 3519 3537
f 3538 3539 3540
f 3541 3539 3538
f 3502 3526 3500
f 3520 3537 3535
f 3310 3542 3543
f 3544 3462 3545
f 3529 3518 3520
f 3514 3505 3546
f 1413 3527 3547
f 3103 1332 2927
f 3103 3003 1041
f 3509 3535 3510
f 3548 3516 3528
f 1041 3544 1283
f 3527 640 512
f 3498 1041 3003
f 3520 3549 3490
f 3539 3550 3551
f 3539 3551 3552
f 281 3531 1423
f 3526 3525 3536
f 3508 3547 3527
f 3552 1413 3539
f 3541 3550 3539
f 3524 3553 3525
f 3382 3311 3533
f 3529 3528 3516
f 3434 3382 3515
f 3335 3522 3519
f 3462 3544 3498
f 3554 3555 3532
f 3555 3533 3517
f 483 3507 3530
f 3552 890 1413
f 3531 3528 511
f 3525 3553 3556
f 3525 3556 3557
f 3434 3515 3514
f 3554 283 653
f 3537 3519 3522
f 3501 3521 3512
f 3490 3335 3519
f 3503 3558 3555
f 3546 3464 3514
f 3559 3543 3542
f 3554 3532 281
f 3545 3546 3507
f 3500 3536 3535
f 3103 1041 1332
f 3518 3559 3520
f 3545 1283 3544
f 3522 3501 3537
f 3493 3560 3512
f 3493 3512 3436
f 3517 3534 3559
f 3530 653 483
f 3539 3508 3557
f 3125 1332 941
f 3542 3310 3451
f 3451 3490 3542
f 3554 3503 3555
f 3561 3552 3551
f 3520 3559 3549
f 3501 3500 3537
f 3549 3559 3542
f 653 3504 3554
f 3512 3502 3501
f 3528 3508 3527
f 3508 3510 3557
f 3542 3490 3549
f 3311 3534 3533
f 1413 3547 3539
f 3516 3555 3517
f 3562 266 1283
f 3462 3464 3545
f 3520 3509 3529
f 3548 3528 3531
f 3563 3540 3539
f 3563 3539 3557
f 3533 3515 3382
f 3504 3503 3554
f 3508 3528 3509
f 3535 3509 3520
f 3516 3518 3529
f 3563 3557 3556
f 3534 3543 3559
f 3521 3501 3522
f 3533 3555 3558
f 3562 3507 266
f 3530 3546 3505
f 3506 890 3552
f 3506 3552 3561
f 3511 3564 3526
f 3511 3526 3512
f 3531 3532 3548
f 3517 3559 3518
f 3555 3516 3532
f 3516 3548 3532
f 512 511 3527
f 3558 3515 3533
f 3558 3503 3515
f 3562 1283 3545
f 3464 3546 3545
f 3527 511 3528
f 1041 3498 3544
f 3510 3525 3557
f 3525 3510 3535
f 281 283 3554
f 3434 3514 3464
f 3545 3507 3562
f 3547 3508 3539
f 3546 3530 3507
f 3565 3526 3564
f 3311 3310 3534
f 3531 511 1423
f 3500 3535 3537
f 3523 3526 3565
f 3513 3512 3560
f 3310 3543 3534
f 3566 1077 1085
f 3566 1078 1077
f 3566 458 1078
f 3566 459 458
f 3566 562 459
f 3566 563 562
f 3566 585 563
f 3566 567 585
f 3566 565 567
f 3566 568 565
f 3566 569 568
f 3566 571 569
f 3566 587 571
f 3566 573 587
f 3566 574 573
f 3566 582 574
f 3566 588 582
f 3566 674 588
f 3566 584 674
f 3566 581 584
f 3566 578 581
f 3566 655 578
f 3566 968 655
f 3566 533 968
f 3566 531 533
f 3566 707 531
f 3566 706 707
f 3566 719 706
f 3566 1440 719
f 3566 711 1440
f 3566 708 711
f 3566 1317 708
f 3566 1318 1317
f 3566 199 1318
f 3566 196 199
f 3566 1120 196
f 3566 718 1120
f 3566 717 718
f 3566 310 717
f 3566 308 310
f 3566 1024 308
f 3566 1276 1024
f 3566 1260 1276
f 3566 1259 1260
f 3566 1439 1259
f 3566 2158 1439
f 3566 2148 2158
f 3566 2147 2148
f 3566 2159 2147
f 3566 2188 2159
f 3566 2186 2188
f 3566 2185 2186
f 3566 2184 2185
f 3566 2183 2184
f 3566 2038 2183
f 3566 2039 2038
f 3566 2029 2039
f 3566 1918 2029
f 3566 1737 1918
f 3566 1738 1737
f 3566 1983 1738
f 3566 1984 1983
f 3566 2181 1984
f 3566 2182 2181
f 3566 2176 2182
f 3566 2174 2176
f 3566 2353 2174
f 3566 2444 2353
f 3566 2443 2444
f 3566 2414 2443
f 3566 2411 2414
f 3566 3449 2411
f 3566 3450 3449
f 3566 3461 3450
f 3566 3460 3461
f 3566 3458 3460
f 3566 3459 3458
f 3566 3438 3459
f 3566 3439 3438
f 3566 3455 3439
f 3566 3454 3455
f 3566 3457 3454
f 3566 3456 3457
f 3566 3413 3456
f 3566 3412 3413
f 3566 3446 3412
f 3566 3447 3446
f 3566 3445 3447
f 3566 3435 3445
f 3566 3429 3435
f 3566 3430 3429
f 3566 3497 3430
f 3566 3499 3497
f 3566 3330 3499
f 3566 3331 3330
f 3566 3444 3331
f 3566 3442 3444
f 3566 3443 3442
f 3566 3405 3443
f 3566 3403 3405
f 3566 3469 3403
f 3566 3473 3469
f 3566 3396 3473
f 3566 3397 3396
f 3566 3491 3397
f 3566 3492 3491
f 3566 3479 3492
f 3566 3477 3479
f 3566 3495 3477
f 3566 3431 3495
f 3566 3432 3431
f 3566 3487 3432
f 3566 3391 3487
f 3566 3390 3391
f 3566 3452 3390
f 3566 3428 3452
f 3566 3426 3428
f 3566 3474 3426
f 3566 3475 3474
f 3566 3483 3475
f 3566 3484 3483
f 3566 3485 3484
f 3566 3467 3485
f 3566 3468 3467
f 3566 3476 3468
f 3566 3357 3476
f 3566 3355 3357
f 3566 3493 3355
f 3566 3560 3493
f 3566 3513 3560
f 3566 3511 3513
f 3566 3564 3511
f 3566 3565 3564
f 3566 3523 3565
f 3566 3524 3523
f 3566 3553 3524
f 3566 3556 3553
f 3566 3563 3556
f 3566 3540 3563
f 3566 3538 3540
f 3566 3541 3538
f 3566 3550 3541
f 3566 3551 3550
f 3566 3561 3551
f 3566 3506 3561
f 3566 1095 3506
f 3566 1096 1095
f 3566 1381 1096
f 3566 1375 1381
f 3566 1362 1375
f 3566 1361 1362
f 3566 607 1361
f 3566 608 607
f 3566 1085 608
