mtllib Rook_cleaned.mtl
o fine_x+4.50_z+0.75
usemtl 3DModel
v 0.031431498 -0.010131035 0.245400876
v 0.032729531 -0.008414247 0.244378301
v 0.033998140 -0.009216333 0.245168428
v -0.020897187 0.045339948 0.000133912
v -0.021389670 0.045054721 0.001382319
v -0.022193897 0.044945903 0.000147952
v -0.013233707 0.047577031 0.000058155
v -0.028941290 0.042181702 0.000277190
v -0.029103387 0.042068293 0.000546520
v -0.029247649 0.042043870 0.000284028
v -0.030441406 0.041428478 0.000316837
v -0.026445243 0.043917933 0.194187366
v -0.025650750 0.043587730 0.187249699
v -0.021985603 0.047039249 0.190825699
v -0.013217055 0.043775184 0.161775319
v -0.013794704 0.048135531 0.167870256
v -0.019528472 0.043034241 0.167522564
v -0.019403575 0.022728825 0.128405988
v -0.021640349 0.020349499 0.117904924
v -0.017378522 0.024994693 0.115921045
v 0.000744268 0.064252123 0.220993908
v -0.002821317 0.062666540 0.219403489
v 0.000304833 0.063845000 0.218594094
v -0.017542157 0.025761083 0.134976529
v -0.018171095 0.027001775 0.141480161
v -0.020665178 0.022535112 0.139179148
v -0.016990344 0.038650706 0.159244210
v -0.023013750 0.033033205 0.160759586
v -0.025581104 0.015742042 0.113912872
v -0.023730119 0.016746025 0.121869045
v -0.036297796 0.030530094 0.198474971
v -0.034647604 0.032225298 0.189479523
v -0.033254554 0.036829722 0.198761164
v -0.011070892 0.030033328 0.125941688
v -0.007773580 0.031986867 0.127985133
v -0.010270513 0.031764131 0.133413126
v -0.021572338 0.049405257 0.200134320
v -0.016619949 0.052320111 0.203134351
v -0.021396033 0.050400925 0.205217100
v -0.005176418 0.035083935 0.136468443
v -0.009178138 0.033845179 0.138228553
v -0.006633980 0.033332710 0.132404843
v -0.003219803 0.032265266 0.118675660
v -0.007095136 0.031493802 0.122935295
v -0.008175214 0.030453279 0.115938706
v -0.004448305 0.032878113 0.125748954
v -0.002111078 0.034290779 0.130234355
v -0.028220015 0.037261924 0.174573218
v -0.033097408 0.029329245 0.177908664
v -0.029092423 0.029547923 0.169393366
v 0.026389928 0.050071738 0.014416276
v 0.022259820 0.052147945 0.020386655
v 0.020777411 0.051866210 0.015068355
v -0.016751613 0.030107482 0.145138580
v -0.018959649 0.027758084 0.145187026
v -0.021185424 0.025416972 0.147253444
v -0.014102376 0.057602868 0.216383229
v -0.018559375 0.053416686 0.211151757
v -0.014611645 0.055199602 0.209741126
v -0.025423870 0.049688350 0.238476665
v -0.025709446 0.046973289 0.239475323
v -0.028167428 0.047617125 0.238541338
v -0.016679451 0.057059091 0.237549030
v -0.014926919 0.057687007 0.237740675
v -0.014300356 0.056067263 0.238537431
v -0.024175976 0.020007197 0.145479282
v -0.037169423 0.026567582 0.190688196
v -0.009292379 0.036587568 0.088574378
v -0.014785358 0.034525782 0.084221297
v -0.010812422 0.038030101 0.081628382
v -0.016393059 0.058870693 0.235217941
v -0.018262225 0.057356012 0.236511512
v -0.020215049 0.056705687 0.234130513
v -0.028418415 0.048821565 0.235829258
v -0.026408180 0.050693692 0.237178711
v -0.035222837 0.028912087 0.184198858
v -0.022808122 0.046549020 0.240004112
v -0.019701518 0.045122637 0.240131327
v -0.023597634 0.043087183 0.240333772
v -0.012686520 0.032069301 0.139836825
v -0.014352484 0.029090610 0.135687314
v -0.040444865 0.023757036 0.229470077
v -0.038995823 0.027511165 0.223227549
v -0.038722376 0.028327637 0.231038999
v -0.035016451 0.003560749 0.097385384
v -0.035624680 0.007894449 0.091135145
v -0.031610916 0.009127979 0.100757683
v -0.018124039 0.029319446 0.089511261
v -0.020570968 0.029864942 0.082019885
v -0.027451017 0.013121200 0.244281374
v -0.029929552 0.019534228 0.245055181
v -0.027447066 0.017047514 0.243429454
v -0.030316896 0.013616315 0.245462594
v -0.028175958 0.009636462 0.245504247
v -0.022552921 0.018126166 0.134039419
v -0.024234615 0.017345489 0.140573063
v -0.030081371 0.008850854 0.246045805
v -0.027566929 0.000408551 0.247254875
v -0.024578146 -0.005930330 0.247765632
v -0.027172684 -0.003866645 0.247185789
v -0.029272297 0.005251189 0.246477476
v -0.027423578 0.005034499 0.246407926
v -0.029331562 -0.000419671 0.246723947
v -0.029481088 -0.002426846 0.246827477
v -0.027503097 -0.006180544 0.247039183
v -0.030498799 0.002399051 0.246544410
v -0.031167214 0.006140833 0.246264807
v -0.032257045 0.016942007 0.245348070
v -0.025399179 -0.007327285 0.247485331
v -0.031547120 0.001433543 0.246517020
v -0.032429491 0.020063155 0.245096063
v -0.032774999 0.024374788 0.244837797
v -0.033041804 0.012206534 0.245554905
v -0.032346423 -0.000158327 0.246038909
v -0.033569974 0.008351923 0.245597425
v -0.034549854 0.018798091 0.244844533
v -0.024616360 -0.009976986 0.247407024
v -0.034852245 0.010632202 0.244965514
v -0.040899493 0.022096420 0.234039721
v -0.041414070 0.020253979 0.229076369
v -0.026891422 -0.009456936 0.246340441
v -0.035174987 0.007853244 0.245427245
v -0.035152708 0.022978446 0.244287027
v -0.032806029 0.004960153 0.245801166
v -0.034143911 0.003847339 0.245751256
v -0.036195256 0.011231941 0.244858740
v -0.035632055 0.013820357 0.244684628
v -0.024468999 -0.012905143 0.245639234
v -0.031316496 -0.004691515 0.245781243
v -0.031584017 -0.003238611 0.246133055
v -0.029530607 -0.006168132 0.246148373
v -0.034116930 -0.000347105 0.245619992
v -0.028882164 -0.008484866 0.245075183
v -0.031193990 -0.006058077 0.244889358
v -0.027178046 -0.010859849 0.245108214
v -0.035576298 0.003916652 0.245575836
v -0.034617467 0.002145043 0.245689247
v -0.033003758 -0.003239466 0.245022275
v -0.036800237 0.020126804 0.243740576
v -0.035537782 0.027913062 0.243318735
v -0.037332787 0.014634223 0.244297883
v -0.024253960 -0.008406377 0.247841136
v -0.036387453 0.002516945 0.244928132
v -0.038329542 0.024039640 0.242705352
v -0.038160195 0.027378582 0.241828723
v -0.037454911 0.027230324 0.242501680
v -0.026914029 -0.011483525 0.243002514
v -0.028330084 -0.009685005 0.243971498
v -0.030554401 -0.008069820 0.242331933
v -0.023725832 -0.014488526 0.241317261
v -0.033610273 -0.004165082 0.243150995
v -0.037020805 0.010043998 0.244668254
v -0.036537975 0.006261019 0.245267923
v -0.038033421 0.008906633 0.244208188
v -0.039039548 0.025702316 0.241078863
v -0.039586028 0.021122800 0.241080756
v -0.038771370 0.018108130 0.243060433
v -0.038698404 0.012587782 0.243642401
v -0.027732808 -0.011118675 0.237654159
v -0.039389921 0.025729805 0.238485786
v -0.040060762 0.015381684 0.241537956
v -0.035760182 -0.000898160 0.244071098
v -0.038337854 0.003668364 0.242744070
v -0.038214237 0.006167607 0.243864754
v -0.030998222 -0.007621014 0.237972141
v -0.040841545 0.018898815 0.238324964
v -0.027372500 0.008576387 0.126196458
v -0.028102124 0.005826510 0.118980680
v -0.028212848 0.009062123 0.117593123
v -0.039511280 0.006989032 0.241298958
v -0.039460615 0.010318695 0.242301275
v -0.040157855 0.009544343 0.240490501
v -0.023399933 -0.014970841 0.234456702
v -0.020504181 -0.017007462 0.238108465
v -0.033596182 -0.004518638 0.239660441
v -0.036488853 -0.000761728 0.240133864
v -0.040993097 0.013097598 0.238340230
v -0.029738721 -0.009038793 0.232434352
v -0.025632354 -0.013070740 0.228841142
v -0.036946237 0.001549535 0.243606150
v -0.037383246 0.001221450 0.242038400
v -0.040857944 0.009094964 0.237601234
v -0.041751397 0.017048233 0.232655440
v -0.039387905 0.004054441 0.237537083
v -0.041582717 0.017899505 0.222892345
v -0.033012425 -0.005543014 0.235498231
v -0.031529735 -0.006752661 0.228644791
v -0.019803323 -0.017488039 0.231727826
v -0.021392784 -0.016540684 0.226370983
v -0.035287279 -0.002660443 0.236777149
v -0.037309432 0.000124320 0.234047781
v -0.035752863 -0.002035168 0.233561759
v -0.034240282 -0.003818122 0.232880806
v -0.041399032 0.013194239 0.216376909
v -0.040871282 0.018419687 0.209658429
v -0.038937249 0.003195395 0.232197879
v -0.034474464 -0.003321227 0.227287577
v -0.037268589 0.001012800 0.225088887
v -0.040011992 0.005640449 0.227231167
v -0.037267190 0.003160995 0.213437799
v 0.015525088 0.043989426 0.059204188
v 0.018461870 0.043044457 0.065212030
v 0.013655528 0.044355576 0.063933315
v 0.003928565 0.050824346 0.000027231
v 0.003881038 0.051063688 0.005691062
v -0.000549124 0.050351675 0.005715538
v 0.003069354 0.050686032 0.000026869
v 0.010607996 0.053094916 0.015805115
v 0.017121397 0.053080203 0.018792842
v 0.014409180 0.053445780 0.021369681
v -0.040022528 0.008482013 0.216674955
v -0.024619578 0.040152028 0.240146474
v -0.021579245 0.042070364 0.239313227
v -0.022480743 0.040199111 0.238664716
v -0.041465521 0.009692125 0.225734992
v -0.041779418 0.012482253 0.230352766
v -0.041183958 0.008341904 0.232849919
v 0.016590150 0.034642354 0.101764600
v 0.018740866 0.035471261 0.094765386
v 0.020924889 0.033456652 0.099749165
v 0.020163867 0.036849155 0.088535582
v 0.017990388 0.038787500 0.085558628
v 0.023226711 0.038107923 0.081690783
v 0.022830846 0.031388425 0.104932504
v 0.025546512 0.031382595 0.097788615
v 0.024907065 0.029560595 0.107750521
v 0.021950014 0.030772330 0.113344474
v -0.037410171 -0.032713273 0.065241531
v -0.041475796 -0.030446522 0.061404652
v -0.038346611 -0.028519856 0.068854187
v -0.050282195 0.028267337 0.028075255
v -0.049766555 0.025653827 0.033742590
v -0.053856068 0.024089024 0.029507562
v -0.013801659 -0.022043389 0.108692129
v -0.017500053 -0.024570238 0.100179937
v -0.017512756 -0.018885324 0.109221305
v -0.029302074 0.006648397 0.160767114
v -0.022470880 -0.005545387 0.158041840
v -0.024189029 -0.000891924 0.150935432
v -0.051326387 -0.010907536 0.052279020
v -0.047040007 -0.018629996 0.058499050
v -0.051357453 -0.019496809 0.050761638
v 0.014437890 0.033763891 0.113206286
v 0.014487872 0.034297998 0.107038330
v 0.018343234 0.033029641 0.108607348
v -0.023237277 -0.001040023 0.128895699
v -0.024568624 0.002857348 0.131580341
v -0.022335470 -0.000895246 0.135607531
v 0.007487831 0.053146911 0.234495131
v 0.010796559 0.055780793 0.236270431
v 0.010150626 0.053099856 0.234236350
v -0.035943108 -0.005967505 0.093893378
v -0.032592154 -0.007880417 0.097987103
v -0.035436441 -0.010953369 0.091160161
v 0.025903896 0.056354299 0.238286674
v 0.021894798 0.055647437 0.237504613
v 0.018699581 0.058357654 0.237899834
v 0.010133140 0.039925006 0.087098791
v 0.014495371 0.039038102 0.087438824
v 0.012491951 0.037342300 0.093565367
v 0.026942688 0.053748092 0.237606058
v 0.016268477 0.056214053 0.236803571
v 0.022272317 0.059885334 0.237761083
v 0.013827133 0.061609286 0.237784028
v 0.019556076 0.053886468 0.236000414
v -0.058663184 -0.021001866 0.038346602
v -0.058157035 -0.017459756 0.040459084
v -0.055641430 -0.021547584 0.043656623
v 0.013833055 0.053243023 0.234482459
v 0.024265646 0.053482320 0.236852175
v -0.042552056 -0.034267923 0.055767755
v -0.045441163 -0.030002456 0.054984215
v -0.034928613 -0.036456214 0.063718976
v -0.034607854 -0.039993464 0.058851957
v -0.039083960 -0.035996631 0.058883086
v -0.044361639 -0.025264369 0.060329784
v 0.007172893 0.057233075 0.237523252
v 0.011429991 0.058881134 0.237858139
v 0.010313979 0.064219823 0.237291793
v 0.014002781 0.063632193 0.237069069
v 0.028282800 0.058335197 0.237560948
v 0.030876274 0.055248168 0.238017541
v -0.035579538 -0.030541281 0.070838285
v -0.032476520 -0.030425630 0.075581879
v -0.034123074 -0.033709248 0.068675384
v 0.005051609 0.058743575 0.238347619
v 0.001751198 0.056479266 0.238124302
v -0.002711778 0.057805741 0.239101947
v -0.047666867 -0.043627439 0.039183515
v -0.051513213 -0.038180402 0.039232377
v -0.047031261 -0.041411902 0.043345727
v -0.022337435 -0.001898824 0.145716947
v -0.020714680 -0.004818390 0.148518276
v -0.007594313 -0.025470155 0.108421637
v -0.009905045 -0.028069253 0.102000355
v -0.012163958 -0.025538438 0.104523151
v -0.023676948 0.000271679 0.146035654
v -0.006206977 -0.028232100 0.104008278
v -0.008882401 -0.030833492 0.098077849
v 0.010170784 0.062619141 0.208545137
v 0.011647641 0.063021863 0.209392062
v 0.009958288 0.063550272 0.212566744
v -0.008908011 0.053940102 0.239231293
v -0.015137987 0.051874699 0.239461286
v -0.009914960 0.055705768 0.239222340
v 0.009012839 0.062904064 0.237854389
v 0.005482950 0.061597773 0.238544649
v -0.001732195 0.052651547 0.236847568
v -0.006351047 0.048579102 0.235563725
v -0.007990324 0.050742365 0.237694009
v -0.020427912 -0.003924545 0.141153369
v -0.023170668 0.000054961 0.141941161
v 0.006808948 0.064918043 0.236953282
v 0.003967964 0.065248974 0.235769890
v 0.009055667 0.065666627 0.235223260
v 0.012938088 0.051060283 0.004235774
v 0.013390389 0.050603872 0.000168446
v 0.018489756 0.049782758 0.000299829
v 0.018531374 0.049781649 0.000360369
v -0.017776664 -0.007278874 0.136646479
v -0.020614561 -0.004492211 0.131329064
v -0.020239148 -0.004203932 0.136022939
v -0.055727832 -0.015067957 0.044902096
v -0.008863976 -0.022368536 0.113767858
v -0.024537746 0.004032532 0.137591672
v -0.015120791 -0.010406581 0.134049304
v -0.013239321 -0.011208241 0.140528358
v -0.011426753 -0.013315329 0.134946522
v -0.018158935 -0.008461652 0.128852642
v 0.017951975 0.052890543 0.025334607
v 0.007085769 0.055345785 0.236333262
v 0.030334823 0.053407624 0.237913969
v 0.033038395 0.051289923 0.236939109
v 0.030500716 0.051183285 0.236550383
v -0.024684184 -0.000641692 0.123272898
v -0.022309059 -0.004986566 0.123032918
v -0.014643301 -0.011972087 0.129172450
v -0.022612394 -0.013751723 0.108848705
v -0.021706405 -0.009606077 0.116999653
v -0.018186812 -0.013893867 0.116627028
v 0.012307778 0.064604580 0.236121069
v -0.025497294 0.006534846 0.132047167
v -0.024991675 0.001691741 0.126616463
v -0.026208682 0.005050244 0.126474845
v -0.026134006 -0.001304567 0.117757370
v -0.017485320 -0.018852968 0.234668916
v 0.003957620 0.055540912 0.237141063
v 0.006980375 0.063904742 0.237897254
v 0.013703411 0.065944075 0.234969476
v -0.048879308 -0.007017787 0.057099447
v -0.050980255 -0.004916181 0.052758201
v -0.048811647 -0.002734202 0.056570679
v -0.017755933 -0.011027051 0.123224498
v -0.014488801 -0.014209939 0.123430146
v -0.011164352 -0.014786752 0.129193367
v -0.065453451 0.001064938 0.003100960
v -0.064470475 0.002045612 0.011753417
v -0.065654671 -0.003558290 0.003740004
v -0.003223757 -0.026348837 0.109460378
v -0.002893429 -0.028590771 0.104638506
v -0.026725331 0.002350837 0.120446570
v 0.003597057 0.052954219 0.235236051
v 0.003953785 0.064299977 0.237814080
v -0.005429613 0.053887027 0.238558736
v -0.019928723 -0.008517962 0.123142811
v -0.040765543 0.036737852 0.020691148
v -0.043877674 0.033950148 0.013861661
v -0.035897905 0.039280754 0.015903214
v 0.007234139 0.051527747 0.007369690
v 0.003527969 0.051610884 0.011511260
v 0.020847927 0.050422143 0.007856556
v -0.030487553 0.034200211 0.241641730
v -0.029738329 0.035852274 0.241008470
v -0.027750173 0.035367889 0.240480778
v -0.022817042 0.038080682 0.048435244
v -0.015538747 0.041624589 0.048244736
v -0.012898560 0.041329453 0.056546833
v -0.025080734 0.036124028 0.238766648
v -0.026180900 0.037782445 0.239909677
v -0.037990913 -0.009296573 0.087799122
v -0.038536424 -0.005759848 0.088668304
v -0.026834960 0.015005537 0.146977131
v 0.041213787 -0.014258257 0.233649649
v 0.044347923 -0.011069504 0.233158330
v 0.043253644 -0.012480500 0.229976812
v -0.008014718 0.035704543 0.141754693
v -0.026565445 0.019341196 0.152267748
v -0.024335312 0.026171083 0.154956459
v 0.003496563 0.065143784 0.221957717
v 0.000794358 0.064918013 0.225060909
v -0.004470293 0.037080901 0.141554907
v -0.025488863 0.003601840 0.145678763
v -0.037088627 0.023132172 0.185312069
v -0.019027970 0.048250603 0.239959808
v -0.020342088 0.050560052 0.239154056
v -0.026152350 0.050043944 0.222140620
v -0.028957367 0.045996616 0.214809333
v -0.025100492 0.049450519 0.213330332
v -0.026178366 0.051329039 0.233588802
v -0.025802671 -0.005011053 0.113914299
v -0.007923732 0.037904291 0.146841466
v -0.012494082 0.034921005 0.146411492
v -0.011305982 -0.016941688 0.122811203
v -0.012363671 -0.019225009 0.115738831
v -0.014822487 -0.016402916 0.117620393
v 0.025194552 0.048887842 0.007188188
v -0.000680496 0.060888627 0.238823341
v -0.017470850 0.056693128 0.221462642
v -0.020546476 0.053635709 0.216197988
v -0.017737887 0.055396959 0.216531305
v 0.032262941 0.041268583 0.230627092
v 0.030269998 0.042458041 0.230083083
v 0.033034558 0.042600070 0.231831281
v -0.010989837 -0.015323499 0.247600775
v -0.009243068 -0.014473765 0.246032950
v -0.009393286 -0.016388281 0.246060691
v -0.008114711 -0.019150648 0.122358301
v -0.016795672 0.033147961 0.150717572
v -0.015333406 0.036313403 0.153169202
v -0.004206402 -0.031348472 0.099114699
v -0.009931782 -0.010687263 0.246676267
v -0.008242774 -0.012485590 0.245408912
v -0.010716085 -0.012674794 0.247438943
v -0.027646564 0.014165673 0.105415652
v -0.029253108 0.013230974 0.098801034
v -0.024364994 0.018980198 0.100963899
v -0.011914838 0.039455594 0.153950078
v -0.008131951 -0.015855699 0.245269807
v -0.007102378 -0.015265642 0.244232381
v -0.007590793 -0.016813031 0.243898784
v -0.027963354 0.000975716 0.115093133
v 0.006358393 0.035334296 0.103377672
v 0.011787529 0.035467515 0.102071629
v 0.009205954 0.034936179 0.106161572
v -0.028990271 0.003260752 0.113980264
v -0.025265867 -0.008782307 0.110259561
v -0.022013800 0.023396790 0.093866853
v -0.017506737 0.027578250 0.096259211
v -0.020024356 0.024104333 0.100485150
v -0.023177923 0.054372178 0.234703166
v -0.024787107 0.052670345 0.236638639
v 0.005786563 0.046765983 0.048907349
v 0.006585728 0.045399446 0.056313281
v 0.002677000 0.045768739 0.053147026
v -0.008289234 -0.018473635 0.245012886
v -0.005954656 -0.018142740 0.244056052
v -0.007222285 -0.019721519 0.244528157
v -0.035899822 0.033607275 0.208350390
v -0.024433830 0.018420563 0.108612380
v -0.007911865 -0.014175610 0.244735352
v -0.009639696 -0.018246272 0.246162351
v -0.011086382 -0.017592266 0.247328016
v -0.009977779 -0.017219259 0.246522098
v 0.000141726 0.062302188 0.211498924
v -0.000784091 0.061213996 0.208480795
v 0.002579244 0.062527986 0.210543207
v -0.013120692 -0.010231611 0.247819013
v -0.013766167 -0.012876658 0.248472771
v -0.007059335 -0.011499963 0.243880850
v -0.006409616 -0.012016307 0.242266362
v -0.007072011 -0.012697936 0.243638877
v -0.005848708 -0.015457406 0.242771241
v -0.006822241 -0.013953471 0.243688420
v -0.028202955 0.022183608 0.162123863
v -0.015921159 0.051565994 0.194351111
v -0.018263855 0.049593222 0.187638830
v -0.065706460 -0.003553159 0.003395627
v -0.065465949 0.001016217 0.003039127
v -0.015146451 0.026992490 0.126403034
v -0.028248793 0.015827823 0.094576134
v -0.033368243 0.041335521 0.021810639
v -0.037458220 0.038715769 0.024964469
v -0.017837988 0.053449578 0.238715124
v 0.016394511 0.037300024 0.090900804
v -0.019054753 0.000292497 0.243352400
v -0.019482732 0.003179756 0.241149846
v -0.016814294 0.000944207 0.241020718
v 0.027676496 0.049774111 0.235030299
v 0.026764519 0.052072632 0.236657687
v -0.013644648 -0.015668421 0.248425267
v -0.007596048 -0.013299119 0.244260105
v -0.022300100 0.005822952 0.242060902
v -0.020172561 0.007260056 0.239439292
v -0.030576722 0.006283584 0.109279931
v -0.007970617 -0.010259388 0.244885646
v -0.006402485 -0.010075198 0.242544104
v -0.027022390 -0.010834611 0.104460306
v -0.008593873 -0.017173819 0.245128051
v -0.031134101 0.040865528 0.010646516
v -0.027582573 0.043986276 0.017510695
v -0.044856218 -0.035213853 0.051832086
v -0.040634684 -0.039517057 0.052586252
v -0.045882772 -0.038480162 0.047975455
v -0.013978204 -0.030166443 0.095545404
v -0.029056761 -0.000853066 0.110554942
v -0.029020140 -0.005890875 0.105788240
v -0.010743947 -0.033338712 0.093010355
v -0.013389393 -0.035347504 0.087635482
v -0.029214479 -0.013528102 0.097983019
v -0.025616528 -0.015406652 0.101540843
v -0.017773516 -0.009867041 0.248428325
v -0.006290510 -0.013372750 0.242671850
v -0.016420864 -0.015806836 0.248219270
v -0.016876699 -0.013176844 0.248572755
v -0.030101424 -0.003553940 0.246431605
v -0.017910774 -0.033885179 0.086061844
v -0.005009872 -0.013202248 0.241490943
v -0.003153520 -0.014416253 0.242491460
v -0.032994489 -0.001888539 0.100936957
v 0.029355107 0.030913310 0.090787548
v 0.023981465 0.034469317 0.090407784
v 0.029427214 0.034245183 0.082282956
v -0.031469343 0.002325119 0.106222011
v -0.055623696 -0.031279751 0.037998666
v -0.052165306 -0.031898098 0.044136480
v -0.052656337 -0.033976627 0.041108726
v -0.011216252 -0.009143521 0.246912060
v -0.009337779 -0.017640866 0.245575799
v -0.054585488 -0.035685680 0.034052534
v -0.052125848 -0.040547369 0.031858790
v -0.055413001 -0.036367943 0.027893527
v 0.015663530 0.064164557 0.212893970
v 0.022238123 0.063873248 0.215633144
v 0.019599799 0.065813522 0.223048532
v -0.031126785 -0.010457319 0.097733147
v -0.029798115 -0.009302630 0.101067811
v -0.022125782 -0.020164905 0.100442165
v 0.035970986 0.046119619 0.235354821
v 0.036054716 0.049487115 0.236660359
v 0.039044357 0.045938862 0.236903704
v -0.037381008 -0.001815514 0.092648762
v -0.015557025 0.005350177 0.237755694
v -0.049427660 0.029398097 0.013503170
v -0.048290505 0.029634817 0.008588371
v -0.020192088 -0.028601223 0.090925799
v -0.030959461 -0.018432961 0.090679909
v -0.026675346 -0.019121496 0.095553925
v -0.032599807 -0.013135100 0.093595489
v -0.022845469 -0.032822590 0.082996912
v -0.032618886 0.039989004 0.004414823
v -0.032993759 0.040163079 0.000383023
v -0.009431678 -0.009167706 0.245769993
v -0.009716344 -0.019488544 0.246052609
v -0.019180115 -0.013512064 0.248173219
v 0.026043330 0.063724611 0.221793304
v 0.014729852 0.043692731 0.070982869
v 0.021267247 0.041366548 0.073308802
v 0.016002073 0.041295158 0.080396508
v -0.039936691 0.000557662 0.085866038
v -0.039207511 0.005017900 0.085401242
v -0.042131516 0.002329882 0.078775316
v -0.022526050 0.038881287 0.237393566
v -0.023430893 0.037085950 0.237366477
v -0.024039105 0.038477683 0.238951233
v -0.023990336 -0.024034645 0.092775536
v -0.036228509 0.016770762 0.244118572
v -0.033870503 -0.021315550 0.084253542
v -0.034988815 -0.016425490 0.087503953
v -0.005200031 0.033505655 0.100002485
v -0.004703482 0.034906022 0.096071853
v -0.001649607 0.035005891 0.099062551
v -0.016271621 -0.008036913 0.247787693
v -0.020935079 -0.024568172 0.095738505
v -0.015862340 0.046439681 0.034523005
v -0.008239580 0.046578139 0.041234498
v -0.014640485 0.043734700 0.042488493
v -0.027574764 -0.022595318 0.090000705
v -0.030286262 -0.024064413 0.085517580
v -0.040294872 -0.003731086 0.085158058
v -0.065461946 0.001068037 0.003035101
v -0.064515818 0.005149309 0.002726256
v -0.063872173 0.006565278 0.004865640
v -0.062116527 0.011616863 0.002248613
v -0.061668612 0.012433094 0.004848242
v -0.063641063 0.007515141 0.002551496
v -0.061275259 0.013265682 0.002129850
v -0.060163246 0.015318893 0.001982802
v -0.059883807 0.015753764 0.003979589
v -0.059173095 0.016815281 0.001877985
v -0.057575734 0.019986018 0.007218540
v -0.056429156 0.020898543 0.001592518
v -0.055418357 0.022040660 0.001515856
v -0.053013296 0.025160811 0.007156376
v 0.008902096 0.064832464 0.219310045
v 0.005759388 0.063693060 0.214430017
v -0.041390416 0.034513011 0.000717813
v -0.038368034 0.036194764 0.007015562
v -0.044668765 0.032123754 0.005804109
v -0.043618429 0.033049061 0.000803872
v -0.053039430 0.024705091 0.001337285
v 0.023438990 0.051630283 0.235433595
v -0.048645359 0.028749391 0.001076486
v -0.064152493 0.006228122 0.002646100
v -0.047348288 0.031959234 0.019493158
v -0.058487748 0.017990459 0.001794461
v -0.049352496 0.028158526 0.001113735
v -0.063258163 -0.016305906 0.016869886
v -0.063176158 -0.012930647 0.024956185
v -0.062591389 -0.018213257 0.024747243
v 0.033550498 0.048703333 0.235598806
v -0.026356618 0.043936722 0.240109625
v -0.037977424 -0.014263595 0.084423201
v -0.041259254 -0.009991534 0.079807441
v 0.009046711 0.043535594 0.076203301
v 0.008978484 0.044924478 0.065669236
v 0.015074130 0.035972625 0.096909675
v -0.043885503 0.034181976 0.026292463
v 0.004729810 0.053124045 0.022278445
v 0.004960762 0.052686542 0.017104777
v -0.057849097 -0.031494513 0.029326347
v -0.012143531 0.050484204 0.238950883
v 0.015644758 0.066125403 0.225194395
v 0.013529785 0.065401138 0.220719900
v -0.033987351 -0.025885443 0.079646504
v -0.064213292 -0.016461206 0.004431146
v -0.065099486 -0.012226829 0.004086264
v -0.064474355 -0.009532976 0.010599099
v -0.063869136 -0.017301569 0.005452479
v 0.024680587 0.065081321 0.227606595
v 0.021247282 0.065890835 0.228970054
v -0.007701007 0.043281158 0.056718559
v -0.003697647 0.044300337 0.057735471
v -0.006135749 0.043484798 0.062379174
v 0.016387314 0.066534250 0.229756595
v -0.026988872 0.041209318 0.240044802
v -0.027899333 0.038732905 0.240258953
v -0.044216916 -0.008490197 0.070970734
v -0.043340988 -0.003101932 0.075706851
v -0.007314383 -0.033805381 0.094044571
v 0.010802060 0.065765863 0.222739381
v 0.012660447 0.066361786 0.225808091
v 0.007425574 0.065851625 0.224869735
v 0.025416391 0.040272111 0.065299923
v -0.025796039 -0.027415795 0.086578846
v 0.027795457 0.037628340 0.075303682
v 0.026904314 0.036737933 0.079496972
v -0.039736205 -0.017377501 0.077695624
v 0.008346832 0.037297302 0.095803997
v -0.019700175 0.041186385 0.043255292
v 0.023729331 0.065407713 0.230851754
v 0.009766560 0.045821191 0.052220931
v 0.011424428 0.047118655 0.045490534
v -0.015940975 0.046866256 0.238723314
v -0.016404764 0.048455443 0.239793821
v -0.031211364 0.039609123 0.239927521
v -0.029773345 0.039596227 0.240116777
v -0.031356169 0.038468067 0.240432459
v -0.057612472 -0.033459431 0.021121490
v -0.059306029 -0.030297343 0.012305180
v -0.061008408 -0.025370452 0.021900805
v -0.009613323 0.039989784 0.075946098
v -0.014746384 0.036785321 0.076337351
v -0.015017471 0.038627271 0.069623431
v 0.002777039 0.061135310 0.204135827
v 0.006012867 0.062887781 0.209669392
v -0.043707534 -0.012597711 0.070125731
v -0.029550968 -0.028827767 0.081184109
v -0.036796623 -0.019383758 0.081894953
v 0.043013905 0.045482583 0.237980458
v 0.040926847 0.049138370 0.237294197
v -0.042312202 -0.043306182 0.046679656
v -0.021752066 0.036662559 0.235259057
v -0.036846959 0.037882895 0.000512051
v 0.005031352 0.064640627 0.219138192
v -0.019897758 0.042845910 0.038784442
v -0.060648952 -0.017099296 0.035158067
v -0.061496561 -0.020900347 0.029773282
v -0.062418161 -0.014770396 0.030160296
v -0.035628356 -0.027667418 0.075020163
v -0.034586873 -0.029287357 0.074271812
v -0.043896506 -0.016823709 0.066678484
v -0.046315051 -0.010888246 0.062915663
v -0.057682673 -0.024997398 0.038385163
v -0.059322269 -0.026335035 0.032100163
v -0.035720960 -0.022633388 0.080697434
v 0.001229078 0.063331907 0.215614783
v -0.059785314 -0.022302943 0.034891997
v 0.016577120 0.052266218 0.012863391
v -0.052259868 0.011538528 0.043586467
v -0.048617396 0.009924213 0.049937314
v -0.050928601 0.005544766 0.049064007
v -0.048997190 0.028486640 0.001092561
v -0.034086085 -0.028315893 0.076167151
v -0.042006168 -0.015689894 0.072937301
v -0.048207067 -0.028287712 0.052176490
v -0.051413954 -0.026337548 0.048421300
v -0.047914000 -0.024466659 0.054464026
v -0.038839243 0.007896857 0.205048607
v -0.040279620 0.010869934 0.208994585
v -0.064257879 -0.001853091 0.018029400
v -0.064814617 -0.003846657 0.009655452
v -0.065354452 -0.007757579 0.004482949
v -0.005569575 0.041761385 0.076056121
v -0.002693635 0.043590862 0.070975293
v -0.001327276 0.041672213 0.081106301
v -0.024907005 0.040124810 0.039330285
v -0.023411920 0.042958077 0.034619260
v 0.005265481 0.034143745 0.117045500
v 0.010052461 0.034241324 0.116680225
v 0.006381331 0.034423786 0.123289296
v -0.028599911 0.032792399 0.241547390
v -0.063144362 0.003923038 0.021204349
v -0.062516405 0.001300052 0.027842059
v -0.012342537 0.048277856 0.237646430
v -0.011417930 0.045932701 0.235456361
v -0.014850672 0.045663180 0.236944385
v 0.041558446 0.043761465 0.237494846
v 0.007549480 0.061899639 0.206135057
v -0.026385768 0.042655531 0.005815648
v -0.021058962 0.044925977 0.007238088
v -0.023955232 0.044419367 0.011415009
v 0.037081333 0.051229312 0.237202353
v 0.038304449 0.049199983 0.237371577
v -0.012886696 0.047681674 0.000054462
v -0.008928537 0.048509334 0.007217330
v -0.015946875 0.046536485 0.005423211
v -0.012940749 0.047665815 0.000055002
v -0.038097345 -0.023671767 0.075617525
v -0.021523694 0.040421411 0.237804155
v -0.061619324 -0.024040312 0.008475464
v -0.018172724 0.043754461 0.237696619
v 0.026766542 0.064094194 0.231196547
v 0.011137365 0.050797857 0.000123684
v 0.006194714 0.050840104 0.000055656
v -0.028514946 0.036986737 0.240702459
v 0.001909441 -0.024581122 0.115145059
v -0.003698323 -0.023561871 0.115719776
v 0.052289737 0.041172113 0.219915910
v 0.052612945 0.042437111 0.226598144
v 0.049569714 0.046551802 0.223076748
v -0.047932543 0.015774793 0.046407737
v -0.046522803 0.020665681 0.043072878
v -0.044136619 0.019910888 0.048455384
v -0.047108719 -0.004816059 0.061785416
v -0.056690912 -0.008598764 0.043927707
v -0.054236242 -0.003123391 0.047110254
v -0.046078500 0.013240946 0.051677819
v -0.044249946 0.012130176 0.058044627
v -0.046642412 0.009348469 0.054784225
v -0.043341751 0.026863453 0.040223539
v -0.045057119 0.023884794 0.041356707
v -0.048186931 0.022700757 0.038641301
v -0.057291136 0.021080944 0.016923306
v -0.054589155 0.024319800 0.024201517
v -0.057678049 0.019524333 0.024884060
v 0.010840360 0.066640861 0.229067331
v 0.002227845 0.064590067 0.219213944
v -0.017242595 -0.007926588 0.144473949
v 0.021025083 0.065743830 0.232010261
v 0.023993496 0.064887019 0.232797133
v -0.031379454 0.036323247 0.240931875
v -0.060011850 0.016513141 0.011530072
v -0.057456902 0.018147702 0.029342866
v -0.057776821 0.015405140 0.032311251
v -0.059968262 0.014109868 0.026757029
v -0.056200506 0.021353234 0.028274861
v 0.053130783 0.001816434 0.239068215
v 0.055410048 0.004598954 0.237536922
v 0.054230801 0.001529566 0.236070697
v -0.043467935 -0.021502847 0.064596355
v 0.055949662 0.004171522 0.233325346
v 0.056384047 0.008523805 0.238690740
v 0.053635092 0.004815749 0.240588255
v 0.053927129 0.008393098 0.241350972
v 0.054840236 0.037419872 0.223024095
v -0.003851727 -0.016293170 0.243862814
v 0.050694823 0.045768250 0.230671981
v 0.047248121 0.050105598 0.231354568
v -0.005334778 -0.020435570 0.244860031
v -0.007787076 -0.021042116 0.244650646
v -0.026294394 -0.031461882 0.081556458
v -0.028912304 -0.032431828 0.077573300
v -0.045473872 -0.005924143 0.067261243
v 0.018466652 0.062732501 0.236915750
v 0.015446210 0.064465022 0.236048313
v 0.018458894 0.064315229 0.235424506
v 0.026917455 0.061232996 0.236100284
v 0.025316293 0.063275254 0.234542335
v 0.028427712 0.061941577 0.234678056
v 0.025948818 0.060155422 0.237095568
v -0.001673121 -0.015591965 0.243992416
v -0.000189143 -0.016513588 0.245412279
v -0.002271511 -0.016832147 0.244981020
v 0.000266167 -0.013928458 0.243239739
v 0.002232690 -0.015939000 0.245129504
v 0.000414514 -0.015714008 0.244809748
v 0.018391137 0.050736301 0.233441137
v 0.021653322 0.063326640 0.235738155
v 0.021460836 0.064814042 0.234334102
v 0.029522109 0.028123052 0.098933085
v 0.011380854 0.044947960 0.058024677
v 0.014539475 0.044841812 0.052170179
v 0.027504268 0.028017240 0.105246112
v 0.025997913 0.029797830 0.102845390
v -0.008777699 0.049893292 0.030498619
v -0.008283548 0.048740497 0.035034131
v -0.011515739 0.048665273 0.032389844
v -0.005765945 -0.019482907 0.244712752
v 0.008304998 0.050772239 0.035950967
v 0.002250071 0.050464086 0.036155577
v 0.007790820 0.052611751 0.029945829
v -0.021124748 0.039887038 0.235738703
v 0.011242375 0.034484400 0.109308500
v -0.000481564 -0.015633253 0.244057853
v -0.041289064 -0.020397018 0.070773273
v 0.026672753 0.027549848 0.111793648
v -0.003626853 -0.017985544 0.245283230
v -0.025842850 -0.034041770 0.078815518
v -0.004847922 -0.019230726 0.245069313
v -0.050970696 0.017649930 0.040331444
v 0.002244023 0.045003880 0.060790087
v 0.030637743 0.025323237 0.105314538
v 0.037614243 -0.017950587 0.235689941
v 0.038655742 -0.016564619 0.232883497
v 0.037165410 -0.018914414 0.233121462
v -0.001838076 0.044330910 0.064399221
v 0.001246401 0.044498998 0.068452664
v 0.017903495 0.045466470 0.044869833
v 0.017805699 0.065824705 0.233565149
v -0.041068443 -0.025007732 0.067167852
v -0.020354509 0.030690581 0.152831144
v -0.018824704 0.034585022 0.155620508
v 0.048936801 0.046829816 0.234387487
v 0.049563419 0.044906135 0.235580589
v 0.047620189 0.046022402 0.236126295
v 0.029438924 0.060278153 0.236133163
v 0.031144281 0.058445865 0.236441125
v 0.046344745 0.043065013 0.237708175
v 0.044061796 0.042036068 0.238053834
v -0.015872832 -0.037686428 0.080532247
v -0.010846774 -0.038428317 0.082951941
v -0.027940357 -0.035071539 0.074217011
v -0.054654822 -0.027115254 0.042979476
v -0.052854748 0.026531316 0.017002562
v -0.050459815 0.029052415 0.023146249
v -0.030896115 -0.033840468 0.072538705
v -0.062542307 -0.004819969 0.030532203
v -0.060591053 -0.001510724 0.035832446
v -0.061450776 -0.009391795 0.034442969
v -0.020143767 -0.036182300 0.080096738
v -0.024106884 -0.036304013 0.076492153
v 0.048527723 0.043840053 0.236543378
v 0.045763375 0.045843549 0.237135489
v -0.000320915 0.047111696 0.045294210
v -0.001516008 0.045127458 0.053374153
v 0.050729911 0.044661918 0.234190517
v 0.045521595 0.048829218 0.236079833
v -0.059337329 -0.006764707 0.039115030
v -0.058002429 -0.003379748 0.041345852
v 0.028786915 0.001130561 0.231998486
v 0.032554628 0.005334523 0.230811499
v 0.035635843 0.002990759 0.233801317
v 0.027013009 0.005082984 0.228987836
v 0.032649388 -0.000001380 0.235053407
v 0.029544098 -0.000802130 0.234322774
v 0.029616703 0.007730769 0.228794885
v 0.032512274 0.007502768 0.229961699
v -0.055804170 0.008421371 0.040971217
v -0.055760382 0.014807946 0.037210463
v -0.052521191 0.020385398 0.036335774
v 0.027075303 -0.001970147 0.234386970
v -0.051097163 -0.000139323 0.050804925
v -0.049041104 0.001480299 0.054418372
v -0.055452687 0.023209544 0.012087181
v -0.023882791 0.034355625 0.237089529
v 0.039986715 0.005577114 0.235687407
v 0.037238465 0.007277335 0.232485916
v 0.038996090 0.003135119 0.237021526
v 0.034393331 0.007724980 0.230736006
v -0.043183522 0.030522778 0.035574806
v -0.045748804 0.030753512 0.031329154
v 0.052659021 0.042293705 0.232335618
v 0.054820355 0.038931584 0.229372237
v -0.059518192 0.008178011 0.034121296
v -0.061697078 0.007844549 0.027017199
v -0.012085432 -0.040154861 0.077577961
v -0.019857917 -0.038117161 0.075365100
v -0.054142354 0.003640802 0.045348787
v -0.057394904 0.002337525 0.041099789
v -0.045588012 0.016446261 0.049750807
v -0.062471969 0.009302374 0.019266740
v -0.059762260 0.016725545 0.020031528
v 0.015173911 0.066180652 0.233088212
v 0.000719820 0.064348742 0.237090519
v -0.001577962 0.064804189 0.235438329
v 0.011652421 0.066464316 0.232687663
v -0.025823382 0.032766146 0.239036482
v -0.025385342 0.018379669 0.240696800
v -0.026470097 0.018702713 0.242200166
v -0.026132043 0.020930922 0.241613847
v 0.004274915 0.065877491 0.231602053
v -0.060989700 0.013356285 0.020962496
v -0.022067720 0.035774502 0.062096237
v -0.021559093 0.033948208 0.070653764
v -0.058765403 -0.032739872 0.005917706
v -0.060187756 -0.029051238 0.006907246
v -0.021755414 -0.012953000 0.247550262
v -0.013501229 -0.018405877 0.247605772
v -0.014873109 -0.019213172 0.245974758
v -0.011784722 -0.020348994 0.244967323
v -0.003977499 0.061412549 0.238618013
v -0.008106563 0.061486157 0.237885107
v -0.003376737 0.063312662 0.237497250
v -0.020693863 -0.010144419 0.248322694
v -0.020907693 -0.011515223 0.248112704
v -0.022681357 -0.009760106 0.248082526
v -0.021580220 -0.007632230 0.248279294
v -0.003011945 0.064107497 0.229556118
v 0.000158914 0.062893644 0.238328530
v -0.023674774 -0.003448498 0.247926103
v -0.002938503 0.064461483 0.232996206
v -0.019834446 -0.005796222 0.247815430
v -0.006641938 0.039829917 0.082290331
v -0.013404032 0.048731644 0.029670872
v -0.019234780 -0.011687044 0.248406615
v -0.051633579 -0.035212672 0.042352908
v -0.049645322 -0.036444563 0.044439163
v -0.022370688 -0.001655554 0.247072541
v -0.025236712 0.000704652 0.247187649
v -0.004754028 0.063096400 0.224948995
v -0.019736356 -0.003499930 0.246820574
v -0.020361050 0.047294391 0.021123300
v -0.016009847 0.048329086 0.017894695
v -0.011842503 0.049849910 0.024196146
v -0.007561035 0.063009608 0.236086987
v -0.007955770 0.044239452 0.050040705
v 0.023424096 0.048494748 0.000465800
v 0.023664333 0.048423191 0.000474577
v 0.023593940 0.048478934 0.000824810
v -0.003842394 0.059844691 0.238984993
v -0.008261503 0.058906274 0.238799847
v -0.010648382 -0.021713449 0.242170614
v -0.009323045 -0.021478844 0.243738274
v -0.016740862 -0.005664903 0.246898759
v -0.019554975 -0.017313221 0.243479489
v -0.018483758 -0.017091810 0.246432141
v -0.017059842 -0.018431308 0.245580113
v -0.018907938 -0.015549659 0.247481579
v -0.020962958 -0.015825542 0.246398128
v -0.021980943 -0.015358490 0.244603147
v -0.015184556 -0.019963604 0.242893571
v -0.026381888 0.012574123 0.122027988
v -0.021169406 0.046418058 0.016069454
v -0.016074725 0.047155513 0.011443755
v 0.000243305 0.017729806 0.224588159
v -0.000483216 0.011853631 0.227362137
v -0.003450356 0.014717139 0.227694207
v 0.031089940 0.059847716 0.235538920
v -0.015701430 -0.040239826 0.074346951
v 0.002618808 0.020415387 0.222777735
v 0.000765253 0.024440994 0.223066245
v -0.027334933 -0.036891836 0.070993533
v -0.013028008 0.058080354 0.237983724
v -0.014251117 0.057278668 0.238153152
v -0.024171081 0.002666655 0.245843207
v -0.016465630 -0.017645243 0.247289229
v -0.030987305 -0.035957738 0.069318673
v 0.002884471 0.012158066 0.225875828
v -0.003463043 0.033566731 0.101178584
v -0.003068253 0.032996465 0.104117033
v -0.013631449 -0.007814077 0.246812806
v 0.002808492 0.043729884 0.075278326
v 0.004430364 0.016542902 0.223235318
v -0.027491665 -0.011166976 0.223430115
v -0.011386231 0.059874097 0.237821262
v -0.023578692 0.048943509 0.239122324
v 0.042353917 -0.012565472 0.236438144
v -0.020647628 0.053392271 0.238018187
v 0.043819500 -0.009012212 0.239158488
v 0.046888549 -0.005717083 0.238468930
v 0.046344254 -0.007229181 0.236509831
v 0.043713771 0.047434665 0.237331794
v 0.039025281 -0.016216989 0.235142232
v -0.005888908 0.063751740 0.234570981
v -0.008531743 0.062766587 0.234469353
v -0.035587991 0.038651941 0.000468002
v -0.008842409 0.062377148 0.231268947
v 0.047624662 -0.006639720 0.232846756
v 0.044788094 -0.009401824 0.236002012
v -0.003387188 0.019406922 0.226211902
v 0.045866600 -0.008892518 0.229290502
v -0.018295053 0.055606209 0.237680217
v 0.005214256 0.020997003 0.221666153
v 0.038944783 -0.015738734 0.237128355
v 0.040970447 -0.012759735 0.239401638
v -0.014238756 0.059104145 0.237035472
v 0.001077026 0.038808378 0.090083897
v 0.003348854 0.036708333 0.097100398
v 0.000274408 0.036968778 0.094643824
v -0.004204989 0.038716237 0.087875808
v -0.002494573 0.036696713 0.093447242
v -0.016309369 0.058425588 0.237043341
v -0.055701740 0.020292854 0.032420245
v -0.011422177 0.061163436 0.233795508
v -0.012064351 0.060986008 0.236219906
v 0.042186824 -0.008187656 0.242486984
v 0.040752609 -0.011038388 0.241966931
v 0.023673367 0.061858489 0.236610392
v 0.001800415 0.033818881 0.107800433
v 0.001424956 0.034721240 0.102460442
v 0.023117677 0.049190255 0.233220154
v -0.007823258 0.062183982 0.227085606
v -0.022033326 0.053787631 0.237253544
v -0.023154401 0.051953046 0.237973362
v 0.043116120 -0.011238323 0.237926288
v -0.006017754 0.036227721 0.092680754
v -0.005411034 0.051125353 0.027784926
v -0.003421735 0.051821887 0.022854910
v -0.021683662 0.041228095 0.238360137
v -0.020657172 0.041489849 0.237385307
v 0.036769129 -0.017079389 0.240295909
v 0.000929562 0.033643446 0.122473026
v -0.037267865 0.029364666 0.242249000
v -0.023675348 -0.038135933 0.071404110
v 0.048724297 -0.004887258 0.236260818
v 0.038536775 -0.014098466 0.241991754
v -0.025009922 0.037504622 0.168475241
v -0.023914424 0.041825940 0.172123106
v 0.011283669 0.062219845 0.205042945
v 0.016391742 0.062114033 0.205282562
v 0.004634371 0.041523770 0.083331243
v 0.038363616 -0.012218233 0.243626392
v 0.027866379 0.060012752 0.236730074
v 0.005244120 0.059382908 0.191291824
v 0.008237670 0.059408728 0.192128943
v 0.011969709 0.059754122 0.196210921
v -0.061639240 0.012851516 0.014203163
v -0.028121637 0.040763410 0.181805610
v -0.025123323 0.042856554 0.176889032
v -0.022358400 0.046539785 0.182018652
v -0.038091151 0.029836556 0.240737447
v -0.008140971 0.034035931 0.095746756
v 0.031075261 0.061099328 0.233935758
v -0.039743694 0.026342221 0.234906542
v 0.016059833 0.064943256 0.234763944
v 0.015431263 0.065641891 0.234182230
v -0.019482496 0.038075358 0.056843661
v -0.043914643 0.016625032 0.053449432
v -0.003204539 0.032154799 0.111502876
v 0.001534175 0.033409924 0.114348447
v -0.011667035 -0.021687013 0.238631247
v -0.014942938 -0.020344712 0.238948759
v -0.000090418 0.051942330 0.017187447
v -0.008593760 0.050026838 0.016217329
v -0.002396832 0.050460856 0.011524915
v -0.030170678 -0.038611003 0.065396277
v -0.026623632 -0.038284377 0.068596540
v -0.024780577 -0.041021331 0.065213432
v 0.006748539 0.034333827 0.110550317
v -0.019047939 0.047303772 0.027185953
v -0.035197927 0.033612375 0.241469435
v -0.033669497 0.032841176 0.242202615
v -0.017140818 -0.019075938 0.238908181
v -0.007339690 0.031045494 0.108481746
v -0.009207042 0.031469485 0.102327885
v -0.009738597 -0.002403515 0.239570824
v -0.009474667 0.001855749 0.236366602
v -0.007141135 -0.003272047 0.238492291
v -0.004127074 -0.002267385 0.236160075
v -0.013305232 0.000018552 0.239765217
v -0.000606993 -0.000447762 0.233684867
v 0.001066516 0.005459200 0.230013986
v 0.003902169 -0.001029113 0.232786682
v 0.005205156 0.008040807 0.227310500
v 0.006568029 0.003562478 0.229256659
v -0.036085446 0.034926775 0.239241418
v -0.037702404 0.030605282 0.238742961
v 0.021586402 0.060525598 0.202327234
v -0.007169380 0.005648162 0.233135859
v -0.004117154 0.002778350 0.233173581
v -0.028602354 0.044520507 0.239540667
v -0.048599248 -0.032357407 0.049277409
v -0.003486745 0.050550823 0.032924845
v 0.000768634 0.052092507 0.029025164
v -0.059062742 -0.012560241 0.039740116
v -0.015248966 0.039620233 0.063039037
v -0.031731187 0.041696721 0.026739647
v -0.026357068 0.044941087 0.024053867
v -0.024602414 0.044274769 0.029717263
v -0.037037020 0.031602898 0.235993243
v -0.030326585 0.044646093 0.238951612
v -0.030871240 0.045030014 0.235630390
v -0.062950198 -0.009576037 0.028924432
v -0.065525450 -0.007942625 0.003743485
v -0.065722399 -0.003857589 0.003419380
v -0.034051157 0.037602770 0.240101558
v -0.019094050 0.010626433 0.237118640
v -0.015847885 0.042467823 0.234497125
v -0.033961610 0.039139474 0.236033063
v -0.033890311 0.039548503 0.239175212
v 0.050157453 0.040582357 0.236804129
v -0.065364060 -0.008833325 0.003815703
v -0.038957846 0.034925588 0.033251958
v 0.054309043 0.039336837 0.233438386
v 0.052678402 0.040983377 0.235231154
v -0.011740829 0.041932577 0.231908596
v 0.024383896 -0.005462726 0.237217740
v 0.017916133 -0.006110032 0.235983995
v 0.022441521 -0.002036799 0.232924416
v 0.018547748 0.049772524 0.000301394
v -0.015686697 0.038328153 0.231220559
v -0.009762158 0.048546265 0.236766058
v -0.058836277 -0.032612703 0.005772795
v -0.060357745 -0.029062943 0.005473481
v -0.031376135 0.041256927 0.239584452
v -0.032480986 0.037737284 0.240223541
v -0.030665827 0.039779326 0.032812551
v -0.011652275 0.036807388 0.228831934
v -0.012757009 0.038346905 0.229991272
v -0.009273664 0.039578015 0.229046714
v -0.000845020 0.049617002 0.233945938
v -0.007651130 0.043074005 0.230857614
v -0.008188557 0.045163762 0.233311566
v -0.004696270 0.045705220 0.231981310
v -0.009856041 0.036625225 0.228069383
v -0.063607574 -0.007318839 0.022933680
v -0.006481610 0.037186642 0.227037034
v -0.003469406 0.042260719 0.228477568
v -0.005250779 0.029668254 0.226141226
v -0.007510385 0.025497875 0.227381515
v -0.008909911 0.029918968 0.227313478
v -0.032056951 0.042379709 0.238412188
v -0.000762242 0.046558169 0.230910150
v -0.017843927 0.040049223 0.233635195
v -0.018968285 0.041381284 0.235587437
v -0.021618022 0.011097448 0.238881746
v -0.004359692 0.009107016 0.230364099
v 0.004458562 0.050886313 0.000029291
v -0.011446874 0.009989036 0.233326259
v 0.047838830 0.035885195 0.238133085
v 0.047129778 0.039619382 0.237908007
v 0.049849734 0.037734922 0.237466400
v -0.001119638 0.037522627 0.225334910
v -0.003807561 0.035484967 0.225751347
v -0.001392466 0.034764339 0.224888690
v -0.002807983 0.032719250 0.225141192
v -0.053277953 0.007234730 0.044723087
v -0.015954804 0.010930022 0.235306026
v -0.014517327 0.008874680 0.235499413
v 0.003236684 0.049120271 0.231538746
v -0.001563648 0.021922465 0.224624501
v 0.005674613 0.038943772 0.090743369
v -0.019130294 0.015925659 0.235426671
v -0.015269888 0.014316746 0.233675740
v -0.001724172 0.024107220 0.224657338
v -0.023925609 0.012133903 0.240715905
v -0.022790357 0.016351211 0.238289707
v -0.003345194 0.026177061 0.225324524
v 0.009016723 0.049649698 0.231095015
v -0.007038075 0.013250263 0.230096857
v -0.010025471 0.015100512 0.230751269
v 0.051834942 0.037819961 0.236815156
v 0.052025079 0.035078297 0.237492151
v -0.012620473 0.019762949 0.230450811
v -0.016643266 0.021487273 0.231809748
v -0.015533415 0.024443455 0.230549405
v -0.012996976 0.015631878 0.232054250
v 0.001071353 0.045047068 0.228922445
v 0.018547035 0.046752928 0.230076614
v 0.044539527 0.038704055 0.238025550
v -0.007239147 0.017833493 0.228683835
v -0.006398887 0.021317567 0.227519435
v 0.053320523 0.038763958 0.235623602
v -0.003134054 0.048779736 0.038472710
v 0.007477327 0.023775238 0.221120698
v 0.004350768 0.026070887 0.221924124
v 0.007177860 0.028231887 0.221675854
v 0.006579226 0.033643320 0.222828887
v 0.010448781 0.030474591 0.221847205
v -0.014060697 0.029236425 0.229342092
v -0.012399432 0.030744165 0.228278395
v -0.011777307 0.028008607 0.228320487
v 0.051002395 0.042898024 0.235386641
v 0.001578938 0.031746495 0.223260505
v -0.001626293 0.029341053 0.224380451
v 0.024246841 0.046573813 0.231075477
v -0.011670718 0.034887541 0.228463715
v -0.009503021 0.034705452 0.227555941
v -0.021219907 0.018236881 0.236382760
v -0.020529773 0.034307637 0.233387832
v -0.019711142 0.036437906 0.233124642
v -0.018847617 0.035141960 0.232210973
v -0.003799389 0.023043215 0.225858819
v -0.020813474 0.013407931 0.237105265
v -0.010323649 0.031971286 0.227568343
v -0.010981060 0.030077292 0.227663136
v -0.030464459 0.040667388 0.240000412
v -0.028932031 0.041946750 0.239768464
v -0.018898427 0.038035774 0.232069068
v 0.025725906 0.045379699 0.230560424
v 0.028186076 0.046045062 0.231755321
v -0.021498222 0.028727875 0.234068334
v -0.022872603 0.028167242 0.235838063
v -0.022946043 0.030672642 0.235674224
v 0.002690121 0.041556364 0.226237397
v 0.009501231 0.019048500 0.221076701
v -0.013979631 0.036260017 0.229708698
v -0.013025447 0.035097531 0.228811002
v 0.013141333 0.038535242 0.224321038
v 0.007318186 0.038392839 0.224303947
v 0.008741828 0.043660705 0.226859267
v 0.028883565 0.063073213 0.227453532
v -0.011893463 0.032860800 0.228066387
v -0.024498230 0.021180020 0.239319369
v -0.022357060 0.020456100 0.237031252
v -0.022550158 0.008629203 0.240604964
v -0.015812278 0.031540795 0.230065507
v -0.015996976 0.027926005 0.230271702
v -0.018799642 0.027970750 0.232111671
v 0.004738464 0.046072928 0.228726848
v -0.009055295 0.021514429 0.228680826
v 0.032029176 0.039789249 0.229871577
v 0.033640759 0.039972610 0.230893465
v 0.032678607 0.037485714 0.229305818
v -0.020301430 0.020319468 0.235111734
v -0.017721896 0.035913667 0.231207972
v -0.020390686 0.038303651 0.234122629
v -0.019540431 0.039595227 0.234089366
v -0.014408748 0.034228272 0.229286989
v -0.013445770 0.033418848 0.228843824
v 0.023792669 0.044308668 0.228994515
v 0.013797138 0.049665161 0.231625071
v 0.012622684 0.046719763 0.229054105
v 0.030231732 0.062297666 0.231131709
v -0.018471673 0.020230941 0.233422142
v -0.015785750 0.017987870 0.232601113
v 0.015121062 0.043157245 0.226866492
v -0.016377118 0.036189413 0.231005410
v 0.010167270 0.034774632 0.223008476
v 0.028590651 0.062926411 0.233151750
v 0.020161839 0.042980453 0.227316108
v -0.016140715 0.034892004 0.230390569
v 0.027036641 0.044104328 0.229748116
v -0.012885049 0.002104870 0.238023891
v -0.024114938 0.032003319 0.236866912
v 0.014113123 0.033076352 0.222457730
v 0.032101282 0.058697870 0.235076179
v -0.020935039 0.031244118 0.233555312
v -0.022184703 0.033212891 0.235058035
v 0.026769245 0.041998045 0.228187941
v -0.023359271 0.032588085 0.236193690
v 0.030704421 0.039290958 0.228717196
v -0.018160635 0.022266297 0.232763862
v -0.019772550 0.022966038 0.233699427
v -0.018331671 0.024009361 0.232161679
v -0.013895787 0.031544236 0.228827495
v -0.022521090 0.025485787 0.236066971
v -0.021648752 0.023059690 0.235471011
v -0.023180774 0.023643698 0.237422075
v 0.028889306 0.039830313 0.228098824
v 0.022211151 0.036448196 0.224513874
v 0.018938430 0.039656346 0.225240682
v 0.023348346 0.040776306 0.226483707
v 0.003250762 0.036872580 0.224256115
v -0.024818696 0.025039964 0.239150783
v -0.018840183 0.036405917 0.231922070
v 0.026523010 0.047945052 0.232926066
v -0.014247749 0.026692757 0.229315130
v 0.008829767 -0.000983260 0.231692018
v -0.021077970 0.025849175 0.234234924
v -0.012055575 0.024212374 0.229148354
v -0.024233436 0.029864332 0.237304689
v 0.011219055 0.024533589 0.220696402
v 0.017573259 0.035558589 0.223542331
v -0.023165076 0.029550296 0.236355113
v 0.029835666 0.035904763 0.227265315
v 0.029517278 0.046278878 0.003653259
v 0.015234148 0.022177882 0.221035220
v 0.015738594 0.018301978 0.221375768
v 0.012619394 0.020276370 0.220707066
v 0.018915574 0.030166067 0.222445287
v 0.027568053 0.028310820 0.225283724
v 0.023399480 0.025538770 0.223453401
v 0.025871213 0.032409684 0.224910292
v 0.026476276 0.038140538 0.226335368
v -0.024019845 0.026681757 0.237415813
v 0.028519191 0.046458063 0.000692803
v -0.018340132 0.032958682 0.231576550
v 0.027500210 0.023776825 0.225069589
v 0.029938020 0.030611449 0.226488715
v 0.020069523 0.020332816 0.222300715
v 0.018350673 0.024483835 0.221860977
v 0.015352804 0.025871995 0.221270473
v 0.013904714 0.028644926 0.221486081
v 0.027655611 0.030872850 0.225664147
v -0.019492066 0.025285686 0.232998520
v -0.006682942 0.033318556 0.226582832
v 0.029821866 0.021104960 0.226167609
v 0.026235193 0.019574238 0.224581147
v -0.030025286 -0.042002005 0.060610055
v 0.037457442 -0.010388756 0.244945463
v 0.038319067 -0.007695423 0.244865254
v 0.039883643 -0.008553802 0.244173217
v 0.024370500 -0.014422158 0.247222260
v 0.029616111 -0.012334383 0.246416289
v 0.029054865 -0.015242310 0.246956027
v 0.033621609 -0.011485811 0.245972005
v 0.026609147 -0.011026176 0.245354037
v 0.035983974 -0.008929426 0.245142640
v 0.029702854 -0.018762055 0.245194301
v 0.031886721 -0.017605827 0.244886741
v 0.030260651 -0.019240815 0.244184788
v 0.034378822 -0.014519350 0.245262953
v 0.035016053 -0.007086908 0.244223046
v 0.028434369 -0.019746970 0.244830965
v 0.020742807 0.015492702 0.223200869
v 0.040816271 -0.006781294 0.244004756
v 0.030014599 -0.017301754 0.245951233
v 0.034100555 -0.016769111 0.243965127
v 0.025772814 -0.018858537 0.246486423
v 0.035458184 -0.016889185 0.242407281
v 0.033953192 -0.018933292 0.241593538
v 0.032264310 -0.019033694 0.242980968
v 0.023441975 0.017316357 0.223717158
v 0.027609633 0.014515104 0.225785246
v 0.028117922 -0.020845409 0.244511551
v 0.030586102 0.025123407 0.226434243
v 0.032132932 -0.018143929 0.243857189
v 0.029536705 -0.021049777 0.243555487
v 0.027898196 -0.019069782 0.245452834
v 0.026245497 -0.020445378 0.245216984
v 0.040049182 -0.010017922 0.243717699
v 0.031276150 -0.021062141 0.242012021
v -0.005388325 0.049563917 0.000004472
v -0.004157711 0.049825413 0.000000000
v 0.040595236 -0.015180318 0.229955370
v 0.012836935 0.017257519 0.221296729
v 0.011679438 0.049456174 0.038826523
v 0.006462592 0.048711044 0.042037065
v 0.029685264 0.047994746 0.233641112
v 0.030336119 0.046540469 0.233047210
v 0.030852325 0.049038840 0.235065858
v 0.031381122 0.045136427 0.232455336
v 0.031860324 0.047129060 0.234157666
v 0.033731623 0.045286145 0.233692851
v 0.035543084 0.042044901 0.233222628
v 0.037276663 0.044114034 0.235169057
v 0.020189038 0.062672347 0.209159149
v -0.019356486 -0.040365393 0.069934059
v 0.011728542 0.002767073 0.228790375
v 0.012050970 -0.000443473 0.230968594
v 0.012062185 -0.002928331 0.232761064
v 0.022838503 0.002223960 0.229754256
v 0.018887502 -0.000093360 0.230756079
v 0.008735636 0.007844545 0.226362340
v 0.017359496 0.003928564 0.227889191
v 0.014880099 -0.000199828 0.230640273
v 0.006265392 0.011969259 0.224809408
v 0.009436456 0.011880582 0.223973831
v 0.012002659 0.013993834 0.222500711
v 0.015901897 0.014765310 0.222332087
v 0.021661699 0.006510791 0.226858153
v 0.007218977 0.014626874 0.223210905
v 0.013293389 0.008531401 0.225170662
v 0.019836369 0.011209932 0.224317751
v 0.017565673 0.008320509 0.225354519
v 0.015543858 0.011390831 0.223600066
v 0.009022626 0.015316539 0.222387398
v 0.006905061 0.017396912 0.222119939
v 0.004154617 -0.014516966 0.244146625
v 0.025085207 0.008878865 0.226643309
v 0.024247702 0.012154994 0.225171009
v -0.027261570 0.031158820 0.240774148
v -0.025971475 0.028551191 0.239850530
v -0.027540187 0.029671303 0.241363994
v 0.027662915 -0.008914076 0.243265141
v 0.026138295 -0.009426670 0.243690606
v -0.063994409 -0.017472211 0.004513586
v -0.063761361 -0.018159555 0.004570737
v -0.004664474 -0.009379370 0.240288737
v -0.006242667 -0.008071239 0.241315996
v -0.004528898 -0.006431283 0.238887956
v 0.030540026 -0.005810893 0.240606859
v 0.032144611 -0.005613504 0.241223574
v 0.030667220 -0.006688931 0.242101718
v 0.000383229 -0.005864612 0.236807760
v 0.016669982 -0.003010824 0.232901813
v -0.031084504 0.035206558 0.241350841
v 0.044266248 -0.010932605 0.225683821
v 0.042260298 -0.014076504 0.226558233
v -0.009297911 0.041803504 0.068243692
v -0.062172715 -0.023788943 0.005034614
v 0.019301962 0.058281357 0.194958925
v 0.042235927 0.040807887 0.237554371
v 0.040387419 0.042439716 0.236737980
v 0.038173576 0.041900823 0.234964419
v 0.041254053 0.040428722 0.236682165
v -0.061225494 -0.026462478 0.005257443
v 0.042276601 0.037007736 0.236936268
v 0.039912855 0.039583800 0.235703299
v 0.036886139 0.039187500 0.232970890
v 0.045032601 0.035155002 0.238014560
v 0.044363322 0.033020170 0.237524797
v 0.038139303 0.038325198 0.233977067
v 0.039956731 0.035346484 0.234865435
v 0.037207407 0.035398121 0.232404679
v 0.034835681 0.037314559 0.231020282
v 0.042832921 0.031161097 0.236458598
v 0.045242329 0.030156741 0.237841916
v 0.039760281 0.029441675 0.233590521
v 0.034529516 0.032087301 0.229513563
v 0.033267356 0.026676466 0.228021952
v 0.034366292 0.020893070 0.228613961
v 0.030948677 0.017782367 0.226822033
v 0.037808938 0.024963600 0.231306065
v 0.028023366 0.010556263 0.227058653
v 0.040014286 0.018930464 0.232840557
v 0.035815232 0.014374799 0.229936966
v 0.048966628 0.017066551 0.240214452
v 0.045239845 0.017769389 0.237601089
v 0.046843605 0.019295518 0.238851118
v 0.032341522 0.010143140 0.229033136
v 0.036057146 0.009981173 0.231022592
v -0.027227682 0.027606909 0.241775991
v -0.027713642 0.025872140 0.243044140
v -0.028442601 0.028471717 0.242890331
v 0.046598931 0.014751107 0.238898663
v 0.042261424 0.014109117 0.235154361
v 0.038874650 0.010896456 0.232656473
v -0.056116934 -0.036692606 0.012165218
v 0.044927621 0.011545667 0.237998358
v 0.046417387 0.010136096 0.239853160
v 0.043726659 0.007800459 0.238195333
v -0.017721190 -0.003228248 0.245499944
v -0.020628192 -0.000624252 0.245518132
v -0.008178372 -0.005709917 0.240995024
v 0.041307335 -0.003707679 0.243879355
v 0.042067798 -0.004469505 0.243485505
v 0.039752622 -0.005089420 0.244287109
v -0.049723549 -0.042104954 0.036813436
v -0.005634799 0.057207584 0.196988459
v -0.010182261 0.055196085 0.201145840
v -0.010338353 0.054730515 0.194582256
v 0.044065418 0.022333861 0.236658097
v -0.033258770 0.033029328 0.242188583
v -0.032648283 0.031886734 0.242694809
v -0.028526670 0.010902639 0.111207376
v -0.006294637 0.058457597 0.207575906
v -0.004597770 0.058317714 0.202332494
v -0.001714742 0.060000461 0.204508169
v 0.041440520 0.009607757 0.235235921
v -0.033075212 0.028765941 0.243761344
v 0.046419975 0.008036880 0.240831220
v 0.044670709 0.005071287 0.240812222
v 0.047453906 0.012479578 0.240041122
v 0.046555166 -0.007583538 0.225326212
v 0.040594872 -0.003135827 0.243864079
v 0.036573992 -0.007477129 0.244880864
v 0.037218314 -0.006180079 0.244301921
v 0.022631626 -0.009017847 0.241542677
v 0.022988142 -0.007606171 0.239840864
v 0.025731744 -0.007752147 0.241411651
v 0.025013013 0.057724922 0.196616427
v 0.041786882 0.001984635 0.240860059
v 0.041767983 0.004438190 0.238583146
v 0.006914168 0.060778623 0.199792866
v 0.038150018 -0.003755472 0.243166548
v 0.002013101 0.059818330 0.196017894
v -0.047833989 0.005405139 0.054659684
v 0.040449394 0.002729645 0.238982539
v 0.048313195 0.010874131 0.241154926
v 0.037393038 -0.001271263 0.240375432
v 0.040663192 -0.000825099 0.243030268
v 0.036189635 -0.005514104 0.243514513
v 0.034772665 -0.004866713 0.241987598
v -0.027638132 0.021663337 0.243368341
v -0.029398600 0.025200959 0.244285673
v 0.039297981 0.001578991 0.238952403
v -0.002558460 -0.012368398 0.241059983
v 0.036462045 0.000775219 0.236862508
v -0.032224226 0.034149630 0.241840251
v 0.030274974 -0.008296178 0.243789273
v 0.032559030 -0.006768697 0.242911225
v 0.048743118 -0.005448377 0.228281746
v -0.026689007 0.014683463 0.243045350
v -0.025606774 0.012697858 0.242601512
v -0.030511936 0.030022575 0.243346563
v -0.028603188 0.030700349 0.241946721
v -0.025429189 0.015464592 0.241737290
v -0.026251474 0.024373848 0.241268368
v 0.033857613 0.052583144 0.237616099
v -0.024754563 0.009237581 0.242964897
v 0.005709940 -0.012821499 0.242239302
v 0.003969273 -0.011360455 0.240648895
v 0.006668647 -0.010949276 0.240652107
v -0.025564838 0.007564312 0.244240343
v -0.026574492 0.009272178 0.244524048
v -0.021754251 0.002687098 0.243824601
v 0.031783518 0.056414776 0.237171848
v -0.002215864 -0.008679155 0.239037158
v -0.003083704 0.061341088 0.212794331
v 0.014413979 -0.009769798 0.240209065
v 0.012877283 -0.011575954 0.242363124
v 0.011934336 -0.009989547 0.239884848
v -0.025000173 0.051437994 0.237892425
v -0.011849178 -0.003918686 0.242192271
v -0.029513614 0.047514699 0.231262465
v -0.029929163 0.045980459 0.222489640
v -0.027235165 0.049708541 0.227920730
v 0.052539878 -0.000183485 0.237455375
v 0.000833483 -0.010432413 0.239941534
v 0.002874851 -0.012573884 0.242104790
v -0.023169083 0.054046285 0.236930564
v 0.032517394 -0.003921649 0.239418232
v -0.030620436 0.032426101 0.242303550
v -0.024313997 0.005602402 0.244083050
v -0.045533596 -0.002226680 0.066932503
v -0.044597355 0.002388768 0.069985542
v 0.024017516 -0.009737905 0.243678198
v 0.047171383 0.031452704 0.238540923
v -0.015913250 -0.002172192 0.243121364
v 0.011499275 0.053542998 0.024264563
v -0.029938306 0.040250832 0.194051643
v -0.028700083 0.040629785 0.188497526
v -0.018519355 -0.001737119 0.244582888
v -0.031537674 0.037078239 0.187446219
v -0.014955009 0.059633973 0.233397530
v -0.028455520 0.044151618 0.204205259
v -0.008130257 0.059608328 0.214825744
v -0.008764067 0.061190370 0.221670779
v -0.020683059 0.022739104 0.107628582
v -0.039272583 0.023414451 0.200621253
v -0.038534005 0.022023386 0.192269963
v -0.026116774 0.011048756 0.137429976
v -0.013871767 -0.005558968 0.245048814
v 0.033937706 -0.001537443 0.237424104
v -0.039288388 0.014474890 0.196992630
v -0.038216224 0.028210666 0.206412550
v -0.039811594 0.023892646 0.214576241
v 0.028427857 -0.005460257 0.239440993
v 0.029886293 -0.002683534 0.236337707
v -0.004959121 -0.011392664 0.240562946
v -0.040898123 0.022372250 0.223460407
v -0.023993896 0.015634607 0.128857842
v -0.010861179 -0.007709816 0.245529730
v -0.010357814 -0.006189867 0.243635048
v -0.021022256 0.055514280 0.236698657
v -0.011313874 0.029428980 0.109269444
v -0.013243348 0.029177241 0.103710947
v -0.018083813 0.057488700 0.231942983
v -0.015368231 0.058751215 0.229189383
v -0.001378443 0.059648654 0.199664149
v -0.002457091 0.058388860 0.193222167
v -0.034231021 0.016992908 0.176778376
v -0.012609051 0.060008852 0.224963577
v -0.022705335 0.025174275 0.087261628
v -0.020897002 0.046253287 0.174757279
v -0.011297234 0.056979909 0.211338259
v -0.036672148 0.032960435 0.232183889
v -0.040362766 0.024636576 0.232697761
v -0.022886831 0.054055726 0.229596062
v -0.021377898 0.053991293 0.222829281
v 0.004863806 0.044698419 0.069375531
v -0.007543125 0.056043496 0.190052646
v 0.028814083 -0.006980806 0.241936908
v 0.015276985 0.047778988 0.041017680
v -0.011865782 0.055434759 0.206481426
v -0.009267271 0.043770826 0.158091363
v -0.016451067 0.027022174 0.103805991
v -0.013215317 0.028164699 0.117164983
v 0.014188776 0.033747548 0.119793293
v -0.009405589 0.048141795 0.163945433
v -0.013004887 0.052462319 0.176063332
v -0.016052556 0.049331877 0.172758097
v -0.010173249 0.052162563 0.171043353
v -0.031280254 0.035498947 0.180068350
v 0.017579929 0.032711554 0.116942666
v -0.024708468 0.047201098 0.200614773
v -0.014614618 0.027632677 0.109845313
v -0.033301992 0.032639917 0.183103994
v -0.008164870 -0.008137640 0.243893949
v 0.016914037 0.051815630 0.030831902
v 0.013592140 0.052780432 0.028572365
v -0.033170590 0.041111304 0.228658663
v -0.026195142 0.006742853 0.245201611
v 0.026177795 0.050716756 0.021459120
v -0.037048271 0.031590104 0.227657467
v -0.022923060 0.047328511 0.196374072
v -0.032062989 0.011047586 0.094582881
v 0.027826514 0.058846851 0.201160371
v 0.017664794 0.049566184 0.035764151
v -0.037984418 0.029595022 0.214494838
v 0.012598539 0.051513103 0.033243668
v 0.013032189 -0.007912457 0.237455089
v 0.013427076 -0.005281460 0.234688999
v 0.007826496 -0.005552917 0.235227295
v 0.055762014 0.012415992 0.240260418
v -0.019594774 0.055903037 0.228808003
v -0.017387352 0.050040773 0.178254323
v 0.054236762 0.000860147 0.232441864
v -0.013346453 0.031375851 0.095353206
v 0.008350488 -0.009136646 0.238596801
v -0.035632463 0.035580164 0.228623134
v -0.035482143 0.036639247 0.232760665
v -0.007623178 0.041101571 0.152476104
v -0.011699598 0.053933888 0.181005653
v -0.016963588 0.050750437 0.183014509
v -0.022264043 0.051083263 0.210220137
v -0.024679916 0.048157521 0.206530621
v 0.016600894 -0.008780856 0.239051435
v -0.025835093 0.019958383 0.090158642
v 0.030744016 0.023597192 0.111583333
v -0.022037976 0.019005730 0.126300020
v -0.013214773 0.052953181 0.187857328
v -0.002858607 -0.010584141 0.239920083
v 0.052101232 -0.002122444 0.229689422
v 0.020242516 -0.008206823 0.239672135
v 0.009902626 -0.011123408 0.240933102
v -0.032652472 0.040564013 0.213617139
v -0.031771806 0.012819638 0.091751306
v -0.034006406 0.011528035 0.088802994
v -0.045827993 0.006493855 0.059174120
v -0.030226494 0.015804725 0.089029960
v -0.033708447 0.016733498 0.081803340
v -0.024784300 0.025760855 0.081500740
v -0.027901729 0.020486704 0.084892146
v -0.041826577 0.006726621 0.076182703
v -0.038018998 0.010455087 0.082218708
v -0.018815821 0.033157722 0.077355197
v -0.037768452 0.015279063 0.076540783
v 0.050940159 -0.002979672 0.226141352
v -0.043150025 0.007742977 0.068466338
v -0.035897403 0.019396464 0.074163753
v -0.033330349 0.021245033 0.075831074
v -0.038297520 0.031629089 0.040098338
v -0.040636610 0.012470138 0.072552901
v -0.029622211 0.022780344 0.078450939
v -0.024883862 0.028688733 0.075945649
v -0.031922644 0.023158984 0.074555609
v -0.044963591 0.005267262 0.064177850
v -0.043756633 0.008628783 0.062857313
v -0.042116851 0.012366750 0.064632025
v -0.037570295 0.028176648 0.047452161
v -0.038007140 0.024189973 0.055420397
v -0.040683540 0.023455254 0.050073447
v -0.028970403 0.030416537 0.064019393
v -0.040189308 0.016017022 0.066146740
v -0.036850155 0.038128060 0.028639548
v -0.033214382 0.024660802 0.069462008
v -0.029931278 0.025858469 0.073487610
v -0.038485628 0.017444993 0.070574014
v -0.036702778 0.021319104 0.067791330
v -0.035962564 0.024228456 0.062323364
v -0.038942398 0.020346304 0.062148680
v -0.041726568 0.016501990 0.060063621
v -0.033524422 0.028431036 0.056778238
v -0.028337404 0.032524794 0.057254657
v -0.028234594 0.028793659 0.070552072
v -0.033346071 0.026950382 0.062747222
v -0.041305106 0.020402394 0.054740957
v -0.031451595 0.035789261 0.040975599
v -0.030705332 0.032958462 0.049694264
v -0.024594548 0.035449133 0.054985209
v -0.042753984 0.024036950 0.044970595
v -0.034500300 0.032208500 0.044484698
v -0.046638773 0.001095175 0.060818273
v 0.000404705 0.059034131 0.189097814
v -0.019976397 0.049465366 0.196918430
v 0.007970213 -0.011763894 0.242220821
v -0.035966447 0.034678841 0.220826933
v 0.004730552 -0.009994936 0.239466698
v 0.004204382 -0.008225105 0.237884749
v 0.051922379 0.009826663 0.242663931
v 0.053464757 0.014495727 0.242006713
v 0.054034388 0.011673996 0.241623552
v 0.050446460 0.004460107 0.242783553
v 0.048091034 0.007110433 0.242825279
v 0.044968810 -0.002865264 0.242687446
v 0.045108410 -0.000554022 0.243399150
v 0.046199003 -0.000677057 0.242987025
v 0.050455246 0.013237990 0.242118766
v 0.050990947 0.001463883 0.241319793
v 0.049392163 -0.000540603 0.241174162
v 0.048103461 0.000280792 0.242380423
v 0.047661381 0.001688543 0.243051440
v 0.047550644 0.003178763 0.243548870
v 0.052410984 -0.001423185 0.232623932
v 0.052612111 -0.001155793 0.234925982
v 0.045039727 0.002153505 0.243045646
v 0.046386245 0.000909131 0.243491791
v 0.042931025 0.000476808 0.243032509
v 0.043387608 -0.005564658 0.242438562
v 0.046313580 -0.004457674 0.240718484
v 0.044565255 -0.006747702 0.240852456
v 0.043091350 -0.001452557 0.243721765
v 0.048931748 0.013757619 0.240773982
v 0.050899418 -0.002517848 0.236851322
v 0.048054431 -0.004716634 0.237669166
v 0.050799111 -0.003167817 0.233872257
v 0.047956040 -0.003259505 0.240383824
v 0.047113060 -0.002731622 0.241430257
v 0.048727307 -0.002097666 0.240447282
v 0.048809327 -0.003678120 0.238823032
v 0.050748372 -0.001024756 0.239588143
v 0.046946442 -0.001668408 0.242385697
v 0.048066689 -0.001519307 0.241721834
v 0.046821553 0.000496743 0.242836312
v 0.040961971 0.047917906 0.195813045
v 0.041702044 0.045917672 0.188005045
v 0.044312072 0.043891875 0.193467647
v 0.022758495 0.050178086 0.031168577
v 0.023739816 0.047139755 0.036573355
v 0.041756325 0.037996789 0.032960015
v 0.037471164 0.041236778 0.033079410
v 0.039026983 0.041878452 0.028394364
v 0.012689948 0.040767438 0.148744998
v 0.011872855 0.038574838 0.143921472
v 0.016272700 0.038574269 0.146491653
v 0.032961062 0.029948787 0.086056737
v 0.034512133 0.030976791 0.079818289
v 0.040844628 0.053624966 0.219637130
v 0.041891138 0.053302796 0.220607484
v 0.040490511 0.053583657 0.220276694
v 0.045881187 0.035161427 0.031236393
v 0.045560669 0.032602500 0.035580498
v 0.023833249 0.033626928 0.143192186
v 0.025565640 0.035894609 0.148966797
v 0.021076161 0.037543071 0.148076893
v 0.044388347 0.026429261 0.044414674
v 0.044384428 0.029658300 0.040569183
v 0.047705527 0.024809090 0.041041634
v 0.032619470 0.024351896 0.139887882
v 0.034413342 0.027248895 0.147418555
v 0.030080346 0.028290013 0.141602188
v 0.023885350 0.029231116 0.119946603
v 0.026042698 0.027770295 0.123242984
v 0.024061019 0.029537721 0.127230415
v 0.026620059 0.030841437 0.140877384
v 0.026288753 0.029067357 0.134355264
v 0.019205426 0.035721162 0.142592556
v 0.037820384 0.023910876 0.088712297
v 0.037635239 0.020969390 0.094084039
v 0.034256238 0.026095076 0.092499135
v 0.032029452 0.029894241 0.147374072
v 0.030293001 0.060150168 0.219182322
v 0.028047418 0.061635004 0.217717278
v 0.030165757 0.060022179 0.215469829
v 0.024825998 0.043674957 0.041873059
v 0.028874853 0.043648639 0.038018743
v 0.038107535 0.038330698 0.037027939
v 0.033804045 0.042409411 0.035894226
v 0.057178180 0.018380208 0.004998789
v 0.057837728 0.018170482 0.009173903
v 0.054722319 0.023292742 0.006728316
v 0.015445690 0.036848875 0.141845033
v 0.045713802 0.041355777 0.177493503
v 0.043317060 0.041909951 0.173205956
v 0.045458010 0.039302069 0.172705165
v 0.017248254 0.042701547 0.153543104
v 0.023759951 0.044965712 0.159378124
v 0.019265616 0.047754152 0.161178725
v 0.029821532 0.025884468 0.134948374
v 0.023804896 0.031797185 0.138093615
v 0.019542617 0.046924138 0.039992254
v 0.027329560 0.040308886 0.046541382
v 0.032359536 0.037008092 0.046640518
v 0.030107123 0.037651773 0.049271104
v 0.037038865 0.051174934 0.195362079
v 0.037478139 0.049578356 0.190187176
v 0.044013541 0.043865179 0.183143651
v 0.041117287 0.046401678 0.183405364
v 0.040691639 0.034516125 0.039439120
v 0.041432425 0.036131062 0.036421194
v 0.033805504 0.038641858 0.041634288
v 0.041937978 0.040959294 0.169618987
v 0.044052577 0.036386125 0.167394523
v 0.024753488 0.040362379 0.154199506
v 0.021098974 0.033560087 0.138970603
v 0.017247352 0.034984250 0.137920808
v 0.032237855 0.056437016 0.205853087
v 0.030632273 0.057697916 0.208716147
v 0.030278574 0.057778010 0.205493471
v 0.014883352 0.034398117 0.131994186
v 0.011927994 0.036363854 0.137818933
v 0.033731284 0.052771652 0.193140682
v 0.030270559 0.056088663 0.197279291
v 0.010152102 0.035279404 0.131683010
v 0.011263821 0.034384240 0.125843911
v 0.035402420 0.022209838 0.098161442
v 0.035384582 0.019401738 0.105149887
v 0.032996662 0.024415609 0.099993572
v 0.007707976 0.034938795 0.128839290
v 0.009776106 0.034894003 0.128864449
v 0.032403017 0.021993582 0.133358731
v 0.034288336 0.021059100 0.138488587
v 0.042825707 0.052292926 0.216930087
v 0.041686251 0.053140257 0.214752770
v 0.044026495 0.051185084 0.214361682
v 0.039934958 0.047137312 0.179599025
v 0.036678239 0.049481922 0.182298817
v 0.033853156 0.050591481 0.179245558
v 0.020857108 0.032162704 0.132443803
v 0.040282377 0.031891016 0.043805526
v 0.054079246 0.036450079 0.214612091
v 0.041304353 0.053167045 0.218054809
v 0.043572032 0.052125363 0.219527318
v 0.037325881 0.042555098 0.166247158
v 0.034833354 0.039284715 0.160239626
v 0.039338411 0.037607970 0.162967495
v 0.028901545 0.046366429 0.033634333
v 0.032126810 0.034038994 0.076420161
v 0.030514295 0.036982424 0.053849797
v 0.027123304 0.039270737 0.051758591
v 0.022087403 0.043177907 0.046232377
v 0.017104083 0.032974121 0.125111488
v 0.046135357 0.041356071 0.188189475
v 0.047025297 0.047615970 0.212471030
v 0.043202483 0.049869938 0.205671174
v 0.038738527 0.051630386 0.200949378
v 0.040172069 0.051945380 0.205452537
v 0.038072765 0.052819021 0.204810405
v 0.035360551 0.031979761 0.073590883
v 0.029982749 0.024160119 0.128653518
v 0.028080496 0.026576399 0.129805385
v 0.038476421 0.048379888 0.184793169
v 0.026440326 0.027782256 0.127788319
v 0.039078253 -0.000092568 0.106649604
v 0.038156361 0.000922957 0.111655689
v 0.039162112 0.003473011 0.107212299
v 0.038400481 -0.002765770 0.107582515
v 0.038106038 0.005356955 0.112952300
v 0.039629075 -0.002053528 0.104117975
v 0.038823483 -0.004772441 0.103656808
v 0.058716312 0.020925060 0.236305140
v 0.056957566 0.023127507 0.238281490
v 0.058402544 0.024850915 0.236587541
v 0.059887228 0.020065563 0.214111269
v 0.060562058 0.022369277 0.221106144
v 0.059083953 0.025703612 0.215828749
v 0.054436117 0.022985937 0.239978819
v 0.055876900 0.025986523 0.238524057
v 0.058109594 0.031836003 0.232590546
v 0.059889983 0.027472161 0.230508231
v 0.058429283 0.029448213 0.234644106
v 0.040645597 0.053938862 0.221838362
v 0.038917297 0.054212821 0.224227738
v 0.037396670 0.054593375 0.219472257
v 0.035327772 0.055342602 0.222394679
v 0.023377599 0.041498840 0.050900959
v 0.036758256 0.054813189 0.226609672
v 0.033351614 0.057137103 0.225081541
v 0.041714293 0.053489520 0.224961721
v 0.030228715 0.037381516 0.060394157
v 0.032323643 0.035391894 0.068488263
v 0.039752493 0.053678363 0.219187613
v 0.033293106 0.056691328 0.221912004
v 0.043975476 0.052494618 0.224053565
v 0.031475920 0.058107236 0.218681687
v 0.031663621 0.058301927 0.221401571
v 0.033385315 0.056133448 0.218616473
v 0.031253436 0.058773009 0.216717321
v 0.035639362 0.054475605 0.214623238
v 0.039094968 0.053785733 0.215955208
v 0.026075477 0.062065616 0.214723501
v 0.028307456 0.060551219 0.213877194
v 0.047777443 0.044175730 0.205268737
v 0.047300232 0.041314730 0.197161843
v 0.050251103 0.039000124 0.202256413
v 0.041021403 0.028695853 0.048368473
v 0.031966785 0.056693595 0.213491874
v 0.037007568 0.053533693 0.211743096
v 0.037833470 0.053369338 0.213612712
v 0.035079083 0.054511585 0.210503994
v 0.021119794 0.031128149 0.125340079
v 0.050755808 0.041922977 0.211902396
v 0.034968781 0.017992008 0.135168665
v 0.033811433 0.018407518 0.130207262
v 0.035824523 0.013905683 0.131107955
v 0.045326166 0.020644802 0.065715770
v 0.043107727 0.024116588 0.058077272
v 0.046489436 0.018630396 0.057704319
v 0.036144801 0.014154208 0.115063380
v 0.034390493 0.017326863 0.116845097
v 0.034629745 0.018045443 0.112634418
v 0.036265400 0.018012319 0.140572328
v 0.045804524 0.008856348 0.085803607
v 0.044218785 0.013035712 0.086680167
v 0.046749110 0.011963654 0.081175275
v 0.047880776 0.005952389 0.082143137
v 0.049019851 0.007859275 0.077945886
v 0.050197169 0.002403880 0.076203012
v 0.028903280 0.054724990 0.191595056
v 0.024474669 0.051019546 0.025600294
v 0.028677789 0.049317543 0.024706460
v 0.033911175 0.044713921 0.031081140
v 0.041371370 0.052215481 0.210161972
v 0.050951239 0.006619468 0.059319174
v 0.051554507 0.002678640 0.063280178
v 0.050969959 0.005817642 0.066775584
v 0.032156268 0.020891702 0.127105076
v 0.036735746 0.033545155 0.046920971
v 0.033475437 0.035029267 0.050633832
v 0.046096503 0.050245132 0.220484278
v 0.044858119 0.024024013 0.047886042
v 0.019253531 0.043653638 0.049744225
v 0.035674894 0.046098502 0.169514623
v 0.036576104 0.047865530 0.174426802
v 0.031175495 0.049322841 0.171327551
v 0.044763554 0.045720234 0.199986868
v 0.045803077 0.047031539 0.205758077
v 0.028953191 0.032417925 0.147160122
v 0.057019172 0.021202884 0.012697421
v 0.046067638 0.020497827 0.051958625
v 0.049489289 0.015862915 0.048297742
v 0.048790436 0.014934942 0.052888575
v 0.028328875 0.060476037 0.210044394
v 0.029756672 0.059172590 0.212068604
v 0.039152611 0.053051980 0.212268797
v 0.027975880 0.026020897 0.124879627
v 0.047362448 0.032718120 0.005383737
v 0.048067507 0.033424932 0.011252825
v 0.042294417 0.037779606 0.006205529
v 0.044450915 0.037937956 0.027945294
v 0.048142074 0.034111891 0.027634514
v 0.025324950 0.040053970 0.056390251
v 0.020010617 0.042568344 0.056618291
v 0.029975794 0.037197792 0.154023304
v 0.037548597 0.031337762 0.052088394
v 0.047476563 0.020186230 0.047617020
v 0.050085564 0.010841652 0.055374632
v 0.048309948 0.014648062 0.057282657
v 0.056487988 0.019537302 0.003177826
v 0.055803277 0.020849358 0.003065593
v 0.047780952 0.015905983 0.062675344
v 0.028787816 0.048320748 0.028771197
v 0.033771170 0.051359705 0.186693662
v 0.034712758 0.046024539 0.016004152
v 0.033592418 0.046800199 0.024833995
v 0.030169620 0.048968042 0.020469691
v 0.046185068 0.030806907 0.165893485
v 0.047846616 0.034807494 0.171837592
v 0.043175823 0.025020633 0.051813066
v 0.029136652 0.058560475 0.205357180
v 0.029290814 0.059040973 0.206851598
v 0.027220086 0.059834408 0.205445371
v 0.032025265 0.057575470 0.217010416
v 0.036521980 0.019788137 0.099521020
v 0.032429326 0.020121414 0.122494904
v 0.030240155 0.023311558 0.122576950
v 0.032097005 0.021034162 0.117083568
v 0.028158325 0.038504469 0.055234622
v 0.020293974 0.031393739 0.120463584
v 0.034663978 0.033624720 0.057086036
v 0.040572832 0.027745081 0.054236613
v 0.040187135 0.020919191 0.088009867
v 0.028516445 0.061898745 0.221208921
v 0.041092747 0.041498296 0.018256054
v 0.044708512 0.037849225 0.014752429
v 0.045258095 0.038178919 0.019781921
v 0.028192012 0.025630998 0.118586029
v 0.029238034 0.058324499 0.203988998
v 0.034722281 0.032798833 0.153669810
v 0.038094747 0.030442499 0.057407740
v 0.042943094 0.040185590 0.023679576
v 0.041188296 0.015891046 0.091617074
v 0.043618535 0.018627717 0.081710193
v 0.033828364 0.034509537 0.063128137
v 0.037508121 0.031302732 0.065851758
v 0.035390970 0.054432128 0.204294931
v 0.034680996 0.054086596 0.198769183
v 0.031625435 0.056680822 0.202316952
v 0.041049832 0.031300767 0.159418671
v 0.040384521 0.027914378 0.060261266
v 0.051402729 0.002437443 0.069412813
v 0.051705154 -0.001821846 0.063357533
v 0.039778157 0.024126067 0.082605944
v 0.047210643 0.036163047 0.023595986
v 0.038540964 0.043630631 0.022416002
v 0.038589260 0.027984562 0.076020696
v 0.036417294 0.027313597 0.084281637
v 0.047954504 0.027626256 0.037869336
v 0.033051366 0.055430917 0.208357809
v 0.036695668 0.054261002 0.232054292
v 0.034375642 0.056357400 0.231698456
v 0.034815250 0.055981028 0.229040710
v 0.040962923 0.053200466 0.227118235
v 0.039718702 0.053606086 0.228907196
v 0.039095570 0.053844516 0.226678506
v 0.039453842 0.053403008 0.232373164
v 0.039043317 0.053465349 0.230933720
v 0.041337618 0.053212191 0.231796084
v 0.041998726 0.050951207 0.235566348
v 0.039294764 0.052584539 0.233874354
v 0.042294418 0.051751234 0.234012255
v 0.040726789 0.053153708 0.230496255
v 0.043208651 0.053085101 0.230096889
v 0.043374120 0.052744850 0.227305518
v 0.057445010 0.017763837 0.003329941
v 0.058885708 0.014516203 0.003604417
v 0.059444623 0.013277663 0.006181223
v 0.044536238 0.050873681 0.234334930
v 0.045243124 0.051662464 0.228253506
v 0.043612283 0.052299438 0.232697972
v 0.037305825 0.054401744 0.229494015
v 0.051950105 0.000899576 0.058089393
v 0.052482291 -0.003341417 0.055930777
v 0.033086571 0.020745901 0.111599883
v 0.041387643 0.052683812 0.233134829
v 0.035976749 0.012421003 0.126338432
v 0.035766843 0.013611235 0.122373972
v 0.036874897 0.009694243 0.123512690
v 0.032876824 0.058387501 0.228035723
v 0.033268743 0.058209051 0.230539808
v 0.024516611 0.061841474 0.209691081
v 0.027595703 0.053603335 0.184745151
v 0.027770897 0.052416610 0.177214036
v 0.053857351 0.027468675 0.015358999
v 0.049468017 0.033651384 0.018321804
v 0.051158969 0.031791880 0.023811045
v 0.017859806 0.051574757 0.167051471
v 0.024123670 0.051824362 0.171377279
v 0.018569282 0.053474793 0.171921152
v 0.011991084 0.049071335 0.160714483
v 0.009563776 0.043515352 0.152451134
v 0.008891268 0.058538927 0.189429309
v 0.055239343 0.003323678 0.221381124
v 0.053279775 0.000073746 0.224470344
v 0.056032683 0.003722667 0.227538822
v 0.040340635 0.044598132 0.172901542
v 0.054629480 0.013417681 0.241062140
v 0.055350374 0.015406708 0.240650198
v 0.038319544 0.017038253 0.098585730
v 0.059882250 0.013996238 0.222413057
v 0.059349300 0.013105715 0.218666713
v 0.058766336 0.011541788 0.222369761
v 0.037874807 0.053259545 0.208194434
v 0.037309847 0.029025926 0.153127498
v 0.059131974 0.012310278 0.226729369
v 0.059733220 0.013963209 0.224775736
v 0.039603581 0.041571216 0.012633731
v 0.056892205 0.015703883 0.238929136
v 0.041994729 0.023757866 0.076327607
v 0.041896216 0.026039854 0.067580315
v 0.054665907 0.022964238 0.002884245
v 0.052911740 0.036047342 0.206866694
v 0.015164133 0.057432079 0.188960332
v 0.009225375 0.058019426 0.184148681
v 0.016010797 0.056147712 0.180981823
v 0.051743534 0.019605253 0.241365580
v 0.054696206 0.018139758 0.240980614
v 0.030623960 0.044049135 0.162261742
v 0.050748205 0.029166485 0.008027348
v 0.050599318 0.028517502 0.002393921
v 0.051229418 0.027629664 0.002472050
v 0.036232443 0.042868498 0.007281575
v 0.056097212 0.017910601 0.239678326
v 0.024978101 0.048663327 0.165457093
v 0.021311598 0.055442460 0.185374410
v 0.022689878 0.056173501 0.190503423
v 0.060191035 0.015722371 0.228208141
v 0.060433265 0.017421602 0.222366061
v 0.020960091 0.054055481 0.176131668
v 0.013426536 0.055466460 0.174349129
v 0.005457261 0.058461679 0.186505522
v -0.000208803 0.036114520 0.136106309
v 0.003046253 0.037459820 0.139460976
v -0.000321762 0.038118718 0.142028153
v 0.035368091 0.014945684 0.118810307
v 0.036642537 0.011391220 0.118798192
v 0.004044217 0.058565131 0.182130808
v 0.057393109 0.006749772 0.231399115
v 0.058523752 0.009375777 0.227706143
v 0.023113920 0.054362176 0.180736917
v 0.060633768 0.018913336 0.228737826
v 0.057662791 0.018478180 0.238445410
v 0.057364880 0.007639289 0.220009479
v 0.049443749 0.011769155 0.060042355
v 0.052497875 0.002775323 0.052372837
v 0.053028977 -0.000981174 0.052153916
v 0.008100289 0.057550960 0.178719023
v 0.054250272 0.020341231 0.240482969
v 0.052618511 0.032347024 0.198067788
v 0.056095750 0.030195159 0.208634009
v 0.030069095 0.045789691 0.000765699
v 0.043578436 0.021286013 0.075863762
v 0.059415712 0.012972539 0.229257747
v 0.059752343 0.013604983 0.227499686
v 0.059304407 0.014095090 0.214057718
v 0.056340511 0.020481856 0.239225508
v 0.057961561 0.023791837 0.207538023
v 0.055182617 0.026383822 0.199887623
v 0.056545392 0.021556828 0.200646586
v 0.032000812 0.060662162 0.229191329
v 0.032260812 0.060211766 0.231515468
v 0.038388640 0.014938202 0.101777129
v 0.038508313 0.012254118 0.104125317
v 0.033063664 0.058092675 0.233205382
v 0.048204743 0.020387687 0.239702983
v 0.057504606 0.033647546 0.228265996
v 0.037672341 0.041075160 0.001236304
v 0.037673446 0.041074712 0.001247748
v 0.037624580 0.041106649 0.001233201
v 0.040464074 0.000820767 0.102103490
v 0.040486301 0.006246837 0.101547957
v 0.042396255 0.002668581 0.096426666
v 0.031635146 0.060412113 0.226432518
v 0.029574295 0.061826745 0.224099310
v 0.030407324 0.060702991 0.222226342
v 0.031299105 0.059854200 0.223983612
v 0.057568101 0.031280934 0.219850836
v 0.010326843 0.054018617 0.168853951
v 0.014714780 0.053942317 0.170777228
v 0.005865933 0.051915453 0.164310186
v 0.038525064 0.008190471 0.108092203
v 0.050340386 0.007047135 0.072388299
v 0.049399566 0.011285678 0.067029120
v 0.008045834 0.040082823 0.146265568
v 0.004179230 0.042035249 0.149483698
v 0.003645140 0.039189535 0.143905734
v 0.000460303 0.040102225 0.146272937
v 0.007393606 0.037936450 0.141078532
v 0.006045836 0.036089365 0.134859362
v 0.047691356 0.024946952 0.164349669
v 0.050266583 0.023497986 0.168230878
v 0.050213632 0.028548472 0.171150846
v 0.002954106 0.034854563 0.129134063
v 0.035680129 0.022418102 0.143952990
v 0.038256734 0.019463884 0.146738905
v 0.038619514 0.024599743 0.151534076
v 0.059916332 0.016681148 0.232641838
v 0.058669644 0.013550394 0.235207949
v 0.058569452 0.016632257 0.236602775
v 0.058324342 0.018990395 0.206289490
v 0.059085230 0.016655990 0.209898013
v 0.045639812 0.018970345 0.073361246
v 0.046612694 0.015435345 0.076978709
v 0.040819391 0.012174602 0.149083267
v 0.040742447 0.015975812 0.149912671
v 0.039082785 0.013044190 0.144335356
v 0.048678876 0.011428248 0.075084889
v 0.044634342 -0.009011823 0.087500965
v 0.045934343 -0.003981113 0.086962728
v 0.047636054 -0.006172609 0.082216937
v 0.058022544 0.009019728 0.232528024
v 0.059070216 0.011996136 0.232455620
v 0.040451048 0.011391493 0.098096051
v 0.048545447 0.019688562 0.163458785
v 0.036797194 0.009054069 0.128486006
v 0.056959578 0.007346703 0.235072958
v 0.059916743 0.026378798 0.223566012
v 0.056874395 0.034596565 0.233285614
v 0.055744854 0.036873637 0.231786738
v 0.047407486 0.016498914 0.067969273
v 0.058291950 0.010455438 0.235490947
v 0.041403427 -0.009551825 0.093619403
v 0.039424727 -0.007850216 0.099497748
v 0.042640934 -0.004889363 0.093865242
v 0.047600306 0.014950937 0.072367105
v 0.051251988 -0.001432736 0.070729739
v 0.042258813 0.006571174 0.095821828
v 0.036941057 0.009876206 0.133511594
v 0.037092810 0.006903697 0.131324206
v 0.049968216 -0.004383849 0.075565680
v 0.048086924 -0.000249768 0.082941380
v 0.043866999 0.022538499 0.071689656
v 0.034261865 0.043406772 0.001008141
v 0.032990291 0.044107191 0.000936366
v 0.004307631 0.046894673 0.156984125
v 0.055723543 -0.000702163 0.045019786
v 0.057603147 -0.007870125 0.042257754
v 0.054699762 -0.006115894 0.047471170
v 0.053490371 -0.003683375 0.050631405
v 0.060272484 -0.005293583 0.038191435
v 0.053330789 0.005644465 0.047996409
v 0.061195516 -0.000998477 0.036109135
v 0.051436798 0.007063248 0.053034693
v 0.043659309 0.025892377 0.158976402
v 0.037681890 0.041067784 0.001237010
v 0.051269462 -0.007225836 0.058856072
v 0.034242643 0.016831642 0.125507825
v 0.034168868 0.017519472 0.120583336
v 0.043504932 0.009184080 0.091067023
v 0.043871865 0.004253582 0.091904771
v 0.044555336 0.000213892 0.090790690
v 0.045893071 0.004683871 0.087208563
v 0.037068784 0.013636024 0.109592984
v 0.044472515 0.020276708 0.157464583
v 0.041062601 0.020856805 0.152695518
v 0.037215386 0.013422595 0.138384667
v 0.040530932 -0.003348770 0.100356086
v 0.035149708 0.054345584 0.207709989
v 0.061514163 0.006948388 0.004234476
v 0.061367090 0.007321331 0.005885126
v 0.061011259 0.008520049 0.004104190
v 0.061824740 0.008992617 0.011145217
v 0.046427296 0.041123208 0.192446748
v 0.063339273 0.009337691 0.018184092
v 0.060439658 0.015462139 0.014184535
v 0.059486713 0.013062037 0.003726739
v 0.059997476 0.011682963 0.003841970
v 0.050013738 0.029189658 0.002333351
v 0.046765976 0.033134604 0.001980335
v 0.044419663 0.035447512 0.001767575
v 0.041631404 0.038070537 0.001524620
v -0.004151908 0.057525851 0.185975326
v -0.007038878 0.056204141 0.186001872
v 0.052736841 0.029666661 0.020039199
v 0.002856196 0.058972600 0.186075841
v -0.000199323 0.043423854 0.152442812
v -0.000898680 0.047713712 0.159098703
v -0.004332745 0.051602690 0.165829939
v -0.000812779 0.054996529 0.170354396
v -0.004854025 0.055508595 0.173692940
v -0.000434459 0.058692496 0.183103703
v -0.003704343 0.040094587 0.148057043
v -0.009450878 0.055177264 0.185300194
v -0.007689525 0.055943366 0.183339269
v -0.004910396 0.044862386 0.156699425
v 0.006808971 0.056523417 0.173957234
v 0.001115589 0.057724392 0.176650209
v 0.003624639 0.055235461 0.170107589
v -0.005333702 0.056727313 0.179750272
v -0.009178150 0.054629878 0.176585149
v 0.001156433 0.052105537 0.164903607
v 0.042260167 -0.001059730 0.096407625
v 0.038683103 -0.012890393 0.095707401
v 0.044669651 0.014432388 0.156548713
v 0.049886141 0.015576975 0.165013898
v 0.037602919 0.009943129 0.113901113
v 0.036953295 -0.006936259 0.106557359
v 0.049676063 0.018145615 0.044780988
v 0.056189517 0.010245882 0.039913543
v 0.054606289 0.007650096 0.043958077
v 0.052666551 0.013567293 0.043552746
v 0.058140791 0.021085439 0.018196585
v 0.057917337 0.021416340 0.024296899
v 0.055939699 0.025196628 0.020898542
v 0.057110825 0.015907771 0.034948899
v 0.055212435 0.015243195 0.038262616
v 0.055081822 0.020310232 0.034245374
v 0.051114422 0.019778680 0.040876197
v 0.047486932 0.022029334 0.044675298
v 0.051985111 0.010861683 0.047412536
v 0.053525244 0.026885695 0.028315769
v 0.055606286 0.023651468 0.028978601
v 0.051279919 0.027288804 0.032998435
v 0.050242155 0.012737188 0.049827685
v 0.057633376 0.019708439 0.028980552
v 0.058910236 0.015794821 0.031243156
v 0.061115861 0.015809078 0.021661355
v 0.061799203 0.013033048 0.026763156
v 0.059745826 0.017253890 0.026473022
v 0.051029513 0.010300264 0.050952353
v 0.050894278 0.023721924 0.037423431
v 0.055751789 0.005564867 0.042929535
v 0.055815924 0.004301397 0.043166500
v 0.058569262 0.011814268 0.035332542
v 0.050796982 0.031241502 0.027508194
v 0.060397989 0.007516715 0.034524733
v 0.061490535 0.010141467 0.031070943
v 0.056870925 0.006247867 0.041065849
v 0.062993804 0.010957887 0.023198633
v 0.058395536 0.007802112 0.038030251
v 0.051513113 0.029086438 0.029152783
v 0.049118646 0.031781937 0.030682766
v 0.055149003 0.025698516 0.025077129
v 0.059070306 0.003693721 0.038356908
v 0.062834343 0.003640697 0.031721622
v 0.053806310 0.028156228 0.022841285
v 0.052906218 0.028725879 0.026087377
v 0.064174803 0.007136179 0.022417023
v 0.063715930 0.007373201 0.026634061
v 0.054310496 0.027613382 0.019721927
v 0.041984816 0.008929903 0.152320469
v 0.044994656 0.006261317 0.158962556
v 0.047245414 0.010755806 0.161136477
v 0.056374354 0.016714586 0.184789829
v 0.055956267 0.016262435 0.179641298
v 0.056612447 0.013077199 0.183927833
v 0.058293241 0.010666524 0.218832226
v 0.055679210 0.009813006 0.199587133
v 0.055354457 0.009839484 0.194203468
v 0.054462652 0.006158470 0.196596993
v 0.056654108 0.007263419 0.214341064
v 0.058309781 0.010441484 0.215802486
v 0.058158539 0.011461774 0.209042479
v 0.057717720 0.009203811 0.211645466
v 0.052192403 -0.000907672 0.213701501
v 0.055273467 0.003650204 0.216115346
v 0.055726518 0.004694566 0.210300814
v 0.055831580 0.019478530 0.195479953
v 0.055723315 0.017734460 0.191156231
v 0.055928718 0.015162602 0.195037585
v 0.056223197 0.013185226 0.190486486
v 0.052539792 -0.000076923 0.219590849
v 0.055588545 0.020114381 0.182284270
v 0.055615542 0.020701196 0.186521139
v 0.057762785 0.013720515 0.204791224
v 0.056628654 0.007791040 0.204943594
v 0.036944400 0.006309028 0.128957256
v 0.056055869 0.013083442 0.198701412
v 0.056052148 0.005357952 0.180100058
v 0.056328522 0.005769611 0.183040090
v 0.056762411 0.008787167 0.183425152
v 0.057061807 0.008311955 0.208841872
v 0.056685897 0.017106582 0.199952811
v 0.048931178 0.007939448 0.164852924
v 0.052302516 0.011307291 0.169395789
v 0.055913578 0.005094155 0.186394272
v 0.054938497 0.005971410 0.200286985
v 0.037281290 0.004974594 0.125083631
v 0.056111074 0.008677717 0.188727904
v 0.056540557 0.011274098 0.186954743
v 0.054330287 0.002717606 0.203755612
v 0.055938410 0.016234275 0.188486076
v 0.058758186 0.014242360 0.209466386
v 0.055589462 0.012775629 0.176034234
v 0.053762345 0.017081989 0.172734175
v 0.054541865 0.026244952 0.186725858
v 0.054971283 0.022465507 0.191020805
v 0.054761435 0.025252501 0.181687015
v 0.054554646 0.021686503 0.177573191
v 0.055210231 0.023418147 0.195507502
v 0.056373013 0.013838161 0.186861981
v 0.054942740 0.008365536 0.175134723
v 0.037433638 0.003182747 0.118073242
v 0.037410216 0.007184125 0.118755398
v 0.053068591 -0.000067190 0.208120287
v 0.054949237 0.004879457 0.191588652
v 0.056688353 0.012086764 0.180463258
v 0.052503059 0.023122705 0.172799509
v 0.056404910 0.009629065 0.179031312
v 0.051174901 0.019607807 0.168412466
v 0.051890792 0.006619751 0.170249914
v 0.040860070 0.003867865 0.152547945
v 0.060444133 0.022001055 0.231903006
v 0.060737911 0.022610348 0.226929637
v 0.059713764 0.024504660 0.234260521
v 0.038125390 0.015526200 0.143548291
v 0.059011008 0.029589334 0.225747242
v 0.047957944 0.037441884 0.175301866
v 0.057638497 0.012917838 0.237682549
v 0.040794999 -0.020965649 0.082344329
v 0.041433238 -0.017094523 0.086490296
v 0.044031712 -0.016767686 0.081149329
v 0.058913536 0.026870858 0.234683538
v 0.053851275 0.003288086 0.198424993
v 0.052574451 -0.000665372 0.200773264
v 0.053156099 0.003048352 0.195036943
v 0.052627256 0.001611455 0.194652256
v 0.052097136 0.000080408 0.196335299
v 0.062535304 0.003779515 0.009629247
v 0.063857170 0.003780804 0.014990699
v 0.047285255 -0.003136490 0.169531576
v 0.043087126 -0.006413662 0.166221391
v 0.044963879 -0.008739700 0.171202453
v 0.054393358 -0.011834485 0.046535264
v 0.051428427 -0.017172676 0.049843051
v 0.052350686 -0.011824144 0.050716724
v 0.049573417 -0.008900132 0.071731120
v 0.050778212 -0.006497007 0.067285723
v 0.045939496 0.000063782 0.164680464
v 0.050441173 0.002125672 0.170380280
v 0.047924512 0.004161052 0.164906874
v 0.048067324 -0.010071561 0.077528489
v 0.046803619 -0.009261469 0.082214319
v 0.045379795 -0.020367763 0.065745539
v 0.046900772 -0.016571103 0.070722423
v 0.048292700 -0.014889521 0.064974695
v 0.062318100 0.002122305 0.004624854
v 0.062323263 0.002082925 0.004655680
v 0.054995706 0.001344513 0.182471072
v 0.054006740 0.000346769 0.179188912
v 0.053136970 -0.002685093 0.182745348
v 0.050147504 -0.007438905 0.182436262
v 0.051484819 -0.005470193 0.185768383
v 0.042852652 -0.020106898 0.078927281
v 0.038816659 -0.001270422 0.153255386
v 0.041081004 -0.004165014 0.160776151
v 0.043297498 0.001536797 0.159135844
v 0.057628404 0.027708351 0.236783035
v 0.045843400 -0.012343817 0.082135107
v 0.043556662 -0.013512313 0.085983501
v 0.052796823 0.001151212 0.192901978
v 0.051387551 -0.004631311 0.179546288
v 0.055601487 0.003574505 0.183789698
v 0.052994924 0.027261850 0.176523071
v 0.050744919 0.033041868 0.176220275
v 0.053994475 0.027038980 0.192424701
v 0.050858203 0.035318789 0.183393545
v 0.051795640 0.033253962 0.186316890
v 0.049414079 0.036685681 0.187327008
v 0.052888462 0.030312525 0.179412551
v 0.053294015 0.030685149 0.183462284
v 0.049882258 0.036770920 0.196045300
v 0.048186819 0.038517649 0.191954789
v 0.050939739 0.033716329 0.190973428
v 0.047759159 0.039566646 0.183279996
v 0.049201766 0.037559445 0.180531261
v 0.049169691 0.036916405 0.177917104
v 0.051361234 0.034108041 0.180128581
v 0.052391424 0.030646363 0.191710453
v 0.053098848 0.030030264 0.188043830
v 0.046867445 0.050246028 0.226037698
v 0.038299924 0.051967495 0.235934118
v 0.036012942 0.054002014 0.234765103
v 0.033275571 0.056509303 0.235437781
v 0.034437431 0.053982663 0.236751616
v 0.043941205 0.026826352 0.236836543
v 0.045513267 0.027547716 0.237955661
v 0.034603211 0.055772516 0.233560611
v 0.050525067 0.029560494 0.239232458
v 0.048787378 0.027485547 0.239519075
v 0.049830640 0.032626624 0.238396518
v 0.047525273 0.024401309 0.239262564
v 0.051840738 -0.000490467 0.174880860
v 0.053660108 0.003847264 0.175335003
v 0.049641664 -0.004964708 0.175387550
v 0.046605577 -0.014852767 0.076440141
v 0.044308649 -0.019808551 0.074665819
v 0.043844234 -0.023453814 0.061581828
v 0.045671888 -0.021453334 0.059877194
v 0.044417717 -0.024416945 0.058544922
v 0.049132229 -0.017371879 0.054709225
v 0.049573427 -0.013681550 0.058545396
v 0.051039112 -0.012055940 0.054224423
v 0.046890975 0.027993373 0.238739569
v 0.052857243 -0.007707923 0.052051965
v 0.062345691 -0.007443697 0.007897220
v 0.063246665 -0.002147843 0.011042290
v 0.062671570 -0.003539078 0.005700740
v 0.052058019 -0.002093883 0.177944759
v 0.041491336 -0.013042523 0.090400215
v 0.051543102 0.025400402 0.240195832
v 0.055357713 0.034780379 0.236296983
v 0.055165532 0.037102364 0.234665760
v 0.056761571 0.030387031 0.236861215
v 0.056028223 0.028685646 0.238139624
v 0.054892539 0.030731246 0.237923679
v 0.054104129 0.032938963 0.237437206
v 0.055866526 0.032367374 0.236929769
v 0.057209214 0.032387737 0.235237866
v 0.053813975 -0.000142949 0.187307730
v 0.052448936 0.031606850 0.238300016
v 0.053511400 0.028212778 0.239132455
v 0.054027622 0.025702934 0.239546579
v 0.050200190 -0.010324884 0.061985791
v 0.048305622 -0.012777465 0.071479225
v 0.041622718 -0.026033590 0.064850022
v 0.042064330 -0.024187514 0.071162464
v 0.049562733 -0.010651621 0.067524119
v 0.053839474 0.036820488 0.236533152
v 0.040818418 -0.023600070 0.076965092
v 0.051136098 -0.002213280 0.192957995
v 0.050557871 -0.010815307 0.058004228
v 0.047424922 -0.018215157 0.059336235
v 0.046720671 -0.020873941 0.057447691
v 0.054318273 0.005434109 0.198077002
v 0.042290522 -0.026645402 0.059514856
v 0.051875199 -0.001884122 0.205032927
v 0.045588064 -0.023404657 0.056108324
v 0.047418909 -0.020460120 0.055703095
v 0.064558862 0.004582109 0.019658270
v 0.022424244 -0.011548583 0.244904942
v 0.021661592 -0.013268791 0.246327822
v -0.007074505 -0.016875859 0.155052230
v -0.004258504 -0.019589820 0.159759469
v -0.002515843 -0.018586075 0.153976255
v -0.013255094 -0.021066979 0.225922756
v -0.015145081 -0.020181493 0.225138157
v -0.015517545 -0.019895581 0.229445186
v -0.012619946 -0.021210567 0.233760895
v -0.004375293 -0.029615460 0.191133812
v -0.001942512 -0.030220436 0.189237514
v -0.003611754 -0.029384985 0.186538151
v -0.015441585 -0.017708657 0.170991013
v -0.020888843 -0.015520448 0.178435930
v -0.015604746 -0.020920982 0.180039358
v -0.003783172 -0.034448118 0.093905725
v 0.000542093 -0.033240752 0.096184942
v -0.001564512 -0.037737133 0.088130140
v 0.000363073 -0.018812298 0.150097886
v -0.003814456 -0.016712221 0.144799620
v -0.003452969 -0.017367364 0.150076704
v 0.036934611 -0.002992599 0.112111453
v 0.036922675 -0.000232263 0.116430306
v -0.034146603 0.003755577 0.184359281
v -0.030611280 -0.004435774 0.188701177
v -0.032529551 -0.000765748 0.181471499
v -0.007941130 -0.014791302 0.139671714
v 0.035980291 -0.021677875 0.192033374
v 0.039906430 -0.018089193 0.192779178
v 0.039892011 -0.019367383 0.187831137
v -0.015091837 -0.020559123 0.221372207
v -0.017693262 -0.018850173 0.226083664
v 0.000432418 -0.031118674 0.191280809
v 0.004261771 -0.031275934 0.187099345
v 0.000244302 -0.030685506 0.187001978
v -0.017783371 -0.010105090 0.156804694
v -0.019629015 -0.010106415 0.161663482
v -0.016773201 -0.012975516 0.162556741
v 0.046555419 -0.011262616 0.178174900
v -0.003222040 -0.021105010 0.245289816
v -0.003348899 -0.019674397 0.245755923
v -0.002580711 -0.029765084 0.195900258
v -0.014196272 -0.021876778 0.216808845
v -0.016622468 -0.020688619 0.214645455
v -0.017522845 -0.019658055 0.218756503
v -0.014511320 -0.012857839 0.156719228
v -0.013758332 -0.011403256 0.149806136
v 0.001903755 -0.022234386 0.246156885
v 0.002323777 -0.023247229 0.245496765
v 0.000183834 -0.022088308 0.245557903
v -0.008932332 -0.014110635 0.145219866
v -0.006256019 -0.015839270 0.148620201
v -0.021374860 -0.010942035 0.167490559
v -0.013061078 -0.023425527 0.209688792
v -0.015317493 -0.021875165 0.212070429
v -0.012782837 -0.022621543 0.213419511
v -0.022478815 -0.016045300 0.218091327
v 0.040041180 -0.016840453 0.197311758
v 0.041182965 -0.015774621 0.195908419
v 0.038994483 -0.017784923 0.196453122
v -0.010841241 -0.022009038 0.224488789
v -0.006823911 -0.023321301 0.226398066
v -0.008143339 -0.023341846 0.221595643
v -0.010736847 -0.023814626 0.178459218
v -0.006106643 -0.024124657 0.173514115
v -0.008495093 -0.020018328 0.166259958
v -0.031907652 -0.003449681 0.199122138
v 0.026485834 -0.037398835 0.069861238
v 0.023368148 -0.039599941 0.067421882
v 0.022641006 -0.038860371 0.072061215
v -0.018236287 -0.008211042 0.151536063
v -0.011671515 -0.021596871 0.228211290
v 0.000103595 -0.020489804 0.158076767
v -0.009966756 -0.025330193 0.201841910
v -0.012648449 -0.024501384 0.199311525
v -0.012674042 -0.024342378 0.201530649
v -0.008664914 -0.027422362 0.187156629
v -0.005379772 -0.027084147 0.180688787
v -0.003168876 -0.022279644 0.166143317
v 0.032787974 -0.022047476 0.202899268
v 0.033949690 -0.021222945 0.200580784
v 0.030947036 -0.023371543 0.200136371
v -0.035859243 0.003103652 0.198933440
v -0.037573270 0.007925247 0.196792696
v -0.028609971 -0.008796518 0.205710964
v -0.025295480 -0.013255923 0.211246315
v -0.024150456 -0.014280125 0.199077392
v 0.044564115 -0.012681338 0.176635995
v 0.043996369 -0.013160277 0.176742875
v 0.035697673 -0.012521137 0.102037106
v 0.024920669 -0.037204741 0.074847697
v 0.028974566 -0.035429338 0.072554496
v 0.030979041 -0.033195882 0.074714987
v 0.027331571 -0.034700514 0.078154694
v 0.035519747 -0.001484029 0.127795536
v 0.034382703 -0.003099086 0.132876905
v 0.036165408 0.001541715 0.132718243
v 0.038099080 -0.021507141 0.086883102
v 0.038524628 -0.017415696 0.091088204
v -0.011858065 -0.022116971 0.221188538
v -0.012679960 -0.021907678 0.219150891
v -0.010299642 -0.023438512 0.217889564
v 0.047805973 -0.010889259 0.182541170
v 0.048258365 -0.010218426 0.185827110
v 0.028951344 -0.026132590 0.092507881
v 0.027923302 -0.024217251 0.096727843
v 0.031194476 -0.022340386 0.095395715
v 0.024822337 -0.025362249 0.098849576
v 0.026256494 -0.026029480 0.095877136
v -0.025963322 -0.011472158 0.188335965
v -0.022381208 -0.016390229 0.192323326
v -0.020974212 -0.017616176 0.187349776
v 0.045426869 -0.013813572 0.183487953
v 0.028797372 -0.021426684 0.100182011
v 0.026984768 -0.019551949 0.106469028
v 0.031988807 -0.017500412 0.101658035
v 0.049601378 -0.005308155 0.193967866
v 0.049569924 -0.006665648 0.190302575
v 0.048154481 -0.007705017 0.194292040
v -0.012789504 -0.023829556 0.204698180
v -0.009519999 -0.025090421 0.207334852
v 0.051031665 -0.002951858 0.199236914
v 0.049824977 -0.003870041 0.196687170
v 0.046487634 -0.010099309 0.193428994
v 0.046773795 -0.008867745 0.196496994
v 0.046174725 -0.012016035 0.189964434
v 0.043314090 -0.014828339 0.191971853
v 0.045207071 -0.012749566 0.192522303
v 0.045101807 -0.014137142 0.187024593
v 0.042513187 -0.013528350 0.199959464
v 0.039693917 -0.016533608 0.199788695
v -0.028072323 -0.008866883 0.195966564
v 0.001342776 -0.016411229 0.245642787
v 0.042831771 -0.013409390 0.174037540
v 0.042355685 -0.015530023 0.177935924
v 0.024230059 -0.028386411 0.094320130
v 0.007138447 -0.024462679 0.245719591
v 0.009079997 -0.024524931 0.246370147
v 0.008898020 -0.025154086 0.245439798
v 0.031600954 -0.031046008 0.079912306
v -0.000441573 -0.018626249 0.246353101
v -0.001320616 -0.020863877 0.245917388
v 0.048213058 -0.006719694 0.197100345
v 0.049154429 -0.005889188 0.201107365
v 0.028789393 -0.012513034 0.150554735
v 0.027209863 -0.012701767 0.146153337
v 0.026577846 -0.014323316 0.150464164
v 0.042984404 -0.016291634 0.185909075
v 0.034325021 -0.025099260 0.087150200
v 0.034535767 -0.022085257 0.091421477
v 0.036403325 -0.025864473 0.082288318
v -0.023736031 -0.013466294 0.183211411
v -0.020045659 -0.017807936 0.220208891
v -0.019277255 -0.018798237 0.216602603
v 0.036625019 -0.028143848 0.076471941
v 0.039475693 -0.026354359 0.073797194
v 0.038141705 -0.028439624 0.070282421
v 0.043893832 -0.014699669 0.189391078
v 0.041813994 -0.016515852 0.189683720
v 0.033715680 -0.005066037 0.127450483
v 0.045886884 -0.009586005 0.201564837
v 0.044771474 -0.010758791 0.197041806
v 0.032053899 -0.025702093 0.089336043
v 0.030723154 -0.028519853 0.086539092
v 0.036774742 0.003448625 0.137354923
v 0.035633820 -0.000764596 0.138756567
v 0.037357720 0.003529264 0.141250968
v 0.033731585 -0.020354676 0.094868204
v -0.012417172 -0.015859394 0.161336461
v 0.038948332 0.005076443 0.145951912
v 0.036963776 0.000841590 0.144051479
v 0.038322291 0.001494200 0.148697482
v 0.013806878 -0.013349188 0.245152717
v 0.014385670 -0.015812644 0.247137290
v 0.010675771 -0.014768165 0.245988718
v 0.042845890 -0.016199233 0.187818253
v 0.025779650 -0.029870952 0.089930564
v -0.036549862 0.006320882 0.191621726
v -0.037638969 0.009214077 0.192521660
v 0.029852194 -0.035703406 0.068215929
v 0.002971370 -0.017398510 0.246501985
v -0.015789631 -0.021902128 0.206628803
v -0.015548577 -0.021832903 0.209739982
v -0.026794262 -0.008588430 0.178255178
v -0.030573752 -0.001663223 0.174628732
v -0.029988942 -0.005021858 0.182604700
v -0.002128368 -0.022020018 0.245092944
v 0.033212944 -0.032910024 0.069218064
v 0.031335200 -0.035212681 0.064803604
v -0.004401621 -0.021845881 0.244463853
v 0.006014964 -0.023423495 0.246554391
v 0.034920376 -0.006681560 0.113421709
v -0.019986300 -0.018644552 0.205821215
v -0.032919250 -0.003569293 0.212434088
v -0.030810740 -0.005781153 0.205741383
v -0.011458049 -0.014213257 0.154291258
v 0.037133461 0.006222601 0.134698642
v 0.037777396 0.006507095 0.139817944
v 0.050685098 -0.003323121 0.209072383
v 0.049339524 -0.004335234 0.212291008
v 0.035370816 -0.017378971 0.096204449
v 0.000422188 -0.028998137 0.180900036
v 0.031422842 -0.014404249 0.108004372
v -0.009513582 -0.014294920 0.150113550
v -0.005625112 -0.027684338 0.199126763
v -0.008498064 -0.027455470 0.194426215
v -0.008308454 -0.026771196 0.198849759
v 0.048831587 -0.004313653 0.215254550
v 0.047531661 -0.005374252 0.218653528
v 0.049703799 -0.003290377 0.220250093
v 0.049879805 -0.002655532 0.217564961
v 0.039125357 0.009833707 0.143802115
v 0.032678177 -0.019554473 0.097317350
v 0.041446064 -0.014448359 0.203608317
v 0.042683849 -0.012895389 0.206710625
v 0.004654506 -0.024565389 0.245205446
v 0.038995239 -0.016963698 0.174692160
v 0.016846275 -0.011296065 0.242665219
v -0.032344769 0.002313042 0.175372070
v 0.001923193 -0.024255981 0.244034309
v 0.004297724 -0.025461502 0.243178704
v -0.000210749 -0.024783467 0.241252095
v 0.010837329 -0.025327254 0.245318893
v 0.013017904 -0.026109097 0.244029763
v 0.010126289 -0.025856145 0.243844750
v 0.041046802 -0.011968549 0.169382151
v 0.036951325 -0.015559768 0.168645229
v 0.034171545 -0.031125546 0.074185847
v -0.024320094 -0.009985590 0.173084881
v -0.026762196 -0.005196474 0.168705611
v 0.034397030 -0.033293217 0.063818813
v 0.008472773 -0.016727994 0.247227430
v 0.032657388 -0.023100421 0.220492089
v 0.032290301 -0.022913056 0.213771662
v 0.028577235 -0.024924410 0.216340302
v 0.050532127 -0.002691791 0.223204259
v 0.047784209 -0.005610126 0.213194523
v 0.035698964 -0.002927540 0.117420107
v 0.037424444 -0.019452686 0.215646943
v 0.035332871 -0.020769537 0.212023640
v 0.034975516 -0.021372892 0.216677915
v 0.040984301 -0.015312566 0.202221951
v 0.036659571 -0.020218318 0.195581452
v 0.042568192 -0.013335662 0.222428755
v 0.040563489 -0.016029390 0.224183688
v 0.044014753 -0.012923319 0.195179947
v 0.048744896 -0.004756113 0.225096381
v 0.037638859 0.009186199 0.137937686
v 0.028860507 -0.025924714 0.196043468
v 0.033058292 -0.023027053 0.196180944
v 0.035176436 -0.006628361 0.153116945
v 0.030688019 -0.009565792 0.147962270
v 0.031761808 -0.012457512 0.156767905
v 0.034396702 -0.010442423 0.108720453
v 0.032053405 -0.010975321 0.114189500
v 0.037938822 -0.030425789 0.063844277
v 0.040439507 -0.016238467 0.227182826
v 0.036793402 0.004568370 0.130163950
v 0.036356796 0.001982317 0.127583677
v -0.007061787 -0.016235062 0.133828982
v 0.011247780 -0.013162221 0.244480700
v -0.014643536 -0.021784703 0.214245978
v 0.050771349 -0.003551294 0.202168591
v -0.015395720 -0.022570743 0.200879225
v 0.032892591 -0.006956608 0.123613474
v 0.034728014 -0.003943593 0.122177006
v 0.033269240 -0.007404960 0.118992462
v 0.009808607 -0.012562735 0.242992940
v 0.009033166 -0.013961779 0.244483620
v 0.029865430 -0.009877925 0.128471239
v 0.031865584 -0.007876822 0.126819823
v 0.030460566 -0.010196547 0.121880748
v 0.044871139 -0.009060351 0.220234203
v 0.042293619 -0.013238071 0.217109011
v 0.045989074 -0.007137442 0.214758109
v 0.044973900 -0.008784588 0.211298420
v 0.043757130 -0.010351425 0.214478763
v 0.045269297 -0.009458218 0.207422577
v 0.047438880 -0.006500128 0.210206926
v 0.035744741 -0.019497529 0.203281062
v 0.036717669 -0.019139074 0.199522897
v 0.036225914 -0.002197786 0.148153307
v 0.020771737 -0.010564114 0.243231649
v 0.038315336 -0.018623120 0.223891954
v 0.039025398 -0.017665661 0.226152393
v 0.047592006 -0.007626185 0.204942498
v 0.043730891 -0.011058064 0.210618874
v 0.031634560 -0.022495844 0.204946234
v 0.029037365 -0.024306565 0.203453065
v 0.030276001 -0.023487857 0.206948543
v 0.028707417 -0.024580596 0.210601450
v 0.031297103 -0.023128116 0.209704901
v 0.035153189 -0.020832978 0.197753357
v 0.049747322 -0.005274367 0.205289215
v 0.027730435 -0.024709703 0.206090519
v 0.037753550 -0.018249319 0.203143900
v 0.037245507 -0.019136667 0.207576043
v 0.039645257 -0.016374520 0.205691817
v 0.024589349 -0.025993672 0.207334190
v 0.024736978 -0.025948808 0.212113028
v -0.018026252 -0.020106173 0.211624581
v -0.030113109 -0.007907864 0.218415749
v 0.047597885 -0.005229538 0.222264844
v 0.036882003 -0.019879005 0.220237950
v 0.035092246 -0.021219778 0.225373955
v 0.038495931 -0.017883116 0.229600827
v 0.037505814 -0.019354565 0.227089587
v -0.016239913 -0.022699367 0.189925321
v -0.017294634 -0.020740765 0.184744039
v 0.023899248 -0.014516910 0.144765004
v 0.007155042 -0.015027637 0.245684848
v 0.006744095 -0.013847965 0.244285894
v 0.007645959 -0.013023617 0.243309777
v -0.013695162 -0.024376504 0.195168016
v -0.012306591 -0.025598736 0.190647794
v 0.040088285 -0.016344616 0.213265003
v 0.042463812 -0.012770803 0.212386704
v 0.029701826 -0.018284401 0.163288494
v -0.018984272 -0.020195778 0.195428061
v 0.034198320 -0.020974934 0.205703677
v -0.010662328 -0.025705847 0.197788443
v 0.026518169 -0.016366645 0.155876837
v 0.038578186 -0.017586228 0.209838748
v 0.028417675 -0.010721321 0.140988083
v 0.032779178 -0.006166912 0.140703511
v 0.029907404 -0.009188028 0.134839673
v -0.010073606 -0.022141362 0.229745402
v -0.008264490 -0.022891276 0.229987133
v -0.003744365 -0.024282027 0.229206466
v 0.000726361 -0.025789087 0.225936041
v 0.019637881 -0.012199915 0.244961976
v 0.036395310 0.000455876 0.122295027
v -0.000515746 -0.025250725 0.228095866
v -0.000065297 -0.025375895 0.230212587
v -0.007157356 -0.023176018 0.231951570
v -0.034392421 -0.000481402 0.205903341
v 0.038635837 -0.018200092 0.217471404
v -0.003483124 -0.024550872 0.232844186
v -0.000927580 -0.025197310 0.236327865
v 0.002815650 -0.025968585 0.238586957
v 0.034698581 -0.005063684 0.117976093
v 0.000096492 -0.025606336 0.233223200
v 0.033081382 -0.022231137 0.209134941
v -0.006490451 -0.023503111 0.239050899
v -0.004717760 -0.024139643 0.235728381
v 0.040166500 -0.016730851 0.219803265
v 0.017484574 -0.024667502 0.246269098
v 0.016592029 -0.023061344 0.247291635
v 0.019720349 -0.023922860 0.246327322
v -0.008214791 -0.023024325 0.235163335
v 0.018129346 -0.022212915 0.247154752
v 0.019388910 -0.020791678 0.247052585
v 0.020809832 -0.022214363 0.246671289
v 0.009329661 -0.023556440 0.247387560
v 0.012095221 -0.025084234 0.246258984
v 0.015918543 -0.020586140 0.247761592
v 0.026233341 -0.022231673 0.244605846
v 0.024915194 -0.023816098 0.243641977
v 0.022692795 -0.023284931 0.245492969
v -0.003957070 -0.024397153 0.222704748
v 0.005144741 -0.026783209 0.233565935
v 0.041887002 -0.017380216 0.183685071
v 0.027560011 -0.026030972 0.199585440
v 0.026156364 -0.025713541 0.202972004
v 0.038584524 -0.020180731 0.183687875
v -0.005891119 -0.022639741 0.242886070
v 0.036636532 -0.021580528 0.185922955
v 0.034647478 -0.022554877 0.183406467
v 0.043417217 -0.015615528 0.180836804
v 0.040201282 -0.017973181 0.180832945
v 0.032865143 -0.019764084 0.170282466
v 0.036723280 -0.020766428 0.180614553
v 0.033622213 -0.023965743 0.186508679
v 0.029303690 -0.024002597 0.176192214
v 0.030357128 -0.024168495 0.178992928
v 0.033771124 -0.021629738 0.176231890
v 0.033355347 -0.022982393 0.180341429
v 0.038504307 -0.018840793 0.177881442
v 0.036224000 -0.018822173 0.173467011
v 0.037235061 -0.019284813 0.175935031
v 0.037747633 -0.018857403 0.211909691
v 0.027765516 -0.022731005 0.170327324
v 0.035479833 -0.022691813 0.188740899
v 0.017401493 -0.013653337 0.245819880
v 0.019153844 -0.015097783 0.247185065
v 0.031806708 -0.022904373 0.207805561
v 0.027493070 -0.025530052 0.222396113
v 0.033086076 -0.022524912 0.229812150
v 0.035449927 -0.020443712 0.230914503
v 0.007449414 -0.018844443 0.247917867
v 0.012274419 -0.018418363 0.248168083
v 0.010694650 -0.020513752 0.248189006
v 0.034509341 -0.020474872 0.235952959
v 0.032261477 -0.022875457 0.234000741
v 0.031246126 -0.023740314 0.226781970
v 0.033798620 -0.005538079 0.146596282
v 0.036536812 -0.018440252 0.238041688
v 0.033935225 -0.003868683 0.136955823
v 0.013508452 -0.022438870 0.247719226
v 0.019776404 -0.025484670 0.244668124
v -0.013074026 -0.021209378 0.223352472
v 0.032497298 -0.005879808 0.135398468
v 0.035137555 -0.002830175 0.143911874
v -0.018754670 -0.018471690 0.222678761
v 0.018487455 -0.017532523 0.247772973
v 0.030488413 -0.024130797 0.231075829
v 0.039285839 -0.009880846 0.164404335
v -0.006021650 -0.026565007 0.204232425
v -0.007273685 -0.026566615 0.201073419
v 0.018919432 -0.019397803 0.247635004
v 0.020499143 -0.018411505 0.247589989
v 0.028188661 -0.022805478 0.242955255
v 0.027375212 -0.024126115 0.241711276
v 0.033132653 -0.020393118 0.239774931
v 0.030553150 -0.023260424 0.238504040
v 0.022375477 -0.020583315 0.246305624
v 0.021485872 -0.019313911 0.247187225
v 0.036584438 -0.008648370 0.158630314
v 0.024402094 -0.020487555 0.245810349
v 0.025237623 -0.013068843 0.141259185
v 0.003530052 -0.019279406 0.247422665
v 0.003522302 -0.022240373 0.246500046
v 0.023537655 -0.017289181 0.247441383
v -0.001293131 -0.023128836 0.244159190
v 0.023816172 -0.021828602 0.245835102
v 0.036367413 -0.014929896 0.243675106
v 0.006319082 -0.020569798 0.247804254
v 0.009889534 -0.022095937 0.248143845
v 0.002848800 -0.030557810 0.184493206
v 0.030007566 -0.022359844 0.241104163
v 0.008020424 -0.026385731 0.241938619
v 0.007282088 -0.025213659 0.244297406
v 0.005358147 -0.016088910 0.246001333
v 0.006207541 -0.022072460 0.247312669
v 0.021913758 -0.024530110 0.244710261
v -0.036841312 0.009873909 0.187865066
v 0.023396304 -0.025734361 0.242557312
v -0.013602100 -0.024105726 0.185613759
v 0.026496416 -0.025304007 0.239771990
v 0.027723179 -0.025400762 0.235201723
v -0.001532030 -0.025755001 0.173252615
v 0.004543110 -0.025977177 0.241096558
v 0.011888784 -0.026711403 0.241874749
v 0.012930950 -0.024028982 0.247420040
v 0.015934034 -0.025578771 0.244824203
v 0.015458328 -0.023932675 0.246771378
v 0.002249900 -0.020987450 0.246895793
v 0.019368284 -0.026778269 0.241831959
v 0.015177933 -0.026975557 0.241473101
v -0.005846164 -0.036333538 0.090047220
v -0.006346009 -0.038683817 0.085047413
v 0.023175340 -0.026672123 0.238308211
v 0.027500115 -0.025553142 0.228981384
v 0.032245200 -0.006837611 0.131085407
v 0.026067405 -0.032840914 0.084367120
v 0.021326662 -0.036554499 0.081430966
v 0.020274920 -0.032836866 0.089905369
v 0.024571751 -0.026210595 0.217618333
v 0.021788898 -0.026722087 0.214486121
v -0.011590048 -0.023283419 0.215421841
v -0.009719515 -0.024261179 0.213077713
v 0.020881597 -0.026956505 0.209511595
v 0.023414720 -0.026361237 0.209727854
v 0.031913796 -0.025269385 0.188831499
v 0.032554574 -0.024142889 0.191307153
v 0.010963739 -0.019818683 0.151965339
v 0.007812677 -0.019523258 0.146185019
v 0.007293784 -0.020029930 0.151634274
v 0.011660341 -0.029009675 0.202917098
v 0.008029100 -0.028414257 0.204743362
v 0.011132063 -0.028438294 0.205769671
v 0.030709754 -0.025278803 0.193104999
v 0.030002317 -0.026113271 0.190826381
v 0.010710151 -0.021044993 0.124624152
v 0.011927367 -0.021729765 0.121105625
v 0.008178968 -0.022057571 0.122508438
v 0.027673562 -0.012232440 0.125304969
v -0.012073575 -0.045483296 0.062121415
v -0.015235370 -0.042699664 0.066558299
v -0.008145941 -0.044337984 0.066610354
v 0.013806149 -0.027663750 0.219303035
v 0.008753603 -0.027506346 0.218946303
v 0.009200832 -0.027472242 0.225769656
v 0.026426497 -0.028060937 0.191295840
v 0.024940610 -0.027866793 0.195834959
v 0.005702931 -0.026911930 0.221910460
v -0.005497647 -0.046670629 0.061686685
v 0.018432698 -0.021520467 0.114169337
v 0.021577077 -0.018882703 0.116967530
v 0.022597866 -0.019415565 0.113430290
v 0.013345766 -0.031420884 0.194324586
v 0.016210833 -0.031343727 0.193555837
v 0.015504487 -0.031694903 0.190238333
v 0.026043839 -0.016396367 0.115039481
v -0.006918745 -0.025705927 0.209883896
v 0.001656267 -0.023127267 0.165142832
v -0.003655392 -0.017706512 0.135047638
v -0.000371325 -0.018744337 0.136623575
v -0.003928203 -0.018781469 0.129775989
v 0.006072228 -0.031639979 0.192743550
v 0.004399535 -0.030418308 0.197804168
v 0.007225452 -0.030804000 0.197468203
v -0.017113083 -0.044892321 0.061571120
v -0.003104906 -0.044667906 0.067655709
v -0.000138385 -0.043965500 0.070434774
v 0.000905174 -0.045600555 0.065427212
v 0.017353581 -0.029523947 0.200076120
v 0.016107351 -0.029636850 0.200670845
v 0.016991683 -0.028962741 0.202039771
v 0.029135548 -0.013399443 0.116989665
v 0.029467190 -0.014219757 0.112933733
v 0.013838214 -0.021118653 0.158176990
v 0.017948875 -0.021502341 0.160672514
v 0.017476627 -0.020049238 0.156755699
v 0.000762865 -0.029411668 0.199890973
v 0.003614715 -0.029157324 0.201295497
v 0.031445863 -0.024691098 0.184613289
v 0.030898767 -0.024897074 0.181766040
v 0.024664941 -0.023011788 0.102834372
v 0.004775555 -0.036863834 0.089154388
v 0.007611520 -0.032210371 0.097008846
v 0.007902058 -0.021033950 0.126883023
v 0.005255625 -0.021715412 0.124579148
v 0.004387077 -0.020642927 0.129609523
v 0.030325507 -0.025783790 0.186609916
v 0.026641180 -0.027732795 0.186317926
v 0.028393677 -0.027001330 0.188844027
v 0.024323151 -0.014829480 0.124769074
v 0.027072006 -0.013984116 0.120645771
v 0.017039802 -0.020382974 0.119576822
v 0.004167104 -0.021608758 0.159579857
v 0.000815072 -0.021802799 0.123347697
v -0.004247004 -0.021000112 0.122382031
v 0.005355960 -0.044208828 0.068471978
v 0.001908301 -0.042815107 0.074894224
v 0.005877799 -0.042851241 0.073719226
v 0.003559241 -0.040768655 0.080880367
v 0.013481031 -0.027626091 0.212445613
v 0.010769364 -0.028010481 0.208399064
v 0.009823832 -0.027753385 0.213374807
v 0.009313277 -0.019280119 0.139200090
v 0.006132414 -0.019441468 0.141542965
v 0.003889266 -0.019294340 0.142362730
v 0.014724946 -0.027957067 0.207256908
v 0.004095784 -0.019722065 0.136426622
v -0.006844385 -0.024544688 0.216554876
v -0.004214895 -0.025334132 0.217437024
v -0.004273906 -0.025851776 0.214113862
v -0.002510650 -0.026673019 0.209821903
v 0.000219530 -0.026464089 0.215536334
v -0.008047447 -0.017216926 0.128206058
v 0.021862343 -0.014905699 0.139756742
v 0.025263006 -0.012888662 0.136082416
v -0.018673459 -0.043341385 0.063759091
v -0.021080829 -0.044396088 0.061582972
v 0.001976623 -0.030815774 0.195425123
v 0.022931892 -0.021417805 0.108556697
v 0.024416126 -0.020086973 0.109210101
v 0.002539670 -0.026393854 0.220702272
v -0.000715841 -0.025561761 0.220927300
v 0.018859424 -0.029830572 0.183442678
v 0.022175283 -0.029247676 0.184253443
v 0.019538477 -0.028120648 0.178018676
v 0.032878516 -0.023568595 0.193151538
v 0.021730525 -0.019239549 0.157888373
v 0.023003769 -0.016216998 0.149997766
v 0.025731825 -0.026546705 0.178574744
v 0.005856744 -0.023242679 0.163868798
v 0.008423444 -0.021216263 0.157681353
v 0.000442072 -0.019992181 0.130850193
v 0.004787845 -0.023027469 0.120345198
v 0.015747901 -0.018857889 0.151445256
v 0.018766393 -0.017305052 0.147929074
v 0.024185482 -0.026654869 0.225853735
v 0.016156296 -0.025366115 0.107539244
v 0.014630190 -0.027357641 0.103858928
v 0.012966438 -0.026761813 0.106238306
v -0.006969613 -0.041057759 0.078077797
v -0.011232213 -0.042045599 0.072235248
v 0.024283514 -0.028522509 0.186151813
v 0.023994499 -0.029159049 0.187720799
v 0.025942798 -0.028460087 0.187958645
v 0.015749853 -0.040407428 0.075610077
v 0.017555321 -0.039296154 0.077809068
v 0.017465249 -0.039980043 0.075530794
v 0.012417723 -0.035236105 0.089908174
v 0.014827158 -0.038223790 0.082494856
v 0.009069846 -0.039374479 0.082865989
v 0.004975686 -0.026766230 0.172456575
v 0.010746326 -0.024317542 0.165788053
v 0.021239548 -0.038454253 0.075882676
v 0.019358491 -0.039812657 0.074169598
v 0.019045964 -0.030911827 0.189178290
v 0.017111006 -0.030793729 0.185975619
v -0.003431986 -0.017207537 0.139068866
v 0.000513523 -0.027289742 0.208461386
v -0.000104993 -0.027817478 0.204471160
v 0.007529106 -0.027858893 0.209748337
v 0.003770859 -0.027764939 0.208183080
v 0.005838106 -0.027551732 0.213817965
v 0.026738513 -0.012246235 0.130123065
v 0.022523697 -0.014877606 0.131242520
v 0.021860039 -0.023294591 0.106127139
v 0.021479256 -0.025551653 0.101872380
v 0.014974965 -0.029001879 0.202033224
v 0.012728945 -0.022775569 0.116614351
v 0.008437112 -0.022990286 0.118904752
v 0.014151348 -0.019800244 0.125711116
v 0.022138750 -0.028580163 0.198575758
v 0.024816378 -0.027231658 0.199808212
v 0.004239132 -0.020263359 0.153936439
v 0.009979577 -0.043158950 0.070165734
v 0.010958530 -0.044517624 0.065049063
v 0.005430175 -0.023734182 0.117455592
v 0.012920953 -0.040473592 0.078063007
v 0.009853732 -0.031194772 0.195596784
v 0.009186128 -0.030046836 0.200025722
v 0.012390678 -0.030324474 0.198865768
v 0.016905985 -0.040416190 0.073832151
v 0.011840204 -0.030155061 0.180230712
v 0.009006412 -0.031443038 0.186400881
v 0.013635438 -0.031262702 0.185763395
v 0.014610100 -0.018204948 0.144072860
v 0.011607128 -0.019087909 0.146776689
v 0.006462079 -0.026631246 0.238746045
v 0.009265579 -0.028271220 0.104217796
v 0.006214353 -0.019903477 0.134779286
v 0.025036746 -0.018958019 0.111015241
v 0.022283411 -0.020731964 0.110910315
v -0.001771994 -0.040947929 0.080568653
v -0.002142156 -0.042394442 0.075298686
v 0.027987307 -0.026387856 0.183899171
v 0.006402684 -0.030007837 0.180745449
v 0.019869971 -0.030365810 0.186433080
v 0.022311177 -0.029956050 0.188870333
v -0.005024460 -0.043140893 0.072073359
v 0.016928693 -0.036046656 0.086004655
v 0.012081315 -0.027810420 0.232882013
v 0.011184496 -0.027442145 0.238411268
v 0.021720850 -0.014870617 0.135279301
v 0.018997422 -0.016141126 0.136540995
v 0.018067499 -0.018576707 0.123698369
v 0.014174895 -0.041618868 0.072989559
v 0.009048564 -0.041981765 0.076226761
v 0.017979587 -0.027972802 0.204614444
v 0.019004795 -0.040764020 0.070314537
v 0.020405046 -0.030229020 0.191711472
v 0.021525341 -0.029643827 0.194805869
v 0.023138749 -0.029458200 0.192455722
v 0.017428674 -0.027780151 0.236429195
v 0.011831518 -0.019293892 0.132371469
v 0.008154662 -0.020023639 0.131889632
v 0.018133667 -0.016667359 0.141101754
v 0.020528451 -0.028684723 0.097183964
v -0.019909391 -0.042123305 0.065557443
v 0.019707401 -0.028309406 0.201598147
v 0.023087768 -0.027234632 0.202573161
v -0.003577976 -0.045648083 0.064689131
v 0.007967072 -0.024633485 0.114367726
v 0.004561638 -0.027051654 0.218049168
v 0.005434996 -0.026733131 0.109351497
v 0.003649065 -0.029564031 0.102736573
v 0.000351507 -0.027475391 0.107687612
v 0.001804590 -0.028696867 0.202803847
v -0.005019071 -0.025927105 0.211167729
v -0.006637715 -0.025552765 0.213403827
v 0.018359389 -0.016893803 0.131819507
v 0.020493536 -0.016746385 0.126242009
v 0.017325500 -0.018123933 0.127346274
v -0.000641389 -0.029821409 0.102547192
v 0.022402053 -0.027203149 0.231402758
v 0.021429243 -0.026914866 0.218349378
v 0.019868434 -0.027393184 0.222902740
v 0.023458514 -0.026584640 0.221620990
v 0.010511790 -0.020372793 0.128297488
v 0.015013297 -0.042680047 0.067355893
v -0.015264235 -0.041382630 0.070806803
v 0.015059709 -0.027358831 0.173435786
v 0.016081734 -0.030071028 0.181189694
v 0.014987526 -0.017905889 0.136605564
v 0.004919337 -0.028547246 0.203841673
v 0.006182222 -0.029748495 0.200897143
v 0.010699444 -0.026016324 0.109194741
v 0.020502965 -0.024610146 0.169113267
v -0.002751462 -0.027441904 0.204726838
v -0.004541090 -0.026493030 0.208155677
v -0.007804227 -0.023755346 0.219087411
v 0.015776556 -0.023569198 0.164892705
v 0.027937003 -0.016586243 0.110564718
v 0.001690448 -0.027922097 0.205595131
v 0.011286463 -0.031817065 0.190815624
v 0.024100665 -0.016403921 0.119475438
v 0.000471355 -0.018434346 0.143376474
v 0.004371641 -0.019528440 0.148161957
v 0.021031234 -0.017820731 0.121438102
v 0.003130367 -0.028309296 0.204056213
v -0.005731261 -0.024475766 0.219642820
v -0.002966865 -0.025185626 0.219451042
v 0.025136649 -0.027756070 0.183914592
v 0.015262547 -0.018389745 0.130821084
v 0.017991589 -0.027327676 0.214662559
v 0.016328685 -0.027935481 0.228639340
v 0.018387584 -0.030623587 0.194390359
v 0.017978579 -0.031198590 0.191600967
v 0.014099281 -0.023905172 0.112103951
v -0.001066803 -0.028181122 0.202246192
v -0.002644099 -0.028362003 0.200809797
v 0.020971280 -0.015868418 0.144317207
v -0.009224324 -0.036108812 0.089028194
v 0.017382667 -0.028112340 0.100487794
v 0.018456544 -0.025910005 0.104106523
v 0.019012523 -0.029848058 0.197730403
v 0.020425145 -0.015657461 0.133576392
v 0.015676802 -0.031321506 0.095788438
v 0.011668484 -0.032394155 0.095376803
v 0.021175308 -0.027183854 0.205128867
v 0.012877863 -0.030009222 0.099457825
v 0.015782158 -0.030371466 0.197615032
v 0.019283375 -0.022850628 0.109871469
v -0.001876111 -0.020399291 0.126589897
v 0.010028815 -0.027899053 0.174290820
v 0.058837841 -0.027558434 0.028311776
v 0.057285026 -0.027591153 0.033821762
v 0.060286001 -0.022816256 0.029655282
v 0.044625957 -0.046267803 0.013841673
v 0.040614311 -0.050028457 0.011790256
v 0.040411716 -0.050019901 0.017144910
v 0.050840426 -0.027931323 0.043906556
v 0.046397626 -0.030268186 0.048001669
v 0.050057885 -0.023903067 0.047521020
v 0.053637705 -0.020274809 0.044287297
v 0.020790715 -0.043500293 0.059266961
v 0.025999669 -0.041151290 0.058184740
v 0.021902355 -0.045181464 0.055540223
v 0.001230857 -0.053385465 0.051781456
v 0.004705646 -0.056619791 0.047609092
v -0.002900731 -0.056723145 0.047608070
v 0.027555391 -0.043320354 0.053470729
v 0.031976067 -0.042435519 0.050662795
v 0.036612910 -0.039429888 0.050064201
v 0.034779591 -0.046223821 0.044719833
v 0.065347091 -0.002735861 0.026145140
v 0.065232684 -0.001884832 0.019387283
v 0.065722399 -0.006440072 0.022573896
v 0.056197662 -0.015122506 0.042522175
v 0.047868576 -0.023112664 0.051909068
v -0.010125161 -0.054906245 0.048909485
v -0.005493681 -0.051829663 0.053256683
v 0.042872900 -0.038205257 0.045186475
v 0.045481480 -0.040126034 0.040296013
v 0.041777825 -0.044111244 0.040237244
v 0.053931625 -0.027564583 0.039833001
v 0.057390153 -0.019423841 0.038909033
v 0.048907068 -0.034667568 0.041232047
v 0.060880874 -0.008942473 0.036919230
v 0.062369878 -0.007301632 0.034277248
v 0.028924950 -0.046086700 0.049150781
v 0.017644221 -0.049275670 0.052615509
v 0.024078045 -0.047772896 0.050556326
v 0.028025799 -0.058496089 0.028549006
v 0.031586793 -0.056664285 0.024962869
v 0.026256351 -0.059406011 0.025239821
v 0.045022366 -0.046788950 0.019868234
v 0.058277343 -0.022564711 0.006885545
v 0.057633841 -0.026339370 0.011297134
v 0.060329727 -0.020673969 0.012825191
v 0.057051727 -0.026677810 0.006822726
v 0.056888225 -0.027245003 0.006865228
v 0.027597329 -0.051092406 0.044575495
v 0.052617634 -0.033973781 0.036385986
v 0.057128722 -0.032122151 0.024636327
v 0.059085788 -0.027953062 0.021011346
v 0.057460956 -0.030441233 0.019909771
v 0.057639122 -0.014110163 0.040727595
v 0.020502349 -0.061225313 0.016531683
v 0.015172464 -0.063086683 0.013263508
v 0.014488881 -0.063219228 0.017864139
v 0.006351447 -0.045901385 0.063025618
v 0.041711744 -0.049905141 0.024394951
v 0.043995095 -0.047821715 0.027877693
v 0.047025325 -0.045260173 0.025137397
v 0.047988213 -0.040962668 0.035660812
v -0.006314662 -0.065175276 0.013846302
v -0.007675685 -0.065856549 0.010939559
v -0.009771448 -0.064580496 0.013430246
v -0.009832916 -0.048974141 0.056273898
v -0.014994095 -0.050459931 0.053601261
v -0.007868274 -0.058083341 0.044885984
v -0.013435601 -0.057703150 0.044147882
v 0.064688163 -0.008541454 0.015997523
v 0.059313459 -0.012937232 0.038437681
v 0.061849947 -0.012197450 0.034321146
v 0.060076632 -0.025902000 0.024119731
v 0.061819746 -0.020744743 0.023046727
v 0.060793964 -0.023474195 0.019717128
v 0.021138880 -0.061150970 0.021862229
v 0.027918593 -0.058422669 0.021935088
v 0.057041525 -0.011840283 0.042244775
v 0.055968917 -0.031381282 0.014326881
v 0.056103272 -0.033583758 0.020210553
v 0.037309313 -0.049797075 0.037690183
v 0.042662839 -0.047867912 0.032527250
v 0.015165128 -0.052607299 0.049531003
v 0.008694316 -0.050833278 0.053929487
v 0.015474199 -0.046520350 0.057648341
v 0.011153382 -0.046080093 0.060763896
v 0.016934211 -0.043699708 0.062431314
v -0.009212306 -0.060191481 0.040899112
v -0.003740373 -0.060976099 0.041166684
v -0.009343242 -0.063991613 0.025874734
v -0.017867303 -0.062363510 0.023930815
v -0.013944919 -0.062150165 0.032189666
v 0.008553173 -0.058792458 0.043644911
v 0.008185710 -0.061320499 0.039170489
v 0.004520238 -0.059826232 0.042916885
v -0.008899606 -0.064306150 0.018555828
v 0.005393101 -0.063084310 0.035291061
v 0.004229125 -0.064029262 0.031095791
v -0.001357788 -0.063691204 0.033619157
v 0.033708644 -0.053230765 0.035653300
v 0.032345101 -0.051373247 0.040289258
v 0.061137560 -0.015800616 0.009748088
v 0.059855604 -0.018201785 0.006799901
v -0.017887566 -0.064833656 0.008844904
v -0.019886824 -0.064264801 0.008773959
v -0.020387764 -0.062926238 0.011836157
v -0.016431374 -0.064695274 0.010319914
v 0.060843141 -0.017451676 0.033399322
v 0.012672721 -0.063696495 0.023371462
v 0.065206461 -0.011010530 0.020700229
v 0.065288657 -0.006571998 0.019920777
v 0.053330759 -0.036134501 0.032355476
v -0.017348506 -0.062897183 0.017548292
v -0.009622155 -0.047176355 0.059029759
v -0.004825006 -0.048913432 0.057399730
v 0.004867681 -0.065893944 0.010706764
v -0.000727414 -0.065008203 0.015039380
v 0.007157960 -0.064571295 0.016809041
v 0.002018216 -0.061891552 0.039386446
v 0.000652022 -0.059342480 0.044026789
v 0.062486797 -0.004719248 0.034139698
v 0.029103749 -0.037764780 0.061516704
v 0.027615851 -0.037713627 0.065647423
v 0.036927931 -0.053628265 0.026966560
v 0.037115547 -0.052346618 0.032248404
v 0.040101028 -0.050992969 0.028794993
v 0.021119563 -0.061197758 0.029100613
v 0.013220946 -0.063112932 0.029432417
v 0.014891622 -0.061450971 0.035249839
v 0.035487818 -0.033330569 0.060091608
v 0.036847497 -0.034433948 0.056684823
v 0.032198985 -0.038109589 0.056479387
v 0.020433641 -0.052110944 0.047610303
v 0.058672499 -0.026761656 0.016550155
v 0.062219988 -0.011712110 0.009913273
v 0.061553555 -0.011465008 0.006647110
v 0.061286802 -0.013770693 0.007796771
v 0.049945348 -0.042116756 0.019173180
v 0.047788305 -0.042554616 0.013119448
v -0.000869380 -0.046771402 0.062216782
v -0.017355976 -0.059139612 0.039271897
v -0.011867648 -0.061026991 0.037676327
v 0.049794707 -0.041641431 0.029743315
v -0.028552938 -0.057155469 0.035165232
v -0.028813921 -0.056126548 0.038191459
v -0.023608518 -0.058276564 0.036684324
v 0.056358350 -0.032161801 0.029602312
v 0.053940432 -0.037043984 0.027793810
v 0.064235974 -0.007368252 0.030651777
v 0.009456344 -0.062442096 0.035425693
v 0.063833869 -0.002117101 0.031042931
v 0.051484759 -0.036807356 0.011300810
v 0.051102835 -0.038978437 0.014484513
v 0.053500218 -0.035392878 0.014017045
v 0.001240810 -0.048287898 0.058963062
v 0.028265038 -0.055449511 0.037432762
v 0.021415561 -0.056054204 0.041657127
v 0.043743685 -0.026395625 0.056564051
v 0.062747927 -0.017240855 0.026852517
v 0.028487239 -0.058939810 0.008988088
v 0.026279609 -0.060043123 0.009046029
v 0.024743961 -0.060361864 0.010277135
v 0.029153669 -0.057963010 0.010678880
v 0.062806300 -0.009563130 0.032898904
v 0.046439322 -0.044401285 0.008078789
v 0.046264537 -0.044600175 0.008092155
v 0.046189764 -0.044476854 0.008474753
v 0.006869517 -0.047518632 0.059378432
v 0.002980973 -0.046804719 0.061619279
v -0.026213558 -0.059786787 0.021849471
v -0.021818500 -0.061411616 0.019273349
v -0.026287063 -0.059727601 0.016732188
v 0.045920921 -0.045628848 0.029686409
v 0.046636450 -0.044288893 0.031838795
v 0.014296951 -0.058580099 0.041681885
v 0.032241522 -0.055845022 0.031250389
v 0.063380768 -0.012002408 0.030469683
v 0.053616504 -0.033865418 0.011274952
v 0.054500916 -0.031369270 0.008765419
v 0.000093642 -0.066358224 0.010119744
v 0.041800873 -0.049412434 0.028355817
v 0.051239648 -0.040884319 0.025156556
v -0.001577172 -0.064777220 0.020124901
v 0.001304803 -0.064896561 0.023645038
v 0.004555405 -0.064586771 0.020977694
v 0.026306211 -0.059095146 0.018496497
v 0.032015719 -0.056102779 0.019005742
v 0.029703875 -0.056789013 0.015977431
v 0.056254025 -0.028804101 0.010232970
v 0.063751233 -0.009655964 0.031223939
v 0.065114367 -0.010151008 0.025991996
v 0.049328105 -0.040008636 0.011114433
v 0.060726261 -0.022852155 0.026611942
v 0.044174984 -0.027811703 0.053385459
v 0.032626007 -0.056559161 0.008854890
v 0.032932042 -0.055690321 0.010539181
v 0.033576801 -0.055935529 0.009098539
v 0.033381404 -0.056153401 0.008832842
v 0.036295762 -0.036409620 0.054087764
v -0.012671063 -0.059757411 0.040579603
v 0.064357108 0.000191257 0.028732200
v 0.000692343 -0.050610824 0.055234057
v 0.048740211 -0.041571282 0.007886164
v 0.047673698 -0.042196132 0.010005082
v 0.049176726 -0.041084259 0.007853545
v 0.054120968 -0.037060246 0.022879821
v 0.022102230 -0.058982861 0.035731873
v 0.037051359 -0.053210404 0.021356181
v 0.036562764 -0.053428655 0.016938668
v 0.000705938 -0.064488844 0.027593529
v -0.003494164 -0.064827436 0.023743371
v 0.063363320 -0.013864592 0.014023428
v 0.063695779 -0.010484788 0.012876128
v 0.063977289 -0.014396955 0.023040511
v -0.014182842 -0.047126736 0.058310972
v -0.026033374 -0.055793151 0.041768931
v 0.032840557 -0.035345229 0.061297544
v -0.019331231 -0.060178080 0.034902954
v 0.015610090 -0.064056876 0.009222273
v 0.015545775 -0.064075620 0.009222906
v 0.010857127 -0.065312089 0.009746898
v -0.018339432 -0.046968645 0.057867662
v -0.011788625 -0.066009525 0.009319128
v -0.014271911 -0.063878427 0.013868645
v 0.000030744 -0.066624966 0.009220459
v 0.003529339 -0.066402217 0.009248726
v -0.020137994 -0.055770337 0.045120685
v 0.063090924 -0.016904379 0.019163616
v 0.063145583 -0.017302002 0.023152719
v 0.064975793 0.002892161 0.023714547
v 0.062325309 0.002087387 0.004627696
v 0.053472442 -0.036574336 0.017663391
v -0.016129458 -0.065174849 0.008894774
v -0.016593120 -0.053797106 0.049007222
v 0.018209712 -0.059069348 0.038324579
v 0.038688199 -0.052329214 0.008601316
v 0.042821608 -0.049013252 0.008394431
v 0.064514309 -0.012717740 0.017479652
v 0.056869741 -0.027279872 0.006867731
v 0.043462807 -0.048496078 0.008362119
v -0.022280100 -0.061792828 0.015426866
v 0.037429920 -0.051865568 0.012895470
v 0.006942522 -0.064176209 0.026997904
v 0.045190690 -0.045972780 0.008186133
v 0.052518713 -0.034801909 0.008392059
v 0.009115008 -0.063224182 0.032272024
v 0.026668019 -0.058348067 0.032409707
v 0.010552523 -0.047705033 0.058009601
v -0.003606319 -0.066320676 0.010267204
v 0.020617810 -0.060955769 0.012842067
v -0.022159046 -0.052221869 0.049702458
v -0.018946313 -0.051470247 0.051735973
v 0.034427193 -0.055235637 0.008774296
v 0.034563828 -0.055099802 0.008861617
v 0.034774205 -0.054985603 0.008759159
v 0.050626530 -0.037882370 0.008365428
v 0.049902652 -0.039565717 0.007743526
v 0.010175670 -0.064266554 0.013627775
v 0.063294410 -0.007733468 0.011798716
v 0.033505802 -0.054505759 0.014164347
v 0.037763493 -0.052950316 0.008638097
v 0.051063463 -0.037668625 0.007609405
v -0.012291841 -0.065988365 0.009009041
v 0.011108621 -0.065420434 0.009270669
v 0.010529637 -0.065511908 0.009270290
v 0.025841872 -0.058783161 0.014150698
v -0.026118395 -0.053037732 0.046596173
v 0.052645440 -0.035220013 0.007437388
v -0.027070813 -0.060875265 0.010976255
v 0.056804972 -0.027384539 0.006875121
v 0.060512715 -0.015764633 0.007268459
v 0.060800866 -0.015247066 0.005972108
v 0.060371960 -0.016686086 0.006079757
v 0.034945309 -0.053558239 0.010745162
v 0.030186695 -0.056703536 0.013121335
v 0.030919971 -0.057587158 0.008913469
v 0.036691669 -0.053406487 0.008659971
v 0.053289982 -0.034166597 0.007362912
v 0.055105366 -0.031195473 0.007152825
v 0.054309088 -0.032582632 0.007251582
v 0.011243340 -0.055690909 0.047197588
v 0.062663151 -0.004505865 0.005151064
v 0.062499828 -0.007680872 0.005398826
v 0.062146114 -0.009388206 0.005528577
v -0.023359890 -0.059747798 0.030990862
v -0.002900057 -0.066640861 0.009183343
v 0.017729305 -0.062340395 0.011331246
v 0.059912897 -0.018514889 0.006217689
v 0.060147135 -0.018028749 0.006182492
v 0.058346116 -0.022718086 0.006528006
v 0.058479245 -0.022313273 0.006497887
v 0.061207278 -0.013502042 0.005840080
v 0.061045159 -0.014649488 0.005928272
v 0.061552448 -0.011665656 0.005700060
v 0.061973220 -0.010117175 0.005583690
v 0.062736861 -0.003442026 0.005068295
v -0.026204297 -0.046334112 0.056646740
v -0.021889612 -0.048102534 0.055463645
v -0.027101875 -0.049207651 0.051889975
v 0.039298468 -0.030941608 0.058628281
v 0.040268205 -0.033530329 0.052780480
v 0.016620923 -0.055366785 0.045407233
v 0.062328957 0.002049422 0.004630732
v -0.007024015 -0.063624143 0.030808237
v -0.004250954 -0.064421355 0.027788258
v 0.024684700 -0.060849050 0.009088583
v -0.011243103 -0.066141751 0.009034843
v -0.011704684 -0.066091948 0.009024881
v -0.007116394 -0.066460805 0.009113977
v 0.038942197 -0.042400201 0.044985923
v 0.015617260 -0.064053238 0.009222081
v 0.020701545 -0.062239310 0.009145866
v 0.019912089 -0.041530104 0.065773444
v 0.023560521 -0.040663558 0.062725421
v -0.011881505 -0.066065999 0.009020523
v -0.004389502 -0.066616371 0.009161918
v -0.022481253 -0.063366532 0.008669294
v -0.025660601 -0.062285300 0.008542572
v -0.007966721 -0.062421834 0.036014781
v 0.005619632 -0.066240948 0.009263396
v 0.041818326 -0.029261412 0.055973643
v -0.024031401 -0.060061378 0.025957511
v -0.030120832 -0.057458014 0.026517294
v -0.027897478 -0.061384688 0.008442404
v 0.040529119 -0.028339412 0.061388094
v 0.064481810 0.002518717 0.027244836
v 0.020232872 -0.062407815 0.009152994
v 0.020063543 -0.062456218 0.009154587
v -0.024476031 -0.044510064 0.060016702
v 0.047176130 -0.043427310 0.008011774
v -0.039373644 -0.053692415 0.012308226
v -0.035359738 -0.056160299 0.013393895
v -0.037611435 -0.055503029 0.010088994
v -0.037465541 -0.049430689 0.043443700
v -0.039259072 -0.046538243 0.045563625
v -0.034889602 -0.048689818 0.046676708
v -0.058760495 -0.032800434 0.005788563
v -0.034713154 -0.043630879 0.053809354
v -0.050242724 -0.044584719 0.015201384
v -0.045484186 -0.048992926 0.020115930
v -0.046748114 -0.048342429 0.012644533
v -0.030490978 -0.050435903 0.047895848
v -0.032335553 -0.051909659 0.044036128
v -0.043668842 -0.049426459 0.033396784
v -0.037905796 -0.052666612 0.035667813
v -0.040199022 -0.052239178 0.030989781
v -0.032912079 -0.056686614 0.021840664
v -0.038558915 -0.053637946 0.024626880
v -0.030987739 -0.058259470 0.013476924
v -0.031814160 -0.057365490 0.017790063
v -0.045198873 -0.050606831 0.007367608
v -0.045201096 -0.050567414 0.007479945
v -0.044839121 -0.050880292 0.007393841
v -0.053627349 -0.039969530 0.021732860
v -0.048265818 -0.046040554 0.027529573
v -0.043801059 -0.050082594 0.027373795
v -0.037354609 -0.045143078 0.049392382
v -0.048425610 -0.044437583 0.034617997
v -0.044766906 -0.047279644 0.037419233
v -0.033320109 -0.053411531 0.039850044
v -0.032884653 -0.054992094 0.036358374
v -0.042411839 -0.051716949 0.014579502
v -0.042082998 -0.052446751 0.010045999
v -0.034418053 -0.057963149 0.008087741
v -0.039402609 -0.054959137 0.007786049
v -0.041070103 -0.053847194 0.007676701
v -0.040247596 -0.054409039 0.007731690
v -0.033604849 -0.058386592 0.008131715
v -0.034009973 -0.058190696 0.008110993
v -0.037287504 -0.054762767 0.017477711
v -0.030574917 -0.056782964 0.031596360
v -0.031934902 -0.055915507 0.033994508
v -0.027145168 -0.043445965 0.060277031
v -0.029899757 -0.045146889 0.056061162
v -0.032504346 -0.047296079 0.050756016
v -0.053372919 -0.040807512 0.013662629
v -0.046489607 -0.046881428 0.033541952
v -0.033899301 -0.055691323 0.028917055
v -0.056519646 -0.037205026 0.006164576
v -0.053481984 -0.041743418 0.006561551
v -0.045287099 -0.050523731 0.007359912
v -0.042887421 -0.046366764 0.042350313
v -0.039914890 -0.050132330 0.039484161
v -0.058522131 -0.033249448 0.005827024
v -0.049274025 -0.046816744 0.007015949
v -0.049308432 -0.046631360 0.007489103
v -0.034170643 -0.058114860 0.008102921
v -0.035900963 -0.051424914 0.041677699
v -0.035533003 -0.054398468 0.032122310
v -0.051840088 -0.043725843 0.006739078
v -0.053249630 -0.042075312 0.006590715
v -0.053355215 -0.041941626 0.006578811
v -0.032406973 -0.042673477 0.057373049
v -0.049555641 -0.046488010 0.006986389
v 0.002982273 -0.012954055 0.005034742
f 1 2 3
f 4 5 6
f 7 5 4
f 8 6 5
f 8 5 9
f 10 8 9
f 10 9 11
f 12 13 14
f 15 16 17
f 18 19 20
f 21 22 23
f 24 25 26
f 27 17 28
f 29 19 30
f 31 32 33
f 34 35 36
f 37 38 39
f 40 41 42
f 43 44 45
f 46 47 42
f 48 49 50
f 51 52 53
f 25 54 55
f 35 46 42
f 44 46 35
f 26 25 56
f 57 58 59
f 60 61 62
f 63 64 65
f 66 26 56
f 32 31 67
f 54 56 55
f 68 69 70
f 55 56 25
f 71 72 73
f 58 38 59
f 74 75 62
f 76 32 67
f 77 78 79
f 36 80 81
f 82 83 84
f 85 86 87
f 69 88 89
f 90 91 92
f 93 90 94
f 95 26 96
f 91 90 93
f 97 93 94
f 98 99 100
f 17 27 15
f 101 97 102
f 98 100 103
f 103 100 104
f 104 100 105
f 103 106 98
f 97 101 107
f 108 91 93
f 105 100 109
f 110 103 104
f 111 112 91
f 108 111 91
f 108 93 113
f 110 104 114
f 115 113 107
f 111 108 116
f 109 117 105
f 116 112 111
f 113 116 108
f 115 118 113
f 82 119 120
f 117 121 105
f 122 118 115
f 116 123 112
f 124 110 125
f 118 122 126
f 127 113 118
f 128 121 117
f 129 130 131
f 114 130 132
f 121 133 131
f 134 131 133
f 131 134 129
f 128 135 121
f 136 125 137
f 138 132 130
f 138 130 129
f 135 133 121
f 139 140 123
f 127 126 141
f 99 142 109
f 143 137 132
f 144 145 146
f 128 147 135
f 133 135 148
f 134 133 149
f 128 150 147
f 148 149 133
f 149 151 134
f 152 153 154
f 155 145 144
f 144 156 155
f 157 141 158
f 153 136 143
f 143 136 137
f 149 147 159
f 156 160 155
f 158 161 157
f 132 138 162
f 143 132 162
f 163 164 143
f 159 165 149
f 156 161 166
f 166 160 156
f 167 168 169
f 159 147 150
f 164 163 170
f 171 170 172
f 173 150 174
f 175 176 151
f 171 172 177
f 178 159 179
f 163 180 181
f 170 182 172
f 177 183 166
f 119 183 120
f 173 179 159
f 184 163 181
f 183 185 120
f 186 178 187
f 188 189 173
f 184 181 176
f 190 191 176
f 176 191 184
f 192 190 193
f 185 194 195
f 184 191 196
f 193 187 197
f 196 191 198
f 191 192 197
f 127 116 113
f 191 197 198
f 196 198 199
f 198 200 199
f 201 202 203
f 204 205 206
f 204 206 207
f 208 209 210
f 199 200 211
f 212 213 214
f 215 216 217
f 138 129 134
f 122 153 152
f 171 164 170
f 107 98 106
f 218 219 220
f 221 222 223
f 224 220 225
f 224 226 227
f 228 229 230
f 125 114 137
f 231 232 233
f 234 235 236
f 237 238 239
f 240 241 242
f 243 244 245
f 246 247 248
f 249 250 251
f 252 253 254
f 255 256 257
f 258 259 260
f 256 255 261
f 191 190 192
f 256 262 257
f 255 257 263
f 257 264 263
f 262 256 265
f 266 267 268
f 269 262 265
f 152 154 158
f 265 256 270
f 271 272 229
f 273 274 275
f 229 272 276
f 113 93 97
f 277 278 250
f 279 280 264
f 278 257 262
f 255 281 282
f 228 273 275
f 283 284 285
f 153 143 164
f 286 287 288
f 289 290 291
f 262 269 250
f 278 262 250
f 292 239 293
f 294 295 296
f 239 292 297
f 298 299 295
f 300 301 302
f 100 99 109
f 303 304 305
f 264 306 279
f 278 286 307
f 308 309 310
f 107 124 115
f 311 248 312
f 313 314 315
f 316 317 318
f 316 318 319
f 320 321 322
f 323 240 242
f 324 294 296
f 325 312 248
f 246 248 321
f 326 327 328
f 306 264 307
f 329 321 320
f 330 210 209
f 248 247 325
f 257 278 264
f 331 277 250
f 332 333 334
f 335 246 336
f 326 328 337
f 329 326 337
f 307 264 278
f 338 339 340
f 341 280 279
f 342 325 247
f 122 115 124
f 343 344 247
f 313 315 279
f 335 336 345
f 250 269 251
f 174 346 188
f 347 308 287
f 286 278 277
f 348 279 306
f 348 313 279
f 315 349 341
f 350 351 352
f 307 348 306
f 337 353 329
f 175 149 165
f 354 337 355
f 356 357 358
f 298 359 360
f 361 343 335
f 331 249 362
f 361 344 343
f 249 331 250
f 363 313 348
f 347 277 331
f 286 288 307
f 287 308 364
f 336 329 365
f 314 313 363
f 287 286 277
f 366 367 368
f 369 208 370
f 331 362 347
f 53 371 51
f 359 298 294
f 167 342 344
f 354 353 337
f 364 288 287
f 372 373 374
f 375 376 377
f 270 256 261
f 378 374 379
f 252 380 381
f 339 336 365
f 66 382 96
f 348 307 363
f 40 42 47
f 383 384 385
f 386 41 40
f 387 56 388
f 347 287 277
f 389 390 21
f 391 386 40
f 297 312 392
f 67 393 76
f 394 395 304
f 396 397 398
f 75 74 399
f 339 400 336
f 401 402 386
f 391 401 386
f 340 353 354
f 403 404 405
f 279 315 341
f 406 51 371
f 407 307 288
f 364 308 310
f 220 224 245
f 408 409 410
f 411 412 413
f 414 415 416
f 417 324 404
f 418 402 419
f 299 298 420
f 153 122 125
f 340 236 338
f 421 422 423
f 424 425 426
f 402 401 427
f 428 429 430
f 345 431 361
f 432 433 434
f 168 361 435
f 436 400 339
f 437 438 439
f 399 440 441
f 442 443 444
f 445 446 447
f 448 31 33
f 449 424 426
f 429 428 450
f 451 452 453
f 126 152 141
f 454 455 456
f 293 311 292
f 457 423 458
f 415 422 450
f 124 125 122
f 459 460 461
f 462 429 463
f 28 464 388
f 229 228 275
f 465 14 466
f 358 467 468
f 358 468 356
f 469 18 20
f 437 426 470
f 366 471 472
f 65 304 473
f 453 452 414
f 435 361 431
f 222 474 259
f 475 476 477
f 478 479 334
f 414 480 458
f 450 422 481
f 404 324 234
f 461 422 459
f 476 482 483
f 168 484 169
f 184 196 199
f 184 170 163
f 458 423 414
f 236 340 405
f 471 366 368
f 485 486 459
f 487 436 338
f 105 121 131
f 450 463 429
f 481 461 463
f 430 488 428
f 489 490 368
f 430 462 446
f 491 492 493
f 494 296 295
f 495 400 496
f 484 168 435
f 299 497 494
f 494 497 498
f 462 430 429
f 414 416 453
f 499 487 500
f 236 404 234
f 501 457 458
f 502 461 460
f 503 504 480
f 234 296 235
f 130 114 505
f 173 189 179
f 494 498 506
f 428 415 450
f 462 463 502
f 507 508 462
f 509 496 253
f 480 414 452
f 510 511 512
f 513 85 484
f 514 515 516
f 421 457 517
f 481 463 450
f 507 462 502
f 518 451 453
f 519 520 521
f 522 523 524
f 513 509 85
f 525 253 526
f 417 404 403
f 500 338 527
f 459 422 485
f 205 370 206
f 502 460 507
f 518 453 416
f 236 235 527
f 167 344 168
f 528 529 530
f 531 85 509
f 518 416 488
f 124 107 106
f 186 193 190
f 476 532 477
f 486 460 459
f 533 534 367
f 494 535 235
f 480 504 458
f 536 499 537
f 499 538 525
f 535 506 539
f 540 541 11
f 540 11 9
f 485 421 542
f 445 543 451
f 177 182 216
f 509 253 252
f 415 423 422
f 544 504 503
f 162 181 180
f 175 151 149
f 451 543 452
f 445 488 430
f 523 545 524
f 253 525 538
f 238 293 239
f 502 463 461
f 501 458 504
f 546 547 548
f 421 485 422
f 549 550 85
f 430 446 445
f 295 299 494
f 484 435 513
f 158 171 161
f 551 550 549
f 552 553 554
f 136 153 125
f 171 158 154
f 537 527 555
f 186 165 178
f 556 127 141
f 381 531 252
f 423 457 421
f 336 400 345
f 531 549 85
f 536 557 558
f 414 423 415
f 518 488 445
f 559 560 561
f 517 542 421
f 445 451 518
f 254 253 538
f 461 481 422
f 144 139 157
f 495 431 345
f 457 501 562
f 447 543 445
f 147 149 148
f 212 214 554
f 428 416 415
f 527 563 555
f 564 565 566
f 488 416 428
f 526 499 525
f 567 568 536
f 531 381 569
f 211 194 215
f 356 570 571
f 356 571 572
f 531 569 549
f 573 574 572
f 573 572 575
f 576 577 578
f 576 578 574
f 538 499 536
f 579 578 577
f 536 558 538
f 580 581 582
f 580 582 583
f 302 584 585
f 586 587 588
f 586 588 589
f 573 576 574
f 590 583 582
f 479 591 270
f 589 588 592
f 199 215 217
f 593 575 572
f 594 367 366
f 581 580 595
f 593 572 571
f 596 583 590
f 557 536 568
f 597 598 599
f 227 245 224
f 529 528 600
f 77 79 601
f 297 292 312
f 254 602 380
f 537 500 527
f 556 116 127
f 516 290 514
f 603 569 381
f 245 218 220
f 548 259 258
f 534 533 583
f 215 199 211
f 604 605 546
f 296 494 235
f 219 218 606
f 607 366 472
f 608 609 208
f 610 519 521
f 303 364 611
f 524 612 613
f 557 568 614
f 615 616 617
f 615 617 618
f 380 603 381
f 619 620 524
f 113 97 107
f 621 622 623
f 624 612 524
f 104 505 114
f 625 212 626
f 627 628 603
f 629 299 420
f 606 474 219
f 223 548 547
f 630 631 632
f 202 633 547
f 567 555 634
f 554 379 212
f 187 193 186
f 635 636 223
f 474 221 219
f 546 202 547
f 603 602 637
f 433 638 260
f 376 639 566
f 620 619 640
f 78 213 79
f 641 442 642
f 510 225 511
f 552 554 214
f 474 222 221
f 643 78 644
f 379 626 212
f 645 646 647
f 648 649 650
f 651 652 653
f 654 655 456
f 367 594 533
f 633 635 547
f 524 620 624
f 624 631 612
f 656 627 603
f 519 610 514
f 367 587 368
f 568 634 657
f 98 101 102
f 218 433 606
f 637 602 658
f 659 530 660
f 291 493 661
f 662 553 552
f 586 663 587
f 534 588 367
f 244 433 218
f 664 585 584
f 564 566 665
f 666 667 668
f 283 669 670
f 656 671 672
f 673 514 674
f 614 568 657
f 239 392 237
f 557 675 658
f 487 338 500
f 630 613 631
f 585 664 676
f 677 673 674
f 367 588 587
f 208 316 678
f 679 680 681
f 534 682 592
f 534 592 588
f 614 683 669
f 596 682 534
f 596 534 583
f 603 684 656
f 685 686 687
f 211 688 689
f 357 690 691
f 691 692 358
f 627 656 672
f 222 259 548
f 693 694 695
f 353 340 339
f 570 356 468
f 665 696 697
f 698 699 700
f 602 558 658
f 372 374 701
f 702 703 690
f 704 705 706
f 260 259 474
f 659 707 530
f 683 614 284
f 708 300 302
f 709 710 711
f 712 660 713
f 709 9 5
f 656 684 671
f 714 715 716
f 714 716 717
f 332 334 261
f 355 403 354
f 718 658 675
f 214 719 552
f 597 650 720
f 614 718 675
f 213 78 721
f 492 275 274
f 688 211 200
f 619 722 640
f 114 125 110
f 162 138 151
f 723 316 724
f 242 268 323
f 134 151 138
f 710 709 5
f 670 669 683
f 689 194 211
f 379 725 626
f 726 359 727
f 718 614 669
f 728 729 730
f 731 732 733
f 734 672 350
f 240 735 736
f 435 495 513
f 737 738 739
f 740 741 742
f 254 380 252
f 743 744 745
f 584 632 664
f 631 624 746
f 746 632 631
f 676 664 747
f 320 311 748
f 749 640 750
f 389 664 632
f 564 665 697
f 626 751 646
f 558 557 658
f 578 752 574
f 177 161 171
f 753 754 755
f 744 233 756
f 757 758 759
f 671 760 241
f 761 759 758
f 762 763 764
f 294 324 727
f 728 765 729
f 161 156 157
f 508 766 462
f 767 768 730
f 447 769 770
f 657 634 771
f 657 771 772
f 628 627 773
f 774 775 776
f 777 778 779
f 263 780 281
f 781 782 783
f 784 785 786
f 265 787 269
f 778 788 789
f 747 664 389
f 790 225 510
f 443 641 791
f 791 792 201
f 789 749 750
f 379 374 725
f 783 766 781
f 793 794 790
f 795 796 797
f 798 769 447
f 131 505 105
f 799 800 801
f 767 730 729
f 802 662 552
f 634 539 771
f 244 803 433
f 804 784 786
f 671 805 760
f 806 227 226
f 804 781 784
f 786 782 804
f 508 784 781
f 240 672 241
f 783 807 766
f 766 807 446
f 808 772 771
f 446 807 809
f 446 809 798
f 766 508 781
f 782 781 804
f 265 270 591
f 512 636 635
f 809 769 798
f 446 462 766
f 226 794 793
f 563 527 235
f 810 731 679
f 446 798 447
f 794 224 225
f 770 543 447
f 605 811 443
f 793 812 806
f 813 814 815
f 327 320 748
f 790 794 225
f 258 604 548
f 547 635 223
f 816 811 817
f 225 220 511
f 216 194 185
f 496 526 253
f 642 818 792
f 819 789 776
f 221 511 219
f 175 186 190
f 353 339 365
f 760 805 820
f 512 223 636
f 821 418 822
f 823 824 825
f 328 355 337
f 281 826 827
f 659 828 829
f 104 105 505
f 392 312 325
f 506 498 830
f 808 771 539
f 831 830 498
f 672 240 350
f 143 180 163
f 808 832 772
f 673 268 833
f 820 276 760
f 834 835 744
f 772 832 836
f 254 558 602
f 837 838 839
f 775 341 349
f 539 506 840
f 241 760 276
f 230 283 228
f 808 841 832
f 118 126 127
f 603 637 684
f 687 241 276
f 833 686 515
f 298 360 420
f 842 828 843
f 400 495 345
f 617 692 691
f 107 101 98
f 844 444 845
f 823 846 824
f 557 614 675
f 847 825 843
f 768 823 847
f 232 740 742
f 617 597 618
f 594 366 607
f 649 720 650
f 735 848 849
f 848 838 849
f 850 851 852
f 850 853 851
f 854 855 850
f 644 78 394
f 856 857 851
f 744 835 231
f 151 176 162
f 679 858 859
f 687 242 241
f 860 232 742
f 753 755 745
f 855 861 850
f 862 863 352
f 864 743 580
f 662 865 553
f 866 852 867
f 854 850 852
f 868 852 866
f 869 851 857
f 626 725 751
f 851 867 852
f 753 745 756
f 851 853 856
f 803 244 243
f 870 232 871
f 867 851 869
f 872 729 873
f 233 744 231
f 755 874 875
f 79 212 625
f 831 876 830
f 765 873 729
f 751 725 373
f 830 877 840
f 858 878 879
f 859 858 874
f 350 352 734
f 737 731 880
f 79 625 601
f 378 554 553
f 744 743 834
f 702 881 875
f 719 802 552
f 742 732 810
f 703 875 874
f 745 882 743
f 883 624 819
f 620 749 624
f 285 228 283
f 374 373 725
f 433 803 434
f 535 634 555
f 314 884 885
f 883 349 886
f 374 378 887
f 229 276 820
f 888 889 890
f 746 886 891
f 637 658 718
f 810 859 860
f 315 886 349
f 736 735 849
f 230 229 820
f 892 882 755
f 746 891 632
f 893 653 894
f 679 731 680
f 314 891 315
f 649 895 896
f 569 603 628
f 128 117 897
f 452 898 480
f 899 898 900
f 632 891 390
f 901 902 903
f 865 887 378
f 904 905 906
f 624 883 886
f 803 243 699
f 907 904 906
f 841 539 840
f 701 374 887
f 891 314 885
f 891 908 390
f 653 652 894
f 363 884 314
f 909 901 903
f 638 258 260
f 910 907 99
f 501 904 907
f 903 884 909
f 908 891 911
f 99 906 142
f 501 912 562
f 263 281 255
f 913 70 651
f 914 797 564
f 891 885 911
f 915 544 905
f 181 162 176
f 290 916 917
f 918 910 919
f 920 390 908
f 918 921 912
f 885 884 903
f 201 203 791
f 909 884 363
f 910 912 907
f 915 905 904
f 315 891 886
f 922 923 924
f 746 624 886
f 544 897 905
f 925 885 903
f 743 864 834
f 901 909 407
f 394 304 644
f 566 565 926
f 927 928 929
f 909 363 307
f 930 288 931
f 902 925 903
f 407 909 307
f 407 930 901
f 930 407 288
f 874 754 859
f 930 931 901
f 931 288 305
f 364 303 288
f 98 919 910
f 932 900 933
f 912 921 934
f 288 303 305
f 117 109 142
f 681 862 878
f 512 511 223
f 935 936 937
f 938 936 939
f 150 128 940
f 546 605 203
f 503 480 898
f 906 905 897
f 203 202 546
f 941 937 899
f 504 915 501
f 935 150 940
f 226 224 794
f 942 167 169
f 943 711 944
f 904 501 915
f 945 946 947
f 304 65 305
f 948 827 826
f 877 830 949
f 950 945 951
f 931 305 65
f 952 832 841
f 953 65 954
f 304 395 473
f 102 955 919
f 898 956 503
f 285 957 273
f 102 919 98
f 749 789 819
f 504 544 915
f 919 955 918
f 945 958 946
f 959 561 960
f 501 907 912
f 562 934 961
f 931 65 953
f 817 962 694
f 897 938 939
f 912 934 562
f 931 902 901
f 882 752 743
f 912 910 918
f 945 963 958
f 179 964 178
f 99 98 910
f 931 953 965
f 736 878 862
f 907 906 99
f 395 77 966
f 21 390 22
f 742 810 860
f 384 383 967
f 968 473 395
f 969 970 971
f 64 954 65
f 659 660 972
f 872 767 729
f 950 963 945
f 739 680 737
f 954 64 953
f 973 814 813
f 974 925 975
f 541 540 976
f 911 974 977
f 978 384 979
f 607 231 835
f 792 791 641
f 747 23 676
f 685 687 272
f 947 980 945
f 981 384 978
f 977 908 911
f 840 877 841
f 473 968 982
f 956 938 503
f 982 65 473
f 963 950 983
f 643 706 721
f 984 985 967
f 64 986 953
f 987 988 989
f 529 600 333
f 990 987 991
f 986 64 992
f 232 993 233
f 975 925 994
f 995 925 902
f 845 622 926
f 676 23 22
f 996 969 997
f 788 998 774
f 432 999 1000
f 456 676 454
f 240 351 350
f 1001 787 591
f 908 1002 920
f 1003 968 1004
f 1005 979 967
f 395 1004 968
f 989 991 987
f 993 753 756
f 1006 68 990
f 979 969 971
f 271 275 492
f 1007 924 1008
f 985 1005 967
f 875 881 755
f 965 953 986
f 978 979 971
f 965 995 902
f 1009 213 1010
f 1011 985 984
f 777 780 998
f 46 1012 47
f 752 578 580
f 146 145 1013
f 841 1014 952
f 985 969 1005
f 978 971 1015
f 997 985 1016
f 1017 17 1018
f 1019 1020 522
f 695 1021 987
f 993 756 233
f 997 1016 1022
f 985 997 969
f 780 777 1023
f 543 770 900
f 1024 1025 1026
f 1027 574 752
f 1028 1029 1030
f 979 1005 969
f 60 966 61
f 544 503 938
f 1031 145 155
f 826 1023 777
f 264 774 263
f 900 770 933
f 878 736 879
f 753 993 754
f 898 452 543
f 774 998 263
f 146 1013 140
f 371 316 319
f 560 1032 1006
f 826 1033 948
f 703 838 837
f 796 564 797
f 43 1012 46
f 160 119 1034
f 560 559 1032
f 988 561 989
f 988 638 432
f 1035 1036 819
f 193 197 192
f 377 1037 375
f 561 1000 960
f 880 733 1038
f 748 311 293
f 657 284 614
f 543 900 898
f 897 939 128
f 937 936 956
f 935 937 941
f 960 559 959
f 935 939 936
f 694 623 816
f 1039 1040 43
f 1041 1042 941
f 1043 1044 1045
f 892 755 881
f 906 897 117
f 341 775 280
f 478 1001 591
f 1046 952 1047
f 560 1006 991
f 1048 1047 1014
f 70 652 651
f 935 174 150
f 699 1049 803
f 77 601 61
f 999 432 1049
f 991 1006 990
f 715 1045 1044
f 624 749 819
f 952 1046 957
f 389 632 390
f 432 638 433
f 924 914 1050
f 937 956 899
f 1051 1052 140
f 941 932 1041
f 290 519 514
f 1053 941 1042
f 184 182 170
f 939 935 940
f 247 246 343
f 960 1054 1055
f 938 956 936
f 883 1036 349
f 939 940 128
f 711 943 490
f 774 776 788
f 776 1035 819
f 1053 174 935
f 544 938 897
f 906 117 142
f 944 716 715
f 1056 1057 1058
f 43 46 44
f 830 840 506
f 643 704 706
f 1059 1058 1057
f 1060 477 532
f 941 899 900
f 271 492 491
f 1061 1062 1063
f 1049 1040 999
f 941 1053 935
f 1064 1065 1062
f 952 957 832
f 960 1039 1054
f 1031 1066 1051
f 1066 1031 1067
f 483 532 476
f 1026 1068 1020
f 1057 1069 1070
f 1071 61 601
f 1061 1070 1062
f 1040 1039 999
f 405 404 236
f 1049 698 1040
f 285 273 228
f 329 353 365
f 1039 45 1054
f 1007 795 924
f 235 535 563
f 493 1072 491
f 1073 1007 1074
f 513 495 509
f 497 299 629
f 241 672 671
f 268 242 686
f 284 772 836
f 298 295 294
f 563 535 555
f 1075 848 735
f 194 216 215
f 1040 698 1012
f 323 1075 735
f 774 264 280
f 280 775 774
f 171 154 164
f 43 1040 1012
f 848 839 838
f 777 998 778
f 490 471 368
f 893 1037 1076
f 751 1052 1051
f 1077 1078 1079
f 1080 1066 1067
f 285 284 836
f 340 354 405
f 1081 1082 62
f 634 535 539
f 837 839 1083
f 608 1043 609
f 346 174 1053
f 1084 1085 358
f 1084 358 692
f 1066 1086 1051
f 538 558 254
f 335 343 246
f 336 246 321
f 924 795 914
f 394 78 77
f 1036 883 819
f 242 687 686
f 1087 532 483
f 705 1088 706
f 944 923 943
f 639 375 696
f 335 345 361
f 1066 1089 1090
f 1091 828 842
f 323 267 1075
f 1092 1084 692
f 923 944 1044
f 284 283 670
f 607 1093 871
f 872 1094 1095
f 1088 705 1096
f 1097 1098 1099
f 927 929 319
f 927 319 1100
f 284 670 683
f 327 326 320
f 560 991 561
f 1101 1088 1096
f 160 1067 1031
f 309 705 1102
f 248 322 321
f 985 1011 1016
f 177 166 161
f 895 1103 1104
f 895 1104 896
f 1105 1106 1086
f 1106 1105 645
f 591 787 265
f 537 499 500
f 302 613 584
f 321 329 336
f 1079 697 1107
f 281 1023 826
f 358 357 691
f 1086 1090 1105
f 1108 1109 1110
f 1111 309 308
f 1112 1113 1114
f 1108 1110 1115
f 1116 703 837
f 231 871 232
f 742 741 732
f 1075 267 666
f 514 833 515
f 347 362 308
f 1117 1115 1110
f 788 778 998
f 323 268 267
f 1035 775 349
f 556 139 116
f 1114 1118 1112
f 549 628 551
f 1092 692 617
f 1092 617 616
f 958 1064 1062
f 1118 1110 1112
f 1119 1120 1121
f 1122 1089 1082
f 1114 1123 1118
f 1124 1125 1088
f 803 1049 434
f 1126 1087 483
f 1088 1125 721
f 1127 1070 1069
f 369 1128 724
f 369 724 316
f 1057 532 1129
f 178 964 187
f 1069 1057 1129
f 1130 1131 1132
f 1118 1133 1117
f 1133 1134 1117
f 1134 1135 1136
f 858 679 1137
f 1109 1096 1110
f 621 377 926
f 1067 160 1080
f 1062 1127 946
f 1132 1131 1091
f 1138 1139 532
f 362 249 1140
f 980 1141 945
f 1129 1127 1069
f 987 1021 1142
f 1113 309 1114
f 1087 1143 1138
f 1144 1138 1143
f 1141 1145 951
f 1146 1147 1126
f 951 1145 1148
f 251 269 1149
f 1138 1129 1139
f 1129 1150 1127
f 1078 922 1050
f 1129 1151 1150
f 1081 1122 1082
f 1152 1153 1132
f 1062 946 958
f 776 789 788
f 1154 1155 1156
f 998 780 263
f 1100 319 318
f 924 1044 1008
f 62 61 1071
f 1086 1106 1051
f 698 700 1012
f 174 188 173
f 1144 1157 1129
f 1158 1123 1140
f 1001 1159 787
f 1160 829 1131
f 1008 1074 1007
f 980 1161 1162
f 1163 1152 1091
f 1082 74 62
f 1122 1081 1105
f 1161 947 1150
f 844 565 1164
f 1165 983 1166
f 1167 1168 1169
f 1170 1171 1172
f 1078 1077 471
f 1130 1132 1153
f 1095 1091 1173
f 1070 1061 1059
f 779 826 777
f 320 326 329
f 1136 1174 1175
f 1001 1176 1159
f 1177 1108 1115
f 1115 1178 1177
f 826 779 1033
f 1143 1147 1179
f 900 932 941
f 140 139 144
f 1106 645 647
f 1180 1181 1182
f 1162 1120 1183
f 1087 1184 1143
f 1185 1121 1186
f 1187 1188 646
f 1124 1101 1189
f 899 956 898
f 1190 1176 1191
f 1134 1133 1135
f 1192 1193 1194
f 281 780 1023
f 1095 1173 872
f 1133 1118 1195
f 1196 983 1165
f 1183 1148 1145
f 1164 565 796
f 1108 1197 1109
f 1184 1147 1143
f 1177 1198 1108
f 601 625 1188
f 842 825 824
f 678 316 371
f 1199 1200 1201
f 1035 776 775
f 1138 1144 1129
f 1202 722 619
f 1185 1203 1178
f 1204 1205 1147
f 1126 483 1206
f 1207 1208 1209
f 1140 1149 1210
f 1161 1211 1162
f 1212 1213 1214
f 1111 1114 309
f 1179 1215 1143
f 1172 1121 1120
f 872 846 767
f 1202 619 545
f 1216 1189 1101
f 1094 1163 1095
f 1088 1101 1124
f 947 1161 980
f 1217 1218 1189
f 1198 1219 1197
f 1051 140 1013
f 1198 1220 1219
f 1159 1176 1221
f 1220 1198 1177
f 951 1148 1175
f 1132 1091 1152
f 1222 1159 1223
f 349 1036 1035
f 1147 1205 1179
f 722 1202 1224
f 1179 1205 1215
f 1225 1155 1226
f 1159 1227 1223
f 1211 1120 1162
f 1157 1226 1154
f 1101 1228 1216
f 879 849 838
f 532 1087 1138
f 1189 1181 1217
f 1185 1186 1171
f 1229 1169 1168
f 1224 1033 1230
f 1231 1159 1221
f 750 722 778
f 1197 1232 1101
f 1233 1221 1190
f 1071 1105 1081
f 1060 1234 1057
f 432 434 1049
f 1195 1210 1201
f 1220 1177 1203
f 1223 1149 1222
f 411 1212 412
f 887 865 1235
f 1197 1219 1232
f 1204 1147 888
f 1236 1229 1199
f 1237 948 1033
f 1238 1194 1239
f 62 1071 1081
f 1189 1218 1124
f 1207 1219 1220
f 1233 412 1240
f 1241 1194 1235
f 1212 1242 412
f 1232 1228 1101
f 1230 1033 779
f 1241 1235 865
f 1230 778 722
f 1243 1244 1245
f 945 1141 951
f 1171 1246 1203
f 1247 1248 1249
f 1174 1166 951
f 1149 1223 1201
f 825 847 823
f 1242 1250 412
f 662 1239 865
f 1231 1227 1159
f 1180 1238 1239
f 1183 1141 980
f 778 1230 779
f 1251 1252 1253
f 1174 1254 1168
f 1249 1204 1255
f 1214 1242 1212
f 1181 1189 1256
f 948 1237 827
f 1155 1225 1243
f 1187 646 645
f 1224 1230 722
f 1221 1240 1253
f 1001 1257 1176
f 1144 1143 1226
f 1120 1148 1183
f 1172 1258 1170
f 1139 1129 532
f 1232 1216 1228
f 983 951 1166
f 1259 1063 1065
f 1247 1193 1260
f 1070 1059 1057
f 1260 1192 1209
f 1154 1226 1155
f 983 950 951
f 1195 1200 1254
f 1126 1184 1087
f 1156 1258 1261
f 1113 1112 1096
f 1262 887 1235
f 1215 1248 1244
f 1170 1246 1171
f 1248 1215 1205
f 686 1072 515
f 1254 1200 1168
f 1205 1249 1248
f 1263 1196 1165
f 1264 1199 1252
f 1194 1265 1262
f 1227 1231 1252
f 679 681 1137
f 722 750 640
f 1242 1214 1266
f 1148 1120 1119
f 1244 1243 1225
f 1213 411 413
f 1201 1223 1227
f 1221 1253 1231
f 406 929 1267
f 1168 1200 1229
f 1204 1249 1205
f 1227 1252 1199
f 1140 1210 1158
f 1250 1242 1266
f 1161 1150 1151
f 1149 269 1222
f 1225 1226 1143
f 1258 1172 1261
f 1125 1124 1218
f 1268 1269 1270
f 1252 1251 1264
f 1172 1186 1121
f 1261 1211 1154
f 1236 1264 1271
f 411 1213 1212
f 1272 1273 1274
f 1275 1250 1266
f 1105 1188 1187
f 1188 1105 1071
f 1232 1219 1207
f 1197 1108 1198
f 865 1239 1241
f 1249 1255 1276
f 1234 532 1057
f 1277 1267 929
f 1277 929 928
f 1278 1238 1180
f 1273 1272 1279
f 1216 1232 1278
f 1051 1106 751
f 1240 1250 1275
f 251 1149 249
f 524 545 619
f 1066 1080 1089
f 1140 1111 362
f 1216 1182 1256
f 1251 1271 1264
f 160 1031 155
f 158 141 152
f 1086 1066 1090
f 1178 1203 1177
f 1280 1274 1266
f 436 487 496
f 1122 1090 1089
f 1181 1256 1182
f 1273 1281 1282
f 1167 1169 1263
f 1167 1166 1174
f 1283 1271 1282
f 846 823 767
f 662 802 1217
f 1278 1232 1207
f 1264 1236 1199
f 882 892 1027
f 309 1113 705
f 1263 1165 1167
f 1013 1031 1051
f 406 371 929
f 1034 1080 160
f 1065 1063 1062
f 1136 1135 1174
f 751 1106 647
f 1156 1261 1154
f 1158 1195 1118
f 145 1031 1013
f 1196 1263 1270
f 1234 1060 532
f 1169 1236 1284
f 1161 1154 1211
f 1208 1207 1170
f 1127 947 946
f 1272 1285 1280
f 249 1149 1140
f 1118 1123 1158
f 1216 1278 1182
f 1176 1190 1221
f 1272 1274 1285
f 1274 1280 1285
f 1117 1110 1118
f 1247 1249 1276
f 1235 1194 1262
f 1155 1243 1245
f 1169 1284 1263
f 1246 1220 1203
f 308 362 1111
f 1215 1225 1143
f 1240 412 1250
f 1120 1211 1261
f 1157 1144 1226
f 1193 1247 1276
f 789 750 778
f 1286 1209 1245
f 1114 1111 1123
f 1180 1239 662
f 1154 1151 1157
f 1151 1129 1157
f 1287 1185 1178
f 1117 1178 1115
f 1256 1189 1216
f 1105 1187 645
f 662 1217 1181
f 1229 1236 1169
f 1168 1167 1174
f 1090 1122 1105
f 751 647 646
f 1273 1282 1271
f 1145 1141 1183
f 1151 1154 1161
f 1268 1270 1263
f 1284 1236 1271
f 1191 1233 1190
f 553 865 378
f 685 1072 686
f 1148 1119 1175
f 1233 1240 1221
f 1241 1239 1194
f 1101 1109 1197
f 1260 1193 1192
f 1182 1278 1180
f 1096 1112 1110
f 1283 1268 1263
f 585 655 302
f 1274 1251 1275
f 1195 1201 1200
f 1096 1109 1101
f 1156 1208 1258
f 1260 1248 1247
f 859 754 993
f 1244 1260 1286
f 841 808 539
f 1071 601 1188
f 1185 1287 1121
f 1287 1134 1136
f 1288 1289 1279
f 1199 1229 1200
f 1286 1245 1244
f 1268 1281 1269
f 177 216 183
f 646 1188 625
f 1209 1278 1207
f 1209 1192 1238
f 1194 1193 1265
f 1220 1246 1207
f 1208 1170 1258
f 435 431 495
f 1134 1287 1117
f 1290 274 1046
f 763 762 758
f 1284 1271 1283
f 1127 1062 1070
f 311 312 292
f 1184 1126 1147
f 1140 1123 1111
f 1215 1244 1225
f 1276 1262 1193
f 1251 1253 1275
f 1261 1172 1120
f 1253 1252 1231
f 1254 1174 1133
f 1121 1287 1119
f 662 1181 1180
f 1209 1286 1260
f 718 230 820
f 1238 1192 1194
f 1171 1203 1185
f 139 556 141
f 1265 1193 1262
f 1156 1209 1208
f 1209 1238 1278
f 1207 1246 1170
f 1209 1156 1245
f 1245 1156 1155
f 1183 980 1162
f 1127 1150 947
f 669 283 230
f 721 706 1088
f 1260 1244 1248
f 1056 1060 1057
f 1027 752 882
f 1282 1268 1283
f 1287 1178 1117
f 490 489 711
f 1171 1186 1172
f 1291 1292 1293
f 1294 1295 1296
f 3 1297 1
f 1133 1195 1254
f 1 1295 1298
f 1297 1299 1291
f 1300 1301 1302
f 1297 1295 1
f 1297 1303 1296
f 1304 3 2
f 1302 1305 1300
f 1306 1269 1281
f 1304 1299 3
f 1275 1266 1274
f 1293 1292 1307
f 1303 1301 1308
f 1291 1303 1297
f 618 597 720
f 1301 1303 1309
f 787 1222 269
f 1310 1296 1308
f 1311 1312 1313
f 1314 1289 1315
f 1297 1296 1295
f 1299 1292 1291
f 583 834 864
f 1302 1316 1305
f 879 874 858
f 1288 1279 1317
f 271 491 272
f 1300 1308 1301
f 957 1046 273
f 836 832 957
f 1309 1318 1301
f 1319 1302 1313
f 1310 1308 1320
f 1320 1308 1300
f 834 594 835
f 1301 1318 1302
f 1309 1311 1313
f 1308 1296 1303
f 1075 839 848
f 1305 1320 1300
f 1305 1321 1320
f 1322 997 1022
f 1318 1309 1313
f 1302 1318 1313
f 1312 1323 1313
f 858 1137 878
f 1293 1322 1291
f 1323 1319 1313
f 1321 1310 1320
f 1273 1279 1289
f 1316 1321 1305
f 795 1073 796
f 1173 824 846
f 668 599 598
f 1251 1274 1271
f 1302 1319 1316
f 1297 3 1299
f 1210 1149 1201
f 1119 1287 1136
f 1324 1325 206
f 1324 206 715
f 268 686 833
f 702 875 703
f 1227 1199 1201
f 1289 1314 1281
f 881 1027 892
f 1175 1119 1136
f 572 357 356
f 1253 1240 1275
f 1159 1222 787
f 745 755 882
f 863 862 681
f 1326 814 383
f 1046 1048 1290
f 1158 1210 1195
f 1133 1174 1135
f 1273 1271 1274
f 1273 1289 1281
f 385 1326 383
f 1327 1270 1269
f 1263 1284 1283
f 1174 951 1175
f 499 526 487
f 859 810 679
f 1113 1096 705
f 1281 1268 1282
f 1281 1314 1306
f 1317 1279 1272
f 1166 1167 1165
f 1047 1048 1046
f 1257 1001 478
f 1014 841 877
f 623 377 621
f 799 1328 1329
f 1191 1257 1330
f 1331 1191 1330
f 1330 478 1332
f 352 351 862
f 334 1332 478
f 412 1233 1191
f 1331 1333 1191
f 1330 1332 1334
f 261 479 270
f 1191 1333 412
f 1334 1331 1330
f 561 991 989
f 600 1334 1332
f 1331 1334 1333
f 533 834 583
f 893 1076 653
f 874 879 838
f 412 1333 413
f 1330 1257 478
f 1335 528 1336
f 334 600 1332
f 232 860 993
f 1336 528 1337
f 1335 1334 600
f 1338 523 522
f 1337 528 530
f 1008 608 1074
f 877 949 1339
f 829 828 1131
f 1046 274 273
f 1048 1014 1339
f 471 1077 472
f 1333 1334 1335
f 1257 1191 1176
f 413 1333 1335
f 514 610 674
f 413 1335 1336
f 357 881 702
f 528 1335 600
f 1259 1065 1340
f 1259 1340 1341
f 266 666 267
f 1342 1259 1341
f 1343 1099 1344
f 1065 1345 1340
f 1014 877 1339
f 853 850 1343
f 1346 1343 1344
f 266 268 673
f 1344 1347 1346
f 1347 1340 1346
f 607 835 594
f 1348 1349 1345
f 1350 1327 1351
f 1346 1352 1343
f 1348 963 1353
f 1354 1346 1340
f 680 731 737
f 1306 1355 1351
f 1352 1346 1356
f 957 285 836
f 655 654 708
f 1356 1346 1354
f 216 182 217
f 567 537 555
f 767 823 768
f 68 70 913
f 943 922 490
f 1357 1356 1354
f 1354 1350 1357
f 1349 1348 1353
f 830 876 949
f 1354 1340 1345
f 370 1045 206
f 1358 1349 1353
f 1350 1358 1196
f 515 1072 917
f 1350 1349 1358
f 993 860 859
f 1341 1347 1342
f 874 838 703
f 1348 1064 958
f 1047 952 1014
f 1356 1357 1355
f 1196 1358 1359
f 784 1360 785
f 853 1352 1361
f 1362 1306 1315
f 1350 1196 1327
f 1363 1364 1365
f 1359 983 1196
f 1306 1362 1355
f 1327 1196 1270
f 1355 1352 1356
f 1366 1298 1367
f 963 983 1359
f 1352 1355 1361
f 1064 1348 1345
f 1355 1362 1361
f 1368 618 1369
f 1370 1371 1372
f 963 1359 1353
f 1373 1374 1375
f 864 580 583
f 1355 1357 1351
f 1345 1349 1354
f 1063 1376 1061
f 1353 1359 1358
f 1347 1377 1342
f 669 230 718
f 1345 1065 1064
f 182 177 172
f 743 752 580
f 873 1094 872
f 1131 1130 1160
f 1343 1352 853
f 650 597 599
f 1306 1314 1315
f 613 302 522
f 1131 828 1091
f 1354 1349 1350
f 751 373 1378
f 1340 1347 1341
f 106 110 124
f 666 266 677
f 567 634 568
f 796 565 564
f 621 926 622
f 958 963 1348
f 1269 1306 1351
f 1379 385 981
f 78 643 721
f 1351 1327 1269
f 1173 1091 842
f 529 712 713
f 385 1379 1380
f 377 623 1381
f 846 872 1173
f 1095 1163 1091
f 850 1099 1343
f 1351 1357 1350
f 824 1173 842
f 1027 881 572
f 880 731 733
f 600 334 333
f 1218 802 1125
f 156 144 157
f 833 514 673
f 805 718 820
f 881 357 572
f 631 613 612
f 524 613 522
f 755 754 874
f 720 1382 1369
f 720 1369 618
f 690 357 702
f 1383 1068 1026
f 707 659 829
f 707 829 1384
f 1384 1385 707
f 530 1385 1386
f 1337 530 1386
f 829 1160 1384
f 1387 1385 1384
f 637 805 684
f 1388 1382 720
f 1389 1387 1384
f 1385 1387 1390
f 569 628 549
f 1336 1386 1391
f 1389 1160 1392
f 1392 1393 1389
f 1387 1389 1390
f 1386 1390 1394
f 1395 1390 1389
f 1386 1394 1391
f 1396 1391 1394
f 1395 1394 1390
f 1391 1397 1336
f 1083 668 598
f 176 175 190
f 602 603 380
f 1395 1396 1394
f 1116 837 1083
f 1389 1393 1398
f 1393 1399 1398
f 1395 1398 1400
f 1397 1396 1401
f 1396 1395 1400
f 266 673 677
f 1280 1266 1401
f 1317 1272 1280
f 1386 1336 1337
f 1402 1317 1280
f 247 344 342
f 1402 1280 1401
f 1288 1403 1404
f 1400 1405 1401
f 183 119 166
f 1401 1405 1402
f 1406 856 1361
f 1288 1404 1289
f 1362 1406 1361
f 1403 1407 1408
f 1409 1410 1411
f 1412 869 857
f 1408 1413 1412
f 1412 1413 869
f 1414 1415 1416
f 324 296 234
f 1417 1418 1410
f 703 1116 690
f 354 403 405
f 1408 1419 1413
f 493 492 661
f 147 148 135
f 597 1116 598
f 1413 867 869
f 567 536 537
f 649 1420 895
f 186 175 165
f 526 496 487
f 106 103 110
f 322 311 320
f 649 896 720
f 291 917 493
f 102 97 94
f 610 648 650
f 667 666 677
f 1116 597 617
f 1421 1422 1423
f 1424 921 1425
f 1058 1426 1056
f 505 131 130
f 182 184 217
f 291 290 917
f 690 1116 617
f 392 239 297
f 917 916 515
f 272 1072 685
f 1427 1428 1429
f 114 132 137
f 599 668 667
f 162 180 143
f 123 140 112
f 718 805 637
f 1430 290 289
f 805 671 684
f 598 1116 1083
f 229 275 271
f 666 668 839
f 648 610 521
f 610 650 674
f 667 650 599
f 467 358 1085
f 1431 1432 1433
f 1434 1407 1405
f 71 986 992
f 1052 1435 1436
f 169 1437 942
f 1438 1439 1440
f 1015 971 970
f 979 384 967
f 867 1441 866
f 1442 140 1436
f 1292 1429 1307
f 1423 1443 1444
f 1422 1421 1445
f 1267 51 406
f 844 926 565
f 642 442 1329
f 7 717 716
f 7 716 5
f 1039 43 45
f 572 574 1027
f 52 209 53
f 1408 1412 1315
f 1137 681 878
f 1446 1379 981
f 1429 1447 1427
f 1292 1448 1449
f 959 559 561
f 1450 1451 1452
f 667 674 650
f 578 579 595
f 578 595 580
f 1068 1383 1453
f 1444 1454 1455
f 1456 1024 1026
f 232 870 740
f 1079 564 697
f 1429 1449 1457
f 533 594 834
f 587 540 489
f 732 731 810
f 1019 1456 1026
f 1458 1024 1456
f 1455 868 866
f 1459 681 680
f 1460 1455 1454
f 988 1000 561
f 708 302 655
f 1372 1059 1376
f 1422 1445 1461
f 1032 68 1006
f 1142 638 988
f 383 984 967
f 1455 1460 868
f 1457 1462 1463
f 960 999 1039
f 1160 1389 1384
f 1464 1457 1449
f 1426 1058 1372
f 1457 1464 1465
f 988 987 1142
f 1454 1463 1462
f 1104 1388 720
f 1104 720 896
f 436 339 338
f 1415 1466 1467
f 284 657 772
f 1421 1418 1417
f 1468 1460 1454
f 1462 1457 1465
f 1462 1468 1454
f 520 290 1430
f 1469 784 508
f 1470 854 852
f 507 1469 508
f 1465 1464 1304
f 91 112 1467
f 1052 1471 1435
f 1020 1019 1026
f 1472 1473 2
f 1423 1455 866
f 209 208 678
f 654 1458 1456
f 802 1010 1125
f 540 709 489
f 1050 564 1079
f 609 1043 370
f 693 1381 694
f 585 456 655
f 1474 981 978
f 1050 922 924
f 843 825 842
f 1079 1078 1050
f 1068 1338 1020
f 890 1204 888
f 1381 623 694
f 1010 213 721
f 1363 887 1364
f 990 695 987
f 1038 737 880
f 708 1456 1019
f 90 1475 1476
f 207 206 1325
f 204 1128 369
f 204 369 205
f 317 316 723
f 1374 1465 1473
f 1456 708 654
f 853 1361 856
f 1451 1097 1452
f 944 710 716
f 1477 1478 1416
f 976 540 587
f 976 587 663
f 1055 559 960
f 1043 1045 370
f 376 566 926
f 665 639 696
f 913 695 990
f 913 651 693
f 659 972 843
f 960 1000 999
f 377 1076 1037
f 693 695 913
f 756 745 744
f 68 913 990
f 681 1459 863
f 1479 889 888
f 828 659 843
f 1364 1255 1480
f 845 926 844
f 622 816 623
f 379 554 378
f 1010 719 1009
f 1480 1255 1204
f 332 282 1481
f 1125 1010 721
f 693 651 1381
f 1146 1206 1482
f 1365 1416 1478
f 1483 1484 1485
f 879 736 849
f 739 1459 680
f 490 1078 471
f 795 797 914
f 1404 1315 1289
f 1146 1479 1147
f 1441 1418 1421
f 522 302 301
f 493 917 1072
f 678 371 53
f 566 639 665
f 1420 649 648
f 668 1083 839
f 710 944 711
f 516 916 290
f 1073 1074 800
f 159 150 173
f 839 1075 666
f 509 495 496
f 159 178 165
f 261 255 332
f 1482 1486 1487
f 199 217 184
f 527 338 236
f 290 520 519
f 509 252 531
f 478 591 479
f 1473 1465 1304
f 272 491 1072
f 119 160 166
f 216 185 183
f 116 139 123
f 482 476 1488
f 141 157 139
f 490 922 1078
f 164 154 153
f 615 618 1368
f 281 1489 282
f 1102 704 310
f 1204 890 1480
f 984 383 973
f 140 144 146
f 168 344 361
f 506 535 494
f 1107 1077 1079
f 1206 483 482
f 376 926 377
f 122 152 126
f 244 218 245
f 436 496 400
f 617 691 690
f 1466 92 91
f 316 208 369
f 1490 1370 1372
f 1491 676 22
f 638 1142 258
f 687 276 272
f 1098 1377 1099
f 516 515 916
f 677 674 667
f 676 1491 454
f 311 322 248
f 1492 1493 1494
f 1004 1495 441
f 727 359 294
f 383 814 973
f 1056 1496 1060
f 1416 1365 1414
f 1467 1416 1415
f 694 816 817
f 455 1491 1438
f 540 9 709
f 973 813 984
f 1291 1322 1022
f 1472 2 1
f 1405 1403 1402
f 806 226 793
f 1076 377 1381
f 1480 1415 1414
f 1442 112 140
f 922 943 923
f 300 708 1019
f 862 351 736
f 304 303 611
f 1044 924 923
f 704 1102 705
f 1497 1498 1499
f 757 759 1500
f 1008 1043 608
f 1501 1484 1502
f 231 607 871
f 309 1102 310
f 1392 1160 1130
f 1003 1004 1503
f 1347 1344 1377
f 1504 1462 1465
f 1044 1043 1008
f 548 604 546
f 1010 802 719
f 1436 372 1505
f 867 1413 1419
f 475 1425 1488
f 660 530 713
f 1506 1486 1482
f 71 995 986
f 628 1507 1508
f 551 628 1508
f 1452 1509 1450
f 773 1507 628
f 1392 1130 1510
f 868 1470 852
f 1509 1452 1367
f 1496 1511 1060
f 1449 1448 1304
f 222 548 223
f 210 1512 208
f 72 71 992
f 921 918 1425
f 12 1513 1514
f 1434 1410 1407
f 1364 1276 1255
f 1476 1479 1146
f 1515 1425 475
f 208 1512 608
f 1028 1514 1516
f 994 995 1517
f 1518 398 397
f 56 387 66
f 1519 22 1520
f 439 1521 426
f 1501 1502 784
f 92 1479 1475
f 1515 475 1511
f 67 1522 1523
f 372 1471 1378
f 1484 1483 1502
f 1468 1462 1470
f 1515 1424 1425
f 921 1424 934
f 167 1524 342
f 433 260 606
f 1511 1525 1424
f 1406 1315 1412
f 1408 1315 1404
f 1213 1336 1397
f 1526 1470 1462
f 1519 1491 22
f 644 304 611
f 688 1527 689
f 1525 1511 1496
f 1465 1374 1504
f 1213 1397 1214
f 934 1424 1525
f 1528 1529 1522
f 1511 475 477
f 1504 1530 1531
f 1407 1410 1418
f 1527 194 689
f 1441 1419 1418
f 1491 455 454
f 1527 393 1523
f 1469 507 1532
f 185 1529 1533
f 857 856 1412
f 1534 1524 942
f 1525 961 934
f 1535 1525 1536
f 482 1482 1206
f 868 1468 1470
f 605 791 203
f 92 889 1479
f 440 1537 1503
f 441 440 1503
f 95 1524 1534
f 1538 1539 1055
f 1533 120 185
f 642 792 641
f 72 1537 73
f 1522 1529 195
f 1517 71 1540
f 1541 1517 1540
f 1056 1426 1496
f 1527 1522 195
f 17 1017 28
f 1523 393 67
f 332 255 282
f 96 1524 95
f 654 1542 1458
f 167 942 1524
f 325 1524 392
f 1367 1298 1509
f 75 399 441
f 1526 1462 1504
f 194 1527 195
f 13 1028 1030
f 1458 1542 1543
f 1524 237 392
f 1448 1292 1299
f 1495 75 441
f 237 1524 382
f 61 966 77
f 393 1527 1544
f 387 237 382
f 994 925 995
f 1294 1298 1295
f 1541 408 1545
f 89 88 1546
f 1537 440 73
f 393 1544 49
f 1532 507 460
f 1529 185 195
f 1547 1018 17
f 413 1336 1213
f 1517 1541 994
f 73 1540 71
f 49 1544 50
f 1548 1438 1519
f 464 237 387
f 1524 325 342
f 1549 1080 84
f 695 962 1021
f 237 464 1544
f 1080 1034 84
f 464 50 1544
f 1550 84 1034
f 1522 1527 1523
f 1431 1543 1542
f 714 1324 715
f 382 1524 96
f 408 57 1545
f 27 28 822
f 625 626 646
f 440 399 1551
f 73 1551 1540
f 1298 1366 1472
f 408 1541 1552
f 1553 604 962
f 31 448 1528
f 443 791 605
f 931 965 902
f 48 50 1017
f 1018 1547 1029
f 1554 1431 1433
f 1366 1555 1472
f 982 1537 72
f 1045 715 206
f 1503 1537 1003
f 441 1503 1004
f 42 36 35
f 1556 818 642
f 1142 1021 258
f 1018 48 1017
f 1526 1504 1531
f 1438 1548 1557
f 1431 1554 1543
f 1558 15 427
f 19 449 1521
f 84 1550 82
f 1529 83 1533
f 1521 439 1559
f 1548 57 59
f 469 20 1560
f 120 1533 82
f 1546 88 437
f 424 1437 87
f 699 243 1561
f 1558 1562 15
f 1563 1564 1565
f 49 48 1566
f 1531 855 854
f 96 26 66
f 245 227 1567
f 1568 1518 12
f 1555 1375 1472
f 1569 1560 20
f 1553 811 605
f 32 76 1570
f 17 16 1564
f 1565 16 1562
f 1536 1571 1535
f 387 388 464
f 371 319 929
f 811 444 443
f 844 800 1329
f 1566 1516 1570
f 281 827 1489
f 995 71 1517
f 1572 1573 330
f 1082 1089 1574
f 1569 1559 1539
f 1390 1386 1385
f 1566 1028 1516
f 817 811 1553
f 261 334 479
f 701 1363 1478
f 94 1487 1575
f 52 51 1576
f 1328 642 1329
f 1568 37 39
f 1328 1556 642
f 60 75 1495
f 1385 530 707
f 1411 1410 1434
f 821 28 388
f 1571 1536 1426
f 604 1553 605
f 1549 84 1577
f 44 35 34
f 1374 1373 1504
f 962 817 1553
f 75 60 62
f 1409 1417 1410
f 1568 12 1578
f 1579 470 425
f 1444 1455 1423
f 1580 1068 1453
f 811 845 444
f 975 994 977
f 1564 16 1565
f 795 1007 1073
f 243 1567 1561
f 1570 1516 32
f 1556 1328 1581
f 604 258 1021
f 1582 1529 1528
f 469 1560 34
f 816 622 811
f 866 1441 1423
f 517 457 961
f 1452 1366 1367
f 1029 1547 1030
f 1436 1435 1471
f 749 620 640
f 622 845 811
f 1373 1375 1555
f 27 419 427
f 1583 1581 1328
f 799 1329 800
f 1432 1439 1438
f 1429 1428 1307
f 1539 1538 1569
f 54 81 80
f 1584 1585 1098
f 1432 465 1433
f 212 79 213
f 1034 119 1550
f 30 942 29
f 1585 1584 1586
f 1514 1513 1516
f 1587 762 764
f 1588 1540 1551
f 1505 1477 1436
f 1377 1098 1585
f 1547 1564 1589
f 1550 119 82
f 761 1590 759
f 1055 1591 1032
f 1377 1585 1342
f 13 1514 1028
f 1541 977 994
f 1259 1586 1063
f 1586 1342 1585
f 1441 1421 1423
f 52 330 209
f 1588 1552 1541
f 1592 1586 1584
f 1342 1586 1259
f 49 1570 76
f 709 711 489
f 1535 542 517
f 395 966 1004
f 1440 455 1438
f 1479 1476 1475
f 1371 1426 1372
f 1421 1417 1445
f 59 1557 1548
f 1593 1594 1549
f 801 1583 799
f 1573 801 1512
f 1373 1530 1504
f 1491 1519 1438
f 701 1478 1477
f 1089 1594 1574
f 796 1073 1164
f 847 843 972
f 486 1370 1532
f 1555 1452 1530
f 15 1562 16
f 1478 1363 1365
f 213 1009 214
f 1446 981 1474
f 369 370 205
f 678 53 209
f 757 763 758
f 1466 890 889
f 1521 20 19
f 1440 654 455
f 587 489 368
f 914 564 1050
f 1164 800 844
f 1516 33 32
f 427 1595 1558
f 1596 1589 1563
f 390 920 22
f 861 855 1531
f 466 1030 1597
f 1530 1373 1555
f 1055 1032 559
f 1477 112 1442
f 485 542 1571
f 470 426 425
f 439 426 437
f 1490 1376 1501
f 1482 1476 1146
f 1030 14 13
f 39 1598 1599
f 1457 1447 1429
f 1441 867 1419
f 1419 1408 1418
f 438 88 1591
f 1522 67 31
f 1372 1376 1490
f 1513 1518 33
f 1405 1407 1403
f 1364 887 1262
f 1442 1436 1477
f 944 715 1044
f 961 457 562
f 1416 1467 1477
f 80 402 54
f 1567 243 245
f 1097 1531 1530
f 986 995 965
f 94 90 1487
f 1525 1535 961
f 1097 861 1531
f 410 58 57
f 1099 850 861
f 1577 1593 1549
f 220 219 511
f 444 844 442
f 1488 1425 955
f 1298 1472 1
f 1573 1583 801
f 1539 1559 1591
f 1572 1583 1573
f 1596 1597 1589
f 90 1476 1482
f 1557 1432 1438
f 1584 1600 1492
f 1432 1431 1439
f 800 1074 801
f 437 1601 1546
f 29 1437 424
f 456 455 654
f 1601 437 470
f 1551 399 1499
f 419 822 418
f 1029 48 1018
f 806 812 1602
f 95 1534 1603
f 409 398 1598
f 1589 1030 1547
f 1597 1596 1604
f 427 401 1595
f 1521 1559 20
f 29 449 19
f 57 1520 1545
f 28 821 822
f 1317 1402 1403
f 90 1482 1487
f 1505 372 701
f 854 1526 1531
f 1466 1415 1480
f 1400 1434 1405
f 1510 1393 1392
f 1605 1501 1469
f 1422 1461 1443
f 39 38 58
f 1571 1426 1371
f 1552 1551 396
f 643 644 611
f 1490 1501 1605
f 630 584 613
f 1276 1364 1262
f 1506 955 1575
f 81 25 24
f 1536 1525 1496
f 1466 889 92
f 1480 1414 1364
f 1425 918 955
f 978 1606 1474
f 1571 542 1535
f 1584 1098 1600
f 1408 1407 1418
f 460 486 1532
f 793 790 812
f 1437 29 942
f 1147 1479 888
f 31 1528 1522
f 1605 1370 1490
f 140 1052 1436
f 1424 1515 1511
f 1471 372 1436
f 1363 701 887
f 1451 1607 1097
f 301 1019 522
f 1214 1401 1266
f 1494 1608 1592
f 1060 1511 477
f 1126 1206 1146
f 1486 1575 1487
f 1473 1304 2
f 1575 102 94
f 1482 482 1506
f 1052 751 1471
f 1559 438 1591
f 1370 486 1371
f 33 1609 448
f 470 1579 1610
f 1518 1609 33
f 1586 1376 1063
f 974 975 977
f 1610 1579 1611
f 1429 1292 1449
f 1505 701 1477
f 955 102 1575
f 1459 739 1612
f 1613 1611 1614
f 992 64 63
f 1564 1563 1589
f 1546 1615 89
f 1534 942 30
f 80 36 41
f 83 82 1533
f 1615 1546 1616
f 1613 1616 1601
f 1617 1618 550
f 1617 551 1508
f 1619 69 89
f 427 15 27
f 981 385 384
f 1614 1618 1620
f 1474 1606 1621
f 1613 470 1610
f 1622 1617 1508
f 1614 1623 1624
f 1093 1625 870
f 397 1609 1518
f 1575 1486 1506
f 1617 1626 1618
f 1614 1624 1627
f 1613 1610 1611
f 1618 1626 1620
f 751 1378 1471
f 1622 1626 1617
f 1472 1375 1473
f 1396 1400 1401
f 1627 1628 1615
f 962 604 1021
f 1627 1624 1629
f 639 376 375
f 1019 301 300
f 1616 1613 1614
f 12 14 1578
f 1508 1630 1622
f 28 50 464
f 611 310 704
f 652 1619 894
f 609 370 208
f 1518 1568 1599
f 1631 1632 1622
f 1633 1634 1635
f 1628 894 1619
f 894 1636 893
f 1637 1626 1632
f 86 1618 1611
f 607 472 1638
f 1639 1640 1629
f 697 696 1107
f 466 1597 1604
f 466 1604 465
f 399 74 1497
f 1082 1497 74
f 456 585 676
f 844 1329 442
f 632 584 630
f 529 713 530
f 1623 1641 1642
f 1620 1641 1623
f 1619 652 69
f 1628 1627 1640
f 1643 1639 1642
f 1625 740 870
f 1644 1641 1637
f 1632 738 1645
f 1646 1647 1636
f 1627 1629 1640
f 1626 1637 1641
f 738 737 1038
f 1038 1645 738
f 894 1648 1636
f 643 611 704
f 5 716 710
f 1648 1639 1636
f 1328 799 1583
f 474 606 260
f 1649 1639 1643
f 1000 988 432
f 1616 1546 1601
f 800 1164 1073
f 1643 1644 1634
f 1644 1645 1650
f 1645 1038 1650
f 1628 89 1615
f 1639 1629 1624
f 1636 1647 893
f 332 1481 333
f 1649 1643 1646
f 1638 1077 1107
f 1422 1443 1423
f 1640 1639 1648
f 1625 1093 1651
f 733 1650 1038
f 972 660 847
f 1646 1636 1649
f 1622 1632 1626
f 1639 1624 1623
f 1642 1644 1643
f 1614 1611 1618
f 1632 1645 1637
f 1636 1639 1649
f 1639 1623 1642
f 1652 1653 1647
f 470 1613 1601
f 375 1037 1653
f 732 741 1654
f 699 698 1049
f 854 1470 1526
f 1626 1641 1620
f 1634 1633 1646
f 1647 1646 1652
f 1633 1654 740
f 1217 802 1218
f 1650 1634 1644
f 375 1651 696
f 1654 733 732
f 1652 1646 1633
f 1634 1650 1635
f 1395 1389 1398
f 1647 1653 893
f 1093 1107 1651
f 1077 1638 472
f 1644 1637 1645
f 740 1654 741
f 696 1651 1107
f 1609 397 1498
f 1617 550 551
f 1628 1640 1648
f 1568 39 1599
f 1612 738 1631
f 1655 1652 1633
f 1652 375 1653
f 653 1381 651
f 90 92 1475
f 1625 1655 1633
f 50 28 1017
f 1653 1037 893
f 1619 89 1628
f 550 1618 86
f 1616 1614 1627
f 34 36 81
f 1635 1654 1633
f 1655 1625 1651
f 1612 739 738
f 1530 1452 1097
f 240 736 351
f 310 611 364
f 1099 1377 1344
f 1381 653 1076
f 1630 1631 1622
f 88 438 437
f 87 1579 425
f 522 1020 1338
f 1516 1513 33
f 1627 1615 1616
f 1581 1583 1572
f 352 863 1656
f 1625 1633 740
f 1638 1107 1093
f 1657 1458 1543
f 1632 1631 738
f 1655 1651 1652
f 323 735 240
f 20 1559 1569
f 41 386 402
f 1599 398 1518
f 1574 1498 1497
f 607 1638 1093
f 1611 1579 86
f 1512 801 608
f 1317 1403 1288
f 733 1654 1635
f 469 24 18
f 1652 1651 375
f 1093 870 871
f 1635 1650 733
f 1375 1374 1473
f 1594 1080 1549
f 1607 1451 1450
f 1537 982 968
f 14 1030 466
f 1097 1099 861
f 1634 1646 1643
f 1623 1614 1620
f 373 372 1378
f 868 1460 1468
f 484 85 87
f 1628 1648 894
f 1642 1641 1644
f 885 925 974
f 1520 920 1002
f 86 1579 87
f 1569 1538 1560
f 425 424 87
f 1658 1578 14
f 801 1074 608
f 397 396 1498
f 63 982 72
f 1520 22 920
f 1608 1659 1485
f 65 982 63
f 34 1560 45
f 1002 908 977
f 821 56 54
f 448 1582 1528
f 1055 1054 1538
f 1464 1449 1304
f 1098 1607 1600
f 449 426 1521
f 1452 1555 1366
f 1098 1097 1607
f 1660 448 1609
f 1494 1493 1608
f 1492 1494 1584
f 465 1658 14
f 1608 1485 1592
f 1432 1557 38
f 1497 1082 1574
f 1603 19 18
f 1032 1591 68
f 409 408 1552
f 1002 977 1545
f 1592 1584 1494
f 54 402 418
f 83 1529 1582
f 1592 1661 1662
f 48 1028 1566
f 1483 1485 1659
f 77 395 394
f 1426 1536 1496
f 1661 1592 1485
f 59 38 1557
f 1437 484 87
f 1535 517 961
f 1498 1574 1609
f 1571 1371 486
f 1660 1609 1574
f 1447 1457 1463
f 1406 1362 1315
f 1598 39 58
f 1304 1448 1299
f 1661 1485 1484
f 396 398 1552
f 1440 1439 1542
f 1514 13 12
f 1360 1502 1483
f 1406 1412 856
f 58 409 1598
f 1360 784 1502
f 389 21 747
f 1495 1004 60
f 1597 1030 1589
f 37 1568 1578
f 968 1003 1537
f 1582 1660 83
f 393 49 76
f 1403 1408 1404
f 1574 1593 1660
f 1488 1506 482
f 484 1437 169
f 396 1499 1498
f 409 1552 398
f 1539 1591 1055
f 1440 1542 654
f 440 1551 73
f 1578 1658 37
f 1534 30 1603
f 83 1660 1577
f 1512 210 330
f 88 69 1591
f 1499 396 1551
f 1431 1542 1439
f 1551 1552 1588
f 409 58 410
f 465 1432 38
f 427 419 402
f 550 86 85
f 1519 57 1548
f 63 72 992
f 1433 465 1604
f 1540 1588 1541
f 221 223 511
f 747 21 23
f 399 1497 1499
f 398 1599 1598
f 1577 84 83
f 1573 1512 330
f 1593 1577 1660
f 1586 1592 1662
f 38 37 1658
f 1467 112 1477
f 410 57 408
f 1661 1484 1501
f 69 68 1591
f 1393 1510 1399
f 1661 1501 1662
f 1469 1501 784
f 1593 1574 1594
f 419 27 822
f 1466 91 1467
f 1520 1002 1545
f 1538 45 1560
f 1376 1059 1061
f 45 1538 1054
f 1028 48 1029
f 475 1488 476
f 1605 1532 1370
f 1663 1664 1665
f 1570 49 1566
f 1397 1401 1214
f 1666 1667 1663
f 1547 17 1564
f 1668 1669 1670
f 41 36 42
f 1532 1605 1469
f 1671 1664 1663
f 1672 1673 1674
f 1666 1675 1676
f 1466 1480 890
f 996 1322 1293
f 764 1663 1665
f 443 442 641
f 1663 1667 1671
f 1667 1666 1676
f 1590 1677 1678
f 759 1678 1500
f 764 1666 1663
f 1671 1667 1461
f 1667 1444 1443
f 418 821 54
f 1679 1676 1680
f 1679 1681 1454
f 1665 1587 764
f 1541 1545 977
f 57 1519 1520
f 56 821 388
f 652 70 69
f 1682 1683 1684
f 1685 1427 1447
f 1686 1461 1445
f 1684 970 969
f 1672 763 757
f 214 1009 719
f 962 695 694
f 1089 1080 1594
f 465 38 1658
f 1458 1657 1024
f 81 54 25
f 1685 1679 1669
f 1376 1662 1501
f 382 66 387
f 969 996 1684
f 1630 1612 1631
f 486 485 1571
f 1630 1656 1612
f 1293 1307 996
f 764 763 1666
f 1686 1671 1461
f 1307 1682 996
f 1686 1409 1671
f 1678 1687 1500
f 1656 1630 1508
f 1507 773 734
f 1667 1443 1461
f 1677 1590 1606
f 672 773 627
f 970 1688 1015
f 1689 978 1015
f 1690 1691 1692
f 1672 1666 763
f 1428 1682 1307
f 734 352 1656
f 1686 1417 1409
f 863 1459 1656
f 1656 1507 734
f 1693 1688 970
f 1693 1015 1688
f 1684 1683 970
f 1689 1687 1678
f 1678 759 1590
f 1683 1690 1693
f 1690 1683 1691
f 1015 1687 1689
f 1015 1693 1687
f 1668 1682 1428
f 1445 1417 1686
f 1463 1685 1447
f 1507 1656 1508
f 672 734 773
f 1668 1691 1683
f 1612 1656 1459
f 1677 1689 1678
f 1059 1372 1058
f 1683 1693 970
f 1428 1685 1668
f 1669 1668 1685
f 1687 1693 1694
f 1506 1488 955
f 1391 1396 1397
f 757 1694 1672
f 1667 1679 1444
f 1414 1365 1364
f 1603 18 95
f 1689 1677 1606
f 1668 1670 1695
f 1668 1683 1682
f 45 44 34
f 1696 1692 1691
f 1667 1676 1679
f 1675 1666 1674
f 974 911 885
f 60 1004 966
f 1696 1691 1695
f 12 1518 1513
f 1680 1676 1675
f 1672 1674 1666
f 1696 1673 1692
f 18 24 26
f 1454 1444 1679
f 1674 1695 1670
f 1692 1673 1694
f 30 19 1603
f 1692 1693 1690
f 1692 1694 1693
f 26 95 18
f 1670 1697 1674
f 1500 1687 1694
f 996 1682 1684
f 1673 1672 1694
f 24 469 81
f 1689 1606 978
f 1680 1669 1679
f 1582 448 1660
f 1695 1674 1696
f 1675 1697 1680
f 424 449 29
f 1674 1673 1696
f 1695 1691 1668
f 1681 1679 1685
f 997 1322 996
f 1681 1685 1463
f 1675 1674 1697
f 1697 1670 1680
f 1669 1680 1670
f 1428 1427 1685
f 439 438 1559
f 1454 1681 1463
f 81 469 34
f 1694 757 1500
f 1662 1376 1586
f 402 80 41
f 1698 1699 1700
f 1581 1701 1702
f 1703 1704 1705
f 1706 1707 1708
f 1709 512 1710
f 1711 1712 1713
f 1703 1714 1715
f 1716 1717 1718
f 1719 1720 1721
f 1722 1723 1724
f 1725 1726 1727
f 1728 1729 1724
f 1730 1716 1718
f 1731 1732 1733
f 1734 1724 1723
f 1735 1736 1737
f 1738 1702 1739
f 1740 1741 1704
f 1740 1704 1703
f 1742 1743 1744
f 1745 1730 1708
f 1746 1747 1748
f 1749 1750 1751
f 1722 1724 1752
f 1729 1728 1753
f 1754 1556 1581
f 1755 1756 1757
f 1698 1758 1759
f 1760 1699 1761
f 1762 1763 1715
f 1741 1740 1764
f 1748 1765 1766
f 1763 1740 1703
f 1767 1749 1718
f 1716 1730 1768
f 1769 1730 1745
f 1770 1771 1772
f 1773 1769 1774
f 1759 1758 1775
f 1738 1739 1764
f 1453 1776 1580
f 1702 1738 1754
f 1764 1755 1738
f 818 1556 1754
f 1720 1762 1715
f 1740 1763 1762
f 1773 1777 1778
f 1779 1780 1781
f 1777 1782 1783
f 1707 1745 1708
f 1784 1785 1722
f 1786 1787 1788
f 1789 1790 1791
f 1784 1722 1752
f 1753 1792 1729
f 1754 1738 818
f 1793 1762 1720
f 765 728 1794
f 1762 1764 1740
f 1783 1778 1777
f 1795 1786 1796
f 1797 1798 1799
f 1741 1739 1800
f 1769 1745 1774
f 1801 1710 512
f 1757 1802 1803
f 1738 1804 818
f 1762 1793 1764
f 1720 1719 1793
f 1792 1773 1805
f 1778 1805 1773
f 1700 1699 1806
f 1807 1788 1808
f 1809 1810 1811
f 1710 1801 1812
f 1813 1752 1814
f 1761 1699 1815
f 1729 1727 1816
f 1817 1818 1819
f 1820 1818 1817
f 1818 1821 1819
f 1822 1823 1820
f 1824 1825 1826
f 1827 1828 1829
f 1825 1830 1831
f 1832 1833 1834
f 1835 1836 1837
f 1836 1838 1837
f 1755 1839 1804
f 1840 1841 1838
f 1836 1835 1842
f 1843 1844 633
f 1713 1835 1845
f 1838 1841 1846
f 1835 1847 1842
f 1837 1845 1835
f 1713 1845 1711
f 1848 1849 1735
f 1846 1849 1850
f 1850 1838 1846
f 1737 1851 1735
f 1711 1845 1795
f 1838 1850 1837
f 1850 1852 1837
f 1853 1837 1852
f 1736 1854 1855
f 1856 1857 1858
f 1859 1793 1719
f 1735 1851 1848
f 1850 1860 1852
f 1861 1862 1852
f 1787 1786 1795
f 1863 1852 1860
f 1792 1864 1727
f 1794 728 1865
f 1796 1786 1788
f 1866 1867 1868
f 1869 1870 1871
f 1872 1873 1874
f 1875 1785 1866
f 1876 1877 1878
f 1879 1880 1881
f 1453 1882 1776
f 1774 1777 1773
f 1883 1576 1884
f 1701 1800 1702
f 1741 1800 1885
f 1787 1886 1788
f 1887 1888 1889
f 1813 1890 1784
f 1891 1892 1756
f 1803 1839 1755
f 1807 1893 1788
f 1894 1859 1719
f 1895 1804 1839
f 1561 1778 699
f 1749 1708 1718
f 1896 1897 1898
f 1899 1856 1900
f 1792 1753 1768
f 1724 1901 1728
f 1902 1744 1743
f 1892 1757 1756
f 1903 1904 1905
f 1737 1860 1851
f 1855 1854 1906
f 1907 1737 1855
f 1778 1561 1805
f 1814 1752 1729
f 1761 1789 1760
f 1727 1729 1792
f 1706 1708 1749
f 1908 1862 1861
f 1764 1756 1755
f 1813 1814 1909
f 1704 1741 1885
f 1910 1911 1912
f 1727 1726 1816
f 1769 1768 1730
f 1913 1914 1714
f 1839 1915 1916
f 1917 1717 1901
f 1892 1891 1918
f 1883 1701 330
f 1816 1814 1729
f 1903 1894 1919
f 1699 1760 1806
f 1905 1920 1921
f 1905 1871 1903
f 1922 1742 1744
f 1922 1744 1923
f 1716 1901 1717
f 1924 1871 1921
f 1925 1701 1883
f 1755 1804 1738
f 1790 1926 1791
f 1863 1861 1852
f 1927 1928 1929
f 1567 1805 1561
f 1930 1931 1766
f 1859 1894 1932
f 1733 1781 790
f 1730 1718 1708
f 1933 1934 1935
f 1851 1860 1936
f 1937 1780 1779
f 1938 1939 1940
f 1767 1718 1717
f 51 1929 1576
f 1905 1921 1871
f 1941 1803 1802
f 227 1942 1567
f 1915 1803 1941
f 1703 1913 1714
f 1791 1898 1897
f 792 1895 1916
f 1916 1915 633
f 1943 1892 1918
f 1932 1903 1870
f 1932 1944 1859
f 1731 1945 1732
f 1735 1946 1736
f 1947 1948 1949
f 1726 1725 1950
f 1699 1759 1815
f 1951 1772 1933
f 1725 1942 227
f 1909 1816 1726
f 1917 1952 1798
f 1918 1953 1943
f 1944 1918 1859
f 1944 1932 1870
f 730 1893 1807
f 1903 1919 1904
f 1716 1768 1753
f 1939 1938 1890
f 1939 1909 1950
f 1913 1705 1954
f 1939 1950 1940
f 1864 1942 1725
f 1909 1726 1950
f 1955 1945 1956
f 1728 1716 1753
f 1957 1958 1844
f 1891 1793 1859
f 1864 1725 1727
f 1899 1700 1857
f 1959 1809 1811
f 1928 1885 1925
f 1899 1857 1856
f 1950 806 1602
f 1843 1802 1943
f 1936 1848 1851
f 1926 1815 1759
f 1732 1937 1779
f 1926 1759 1775
f 1752 1724 1729
f 1748 1747 1765
f 1960 1776 1775
f 1959 1961 1960
f 1766 1962 1930
f 1943 1953 1958
f 1953 1944 1963
f 1870 1963 1944
f 1839 1916 1895
f 1916 633 202
f 1891 1764 1793
f 1892 1802 1757
f 1964 1888 1965
f 1966 1945 1731
f 1942 1864 1805
f 1855 1737 1736
f 1899 1808 1698
f 1913 1954 1967
f 1779 1781 1733
f 1954 1968 1947
f 1969 1812 1958
f 1963 1958 1953
f 1843 1915 1941
f 1799 1798 1952
f 1970 1731 1733
f 1971 1721 1720
f 1705 1704 1885
f 1970 1969 1966
f 1771 1770 1972
f 1973 1974 1975
f 1716 1728 1901
f 1976 1977 1978
f 1840 1978 1977
f 1979 1980 1981
f 1982 1983 1984
f 1985 1977 1986
f 1847 1987 1842
f 1907 1855 1906
f 1742 1988 1989
f 1742 1989 1990
f 1982 1991 847
f 1976 1986 1977
f 1992 1987 1847
f 1991 1982 1984
f 1991 1993 768
f 1975 1840 1994
f 1993 1986 768
f 1987 1986 1976
f 1993 1981 1986
f 1995 1996 1965
f 1602 1997 1940
f 1842 1976 1836
f 1973 1980 1979
f 1986 1981 1985
f 1978 1836 1976
f 847 1991 768
f 1840 1836 1978
f 1998 1993 1984
f 1843 633 1915
f 1998 1984 1983
f 1994 1980 1973
f 1976 1842 1987
f 1994 1977 1980
f 1999 2000 2001
f 1815 1789 1761
f 1986 1992 768
f 2002 1841 1975
f 1994 1973 1975
f 1709 1733 510
f 1979 1981 1998
f 1943 1802 1892
f 2002 1975 2003
f 1602 1940 1950
f 2004 523 1338
f 1985 1981 1980
f 1992 1986 1987
f 2003 1975 1974
f 1731 1970 1966
f 1991 1984 1993
f 1979 1983 1973
f 1998 1981 1993
f 1994 1840 1977
f 1983 1979 1998
f 1980 1977 1985
f 1957 1844 1843
f 1850 1849 1848
f 1780 1602 812
f 635 633 1844
f 1710 1970 1709
f 1768 1769 1792
f 1791 2005 2006
f 1707 1774 1745
f 1895 818 1804
f 1908 1853 1862
f 1957 1843 1943
f 1792 1805 1864
f 1929 1884 1576
f 1799 1765 1797
f 1801 1844 1812
f 1813 1784 1752
f 1944 1953 1918
f 1801 635 1844
f 1902 2007 1744
f 330 52 1883
f 1848 1936 1850
f 1813 1939 1890
f 1943 1958 1957
f 792 818 1895
f 635 1801 512
f 1602 1780 1997
f 1928 1705 1885
f 1970 1710 1969
f 2008 2009 1967
f 1970 1733 1709
f 1958 1812 1844
f 1736 1946 545
f 2010 2011 2012
f 1749 2013 2014
f 1843 1941 1802
f 1026 1025 2015
f 1942 1805 1567
f 1853 1787 1795
f 2016 2017 2018
f 1896 2019 1897
f 1781 1780 812
f 1915 1839 1803
f 2020 1664 2021
f 1732 2022 1937
f 1865 1856 1858
f 1899 1698 1700
f 1909 1939 1813
f 2020 1665 1664
f 2023 2024 2025
f 1733 790 510
f 2020 2021 1587
f 792 1916 201
f 2026 1959 1811
f 1935 1951 1933
f 2027 1952 1723
f 1808 1899 1900
f 1871 1870 1903
f 2025 2028 2029
f 1734 1723 1952
f 1732 1945 1955
f 1912 1948 2030
f 2031 1587 2021
f 1756 1764 1891
f 1780 1937 2022
f 1860 1771 1972
f 1778 1783 1782
f 201 1916 202
f 1715 1763 1703
f 1903 1932 1894
f 1724 1734 1901
f 1733 1732 1779
f 2032 1969 2033
f 1923 1744 2034
f 2019 1747 1746
f 1702 1800 1739
f 1858 2035 1865
f 1860 1907 1771
f 2036 2037 2038
f 2033 1958 1963
f 1739 1741 1764
f 1966 2032 1956
f 1853 1852 1862
f 1664 2039 2040
f 1896 2041 1797
f 2033 1963 1870
f 1769 1773 1792
f 1955 2022 1732
f 1715 1971 1720
f 1865 2035 1794
f 1969 1710 1812
f 1859 1918 1891
f 1665 2020 1587
f 1909 1814 1816
f 1884 1929 1928
f 1803 1755 1757
f 1845 1853 1795
f 1969 1958 2033
f 2042 2043 2044
f 2042 2044 1744
f 1882 2005 1926
f 2045 1912 2030
f 2021 1664 2040
f 806 1950 1725
f 1581 1702 1754
f 2021 2040 2046
f 1969 2032 1966
f 790 1781 812
f 510 512 1709
f 1725 227 806
f 1925 1883 1884
f 1751 1750 2047
f 1947 1927 2030
f 2046 2031 2021
f 1945 1966 1956
f 2048 2036 2038
f 1782 700 1778
f 2005 1882 2049
f 2036 1026 2015
f 2050 2051 2029
f 2048 2049 2036
f 2052 2053 2012
f 1409 2039 1671
f 2049 2048 2005
f 2037 2015 2054
f 2055 2056 2057
f 1606 2018 2017
f 2015 2037 2036
f 2058 2059 2000
f 2060 2037 2054
f 2061 2062 2018
f 2063 2048 2038
f 2038 2052 2063
f 1749 1751 2013
f 2050 2064 2051
f 2031 2046 2065
f 2066 2016 2018
f 1882 1453 2049
f 2067 1920 1887
f 1995 2068 2069
f 2037 2060 2070
f 2038 2037 2070
f 2052 2011 2006
f 2039 2071 2040
f 2018 761 2061
f 1889 1888 1964
f 2072 2073 2035
f 2011 2052 2012
f 1898 2006 2011
f 1277 2074 1267
f 2075 1956 2032
f 2076 2050 2077
f 2078 2024 2051
f 2046 2079 2065
f 2051 2023 2029
f 2080 2081 2082
f 1671 2039 1664
f 2081 2080 2073
f 2083 2084 1224
f 1780 2085 2086
f 1829 2073 2080
f 2087 1237 1033
f 2084 2083 2003
f 2088 2039 1409
f 2089 873 765
f 2071 2079 2040
f 2084 2087 1033
f 2003 2083 2002
f 2090 2091 2092
f 2084 1033 1224
f 1995 2069 1996
f 2077 2029 2028
f 2039 1830 2071
f 1974 2087 2003
f 2093 2094 2095
f 2084 2003 2087
f 2002 2096 1841
f 1202 2096 2083
f 2083 1224 1202
f 1946 2097 545
f 1846 1841 1849
f 2098 2097 1946
f 2099 1849 1841
f 2097 2099 2096
f 2096 2099 1841
f 1849 2099 2098
f 2079 2071 1830
f 2083 2096 2002
f 2097 1202 545
f 2098 2099 2097
f 2089 765 2100
f 2097 2096 1202
f 2101 2102 2053
f 2011 2010 2047
f 2102 2010 2012
f 2047 2041 1898
f 523 1854 545
f 2041 2047 1750
f 2101 2103 2013
f 1829 2100 2073
f 1751 2010 2013
f 2040 2079 2046
f 2094 1819 2104
f 1889 2105 2106
f 1706 1749 2014
f 2006 2005 2063
f 2010 2101 2013
f 1706 2014 2107
f 2107 2014 2108
f 2108 2109 2107
f 2110 2109 2108
f 2018 2062 2066
f 1707 2107 2111
f 2057 2109 2110
f 2049 1383 2036
f 2109 2056 2111
f 1707 2111 1774
f 2111 2056 2112
f 2112 1774 2111
f 2113 2114 2115
f 2055 2112 2056
f 1777 1774 2112
f 47 2055 40
f 2116 2055 47
f 1782 2112 2116
f 1777 2112 1782
f 1012 2116 47
f 1782 2116 700
f 1012 700 2116
f 1785 1784 1866
f 2117 2118 2119
f 2120 2121 2122
f 1778 700 699
f 1827 2123 2124
f 1026 2036 1383
f 2052 2006 2063
f 2123 1827 2080
f 2125 2126 1956
f 2053 2052 2038
f 1964 2105 1889
f 1867 1866 1784
f 2127 2128 2129
f 1880 1878 2130
f 2131 2132 2133
f 1921 1920 2067
f 2018 1606 1590
f 2134 2062 2061
f 2062 2134 2135
f 2062 2025 2066
f 1955 2136 2022
f 2135 2076 2062
f 2062 2076 2028
f 2137 2114 2113
f 2062 2028 2025
f 2029 2023 2025
f 2047 2010 1751
f 1999 2001 2138
f 2028 2076 2077
f 2077 2050 2029
f 2051 2024 2023
f 761 758 2139
f 2140 2100 1829
f 2141 2142 2089
f 2143 1924 2106
f 2144 2135 2134
f 2116 2112 2055
f 1921 2067 1924
f 2145 2146 2147
f 2130 2148 2106
f 2149 1881 1964
f 2094 2150 2095
f 2106 1887 1889
f 2151 2138 2152
f 2125 1956 2075
f 2153 2154 1881
f 2148 2143 2106
f 2130 2105 1880
f 2075 2032 2155
f 1854 1736 545
f 2107 2109 2111
f 2156 2045 1267
f 2156 1267 2157
f 2102 2101 2010
f 2014 2013 2158
f 2159 2160 2161
f 2069 2159 2162
f 2159 2163 2160
f 2159 2069 2068
f 2162 2159 2161
f 2159 2068 2164
f 2165 2163 2159
f 2162 1996 2069
f 2164 2068 2166
f 2005 2048 2063
f 2038 2070 2053
f 2047 1898 2011
f 2012 2053 2102
f 2109 2057 2056
f 1025 1024 2015
f 2049 1453 1383
f 1927 51 1267
f 1927 1267 2045
f 1706 2107 1707
f 2156 2092 2091
f 2156 2091 2045
f 1962 2167 1930
f 2154 2133 2132
f 2168 2091 2090
f 1024 2054 2015
f 2169 1965 1996
f 2013 2103 2158
f 2125 2143 2148
f 2138 1868 1999
f 1788 1893 1796
f 2170 1938 2171
f 1876 2172 1877
f 2149 1964 1965
f 2173 2095 2150
f 2022 2136 2085
f 2022 2085 1780
f 1881 1880 2105
f 2085 2136 2086
f 1881 2154 1879
f 2126 2125 2148
f 2000 2170 2171
f 1723 2119 2027
f 2125 2155 1869
f 2155 2032 2033
f 1999 1868 2170
f 1888 1995 1965
f 1880 1879 1878
f 2174 2175 2154
f 1890 2170 1867
f 1874 1780 2176
f 2153 1881 2149
f 2126 1878 1956
f 2173 2174 2095
f 2128 2177 2178
f 1874 1873 1940
f 1879 1876 1878
f 2117 1875 2118
f 2033 1870 1869
f 1866 1868 2179
f 2153 2133 2154
f 2172 1955 1877
f 1822 2093 2180
f 1869 1924 2143
f 1946 1735 2098
f 1906 1934 1771
f 1972 1863 1860
f 1853 1908 1787
f 1772 1771 1934
f 2098 1735 1849
f 1907 1860 1737
f 2041 1896 1898
f 2181 1863 1972
f 1863 2181 2026
f 1908 1886 1787
f 1861 2026 1908
f 1772 1934 1933
f 1906 1935 1934
f 1886 1908 2026
f 1935 1906 2004
f 1959 2026 2181
f 1770 1959 1972
f 1807 1900 1856
f 1810 1886 2026
f 1811 1810 2026
f 1808 1900 1807
f 1845 1837 1853
f 1580 1951 1935
f 1771 1907 1906
f 2131 2147 2132
f 1961 1959 1770
f 1068 1580 1935
f 2182 2183 2184
f 1951 1580 1961
f 2119 2118 2178
f 2132 2174 2154
f 1810 1809 1808
f 2178 2167 2119
f 1875 1866 2179
f 1776 1960 1961
f 1990 2183 2185
f 1700 2186 1857
f 1871 1924 1869
f 2106 1924 2067
f 1877 1956 1878
f 1758 1809 1960
f 1854 523 2004
f 1758 1698 1809
f 1700 1806 2186
f 1887 2106 2067
f 2187 2188 2185
f 2188 1990 2185
f 1989 2189 1990
f 2189 2190 1990
f 1758 1960 1775
f 1776 1882 1775
f 1876 1879 2175
f 1705 1913 1703
f 1988 1742 1922
f 1743 1742 1990
f 2190 2184 2183
f 2190 2183 1990
f 1759 1699 1698
f 2044 2034 1744
f 1961 1772 1951
f 1902 1743 2188
f 2035 1858 2072
f 2191 1910 2192
f 1809 1698 1808
f 2005 1791 1926
f 1910 2191 2043
f 1910 2043 2042
f 1912 2193 2192
f 1912 2192 1910
f 1789 1815 1790
f 2157 1267 2074
f 1572 1701 1581
f 1701 1925 1800
f 1800 1925 1885
f 2007 2042 1744
f 2193 1912 2194
f 1882 1926 1775
f 1910 2042 1911
f 1952 1901 1734
f 2195 1543 1554
f 1911 2042 2007
f 1767 1717 1917
f 1931 1748 1766
f 1701 1572 330
f 1930 2113 2115
f 1743 1990 2188
f 1886 1808 1788
f 1952 1917 1901
f 1854 2004 1906
f 2168 2194 1912
f 2168 1912 2091
f 2126 2130 1878
f 2174 2132 2147
f 1962 1952 2027
f 2173 2175 2174
f 2154 2175 1879
f 1881 2105 1964
f 1770 1772 1961
f 1750 1749 1767
f 1954 1705 1968
f 1928 1968 1705
f 2006 1898 1791
f 1952 1962 1799
f 1796 1712 1795
f 1750 1767 2041
f 2041 1767 1917
f 1914 1913 1967
f 2196 2195 1554
f 1928 1925 1884
f 2007 2197 2008
f 2198 2060 2054
f 2199 2158 2200
f 1657 1543 2195
f 1847 1835 1712
f 1835 1713 1712
f 1847 1712 1796
f 2201 2202 2203
f 2198 1657 2204
f 2041 1917 1798
f 1604 1554 1433
f 1927 1968 1928
f 1914 1967 2009
f 1657 2195 2204
f 2204 2060 2198
f 2205 1595 401
f 2198 1024 1657
f 2206 2207 2196
f 2195 2196 2207
f 2201 2208 2200
f 1959 2181 1972
f 2209 2053 2070
f 2209 2070 2210
f 2199 2108 2158
f 1860 1850 1936
f 2209 2101 2053
f 2210 2211 2209
f 1604 1596 2206
f 2206 1596 2207
f 2212 2210 2204
f 2206 1554 1604
f 1798 1797 2041
f 2110 2199 2205
f 2207 1596 2212
f 1927 1947 1968
f 1596 1563 2213
f 1949 1954 1947
f 2203 2213 1565
f 2103 2211 2214
f 2201 2203 1565
f 2200 2158 2214
f 1861 1863 2026
f 1967 1954 1949
f 1338 1068 2004
f 2214 2158 2103
f 2108 2014 2158
f 1883 52 1576
f 1711 1795 1712
f 1962 1766 1799
f 1558 2208 1562
f 2108 2199 2110
f 1068 1935 2004
f 2172 1876 2175
f 2173 2172 2175
f 2138 2151 1868
f 2093 1819 2094
f 2174 2215 2095
f 1875 2117 1785
f 2199 2200 2208
f 1760 1789 1746
f 2210 2070 2060
f 1929 51 1927
f 2180 2215 2147
f 2208 2205 2199
f 2172 2173 2150
f 2180 2147 2146
f 2095 2215 2093
f 2150 2136 2172
f 2145 2216 2146
f 2086 2136 2094
f 2180 2093 2215
f 1940 1873 2171
f 2180 2146 1823
f 1776 1961 1580
f 2212 1596 2213
f 2110 2205 2057
f 2202 2211 2210
f 1967 1949 2008
f 2205 391 2057
f 2054 1024 2198
f 2094 2136 2150
f 2217 2128 2127
f 2094 2104 2086
f 2086 2104 2176
f 2001 2000 2059
f 1865 728 730
f 1948 2008 1949
f 1780 2086 2176
f 1766 1765 1799
f 1868 1867 2170
f 1819 2093 1817
f 2218 2137 2217
f 2176 2104 2219
f 1817 1822 1820
f 2170 1890 1938
f 1872 2176 2219
f 40 2055 391
f 2104 1819 1821
f 1821 2219 2104
f 2155 2033 1869
f 1815 1926 1790
f 1823 2220 1820
f 1896 1797 2019
f 1823 1822 2180
f 2195 2207 2212
f 1960 1809 1959
f 1817 2093 1822
f 2075 2155 2125
f 2080 2082 2123
f 2130 2106 2105
f 2211 2101 2209
f 2221 1904 1919
f 2222 2223 2224
f 2225 2226 2227
f 2228 2229 2230
f 2221 2231 2224
f 2221 2224 1904
f 1721 2231 2232
f 2222 2224 2229
f 2233 1904 2224
f 2188 2225 1902
f 2234 2235 2236
f 2237 1905 1904
f 1887 1920 2166
f 2232 1919 1894
f 2221 1919 2232
f 2230 2238 2239
f 2240 2241 2242
f 2243 1905 2237
f 2223 2233 2224
f 1905 2243 1920
f 2231 2230 2229
f 2244 2231 1721
f 2245 2246 2223
f 2228 2247 2229
f 2248 1914 2009
f 2222 2229 2247
f 2249 2247 2250
f 1719 2232 1894
f 2233 2164 2243
f 2164 2233 2223
f 1721 1971 2244
f 1719 1721 2232
f 2243 2164 2166
f 2246 2164 2223
f 2245 2223 2251
f 2223 2222 2251
f 2240 2252 2241
f 2225 2007 1902
f 2244 2230 2231
f 1715 2236 1971
f 1887 2068 1995
f 2242 2226 2240
f 2244 2236 2230
f 2253 2251 2222
f 1971 2236 2244
f 2254 2236 2255
f 2255 2236 1715
f 1914 2255 1714
f 2238 2235 2226
f 2247 2228 2239
f 2238 2230 2235
f 2235 2230 2236
f 2164 2246 2159
f 2226 2256 2227
f 2236 2254 2234
f 2237 2233 2243
f 2239 2250 2247
f 2231 2229 2224
f 2251 2246 2245
f 2254 2255 2248
f 2230 2239 2228
f 2166 1920 2243
f 2247 2253 2222
f 2246 2251 2257
f 2253 2257 2251
f 2257 2159 2246
f 2247 2249 2253
f 2239 2238 2242
f 1714 2255 1715
f 2253 2249 2257
f 2159 2257 2165
f 2242 2241 2239
f 1887 2166 2068
f 2249 2250 2258
f 2239 2241 2250
f 2259 2227 2256
f 2226 2242 2238
f 2256 2234 2260
f 2260 2234 2254
f 2234 2256 2235
f 1904 2233 2237
f 2258 2165 2257
f 2258 2257 2249
f 2226 2235 2256
f 2261 2252 2187
f 2260 2254 2248
f 2262 2241 2252
f 2248 2255 1914
f 2226 2225 2240
f 2009 2260 2248
f 2259 2256 2260
f 2260 2009 2259
f 2262 2252 2261
f 2188 2240 2225
f 2227 2259 2263
f 2007 2225 2227
f 2197 2259 2009
f 2187 2252 2240
f 2007 2227 2263
f 2259 2197 2263
f 2187 2240 2188
f 2197 2007 2263
f 2231 2221 2232
f 2264 2265 2266
f 2267 2268 2269
f 2270 2025 2024
f 2271 2272 2273
f 2274 2066 2275
f 2024 2275 2270
f 2078 2276 2277
f 2270 2275 2066
f 2278 2279 2280
f 2281 2282 2283
f 2284 2272 2283
f 2285 2016 2279
f 2275 2078 2277
f 2279 2278 2285
f 2286 2267 2287
f 2124 2123 2288
f 2279 2274 2280
f 2279 2066 2274
f 2288 2289 2276
f 2218 2217 2266
f 2277 2274 2275
f 2025 2270 2066
f 2152 2138 2290
f 2272 2291 2283
f 2283 2282 2284
f 2292 2293 2294
f 2295 2277 2276
f 2281 2283 2296
f 2297 2298 2266
f 2288 2296 2291
f 2291 2271 2288
f 2293 2299 2294
f 2123 2296 2288
f 2300 2271 2273
f 2296 2283 2291
f 2138 2001 2301
f 2302 2303 2294
f 2277 2295 2280
f 2289 2300 2304
f 2279 2016 2066
f 1621 1606 2017
f 2267 2305 2287
f 2288 2276 2306
f 2082 2296 2123
f 2298 2307 2308
f 2309 2287 2310
f 2306 2078 2124
f 2300 2289 2271
f 2082 2281 2296
f 2288 2271 2289
f 2311 2312 2286
f 2280 2295 2289
f 2297 2266 2265
f 2082 2313 2281
f 2307 2268 2308
f 2314 2269 2303
f 2287 2311 2286
f 2289 2304 2280
f 2287 2282 2310
f 2315 2307 2298
f 2309 2311 2287
f 2291 2272 2271
f 2078 2275 2024
f 2281 2313 2310
f 2303 2284 2314
f 2306 2124 2288
f 2316 2301 2317
f 2318 2278 2280
f 2282 2281 2310
f 2276 2289 2295
f 2269 2314 2267
f 2314 2305 2267
f 2318 2280 2304
f 2280 2274 2277
f 2314 2284 2305
f 2317 2301 2001
f 2276 2078 2306
f 2303 2302 2284
f 2272 2302 2319
f 2307 2320 2268
f 2305 2282 2287
f 2272 2284 2302
f 2299 2319 2302
f 2305 2284 2282
f 2294 2303 2269
f 2294 2299 2302
f 2267 2286 2268
f 2286 2312 2268
f 2268 2312 2308
f 2269 2320 2294
f 2320 2269 2268
f 2321 2308 2312
f 2320 2322 2294
f 2322 2292 2294
f 2323 2308 2321
f 2320 2307 2322
f 2292 2322 2315
f 2315 2322 2307
f 2308 2323 2218
f 2315 2298 2324
f 2218 2298 2308
f 2298 2297 2324
f 2266 2298 2218
f 2264 2266 2217
f 2217 2127 2264
f 2265 2264 2325
f 2301 2290 2138
f 2326 2327 2064
f 1872 1874 2176
f 2219 2059 1872
f 1794 2035 2073
f 2328 1824 1826
f 2200 2214 2201
f 1872 2058 1873
f 2144 2121 2135
f 1995 1888 1887
f 2210 2212 2203
f 2329 2118 1875
f 2212 2213 2203
f 1872 2059 2058
f 1940 1997 1874
f 2205 2208 1595
f 1780 1874 1997
f 2059 2219 2317
f 1554 2206 2196
f 2317 2001 2059
f 2171 1873 2058
f 1836 1840 1838
f 1975 1841 1840
f 2058 2000 2171
f 2171 1938 1940
f 1955 2172 2136
f 1999 2170 2000
f 1765 2019 1797
f 1890 1867 1784
f 2045 2030 1927
f 2215 2174 2147
f 2179 1868 2151
f 2130 2126 2148
f 2329 1875 2179
f 2179 2129 2329
f 2117 1722 1785
f 2129 2128 2329
f 1722 2117 1723
f 2143 2125 1869
f 2329 2128 2118
f 2117 2119 1723
f 2027 2119 1962
f 1877 1955 1956
f 1948 1947 2030
f 2178 2118 2128
f 2128 2217 2177
f 2167 2178 2177
f 2167 1962 2119
f 2177 2113 2167
f 2137 2177 2217
f 2113 2177 2137
f 1930 2167 2113
f 2018 1590 761
f 2103 2101 2211
f 1829 2080 1827
f 1794 2073 2100
f 2079 1824 2065
f 758 762 2139
f 2197 2009 2008
f 2100 2140 2330
f 2331 1748 1931
f 1789 2019 1746
f 2082 2081 2313
f 2141 2089 1832
f 1747 2019 1765
f 2208 1558 1595
f 762 2144 2139
f 2330 2089 2100
f 1825 1824 2079
f 2326 2120 1824
f 2139 2061 761
f 2120 2076 2135
f 2139 2144 2134
f 2078 2051 1827
f 1832 2089 1833
f 1948 1912 1911
f 1865 1807 1856
f 2332 2121 2144
f 765 1794 2100
f 1824 2120 2122
f 2008 1948 1911
f 2316 1821 1818
f 2333 2334 2335
f 1826 2336 2328
f 2064 2120 2326
f 2337 2338 2304
f 2339 2340 2341
f 1808 1886 1810
f 2204 2195 2212
f 2122 2065 1824
f 2185 2342 2343
f 2327 2326 1833
f 2205 401 391
f 1830 1825 2079
f 2330 1833 2089
f 2273 2339 2337
f 2344 2345 2346
f 2144 762 2332
f 2140 2327 1833
f 1562 2201 1565
f 2008 1911 2007
f 2347 2348 2349
f 2350 2153 2351
f 2352 2353 2354
f 2355 2356 2133
f 2357 2358 2359
f 2328 1833 2326
f 2065 2122 2031
f 2182 2360 2361
f 2182 2361 2183
f 2362 2363 2364
f 2365 2366 2364
f 2335 2367 2333
f 2050 2076 2120
f 1912 2045 2091
f 2142 873 2089
f 2120 2064 2050
f 1828 1827 2051
f 2330 2140 1833
f 1831 1826 1825
f 2120 2135 2121
f 2122 2121 2332
f 2031 2332 1587
f 1828 2140 1829
f 2134 2061 2139
f 2368 2369 2370
f 2332 2031 2122
f 2078 1827 2124
f 2370 2325 2368
f 2327 2140 1828
f 2185 2183 2342
f 2327 2051 2064
f 2336 1833 2328
f 2073 2072 2081
f 2202 2201 2214
f 2327 1828 2051
f 1826 1831 2371
f 2336 1834 1833
f 2354 2265 2370
f 2372 2373 2131
f 2332 762 1587
f 2363 2362 2292
f 2374 2339 2319
f 2203 2202 2210
f 2364 2375 2365
f 2293 2292 2376
f 2115 2114 2321
f 2312 2311 2377
f 2115 2321 2377
f 2328 2326 1824
f 2321 2114 2323
f 2137 2323 2114
f 1748 2331 1746
f 2137 2218 2323
f 2377 2321 2312
f 2115 2378 1931
f 2378 2115 2377
f 2379 2310 2313
f 2380 2381 2382
f 2377 2311 2383
f 2383 2311 2384
f 1858 1857 2385
f 2379 2313 2081
f 2331 1931 2378
f 2385 2386 2387
f 2379 2081 2072
f 1858 2385 2072
f 2388 1746 2389
f 2390 1746 2331
f 2383 2384 2391
f 2383 2378 2377
f 1746 2390 2389
f 2309 2310 2379
f 2391 2384 2380
f 2379 2392 2393
f 2331 2378 2390
f 2382 2386 1806
f 2387 2381 2393
f 2201 1562 2208
f 2381 2384 2393
f 2309 2393 2384
f 1931 1930 2115
f 2392 2387 2393
f 2387 2392 2072
f 2385 2387 2072
f 2389 2390 2391
f 2388 2389 2380
f 1806 2388 2382
f 2393 2309 2379
f 1806 1760 2388
f 2382 2388 2380
f 2391 2378 2383
f 2384 2381 2380
f 1857 2186 2386
f 1857 2386 2385
f 2378 2391 2390
f 2380 2389 2391
f 1760 1746 2388
f 1806 2386 2186
f 2382 2387 2386
f 2072 2392 2379
f 2381 2387 2382
f 2309 2384 2311
f 1847 1796 1893
f 2394 1847 1893
f 2394 730 768
f 1893 730 2394
f 768 1992 2394
f 1847 2394 1992
f 2395 2396 1983
f 529 1481 712
f 529 333 1481
f 2396 1973 1983
f 827 2397 1489
f 2396 2395 2398
f 2399 1398 2400
f 827 1237 2397
f 2395 712 2398
f 1481 282 2398
f 2265 2354 2297
f 2401 2397 2087
f 1400 1398 2399
f 2402 2403 1510
f 2396 2398 2397
f 2401 2396 2397
f 2404 2402 1510
f 2401 1973 2396
f 2395 660 712
f 2088 1411 1434
f 1982 660 2395
f 1489 2397 2398
f 1974 1973 2401
f 1434 1400 2399
f 2395 1983 1982
f 2401 2087 1974
f 2352 2354 2370
f 712 1481 2398
f 2397 1237 2087
f 2400 2405 2399
f 660 1982 847
f 2398 282 1489
f 2339 2273 2319
f 2406 2363 2407
f 2406 2344 2408
f 2335 2409 2410
f 2088 1409 1411
f 2411 2412 2413
f 2406 2407 2353
f 2414 2415 2416
f 2299 2293 2376
f 2405 1434 2399
f 2088 1434 2405
f 2400 2417 2405
f 2349 2348 2416
f 2406 2353 2344
f 2410 2358 2357
f 2418 2169 1996
f 2419 2420 2421
f 2407 2292 2315
f 2187 2185 2343
f 1399 2400 1398
f 2363 2406 2422
f 1399 2417 2400
f 2145 2423 2216
f 2417 2403 2405
f 1399 1510 2417
f 2408 2344 2346
f 1823 2146 2220
f 1510 2403 2417
f 2403 2402 2424
f 2297 2354 2324
f 2335 2372 2409
f 2339 2374 2340
f 2425 2426 2141
f 2427 2371 2428
f 1094 2426 1163
f 2429 2430 2431
f 2424 1830 2039
f 1831 2428 2371
f 2344 2352 2369
f 2427 2432 1834
f 2131 2145 2147
f 2364 2366 2433
f 2404 1130 1153
f 2336 2371 1834
f 2434 1153 2430
f 2402 2435 2424
f 2376 2362 2433
f 2376 2433 2299
f 2431 2430 2425
f 2376 2292 2362
f 2370 2369 2352
f 2427 1834 2371
f 1831 2436 2435
f 2359 2437 2415
f 2358 2438 2359
f 2435 2434 2429
f 2439 2440 2357
f 2141 2432 2425
f 2404 2434 2402
f 2373 2335 2334
f 2429 2428 2435
f 1830 2436 1831
f 2364 2433 2362
f 2315 2324 2407
f 2367 2335 2410
f 1832 1834 2432
f 2431 2427 2429
f 2436 2424 2435
f 2359 2438 2441
f 1130 2404 1510
f 1153 2434 2404
f 2141 1832 2432
f 2438 2358 2409
f 2355 2133 2153
f 2442 1153 1152
f 2442 1163 2426
f 2356 2372 2131
f 2142 1094 873
f 2367 2443 2333
f 2299 2433 2319
f 2433 2444 2374
f 2425 1153 2442
f 2436 1830 2424
f 2057 391 2055
f 2374 2319 2433
f 2445 2169 2416
f 2363 2292 2407
f 2060 2204 2210
f 2405 2424 2039
f 2442 2426 2425
f 2443 2410 2440
f 2412 2446 2447
f 2410 2443 2367
f 2355 2372 2356
f 2355 2409 2372
f 2351 2437 2441
f 2409 2358 2410
f 2319 2273 2272
f 2350 2438 2355
f 2363 2422 2375
f 2355 2438 2409
f 2410 2357 2440
f 2300 2448 2337
f 2446 2357 2359
f 2357 2411 2439
f 2338 2337 2341
f 2337 2339 2341
f 2353 2407 2324
f 2300 2273 2448
f 2357 2446 2412
f 2273 2337 2448
f 2369 2345 2344
f 2438 2350 2441
f 2449 2439 2411
f 2335 2373 2372
f 2350 2351 2441
f 2420 2342 2361
f 2352 2344 2353
f 2350 2355 2153
f 2411 2357 2412
f 2446 2359 2415
f 2300 2337 2304
f 2338 2450 2304
f 2149 2351 2153
f 2413 2449 2411
f 2450 2318 2304
f 2149 1965 2351
f 2359 2441 2437
f 2343 2342 2420
f 2413 2412 2451
f 2451 2412 2447
f 2447 2446 2452
f 2375 2364 2363
f 1965 2169 2351
f 2414 2452 2446
f 2373 2334 2423
f 2447 2452 2451
f 2408 2375 2422
f 2445 2415 2437
f 2446 2415 2414
f 2437 2169 2445
f 2416 2415 2445
f 2373 2423 2131
f 2169 2418 2416
f 2348 2414 2416
f 2349 2416 2418
f 1996 2162 2418
f 2162 2161 2418
f 2265 2325 2370
f 2347 2349 2418
f 2423 2145 2131
f 2347 2418 2161
f 2160 2347 2161
f 2374 2341 2340
f 2219 1821 2317
f 2131 2133 2356
f 2324 2354 2353
f 2406 2408 2422
f 2187 2453 2261
f 2316 2317 1821
f 2187 2343 2453
f 2374 2444 2341
f 2351 2169 2437
f 2421 2420 2361
f 2342 2183 2361
f 2211 2202 2214
f 2336 1826 2371
f 2428 1831 2435
f 2142 2141 2426
f 1153 2425 2430
f 1807 1865 730
f 2430 2429 2434
f 2435 2402 2434
f 2431 2425 2432
f 2431 2432 2427
f 2405 2403 2424
f 2427 2428 2429
f 2405 2039 2088
f 1789 1897 2019
f 1163 2442 1152
f 2426 1094 2142
f 2213 1563 1565
f 1897 1789 1791
f 2454 1298 2455
f 2456 2457 2458
f 2459 2460 2461
f 346 1053 2462
f 2463 2464 2465
f 2466 2467 2468
f 2469 2470 2471
f 2472 2473 2474
f 1818 2475 2476
f 2477 2478 2479
f 328 327 2480
f 2481 2482 2483
f 2460 2484 2485
f 2486 2487 2488
f 2476 2316 1818
f 2489 2490 2491
f 2492 2365 2375
f 2493 769 2494
f 2486 2463 2495
f 2496 2497 2498
f 2489 2499 2500
f 2501 2502 2503
f 2473 2504 2505
f 2490 2506 2491
f 2507 2508 2509
f 189 2510 179
f 2511 2512 2513
f 2514 2515 2516
f 2517 2518 2519
f 2478 2477 2520
f 2521 2522 2523
f 2489 2524 238
f 2525 2459 2461
f 2526 2472 2458
f 2527 2528 2529
f 2530 2465 2531
f 2518 2532 2519
f 2533 2534 2535
f 688 2536 2537
f 2538 2539 2540
f 2541 2542 2492
f 2543 2220 2146
f 2517 2466 2468
f 2458 2474 2456
f 2521 2544 2545
f 2526 2458 2457
f 2546 2545 2547
f 2548 2549 2550
f 2551 2334 2333
f 2334 2551 2552
f 2553 2554 2484
f 2553 2516 2555
f 2556 2557 2365
f 2558 2559 2560
f 2561 2559 2562
f 2365 2557 2366
f 2563 2564 2565
f 2566 2557 2556
f 2567 2568 2569
f 2570 2571 2572
f 2527 2573 2574
f 2575 2341 2576
f 2577 2578 2572
f 2579 2580 2581
f 2566 2582 2557
f 2583 2512 2584
f 2540 2563 2585
f 2494 769 809
f 782 786 2586
f 2491 2506 2466
f 2587 2588 2542
f 2561 2562 2589
f 2558 2589 2562
f 2571 2366 2557
f 2590 2591 2592
f 2546 2547 2593
f 2494 2594 2595
f 2576 2596 2597
f 2598 2599 2600
f 2601 2582 2566
f 2602 2603 2551
f 2333 2443 2604
f 2579 2571 2557
f 2563 2565 2605
f 2510 2606 2607
f 2608 2609 2610
f 2580 2611 2612
f 2612 2483 2482
f 2613 2549 2548
f 2583 2614 2615
f 2616 2617 2558
f 2618 2619 2620
f 2621 2603 2560
f 2604 2608 2593
f 2491 2622 2499
f 2623 2624 2625
f 2626 2627 2628
f 2494 807 2594
f 2629 2611 2582
f 2630 2589 2558
f 2617 2630 2558
f 2587 2541 2492
f 2602 2617 2616
f 2631 2632 2537
f 2633 2521 2545
f 2586 2634 782
f 2507 2635 2636
f 2637 2638 2639
f 2595 2640 2493
f 2571 2570 2444
f 2641 2642 2633
f 2587 2542 2541
f 769 2493 2643
f 2624 2623 2620
f 2644 2591 2590
f 2604 2617 2602
f 2220 2645 2475
f 2539 2510 2646
f 2647 2648 2520
f 2649 2622 2456
f 2650 2618 2651
f 2492 2346 2587
f 2216 2423 2552
f 2652 2653 2278
f 2216 2654 2543
f 2465 2488 2655
f 2569 2656 2543
f 2657 2504 2500
f 2467 2466 2506
f 2325 2623 2625
f 2474 2505 2456
f 2609 2608 2443
f 2658 2659 2660
f 2463 2465 2530
f 2325 2264 2623
f 2661 2278 2653
f 785 2586 786
f 2662 2663 2664
f 2440 2609 2443
f 783 2594 807
f 2665 2264 2127
f 2586 785 2634
f 2634 2594 782
f 2654 2621 2666
f 2583 2667 2668
f 2644 2590 2669
f 2588 2587 2670
f 2572 2596 2570
f 2671 1493 1492
f 2672 2477 2479
f 2581 2577 2579
f 2456 2519 2457
f 2625 2368 2325
f 2651 2620 2623
f 2570 2596 2576
f 2673 2674 2675
f 2676 2677 2678
f 2679 2680 2587
f 2596 2578 2614
f 2681 2593 2608
f 2637 2682 2683
f 2642 2641 2684
f 2628 2627 2685
f 2602 2551 2604
f 2686 2687 2688
f 2285 2689 2017
f 2661 2653 2690
f 2623 2264 2665
f 2476 2475 2691
f 2692 2693 2694
f 2504 2657 2505
f 2583 2584 2695
f 2639 2563 2637
f 2696 2482 2481
f 2697 2698 1380
f 2699 2615 2577
f 1621 2689 2700
f 2701 2650 2651
f 2702 2535 2703
f 2578 2577 2615
f 2444 2433 2571
f 2704 2705 2706
f 2580 2482 2512
f 2645 2707 2708
f 2610 2439 2709
f 2698 2710 1380
f 2550 2711 2712
f 2641 2610 2709
f 2443 2608 2604
f 2629 2483 2612
f 2713 328 2480
f 2456 2622 2519
f 2626 2714 1493
f 2508 2497 2715
f 2614 2597 2596
f 2338 2575 2716
f 2684 2641 2709
f 2536 688 200
f 2717 2573 2529
f 2596 2572 2578
f 2718 2719 2720
f 2681 2641 2546
f 2614 2578 2615
f 2721 2714 2722
f 2716 2575 2597
f 2512 2511 2584
f 2450 2338 2716
f 2723 2724 2725
f 2546 2641 2545
f 2697 2726 2727
f 2617 2604 2593
f 2728 2729 2730
f 2731 2729 2732
f 2701 2151 2650
f 2534 2733 2734
f 2368 2735 2704
f 1600 2671 1492
f 1493 2671 2626
f 2736 2671 1607
f 2698 2737 2738
f 2619 2550 2549
f 2650 2151 2152
f 2731 2732 2739
f 2730 2729 2740
f 2741 2742 2743
f 2743 2744 2745
f 2671 1600 1607
f 2746 2734 2696
f 2650 2152 2711
f 2739 2597 2614
f 2747 2597 2739
f 2746 2703 2534
f 2696 2734 2513
f 2511 2513 2584
f 1379 2726 2697
f 2732 2729 2728
f 2743 2748 2744
f 2749 2750 2751
f 2544 2547 2545
f 2545 2641 2633
f 2744 2752 2753
f 2497 2754 2607
f 2732 2652 2747
f 2755 187 964
f 2734 2749 2584
f 2732 2747 2739
f 2726 1446 2756
f 2651 2618 2620
f 2732 2690 2653
f 2498 2607 2606
f 2652 2450 2747
f 2741 2535 2742
f 2757 2758 2737
f 2759 2738 2760
f 2544 2521 2523
f 2710 2738 2759
f 2697 1380 1379
f 2703 2746 2696
f 2498 2497 2607
f 2754 2646 2510
f 2761 2762 2565
f 2714 2628 2722
f 2652 2732 2653
f 1379 1446 2726
f 2763 2600 2599
f 2600 2706 2598
f 2764 2722 2628
f 2721 1659 1608
f 2722 2764 2765
f 2540 2564 2563
f 2766 2722 2765
f 2761 2767 2768
f 2769 2770 2668
f 1450 2736 1607
f 2728 2730 2726
f 2645 2220 2707
f 2711 2152 2290
f 2680 2706 2771
f 2552 2423 2334
f 2772 2761 2565
f 2579 2557 2582
f 2721 2766 1659
f 2765 1360 1483
f 2733 2534 2773
f 2666 2621 2560
f 2774 2767 2528
f 2456 2657 2649
f 2772 2717 2767
f 2565 2564 2772
f 2580 2699 2581
f 2761 2772 2767
f 2580 2579 2611
f 2775 2706 2600
f 2751 2776 2769
f 2772 2564 2540
f 2560 2603 2558
f 2585 2478 2520
f 2599 2705 2777
f 2778 2779 2777
f 2628 2685 2764
f 2646 2772 2540
f 2567 2666 2560
f 2717 2772 2646
f 2680 2670 2587
f 2717 2528 2767
f 2780 2781 2515
f 2515 2782 2783
f 2454 2784 2736
f 2749 2733 2750
f 2785 2719 2548
f 2652 2278 2318
f 2782 2786 2783
f 2612 2482 2580
f 2786 2782 2787
f 2462 2788 2781
f 2714 2626 2628
f 2472 2474 2458
f 2711 2290 2301
f 200 2647 2789
f 2757 2790 2692
f 2766 2721 2722
f 2690 2732 2728
f 2787 2782 2791
f 2780 2525 2462
f 2603 2602 2616
f 2792 2675 2793
f 2744 2753 2688
f 2794 2719 2691
f 2719 2785 2691
f 2759 1326 2710
f 2463 2486 2464
f 2795 2791 2792
f 2513 2482 2696
f 2450 2716 2747
f 2773 2741 2796
f 2318 2450 2652
f 2791 2782 2788
f 2533 2773 2534
f 2797 2792 2798
f 2790 2799 2769
f 2690 2728 2661
f 2800 2801 2802
f 2439 2610 2440
f 2803 2791 2788
f 2654 2603 2621
f 2791 2798 2792
f 2804 2805 2806
f 2807 2808 2591
f 2333 2604 2551
f 2809 2804 2801
f 2810 2811 2812
f 2791 2795 2787
f 2783 2813 2515
f 2814 2795 2792
f 2803 2797 2798
f 2781 2782 2515
f 2656 2707 2543
f 2616 2558 2603
f 2525 2780 2515
f 2814 2787 2795
f 2747 2716 2597
f 2798 2791 2803
f 932 2797 1041
f 2803 2462 1041
f 2788 2782 2781
f 2796 2745 2687
f 2695 2751 2667
f 2601 2483 2629
f 2815 2483 2601
f 2742 2816 2817
f 2818 2483 2815
f 932 2819 2797
f 2820 2818 2821
f 2822 2823 2815
f 2771 2824 2680
f 2726 2662 2728
f 1053 1042 2462
f 2790 2769 2692
f 2821 2818 2825
f 2826 2820 2821
f 2664 2278 2661
f 2803 2788 2462
f 1042 1041 2462
f 2535 2816 2742
f 2780 2462 2781
f 2819 933 770
f 2827 2828 2829
f 2797 2803 1041
f 2770 2740 2668
f 2819 932 933
f 2797 2675 2792
f 2514 2525 2515
f 2525 2514 2459
f 2773 2693 2750
f 2815 2601 2566
f 2512 2482 2513
f 2757 2686 2758
f 2828 2830 2829
f 2588 2670 2831
f 2829 2832 2824
f 2680 2832 2670
f 2833 2832 2829
f 2769 2776 2834
f 2752 2744 2748
f 1326 1380 2710
f 1509 1298 2454
f 385 1380 1326
f 2831 2833 2829
f 2835 2829 2824
f 1509 2736 1450
f 2535 2702 2816
f 814 1326 2759
f 2454 2736 1509
f 2483 2820 2836
f 2823 2822 2588
f 2748 2742 2817
f 2664 2661 2662
f 2824 2771 2835
f 2824 2832 2680
f 2784 2837 2671
f 2483 2836 2481
f 2455 2838 2837
f 2712 2711 2301
f 2765 2764 1360
f 2454 2455 2784
f 2784 2455 2837
f 2736 2784 2671
f 2751 2695 2584
f 2818 2823 2825
f 2838 2627 2837
f 2671 2837 2626
f 2825 2823 2831
f 2687 2694 2693
f 2834 2692 2769
f 2832 2833 2670
f 1818 1820 2475
f 2799 2727 2769
f 2758 2760 2737
f 2751 2584 2749
f 2822 2815 2566
f 2825 2829 2830
f 2744 2688 2687
f 2790 2757 2799
f 2670 2833 2831
f 2692 2834 2693
f 2588 2831 2823
f 2220 2475 1820
f 2815 2823 2818
f 2668 2614 2583
f 2483 2818 2820
f 2698 2697 2799
f 1493 2714 2721
f 2729 2731 2740
f 2825 2831 2829
f 2726 2756 2662
f 2829 2835 2827
f 2821 2825 2830
f 2757 2737 2799
f 2697 2727 2799
f 2712 2301 2785
f 2737 2698 2799
f 2694 2757 2692
f 2663 2756 2689
f 2756 2663 2662
f 2481 2703 2696
f 2700 1446 1474
f 815 814 2759
f 2839 2741 2743
f 2686 2688 2840
f 2687 2693 2796
f 2770 2727 2730
f 2841 2842 2758
f 2727 2726 2730
f 2839 2796 2741
f 2668 2751 2769
f 2750 2693 2834
f 2701 2665 2179
f 2614 2731 2739
f 2843 2844 2845
f 2740 2770 2730
f 2687 2745 2744
f 2776 2751 2750
f 2738 2737 2760
f 2785 2301 2316
f 2129 2665 2127
f 2695 2667 2583
f 2535 2741 2533
f 2584 2513 2734
f 2151 2701 2179
f 2738 2710 2698
f 2757 2694 2686
f 2129 2179 2665
f 2533 2741 2773
f 2734 2746 2534
f 2846 2842 2847
f 2699 2580 2512
f 2842 815 2759
f 2842 2759 2760
f 2733 2773 2750
f 2610 2609 2440
f 2848 2841 2758
f 2705 2704 2849
f 2017 2689 1621
f 2704 2369 2368
f 1527 2537 2632
f 2850 813 2846
f 2479 2638 2672
f 2846 815 2842
f 2619 2549 2851
f 1294 2838 2455
f 2852 2809 2801
f 2802 2853 2800
f 2548 2719 2613
f 2548 2550 2712
f 2553 2854 2514
f 2514 2854 2459
f 2855 2778 2851
f 2553 2555 2554
f 2856 2624 2619
f 2854 2460 2459
f 346 2462 2461
f 2591 2644 2807
f 2620 2619 2624
f 188 2461 2485
f 2794 2691 2645
f 2461 2460 2485
f 2496 2484 2554
f 2857 2484 2498
f 2809 2844 2858
f 2859 2841 2848
f 189 188 2485
f 2860 2680 2679
f 2858 2627 2838
f 2861 2527 2574
f 2485 2484 2857
f 2527 2861 2862
f 2485 2857 189
f 2581 2699 2577
f 2862 2660 2527
f 2774 2528 2527
f 2863 2858 2864
f 2553 2484 2854
f 2497 2496 2715
f 2528 2717 2529
f 2811 2865 2866
f 2850 2846 2867
f 2507 2574 2573
f 2868 2846 2847
f 1310 2869 2870
f 1311 1011 1312
f 2868 2867 2846
f 2871 2706 2860
f 2636 2508 2507
f 197 187 2755
f 2476 2691 2785
f 1310 2872 2869
f 2484 2460 2854
f 2660 2659 2774
f 2573 2717 2635
f 2872 1310 1321
f 2754 2497 2508
f 2599 2873 2763
f 2510 2539 964
f 2634 2843 2874
f 2508 2636 2754
f 2644 2502 2875
f 2863 2864 2870
f 2796 2839 2745
f 1323 1312 2867
f 769 2643 770
f 2606 2510 189
f 2870 2876 1310
f 2341 2575 2338
f 2539 2755 964
f 2870 2864 2876
f 2877 2502 2673
f 1298 1294 2455
f 2658 2495 2659
f 2844 2627 2858
f 2872 2878 2869
f 2806 2812 2802
f 2870 2805 2863
f 1311 1309 2879
f 2880 2845 2881
f 1659 2766 1483
f 2685 2843 2634
f 2635 2717 2646
f 2463 2659 2495
f 2805 2870 2869
f 2881 2845 2852
f 2655 2488 2882
f 2872 1321 2878
f 2502 2644 2669
f 2878 1321 2810
f 2806 2802 2804
f 2646 2754 2635
f 2801 2804 2802
f 2810 1319 2865
f 2647 2755 2538
f 2648 2647 2538
f 2487 2882 2488
f 2755 2647 197
f 2538 2755 2539
f 2463 2530 2659
f 2867 2883 1323
f 2678 2884 2885
f 2886 1360 2764
f 2805 2809 2863
f 2885 2674 2669
f 2869 2806 2805
f 2520 2789 2647
f 2807 2887 2881
f 2508 2715 2509
f 2678 2885 2592
f 2530 2768 2659
f 2843 2685 2844
f 2878 2812 2806
f 2802 2812 2888
f 2888 2853 2802
f 2477 2889 2631
f 2539 2646 2540
f 200 2789 2536
f 2809 2852 2845
f 2890 2888 2811
f 2867 2868 2883
f 2812 2811 2888
f 2891 2768 2530
f 2805 2804 2809
f 2869 2878 2806
f 2866 2868 2892
f 2886 2764 2685
f 1303 1291 1022
f 2877 2640 2503
f 2761 2768 2891
f 2844 2809 2845
f 2677 2676 2808
f 2865 2883 2866
f 2893 2892 2868
f 2655 2894 2531
f 2893 2847 2859
f 2810 2865 2811
f 2843 2845 2880
f 1483 2766 2765
f 2868 2847 2893
f 2761 2891 2762
f 2865 1323 2883
f 2674 2895 2675
f 2494 2595 2493
f 2634 2886 2685
f 2874 2843 2880
f 2677 2896 2678
f 2536 2477 2631
f 2540 2585 2538
f 2897 2898 2808
f 785 1360 2886
f 2634 785 2886
f 2867 1312 1011
f 1294 1296 2876
f 2852 2801 2899
f 2848 2686 2840
f 2890 2866 2892
f 2897 2881 2852
f 2536 2631 2537
f 2807 2881 2897
f 2897 2852 2899
f 2538 2520 2648
f 2900 2874 2880
f 2858 2876 2864
f 2900 2594 2874
f 2536 2789 2520
f 2807 2644 2887
f 2801 2800 2899
f 2898 2897 2899
f 2800 2898 2899
f 2517 2530 2531
f 2591 2808 2676
f 2853 2890 2901
f 1319 2810 1316
f 2885 2669 2590
f 2878 2810 2812
f 2800 2853 2898
f 2901 2898 2853
f 2808 2898 2677
f 2585 2520 2538
f 2530 2517 2891
f 2675 2895 2793
f 2517 2531 2518
f 238 2524 293
f 2721 1608 1493
f 2891 2517 2468
f 1323 2865 1319
f 2461 2462 2525
f 2858 1294 2876
f 2885 2884 2674
f 2591 2676 2592
f 2467 2565 2762
f 2493 2640 2643
f 2900 2503 2595
f 2519 2532 2457
f 2622 2466 2519
f 2601 2629 2582
f 2466 2517 2519
f 2606 2857 2498
f 2851 2778 2619
f 2467 2605 2565
f 2898 2901 2902
f 2467 2762 2468
f 2877 2673 2675
f 2532 2526 2457
f 2594 2634 2874
f 2507 2573 2635
f 2479 2478 2639
f 2592 2676 2678
f 2622 2491 2466
f 2903 2471 2904
f 2478 2563 2639
f 2638 2479 2639
f 2673 2669 2674
f 2674 2884 2895
f 2677 2902 2896
f 2605 2637 2563
f 2856 2619 2778
f 2502 2501 2875
f 2499 2622 2649
f 2892 2905 2890
f 2467 2637 2605
f 2491 2499 2489
f 2654 2552 2603
f 2734 2733 2749
f 2567 2569 2666
f 2492 2542 2588
f 2859 2906 2893
f 2506 2682 2467
f 2562 2559 2558
f 2548 2712 2785
f 2368 2625 2735
f 2644 2875 2887
f 2735 2625 2624
f 2499 2649 2500
f 2907 2613 2724
f 2848 2758 2686
f 2711 2550 2650
f 2316 2476 2785
f 2651 2623 2665
f 2794 2645 2720
f 2748 2743 2742
f 2855 2779 2778
f 2643 2877 2819
f 2706 2775 2771
f 2720 2645 2708
f 2627 2844 2685
f 2908 2909 2910
f 2911 2753 2912
f 2913 2914 2509
f 2752 2915 2916
f 2917 2918 2836
f 2919 2920 2921
f 2922 2923 2924
f 2925 2918 2926
f 2927 2928 2929
f 2930 2723 2725
f 2500 2649 2657
f 2753 2915 2912
f 2931 2932 2933
f 2861 2658 2862
f 2934 2935 2936
f 2702 2937 2938
f 2939 2936 2935
f 2933 2940 2931
f 2941 2942 2943
f 2944 2945 2946
f 2943 2942 2947
f 2914 2948 2574
f 2949 2532 2894
f 2950 2951 2952
f 2490 238 2506
f 2953 2954 2955
f 2931 2956 2932
f 2957 2958 2959
f 2960 2961 2962
f 2963 2708 2964
f 2965 2966 2967
f 2954 2968 2969
f 2970 2821 2971
f 2972 2568 2567
f 2489 2500 2524
f 2527 2660 2774
f 2973 2470 2974
f 2975 2976 2977
f 2916 2915 2753
f 2978 2979 2980
f 2981 2930 2982
f 2942 2941 2983
f 2984 2526 2949
f 2985 727 2986
f 2987 2988 2989
f 2989 2988 2990
f 2991 2992 2993
f 2777 2705 2778
f 2920 2994 2995
f 2987 2959 2958
f 2995 2996 2920
f 2991 2997 2992
f 2994 2998 2995
f 2999 3000 3001
f 3002 3001 3003
f 417 3004 2952
f 3005 2873 3006
f 3007 2956 3008
f 2567 2561 2972
f 2992 2997 2924
f 3009 2495 2968
f 3010 3011 2568
f 3012 3003 3013
f 3014 3015 3016
f 3017 2925 2703
f 3018 2775 3019
f 2828 3020 2971
f 3021 3022 2984
f 2951 3023 2952
f 2985 3024 726
f 3025 3018 3026
f 2506 238 2683
f 2840 3027 2906
f 3028 3029 3030
f 876 3031 3032
f 3033 3034 3035
f 3036 3037 3038
f 3039 3040 3041
f 3042 3043 3021
f 3037 3044 3045
f 2956 3007 2932
f 3046 3047 2946
f 3048 2713 2480
f 3002 3049 3050
f 3051 3052 3053
f 3054 3055 3006
f 3056 2972 3057
f 3058 2922 2997
f 2993 3053 2935
f 3059 3060 2928
f 2902 2677 2898
f 2928 3061 2983
f 3006 2779 3054
f 3062 3063 2938
f 2984 3064 2526
f 3065 3066 2987
f 3067 726 3024
f 3037 3036 3068
f 3069 3070 3071
f 3072 3038 3045
f 3073 3074 3075
f 3060 3024 2929
f 3076 3077 3025
f 2617 2593 2908
f 3012 3013 2783
f 2866 2890 2811
f 2814 2793 3078
f 3079 3030 3029
f 2500 2504 327
f 3080 2998 2994
f 2943 3081 3082
f 3083 2988 3084
f 2979 2978 3085
f 2487 2486 2953
f 3086 2655 2882
f 3087 3046 3088
f 2957 3089 2958
f 2909 3040 3090
f 3091 2814 3092
f 3005 3093 3094
f 2983 3061 3095
f 3068 3096 3097
f 3098 2997 2915
f 2473 2480 2504
f 2941 3059 2983
f 2989 3097 3065
f 3099 2523 2522
f 3077 3076 2994
f 3100 3101 3102
f 3103 3091 3092
f 3060 3067 3024
f 2994 3104 3105
f 3106 3076 3026
f 3089 3084 2958
f 2515 2813 2516
f 2561 3107 3057
f 2937 3034 3088
f 2925 2926 2937
f 3007 3108 2932
f 3109 3110 3062
f 3111 2957 2959
f 3102 3101 2938
f 3060 3059 3112
f 3053 3113 2935
f 3103 2902 2901
f 3114 3115 3116
f 3117 2968 3050
f 3118 2948 3119
f 3088 3015 3087
f 3015 3014 3087
f 2809 2858 2863
f 2814 3078 3092
f 2890 2905 2901
f 2992 2923 3051
f 2933 2957 3111
f 2835 3020 2827
f 2496 2554 2555
f 2910 2909 3090
f 2731 2668 2740
f 2691 2475 2645
f 2894 2532 2518
f 3120 3121 3122
f 2953 2955 3069
f 2962 3098 3109
f 2896 2902 3092
f 2532 2949 2526
f 2675 2819 2877
f 2933 3111 2940
f 2638 2637 2683
f 3035 2980 2979
f 360 3116 3123
f 2751 2668 2667
f 3003 3012 3113
f 2783 2936 2939
f 3124 2906 3027
f 2492 2566 2556
f 2963 2947 2982
f 3125 3126 3127
f 2571 2579 2577
f 2613 2907 2549
f 2927 2975 3128
f 2938 3063 2816
f 2796 2693 2773
f 3065 3129 3066
f 2783 2814 2936
f 2731 2614 2668
f 2576 2341 2444
f 2735 2624 2856
f 2932 3130 3032
f 2819 770 2643
f 3131 3132 3016
f 2938 2937 3102
f 3032 2933 2932
f 3047 3132 3075
f 2650 2550 2618
f 2720 2725 2718
f 2963 2982 2725
f 3094 3133 3106
f 2856 2778 2849
f 3134 2923 3135
f 2708 2656 2964
f 2958 3084 2988
f 2588 2822 2492
f 2748 2817 2752
f 3032 3130 949
f 2656 2708 2707
f 3136 3079 3114
f 2895 3078 2793
f 3131 3016 3137
f 3006 2873 2777
f 3138 2861 3139
f 2719 2718 2613
f 2555 2516 3140
f 2821 2970 2826
f 3137 3141 3131
f 3080 2977 2998
f 2792 2793 2814
f 360 359 3116
f 2924 2923 2992
f 3121 3095 3122
f 3142 2964 2656
f 3049 3052 3143
f 1474 1621 2700
f 2444 2570 2576
f 3031 876 831
f 3122 3095 3061
f 3144 3075 3074
f 3083 2990 2988
f 2947 2942 3145
f 2951 3048 3146
f 3073 3132 3131
f 2894 3042 2949
f 3146 2472 3147
f 3142 2656 2568
f 3142 2947 2964
f 3089 3032 3031
f 2345 2369 2860
f 2492 2556 2365
f 3128 3061 2927
f 2474 2473 2505
f 3044 2523 3045
f 2599 2777 2873
f 3058 3098 2962
f 876 3032 949
f 2706 2871 2704
f 2285 2664 2663
f 2981 3148 3121
f 2520 2477 2536
f 2927 3061 2928
f 2993 2935 2934
f 2408 2492 2375
f 3143 3149 3117
f 3100 3102 3088
f 2689 2285 2663
f 3028 3030 3136
f 2665 2701 2651
f 3108 3007 3008
f 2975 2927 2929
f 3150 2516 2813
f 3089 2957 2933
f 2860 2369 2871
f 2567 2560 2559
f 2978 2826 2970
f 2837 2627 2626
f 3062 2938 3101
f 2686 2694 2687
f 2919 3022 2965
f 2583 2615 2699
f 2914 2574 2507
f 2859 2848 2906
f 3078 2895 2884
f 2656 2569 2568
f 3105 3128 2975
f 3000 3151 3003
f 3133 3094 3120
f 2979 3152 3033
f 2756 1446 2700
f 3120 3153 3133
f 2979 3033 3035
f 3093 3006 3055
f 2728 2662 2661
f 2913 2509 2496
f 2611 2629 2612
f 2906 3124 2893
f 2868 2866 2883
f 3000 3150 3151
f 3058 3071 2922
f 3128 3105 3104
f 2933 3032 3089
f 2912 2915 3154
f 2492 2822 2566
f 2470 3123 3115
f 2988 2987 2958
f 2901 2905 3103
f 3103 3124 3155
f 2579 2582 2611
f 3156 3157 2945
f 2997 3154 2915
f 2512 2583 2699
f 2989 3065 2987
f 3071 2944 3069
f 3059 3158 3112
f 3031 3084 3089
f 2680 2860 2706
f 2965 3025 2919
f 2839 2743 2745
f 2826 2917 2836
f 3159 2968 3160
f 2727 2770 2769
f 3083 3084 3031
f 3096 3065 3097
f 3096 3129 3065
f 3040 3068 3041
f 2835 3137 3020
f 2658 2660 2862
f 3083 3031 2904
f 2904 3031 831
f 3096 3099 3129
f 2673 2502 2669
f 2887 2875 2900
f 727 324 2986
f 3019 2763 3161
f 2993 2934 2991
f 2990 3097 2989
f 3096 3068 3036
f 3160 2495 2658
f 2922 3070 2923
f 2904 831 3162
f 3163 3164 3057
f 3099 3096 3072
f 3068 3097 3041
f 3097 2990 3041
f 3052 2923 3134
f 3096 3036 3072
f 3145 3148 2981
f 3018 2966 3137
f 2817 3063 3110
f 2535 2534 2703
f 3047 3075 2946
f 2471 3083 2904
f 2856 2849 2735
f 3136 3030 3079
f 3072 3045 3099
f 3052 3149 3143
f 3083 2471 2990
f 3040 3037 3068
f 3036 3038 3072
f 2973 3041 2990
f 2345 2860 2346
f 2523 3099 3045
f 3045 3038 3037
f 2369 2704 2871
f 2574 2948 2861
f 2778 2705 2849
f 2973 2990 2471
f 3019 2600 2763
f 2971 2821 2830
f 3041 2973 3039
f 3040 2909 3037
f 2523 3044 2544
f 3040 3039 3090
f 2543 2707 2220
f 2909 3044 3037
f 2724 2613 2718
f 2973 2974 3039
f 3079 3115 3114
f 3124 2905 2893
f 3044 2909 2544
f 3090 3039 2910
f 2640 2877 2643
f 3101 3165 3062
f 2750 2834 2776
f 2547 2544 2909
f 3085 2978 2970
f 3094 3093 3166
f 2826 2978 2917
f 2910 3039 3167
f 3167 3039 3168
f 3168 3039 2974
f 3124 3103 2905
f 360 3123 420
f 2910 2630 2908
f 3169 2915 2752
f 2909 2908 2547
f 3170 3167 3168
f 2501 2503 2900
f 3061 3104 3153
f 2617 2908 2630
f 2593 2547 2908
f 3123 2470 420
f 3107 2910 3167
f 2973 2471 2470
f 2610 2681 2608
f 3025 2965 2967
f 2527 2529 2573
f 1011 2850 2867
f 2470 3115 2974
f 2470 2469 420
f 3003 3113 3053
f 984 813 2850
f 2589 2630 2910
f 3050 3138 3002
f 3107 2589 2910
f 2433 2366 2571
f 2346 2860 2679
f 2481 2918 3017
f 2786 2787 2783
f 3167 3170 3163
f 984 2850 1011
f 2955 3135 3070
f 3168 2974 3170
f 2486 2488 2464
f 3086 2487 3074
f 3171 2945 2944
f 3107 3167 3163
f 2502 2877 2503
f 2903 2469 2471
f 3170 2974 3079
f 2974 3115 3079
f 2465 2655 2531
f 629 2903 3162
f 2783 3013 2813
f 3150 3140 2516
f 2925 2937 2702
f 2555 2913 2496
f 2998 2977 3023
f 3079 3029 3170
f 3035 3034 2937
f 3145 2942 3148
f 2561 2589 3107
f 3163 3057 3107
f 3092 2902 3103
f 3163 3170 3029
f 2981 3055 3054
f 3123 3116 3115
f 2813 3013 3151
f 3164 3163 3029
f 2972 2561 3057
f 2879 1309 1303
f 3117 3050 3143
f 2884 2896 3092
f 3029 3028 3164
f 2884 2678 2896
f 3057 3164 3056
f 2783 2787 2814
f 2914 2913 2555
f 2922 2924 2997
f 3136 3114 3112
f 3056 3164 3028
f 3136 3158 3028
f 3091 3103 3155
f 2683 237 2638
f 3158 3136 3112
f 2936 2814 3091
f 2934 3154 2991
f 3056 3028 3172
f 2939 3012 2783
f 3158 3172 3028
f 3112 3114 726
f 3116 726 3114
f 327 748 2500
f 2555 3140 2999
f 2659 2767 2774
f 2999 2914 2555
f 3010 3056 3172
f 3056 2568 2972
f 3172 3158 2941
f 3155 3124 3126
f 2858 2838 1294
f 3047 3014 3132
f 726 3067 3112
f 726 3116 359
f 2914 2507 2509
f 3150 3000 2999
f 3010 3172 3082
f 2848 2840 2906
f 3119 2914 2999
f 3158 3059 2941
f 2944 3071 3171
f 2469 2903 629
f 3086 3042 2655
f 3141 3043 3131
f 2568 3056 3010
f 3172 2941 3082
f 2999 3140 3150
f 3011 3010 3082
f 3126 3027 3127
f 3027 2840 3127
f 355 328 2713
f 3091 3155 2936
f 3060 3112 3067
f 2146 2216 2543
f 2509 2715 2496
f 3003 3001 3000
f 2983 3059 2928
f 3162 2903 2904
f 2568 3011 3081
f 2941 2943 3082
f 3087 3047 3046
f 3081 3011 3082
f 3014 3047 3087
f 3024 2985 2976
f 726 727 2985
f 2971 2830 2828
f 2754 2510 2607
f 2928 3060 2929
f 3119 2948 2914
f 3081 3142 2568
f 3075 3144 2946
f 2929 3024 2976
f 3081 2947 3142
f 3148 2942 2983
f 3110 2752 2817
f 3162 497 629
f 2944 3144 3069
f 2976 2985 2977
f 3110 3063 3062
f 3012 2939 3113
f 2911 3127 2840
f 2935 3113 2939
f 2947 3081 2943
f 2859 2847 2841
f 2983 3095 3148
f 3052 3003 3053
f 2879 1022 1016
f 3147 2921 2920
f 3173 2985 2986
f 2285 2017 2016
f 498 3162 831
f 2976 2975 2929
f 2986 2952 3173
f 2923 3070 3135
f 2600 3019 2775
f 2683 2682 2506
f 2550 2619 2618
f 3121 3148 3095
f 2478 2585 2563
f 2577 2572 2571
f 2597 2575 2576
f 3173 2952 3023
f 2599 2598 2705
f 2975 2977 3105
f 1303 1022 2879
f 2952 2986 417
f 2842 2841 2847
f 2963 2964 2947
f 2797 2819 2675
f 2890 2853 2888
f 2982 2947 3145
f 3173 3023 2985
f 2518 2531 2894
f 2977 2985 3023
f 2977 3080 3105
f 237 2477 2672
f 2963 2725 2708
f 3122 3061 3153
f 2982 3145 2981
f 2718 2725 2724
f 2840 2688 2911
f 2857 2606 189
f 497 3162 498
f 2569 2543 2654
f 3156 3100 3157
f 2880 2881 2887
f 3009 2954 2953
f 2708 2725 2720
f 3120 3122 3153
f 2952 3004 2713
f 1310 2876 1296
f 3023 2951 2998
f 2934 3155 3126
f 3080 2994 3105
f 2861 2948 3139
f 3004 417 403
f 3104 3061 3128
f 3109 3098 3169
f 2762 2891 2468
f 2981 3121 3055
f 3055 3121 3120
f 2278 2664 2285
f 3144 2944 2946
f 3100 3046 3157
f 2950 2952 2713
f 3004 403 355
f 3119 2999 3001
f 2484 2496 2498
f 3144 3074 2953
f 2640 2595 2503
f 2725 2982 2930
f 2911 2688 2753
f 3018 2967 2966
f 3058 3171 3071
f 3054 2930 2981
f 3055 3120 3166
f 3104 3133 3153
f 3127 2911 3125
f 3118 3119 3001
f 2911 2912 3125
f 2951 2950 3048
f 1527 688 2537
f 3125 3154 3126
f 2998 2951 2996
f 2995 2998 2996
f 355 2713 3004
f 3166 3093 3055
f 2647 198 197
f 2713 3048 2950
f 2889 1527 2632
f 3146 2996 2951
f 2994 3133 3104
f 1016 1311 2879
f 2587 2346 2679
f 3054 2723 2930
f 3120 3094 3166
f 2948 3118 3139
f 2949 3021 2984
f 1321 1316 2810
f 2647 200 198
f 2524 2500 748
f 3002 3118 3001
f 3133 2994 3076
f 2920 3077 2994
f 2813 3151 3150
f 237 2672 2638
f 1544 2477 237
f 3094 3106 3005
f 3049 3002 3003
f 3147 2920 2996
f 2980 2926 2917
f 3077 2920 2919
f 2907 2723 2779
f 2477 1544 2889
f 2724 2723 2907
f 3054 2779 2723
f 2758 2842 2760
f 3093 3005 3006
f 3076 3106 3133
f 2552 2551 2603
f 964 179 2510
f 2593 2681 2546
f 3005 3106 3161
f 3106 3026 3161
f 2704 2735 2849
f 2473 3048 2480
f 3146 3048 2473
f 3147 2996 3146
f 3053 2993 3051
f 2689 2756 2700
f 3126 3154 2934
f 2855 2907 2779
f 238 237 2683
f 2666 2569 2654
f 2980 2937 2926
f 2763 3005 3161
f 2473 2472 3146
f 3077 2919 3025
f 3022 2919 2921
f 420 2469 629
f 3006 2777 2779
f 1544 1527 2889
f 2590 2592 2885
f 2465 2464 2488
f 2873 3005 2763
f 3026 3076 3025
f 3147 3064 2921
f 324 417 2986
f 2505 2657 2456
f 815 2846 813
f 2921 3064 3022
f 2918 2917 2926
f 3064 3147 2472
f 3064 2984 3022
f 3026 3019 3161
f 2884 3092 3078
f 3064 2472 2526
f 3124 3027 3126
f 3025 2967 3018
f 3019 3026 3018
f 2875 2501 2900
f 3169 2752 3110
f 3022 3043 2965
f 3022 3021 3043
f 3118 3002 3139
f 2768 2767 2659
f 3144 2953 3069
f 188 346 2461
f 782 2594 783
f 2966 2965 3141
f 3141 2965 3043
f 3138 3139 3002
f 238 2490 2489
f 3018 2771 2775
f 2835 2771 3018
f 3131 3043 3174
f 3043 3042 3174
f 2966 3141 3137
f 2918 2481 2836
f 3137 2835 3018
f 3073 3131 3174
f 2808 2807 2897
f 3174 3042 3086
f 2949 3042 3021
f 3086 3073 3174
f 2504 2480 327
f 3016 3020 3137
f 3132 3073 3075
f 3042 2894 2655
f 3015 3020 3016
f 3016 3132 3014
f 2887 2900 2880
f 3015 3152 3020
f 3073 3086 3074
f 2882 2487 3086
f 2681 2610 2641
f 3020 2828 2827
f 2993 2992 3051
f 2514 2516 2553
f 3085 3020 3152
f 2487 2953 3074
f 3020 3085 2971
f 3085 3152 2979
f 2923 3052 3051
f 3015 3033 3152
f 2632 2631 2889
f 3034 3033 3015
f 2946 3157 3046
f 2945 3157 2946
f 2970 2971 3085
f 3015 3088 3034
f 3098 2915 3169
f 3049 3143 3050
f 2486 3009 2953
f 3046 3100 3088
f 3171 3156 2945
f 2937 2980 3035
f 3088 3102 2937
f 3165 3156 3171
f 3165 3171 2960
f 293 2524 748
f 3070 3069 2955
f 3156 3101 3100
f 2753 2752 2916
f 3071 3070 2922
f 3101 3156 3165
f 2346 2492 2408
f 2636 2635 2754
f 2486 2495 3009
f 3009 2968 2954
f 3135 2955 2954
f 2892 2893 2905
f 2917 2978 2980
f 1311 1016 1011
f 2654 2216 2552
f 2936 3155 2934
f 2594 2900 2595
f 2960 3171 2961
f 2494 809 807
f 2836 2820 2826
f 3171 3058 2961
f 3135 2954 2969
f 2962 2961 3058
f 2705 2598 2706
f 2855 2549 2907
f 2495 3160 2968
f 3151 3013 3003
f 2559 2561 2567
f 2969 3134 3135
f 3165 2960 3109
f 2549 2855 2851
f 3109 2960 2962
f 2467 2682 2637
f 3165 3109 3062
f 2968 3117 2969
f 2969 3149 3134
f 2918 2925 3017
f 2938 2816 2702
f 2702 2703 2925
f 3098 3058 2997
f 3138 3160 2861
f 3050 2968 3159
f 3049 3003 3052
f 3149 2969 3117
f 3154 2997 2991
f 3063 2817 2816
f 3159 3160 3138
f 3159 3138 3050
f 3149 3052 3134
f 3017 2703 2481
f 3154 3125 2912
f 3109 3169 3110
f 2794 2720 2719
f 2658 2861 3160
f 3175 3176 3177
f 3178 3179 3180
f 3181 3182 3183
f 2348 2347 3184
f 3185 3186 3187
f 3188 3189 3190
f 3186 3191 3187
f 3192 3193 3194
f 3195 3196 3197
f 3184 2347 3198
f 3183 3199 2348
f 3200 3201 3190
f 3202 3203 3204
f 3205 3184 3206
f 3181 3207 3182
f 3208 2163 3209
f 3192 3194 3210
f 3207 3181 3205
f 3211 3187 3212
f 3213 3214 3215
f 3202 3207 3203
f 3180 3216 3178
f 3217 3218 3219
f 3220 3221 3218
f 3220 3218 3217
f 3194 3222 3210
f 3207 3205 3223
f 3205 3176 3223
f 3224 3225 3226
f 3206 3198 3227
f 3228 3229 3230
f 3231 2987 3066
f 3232 3233 3234
f 3235 3203 3207
f 3236 3237 3238
f 3239 3201 3240
f 3241 3242 3200
f 3243 3196 2420
f 3244 3208 3245
f 3246 3247 3248
f 3249 3215 3250
f 3251 2160 3244
f 3226 3252 3253
f 3222 3212 3210
f 3254 3204 3255
f 3256 3257 3211
f 3258 3259 3260
f 3261 3241 3262
f 3235 3255 3204
f 3263 3264 3265
f 3266 3267 3268
f 3238 3269 3236
f 3270 3271 3272
f 3254 3273 3274
f 3275 3276 3219
f 3277 3278 3279
f 3277 3279 3280
f 3206 3281 3176
f 3230 3282 3249
f 3283 3197 3284
f 3235 3223 3285
f 3264 3269 3286
f 3206 3244 3281
f 3248 3225 3246
f 3287 3288 3239
f 3289 3290 3291
f 3292 3262 3293
f 2163 2165 3294
f 2642 3295 3296
f 3297 3298 3299
f 3300 3301 3302
f 3303 3304 3305
f 3212 3222 3306
f 3307 3252 3226
f 3184 3183 2348
f 3308 3309 3310
f 3178 3311 3312
f 3111 2959 3313
f 3272 3262 3292
f 3265 3314 3315
f 3316 3235 3285
f 3317 3318 3319
f 3285 3320 3321
f 3322 3209 3294
f 3270 3267 3323
f 3294 2165 3324
f 3299 3298 3255
f 3325 3326 3327
f 3298 3254 3255
f 3328 3288 2940
f 3298 3273 3254
f 3321 3316 3285
f 3222 3329 3330
f 3320 3224 3321
f 2451 3331 2413
f 3281 3332 3177
f 3333 3334 3335
f 3333 3335 3336
f 3209 3337 3208
f 3324 3322 3294
f 3338 3339 3340
f 3341 3328 3342
f 3215 3214 3250
f 3343 3344 3345
f 3346 3347 3316
f 3266 3348 3267
f 3349 3273 3298
f 3332 3281 3350
f 3244 3245 3281
f 3245 3208 3337
f 3351 3252 3352
f 3290 3289 3353
f 3322 3337 3209
f 3255 3354 3299
f 3355 3316 3321
f 3224 3175 3246
f 3356 3357 3358
f 3359 3360 3361
f 3218 3362 3252
f 3337 3322 3363
f 3197 3364 3195
f 2258 3324 2165
f 3326 3325 3365
f 3233 3346 3234
f 3177 3332 3366
f 3331 2451 3367
f 3368 3369 3370
f 3368 3370 3371
f 3332 3350 3364
f 3372 3305 3304
f 3217 3219 3276
f 3242 3373 3314
f 3363 3350 3337
f 3324 2258 3374
f 3328 3375 3288
f 3376 3377 3365
f 3376 3365 3378
f 3250 3360 3359
f 3233 3232 3354
f 3379 3321 3224
f 3332 3247 3366
f 3380 3330 3329
f 3381 3382 3360
f 3312 3365 3377
f 3231 3342 2959
f 3232 3297 3299
f 3245 3350 3281
f 3364 3322 3195
f 3374 3195 3324
f 3216 3234 3311
f 3311 3355 3379
f 3383 3357 3384
f 3342 3313 2959
f 3385 3386 3308
f 3387 3332 3364
f 3316 3234 3346
f 3350 3322 3364
f 3180 3382 3381
f 3239 3388 3287
f 3188 3190 3201
f 3314 3319 3389
f 3216 3232 3234
f 3390 3295 2642
f 3381 3214 3297
f 3314 3265 3391
f 3229 3392 3393
f 3229 3393 3394
f 3395 3008 2956
f 3238 3396 3397
f 3190 3262 3241
f 3191 3192 3210
f 3398 3353 3289
f 3398 3289 3399
f 3307 3226 3225
f 3314 3400 3242
f 3182 3199 3183
f 3401 3402 3387
f 3401 3387 3283
f 3268 3292 3293
f 2642 2684 3390
f 3196 3195 3403
f 3381 3232 3180
f 3178 3216 3311
f 3312 3311 3326
f 3404 2361 2360
f 3389 3319 3318
f 3326 3311 3405
f 3211 3257 3258
f 3277 3280 3406
f 3405 3253 3252
f 3181 3183 3184
f 3407 3242 3400
f 3408 3348 3330
f 3385 3243 3386
f 3401 3247 3402
f 3247 3401 3248
f 3195 3322 3324
f 3409 3179 3410
f 3196 3403 2453
f 3251 3227 3198
f 3219 3307 3248
f 3411 3243 3385
f 2160 3208 3244
f 3412 3362 3218
f 3412 3218 3221
f 3410 3179 3178
f 3410 3178 3413
f 3401 3385 3219
f 3291 3358 3282
f 2420 3196 2343
f 3414 3286 3279
f 3180 3415 3382
f 3301 3282 3416
f 3271 3416 3383
f 3292 3268 3267
f 3269 3264 3263
f 3302 3267 3348
f 3417 3413 3178
f 3417 3178 3340
f 3418 3325 3351
f 3312 3340 3178
f 3252 3351 3327
f 3419 3302 3301
f 3420 3349 3213
f 3421 3258 3257
f 3291 3290 3358
f 3290 3353 3422
f 3288 3287 2940
f 3229 3228 3423
f 3424 3425 3407
f 3356 3358 3290
f 3377 3340 3312
f 3231 3341 3342
f 3426 3427 3428
f 3347 3255 3235
f 3429 3430 3378
f 3429 3378 3365
f 3388 3395 2956
f 3431 3229 3394
f 3210 3212 3191
f 3243 3432 3386
f 2420 3432 3243
f 3344 3414 3345
f 3382 3415 3433
f 3190 3241 3200
f 3291 3431 3289
f 3360 3433 3361
f 3111 3313 2940
f 3434 3415 3179
f 3434 3179 3409
f 3269 3263 3384
f 3431 3230 3229
f 3349 3329 3273
f 3256 3211 3306
f 3287 3388 2931
f 3435 3430 3429
f 3300 3215 3249
f 3186 3295 3305
f 3401 3219 3248
f 3396 3436 3406
f 3396 3406 3280
f 3302 3408 3380
f 3437 3438 3394
f 3253 3379 3224
f 3386 3432 3308
f 3432 2420 2419
f 3228 3359 3439
f 3429 3325 3418
f 3424 3400 3440
f 2419 3308 3432
f 3335 3423 3439
f 3441 3435 3429
f 3441 3429 3418
f 3345 3414 3442
f 3362 3412 3443
f 3362 3443 3352
f 3275 3444 3276
f 3275 3308 3310
f 3445 3446 3276
f 3445 3276 3444
f 3447 3369 3433
f 3346 3233 3255
f 3448 3336 3439
f 3333 3336 3449
f 3428 3427 3447
f 3428 3447 3450
f 3451 3441 3418
f 3452 3453 3352
f 3257 3256 3454
f 3444 3275 3310
f 2421 3455 3456
f 2421 3456 2419
f 3457 2419 3456
f 3427 3369 3447
f 3184 3205 3181
f 3317 3319 3458
f 3353 3398 3459
f 3353 3459 3422
f 3460 3229 3423
f 3336 3448 3369
f 3439 3336 3335
f 3241 3261 3242
f 3407 3400 3424
f 3461 3276 3462
f 3463 3217 3464
f 3462 3276 3446
f 3465 3466 3310
f 3465 3310 3309
f 3227 3251 3244
f 3252 3307 3218
f 3467 3309 3468
f 3421 3341 3259
f 3469 3455 2421
f 3470 3471 3472
f 3304 3473 3474
f 3427 3426 3371
f 3427 3371 3370
f 3240 3201 3200
f 3467 3465 3309
f 3348 3475 3330
f 3250 3214 3360
f 3280 3279 3397
f 3287 2931 2940
f 3274 3194 3254
f 3404 3476 2361
f 3219 3218 3307
f 3314 3391 3319
f 3206 3184 3198
f 3421 3257 3341
f 3477 3478 3263
f 3479 3335 3334
f 3214 3213 3349
f 3480 3481 3396
f 3189 3188 3257
f 3302 3348 3408
f 3270 3292 3267
f 3269 3356 3290
f 3359 3249 3250
f 3200 3242 3407
f 3323 3419 3270
f 3330 3306 3222
f 3391 3458 3319
f 3323 3302 3419
f 3382 3433 3360
f 3237 3482 3480
f 3237 3480 3396
f 3272 3271 3383
f 3347 3235 3316
f 3396 3280 3397
f 3193 3483 3194
f 3187 3211 3258
f 3189 3293 3190
f 3392 3229 3460
f 3392 3460 3484
f 3342 3328 3313
f 3389 3440 3400
f 3191 3212 3187
f 3485 3335 3479
f 3263 3478 3384
f 3260 3129 3486
f 3264 3458 3265
f 3289 3431 3394
f 3486 2522 3487
f 3368 3449 3336
f 3368 3336 3369
f 3407 3425 3240
f 3279 3286 3397
f 3176 3175 3320
f 3488 3436 3396
f 3375 3201 3288
f 3489 3482 3237
f 3489 3237 3422
f 3475 3348 3454
f 3490 3491 3442
f 3490 3442 3279
f 3314 3389 3400
f 3203 3235 3204
f 3261 3492 3315
f 3399 3289 3493
f 3265 3458 3391
f 3471 3424 3472
f 3315 3373 3261
f 3257 3188 3375
f 3327 3351 3325
f 3478 3383 3384
f 3269 3384 3356
f 3474 3473 3494
f 3492 3261 3262
f 3425 3471 3240
f 3477 3492 3272
f 3189 3257 3454
f 3495 3496 3458
f 3395 3240 3471
f 3463 3220 3217
f 3472 3424 3440
f 3310 3466 3445
f 3310 3445 3444
f 3381 3297 3232
f 3439 3423 3228
f 3352 3252 3362
f 2163 3294 3209
f 3176 3320 3285
f 3275 3385 3308
f 3251 3198 2347
f 3439 3359 3361
f 3193 3202 3483
f 3491 3497 3442
f 3223 3235 3207
f 3212 3306 3211
f 3403 2261 2453
f 3256 3306 3475
f 3474 3202 3193
f 3274 3329 3222
f 3239 3240 3388
f 3454 3266 3189
f 3272 3478 3477
f 2449 3498 2439
f 3380 3420 3300
f 3255 3233 3354
f 3452 3352 3443
f 3495 3343 3496
f 3258 3260 3185
f 3495 3264 3343
f 3190 3293 3262
f 3343 3264 3344
f 3256 3475 3454
f 3195 3499 3403
f 3193 3305 3372
f 3129 3099 3486
f 3486 3099 2522
f 3328 3341 3257
f 2709 2439 3498
f 3454 3348 3266
f 3292 3270 3272
f 3216 3180 3232
f 3337 3350 3245
f 3322 3350 3363
f 3379 3405 3311
f 3351 3352 3418
f 3238 3237 3396
f 3260 3066 3129
f 3437 3394 3393
f 3246 3175 3366
f 3316 3355 3234
f 3199 2452 2414
f 3267 3302 3323
f 3373 3242 3261
f 3487 3185 3260
f 3257 3375 3328
f 3478 3272 3383
f 3284 3196 3243
f 3423 3500 3501
f 3423 3501 3460
f 3237 3236 3422
f 3231 3259 3341
f 3358 3357 3416
f 3431 3291 3230
f 3380 3300 3302
f 3495 3458 3264
f 3231 2959 2987
f 3230 3291 3282
f 3066 3260 3259
f 3321 3379 3355
f 3380 3408 3330
f 3383 3416 3357
f 3326 3405 3327
f 3300 3213 3215
f 3206 3227 3244
f 3346 3255 3347
f 3364 3197 3283
f 3379 3253 3405
f 3416 3419 3301
f 2633 3296 2521
f 3453 3451 3418
f 3453 3418 3352
f 3248 3307 3225
f 3230 3249 3228
f 3448 3361 3433
f 3236 3269 3290
f 3471 3470 3502
f 3301 3300 3282
f 3448 3433 3369
f 3281 3177 3176
f 3420 3380 3329
f 3385 3401 3411
f 3499 3374 2258
f 3490 3279 3278
f 3503 3338 3340
f 3290 3422 3236
f 3300 3249 3282
f 3201 3239 3288
f 3488 3396 3481
f 3303 2684 2709
f 3196 3284 3197
f 3499 3195 3374
f 3204 3254 3194
f 3207 3202 3182
f 3424 3471 3425
f 3487 3295 3186
f 2684 3303 3390
f 3498 3473 2709
f 3349 3420 3329
f 3279 3442 3414
f 3297 3214 3349
f 3303 2709 3473
f 2343 3196 2453
f 3414 3344 3286
f 3313 3328 2940
f 3448 3439 3361
f 3390 3303 3305
f 3187 3258 3185
f 3492 3477 3265
f 3359 3228 3249
f 3265 3315 3492
f 3357 3356 3384
f 3402 3332 3387
f 3263 3265 3477
f 3502 3008 3471
f 3397 3269 3238
f 3223 3176 3285
f 3498 2449 3473
f 3358 3416 3282
f 2160 3251 2347
f 3284 3243 3283
f 3225 3224 3246
f 3473 3304 3303
f 2449 3494 3473
f 3421 3259 3258
f 3331 2449 2413
f 3494 2449 3331
f 3253 3224 3226
f 3240 3395 3388
f 3394 3438 3493
f 3394 3493 3289
f 3264 3286 3344
f 3274 3222 3194
f 3476 3469 2421
f 3476 2421 2361
f 2956 2931 3388
f 3206 3176 3205
f 3459 3489 3422
f 3204 3194 3483
f 3415 3180 3179
f 3260 3486 3487
f 3419 3416 3271
f 3234 3355 3311
f 3283 3411 3401
f 3360 3214 3381
f 3240 3200 3407
f 3349 3298 3297
f 3271 3270 3419
f 3475 3306 3330
f 2633 2642 3296
f 3457 3468 3309
f 3457 3309 2419
f 3367 3494 3331
f 3273 3329 3274
f 3499 2258 2262
f 3199 2451 2452
f 3325 3429 3365
f 3447 3433 3415
f 3299 3354 3232
f 3370 3369 3427
f 2262 2250 2241
f 3372 3304 3474
f 2261 3403 2262
f 3390 3305 3295
f 3300 3420 3213
f 3483 3202 3204
f 3269 3397 3286
f 3295 3487 3296
f 3193 3372 3474
f 3188 3201 3375
f 3367 2451 3199
f 3484 3460 3501
f 3247 3246 3366
f 3450 3447 3415
f 3450 3415 3434
f 2414 2348 3199
f 3474 3494 3367
f 2522 2521 3296
f 3312 3326 3365
f 3296 3487 2522
f 3309 3308 2419
f 3503 3340 3377
f 3503 3377 3376
f 3387 3364 3283
f 3252 3327 3405
f 2262 3403 3499
f 3266 3268 3189
f 3199 3182 3367
f 3231 3066 3259
f 3268 3293 3189
f 3272 3492 3262
f 3283 3243 3411
f 3485 3500 3423
f 3485 3423 3335
f 2250 2262 2258
f 3186 3305 3191
f 3474 3367 3182
f 3464 3217 3276
f 3464 3276 3461
f 3332 3402 3247
f 3193 3192 3305
f 3275 3219 3385
f 3314 3373 3315
f 3192 3191 3305
f 3175 3177 3366
f 3474 3182 3202
f 3395 3471 3008
f 3224 3320 3175
f 3487 3186 3185
f 3417 3340 3339
f 2163 3208 2160
f 3504 3505 3506
f 3507 3508 3509
f 3510 1103 895
f 274 3511 492
f 3512 3513 3514
f 1339 3130 2932
f 3515 3516 3509
f 3517 3518 3519
f 3496 3520 3521
f 3345 3442 3522
f 3522 3523 3345
f 3524 3525 3526
f 1420 648 3527
f 3513 3528 3529
f 3509 3508 3530
f 3531 289 3532
f 3345 3523 3343
f 3518 3533 3534
f 3535 3536 3525
f 3537 3538 3506
f 3509 3516 3507
f 3539 3536 3504
f 3539 3504 3540
f 3530 3508 661
f 3442 3541 3542
f 3442 3542 3522
f 3521 3520 3543
f 3506 3538 3540
f 3506 3540 3504
f 3521 3543 3535
f 3317 3544 3545
f 3546 3470 3547
f 3529 3519 3521
f 3515 3509 3548
f 1420 3527 3549
f 3108 1339 2932
f 3108 3008 1048
f 3513 3535 3514
f 3550 3517 3528
f 1048 3546 1290
f 3527 648 521
f 3502 1048 3008
f 3521 3551 3496
f 289 3531 1430
f 3539 3526 3525
f 3539 3525 3536
f 3512 3549 3527
f 3552 1420 3553
f 3524 3554 3525
f 3389 3318 3533
f 3529 3528 3517
f 3440 3389 3516
f 3343 3523 3520
f 3470 3546 3502
f 3555 3556 3532
f 3556 3533 3518
f 492 3511 3530
f 3552 3557 895
f 3552 895 1420
f 3531 3528 520
f 3525 3554 3558
f 3525 3558 3559
f 3440 3516 3515
f 3555 291 661
f 3543 3520 3523
f 3560 3505 3522
f 3560 3522 3542
f 3496 3343 3520
f 3507 3561 3556
f 3548 3472 3515
f 3562 3545 3544
f 3555 3532 289
f 3547 3548 3511
f 3504 3536 3535
f 3108 1048 1339
f 3519 3562 3521
f 3547 1290 3546
f 3523 3505 3543
f 3497 3541 3442
f 3518 3534 3562
f 3530 661 492
f 3563 3564 3512
f 3563 3512 3559
f 3130 1339 949
f 3544 3317 3458
f 3458 3496 3544
f 3555 3507 3556
f 3521 3562 3551
f 3505 3504 3543
f 3551 3562 3544
f 661 3508 3555
f 3560 3537 3506
f 3560 3506 3505
f 3528 3512 3527
f 3512 3514 3559
f 3544 3496 3551
f 3318 3534 3533
f 3553 1420 3549
f 3553 3549 3565
f 3517 3556 3518
f 3566 274 1290
f 3470 3472 3547
f 3521 3513 3529
f 3550 3528 3531
f 3567 3563 3559
f 3533 3516 3389
f 3508 3507 3555
f 3512 3528 3513
f 3535 3513 3521
f 3517 3519 3529
f 3567 3559 3558
f 3534 3545 3562
f 3522 3505 3523
f 3533 3556 3561
f 3566 3511 274
f 3530 3548 3509
f 3510 895 3557
f 3531 3532 3550
f 3518 3562 3519
f 3556 3517 3532
f 3517 3550 3532
f 521 520 3527
f 3561 3516 3533
f 3561 3507 3516
f 3566 1290 3547
f 3472 3548 3547
f 3527 520 3528
f 1048 3502 3546
f 3514 3525 3559
f 3525 3514 3535
f 289 291 3555
f 3440 3515 3472
f 3547 3511 3566
f 3565 3549 3512
f 3565 3512 3564
f 3548 3530 3511
f 3318 3317 3534
f 3531 520 1430
f 3504 3535 3543
f 3317 3545 3534
f 3568 1092 616
f 3568 1084 1092
f 3568 1085 1084
f 3568 467 1085
f 3568 468 467
f 3568 570 468
f 3568 571 570
f 3568 593 571
f 3568 575 593
f 3568 573 575
f 3568 576 573
f 3568 577 576
f 3568 579 577
f 3568 595 579
f 3568 581 595
f 3568 582 581
f 3568 590 582
f 3568 596 590
f 3568 682 596
f 3568 592 682
f 3568 589 592
f 3568 586 589
f 3568 663 586
f 3568 976 663
f 3568 541 976
f 3568 11 541
f 3568 10 11
f 3568 8 10
f 3568 6 8
f 3568 4 6
f 3568 7 4
f 3568 717 7
f 3568 714 717
f 3568 1324 714
f 3568 1325 1324
f 3568 207 1325
f 3568 204 207
f 3568 1128 204
f 3568 724 1128
f 3568 723 724
f 3568 317 723
f 3568 318 317
f 3568 1100 318
f 3568 927 1100
f 3568 928 927
f 3568 1277 928
f 3568 2074 1277
f 3568 2157 2074
f 3568 2156 2157
f 3568 2092 2156
f 3568 2090 2092
f 3568 2168 2090
f 3568 2194 2168
f 3568 2193 2194
f 3568 2192 2193
f 3568 2191 2192
f 3568 2043 2191
f 3568 2044 2043
f 3568 2034 2044
f 3568 1923 2034
f 3568 1922 1923
f 3568 1988 1922
f 3568 1989 1988
f 3568 2189 1989
f 3568 2190 2189
f 3568 2184 2190
f 3568 2182 2184
f 3568 2360 2182
f 3568 3404 2360
f 3568 3476 3404
f 3568 3469 3476
f 3568 3455 3469
f 3568 3456 3455
f 3568 3457 3456
f 3568 3468 3457
f 3568 3467 3468
f 3568 3465 3467
f 3568 3466 3465
f 3568 3445 3466
f 3568 3446 3445
f 3568 3462 3446
f 3568 3461 3462
f 3568 3464 3461
f 3568 3463 3464
f 3568 3220 3463
f 3568 3221 3220
f 3568 3412 3221
f 3568 3443 3412
f 3568 3452 3443
f 3568 3453 3452
f 3568 3451 3453
f 3568 3441 3451
f 3568 3435 3441
f 3568 3430 3435
f 3568 3378 3430
f 3568 3376 3378
f 3568 3503 3376
f 3568 3338 3503
f 3568 3339 3338
f 3568 3417 3339
f 3568 3413 3417
f 3568 3410 3413
f 3568 3409 3410
f 3568 3434 3409
f 3568 3450 3434
f 3568 3428 3450
f 3568 3426 3428
f 3568 3371 3426
f 3568 3368 3371
f 3568 3449 3368
f 3568 3333 3449
f 3568 3334 3333
f 3568 3479 3334
f 3568 3485 3479
f 3568 3500 3485
f 3568 3501 3500
f 3568 3484 3501
f 3568 3392 3484
f 3568 3393 3392
f 3568 3437 3393
f 3568 3438 3437
f 3568 3493 3438
f 3568 3399 3493
f 3568 3398 3399
f 3568 3459 3398
f 3568 3489 3459
f 3568 3482 3489
f 3568 3480 3482
f 3568 3481 3480
f 3568 3488 3481
f 3568 3436 3488
f 3568 3406 3436
f 3568 3277 3406
f 3568 3278 3277
f 3568 3490 3278
f 3568 3491 3490
f 3568 3497 3491
f 3568 3541 3497
f 3568 3542 3541
f 3568 3560 3542
f 3568 3537 3560
f 3568 3538 3537
f 3568 3540 3538
f 3568 3539 3540
f 3568 3526 3539
f 3568 3524 3526
f 3568 3554 3524
f 3568 3558 3554
f 3568 3567 3558
f 3568 3563 3567
f 3568 3564 3563
f 3568 3565 3564
f 3568 3553 3565
f 3568 3552 3553
f 3568 3557 3552
f 3568 3510 3557
f 3568 1103 3510
f 3568 1104 1103
f 3568 1388 1104
f 3568 1382 1388
f 3568 1369 1382
f 3568 1368 1369
f 3568 615 1368
f 3568 616 615
