mtllib Rook_cleaned.mtl
o fine_x+2.25_z-1.50
usemtl 3DModel
v 0.031252975 -0.009746697 0.244083698
v 0.032551008 -0.008029909 0.243061123
v 0.033819617 -0.008831995 0.243851250
v -0.026623766 0.044302271 0.192870188
v -0.025829273 0.043972068 0.185932521
v -0.022164126 0.047423587 0.189508521
v -0.013395578 0.044159522 0.160458141
v -0.013973227 0.048519869 0.166553078
v -0.019706995 0.043418579 0.166205386
v -0.019582098 0.023113163 0.127088810
v -0.021818872 0.020733837 0.116587746
v -0.017557045 0.025379031 0.114603867
v 0.000565745 0.064636461 0.219676730
v -0.002999840 0.063050878 0.218086311
v 0.000126310 0.064229338 0.217276916
v -0.017720680 0.026145421 0.133659351
v -0.018349618 0.027386113 0.140162983
v -0.020843701 0.022919450 0.137861970
v -0.017168867 0.039035044 0.157927032
v -0.023192273 0.033417543 0.159442408
v -0.025759627 0.016126380 0.112595694
v -0.023908642 0.017130363 0.120551867
v -0.036476319 0.030914432 0.197157793
v -0.034826127 0.032609636 0.188162345
v -0.033433077 0.037214060 0.197443986
v -0.011249415 0.030417666 0.124624510
v -0.007952103 0.032371205 0.126667955
v -0.010449036 0.032148469 0.132095948
v -0.021750861 0.049789595 0.198817142
v -0.016798472 0.052704449 0.201817173
v -0.021574556 0.050785263 0.203899922
v -0.005354941 0.035468273 0.135151265
v -0.009356661 0.034229517 0.136911375
v -0.006812503 0.033717048 0.131087665
v -0.003398326 0.032649604 0.117358482
v -0.007273659 0.031878140 0.121618117
v -0.008353737 0.030837617 0.114621528
v -0.004626828 0.033262451 0.124431776
v -0.002289601 0.034675117 0.128917177
v -0.028398538 0.037646262 0.173256040
v -0.033275931 0.029713583 0.176591486
v -0.029270946 0.029932261 0.168076188
v 0.026211405 0.050456076 0.013099098
v 0.022081297 0.052532283 0.019069477
v 0.020598888 0.052250548 0.013751177
v -0.016930136 0.030491820 0.143821402
v -0.019138172 0.028142422 0.143869848
v -0.021363947 0.025801310 0.145936266
v -0.014280899 0.057987206 0.215066051
v -0.018737898 0.053801024 0.209834579
v -0.014790168 0.055583940 0.208423948
v -0.025602393 0.050072688 0.237159487
v -0.025887969 0.047357627 0.238158145
v -0.028345951 0.048001463 0.237224160
v -0.016857974 0.057443429 0.236231852
v -0.015105442 0.058071345 0.236423497
v -0.014478879 0.056451601 0.237220253
v -0.024354499 0.020391535 0.144162104
v -0.037347946 0.026951920 0.189371018
v -0.009470902 0.036971906 0.087257200
v -0.014963881 0.034910120 0.082904119
v -0.010990945 0.038414439 0.080311204
v -0.016571582 0.059255031 0.233900763
v -0.018440748 0.057740350 0.235194334
v -0.020393572 0.057090025 0.232813335
v -0.028596938 0.049205903 0.234512080
v -0.026586703 0.051078030 0.235861533
v -0.035401360 0.029296425 0.182881680
v -0.022986645 0.046933358 0.238686934
v -0.019880041 0.045506975 0.238814149
v -0.023776157 0.043471521 0.239016594
v -0.012865043 0.032453639 0.138519647
v -0.014531007 0.029474948 0.134370136
v -0.040623388 0.024141374 0.228152899
v -0.039174346 0.027895503 0.221910371
v -0.038900899 0.028711975 0.229721821
v -0.035194974 0.003945087 0.096068206
v -0.035803203 0.008278787 0.089817967
v -0.031789439 0.009512317 0.099440505
v -0.018302562 0.029703784 0.088194083
v -0.020749491 0.030249280 0.080702707
v -0.027629540 0.013505538 0.242964196
v -0.030108075 0.019918566 0.243738003
v -0.027625589 0.017431852 0.242112276
v -0.030495419 0.014000653 0.244145416
v -0.028354481 0.010020800 0.244187069
v -0.022731444 0.018510504 0.132722241
v -0.024413138 0.017729827 0.139255885
v -0.030259894 0.009235192 0.244728627
v -0.027745452 0.000792889 0.245937697
v -0.024756669 -0.005545992 0.246448454
v -0.027351207 -0.003482307 0.245868611
v -0.029450820 0.005635527 0.245160298
v -0.027602101 0.005418837 0.245090748
v -0.029510085 -0.000035333 0.245406769
v -0.029659611 -0.002042508 0.245510299
v -0.027681620 -0.005796206 0.245722005
v -0.030677322 0.002783389 0.245227232
v -0.031345737 0.006525171 0.244947629
v -0.032435568 0.017326345 0.244030892
v -0.025577702 -0.006942947 0.246168153
v -0.031725643 0.001817881 0.245199842
v -0.032608014 0.020447493 0.243778885
v -0.032953522 0.024759126 0.243520619
v -0.033220327 0.012590872 0.244237727
v -0.032524946 0.000226011 0.244721731
v -0.033748497 0.008736261 0.244280247
v -0.034728377 0.019182429 0.243527355
v -0.024794883 -0.009592648 0.246089846
v -0.035030768 0.011016540 0.243648336
v -0.041078016 0.022480758 0.232722543
v -0.041592593 0.020638317 0.227759191
v -0.027069945 -0.009072598 0.245023263
v -0.035353510 0.008237582 0.244110067
v -0.035331231 0.023362784 0.242969849
v -0.032984552 0.005344491 0.244483988
v -0.034322434 0.004231677 0.244434078
v -0.036373779 0.011616279 0.243541562
v -0.035810578 0.014204695 0.243367450
v -0.024647522 -0.012520805 0.244322056
v -0.031495019 -0.004307177 0.244464065
v -0.031762540 -0.002854273 0.244815877
v -0.029709130 -0.005783794 0.244831195
v -0.034295453 0.000037233 0.244302814
v -0.029060687 -0.008100528 0.243758005
v -0.031372513 -0.005673739 0.243572180
v -0.027356569 -0.010475511 0.243791036
v -0.035754821 0.004300990 0.244258658
v -0.034795990 0.002529381 0.244372069
v -0.033182281 -0.002855128 0.243705097
v -0.036978760 0.020511142 0.242423398
v -0.035716305 0.028297400 0.242001557
v -0.037511310 0.015018561 0.242980705
v -0.024432483 -0.008022039 0.246523958
v -0.036565976 0.002901283 0.243610954
v -0.038508065 0.024423978 0.241388174
v -0.038338718 0.027762920 0.240511545
v -0.037633434 0.027614662 0.241184502
v -0.027092552 -0.011099187 0.241685336
v -0.028508607 -0.009300667 0.242654320
v -0.030732924 -0.007685482 0.241014755
v -0.023904355 -0.014104188 0.240000083
v -0.033788796 -0.003780744 0.241833817
v -0.037199328 0.010428336 0.243351076
v -0.036716498 0.006645357 0.243950745
v -0.038211944 0.009290971 0.242891010
v -0.039218071 0.026086654 0.239761685
v -0.039764551 0.021507138 0.239763578
v -0.038949893 0.018492468 0.241743255
v -0.038876927 0.012972120 0.242325223
v -0.027911331 -0.010734337 0.236336981
v -0.039568444 0.026114143 0.237168608
v -0.040239285 0.015766022 0.240220778
v -0.035938705 -0.000513822 0.242753920
v -0.038516377 0.004052702 0.241426892
v -0.038392760 0.006551945 0.242547576
v -0.031176745 -0.007236676 0.236654963
v -0.041020068 0.019283153 0.237007786
v -0.027551023 0.008960725 0.124879280
v -0.028280647 0.006210848 0.117663502
v -0.028391371 0.009446461 0.116275945
v -0.039689803 0.007373370 0.239981780
v -0.039639138 0.010703033 0.240984097
v -0.040336378 0.009928681 0.239173323
v -0.023578456 -0.014586503 0.233139524
v -0.020682704 -0.016623124 0.236791287
v -0.033774705 -0.004134300 0.238343263
v -0.036667376 -0.000377390 0.238816686
v -0.041171620 0.013481936 0.237023052
v -0.029917244 -0.008654455 0.231117174
v -0.025810877 -0.012686402 0.227523964
v -0.037124760 0.001933873 0.242288972
v -0.037561769 0.001605788 0.240721222
v -0.041036467 0.009479302 0.236284056
v -0.041929920 0.017432571 0.231338262
v -0.039566428 0.004438779 0.236219905
v -0.041761240 0.018283843 0.221575167
v -0.033190948 -0.005158676 0.234181053
v -0.031708258 -0.006368323 0.227327613
v -0.019981846 -0.017103701 0.230410648
v -0.021571307 -0.016156346 0.225053805
v -0.035465802 -0.002276105 0.235459971
v -0.037487955 0.000508658 0.232730603
v -0.035931386 -0.001650830 0.232244581
v -0.034418805 -0.003433784 0.231563628
v -0.041577555 0.013578577 0.215059731
v -0.041049805 0.018804025 0.208341251
v -0.039115772 0.003579733 0.230880701
v -0.034652987 -0.002936889 0.225970399
v -0.037447112 0.001397138 0.223771709
v -0.040190515 0.006024787 0.225913989
v -0.037445713 0.003545333 0.212120621
v 0.015346565 0.044373764 0.057887010
v 0.018283347 0.043428795 0.063894852
v 0.013477005 0.044739914 0.062616137
v 0.003735008 0.051284395 0.000501686
v 0.003702515 0.051448026 0.004373884
v -0.000727647 0.050736013 0.004398360
v 0.001709145 0.050961179 0.000567439
v 0.010429473 0.053479254 0.014487937
v 0.016942874 0.053464541 0.017475664
v 0.014230657 0.053830118 0.020052503
v -0.040201051 0.008866351 0.215357777
v -0.024798101 0.040536366 0.238829296
v -0.021757768 0.042454702 0.237996049
v -0.022659266 0.040583449 0.237347538
v -0.041644044 0.010076463 0.224417814
v -0.041957941 0.012866591 0.229035588
v -0.041362481 0.008726242 0.231532741
v 0.016411627 0.035026692 0.100447422
v 0.018562343 0.035855599 0.093448208
v 0.020746366 0.033840990 0.098431987
v 0.019985344 0.037233493 0.087218404
v 0.017811865 0.039171838 0.084241450
v 0.023048188 0.038492261 0.080373605
v 0.022652323 0.031772763 0.103615326
v 0.025367989 0.031766933 0.096471437
v 0.024728542 0.029944933 0.106433343
v 0.021771491 0.031156668 0.112027296
v -0.037588694 -0.032328935 0.063924353
v -0.041654319 -0.030062184 0.060087474
v -0.038525134 -0.028135518 0.067537009
v -0.050460718 0.028651675 0.026758077
v -0.049945078 0.026038165 0.032425412
v -0.054034591 0.024473362 0.028190384
v -0.013980182 -0.021659051 0.107374951
v -0.017678576 -0.024185900 0.098862759
v -0.017691279 -0.018500986 0.107904127
v -0.029480597 0.007032735 0.159449936
v -0.022649403 -0.005161049 0.156724662
v -0.024367552 -0.000507586 0.149618254
v -0.051504910 -0.010523198 0.050961842
v -0.047218530 -0.018245658 0.057181872
v -0.051535976 -0.019112471 0.049444460
v 0.014259367 0.034148229 0.111889108
v 0.014309349 0.034682336 0.105721152
v 0.018164711 0.033413979 0.107290170
v -0.023415800 -0.000655685 0.127578521
v -0.024747147 0.003241686 0.130263163
v -0.022513993 -0.000510908 0.134290353
v 0.007309308 0.053531249 0.233177953
v 0.010618036 0.056165131 0.234953253
v 0.009972103 0.053484194 0.232919172
v -0.036121631 -0.005583167 0.092576200
v -0.032770677 -0.007496079 0.096669925
v -0.035614964 -0.010569031 0.089842983
v 0.025725373 0.056738637 0.236969496
v 0.021716275 0.056031775 0.236187435
v 0.018521058 0.058741992 0.236582656
v 0.009954617 0.040309344 0.085781613
v 0.014316848 0.039422440 0.086121646
v 0.012313428 0.037726638 0.092248189
v 0.026764165 0.054132430 0.236288880
v 0.016089954 0.056598391 0.235486393
v 0.022093794 0.060269672 0.236443905
v 0.013648610 0.061993624 0.236466850
v 0.019377553 0.054270806 0.234683236
v -0.058841707 -0.020617528 0.037029424
v -0.058335558 -0.017075418 0.039141906
v -0.055819953 -0.021163246 0.042339445
v 0.013654532 0.053627361 0.233165281
v 0.024087123 0.053866658 0.235534997
v -0.042730579 -0.033883585 0.054450577
v -0.045619686 -0.029618118 0.053667037
v -0.035107136 -0.036071876 0.062401798
v -0.034786377 -0.039609126 0.057534779
v -0.039262483 -0.035612293 0.057565908
v -0.044540162 -0.024880031 0.059012606
v 0.006994370 0.057617413 0.236206074
v 0.011251468 0.059265472 0.236540961
v 0.010135456 0.064604161 0.235974615
v 0.013824258 0.064016531 0.235751891
v 0.028104277 0.058719535 0.236243770
v 0.030697751 0.055632506 0.236700363
v -0.035758061 -0.030156943 0.069521107
v -0.032655043 -0.030041292 0.074264701
v -0.034301597 -0.033324910 0.067358206
v 0.004873086 0.059127913 0.237030441
v 0.001572675 0.056863604 0.236807124
v -0.002890301 0.058190079 0.237784769
v -0.047845390 -0.043243101 0.037866337
v -0.051691736 -0.037796064 0.037915199
v -0.047209784 -0.041027564 0.042028549
v -0.022515958 -0.001514486 0.144399769
v -0.020893203 -0.004434052 0.147201098
v -0.007772836 -0.025085817 0.107104459
v -0.010083568 -0.027684915 0.100683177
v -0.012342481 -0.025154100 0.103205973
v -0.023855471 0.000656017 0.144718476
v -0.006385500 -0.027847762 0.102691100
v -0.009060924 -0.030449154 0.096760671
v 0.009992261 0.063003479 0.207227959
v 0.011469118 0.063406201 0.208074884
v 0.009779765 0.063934610 0.211249566
v -0.009086534 0.054324440 0.237914115
v -0.015316510 0.052259037 0.238144108
v -0.010093483 0.056090106 0.237905162
v 0.008834316 0.063288402 0.236537211
v 0.005304427 0.061982111 0.237227471
v -0.001910718 0.053035885 0.235530390
v -0.006529570 0.048963440 0.234246547
v -0.008168847 0.051126703 0.236376831
v -0.020606435 -0.003540207 0.139836191
v -0.023349191 0.000439299 0.140623983
v 0.006630425 0.065302381 0.235636104
v 0.003789441 0.065633312 0.234452712
v 0.008877144 0.066050965 0.233906082
v 0.016695715 0.050544811 0.000191366
v 0.012759565 0.051444621 0.002918596
v 0.013054871 0.051146632 0.000263051
v -0.017955187 -0.006894536 0.135329301
v -0.020793084 -0.004107873 0.130011886
v -0.020417671 -0.003819594 0.134705761
v -0.055906355 -0.014683619 0.043584918
v -0.009042499 -0.021984198 0.112450680
v -0.024716269 0.004416870 0.136274494
v -0.015299314 -0.010022243 0.132732126
v -0.013417844 -0.010823903 0.139211180
v -0.011605276 -0.012930991 0.133629344
v -0.018337458 -0.008077314 0.127535464
v 0.017773452 0.053274881 0.024017429
v 0.006907246 0.055730123 0.235016084
v 0.030156300 0.053791962 0.236596791
v 0.032859872 0.051674261 0.235621931
v 0.030322193 0.051567623 0.235233205
v -0.024862707 -0.000257354 0.121955720
v -0.022487582 -0.004602228 0.121715740
v -0.014821824 -0.011587749 0.127855272
v -0.022790917 -0.013367385 0.107531527
v -0.021884928 -0.009221739 0.115682475
v -0.018365335 -0.013509529 0.115309850
v 0.012129255 0.064988918 0.234803891
v -0.025675817 0.006919184 0.130729989
v -0.025170198 0.002076079 0.125299285
v -0.026387205 0.005434582 0.125157667
v -0.026312529 -0.000920229 0.116440192
v -0.017663843 -0.018468630 0.233351738
v 0.003779097 0.055925250 0.235823885
v 0.006801852 0.064289080 0.236580076
v 0.013524888 0.066328413 0.233652298
v -0.049057831 -0.006633449 0.055782269
v -0.051158778 -0.004531843 0.051441023
v -0.048990170 -0.002349864 0.055253501
v -0.017934456 -0.010642713 0.121907320
v -0.014667324 -0.013825601 0.122112968
v -0.011342875 -0.014402414 0.127876189
v -0.065350837 0.001729755 0.004258437
v -0.064648998 0.002429950 0.010436239
v -0.065540755 -0.001790059 0.004401752
v -0.003402280 -0.025964499 0.108143200
v -0.003071952 -0.028206433 0.103321328
v -0.026903854 0.002735175 0.119129392
v 0.003418534 0.053338557 0.233918873
v 0.003775262 0.064684315 0.236496902
v -0.005608136 0.054271365 0.237241558
v -0.020107246 -0.008133624 0.121825633
v -0.040944066 0.037122190 0.019373970
v -0.044056197 0.034334486 0.012544483
v -0.036076428 0.039665092 0.014586036
v 0.007055616 0.051912085 0.006052512
v 0.003349446 0.051995222 0.010194082
v 0.020669404 0.050806481 0.006539378
v -0.030666076 0.034584549 0.240324552
v -0.029916852 0.036236612 0.239691292
v -0.027928696 0.035752227 0.239163600
v -0.022995565 0.038465020 0.047118066
v -0.015717270 0.042008927 0.046927558
v -0.013077083 0.041713791 0.055229655
v -0.025259257 0.036508366 0.237449470
v -0.026359423 0.038166783 0.238592499
v -0.038169436 -0.008912235 0.086481944
v -0.038714947 -0.005375510 0.087351126
v -0.027013483 0.015389875 0.145659953
v 0.041035264 -0.013873919 0.232332471
v 0.044169400 -0.010685166 0.231841152
v 0.043075121 -0.012096162 0.228659634
v -0.008193241 0.036088881 0.140437515
v -0.026743968 0.019725534 0.150950570
v -0.024513835 0.026555421 0.153639281
v 0.003318040 0.065528122 0.220640539
v 0.000615835 0.065302351 0.223743731
v -0.004648816 0.037465239 0.140237729
v -0.025667386 0.003986178 0.144361585
v -0.037267150 0.023516510 0.183994891
v -0.019206493 0.048634941 0.238642630
v -0.020520611 0.050944390 0.237836878
v -0.026330873 0.050428282 0.220823442
v -0.029135890 0.046380954 0.213492155
v -0.025279015 0.049834857 0.212013154
v -0.026356889 0.051713377 0.232271624
v -0.025981194 -0.004626715 0.112597121
v -0.008102255 0.038288629 0.145524288
v -0.012672605 0.035305343 0.145094314
v -0.011484505 -0.016557350 0.121494025
v -0.012542194 -0.018840671 0.114421653
v -0.015001010 -0.016018578 0.116303215
v 0.025016029 0.049272180 0.005871010
v -0.000859019 0.061272965 0.237506163
v -0.017649373 0.057077466 0.220145464
v -0.020724999 0.054020047 0.214880810
v -0.017916410 0.055781297 0.215214127
v 0.032084418 0.041652921 0.229309914
v 0.030091475 0.042842379 0.228765905
v 0.032856035 0.042984408 0.230514103
v -0.011168360 -0.014939161 0.246283597
v -0.009421591 -0.014089427 0.244715772
v -0.009571809 -0.016003943 0.244743513
v -0.008293234 -0.018766310 0.121041123
v -0.016974195 0.033532299 0.149400394
v -0.015511929 0.036697741 0.151852024
v -0.004384925 -0.030964134 0.097797521
v -0.010110305 -0.010302925 0.245359089
v -0.008421297 -0.012101252 0.244091734
v -0.010894608 -0.012290456 0.246121765
v -0.027825087 0.014550011 0.104098474
v -0.029431631 0.013615312 0.097483856
v -0.024543517 0.019364536 0.099646721
v -0.012093361 0.039839932 0.152632900
v -0.008310474 -0.015471361 0.243952629
v -0.007280901 -0.014881304 0.242915203
v -0.007769316 -0.016428693 0.242581606
v -0.028141877 0.001360054 0.113775955
v 0.006179870 0.035718634 0.102060494
v 0.011609006 0.035851853 0.100754451
v 0.009027431 0.035320517 0.104844394
v -0.029168794 0.003645090 0.112663086
v -0.025444390 -0.008397969 0.108942383
v -0.022192323 0.023781128 0.092549675
v -0.017685260 0.027962588 0.094942033
v -0.020202879 0.024488671 0.099167972
v -0.023356446 0.054756516 0.233385988
v -0.024965630 0.053054683 0.235321461
v 0.005608040 0.047150321 0.047590171
v 0.006407205 0.045783784 0.054996103
v 0.002498477 0.046153077 0.051829848
v -0.008467757 -0.018089297 0.243695708
v -0.006133179 -0.017758402 0.242738874
v -0.007400808 -0.019337181 0.243210979
v -0.036078345 0.033991613 0.207033212
v -0.024612353 0.018804901 0.107295202
v -0.008090388 -0.013791272 0.243418174
v -0.009818219 -0.017861934 0.244845173
v -0.011264905 -0.017207928 0.246010838
v -0.010156302 -0.016834921 0.245204920
v -0.000036797 0.062686526 0.210181746
v -0.000962614 0.061598334 0.207163617
v 0.002400721 0.062912324 0.209226029
v -0.013299215 -0.009847273 0.246501835
v -0.013944690 -0.012492320 0.247155593
v -0.007237858 -0.011115625 0.242563672
v -0.006588139 -0.011631969 0.240949184
v -0.007250534 -0.012313598 0.242321699
v -0.006027231 -0.015073068 0.241454063
v -0.007000764 -0.013569133 0.242371242
v -0.028381478 0.022567946 0.160806685
v -0.016099682 0.051950332 0.193033933
v -0.018442378 0.049977560 0.186321652
v -0.015324974 0.027376828 0.125085856
v -0.028427316 0.016212161 0.093258956
v -0.033546766 0.041719859 0.020493461
v -0.037636743 0.039100107 0.023647291
v -0.018016511 0.053833916 0.237397946
v 0.016215988 0.037684362 0.089583626
v -0.019233276 0.000676835 0.242035222
v -0.019661255 0.003564094 0.239832668
v -0.016992817 0.001328545 0.239703540
v 0.027497973 0.050158449 0.233713121
v 0.026585996 0.052456970 0.235340509
v -0.013823171 -0.015284083 0.247108089
v -0.007774571 -0.012914781 0.242942927
v -0.022478623 0.006207290 0.240743724
v -0.020351084 0.007644394 0.238122114
v -0.030755245 0.006667922 0.107962753
v -0.008149140 -0.009875050 0.243568468
v -0.006581008 -0.009690860 0.241226926
v -0.027200913 -0.010450273 0.103143128
v -0.008772396 -0.016789481 0.243810873
v -0.031312624 0.041249866 0.009329338
v -0.027761096 0.044370614 0.016193517
v -0.045034741 -0.034829515 0.050514908
v -0.040813207 -0.039132719 0.051269074
v -0.046061295 -0.038095824 0.046658277
v -0.014156727 -0.029782105 0.094228226
v -0.029235284 -0.000468728 0.109237764
v -0.029198663 -0.005506537 0.104471062
v -0.010922470 -0.032954374 0.091693177
v -0.013567916 -0.034963166 0.086318304
v -0.029393002 -0.013143764 0.096665841
v -0.025795051 -0.015022314 0.100223665
v -0.017952039 -0.009482703 0.247111147
v -0.006469033 -0.012988412 0.241354672
v -0.016599387 -0.015422498 0.246902092
v -0.017055222 -0.012792506 0.247255577
v -0.030279947 -0.003169602 0.245114427
v -0.018089297 -0.033500841 0.084744666
v -0.005188395 -0.012817910 0.240173765
v -0.003332043 -0.014031915 0.241174282
v -0.033173012 -0.001504201 0.099619779
v 0.029176584 0.031297648 0.089470370
v 0.023802942 0.034853655 0.089090606
v 0.029248691 0.034629521 0.080965778
v -0.031647866 0.002709457 0.104904833
v -0.055802219 -0.030895413 0.036681488
v -0.052343829 -0.031513760 0.042819302
v -0.052834860 -0.033592289 0.039791548
v -0.011394775 -0.008759183 0.245594882
v -0.009516302 -0.017256528 0.244258621
v -0.054764011 -0.035301342 0.032735356
v -0.052304371 -0.040163031 0.030541612
v -0.055591524 -0.035983605 0.026576349
v 0.015485007 0.064548895 0.211576792
v 0.022059600 0.064257586 0.214315966
v 0.019421276 0.066197860 0.221731354
v -0.031305308 -0.010072981 0.096415969
v -0.029976638 -0.008918292 0.099750633
v -0.022304305 -0.019780567 0.099124987
v 0.035792463 0.046503957 0.234037643
v 0.035876193 0.049871453 0.235343181
v 0.038865834 0.046323200 0.235586526
v -0.037559531 -0.001431176 0.091331584
v -0.015735548 0.005734515 0.236438516
v -0.049606183 0.029782435 0.012185992
v -0.048469028 0.030019155 0.007271193
v -0.020370611 -0.028216885 0.089608621
v -0.031137984 -0.018048623 0.089362731
v -0.026853869 -0.018737158 0.094236747
v -0.032778330 -0.012750762 0.092278311
v -0.023023992 -0.032438252 0.081679734
v -0.031645584 0.041054604 0.001830227
v -0.032797409 0.040373342 0.003097645
v -0.032909875 0.040425567 0.001888057
v -0.009610201 -0.008783368 0.244452815
v -0.009894867 -0.019104206 0.244735431
v -0.019358638 -0.013127726 0.246856041
v 0.025864807 0.064108949 0.220476126
v 0.014551329 0.044077069 0.069665691
v 0.021088724 0.041750886 0.071991624
v 0.015823550 0.041679496 0.079079330
v -0.040115214 0.000942000 0.084548860
v -0.039386034 0.005402238 0.084084064
v -0.042310039 0.002714220 0.077458138
v -0.022704573 0.039265625 0.236076388
v -0.023609416 0.037470288 0.236049299
v -0.024217628 0.038862021 0.237634055
v -0.024168859 -0.023650307 0.091458358
v -0.036407032 0.017155100 0.242801394
v -0.034049026 -0.020931212 0.082936364
v -0.035167338 -0.016041152 0.086186775
v -0.005378554 0.033889993 0.098685307
v -0.004882005 0.035290360 0.094754675
v -0.001828130 0.035390229 0.097745373
v -0.016450144 -0.007652575 0.246470515
v -0.021113602 -0.024183834 0.094421327
v -0.016040863 0.046824019 0.033205827
v -0.008418103 0.046962477 0.039917320
v -0.014819008 0.044119038 0.041171315
v -0.027753287 -0.022210980 0.088683527
v -0.030464785 -0.023680075 0.084200402
v -0.040473395 -0.003346748 0.083840880
v -0.057754257 0.020370356 0.005901362
v -0.057223361 0.020792880 0.003296363
v -0.054362200 0.024026782 0.003094337
v -0.053191819 0.025545149 0.005839198
v 0.008723573 0.065216802 0.217992867
v 0.005580865 0.064077398 0.213112839
v -0.040193809 0.035662517 0.002265998
v -0.038546557 0.036579102 0.005698384
v -0.044847288 0.032508092 0.004486931
v -0.044427036 0.032878318 0.002486278
v -0.053204511 0.025323820 0.003013043
v 0.023260467 0.052014621 0.234116417
v -0.046429391 0.031165589 0.002606028
v -0.047526811 0.032343572 0.018175980
v -0.058179122 0.019440718 0.003374535
v -0.051411218 0.027003228 0.002900077
v -0.063436686 -0.015921568 0.015552708
v -0.063354681 -0.012546309 0.023639007
v -0.062769912 -0.017828919 0.023430065
v 0.033371975 0.049087671 0.234281628
v -0.026535141 0.044321060 0.238792447
v -0.038155947 -0.013879257 0.083106023
v -0.041437777 -0.009607196 0.078490263
v 0.008868188 0.043919932 0.074886123
v 0.008799961 0.045308816 0.064352058
v 0.014895607 0.036356963 0.095592497
v -0.044064026 0.034566314 0.024975285
v 0.004551287 0.053508383 0.020961267
v 0.004782239 0.053070880 0.015787599
v -0.058027620 -0.031110175 0.028009169
v -0.012322054 0.050868542 0.237633705
v 0.015466235 0.066509741 0.223877217
v 0.013351262 0.065785476 0.219402722
v -0.034165874 -0.025501105 0.078329326
v -0.065087609 -0.011022009 0.004752734
v -0.064652878 -0.009148638 0.009281921
v -0.064139164 -0.015742669 0.004913437
v 0.024502064 0.065465659 0.226289417
v 0.021068759 0.066275173 0.227652876
v -0.007879530 0.043665496 0.055401381
v -0.003876170 0.044684675 0.056418293
v -0.006314272 0.043869136 0.061061996
v 0.016208791 0.066918588 0.228439417
v -0.027167395 0.041593656 0.238727624
v -0.028077856 0.039117243 0.238941775
v -0.044395439 -0.008105859 0.069653556
v -0.043519511 -0.002717594 0.074389673
v -0.007492906 -0.033421043 0.092727393
v 0.010623537 0.066150201 0.221422203
v 0.012481924 0.066746124 0.224490913
v 0.007247051 0.066235963 0.223552557
v 0.025237868 0.040656449 0.063982745
v -0.025974562 -0.027031457 0.085261668
v 0.027616934 0.038012678 0.073986504
v 0.026725791 0.037122271 0.078179794
v -0.039914728 -0.016993163 0.076378446
v 0.008168309 0.037681640 0.094486819
v -0.019878698 0.041570723 0.041938114
v 0.023550808 0.065792051 0.229534576
v 0.009588037 0.046205529 0.050903753
v 0.011245905 0.047502993 0.044173356
v -0.016119498 0.047250594 0.237406136
v -0.016583287 0.048839781 0.238476643
v -0.031389887 0.039993461 0.238610343
v -0.029951868 0.039980565 0.238799599
v -0.031534692 0.038852405 0.239115281
v -0.057790995 -0.033075093 0.019804312
v -0.059484552 -0.029913005 0.010988002
v -0.061186931 -0.024986114 0.020583627
v -0.009791846 0.040374122 0.074628920
v -0.014924907 0.037169659 0.075020173
v -0.015195994 0.039011609 0.068306253
v 0.002598516 0.061519648 0.202818649
v 0.005834344 0.063272119 0.208352214
v -0.043886057 -0.012213373 0.068808553
v -0.029729491 -0.028443429 0.079866931
v -0.036975146 -0.018999420 0.080577775
v 0.042835382 0.045866921 0.236663280
v 0.040748324 0.049522708 0.235977019
v -0.042490725 -0.042921844 0.045362478
v -0.021930589 0.037046897 0.233941879
v -0.037711627 0.037505731 0.002128555
v 0.004852829 0.065024965 0.217821014
v -0.020076281 0.043230248 0.037467264
v -0.060827475 -0.016714958 0.033840889
v -0.061675084 -0.020516009 0.028456104
v -0.062596684 -0.014386058 0.028843118
v -0.035806879 -0.027283080 0.073702985
v -0.034765396 -0.028903019 0.072954634
v -0.044075029 -0.016439371 0.065361306
v -0.046493574 -0.010503908 0.061598485
v -0.057861196 -0.024613060 0.037067985
v -0.059500792 -0.025950697 0.030782985
v -0.035899483 -0.022249050 0.079380256
v 0.001050555 0.063716245 0.214297605
v -0.059963837 -0.021918605 0.033574819
v 0.016398597 0.052650556 0.011546213
v -0.052438391 0.011922866 0.042269289
v -0.048795919 0.010308551 0.048620136
v -0.051107124 0.005929104 0.047746829
v -0.048895939 0.029325536 0.002742938
v -0.034264608 -0.027931555 0.074849973
v -0.042184691 -0.015305556 0.071620123
v -0.048385590 -0.027903374 0.050859312
v -0.051592477 -0.025953210 0.047104122
v -0.048092523 -0.024082321 0.053146848
v -0.039017766 0.008281195 0.203731429
v -0.040458143 0.011254272 0.207677407
v -0.064436402 -0.001468753 0.016712222
v -0.064993140 -0.003462319 0.008338274
v -0.065543876 -0.003273267 0.004460129
v -0.065385873 -0.006307537 0.004575249
v -0.005748098 0.042145723 0.074738943
v -0.002872158 0.043975200 0.069658115
v -0.001505799 0.042056551 0.079789123
v -0.025085528 0.040509148 0.038013107
v -0.023590443 0.043342415 0.033302082
v 0.005086958 0.034528083 0.115728322
v 0.009873938 0.034625662 0.115363047
v 0.006202808 0.034808124 0.121972118
v -0.028778434 0.033176737 0.240230212
v -0.063322885 0.004307376 0.019887171
v -0.062694928 0.001684390 0.026524881
v -0.012521060 0.048662194 0.236329252
v -0.011596453 0.046317039 0.234139183
v -0.015029195 0.046047518 0.235627207
v 0.041379923 0.044145803 0.236177668
v 0.007370957 0.062283977 0.204817879
v -0.026564291 0.043039869 0.004498470
v -0.021237485 0.045310315 0.005920910
v -0.024133755 0.044803705 0.010097831
v 0.036902810 0.051613650 0.235885175
v 0.038125926 0.049584321 0.236054399
v -0.023145871 0.044681438 0.001465106
v -0.028023246 0.042724610 0.001669735
v -0.011801248 0.048330311 0.001024623
v -0.009107060 0.048893672 0.005900152
v -0.016125398 0.046920823 0.004106033
v -0.014455996 0.047547977 0.001124889
v -0.038275868 -0.023287429 0.074300347
v -0.021702217 0.040805749 0.236486977
v -0.061797847 -0.023655974 0.007158286
v -0.018351247 0.044138799 0.236379441
v 0.026588019 0.064478532 0.229879369
v 0.011610987 0.051277234 0.000295728
v 0.008651270 0.051310481 0.000371924
v -0.021493190 0.045409861 0.001393200
v -0.028693469 0.037371075 0.239385281
v 0.001730918 -0.024196784 0.113827881
v -0.003876846 -0.023177533 0.114402598
v 0.052111214 0.041556451 0.218598732
v 0.052434422 0.042821449 0.225280966
v 0.049391191 0.046936140 0.221759570
v -0.048111066 0.016159131 0.045090559
v -0.046701326 0.021050019 0.041755700
v -0.044315142 0.020295226 0.047138206
v -0.047287242 -0.004431721 0.060468238
v -0.056869435 -0.008214426 0.042610529
v -0.054414765 -0.002739053 0.045793076
v -0.046257023 0.013625284 0.050360641
v -0.044428469 0.012514514 0.056727449
v -0.046820935 0.009732807 0.053467047
v -0.043520274 0.027247791 0.038906361
v -0.045235642 0.024269132 0.040039529
v -0.048365454 0.023085095 0.037324123
v -0.057469659 0.021465282 0.015606128
v -0.054767678 0.024704138 0.022884339
v -0.057856572 0.019908671 0.023566882
v 0.010661837 0.067025199 0.227750153
v 0.002049322 0.064974405 0.217896766
v -0.017421118 -0.007542250 0.143156771
v 0.020846560 0.066128168 0.230693083
v 0.023814973 0.065271357 0.231479955
v -0.031557977 0.036707585 0.239614697
v -0.060077391 0.016227424 0.003550537
v -0.060190373 0.016897479 0.010212894
v -0.061799051 0.012935847 0.003724991
v -0.057635425 0.018532040 0.028025688
v -0.057955344 0.015789478 0.030994073
v -0.060146785 0.014494206 0.025439851
v -0.056379029 0.021737572 0.026957683
v 0.052952260 0.002200772 0.237751037
v 0.055231525 0.004983292 0.236219744
v 0.054052278 0.001913904 0.234753519
v -0.043646458 -0.021118509 0.063279177
v 0.055771139 0.004555860 0.232008168
v 0.056205524 0.008908143 0.237373562
v 0.053456569 0.005200087 0.239271077
v 0.053748606 0.008777436 0.240033794
v 0.054661713 0.037804210 0.221706917
v -0.004030250 -0.015908832 0.242545636
v 0.050516300 0.046152588 0.229354803
v 0.047069598 0.050489936 0.230037390
v -0.005513301 -0.020051232 0.243542853
v -0.007965599 -0.020657778 0.243333468
v -0.026472917 -0.031077544 0.080239280
v -0.029090827 -0.032047490 0.076256122
v -0.045652395 -0.005539805 0.065944065
v 0.018288129 0.063116839 0.235598572
v 0.015267687 0.064849360 0.234731135
v 0.018280371 0.064699567 0.234107328
v 0.026738932 0.061617334 0.234783106
v 0.025137770 0.063659592 0.233225157
v 0.028249189 0.062325915 0.233360878
v 0.025770295 0.060539760 0.235778390
v -0.001851644 -0.015207627 0.242675238
v -0.000367666 -0.016129250 0.244095101
v -0.002450034 -0.016447809 0.243663842
v 0.000087644 -0.013544120 0.241922561
v 0.002054167 -0.015554662 0.243812326
v 0.000235991 -0.015329670 0.243492570
v 0.018212614 0.051120639 0.232123959
v 0.021474799 0.063710978 0.234420977
v 0.021282313 0.065198380 0.233016924
v 0.029343586 0.028507390 0.097615907
v 0.011202331 0.045332298 0.056707499
v 0.014360952 0.045226150 0.050853001
v 0.027325745 0.028401578 0.103928934
v 0.025819390 0.030182168 0.101528212
v -0.008956222 0.050277630 0.029181441
v -0.008462071 0.049124835 0.033716953
v -0.011694262 0.049049611 0.031072666
v -0.005944468 -0.019098569 0.243395574
v 0.008126475 0.051156577 0.034633789
v 0.002071548 0.050848424 0.034838399
v 0.007612297 0.052996089 0.028628651
v -0.021303271 0.040271376 0.234421525
v 0.011063852 0.034868738 0.107991322
v -0.000660087 -0.015248915 0.242740675
v -0.041467587 -0.020012680 0.069456095
v 0.026494230 0.027934186 0.110476470
v -0.003805376 -0.017601206 0.243966052
v -0.026021373 -0.033657432 0.077498340
v -0.005026445 -0.018846388 0.243752135
v -0.051149219 0.018034268 0.039014266
v 0.002065500 0.045388218 0.059472909
v 0.030459220 0.025707575 0.103997360
v 0.037435720 -0.017566249 0.234372763
v 0.038477219 -0.016180281 0.231566319
v 0.036986887 -0.018530076 0.231804284
v -0.002016599 0.044715248 0.063082043
v 0.001067878 0.044883336 0.067135486
v 0.017724972 0.045850808 0.043552655
v 0.017627176 0.066209043 0.232247971
v -0.041246966 -0.024623394 0.065850674
v -0.020533032 0.031074919 0.151513966
v -0.019003227 0.034969360 0.154303330
v 0.048758278 0.047214154 0.233070309
v 0.049384896 0.045290473 0.234263411
v 0.047441666 0.046406740 0.234809117
v 0.029260401 0.060662491 0.234815985
v 0.030965758 0.058830203 0.235123947
v 0.046166222 0.043449351 0.236390997
v 0.043883273 0.042420406 0.236736656
v -0.016051355 -0.037302090 0.079215069
v -0.011025297 -0.038043979 0.081634763
v -0.028118880 -0.034687201 0.072899833
v -0.054833345 -0.026730916 0.041662298
v -0.053033271 0.026915654 0.015685384
v -0.050638338 0.029436753 0.021829071
v -0.031074638 -0.033456130 0.071221527
v -0.062720830 -0.004435631 0.029215025
v -0.060769576 -0.001126386 0.034515268
v -0.061629299 -0.009007457 0.033125791
v -0.020322290 -0.035797962 0.078779560
v -0.024285407 -0.035919675 0.075174975
v 0.048349200 0.044224391 0.235226200
v 0.045584852 0.046227887 0.235818311
v -0.065321961 -0.007798914 0.004632192
v -0.000499438 0.047496034 0.043977032
v -0.001694531 0.045511796 0.052056975
v 0.050551388 0.045046256 0.232873339
v 0.045343072 0.049213556 0.234762655
v -0.064003888 -0.016845901 0.004953256
v -0.059515852 -0.006380369 0.037797852
v -0.058180952 -0.002995410 0.040028674
v 0.028608392 0.001514899 0.230681308
v 0.032376105 0.005718861 0.229494321
v 0.035457320 0.003375097 0.232484139
v 0.026834486 0.005467322 0.227670658
v 0.032470865 0.000382958 0.233736229
v 0.029365575 -0.000417792 0.233005596
v 0.029438180 0.008115107 0.227477707
v 0.032333751 0.007887106 0.228644521
v -0.055982693 0.008805709 0.039654039
v -0.055938905 0.015192284 0.035893285
v -0.052699714 0.020769736 0.035018596
v 0.026896780 -0.001585809 0.233069792
v -0.051275686 0.000245015 0.049487747
v -0.049219627 0.001864637 0.053101194
v -0.055631210 0.023593882 0.010770003
v -0.024061314 0.034739963 0.235772351
v 0.039808192 0.005961452 0.234370229
v 0.037059942 0.007661673 0.231168738
v 0.038817567 0.003519457 0.235704348
v 0.034214808 0.008109318 0.229418828
v -0.043362045 0.030907116 0.034257628
v -0.045927327 0.031137850 0.030011976
v 0.052480498 0.042678043 0.231018440
v 0.054641832 0.039315922 0.228055059
v -0.059696715 0.008562349 0.032804118
v -0.061875601 0.008228887 0.025700021
v -0.012263955 -0.039770523 0.076260783
v -0.020036440 -0.037732823 0.074047922
v -0.054320877 0.004025140 0.044031609
v -0.057573427 0.002721863 0.039782611
v -0.045766535 0.016830599 0.048433629
v -0.062650492 0.009686712 0.017949562
v -0.059940783 0.017109883 0.018714350
v 0.014995388 0.066564990 0.231771034
v 0.000541297 0.064733080 0.235773341
v -0.001756485 0.065188527 0.234121151
v 0.011473898 0.066848654 0.231370485
v -0.026001905 0.033150484 0.237719304
v -0.025563865 0.018764007 0.239379622
v -0.026648620 0.019087051 0.240882988
v -0.026310566 0.021315260 0.240296669
v 0.004096392 0.066261829 0.230284875
v -0.061168223 0.013740623 0.019645318
v -0.022246243 0.036158840 0.060779059
v -0.021737616 0.034332546 0.069336586
v -0.059013271 -0.032042233 0.005419842
v -0.060019582 -0.029566001 0.005348868
v -0.060366279 -0.028666900 0.005590068
v -0.021933937 -0.012568662 0.246233084
v -0.013679752 -0.018021539 0.246288594
v -0.015051632 -0.018828834 0.244657580
v -0.011963245 -0.019964656 0.243650145
v -0.004156022 0.061796887 0.237300835
v -0.008285086 0.061870495 0.236567929
v -0.003555260 0.063697000 0.236180072
v -0.020872386 -0.009760081 0.247005516
v -0.021086216 -0.011130885 0.246795526
v -0.022859880 -0.009375768 0.246765348
v -0.021758743 -0.007247892 0.246962116
v -0.003190468 0.064491835 0.228238940
v -0.000019609 0.063277982 0.237011352
v -0.023853297 -0.003064160 0.246608925
v -0.003117026 0.064845821 0.231679028
v -0.020012969 -0.005411884 0.246498252
v -0.006820461 0.040214255 0.080973153
v -0.013582555 0.049115982 0.028353694
v -0.019413303 -0.011302706 0.247089437
v -0.051812102 -0.034828334 0.041035730
v -0.049823845 -0.036060225 0.043121985
v -0.022549211 -0.001271216 0.245755363
v -0.025415235 0.001088990 0.245870471
v -0.004932551 0.063480738 0.223631817
v -0.019914879 -0.003115592 0.245503396
v -0.020539573 0.047678729 0.019806122
v -0.016188370 0.048713424 0.016577517
v -0.012021026 0.050234248 0.022878968
v -0.007739558 0.063393946 0.234769809
v -0.008134293 0.044623790 0.048723527
v -0.004020917 0.060229029 0.237667815
v -0.008440026 0.059290612 0.237482669
v -0.010826905 -0.021329111 0.240853436
v -0.009501568 -0.021094506 0.242421096
v -0.016919385 -0.005280565 0.245581581
v -0.019733498 -0.016928883 0.242162311
v -0.018662281 -0.016707472 0.245114963
v -0.017238365 -0.018046970 0.244262935
v -0.019086461 -0.015165321 0.246164401
v -0.021141481 -0.015441204 0.245080950
v -0.022159466 -0.014974152 0.243285969
v -0.015363079 -0.019579266 0.241576393
v -0.026560411 0.012958461 0.120710810
v -0.021347929 0.046802396 0.014752276
v -0.016253248 0.047539851 0.010126577
v 0.000064782 0.018114144 0.223270981
v -0.000661739 0.012237969 0.226044959
v -0.003628879 0.015101477 0.226377029
v 0.030911417 0.060232054 0.234221742
v -0.015879953 -0.039855488 0.073029773
v 0.002440285 0.020799725 0.221460557
v 0.000586730 0.024825332 0.221749067
v -0.027513456 -0.036507498 0.069676355
v -0.013206531 0.058464692 0.236666546
v -0.014429640 0.057663006 0.236835974
v -0.024349604 0.003050993 0.244526029
v -0.016644153 -0.017260905 0.245972051
v -0.031165828 -0.035573400 0.068001495
v 0.002705948 0.012542404 0.224558650
v -0.003641566 0.033951069 0.099861406
v -0.003246776 0.033380803 0.102799855
v -0.013809972 -0.007429739 0.245495628
v 0.002629969 0.044114222 0.073961148
v 0.004251841 0.016927240 0.221918140
v -0.027670188 -0.010782638 0.222112937
v -0.011564754 0.060258435 0.236504084
v -0.023757215 0.049327847 0.237805146
v 0.042175394 -0.012181134 0.235120966
v -0.020826151 0.053776609 0.236701009
v 0.043640977 -0.008627874 0.237841310
v 0.046710026 -0.005332745 0.237151752
v 0.046165731 -0.006844843 0.235192653
v 0.043535248 0.047819003 0.236014616
v 0.038846758 -0.015832651 0.233825054
v -0.006067431 0.064136078 0.233253803
v -0.008710266 0.063150925 0.233152175
v -0.033678924 0.039976374 0.001925850
v -0.009020932 0.062761486 0.229951769
v 0.047446139 -0.006255382 0.231529578
v 0.044609571 -0.009017486 0.234684834
v -0.003565711 0.019791260 0.224894724
v 0.045688077 -0.008508180 0.227973324
v -0.018473576 0.055990547 0.236363039
v 0.005035733 0.021381341 0.220348975
v 0.038766260 -0.015354396 0.235811177
v 0.040791924 -0.012375397 0.238084460
v -0.014417279 0.059488483 0.235718294
v 0.000898503 0.039192716 0.088766719
v 0.003170331 0.037092671 0.095783220
v 0.000095885 0.037353116 0.093326646
v -0.004383512 0.039100575 0.086558630
v -0.002673096 0.037081051 0.092130064
v -0.016487892 0.058809926 0.235726163
v -0.055880263 0.020677192 0.031103067
v -0.011600700 0.061547774 0.232478330
v -0.012242874 0.061370346 0.234902728
v 0.042008301 -0.007803318 0.241169806
v 0.040574086 -0.010654050 0.240649753
v 0.023494844 0.062242827 0.235293214
v 0.001621892 0.034203219 0.106483255
v 0.001246433 0.035105578 0.101143264
v 0.022939154 0.049574593 0.231902976
v -0.008001781 0.062568320 0.225768428
v -0.022211849 0.054171969 0.235936366
v -0.023332924 0.052337384 0.236656184
v 0.042937597 -0.010853985 0.236609110
v -0.006196277 0.036612059 0.091363576
v -0.005589557 0.051509691 0.026467748
v -0.003600258 0.052206225 0.021537732
v -0.021862185 0.041612433 0.237042959
v -0.020835695 0.041874187 0.236068129
v 0.036590606 -0.016695051 0.238978731
v 0.000751039 0.034027784 0.121155848
v -0.059468790 0.017226462 0.003495334
v -0.037446388 0.029749004 0.240931822
v -0.023853871 -0.037751595 0.070086932
v 0.048545774 -0.004502920 0.234943640
v 0.038358252 -0.013714128 0.240674576
v -0.025188445 0.037888960 0.167158063
v -0.024092947 0.042210278 0.170805928
v 0.011105146 0.062604183 0.203725767
v 0.016213219 0.062498371 0.203965384
v 0.004455848 0.041908108 0.082014065
v 0.038185093 -0.011833895 0.242309214
v 0.027687856 0.060397090 0.235412896
v 0.005065597 0.059767246 0.189974646
v 0.008059147 0.059793066 0.190811765
v 0.011791186 0.060138460 0.194893743
v -0.061817763 0.013235854 0.012885985
v -0.061846509 0.012826354 0.003730537
v -0.028300160 0.041147748 0.180488432
v -0.025301846 0.043240892 0.175571854
v -0.022536923 0.046924123 0.180701474
v -0.038269674 0.030220894 0.239420269
v 0.018694947 0.050260572 0.000150186
v -0.008319494 0.034420269 0.094429578
v 0.030896738 0.061483666 0.232618580
v -0.039922217 0.026726559 0.233589364
v 0.015881310 0.065327594 0.233446766
v 0.015252740 0.066026229 0.232865052
v -0.019661019 0.038459696 0.055526483
v -0.044093166 0.017009370 0.052132254
v -0.003383062 0.032539137 0.110185698
v 0.001355652 0.033794262 0.113031269
v -0.011845558 -0.021302675 0.237314069
v -0.015121461 -0.019960374 0.237631581
v -0.000268941 0.052326668 0.015870269
v -0.008772283 0.050411176 0.014900151
v -0.002575355 0.050845194 0.010207737
v -0.030349201 -0.038226665 0.064079099
v -0.026802155 -0.037900039 0.067279362
v -0.024959100 -0.040636993 0.063896254
v 0.006570016 0.034718165 0.109233139
v -0.019226462 0.047688110 0.025868775
v -0.035376450 0.033996713 0.240152257
v -0.033848020 0.033225514 0.240885437
v -0.017319341 -0.018691600 0.237591003
v -0.007518213 0.031429832 0.107164568
v -0.009385565 0.031853823 0.101010707
v -0.009917120 -0.002019177 0.238253646
v -0.009653190 0.002240087 0.235049424
v -0.007319658 -0.002887709 0.237175113
v -0.004305597 -0.001883047 0.234842897
v -0.013483755 0.000402890 0.238448039
v -0.000785516 -0.000063424 0.232367689
v 0.000887993 0.005843538 0.228696808
v 0.003723646 -0.000644775 0.231469504
v 0.005026633 0.008425145 0.225993322
v 0.006389506 0.003946816 0.227939481
v -0.036263969 0.035311113 0.237924240
v -0.037880927 0.030989620 0.237425783
v 0.021407879 0.060909936 0.201010056
v -0.007347903 0.006032500 0.231818681
v -0.004295677 0.003162688 0.231856403
v -0.028780877 0.044904845 0.238223489
v -0.048777771 -0.031973069 0.047960231
v -0.003665268 0.050935161 0.031607667
v 0.000590111 0.052476845 0.027707986
v -0.059241265 -0.012175903 0.038422938
v -0.015427489 0.040004571 0.061721859
v -0.031909710 0.042081059 0.025422469
v -0.026535591 0.045325425 0.022736689
v -0.024780937 0.044659107 0.028400085
v -0.037215543 0.031987236 0.234676065
v -0.030505108 0.045030431 0.237634434
v -0.031049763 0.045414352 0.234313212
v -0.063128721 -0.009191699 0.027607254
v -0.034229680 0.037987108 0.238784380
v -0.019272573 0.011010771 0.235801462
v -0.016026408 0.042852161 0.233179947
v -0.034140133 0.039523812 0.234715885
v -0.034068834 0.039932841 0.237858034
v 0.049978930 0.040966695 0.235486951
v -0.039136369 0.035309926 0.031934780
v 0.054130520 0.039721175 0.232121208
v 0.052499879 0.041367715 0.233913976
v -0.011919352 0.042316915 0.230591418
v 0.024205373 -0.005078388 0.235900562
v 0.017737610 -0.005725694 0.234666817
v 0.022262998 -0.001652461 0.231607238
v -0.015865220 0.038712491 0.229903381
v -0.009940681 0.048930603 0.235448880
v -0.060397881 -0.028669076 0.005323522
v -0.031554658 0.041641265 0.238267274
v -0.032659509 0.038121622 0.238906363
v -0.030844350 0.040163664 0.031495373
v -0.011830798 0.037191726 0.227514756
v -0.012935532 0.038731243 0.228674094
v -0.009452187 0.039962353 0.227729536
v -0.001023543 0.050001340 0.232628760
v -0.007829653 0.043458343 0.229540436
v -0.008367080 0.045548100 0.231994388
v -0.004874793 0.046089558 0.230664132
v -0.010034564 0.037009563 0.226752205
v -0.063786097 -0.006934501 0.021616502
v -0.006660133 0.037570980 0.225719856
v -0.003647929 0.042645057 0.227160390
v -0.005429302 0.030052592 0.224824048
v -0.007688908 0.025882213 0.226064337
v -0.009088434 0.030303306 0.225996300
v -0.032235474 0.042764047 0.237095010
v -0.000940765 0.046942507 0.229592972
v -0.018022450 0.040433561 0.232318017
v -0.019146808 0.041765622 0.234270259
v -0.021796545 0.011481786 0.237564568
v -0.004538215 0.009491354 0.229046921
v 0.004942690 0.051423790 0.000464583
v -0.011625397 0.010373374 0.232009081
v 0.047660307 0.036269533 0.236815907
v 0.046951255 0.040003720 0.236590829
v 0.049671211 0.038119260 0.236149222
v -0.001298161 0.037906965 0.224017732
v -0.003986084 0.035869305 0.224434169
v -0.001570989 0.035148677 0.223571512
v -0.002986506 0.033103588 0.223824014
v -0.053456476 0.007619068 0.043405909
v -0.016133327 0.011314360 0.233988848
v -0.014695850 0.009259018 0.234182235
v 0.003058161 0.049504609 0.230221568
v -0.001742171 0.022306803 0.223307323
v 0.005496090 0.039328110 0.089426191
v -0.019308817 0.016309997 0.234109493
v -0.015448411 0.014701084 0.232358562
v -0.001902695 0.024491558 0.223340160
v -0.024104132 0.012518241 0.239398727
v -0.022968880 0.016735549 0.236972529
v -0.003523717 0.026561399 0.224007346
v 0.008838200 0.050034036 0.229777837
v -0.007216598 0.013634601 0.228779679
v -0.010203994 0.015484850 0.229434091
v 0.051656419 0.038204299 0.235497978
v 0.051846556 0.035462635 0.236174973
v -0.012798996 0.020147287 0.229133633
v -0.016821789 0.021871611 0.230492570
v -0.015711938 0.024827793 0.229232227
v -0.013175499 0.016016216 0.230737072
v 0.000892830 0.045431406 0.227605267
v 0.018368512 0.047137266 0.228759436
v 0.044361004 0.039088393 0.236708372
v -0.007417670 0.018217831 0.227366657
v -0.006577410 0.021701905 0.226202257
v 0.053142000 0.039148296 0.234306424
v -0.003312577 0.049164074 0.037155532
v 0.007298804 0.024159576 0.219803520
v 0.004172245 0.026455225 0.220606946
v 0.006999337 0.028616225 0.220358676
v 0.006400703 0.034027658 0.221511709
v 0.010270258 0.030858929 0.220530027
v -0.014239220 0.029620763 0.228024914
v -0.012577955 0.031128503 0.226961217
v -0.011955830 0.028392945 0.227003309
v 0.050823872 0.043282362 0.234069463
v 0.001400415 0.032130833 0.221943327
v -0.001804816 0.029725391 0.223063273
v 0.024068318 0.046958151 0.229758299
v -0.011849241 0.035271879 0.227146537
v -0.009681544 0.035089790 0.226238763
v -0.021398430 0.018621219 0.235065582
v -0.020708296 0.034691975 0.232070654
v -0.019889665 0.036822244 0.231807464
v -0.019026140 0.035526298 0.230893795
v -0.003977912 0.023427553 0.224541641
v -0.020991997 0.013792269 0.235788087
v -0.010502172 0.032355624 0.226251165
v -0.011159583 0.030461630 0.226345958
v -0.030642982 0.041051726 0.238683234
v -0.029110554 0.042331088 0.238451286
v -0.019076950 0.038420112 0.230751890
v 0.025547383 0.045764037 0.229243246
v 0.028007553 0.046429400 0.230438143
v -0.021676745 0.029112213 0.232751156
v -0.023051126 0.028551580 0.234520885
v -0.023124566 0.031056980 0.234357046
v 0.002511598 0.041940702 0.224920219
v 0.009322708 0.019432838 0.219759523
v -0.014158154 0.036644355 0.228391520
v -0.013203970 0.035481869 0.227493824
v 0.012962810 0.038919580 0.223003860
v 0.007139663 0.038777177 0.222986769
v 0.008563305 0.044045043 0.225542089
v 0.028705042 0.063457551 0.226136354
v -0.012071986 0.033245138 0.226749209
v -0.024676753 0.021564358 0.238002191
v -0.022535583 0.020840438 0.235714074
v -0.022728681 0.009013541 0.239287786
v -0.015990801 0.031925133 0.228748329
v -0.016175499 0.028310343 0.228954524
v -0.018978165 0.028355088 0.230794493
v 0.004559941 0.046457266 0.227409670
v -0.009233818 0.021898767 0.227363648
v 0.031850653 0.040173587 0.228554399
v 0.033462236 0.040356948 0.229576287
v 0.032500084 0.037870052 0.227988640
v -0.020479953 0.020703806 0.233794556
v -0.017900419 0.036298005 0.229890794
v -0.020569209 0.038687989 0.232805451
v -0.019718954 0.039979565 0.232772188
v -0.014587271 0.034612610 0.227969811
v -0.013624293 0.033803186 0.227526646
v 0.023614146 0.044693006 0.227677337
v 0.013618615 0.050049499 0.230307893
v 0.012444161 0.047104101 0.227736927
v 0.030053209 0.062682004 0.229814531
v -0.018650196 0.020615279 0.232104964
v -0.015964273 0.018372208 0.231283935
v 0.014942539 0.043541583 0.225549314
v -0.016555641 0.036573751 0.229688232
v 0.009988747 0.035158970 0.221691298
v 0.028412128 0.063310749 0.231834572
v 0.019983316 0.043364791 0.225998930
v -0.016319238 0.035276342 0.229073391
v 0.026858118 0.044488666 0.228430938
v -0.013063572 0.002489208 0.236706713
v -0.024293461 0.032387657 0.235549734
v 0.013934600 0.033460690 0.221140552
v 0.031922759 0.059082208 0.233759001
v -0.021113562 0.031628456 0.232238134
v -0.022363226 0.033597229 0.233740857
v 0.026590722 0.042382383 0.226870763
v -0.023537794 0.032972423 0.234876512
v 0.030525898 0.039675296 0.227400018
v -0.018339158 0.022650635 0.231446684
v -0.019951073 0.023350376 0.232382249
v -0.018510194 0.024393699 0.230844501
v -0.014074310 0.031928574 0.227510317
v -0.022699613 0.025870125 0.234749793
v -0.021827275 0.023444028 0.234153833
v -0.023359297 0.024028036 0.236104897
v 0.028710783 0.040214651 0.226781646
v 0.022032628 0.036832534 0.223196696
v 0.018759907 0.040040684 0.223923504
v 0.023169823 0.041160644 0.225166529
v 0.003072239 0.037256918 0.222938937
v -0.024997219 0.025424302 0.237833605
v -0.019018706 0.036790255 0.230604892
v 0.026344487 0.048329390 0.231608888
v -0.014426272 0.027077095 0.227997952
v 0.008651244 -0.000598922 0.230374840
v -0.021256493 0.026233513 0.232917746
v -0.012234098 0.024596712 0.227831176
v -0.024411959 0.030248670 0.235987511
v 0.011040532 0.024917927 0.219379224
v 0.017394736 0.035942927 0.222225153
v -0.023343599 0.029934634 0.235037935
v 0.029657143 0.036289101 0.225948137
v 0.023558460 0.048899815 0.000076313
v 0.024588729 0.048427479 0.000067899
v 0.029338755 0.046663216 0.002336081
v 0.015055625 0.022562220 0.219718042
v 0.015560071 0.018686316 0.220058590
v 0.012440871 0.020660708 0.219389888
v 0.018737051 0.030550405 0.221128109
v 0.027389530 0.028695158 0.223966546
v 0.023220957 0.025923108 0.222136223
v 0.025692690 0.032794022 0.223593114
v 0.026297753 0.038524876 0.225018190
v -0.024198368 0.027066095 0.236098635
v 0.028560524 0.046802931 0.000027745
v -0.018518655 0.033343020 0.230259372
v 0.027321687 0.024161163 0.223752411
v 0.029759497 0.030995787 0.225171537
v 0.019891000 0.020717154 0.220983537
v 0.018172150 0.024868173 0.220543799
v 0.015174281 0.026256333 0.219953295
v 0.023191456 0.049021757 0.000081131
v 0.013726191 0.029029264 0.220168903
v 0.027477088 0.031257188 0.224346969
v -0.019670589 0.025670024 0.231681342
v -0.006861465 0.033702894 0.225265654
v 0.029643343 0.021489298 0.224850431
v 0.026056670 0.019958576 0.223263969
v -0.030203809 -0.041617667 0.059292877
v 0.037278919 -0.010004418 0.243628285
v 0.038140544 -0.007311085 0.243548076
v 0.039705120 -0.008169464 0.242856039
v 0.024191977 -0.014037820 0.245905082
v 0.029437588 -0.011950045 0.245099111
v 0.028876342 -0.014857972 0.245638849
v 0.033443086 -0.011101473 0.244654827
v 0.026430624 -0.010641838 0.244036859
v 0.035805451 -0.008545088 0.243825462
v 0.029524331 -0.018377717 0.243877123
v 0.031708198 -0.017221489 0.243569563
v 0.030082128 -0.018856477 0.242867610
v 0.034200299 -0.014135012 0.243945775
v 0.034837530 -0.006702570 0.242905868
v 0.028255846 -0.019362632 0.243513787
v 0.020564284 0.015877040 0.221883691
v 0.040637748 -0.006396956 0.242687578
v 0.029836076 -0.016917416 0.244634055
v -0.063391250 -0.018883337 0.005017292
v 0.033922032 -0.016384773 0.242647949
v 0.025594291 -0.018474199 0.245169245
v 0.035279661 -0.016504847 0.241090103
v 0.033774669 -0.018548954 0.240276360
v 0.032085787 -0.018649356 0.241663790
v 0.023263452 0.017700695 0.222399980
v 0.027431110 0.014899442 0.224468068
v 0.027939399 -0.020461071 0.243194373
v 0.030407579 0.025507745 0.225117065
v 0.031954409 -0.017759591 0.242540011
v 0.029358182 -0.020665439 0.242238309
v 0.027719673 -0.018685444 0.244135656
v 0.026066974 -0.020061040 0.243899806
v 0.039870659 -0.009633584 0.242400521
v 0.031097627 -0.020677803 0.240694843
v -0.006622347 0.049633836 0.000837776
v -0.003053607 0.050396805 0.000714338
v -0.064092770 0.006631783 0.004032826
v 0.040416713 -0.014795980 0.228638192
v 0.012658412 0.017641857 0.219979551
v 0.011500915 0.049840512 0.037509345
v 0.006284069 0.049095382 0.040719887
v 0.029506741 0.048379084 0.232323934
v 0.030157596 0.046924807 0.231730032
v 0.030673802 0.049423178 0.233748680
v 0.031202599 0.045520765 0.231138158
v 0.031681801 0.047513398 0.232840488
v 0.033553100 0.045670483 0.232375673
v 0.035364561 0.042429239 0.231905450
v 0.037098140 0.044498372 0.233851879
v 0.020010515 0.063056685 0.207841971
v -0.019535009 -0.039981055 0.068616881
v 0.011550019 0.003151411 0.227473197
v 0.011872447 -0.000059135 0.229651416
v 0.011883662 -0.002543993 0.231443886
v 0.022659980 0.002608298 0.228437078
v 0.018708979 0.000290978 0.229438901
v 0.008557113 0.008228883 0.225045162
v 0.017180973 0.004312902 0.226572013
v 0.014701576 0.000184510 0.229323095
v 0.006086869 0.012353597 0.223492230
v 0.009257933 0.012264920 0.222656653
v 0.011824136 0.014378172 0.221183533
v 0.015723374 0.015149648 0.221014909
v 0.021483176 0.006895129 0.225540975
v 0.007040454 0.015011212 0.221893727
v 0.013114866 0.008915739 0.223853484
v 0.019657846 0.011594270 0.223000573
v 0.017387150 0.008704847 0.224037341
v 0.015365335 0.011775169 0.222282888
v 0.008844103 0.015700877 0.221070220
v 0.006726538 0.017781250 0.220802761
v 0.003976094 -0.014132628 0.242829447
v 0.024906684 0.009263203 0.225326131
v 0.024069179 0.012539332 0.223853831
v -0.027440093 0.031543158 0.239456970
v -0.026149998 0.028935529 0.238533352
v -0.027718710 0.030055641 0.240046816
v 0.027484392 -0.008529738 0.241947963
v 0.025959772 -0.009042332 0.242373428
v -0.004842997 -0.008995032 0.238971559
v -0.006421190 -0.007686901 0.239998818
v -0.004707421 -0.006046945 0.237570778
v 0.030361503 -0.005426555 0.239289681
v 0.031966088 -0.005229166 0.239906396
v 0.030488697 -0.006304593 0.240784540
v 0.000204706 -0.005480274 0.235490582
v 0.016491459 -0.002626486 0.231584635
v -0.031263027 0.035590896 0.240033663
v 0.044087725 -0.010548267 0.224366643
v 0.042081775 -0.013692166 0.225241055
v -0.009476434 0.042187842 0.066926514
v -0.063941685 0.007256508 0.004004316
v -0.064005377 0.007038204 0.004014564
v -0.062118294 -0.023510416 0.005165819
v 0.019123439 0.058665695 0.193641747
v 0.042057404 0.041192225 0.236237193
v 0.040208896 0.042824054 0.235420802
v 0.037995053 0.042285161 0.233647241
v 0.041075530 0.040813060 0.235364987
v -0.061559952 -0.025119095 0.005214425
v 0.042098078 0.037392074 0.235619090
v 0.039734332 0.039968138 0.234386121
v 0.036707616 0.039571838 0.231653712
v 0.044854078 0.035539340 0.236697382
v 0.044184799 0.033404508 0.236207619
v 0.037960780 0.038709536 0.232659889
v 0.039778208 0.035730822 0.233548257
v 0.037028884 0.035782459 0.231087501
v 0.034657158 0.037698897 0.229703104
v 0.042654398 0.031545435 0.235141420
v 0.045063806 0.030541079 0.236524738
v 0.039581758 0.029826013 0.232273343
v 0.034350993 0.032471639 0.228196385
v 0.033088833 0.027060804 0.226704774
v 0.034187769 0.021277408 0.227296783
v 0.030770154 0.018166705 0.225504855
v 0.037630415 0.025347938 0.229988887
v 0.027844843 0.010940601 0.225741475
v 0.039835763 0.019314802 0.231523379
v 0.035636709 0.014759137 0.228619788
v 0.048788105 0.017450889 0.238897274
v 0.045061322 0.018153727 0.236283911
v 0.046665082 0.019679856 0.237533940
v 0.032162999 0.010527478 0.227715958
v 0.035878623 0.010365511 0.229705414
v -0.027406205 0.027991247 0.240458813
v -0.027892165 0.026256478 0.241726962
v -0.028621124 0.028856055 0.241573153
v 0.046420408 0.015135445 0.237581485
v 0.042082901 0.014493455 0.233837183
v 0.038696127 0.011280794 0.231339295
v -0.056295457 -0.036308268 0.010848040
v -0.058587239 -0.032887875 0.005441923
v 0.044749098 0.011930005 0.236681180
v 0.046238864 0.010520434 0.238535982
v 0.043548136 0.008184797 0.236878155
v -0.017899713 -0.002843910 0.244182766
v -0.020806715 -0.000239914 0.244200954
v -0.008356895 -0.005325579 0.239677846
v 0.041128812 -0.003323341 0.242562177
v 0.041889275 -0.004085167 0.242168327
v 0.039574099 -0.004705082 0.242969931
v -0.049902072 -0.041720616 0.035496258
v -0.005813322 0.057591922 0.195671281
v -0.010360784 0.055580423 0.199828662
v -0.010516876 0.055114853 0.193265078
v 0.043886895 0.022718199 0.235340919
v -0.033437293 0.033413666 0.240871405
v -0.032826806 0.032271072 0.241377631
v -0.028705193 0.011286977 0.109890198
v -0.006473160 0.058841935 0.206258728
v -0.004776293 0.058702052 0.201015316
v -0.001893265 0.060384799 0.203190991
v 0.041261997 0.009992095 0.233918743
v -0.033253735 0.029150279 0.242444166
v 0.046241452 0.008421218 0.239514042
v 0.044492186 0.005455625 0.239495044
v 0.047275383 0.012863916 0.238723944
v -0.019863010 0.045903284 0.001331119
v 0.046376643 -0.007199200 0.224009034
v 0.040416349 -0.002751489 0.242546901
v 0.036395469 -0.007092791 0.243563686
v 0.037039791 -0.005795741 0.242984743
v 0.022453103 -0.008633509 0.240225499
v 0.022809619 -0.007221833 0.238523686
v 0.025553221 -0.007367809 0.240094473
v 0.024834490 0.058109260 0.195299249
v 0.041608359 0.002368973 0.239542881
v 0.041589460 0.004822528 0.237265968
v 0.006735645 0.061162961 0.198475688
v 0.037971495 -0.003371134 0.241849370
v 0.001834578 0.060202668 0.194700716
v -0.048012512 0.005789477 0.053342506
v 0.040270871 0.003113983 0.237665361
v 0.048134672 0.011258469 0.239837748
v 0.037214515 -0.000886925 0.239058254
v 0.040484669 -0.000440761 0.241713090
v 0.036011112 -0.005129766 0.242197335
v 0.034594142 -0.004482375 0.240670420
v -0.027816655 0.022047675 0.242051163
v -0.029577123 0.025585297 0.242968495
v 0.039119458 0.001963329 0.237635225
v -0.002736983 -0.011984060 0.239742805
v 0.036283522 0.001159557 0.235545330
v -0.032402749 0.034533968 0.240523073
v 0.030096451 -0.007911840 0.242472095
v 0.032380507 -0.006384359 0.241594047
v 0.048564595 -0.005064039 0.226964568
v -0.026867530 0.015067801 0.241728172
v -0.025785297 0.013082196 0.241284334
v -0.030690459 0.030406913 0.242029385
v -0.028781711 0.031084687 0.240629543
v -0.025607712 0.015848930 0.240420112
v -0.026429997 0.024758186 0.239951190
v 0.033679090 0.052967482 0.236298921
v -0.024933086 0.009621919 0.241647719
v 0.005531417 -0.012437161 0.240922124
v 0.003790750 -0.010976117 0.239331717
v 0.006490124 -0.010564938 0.239334929
v -0.025743361 0.007948650 0.242923165
v -0.026753015 0.009656516 0.243206870
v -0.021932774 0.003071436 0.242507423
v 0.031604995 0.056799114 0.235854670
v -0.002394387 -0.008294817 0.237719980
v -0.003262227 0.061725426 0.211477153
v 0.014235456 -0.009385460 0.238891887
v 0.012698760 -0.011191616 0.241045946
v 0.011755813 -0.009605209 0.238567670
v -0.025178696 0.051822332 0.236575247
v -0.012027701 -0.003534348 0.240875093
v -0.029692137 0.047899037 0.229945287
v -0.030107686 0.046364797 0.221172462
v -0.027413688 0.050092879 0.226603552
v 0.052361355 0.000200853 0.236138197
v 0.000654960 -0.010048075 0.238624356
v 0.002696328 -0.012189546 0.240787612
v -0.023347606 0.054430623 0.235613386
v 0.032338871 -0.003537311 0.238101054
v -0.030798959 0.032810439 0.240986372
v -0.024492520 0.005986740 0.242765872
v -0.045712119 -0.001842342 0.065615325
v -0.044775878 0.002773106 0.068668364
v 0.023838993 -0.009353567 0.242361020
v 0.046992860 0.031837042 0.237223745
v -0.016091773 -0.001787854 0.241804186
v 0.011320752 0.053927336 0.022947385
v -0.030116829 0.040635170 0.192734465
v -0.028878606 0.041014123 0.187180348
v -0.018697878 -0.001352781 0.243265710
v -0.031716197 0.037462577 0.186129041
v -0.015133532 0.060018311 0.232080352
v -0.028634043 0.044535956 0.202888081
v -0.008308780 0.059992666 0.213508566
v -0.008942590 0.061574708 0.220353601
v -0.020861582 0.023123442 0.106311404
v -0.039451106 0.023798789 0.199304075
v -0.038712528 0.022407724 0.190952785
v -0.026295297 0.011433094 0.136112798
v -0.014050290 -0.005174630 0.243731636
v 0.033759183 -0.001153105 0.236106926
v -0.039466911 0.014859228 0.195675452
v -0.038394747 0.028595004 0.205095372
v -0.039990117 0.024276984 0.213259063
v 0.028249334 -0.005075919 0.238123815
v 0.029707770 -0.002299196 0.235020529
v -0.005137644 -0.011008326 0.239245768
v -0.041076646 0.022756588 0.222143229
v -0.024172419 0.016018945 0.127540664
v -0.011039702 -0.007325478 0.244212552
v -0.010536337 -0.005805529 0.242317870
v -0.021200779 0.055898618 0.235381479
v -0.011492397 0.029813318 0.107952266
v -0.013421871 0.029561579 0.102393769
v -0.018262336 0.057873038 0.230625805
v -0.015546754 0.059135553 0.227872205
v -0.001556966 0.060032992 0.198346971
v -0.002635614 0.058773198 0.191904989
v -0.034409544 0.017377246 0.175461198
v -0.012787574 0.060393190 0.223646399
v -0.022883858 0.025558613 0.085944450
v -0.021075525 0.046637625 0.173440101
v -0.011475757 0.057364247 0.210021081
v -0.036850671 0.033344773 0.230866711
v -0.040541289 0.025020914 0.231380583
v -0.023065354 0.054440064 0.228278884
v -0.021556421 0.054375631 0.221512103
v 0.004685283 0.045082757 0.068058353
v -0.007721648 0.056427834 0.188735468
v 0.028635560 -0.006596468 0.240619730
v 0.015098462 0.048163326 0.039700502
v -0.012044305 0.055819097 0.205164248
v -0.009445794 0.044155164 0.156774185
v -0.016629590 0.027406512 0.102488813
v -0.013393840 0.028549037 0.115847805
v 0.014010253 0.034131886 0.118476115
v -0.009584112 0.048526133 0.162628255
v -0.013183410 0.052846657 0.174746154
v -0.016231079 0.049716215 0.171440919
v -0.010351772 0.052546901 0.169726175
v -0.031458777 0.035883285 0.178751172
v 0.017401406 0.033095892 0.115625488
v -0.024886991 0.047585436 0.199297595
v -0.014793141 0.028017015 0.108528135
v -0.033480515 0.033024255 0.181786816
v -0.008343393 -0.007753302 0.242576771
v 0.016735514 0.052199968 0.029514724
v 0.013413617 0.053164770 0.027255187
v -0.033349113 0.041495642 0.227341485
v -0.026373665 0.007127191 0.243884433
v 0.025999272 0.051101094 0.020141942
v -0.037226794 0.031974442 0.226340289
v -0.023101583 0.047712849 0.195056894
v -0.032241512 0.011431924 0.093265703
v 0.027647991 0.059231189 0.199843193
v 0.017486271 0.049950522 0.034446973
v -0.038162941 0.029979360 0.213177660
v 0.012420016 0.051897441 0.031926490
v 0.012853666 -0.007528119 0.236137911
v 0.013248553 -0.004897122 0.233371821
v 0.007647973 -0.005168579 0.233910117
v 0.055583491 0.012800330 0.238943240
v -0.019773297 0.056287375 0.227490825
v -0.017565875 0.050425111 0.176937145
v 0.054058239 0.001244485 0.231124686
v -0.013524976 0.031760189 0.094036028
v 0.008171965 -0.008752308 0.237279623
v -0.035810986 0.035964502 0.227305956
v -0.035660666 0.037023585 0.231443487
v -0.007801701 0.041485909 0.151158926
v -0.011878121 0.054318226 0.179688475
v -0.017142111 0.051134775 0.181697331
v -0.022442566 0.051467601 0.208902959
v -0.024858439 0.048541859 0.205213443
v 0.016422371 -0.008396518 0.237734257
v -0.026013616 0.020342721 0.088841464
v 0.030565493 0.023981530 0.110266155
v -0.022216499 0.019390068 0.124982842
v -0.013393296 0.053337519 0.186540150
v -0.003037130 -0.010199803 0.238602905
v 0.051922709 -0.001738106 0.228372244
v 0.020063993 -0.007822485 0.238354957
v 0.009724103 -0.010739070 0.239615924
v -0.032830995 0.040948351 0.212299961
v -0.031950329 0.013203976 0.090434128
v -0.034184929 0.011912373 0.087485816
v -0.046006516 0.006878193 0.057856942
v -0.030405017 0.016189063 0.087712782
v -0.033886970 0.017117836 0.080486162
v -0.024962823 0.026145193 0.080183562
v -0.028080252 0.020871042 0.083574968
v -0.042005100 0.007110959 0.074865525
v -0.038197521 0.010839425 0.080901530
v -0.018994344 0.033542060 0.076038019
v -0.037946975 0.015663401 0.075223605
v 0.050761636 -0.002595334 0.224824174
v -0.043328548 0.008127315 0.067149160
v -0.036075926 0.019780802 0.072846575
v -0.033508872 0.021629371 0.074513896
v -0.038476043 0.032013427 0.038781160
v -0.040815133 0.012854476 0.071235723
v -0.029800734 0.023164682 0.077133761
v -0.025062385 0.029073071 0.074628471
v -0.032101167 0.023543322 0.073238431
v -0.045142114 0.005651600 0.062860672
v -0.043935156 0.009013121 0.061540135
v -0.042295374 0.012751088 0.063314847
v -0.037748818 0.028560986 0.046134983
v -0.038185663 0.024574311 0.054103219
v -0.040862063 0.023839592 0.048756269
v -0.029148926 0.030800875 0.062702215
v -0.040367831 0.016401360 0.064829562
v -0.037028678 0.038512398 0.027322370
v -0.033392905 0.025045140 0.068144830
v -0.030109801 0.026242807 0.072170432
v -0.038664151 0.017829331 0.069256836
v -0.036881301 0.021703442 0.066474152
v -0.036141087 0.024612794 0.061006186
v -0.039120921 0.020730642 0.060831502
v -0.041905091 0.016886328 0.058746443
v -0.033702945 0.028815374 0.055461060
v -0.028515927 0.032909132 0.055937479
v -0.028413117 0.029177997 0.069234894
v -0.033524594 0.027334720 0.061430044
v -0.041483629 0.020786732 0.053423779
v -0.031630118 0.036173599 0.039658421
v -0.030883855 0.033342800 0.048377086
v -0.024773071 0.035833471 0.053668031
v -0.042932507 0.024421288 0.043653417
v -0.034678823 0.032592838 0.043167520
v -0.046817296 0.001479513 0.059501095
v 0.000226182 0.059418469 0.187780636
v -0.020154920 0.049849704 0.195601252
v 0.007791690 -0.011379556 0.240903643
v -0.036144970 0.035063179 0.219509755
v 0.004552029 -0.009610598 0.238149520
v 0.004025859 -0.007840767 0.236567571
v 0.051743856 0.010211001 0.241346753
v 0.053286234 0.014880065 0.240689535
v 0.053855865 0.012058334 0.240306374
v 0.050267937 0.004844445 0.241466375
v 0.047912511 0.007494771 0.241508101
v 0.044790287 -0.002480926 0.241370268
v 0.044929887 -0.000169684 0.242081972
v 0.046020480 -0.000292719 0.241669847
v 0.050276723 0.013622328 0.240801588
v 0.050812424 0.001848221 0.240002615
v 0.049213640 -0.000156265 0.239856984
v 0.047924938 0.000665130 0.241063245
v 0.047482858 0.002072881 0.241734262
v 0.047372121 0.003563101 0.242231692
v 0.052232461 -0.001038847 0.231306754
v 0.052433588 -0.000771455 0.233608804
v 0.044861204 0.002537843 0.241728468
v 0.046207722 0.001293469 0.242174613
v 0.042752502 0.000861146 0.241715331
v 0.043209085 -0.005180320 0.241121384
v 0.046135057 -0.004073336 0.239401306
v 0.044386732 -0.006363364 0.239535278
v 0.042912827 -0.001068219 0.242404587
v 0.048753225 0.014141957 0.239456804
v 0.050720895 -0.002133510 0.235534144
v 0.047875908 -0.004332296 0.236351988
v 0.050620588 -0.002783479 0.232555079
v 0.047777517 -0.002875167 0.239066646
v 0.046934537 -0.002347284 0.240113079
v 0.048548784 -0.001713328 0.239130104
v 0.048630804 -0.003293782 0.237505854
v 0.050569849 -0.000640418 0.238270965
v 0.046767919 -0.001284070 0.241068519
v 0.047888166 -0.001134969 0.240404656
v 0.046643030 0.000881081 0.241519134
v 0.040783448 0.048302244 0.194495867
v 0.041523521 0.046302010 0.186687867
v 0.044133549 0.044276213 0.192150469
v 0.022579972 0.050562424 0.029851399
v 0.023561293 0.047524093 0.035256177
v 0.041577802 0.038381127 0.031642837
v 0.037292641 0.041621116 0.031762232
v 0.038848460 0.042262790 0.027077186
v 0.012511425 0.041151776 0.147427820
v 0.011694332 0.038959176 0.142604294
v 0.016094177 0.038958607 0.145174475
v 0.032782539 0.030333125 0.084739559
v 0.034333610 0.031361129 0.078501111
v 0.040666105 0.054009304 0.218319952
v 0.041712615 0.053687134 0.219290306
v 0.040311988 0.053967995 0.218959516
v 0.045702664 0.035545765 0.029919215
v 0.045382146 0.032986838 0.034263320
v 0.023654726 0.034011266 0.141875008
v 0.025387117 0.036278947 0.147649619
v 0.020897638 0.037927409 0.146759715
v 0.044209824 0.026813599 0.043097496
v 0.044205905 0.030042638 0.039252005
v 0.047527004 0.025193428 0.039724456
v 0.032440947 0.024736234 0.138570704
v 0.034234819 0.027633233 0.146101377
v 0.029901823 0.028674351 0.140285010
v 0.023706827 0.029615454 0.118629425
v 0.025864175 0.028154633 0.121925806
v 0.023882496 0.029922059 0.125913237
v 0.026441536 0.031225775 0.139560206
v 0.026110230 0.029451695 0.133038086
v 0.019026903 0.036105500 0.141275378
v 0.037641861 0.024295214 0.087395119
v 0.037456716 0.021353728 0.092766861
v 0.034077715 0.026479414 0.091181957
v 0.031850929 0.030278579 0.146056894
v 0.030114478 0.060534506 0.217865144
v 0.027868895 0.062019342 0.216400100
v 0.029987234 0.060406517 0.214152651
v 0.024647475 0.044059295 0.040555881
v 0.028696330 0.044032977 0.036701565
v 0.037929012 0.038715036 0.035710761
v 0.033625522 0.042793749 0.034577048
v 0.056999657 0.018764546 0.003681611
v 0.057659205 0.018554820 0.007856725
v 0.054543796 0.023677080 0.005411138
v 0.015267167 0.037233213 0.140527855
v 0.045535279 0.041740115 0.176176325
v 0.043138537 0.042294289 0.171888778
v 0.045279487 0.039686407 0.171387987
v 0.017069731 0.043085885 0.152225926
v 0.023581428 0.045350050 0.158060946
v 0.019087093 0.048138490 0.159861547
v 0.029643009 0.026268806 0.133631196
v 0.023626373 0.032181523 0.136776437
v 0.019364094 0.047308476 0.038675076
v 0.027151037 0.040693224 0.045224204
v 0.032181013 0.037392430 0.045323340
v 0.029928600 0.038036111 0.047953926
v 0.036860342 0.051559272 0.194044901
v 0.037299616 0.049962694 0.188869998
v 0.043835018 0.044249517 0.181826473
v 0.040938764 0.046786016 0.182088186
v 0.040513116 0.034900463 0.038121942
v 0.041253902 0.036515400 0.035104016
v 0.033626981 0.039026196 0.040317110
v 0.041759455 0.041343632 0.168301809
v 0.043874054 0.036770463 0.166077345
v 0.024574965 0.040746717 0.152882328
v 0.020920451 0.033944425 0.137653425
v 0.017068829 0.035368588 0.136603630
v 0.032059332 0.056821354 0.204535909
v 0.030453750 0.058082254 0.207398969
v 0.030100051 0.058162348 0.204176293
v 0.014704829 0.034782455 0.130677008
v 0.011749471 0.036748192 0.136501755
v 0.033552761 0.053155990 0.191823504
v 0.030092036 0.056473001 0.195962113
v 0.009973579 0.035663742 0.130365832
v 0.011085298 0.034768578 0.124526733
v 0.035223897 0.022594176 0.096844264
v 0.035206059 0.019786076 0.103832709
v 0.032818139 0.024799947 0.098676394
v 0.007529453 0.035323133 0.127522112
v 0.009597583 0.035278341 0.127547271
v 0.032224494 0.022377920 0.132041553
v 0.034109813 0.021443438 0.137171409
v 0.042647184 0.052677264 0.215612909
v 0.041507728 0.053524595 0.213435592
v 0.043847972 0.051569422 0.213044504
v 0.039756435 0.047521650 0.178281847
v 0.036499716 0.049866260 0.180981639
v 0.033674633 0.050975819 0.177928380
v 0.020678585 0.032547042 0.131126625
v 0.040103854 0.032275354 0.042488348
v 0.053900723 0.036834417 0.213294913
v 0.041125830 0.053551383 0.216737631
v 0.043393509 0.052509701 0.218210140
v 0.037147358 0.042939436 0.164929980
v 0.034654831 0.039669053 0.158922448
v 0.039159888 0.037992308 0.161650317
v 0.028723022 0.046750767 0.032317155
v 0.031948287 0.034423332 0.075102983
v 0.030335772 0.037366762 0.052532619
v 0.026944781 0.039655075 0.050441413
v 0.021908880 0.043562245 0.044915199
v 0.016925560 0.033358459 0.123794310
v 0.045956834 0.041740409 0.186872297
v 0.046846774 0.048000308 0.211153852
v 0.043023960 0.050254276 0.204353996
v 0.038560004 0.052014724 0.199632200
v 0.039993546 0.052329718 0.204135359
v 0.037894242 0.053203359 0.203493227
v 0.035182028 0.032364099 0.072273705
v 0.029804226 0.024544457 0.127336340
v 0.027901973 0.026960737 0.128488207
v 0.038297898 0.048764226 0.183475991
v 0.026261803 0.028166594 0.126471141
v 0.038899730 0.000291770 0.105332426
v 0.037977838 0.001307295 0.110338511
v 0.038983589 0.003857349 0.105895121
v 0.038221958 -0.002381432 0.106265337
v 0.037927515 0.005741293 0.111635122
v 0.039450552 -0.001669190 0.102800797
v 0.038644960 -0.004388103 0.102339630
v 0.058537789 0.021309398 0.234987962
v 0.056779043 0.023511845 0.236964312
v 0.058224021 0.025235253 0.235270363
v 0.059708705 0.020449901 0.212794091
v 0.060383535 0.022753615 0.219788966
v 0.058905430 0.026087950 0.214511571
v 0.054257594 0.023370275 0.238661641
v 0.055698377 0.026370861 0.237206879
v 0.057931071 0.032220341 0.231273368
v 0.059711460 0.027856499 0.229191053
v 0.058250760 0.029832551 0.233326928
v 0.040467074 0.054323200 0.220521184
v 0.038738774 0.054597159 0.222910560
v 0.037218147 0.054977713 0.218155079
v 0.035149249 0.055726940 0.221077501
v 0.023199076 0.041883178 0.049583781
v 0.036579733 0.055197527 0.225292494
v 0.033173091 0.057521441 0.223764363
v 0.041535770 0.053873858 0.223644543
v 0.030050192 0.037765854 0.059076979
v 0.032145120 0.035776232 0.067171085
v 0.039573970 0.054062701 0.217870435
v 0.033114583 0.057075666 0.220594826
v 0.043796953 0.052878956 0.222736387
v 0.031297397 0.058491574 0.217364509
v 0.031485098 0.058686265 0.220084393
v 0.033206792 0.056517786 0.217299295
v 0.031074913 0.059157347 0.215400143
v 0.035460839 0.054859943 0.213306060
v 0.038916445 0.054170071 0.214638030
v 0.025896954 0.062449954 0.213406323
v 0.028128933 0.060935557 0.212560016
v 0.047598920 0.044560068 0.203951559
v 0.047121709 0.041699068 0.195844665
v 0.050072580 0.039384462 0.200939235
v 0.040842880 0.029080191 0.047051295
v 0.031788262 0.057077933 0.212174696
v 0.036829045 0.053918031 0.210425918
v 0.037654947 0.053753676 0.212295534
v 0.034900560 0.054895923 0.209186816
v 0.020941271 0.031512487 0.124022901
v 0.050577285 0.042307315 0.210585218
v 0.034790258 0.018376346 0.133851487
v 0.033632910 0.018791856 0.128890084
v 0.035646000 0.014290021 0.129790777
v 0.045147643 0.021029140 0.064398592
v 0.042929204 0.024500926 0.056760094
v 0.046310913 0.019014734 0.056387141
v 0.035966278 0.014538546 0.113746202
v 0.034211970 0.017711201 0.115527919
v 0.034451222 0.018429781 0.111317240
v 0.036086877 0.018396657 0.139255150
v 0.045626001 0.009240686 0.084486429
v 0.044040262 0.013420050 0.085362989
v 0.046570587 0.012347992 0.079858097
v 0.047702253 0.006336727 0.080825959
v 0.048841328 0.008243613 0.076628708
v 0.050018646 0.002788218 0.074885834
v 0.028724757 0.055109328 0.190277878
v 0.024296146 0.051403884 0.024283116
v 0.028499266 0.049701881 0.023389282
v 0.033732652 0.045098259 0.029763962
v 0.041192847 0.052599819 0.208844794
v 0.050772716 0.007003806 0.058001996
v 0.051375984 0.003062978 0.061963000
v 0.050791436 0.006201980 0.065458406
v 0.031977745 0.021276040 0.125787898
v 0.036557223 0.033929493 0.045603793
v 0.033296914 0.035413605 0.049316654
v 0.045917980 0.050629470 0.219167100
v 0.044679596 0.024408351 0.046568864
v 0.019075008 0.044037976 0.048427047
v 0.035496371 0.046482840 0.168197445
v 0.036397581 0.048249868 0.173109624
v 0.030996972 0.049707179 0.170010373
v 0.044585031 0.046104572 0.198669690
v 0.045624554 0.047415877 0.204440899
v 0.028774668 0.032802263 0.145842944
v 0.056840649 0.021587222 0.011380243
v 0.045889115 0.020882165 0.050641447
v 0.049310766 0.016247253 0.046980564
v 0.048611913 0.015319280 0.051571397
v 0.028150352 0.060860375 0.208727216
v 0.029578149 0.059556928 0.210751426
v 0.038974088 0.053436318 0.210951619
v 0.027797357 0.026405235 0.123562449
v 0.047183925 0.033102458 0.004066559
v 0.047888984 0.033809270 0.009935647
v 0.042115894 0.038163944 0.004888351
v 0.044272392 0.038322294 0.026628116
v 0.047963551 0.034496229 0.026317336
v 0.025146427 0.040438308 0.055073073
v 0.019832094 0.042952682 0.055301113
v 0.029797271 0.037582130 0.152706126
v 0.037370074 0.031722100 0.050771216
v 0.047298040 0.020570568 0.046299842
v 0.049907041 0.011225990 0.054057454
v 0.048131425 0.015032400 0.055965479
v 0.055905879 0.020598245 0.000795848
v 0.047602429 0.016290321 0.061358166
v 0.028609293 0.048705086 0.027454019
v 0.033592647 0.051744043 0.185376484
v 0.034534235 0.046408877 0.014686974
v 0.033413895 0.047184537 0.023516817
v 0.029991097 0.049352380 0.019152513
v 0.046006545 0.031191245 0.164576307
v 0.047668093 0.035191832 0.170520414
v 0.042997300 0.025404971 0.050495888
v 0.028958129 0.058944813 0.204040002
v 0.029112291 0.059425311 0.205534420
v 0.027041563 0.060218746 0.204128193
v 0.031846742 0.057959808 0.215693238
v 0.036343457 0.020172475 0.098203842
v 0.032250803 0.020505752 0.121177726
v 0.030061632 0.023695896 0.121259772
v 0.031918482 0.021418500 0.115766390
v 0.027979802 0.038888807 0.053917444
v 0.020115451 0.031778077 0.119146406
v 0.034485455 0.034009058 0.055768858
v 0.040394309 0.028129419 0.052919435
v 0.040008612 0.021303529 0.086692689
v 0.028337922 0.062283083 0.219891743
v 0.040914224 0.041882634 0.016938876
v 0.044529989 0.038233563 0.013435251
v 0.045079572 0.038563257 0.018464743
v 0.028013489 0.026015336 0.117268851
v 0.029059511 0.058708837 0.202671820
v 0.034543758 0.033183171 0.152352632
v 0.037916224 0.030826837 0.056090562
v 0.050623610 0.028495484 0.000169550
v 0.050401961 0.028819744 0.000364115
v 0.050415306 0.028805903 0.000162805
v 0.050133699 0.029129217 0.000157471
v 0.042764571 0.040569928 0.022362398
v 0.041009773 0.016275384 0.090299896
v 0.043440012 0.019012055 0.080393015
v 0.033649841 0.034893875 0.061810959
v 0.037329598 0.031687070 0.064534580
v 0.035212447 0.054816466 0.202977753
v 0.034502473 0.054470934 0.197452005
v 0.031446912 0.057065160 0.200999774
v 0.040871309 0.031685105 0.158101493
v 0.040205998 0.028298716 0.058944088
v 0.051224206 0.002821781 0.068095635
v 0.051526631 -0.001437508 0.062040355
v 0.039599634 0.024510405 0.081288766
v 0.047032120 0.036547385 0.022278808
v 0.038362441 0.044014969 0.021098824
v 0.038410737 0.028368900 0.074703518
v 0.036238771 0.027697935 0.082964459
v 0.047775981 0.028010594 0.036552158
v 0.032872843 0.055815255 0.207040631
v 0.036517145 0.054645340 0.230737114
v 0.034197119 0.056741738 0.230381278
v 0.034636727 0.056365366 0.227723532
v 0.040784400 0.053584804 0.225801057
v 0.039540179 0.053990424 0.227590018
v 0.038917047 0.054228854 0.225361328
v 0.039275319 0.053787346 0.231055986
v 0.038864794 0.053849687 0.229616542
v 0.041159095 0.053596529 0.230478906
v 0.041820203 0.051335545 0.234249170
v 0.039116241 0.052968877 0.232557176
v 0.042115895 0.052135572 0.232695077
v 0.040548266 0.053538046 0.229179077
v 0.043030128 0.053469439 0.228779711
v 0.043195597 0.053129188 0.225988340
v 0.057521352 0.017559446 0.000418752
v 0.058312625 0.015774874 0.000468172
v 0.059266100 0.013662001 0.004864045
v 0.044357715 0.051258019 0.233017752
v 0.045064601 0.052046802 0.226936328
v 0.043433760 0.052683776 0.231380794
v 0.037127302 0.054786082 0.228176837
v 0.051771582 0.001283914 0.056772215
v 0.052303768 -0.002957079 0.054613599
v 0.032908048 0.021130239 0.110282705
v 0.041209120 0.053068150 0.231817651
v 0.035798226 0.012805341 0.125021254
v 0.035588320 0.013995573 0.121056794
v 0.036696374 0.010078581 0.122195512
v 0.032698301 0.058771839 0.226718545
v 0.033090220 0.058593389 0.229222630
v 0.024338088 0.062225812 0.208373903
v 0.027417180 0.053987673 0.183427973
v 0.027592374 0.052800948 0.175896858
v 0.053678828 0.027853013 0.014041821
v 0.049289494 0.034035722 0.017004626
v 0.050980446 0.032176218 0.022493867
v 0.017681283 0.051959095 0.165734293
v 0.023945147 0.052208700 0.170060101
v 0.018390759 0.053859131 0.170603974
v 0.011812561 0.049455673 0.159397305
v 0.009385253 0.043899690 0.151133956
v 0.008712745 0.058923265 0.188112131
v 0.055060820 0.003708016 0.220063946
v 0.053101252 0.000458084 0.223153166
v 0.055854160 0.004107005 0.226221644
v 0.040162112 0.044982470 0.171584364
v 0.054450957 0.013802019 0.239744962
v 0.055171851 0.015791046 0.239333020
v 0.038141021 0.017422591 0.097268552
v 0.059703727 0.014380576 0.221095879
v 0.059170777 0.013490053 0.217349535
v 0.058587813 0.011926126 0.221052583
v 0.037696284 0.053643883 0.206877256
v 0.037131324 0.029410264 0.151810320
v 0.058953451 0.012694616 0.225412191
v 0.059554697 0.014347547 0.223458558
v 0.039425058 0.041955554 0.011316553
v 0.056713682 0.016088221 0.237611958
v 0.041816206 0.024142204 0.075010429
v 0.041717693 0.026424192 0.066263137
v 0.054468430 0.023238203 0.000275500
v 0.055732754 0.020871249 0.000335423
v 0.052733217 0.036431680 0.205549516
v 0.014985610 0.057816417 0.187643154
v 0.009046852 0.058403764 0.182831503
v 0.015832274 0.056532050 0.179664645
v 0.051565011 0.019989591 0.240048402
v 0.054517683 0.018524096 0.239663436
v 0.030445437 0.044433473 0.160944564
v 0.050569682 0.029550823 0.006710170
v 0.036053920 0.043252836 0.005964397
v 0.055918689 0.018294939 0.238361148
v 0.024799578 0.049047665 0.164139915
v 0.021133075 0.055826798 0.184057232
v 0.022511355 0.056557839 0.189186245
v 0.060012512 0.016106709 0.226890963
v 0.060254742 0.017805940 0.221048883
v 0.020781568 0.054439819 0.174814490
v 0.013248013 0.055850798 0.173031951
v 0.005278738 0.058846017 0.185188344
v -0.000387326 0.036498858 0.134789131
v 0.002867730 0.037844158 0.138143798
v -0.000500285 0.038503056 0.140710975
v 0.035189568 0.015330022 0.117493129
v 0.036464014 0.011775558 0.117481014
v 0.003865694 0.058949469 0.180813630
v 0.057214586 0.007134110 0.230081937
v 0.058345229 0.009760115 0.226388965
v 0.022935397 0.054746514 0.179419739
v 0.060455245 0.019297674 0.227420648
v 0.057484268 0.018862518 0.237128232
v 0.057186357 0.008023627 0.218692301
v 0.049265226 0.012153493 0.058725177
v 0.052319352 0.003159661 0.051055659
v 0.052850454 -0.000596836 0.050836738
v 0.007921766 0.057935298 0.177401845
v 0.054071749 0.020725569 0.239165791
v 0.052439988 0.032731362 0.196750610
v 0.055917227 0.030579497 0.207316831
v 0.029781994 0.046270285 0.000016694
v 0.043399913 0.021670351 0.074546584
v 0.059237189 0.013356877 0.227940569
v 0.059573820 0.013989321 0.226182508
v 0.059125884 0.014479428 0.212740540
v 0.056161988 0.020866194 0.237908330
v 0.057783038 0.024176175 0.206220845
v 0.055004094 0.026768160 0.198570445
v 0.056366869 0.021941166 0.199329408
v 0.031822289 0.061046500 0.227874151
v 0.032082289 0.060596104 0.230198290
v 0.038210117 0.015322540 0.100459951
v 0.038329790 0.012638456 0.102808139
v 0.032885141 0.058477013 0.231888204
v 0.048026220 0.020772025 0.238385805
v 0.057326083 0.034031884 0.226948818
v 0.040285551 0.001205105 0.100786312
v 0.040307778 0.006631175 0.100230779
v 0.042217732 0.003052919 0.095109488
v 0.031456623 0.060796451 0.225115340
v 0.029395772 0.062211083 0.222782132
v 0.030228801 0.061087329 0.220909164
v 0.031120582 0.060238538 0.222666434
v 0.057389578 0.031665272 0.218533658
v 0.010148320 0.054402955 0.167536773
v 0.014536257 0.054326655 0.169460050
v 0.005687410 0.052299791 0.162993008
v 0.038346541 0.008574809 0.106775025
v 0.050161863 0.007431473 0.071071121
v 0.049221043 0.011670016 0.065711942
v 0.007867311 0.040467161 0.144948390
v 0.004000707 0.042419587 0.148166520
v 0.003466617 0.039573873 0.142588556
v 0.000281780 0.040486563 0.144955759
v 0.007215083 0.038320788 0.139761354
v 0.005867313 0.036473703 0.133542184
v 0.047512833 0.025331290 0.163032491
v 0.050088060 0.023882324 0.166913700
v 0.050035109 0.028932810 0.169833668
v 0.002775583 0.035238901 0.127816885
v 0.035501606 0.022802440 0.142635812
v 0.038078211 0.019848222 0.145421727
v 0.038440991 0.024984081 0.150216898
v 0.059737809 0.017065486 0.231324660
v 0.058491121 0.013934732 0.233890771
v 0.058390929 0.017016595 0.235285597
v 0.058145819 0.019374733 0.204972312
v 0.058906707 0.017040328 0.208580835
v 0.045461289 0.019354683 0.072044068
v 0.046434171 0.015819683 0.075661531
v 0.040640868 0.012558940 0.147766089
v 0.040563924 0.016360150 0.148595493
v 0.038904262 0.013428528 0.143018178
v 0.048500353 0.011812586 0.073767711
v 0.044455819 -0.008627485 0.086183787
v 0.045755820 -0.003596775 0.085645550
v 0.047457531 -0.005788271 0.080899759
v 0.057844021 0.009404066 0.231210846
v 0.058891693 0.012380474 0.231138442
v 0.040272525 0.011775831 0.096778873
v 0.048366924 0.020072900 0.162141607
v 0.036618671 0.009438407 0.127168828
v 0.056781055 0.007731041 0.233755780
v 0.059738220 0.026763136 0.222248834
v 0.056695872 0.034980903 0.231968436
v 0.055566331 0.037257975 0.230469560
v 0.047228963 0.016883252 0.066652095
v 0.058113427 0.010839776 0.234173769
v 0.041224904 -0.009167487 0.092302225
v 0.039246204 -0.007465878 0.098180570
v 0.042462411 -0.004505025 0.092548064
v 0.047421783 0.015335275 0.071049927
v 0.051073465 -0.001048398 0.069412561
v 0.042080290 0.006955512 0.094504650
v 0.036762534 0.010260544 0.132194416
v 0.036914287 0.007288035 0.130007028
v 0.049789693 -0.003999511 0.074248502
v 0.047908401 0.000134570 0.081624202
v 0.043688476 0.022922837 0.070372478
v 0.034180416 0.043764595 0.000000000
v 0.032314661 0.044802372 0.000008068
v 0.004129108 0.047279011 0.155666947
v 0.055545020 -0.000317825 0.043702608
v 0.057424624 -0.007485787 0.040940576
v 0.054521239 -0.005731556 0.046153992
v 0.053311848 -0.003299037 0.049314227
v 0.060093961 -0.004909245 0.036874257
v 0.053152266 0.006028803 0.046679231
v 0.061016993 -0.000614139 0.034791957
v 0.051258275 0.007447586 0.051717515
v 0.037477523 0.041480710 0.000003427
v 0.043480786 0.026276715 0.157659224
v 0.051090939 -0.006841498 0.057538894
v 0.034064120 0.017215980 0.124190647
v 0.033990345 0.017903810 0.119266158
v 0.043326409 0.009568418 0.089749845
v 0.043693342 0.004637920 0.090587593
v 0.044376813 0.000598230 0.089473512
v 0.045714548 0.005068209 0.085891385
v 0.036890261 0.014020362 0.108275806
v 0.044293992 0.020661046 0.156147405
v 0.040884078 0.021241143 0.151378340
v 0.037036863 0.013806933 0.137067489
v 0.040352409 -0.002964432 0.099038908
v 0.034971185 0.054729922 0.206392811
v 0.061530073 0.006839688 0.000735105
v 0.061188567 0.007705669 0.004567948
v 0.060401039 0.010358684 0.000626361
v 0.061646217 0.009376955 0.009828039
v 0.046248773 0.041507546 0.191129570
v 0.056253022 0.019919915 0.000359190
v 0.063160750 0.009722029 0.016866914
v 0.060261135 0.015846477 0.012867357
v 0.059340264 0.013282068 0.000539238
v 0.060270587 0.010764570 0.000613824
v 0.046484842 0.033590590 0.000077672
v 0.044432129 0.035622273 0.000051572
v 0.041426118 0.038466619 0.000018494
v -0.004330431 0.057910189 0.184658148
v 0.037563317 0.041410280 0.000003949
v -0.007217401 0.056588479 0.184684694
v 0.052558318 0.030050999 0.018722021
v 0.002677673 0.059356938 0.184758663
v -0.000377846 0.043808192 0.151125634
v -0.001077203 0.048098050 0.157781525
v -0.004511268 0.051987028 0.164512761
v -0.000991302 0.055380867 0.169037218
v -0.005032548 0.055892933 0.172375762
v -0.000612982 0.059076834 0.181786525
v -0.003882866 0.040478925 0.146739865
v -0.009629401 0.055561602 0.183983016
v -0.007868048 0.056327704 0.182022091
v -0.005088919 0.045246724 0.155382247
v 0.006630448 0.056907755 0.172640056
v 0.000937066 0.058108730 0.175333031
v 0.003446116 0.055619799 0.168790411
v -0.005512225 0.057111651 0.178433094
v -0.009356673 0.055014216 0.175267971
v 0.000977910 0.052489875 0.163586429
v 0.042081644 -0.000675392 0.095090447
v 0.038504580 -0.012506055 0.094390223
v 0.044491128 0.014816726 0.155231535
v 0.049707618 0.015961313 0.163696720
v 0.037424396 0.010327467 0.112583935
v 0.036774772 -0.006551921 0.105240181
v 0.049497540 0.018529953 0.043463810
v 0.056010994 0.010630220 0.038596365
v 0.054427766 0.008034434 0.042640899
v 0.052488028 0.013951631 0.042235568
v 0.057962268 0.021469777 0.016879407
v 0.057738814 0.021800678 0.022979721
v 0.055761176 0.025580966 0.019581364
v 0.056932302 0.016292109 0.033631721
v 0.055033912 0.015627533 0.036945438
v 0.054903299 0.020694570 0.032928196
v 0.050935899 0.020163018 0.039559019
v 0.047308409 0.022413672 0.043358120
v 0.051806588 0.011246021 0.046095358
v 0.053346721 0.027270033 0.026998591
v 0.055427763 0.024035806 0.027661423
v 0.051101396 0.027673142 0.031681257
v 0.050063632 0.013121526 0.048510507
v 0.057454853 0.020092777 0.027663374
v 0.058731713 0.016179159 0.029925978
v 0.060937338 0.016193416 0.020344177
v 0.061620680 0.013417386 0.025445978
v 0.059567303 0.017638228 0.025155844
v 0.050850990 0.010684602 0.049635175
v 0.050715755 0.024106262 0.036106253
v 0.055573266 0.005949205 0.041612357
v 0.055637401 0.004685735 0.041849322
v 0.058390739 0.012198606 0.034015364
v 0.050618459 0.031625840 0.026191016
v 0.060219466 0.007901053 0.033207555
v 0.061312012 0.010525805 0.029753765
v 0.056692402 0.006632205 0.039748671
v 0.062815281 0.011342225 0.021881455
v 0.058217013 0.008186450 0.036713073
v 0.051334590 0.029470776 0.027835605
v 0.048940123 0.032166275 0.029365588
v 0.054970480 0.026082854 0.023759951
v 0.058891783 0.004078059 0.037039730
v 0.062655820 0.004025035 0.030404444
v 0.053627787 0.028540566 0.021524107
v 0.052727695 0.029110217 0.024770199
v 0.063996280 0.007520517 0.021099845
v 0.063537407 0.007757539 0.025316883
v 0.054131973 0.027997720 0.018404749
v 0.041806293 0.009314241 0.151003291
v 0.044816133 0.006645655 0.157645378
v 0.047066891 0.011140144 0.159819299
v 0.056195831 0.017098924 0.183472651
v 0.055777744 0.016646773 0.178324120
v 0.056433924 0.013461537 0.182610655
v 0.058114718 0.011050862 0.217515048
v 0.055500687 0.010197344 0.198269955
v 0.055175934 0.010223822 0.192886290
v 0.054284129 0.006542808 0.195279815
v 0.056475585 0.007647757 0.213023886
v 0.058131258 0.010825822 0.214485308
v 0.057980016 0.011846112 0.207725301
v 0.057539197 0.009588149 0.210328288
v 0.052013880 -0.000523334 0.212384323
v 0.055094944 0.004034542 0.214798168
v 0.055547995 0.005078904 0.208983636
v 0.055653057 0.019862868 0.194162775
v 0.055544792 0.018118798 0.189839053
v 0.055750195 0.015546940 0.193720407
v 0.056044674 0.013569564 0.189169308
v 0.052361269 0.000307415 0.218273671
v 0.055410022 0.020498719 0.180967092
v 0.055437019 0.021085534 0.185203961
v 0.057584262 0.014104853 0.203474046
v 0.056450131 0.008175378 0.203626416
v 0.036765877 0.006693366 0.127640078
v 0.055877346 0.013467780 0.197384234
v 0.055873625 0.005742290 0.178782880
v 0.056149999 0.006153949 0.181722912
v 0.056583888 0.009171505 0.182107974
v 0.056883284 0.008696293 0.207524694
v 0.056507374 0.017490920 0.198635633
v 0.048752655 0.008323786 0.163535746
v 0.052123993 0.011691629 0.168078611
v 0.055735055 0.005478493 0.185077094
v 0.054759974 0.006355748 0.198969807
v 0.037102767 0.005358932 0.123766453
v 0.055932551 0.009062055 0.187410726
v 0.056362034 0.011658436 0.185637565
v 0.054151764 0.003101944 0.202438434
v 0.055759887 0.016618613 0.187168898
v 0.058579663 0.014626698 0.208149208
v 0.055410939 0.013159967 0.174717056
v 0.053583822 0.017466327 0.171416997
v 0.054363342 0.026629290 0.185408680
v 0.054792760 0.022849845 0.189703627
v 0.054582912 0.025636839 0.180369837
v 0.054376123 0.022070841 0.176256013
v 0.055031708 0.023802485 0.194190324
v 0.056194490 0.014222499 0.185544803
v 0.054764217 0.008749874 0.173817545
v 0.037255115 0.003567085 0.116756064
v 0.037231693 0.007568463 0.117438220
v 0.052890068 0.000317148 0.206803109
v 0.054770714 0.005263795 0.190271474
v 0.056509830 0.012471102 0.179146080
v 0.052324536 0.023507043 0.171482331
v 0.056226387 0.010013403 0.177714134
v 0.050996378 0.019992145 0.167095288
v 0.051712269 0.007004089 0.168932736
v 0.040681547 0.004252203 0.151230767
v 0.060265610 0.022385393 0.230585828
v 0.060559388 0.022994686 0.225612459
v 0.059535241 0.024888998 0.232943343
v 0.037946867 0.015910538 0.142231113
v 0.058832485 0.029973672 0.224430064
v 0.047779421 0.037826222 0.173984688
v 0.057459974 0.013302176 0.236365371
v 0.040616476 -0.020581311 0.081027151
v 0.041254715 -0.016710185 0.085173118
v 0.043853189 -0.016383348 0.079832151
v 0.058735013 0.027255196 0.233366360
v 0.053672752 0.003672424 0.197107815
v 0.052395928 -0.000281034 0.199456086
v 0.052977576 0.003432690 0.193719765
v 0.052448733 0.001995793 0.193335078
v 0.051918613 0.000464746 0.195018121
v 0.062356781 0.004163853 0.008312069
v 0.063678647 0.004165142 0.013673521
v 0.047106732 -0.002752152 0.168214398
v 0.042908603 -0.006029324 0.164904213
v 0.044785356 -0.008355362 0.169885275
v 0.054214835 -0.011450147 0.045218086
v 0.051249904 -0.016788338 0.048525873
v 0.052172163 -0.011439806 0.049399546
v 0.049394894 -0.008515794 0.070413942
v 0.050599689 -0.006112669 0.065968545
v 0.045760973 0.000448120 0.163363286
v 0.050262650 0.002510010 0.169063102
v 0.047745989 0.004545390 0.163589696
v 0.047888801 -0.009687223 0.076211311
v 0.046625096 -0.008877131 0.080897141
v 0.045201272 -0.019983425 0.064428361
v 0.046722249 -0.016186765 0.069405245
v 0.048114177 -0.014505183 0.063657517
v 0.061715111 0.005744185 0.000773317
v 0.062144740 0.002467263 0.003338502
v 0.054817183 0.001728851 0.181153894
v 0.053828217 0.000731107 0.177871734
v 0.052958447 -0.002300755 0.181428170
v 0.049968981 -0.007054567 0.181119084
v 0.051306296 -0.005085855 0.184451205
v 0.042674129 -0.019722560 0.077610103
v 0.038638136 -0.000886084 0.151938208
v 0.040902481 -0.003780676 0.159458973
v 0.043118975 0.001921135 0.157818666
v 0.057449881 0.028092689 0.235465857
v 0.045664877 -0.011959479 0.080817929
v 0.043378139 -0.013127975 0.084666323
v 0.052618300 0.001535550 0.191584800
v 0.051209028 -0.004246973 0.178229110
v 0.055422964 0.003958843 0.182472520
v 0.052816401 0.027646188 0.175205893
v 0.050566396 0.033426206 0.174903097
v 0.053815952 0.027423318 0.191107523
v 0.050679680 0.035703127 0.182076367
v 0.051617117 0.033638300 0.184999712
v 0.049235556 0.037070019 0.186009830
v 0.052709939 0.030696863 0.178095373
v 0.053115492 0.031069487 0.182145106
v 0.049703735 0.037155258 0.194728122
v 0.048008296 0.038901987 0.190637611
v 0.050761216 0.034100667 0.189656250
v 0.047580636 0.039950984 0.181962818
v 0.049023243 0.037943783 0.179214083
v 0.048991168 0.037300743 0.176599926
v 0.051182711 0.034492379 0.178811403
v 0.052212901 0.031030701 0.190393275
v 0.052920325 0.030414602 0.186726652
v 0.046688922 0.050630366 0.224720520
v 0.038121401 0.052351833 0.234616940
v 0.035834419 0.054386352 0.233447925
v 0.033097048 0.056893641 0.234120603
v 0.034258908 0.054367001 0.235434438
v 0.043762682 0.027210690 0.235519365
v 0.045334744 0.027932054 0.236638483
v 0.034424688 0.056156854 0.232243433
v 0.050346544 0.029944832 0.237915280
v 0.048608855 0.027869885 0.238201897
v 0.049652117 0.033010962 0.237079340
v 0.047346750 0.024785647 0.237945386
v 0.051662215 -0.000106129 0.173563682
v 0.053481585 0.004231602 0.174017825
v 0.049463141 -0.004580370 0.174070372
v 0.046427054 -0.014468429 0.075122963
v 0.044130126 -0.019424213 0.073348641
v 0.043665711 -0.023069476 0.060264650
v 0.045493365 -0.021068996 0.058560016
v 0.044239194 -0.024032607 0.057227744
v 0.048953706 -0.016987541 0.053392047
v 0.049394904 -0.013297212 0.057228218
v 0.050860589 -0.011671602 0.052907245
v 0.046712452 0.028377711 0.237422391
v 0.052678720 -0.007323585 0.050734787
v 0.062167168 -0.007059359 0.006580042
v 0.063068142 -0.001763505 0.009725112
v 0.062493047 -0.003154740 0.004383562
v 0.051879496 -0.001709545 0.176627581
v 0.041312813 -0.012658185 0.089083037
v 0.051364579 0.025784740 0.238878654
v 0.055179190 0.035164717 0.234979805
v 0.054987009 0.037486702 0.233348582
v 0.056583048 0.030771369 0.235544037
v 0.055849700 0.029069984 0.236822446
v 0.054714016 0.031115584 0.236606501
v 0.053925606 0.033323301 0.236120028
v 0.055688003 0.032751712 0.235612591
v 0.057030691 0.032772075 0.233920688
v 0.053635452 0.000241389 0.185990552
v 0.052270413 0.031991188 0.236982838
v 0.053332877 0.028597116 0.237815277
v 0.053849099 0.026087272 0.238229401
v 0.050021667 -0.009940546 0.060668613
v 0.048127099 -0.012393127 0.070162047
v 0.041444195 -0.025649252 0.063532844
v 0.041885807 -0.023803176 0.069845286
v 0.049384210 -0.010267283 0.066206941
v 0.053660951 0.037204826 0.235215974
v 0.040639895 -0.023215732 0.075647914
v 0.050957575 -0.001828942 0.191640817
v 0.050379348 -0.010430969 0.056687050
v 0.047246399 -0.017830819 0.058019057
v 0.046542148 -0.020489603 0.056130513
v 0.054139750 0.005818447 0.196759824
v 0.042111999 -0.026261064 0.058197678
v 0.051696676 -0.001499784 0.203715749
v 0.045409541 -0.023020319 0.054791146
v 0.047240386 -0.020075782 0.054385917
v 0.064380339 0.004966447 0.018341092
v 0.022245721 -0.011164245 0.243587764
v 0.021483069 -0.012884453 0.245010644
v -0.007253028 -0.016491521 0.153735052
v -0.004437027 -0.019205482 0.158442291
v -0.002694366 -0.018201737 0.152659077
v -0.013433617 -0.020682641 0.224605578
v -0.015323604 -0.019797155 0.223820979
v -0.015696068 -0.019511243 0.228128008
v -0.012798469 -0.020826229 0.232443717
v -0.004553816 -0.029231122 0.189816634
v -0.002121035 -0.029836098 0.187920336
v -0.003790277 -0.029000647 0.185220973
v -0.015620108 -0.017324319 0.169673835
v -0.021067366 -0.015136110 0.177118752
v -0.015783269 -0.020536644 0.178722180
v -0.003961695 -0.034063780 0.092588547
v 0.000363570 -0.032856414 0.094867764
v -0.001743035 -0.037352795 0.086812962
v 0.000184550 -0.018427960 0.148780708
v -0.003992979 -0.016327883 0.143482442
v -0.003631492 -0.016983026 0.148759526
v 0.036756088 -0.002608261 0.110794275
v 0.036744152 0.000152075 0.115113128
v -0.034325126 0.004139915 0.183042103
v -0.030789803 -0.004051436 0.187383999
v -0.032708074 -0.000381410 0.180154321
v -0.008119653 -0.014406964 0.138354536
v 0.035801768 -0.021293537 0.190716196
v 0.039727907 -0.017704855 0.191462000
v 0.039713488 -0.018983045 0.186513959
v -0.015270360 -0.020174785 0.220055029
v -0.017871785 -0.018465835 0.224766486
v 0.000253895 -0.030734336 0.189963631
v 0.004083248 -0.030891596 0.185782167
v 0.000065779 -0.030301168 0.185684800
v -0.017961894 -0.009720752 0.155487516
v -0.019807538 -0.009722077 0.160346304
v -0.016951724 -0.012591178 0.161239563
v 0.046376896 -0.010878278 0.176857722
v -0.003400563 -0.020720672 0.243972638
v -0.003527422 -0.019290059 0.244438745
v -0.002759234 -0.029380746 0.194583080
v -0.014374795 -0.021492440 0.215491667
v -0.016800991 -0.020304281 0.213328277
v -0.017701368 -0.019273717 0.217439325
v -0.014689843 -0.012473501 0.155402050
v -0.013936855 -0.011018918 0.148488958
v 0.001725232 -0.021850048 0.244839707
v 0.002145254 -0.022862891 0.244179587
v 0.000005311 -0.021703970 0.244240725
v -0.009110855 -0.013726297 0.143902688
v -0.006434542 -0.015454932 0.147303023
v -0.021553383 -0.010557697 0.166173381
v -0.013239601 -0.023041189 0.208371614
v -0.015496016 -0.021490827 0.210753251
v -0.012961360 -0.022237205 0.212102333
v -0.022657338 -0.015660962 0.216774149
v 0.039862657 -0.016456115 0.195994580
v 0.041004442 -0.015390283 0.194591241
v 0.038815960 -0.017400585 0.195135944
v -0.011019764 -0.021624700 0.223171611
v -0.007002434 -0.022936963 0.225080888
v -0.008321862 -0.022957508 0.220278465
v -0.010915370 -0.023430288 0.177142040
v -0.006285166 -0.023740319 0.172196937
v -0.008673616 -0.019633990 0.164942780
v -0.032086175 -0.003065343 0.197804960
v 0.026307311 -0.037014497 0.068544060
v 0.023189625 -0.039215603 0.066104704
v 0.022462483 -0.038476033 0.070744037
v -0.018414810 -0.007826704 0.150218885
v -0.011850038 -0.021212533 0.226894112
v -0.000074928 -0.020105466 0.156759589
v -0.010145279 -0.024945855 0.200524732
v -0.012826972 -0.024117046 0.197994347
v -0.012852565 -0.023958040 0.200213471
v -0.008843437 -0.027038024 0.185839451
v -0.005558295 -0.026699809 0.179371609
v -0.003347399 -0.021895306 0.164826139
v 0.032609451 -0.021663138 0.201582090
v 0.033771167 -0.020838607 0.199263606
v 0.030768513 -0.022987205 0.198819193
v -0.036037766 0.003487990 0.197616262
v -0.037751793 0.008309585 0.195475518
v -0.028788494 -0.008412180 0.204393786
v -0.025474003 -0.012871585 0.209929137
v -0.024328979 -0.013895787 0.197760214
v 0.044385592 -0.012297000 0.175318817
v 0.043817846 -0.012775939 0.175425697
v 0.035519150 -0.012136799 0.100719928
v 0.024742146 -0.036820403 0.073530519
v 0.028796043 -0.035045000 0.071237318
v 0.030800518 -0.032811544 0.073397809
v 0.027153048 -0.034316176 0.076837516
v 0.035341224 -0.001099691 0.126478358
v 0.034204180 -0.002714748 0.131559727
v 0.035986885 0.001926053 0.131401065
v 0.037920557 -0.021122803 0.085565924
v 0.038346105 -0.017031358 0.089771026
v -0.012036588 -0.021732633 0.219871360
v -0.012858483 -0.021523340 0.217833713
v -0.010478165 -0.023054174 0.216572386
v 0.047627450 -0.010504921 0.181223992
v 0.048079842 -0.009834088 0.184509932
v 0.028772821 -0.025748252 0.091190703
v 0.027744779 -0.023832913 0.095410665
v 0.031015953 -0.021956048 0.094078537
v 0.024643814 -0.024977911 0.097532398
v 0.026077971 -0.025645142 0.094559958
v -0.026141845 -0.011087820 0.187018787
v -0.022559731 -0.016005891 0.191006148
v -0.021152735 -0.017231838 0.186032598
v 0.045248346 -0.013429234 0.182170775
v 0.028618849 -0.021042346 0.098864833
v 0.026806245 -0.019167611 0.105151850
v 0.031810284 -0.017116074 0.100340857
v 0.049422855 -0.004923817 0.192650688
v 0.049391401 -0.006281310 0.188985397
v 0.047975958 -0.007320679 0.192974862
v -0.012968027 -0.023445218 0.203381002
v -0.009698522 -0.024706083 0.206017674
v 0.050853142 -0.002567520 0.197919736
v 0.049646454 -0.003485703 0.195369992
v 0.046309111 -0.009714971 0.192111816
v 0.046595272 -0.008483407 0.195179816
v 0.045996202 -0.011631697 0.188647256
v 0.043135567 -0.014444001 0.190654675
v 0.045028548 -0.012365228 0.191205125
v 0.044923284 -0.013752804 0.185707415
v 0.042334664 -0.013144012 0.198642286
v 0.039515394 -0.016149270 0.198471517
v -0.028250846 -0.008482545 0.194649386
v 0.001164253 -0.016026891 0.244325609
v 0.042653248 -0.013025052 0.172720362
v 0.042177162 -0.015145685 0.176618746
v 0.024051536 -0.028002073 0.093002952
v 0.006959924 -0.024078341 0.244402413
v 0.008901474 -0.024140593 0.245052969
v 0.008719497 -0.024769748 0.244122620
v 0.031422431 -0.030661670 0.078595128
v -0.000620096 -0.018241911 0.245035923
v -0.001499139 -0.020479539 0.244600210
v 0.048034535 -0.006335356 0.195783167
v 0.048975906 -0.005504850 0.199790187
v 0.028610870 -0.012128696 0.149237557
v 0.027031340 -0.012317429 0.144836159
v 0.026399323 -0.013938978 0.149146986
v 0.042805881 -0.015907296 0.184591897
v 0.034146498 -0.024714922 0.085833022
v 0.034357244 -0.021700919 0.090104299
v 0.036224802 -0.025480135 0.080971140
v -0.023914554 -0.013081956 0.181894233
v -0.020224182 -0.017423598 0.218891713
v -0.019455778 -0.018413899 0.215285425
v 0.036446496 -0.027759510 0.075154763
v 0.039297170 -0.025970021 0.072480016
v 0.037963182 -0.028055286 0.068965243
v 0.043715309 -0.014315331 0.188073900
v 0.041635471 -0.016131514 0.188366542
v 0.033537157 -0.004681699 0.126133305
v 0.045708361 -0.009201667 0.200247659
v 0.044592951 -0.010374453 0.195724628
v 0.031875376 -0.025317755 0.088018865
v 0.030544631 -0.028135515 0.085221914
v 0.036596219 0.003832963 0.136037745
v 0.035455297 -0.000380258 0.137439389
v 0.037179197 0.003913602 0.139933790
v 0.033553062 -0.019970338 0.093551026
v -0.012595695 -0.015475056 0.160019283
v 0.038769809 0.005460781 0.144634734
v 0.036785253 0.001225928 0.142734301
v 0.038143768 0.001878538 0.147380304
v 0.013628355 -0.012964850 0.243835539
v 0.014207147 -0.015428306 0.245820112
v 0.010497248 -0.014383827 0.244671540
v 0.042667367 -0.015814895 0.186501075
v 0.025601127 -0.029486614 0.088613386
v -0.036728385 0.006705220 0.190304548
v -0.037817492 0.009598415 0.191204482
v 0.029673671 -0.035319068 0.066898751
v 0.002792847 -0.017014172 0.245184807
v -0.015968154 -0.021517790 0.205311625
v -0.015727100 -0.021448565 0.208422804
v -0.026972785 -0.008204092 0.176938000
v -0.030752275 -0.001278885 0.173311554
v -0.030167465 -0.004637520 0.181287522
v -0.002306891 -0.021635680 0.243775766
v 0.033034421 -0.032525686 0.067900886
v 0.031156677 -0.034828343 0.063486426
v -0.004580144 -0.021461543 0.243146675
v 0.005836441 -0.023039157 0.245237213
v 0.034741853 -0.006297222 0.112104531
v -0.020164823 -0.018260214 0.204504037
v -0.033097773 -0.003184955 0.211116910
v -0.030989263 -0.005396815 0.204424205
v -0.011636572 -0.013828919 0.152974080
v 0.036954938 0.006606939 0.133381464
v 0.037598873 0.006891433 0.138500766
v 0.050506575 -0.002938783 0.207755205
v 0.049161001 -0.003950896 0.210973830
v 0.035192293 -0.016994633 0.094887271
v 0.000243665 -0.028613799 0.179582858
v 0.031244319 -0.014019911 0.106687194
v -0.009692105 -0.013910582 0.148796372
v -0.005803635 -0.027300000 0.197809585
v -0.008676587 -0.027071132 0.193109037
v -0.008486977 -0.026386858 0.197532581
v 0.048653064 -0.003929315 0.213937372
v 0.047353138 -0.004989914 0.217336350
v 0.049525276 -0.002906039 0.218932915
v 0.049701282 -0.002271194 0.216247783
v 0.038946834 0.010218045 0.142484937
v 0.032499654 -0.019170135 0.096000172
v 0.041267541 -0.014064021 0.202291139
v 0.042505326 -0.012511051 0.205393447
v 0.004475983 -0.024181051 0.243888268
v 0.038816716 -0.016579360 0.173374982
v 0.016667752 -0.010911727 0.241348041
v -0.032523292 0.002697380 0.174054892
v 0.001744670 -0.023871643 0.242717131
v 0.004119201 -0.025077164 0.241861526
v -0.000389272 -0.024399129 0.239934917
v 0.010658806 -0.024942916 0.244001715
v 0.012839381 -0.025724759 0.242712585
v 0.009947766 -0.025471807 0.242527572
v 0.040868279 -0.011584211 0.168064973
v 0.036772802 -0.015175430 0.167328051
v 0.033993022 -0.030741208 0.072868669
v -0.024498617 -0.009601252 0.171767703
v -0.026940719 -0.004812136 0.167388433
v 0.034218507 -0.032908879 0.062501635
v 0.008294250 -0.016343656 0.245910252
v 0.032478865 -0.022716083 0.219174911
v 0.032111778 -0.022528718 0.212454484
v 0.028398712 -0.024540072 0.215023124
v 0.050353604 -0.002307453 0.221887081
v 0.047605686 -0.005225788 0.211877345
v 0.035520441 -0.002543202 0.116102929
v 0.037245921 -0.019068348 0.214329765
v 0.035154348 -0.020385199 0.210706462
v 0.034796993 -0.020988554 0.215360737
v 0.040805778 -0.014928228 0.200904773
v 0.036481048 -0.019833980 0.194264274
v 0.042389669 -0.012951324 0.221111577
v 0.040384966 -0.015645052 0.222866510
v 0.043836230 -0.012538981 0.193862769
v 0.048566373 -0.004371775 0.223779203
v 0.037460336 0.009570537 0.136620508
v 0.028681984 -0.025540376 0.194726290
v 0.032879769 -0.022642715 0.194863766
v 0.034997913 -0.006244023 0.151799767
v 0.030509496 -0.009181454 0.146645092
v 0.031583285 -0.012073174 0.155450727
v 0.034218179 -0.010058085 0.107403275
v 0.031874882 -0.010590983 0.112872322
v 0.037760299 -0.030041451 0.062527099
v 0.040260984 -0.015854129 0.225865648
v 0.036614879 0.004952708 0.128846772
v 0.036178273 0.002366655 0.126266499
v -0.007240310 -0.015850724 0.132511804
v 0.011069257 -0.012777883 0.243163522
v -0.014822059 -0.021400365 0.212928800
v 0.050592826 -0.003166956 0.200851413
v -0.015574243 -0.022186405 0.199562047
v 0.032714068 -0.006572270 0.122296296
v 0.034549491 -0.003559255 0.120859828
v 0.033090717 -0.007020622 0.117675284
v 0.009630084 -0.012178397 0.241675762
v 0.008854643 -0.013577441 0.243166442
v 0.029686907 -0.009493587 0.127154061
v 0.031687061 -0.007492484 0.125502645
v 0.030282043 -0.009812209 0.120563570
v 0.044692616 -0.008676013 0.218917025
v 0.042115096 -0.012853733 0.215791833
v 0.045810551 -0.006753104 0.213440931
v 0.044795377 -0.008400250 0.209981242
v 0.043578607 -0.009967087 0.213161585
v 0.045090774 -0.009073880 0.206105399
v 0.047260357 -0.006115790 0.208889748
v 0.035566218 -0.019113191 0.201963884
v 0.036539146 -0.018754736 0.198205719
v 0.036047391 -0.001813448 0.146836129
v 0.020593214 -0.010179776 0.241914471
v 0.038136813 -0.018238782 0.222574776
v 0.038846875 -0.017281323 0.224835215
v 0.047413483 -0.007241847 0.203625320
v 0.043552368 -0.010673726 0.209301696
v 0.031456037 -0.022111506 0.203629056
v 0.028858842 -0.023922227 0.202135887
v 0.030097478 -0.023103519 0.205631365
v 0.028528894 -0.024196258 0.209284272
v 0.031118580 -0.022743778 0.208387723
v 0.034974666 -0.020448640 0.196436179
v 0.049568799 -0.004890029 0.203972037
v 0.027551912 -0.024325365 0.204773341
v 0.037575027 -0.017864981 0.201826722
v 0.037066984 -0.018752329 0.206258865
v 0.039466734 -0.015990182 0.204374639
v 0.024410826 -0.025609334 0.206017012
v 0.024558455 -0.025564470 0.210795850
v -0.018204775 -0.019721835 0.210307403
v -0.030291632 -0.007523526 0.217098571
v 0.047419362 -0.004845200 0.220947666
v 0.036703480 -0.019494667 0.218920772
v 0.034913723 -0.020835440 0.224056777
v 0.038317408 -0.017498778 0.228283649
v 0.037327291 -0.018970227 0.225772409
v -0.016418436 -0.022315029 0.188608143
v -0.017473157 -0.020356427 0.183426861
v 0.023720725 -0.014132572 0.143447826
v 0.006976519 -0.014643299 0.244367670
v 0.006565572 -0.013463627 0.242968716
v 0.007467436 -0.012639279 0.241992599
v -0.013873685 -0.023992166 0.193850838
v -0.012485114 -0.025214398 0.189330616
v 0.039909762 -0.015960278 0.211947825
v 0.042285289 -0.012386465 0.211069526
v 0.029523303 -0.017900063 0.161971316
v -0.019162795 -0.019811440 0.194110883
v 0.034019797 -0.020590596 0.204386499
v -0.010840851 -0.025321509 0.196471265
v 0.026339646 -0.015982307 0.154559659
v 0.038399663 -0.017201890 0.208521570
v 0.028239152 -0.010336983 0.139670905
v 0.032600655 -0.005782574 0.139386333
v 0.029728881 -0.008803690 0.133522495
v -0.010252129 -0.021757024 0.228428224
v -0.008443013 -0.022506938 0.228669955
v -0.003922888 -0.023897689 0.227889288
v 0.000547838 -0.025404749 0.224618863
v 0.019459358 -0.011815577 0.243644798
v 0.036216787 0.000840214 0.120977849
v -0.000694269 -0.024866387 0.226778688
v -0.000243820 -0.024991557 0.228895409
v -0.007335879 -0.022791680 0.230634392
v -0.034570944 -0.000097064 0.204586163
v 0.038457314 -0.017815754 0.216154226
v -0.003661647 -0.024166534 0.231527008
v -0.001106103 -0.024812972 0.235010687
v 0.002637127 -0.025584247 0.237269779
v 0.034520058 -0.004679346 0.116658915
v -0.000082031 -0.025221998 0.231906022
v 0.032902859 -0.021846799 0.207817763
v -0.006668974 -0.023118773 0.237733721
v -0.004896283 -0.023755305 0.234411203
v 0.039987977 -0.016346513 0.218486087
v 0.017306051 -0.024283164 0.244951920
v 0.016413506 -0.022677006 0.245974457
v 0.019541826 -0.023538522 0.245010144
v -0.008393314 -0.022639987 0.233846157
v 0.017950823 -0.021828577 0.245837574
v 0.019210387 -0.020407340 0.245735407
v 0.020631309 -0.021830025 0.245354111
v 0.009151138 -0.023172102 0.246070382
v 0.011916698 -0.024699896 0.244941806
v 0.015740020 -0.020201802 0.246444414
v 0.026054818 -0.021847335 0.243288668
v 0.024736671 -0.023431760 0.242324799
v 0.022514272 -0.022900593 0.244175791
v -0.004135593 -0.024012815 0.221387570
v 0.004966218 -0.026398871 0.232248757
v 0.041708479 -0.016995878 0.182367893
v 0.027381488 -0.025646634 0.198268262
v 0.025977841 -0.025329203 0.201654826
v 0.038406001 -0.019796393 0.182370697
v -0.006069642 -0.022255403 0.241568892
v 0.036458009 -0.021196190 0.184605777
v 0.034468955 -0.022170539 0.182089289
v 0.043238694 -0.015231190 0.179519626
v 0.040022759 -0.017588843 0.179515767
v 0.032686620 -0.019379746 0.168965288
v 0.036544757 -0.020382090 0.179297375
v 0.033443690 -0.023581405 0.185191501
v 0.029125167 -0.023618259 0.174875036
v 0.030178605 -0.023784157 0.177675750
v 0.033592601 -0.021245400 0.174914712
v 0.033176824 -0.022598055 0.179024251
v 0.038325784 -0.018456455 0.176564264
v 0.036045477 -0.018437835 0.172149833
v 0.037056538 -0.018900475 0.174617853
v 0.037569110 -0.018473065 0.210592513
v 0.027586993 -0.022346667 0.169010146
v 0.035301310 -0.022307475 0.187423721
v 0.017222970 -0.013268999 0.244502702
v 0.018975321 -0.014713445 0.245867887
v 0.031628185 -0.022520035 0.206488383
v 0.027314547 -0.025145714 0.221078935
v 0.032907553 -0.022140574 0.228494972
v 0.035271404 -0.020059374 0.229597325
v 0.007270891 -0.018460105 0.246600689
v 0.012095896 -0.018034025 0.246850905
v 0.010516127 -0.020129414 0.246871828
v 0.034330818 -0.020090534 0.234635781
v 0.032082954 -0.022491119 0.232683563
v 0.031067603 -0.023355976 0.225464792
v 0.033620097 -0.005153741 0.145279104
v 0.036358289 -0.018055914 0.236724510
v 0.033756702 -0.003484345 0.135638645
v 0.013329929 -0.022054532 0.246402048
v 0.019597881 -0.025100332 0.243350946
v -0.013252549 -0.020825040 0.222035294
v 0.032318775 -0.005495470 0.134081290
v 0.034959032 -0.002445837 0.142594696
v -0.018933193 -0.018087352 0.221361583
v 0.018308932 -0.017148185 0.246455795
v 0.030309890 -0.023746459 0.229758651
v 0.039107316 -0.009496508 0.163087157
v -0.006200173 -0.026180669 0.202915247
v -0.007452208 -0.026182277 0.199756241
v 0.018740909 -0.019013465 0.246317826
v 0.020320620 -0.018027167 0.246272811
v 0.028010138 -0.022421140 0.241638077
v 0.027196689 -0.023741777 0.240394098
v 0.032954130 -0.020008780 0.238457753
v 0.030374627 -0.022876086 0.237186862
v 0.022196954 -0.020198977 0.244988446
v 0.021307349 -0.018929573 0.245870047
v 0.036405915 -0.008264032 0.157313136
v 0.024223571 -0.020103217 0.244493171
v 0.025059100 -0.012684505 0.139942007
v 0.003351529 -0.018895068 0.246105487
v 0.003343779 -0.021856035 0.245182868
v 0.023359132 -0.016904843 0.246124205
v -0.001471654 -0.022744498 0.242842012
v 0.023637649 -0.021444264 0.244517924
v 0.036188890 -0.014545558 0.242357928
v 0.006140559 -0.020185460 0.246487076
v 0.009711011 -0.021711599 0.246826667
v 0.002670277 -0.030173472 0.183176028
v 0.029829043 -0.021975506 0.239786985
v 0.007841901 -0.026001393 0.240621441
v 0.007103565 -0.024829321 0.242980228
v 0.005179624 -0.015704572 0.244684155
v 0.006029018 -0.021688122 0.245995491
v 0.021735235 -0.024145772 0.243393083
v -0.037019835 0.010258247 0.186547888
v 0.023217781 -0.025350023 0.241240134
v -0.013780623 -0.023721388 0.184296581
v 0.026317893 -0.024919669 0.238454812
v 0.027544656 -0.025016424 0.233884545
v -0.001710553 -0.025370663 0.171935437
v 0.004364587 -0.025592839 0.239779380
v 0.011710261 -0.026327065 0.240557571
v 0.012752427 -0.023644644 0.246102862
v 0.015755511 -0.025194433 0.243507025
v 0.015279805 -0.023548337 0.245454200
v 0.002071377 -0.020603112 0.245578615
v 0.019189761 -0.026393931 0.240514781
v 0.014999410 -0.026591219 0.240155923
v -0.006024687 -0.035949200 0.088730042
v -0.006524532 -0.038299479 0.083730235
v 0.022996817 -0.026287785 0.236991033
v 0.027321592 -0.025168804 0.227664206
v 0.032066677 -0.006453273 0.129768229
v 0.025888882 -0.032456576 0.083049942
v 0.021148139 -0.036170161 0.080113788
v 0.020096397 -0.032452528 0.088588191
v 0.024393228 -0.025826257 0.216301155
v 0.021610375 -0.026337749 0.213168943
v -0.011768571 -0.022899081 0.214104663
v -0.009898038 -0.023876841 0.211760535
v 0.020703074 -0.026572167 0.208194417
v 0.023236197 -0.025976899 0.208410676
v 0.031735273 -0.024885047 0.187514321
v 0.032376051 -0.023758551 0.189989975
v 0.010785216 -0.019434345 0.150648161
v 0.007634154 -0.019138920 0.144867841
v 0.007115261 -0.019645592 0.150317096
v 0.011481818 -0.028625337 0.201599920
v 0.007850577 -0.028029919 0.203426184
v 0.010953540 -0.028053956 0.204452493
v 0.030531231 -0.024894465 0.191787821
v 0.029823794 -0.025728933 0.189509203
v 0.010531628 -0.020660655 0.123306974
v 0.011748844 -0.021345427 0.119788447
v 0.008000445 -0.021673233 0.121191260
v 0.027495039 -0.011848102 0.123987791
v -0.012252098 -0.045098958 0.060804237
v -0.015413893 -0.042315326 0.065241121
v -0.008324464 -0.043953646 0.065293176
v 0.013627626 -0.027279412 0.217985857
v 0.008575080 -0.027122008 0.217629125
v 0.009022309 -0.027087904 0.224452478
v 0.026247974 -0.027676599 0.189978662
v 0.024762087 -0.027482455 0.194517781
v 0.005524408 -0.026527592 0.220593282
v -0.005676170 -0.046286291 0.060369507
v 0.018254175 -0.021136129 0.112852159
v 0.021398554 -0.018498365 0.115650352
v 0.022419343 -0.019031227 0.112113112
v 0.013167243 -0.031036546 0.193007408
v 0.016032310 -0.030959389 0.192238659
v 0.015325964 -0.031310565 0.188921155
v 0.025865316 -0.016012029 0.113722303
v -0.007097268 -0.025321589 0.208566718
v 0.001477744 -0.022742929 0.163825654
v -0.003833915 -0.017322174 0.133730460
v -0.000549848 -0.018359999 0.135306397
v -0.004106726 -0.018397131 0.128458811
v 0.005893705 -0.031255641 0.191426372
v 0.004221012 -0.030033970 0.196486990
v 0.007046929 -0.030419662 0.196151025
v -0.017291606 -0.044507983 0.060253942
v -0.003283429 -0.044283568 0.066338531
v -0.000316908 -0.043581162 0.069117596
v 0.000726651 -0.045216217 0.064110034
v 0.017175058 -0.029139609 0.198758942
v 0.015928828 -0.029252512 0.199353667
v 0.016813160 -0.028578403 0.200722593
v 0.028957025 -0.013015105 0.115672487
v 0.029288667 -0.013835419 0.111616555
v 0.013659691 -0.020734315 0.156859812
v 0.017770352 -0.021118003 0.159355336
v 0.017298104 -0.019664900 0.155438521
v 0.000584342 -0.029027330 0.198573795
v 0.003436192 -0.028772986 0.199978319
v 0.031267340 -0.024306760 0.183296111
v 0.030720244 -0.024512736 0.180448862
v 0.024486418 -0.022627450 0.101517194
v 0.004597032 -0.036479496 0.087837210
v 0.007432997 -0.031826033 0.095691668
v 0.007723535 -0.020649612 0.125565845
v 0.005077102 -0.021331074 0.123261970
v 0.004208554 -0.020258589 0.128292345
v 0.030146984 -0.025399452 0.185292738
v 0.026462657 -0.027348457 0.185000748
v 0.028215154 -0.026616992 0.187526849
v 0.024144628 -0.014445142 0.123451896
v 0.026893483 -0.013599778 0.119328593
v 0.016861279 -0.019998636 0.118259644
v 0.003988581 -0.021224420 0.158262679
v 0.000636549 -0.021418461 0.122030519
v -0.004425527 -0.020615774 0.121064853
v 0.005177437 -0.043824490 0.067154800
v 0.001729778 -0.042430769 0.073577046
v 0.005699276 -0.042466903 0.072402048
v 0.003380718 -0.040384317 0.079563189
v 0.013302508 -0.027241753 0.211128435
v 0.010590841 -0.027626143 0.207081886
v 0.009645309 -0.027369047 0.212057629
v 0.009134754 -0.018895781 0.137882912
v 0.005953891 -0.019057130 0.140225787
v 0.003710743 -0.018910002 0.141045552
v 0.014546423 -0.027572729 0.205939730
v 0.003917261 -0.019337727 0.135109444
v -0.007022908 -0.024160350 0.215237698
v -0.004393418 -0.024949794 0.216119846
v -0.004452429 -0.025467438 0.212796684
v -0.002689173 -0.026288681 0.208504725
v 0.000041007 -0.026079751 0.214219156
v -0.008225970 -0.016832588 0.126888880
v 0.021683820 -0.014521361 0.138439564
v 0.025084483 -0.012504324 0.134765238
v -0.018851982 -0.042957047 0.062441913
v -0.021259352 -0.044011750 0.060265794
v 0.001798100 -0.030431436 0.194107945
v 0.022753369 -0.021033467 0.107239519
v 0.024237603 -0.019702635 0.107892923
v 0.002361147 -0.026009516 0.219385094
v -0.000894364 -0.025177423 0.219610122
v 0.018680901 -0.029446234 0.182125500
v 0.021996760 -0.028863338 0.182936265
v 0.019359954 -0.027736310 0.176701498
v 0.032699993 -0.023184257 0.191834360
v 0.021552002 -0.018855211 0.156571195
v 0.022825246 -0.015832660 0.148680588
v 0.025553302 -0.026162367 0.177257566
v 0.005678221 -0.022858341 0.162551620
v 0.008244921 -0.020831925 0.156364175
v 0.000263549 -0.019607843 0.129533015
v 0.004609322 -0.022643131 0.119028020
v 0.015569378 -0.018473551 0.150128078
v 0.018587870 -0.016920714 0.146611896
v 0.024006959 -0.026270531 0.224536557
v 0.015977773 -0.024981777 0.106222066
v 0.014451667 -0.026973303 0.102541750
v 0.012787915 -0.026377475 0.104921128
v -0.007148136 -0.040673421 0.076760619
v -0.011410736 -0.041661261 0.070918070
v 0.024104991 -0.028138171 0.184834635
v 0.023815976 -0.028774711 0.186403621
v 0.025764275 -0.028075749 0.186641467
v 0.015571330 -0.040023090 0.074292899
v 0.017376798 -0.038911816 0.076491890
v 0.017286726 -0.039595705 0.074213616
v 0.012239200 -0.034851767 0.088590996
v 0.014648635 -0.037839452 0.081177678
v 0.008891323 -0.038990141 0.081548811
v 0.004797163 -0.026381892 0.171139397
v 0.010567803 -0.023933204 0.164470875
v 0.021061025 -0.038069915 0.074565498
v 0.019179968 -0.039428319 0.072852420
v 0.018867441 -0.030527489 0.187861112
v 0.016932483 -0.030409391 0.184658441
v -0.003610509 -0.016823199 0.137751688
v 0.000335000 -0.026905404 0.207144208
v -0.000283516 -0.027433140 0.203153982
v 0.007350583 -0.027474555 0.208431159
v 0.003592336 -0.027380601 0.206865902
v 0.005659583 -0.027167394 0.212500787
v 0.026559990 -0.011861897 0.128805887
v 0.022345174 -0.014493268 0.129925342
v 0.021681516 -0.022910253 0.104809961
v 0.021300733 -0.025167315 0.100555202
v 0.014796442 -0.028617541 0.200716046
v 0.012550422 -0.022391231 0.115297173
v 0.008258589 -0.022605948 0.117587574
v 0.013972825 -0.019415906 0.124393938
v 0.021960227 -0.028195825 0.197258580
v 0.024637855 -0.026847320 0.198491034
v 0.004060609 -0.019879021 0.152619261
v 0.009801054 -0.042774612 0.068848556
v 0.010780007 -0.044133286 0.063731885
v 0.005251652 -0.023349844 0.116138414
v 0.012742430 -0.040089254 0.076745829
v 0.009675209 -0.030810434 0.194279606
v 0.009007605 -0.029662498 0.198708544
v 0.012212155 -0.029940136 0.197548590
v 0.016727462 -0.040031852 0.072514973
v 0.011661681 -0.029770723 0.178913534
v 0.008827889 -0.031058700 0.185083703
v 0.013456915 -0.030878364 0.184446217
v 0.014431577 -0.017820610 0.142755682
v 0.011428605 -0.018703571 0.145459511
v 0.006283556 -0.026246908 0.237428867
v 0.009087056 -0.027886882 0.102900618
v 0.006035830 -0.019519139 0.133462108
v 0.024858223 -0.018573681 0.109698063
v 0.022104888 -0.020347626 0.109593137
v -0.001950517 -0.040563591 0.079251475
v -0.002320679 -0.042010104 0.073981508
v 0.027808784 -0.026003518 0.182581993
v 0.006224161 -0.029623499 0.179428271
v 0.019691448 -0.029981472 0.185115902
v 0.022132654 -0.029571712 0.187553155
v -0.005202983 -0.042756555 0.070756181
v 0.016750170 -0.035662318 0.084687477
v 0.011902792 -0.027426082 0.231564835
v 0.011005973 -0.027057807 0.237094090
v 0.021542327 -0.014486279 0.133962123
v 0.018818899 -0.015756788 0.135223817
v 0.017888976 -0.018192369 0.122381191
v 0.013996372 -0.041234530 0.071672381
v 0.008870041 -0.041597427 0.074909583
v 0.017801064 -0.027588464 0.203297266
v 0.018826272 -0.040379682 0.068997359
v 0.020226523 -0.029844682 0.190394294
v 0.021346818 -0.029259489 0.193488691
v 0.022960226 -0.029073862 0.191138544
v 0.017250151 -0.027395813 0.235112017
v 0.011652995 -0.018909554 0.131054291
v 0.007976139 -0.019639301 0.130572454
v 0.017955144 -0.016283021 0.139784576
v 0.020349928 -0.028300385 0.095866786
v -0.020087914 -0.041738967 0.064240265
v 0.019528878 -0.027925068 0.200280969
v 0.022909245 -0.026850294 0.201255983
v -0.003756499 -0.045263745 0.063371953
v 0.007788549 -0.024249147 0.113050548
v 0.004383115 -0.026667316 0.216731990
v 0.005256473 -0.026348793 0.108034319
v 0.003470542 -0.029179693 0.101419395
v 0.000172984 -0.027091053 0.106370434
v 0.001626067 -0.028312529 0.201486669
v -0.005197594 -0.025542767 0.209850551
v -0.006816238 -0.025168427 0.212086649
v 0.018180866 -0.016509465 0.130502329
v 0.020315013 -0.016362047 0.124924831
v 0.017146977 -0.017739595 0.126029096
v -0.000819912 -0.029437071 0.101230014
v 0.022223530 -0.026818811 0.230085580
v 0.021250720 -0.026530528 0.217032200
v 0.019689911 -0.027008846 0.221585562
v 0.023279991 -0.026200302 0.220303812
v 0.010333267 -0.019988455 0.126980310
v 0.014834774 -0.042295709 0.066038715
v -0.015442758 -0.040998292 0.069489625
v 0.014881186 -0.026974493 0.172118608
v 0.015903211 -0.029686690 0.179872516
v 0.014809003 -0.017521551 0.135288386
v 0.004740814 -0.028162908 0.202524495
v 0.006003699 -0.029364157 0.199579965
v 0.010520921 -0.025631986 0.107877563
v 0.020324442 -0.024225808 0.167796089
v -0.002929985 -0.027057566 0.203409660
v -0.004719613 -0.026108692 0.206838499
v -0.007982750 -0.023371008 0.217770233
v 0.015598033 -0.023184860 0.163575527
v 0.027758480 -0.016201905 0.109247540
v 0.001511925 -0.027537759 0.204277953
v 0.011107940 -0.031432727 0.189498446
v 0.023922142 -0.016019583 0.118158260
v 0.000292832 -0.018050008 0.142059296
v 0.004193118 -0.019144102 0.146844779
v 0.020852711 -0.017436393 0.120120924
v 0.002951844 -0.027924958 0.202739035
v -0.005909784 -0.024091428 0.218325642
v -0.003145388 -0.024801288 0.218133864
v 0.024958126 -0.027371732 0.182597414
v 0.015084024 -0.018005407 0.129503906
v 0.017813066 -0.026943338 0.213345381
v 0.016150162 -0.027551143 0.227322162
v 0.018209061 -0.030239249 0.193073181
v 0.017800056 -0.030814252 0.190283789
v 0.013920758 -0.023520834 0.110786773
v -0.001245326 -0.027796784 0.200929014
v -0.002822622 -0.027977665 0.199492619
v 0.020792757 -0.015484080 0.143000029
v -0.009402847 -0.035724474 0.087711016
v 0.017204144 -0.027728002 0.099170616
v 0.018278021 -0.025525667 0.102789345
v 0.018834000 -0.029463720 0.196413225
v 0.020246622 -0.015273123 0.132259214
v 0.015498279 -0.030937168 0.094471260
v 0.011489961 -0.032009817 0.094059625
v 0.020996785 -0.026799516 0.203811689
v 0.012699340 -0.029624884 0.098140647
v 0.015603635 -0.029987128 0.196297854
v 0.019104852 -0.022466290 0.108554291
v -0.002054634 -0.020014953 0.125272719
v 0.009850292 -0.027514715 0.172973642
v 0.058659318 -0.027174096 0.026994598
v 0.057106503 -0.027206815 0.032504584
v 0.060107478 -0.022431918 0.028338104
v 0.044447434 -0.045883465 0.012524495
v 0.040435788 -0.049644119 0.010473078
v 0.040233193 -0.049635563 0.015827732
v 0.050661903 -0.027546985 0.042589378
v 0.046219103 -0.029883848 0.046684491
v 0.049879362 -0.023518729 0.046203842
v 0.053459182 -0.019890471 0.042970119
v 0.020612192 -0.043115955 0.057949783
v 0.025821146 -0.040766952 0.056867562
v 0.021723832 -0.044797126 0.054223045
v 0.001052334 -0.053001127 0.050464278
v 0.004527123 -0.056235453 0.046291914
v -0.003079254 -0.056338807 0.046290892
v 0.027376868 -0.042936016 0.052153551
v 0.052940801 -0.036323196 0.002656479
v 0.052908978 -0.036294141 0.002790043
v 0.053003911 -0.036200459 0.002650002
v 0.031797544 -0.042051181 0.049345617
v 0.036434387 -0.039045550 0.048747023
v 0.034601068 -0.045839483 0.043402655
v 0.065168568 -0.002351523 0.024827962
v 0.065054161 -0.001500494 0.018070105
v 0.065543876 -0.006055734 0.021256718
v 0.056019139 -0.014738168 0.041204997
v 0.047690053 -0.022728326 0.050591890
v -0.010303684 -0.054521907 0.047592307
v -0.005672204 -0.051445325 0.051939505
v 0.042694377 -0.037820919 0.043869297
v 0.045302957 -0.039741696 0.038978835
v 0.041599302 -0.043726906 0.038920066
v 0.053753102 -0.027180245 0.038515823
v 0.057211630 -0.019039503 0.037591855
v 0.048728545 -0.034283230 0.039914869
v 0.060702351 -0.008558135 0.035602052
v 0.062191355 -0.006917294 0.032960070
v 0.028746427 -0.045702362 0.047833603
v 0.017465698 -0.048891332 0.051298331
v 0.023899522 -0.047388558 0.049239148
v 0.027847276 -0.058111751 0.027231828
v 0.031408270 -0.056279947 0.023645691
v 0.026077828 -0.059021673 0.023922643
v 0.044843843 -0.046404612 0.018551056
v 0.058098820 -0.022180373 0.005568367
v 0.057455318 -0.025955032 0.009979956
v 0.060151204 -0.020289631 0.011508013
v 0.056701067 -0.026871153 0.005496724
v 0.027418806 -0.050708068 0.043258317
v 0.052439111 -0.033589443 0.035068808
v 0.056950199 -0.031737813 0.023319149
v 0.058907265 -0.027568724 0.019694168
v 0.057282433 -0.030056895 0.018592593
v 0.057460599 -0.013725825 0.039410417
v 0.020323826 -0.060840975 0.015214505
v 0.014993941 -0.062702345 0.011946330
v 0.014310358 -0.062834890 0.016546961
v 0.006172924 -0.045517047 0.061708440
v 0.056244013 -0.030408654 0.002337518
v 0.056219425 -0.030439480 0.002387201
v 0.056322049 -0.030212607 0.002327769
v 0.062370630 -0.008598223 0.001319859
v 0.062455186 -0.007502540 0.001911575
v 0.062558847 -0.008028250 0.001292529
v 0.041533221 -0.049520803 0.023077773
v 0.043816572 -0.047437377 0.026560515
v 0.046846802 -0.044875835 0.023820219
v 0.047809690 -0.040578330 0.034343634
v -0.006493185 -0.064790938 0.012529124
v -0.007854208 -0.065472211 0.009622381
v -0.009949971 -0.064196158 0.012113068
v -0.010011439 -0.048589803 0.054956720
v -0.015172618 -0.050075593 0.052284083
v -0.008046797 -0.057699003 0.043568806
v -0.013614124 -0.057318812 0.042830704
v 0.064509640 -0.008157116 0.014680345
v 0.059134936 -0.012552894 0.037120503
v 0.061671424 -0.011813112 0.033003968
v 0.059898109 -0.025517662 0.022802553
v 0.061641223 -0.020360405 0.021729549
v 0.060615441 -0.023089857 0.018399950
v 0.020960357 -0.060766632 0.020545051
v 0.027740070 -0.058038331 0.020617910
v 0.056863002 -0.011455945 0.040927597
v 0.055790394 -0.030996944 0.013009703
v 0.055924749 -0.033199420 0.018893375
v 0.037130790 -0.049412737 0.036373005
v 0.042484316 -0.047483574 0.031210072
v 0.014986605 -0.052222961 0.048213825
v 0.008515793 -0.050448940 0.052612309
v 0.015295676 -0.046136012 0.056331163
v 0.010974859 -0.045695755 0.059446718
v 0.016755688 -0.043315370 0.061114136
v -0.009390829 -0.059807143 0.039581934
v -0.003918896 -0.060591761 0.039849506
v -0.009521765 -0.063607275 0.024557556
v -0.018045826 -0.061979172 0.022613637
v -0.014123442 -0.061765827 0.030872488
v 0.008374650 -0.058408120 0.042327733
v 0.008007187 -0.060936161 0.037853311
v 0.004341715 -0.059441894 0.041599707
v -0.009078129 -0.063921812 0.017238650
v 0.005214578 -0.062699972 0.033973883
v 0.004050602 -0.063644924 0.029778613
v -0.001536311 -0.063306866 0.032301979
v 0.033530121 -0.052846427 0.034336122
v 0.032166578 -0.050988909 0.038972080
v 0.060959037 -0.015416278 0.008430910
v 0.059677081 -0.017817447 0.005482723
v -0.019791112 -0.064613246 0.005780410
v -0.020566287 -0.062541900 0.010518979
v -0.016609897 -0.064310936 0.009002736
v 0.060664618 -0.017067338 0.032082144
v 0.012494198 -0.063312157 0.022054284
v 0.065027938 -0.010626192 0.019383051
v 0.065110134 -0.006187660 0.018603599
v 0.053152236 -0.035750163 0.031038298
v -0.017527029 -0.062512845 0.016231114
v -0.009800678 -0.046792017 0.057712581
v -0.005003529 -0.048529094 0.056082552
v 0.004689158 -0.065509606 0.009389586
v -0.000905937 -0.064623865 0.013722202
v 0.006979437 -0.064186957 0.015491863
v 0.001839693 -0.061507214 0.038069268
v 0.000473499 -0.058958142 0.042709611
v 0.062308274 -0.004334910 0.032822520
v 0.028925226 -0.037380442 0.060199526
v 0.027437328 -0.037329289 0.064330245
v 0.036749408 -0.053243927 0.025649382
v 0.036937024 -0.051962280 0.030931226
v 0.039922505 -0.050608631 0.027477815
v 0.020941040 -0.060813420 0.027783435
v 0.013042423 -0.062728594 0.028115239
v 0.014713099 -0.061066633 0.033932661
v 0.035309295 -0.032946231 0.058774430
v 0.036668974 -0.034049610 0.055367645
v 0.032020462 -0.037725251 0.055162209
v 0.020255118 -0.051726606 0.046293125
v 0.058493976 -0.026377318 0.015232977
v 0.062041465 -0.011327772 0.008596095
v 0.061375032 -0.011080670 0.005329932
v 0.061108279 -0.013386355 0.006479593
v 0.049766825 -0.041732418 0.017856002
v 0.047609782 -0.042170278 0.011802270
v -0.001047903 -0.046387064 0.060899604
v -0.017534499 -0.058755274 0.037954719
v -0.012046171 -0.060642653 0.036359149
v 0.049616184 -0.041257093 0.028426137
v -0.028731461 -0.056771131 0.033848054
v -0.028992444 -0.055742210 0.036874281
v -0.023787041 -0.057892226 0.035367146
v 0.056179827 -0.031777463 0.028285134
v 0.053761909 -0.036659646 0.026476632
v 0.064057451 -0.006983914 0.029334599
v 0.009277821 -0.062057758 0.034108515
v 0.063655346 -0.001732763 0.029725753
v 0.051306236 -0.036423018 0.009983632
v 0.050924312 -0.038594099 0.013167335
v 0.053321695 -0.035008540 0.012699867
v 0.001062287 -0.047903560 0.057645884
v 0.028086515 -0.055065173 0.036115584
v 0.021237038 -0.055669866 0.040339949
v 0.043565162 -0.026011287 0.055246873
v 0.062569404 -0.016856517 0.025535339
v 0.027795988 -0.059306989 0.006370071
v 0.024565438 -0.059977526 0.008959957
v 0.028975146 -0.057578672 0.009361702
v 0.062627777 -0.009178792 0.031581726
v 0.048237240 -0.043418460 0.003625665
v 0.048080856 -0.043903829 0.003081687
v 0.046789890 -0.045376716 0.003173382
v 0.046011241 -0.044092516 0.007157575
v 0.006690994 -0.047134294 0.058061254
v 0.002802450 -0.046420381 0.060302101
v -0.026392081 -0.059402449 0.020532293
v -0.021997023 -0.061027278 0.017956171
v -0.026465586 -0.059343263 0.015415010
v 0.045742398 -0.045244510 0.028369231
v 0.046457927 -0.043904555 0.030521617
v 0.014118428 -0.058195761 0.040364707
v 0.032062999 -0.055460684 0.029933211
v 0.063202245 -0.011618070 0.029152505
v 0.056224314 -0.030457771 0.002339965
v 0.053437981 -0.033481080 0.009957774
v 0.054322393 -0.030984932 0.007448241
v -0.000084881 -0.065973886 0.008802566
v 0.041622350 -0.049028096 0.027038639
v 0.051061125 -0.040499981 0.023839378
v -0.001755695 -0.064392882 0.018807723
v 0.001126280 -0.064512223 0.022327860
v 0.004376882 -0.064202433 0.019660516
v 0.026127688 -0.058710808 0.017179319
v 0.031837196 -0.055718441 0.017688564
v 0.029525352 -0.056404675 0.014660253
v 0.056075502 -0.028419763 0.008915792
v 0.063572710 -0.009271626 0.029906761
v 0.064935844 -0.009766670 0.024674818
v 0.049149582 -0.039624298 0.009797255
v 0.060547738 -0.022467817 0.025294764
v 0.043996461 -0.027427365 0.052068281
v 0.032753519 -0.055305983 0.009222003
v 0.033398278 -0.055551191 0.007781361
v 0.032194282 -0.056893670 0.006144190
v 0.036117239 -0.036025282 0.052770586
v -0.012849586 -0.059373073 0.039262425
v 0.064178585 0.000575595 0.027415022
v 0.000513820 -0.050226486 0.053916879
v 0.047495175 -0.041811794 0.008687904
v 0.048962729 -0.040951982 0.005772209
v 0.053942445 -0.036675908 0.021562643
v 0.021923707 -0.058598523 0.034414695
v 0.036872836 -0.052826066 0.020039003
v 0.036384241 -0.053044317 0.015621490
v 0.000527415 -0.064104506 0.026276351
v -0.003672687 -0.064443098 0.022426193
v 0.063184797 -0.013480254 0.012706250
v 0.063517256 -0.010100450 0.011558950
v 0.063798766 -0.014012617 0.021723333
v 0.061642558 -0.011497005 0.001452857
v 0.061513289 -0.012361754 0.001490230
v 0.061371330 -0.011751751 0.002162446
v -0.014361365 -0.046742398 0.056993794
v -0.026211897 -0.055408813 0.040451753
v 0.032662034 -0.034960891 0.059980366
v -0.019509754 -0.059793742 0.033585776
v 0.015432286 -0.063674131 0.007898460
v 0.010678604 -0.064927751 0.008429720
v -0.018517955 -0.046584307 0.056550484
v -0.011967148 -0.065625187 0.008001950
v -0.014450434 -0.063494089 0.012551467
v -0.000332781 -0.067025199 0.005258195
v 0.000865828 -0.066961623 0.005224309
v -0.020316517 -0.055385999 0.043803507
v 0.062912401 -0.016520041 0.017846438
v 0.062967060 -0.016917664 0.021835541
v 0.064797270 0.003276499 0.022397369
v 0.027647249 -0.060298197 0.004261117
v 0.025534199 -0.061329430 0.004356980
v 0.024409854 -0.061256591 0.005839513
v 0.062325205 0.002860760 0.000870670
v 0.053293919 -0.036189998 0.016346213
v -0.015889842 -0.065454699 0.005603845
v -0.016420290 -0.065344530 0.005613405
v -0.016771643 -0.053412768 0.047690044
v 0.018031189 -0.058685010 0.037007401
v 0.035557523 -0.055421542 0.003862309
v 0.037693702 -0.052919563 0.005933182
v 0.037709141 -0.053753061 0.003740390
v 0.043131607 -0.048404227 0.006325684
v 0.062622551 -0.007495267 0.001269912
v 0.064335786 -0.012333402 0.016162474
v -0.022458623 -0.061408490 0.014109688
v 0.037251397 -0.051481230 0.011578292
v 0.006763999 -0.063791871 0.025680726
v 0.052340190 -0.034417571 0.007074881
v 0.058383319 -0.024965976 0.002067582
v 0.008936485 -0.062839844 0.030954846
v 0.026489496 -0.057963729 0.031092529
v 0.010374000 -0.047320695 0.056692423
v -0.003784842 -0.065936338 0.008950026
v 0.020439287 -0.060571431 0.011524889
v -0.022337569 -0.051837531 0.048385280
v -0.019124836 -0.051085909 0.050418795
v 0.034385305 -0.054715464 0.007544439
v 0.050448007 -0.037498032 0.007048250
v 0.009997147 -0.063882216 0.012310597
v 0.061532917 -0.014349562 0.001567844
v 0.063115887 -0.007349130 0.010481538
v 0.033327279 -0.054121421 0.012847169
v -0.015859687 -0.065461502 0.005603322
v 0.012558466 -0.065737603 0.004870019
v 0.008325704 -0.066363382 0.005005453
v 0.025663349 -0.058398823 0.012833520
v -0.026296918 -0.052653394 0.045278995
v -0.027249336 -0.060490927 0.009659077
v 0.060334192 -0.015380295 0.005951281
v 0.060780366 -0.014578893 0.003944009
v 0.034766786 -0.053173901 0.009427984
v 0.030008172 -0.056319198 0.011804157
v 0.061081311 -0.016983977 0.002508828
v 0.061158293 -0.017058645 0.001684130
v 0.060060739 -0.019716173 0.001817321
v 0.060034357 -0.019769952 0.001852068
v 0.042944646 -0.049583019 0.003439396
v 0.039490422 -0.052292219 0.003636329
v 0.045296991 -0.047294382 0.003287846
v 0.053995239 -0.033054268 0.004866457
v 0.011064817 -0.055306571 0.045880410
v 0.061940998 -0.009262964 0.003895788
v -0.023538413 -0.059363460 0.029673684
v -0.001397181 -0.067018786 0.005285815
v 0.017550782 -0.061956057 0.010014068
v 0.058783730 -0.023707828 0.002007647
v 0.060009329 -0.019880613 0.001825130
v 0.062834735 -0.002646836 0.001073795
v 0.062620776 -0.005896494 0.001207121
v -0.026382820 -0.045949774 0.055329562
v -0.022068135 -0.047718196 0.054146467
v -0.027280398 -0.048823313 0.050572797
v 0.039119945 -0.030557270 0.057311103
v 0.040089682 -0.033145991 0.051463302
v -0.019730874 -0.064652826 0.005672909
v -0.019832297 -0.064624459 0.005674450
v 0.033118656 -0.057166663 0.003994762
v 0.060045947 -0.019759406 0.001819408
v 0.016442400 -0.054982447 0.044090055
v 0.062678367 -0.000672658 0.001000298
v -0.007202538 -0.063239805 0.029491059
v -0.004429477 -0.064037017 0.026471080
v 0.061517834 -0.015015127 0.001594398
v 0.061485168 -0.015406467 0.001610634
v 0.030024680 -0.058990092 0.004147448
v -0.007023068 -0.066823549 0.005425461
v -0.011258152 -0.066321363 0.005516622
v -0.020232290 -0.064491832 0.005679711
v 0.016802433 -0.064513570 0.004710778
v 0.020039486 -0.062079544 0.007693370
v 0.017527541 -0.064261189 0.004681870
v -0.006565249 -0.066864795 0.005415093
v 0.038763674 -0.042015863 0.043668745
v 0.019733566 -0.041145766 0.064456266
v 0.023381998 -0.040279220 0.061408243
v -0.012731035 -0.066089651 0.005546084
v -0.006294123 -0.066883730 0.005408738
v -0.023737983 -0.063208957 0.005721090
v -0.024976097 -0.062763880 0.005736018
v -0.008145244 -0.062037496 0.034697603
v 0.006950513 -0.066553155 0.005048922
v 0.041639803 -0.028877074 0.054656465
v -0.024209924 -0.059677040 0.024640333
v -0.030299355 -0.057073676 0.025200116
v 0.022562507 -0.062683962 0.004488035
v 0.021598744 -0.063052065 0.004527739
v -0.028518088 -0.061272781 0.005770163
v 0.040350596 -0.027955074 0.060070916
v 0.012683079 -0.065701142 0.004865322
v 0.064303287 0.002903055 0.025927658
v 0.049980724 -0.041264609 0.002928206
v 0.052807681 -0.036557779 0.002669184
v -0.024654554 -0.044125726 0.058699524
v 0.048722988 -0.043075514 0.003032316
v -0.039552167 -0.053308077 0.010991048
v -0.035538261 -0.055775961 0.012076717
v -0.037789958 -0.055118691 0.008771816
v -0.037644064 -0.049046351 0.042126522
v -0.039437595 -0.046153905 0.044246447
v -0.035068125 -0.048305480 0.045359530
v -0.034891677 -0.043246541 0.052492176
v -0.050421247 -0.044200381 0.013884206
v -0.045662709 -0.048608588 0.018798752
v -0.046926637 -0.047958091 0.011327355
v -0.034781409 -0.057803487 0.005797818
v -0.034304637 -0.057803715 0.006587608
v -0.034265760 -0.058110482 0.005796381
v -0.030669501 -0.050051565 0.046578670
v -0.032514076 -0.051525321 0.042718950
v -0.043847365 -0.049042121 0.032079606
v -0.038084319 -0.052282274 0.034350635
v -0.040377545 -0.051854840 0.029672603
v -0.033090602 -0.056302276 0.020523486
v -0.038737438 -0.053253608 0.023309702
v -0.031166262 -0.057875132 0.012159746
v -0.031992683 -0.056981152 0.016472885
v -0.045372061 -0.050317063 0.005780900
v -0.045379619 -0.050183076 0.006162767
v -0.043804538 -0.051544514 0.005788097
v -0.053805872 -0.039585192 0.020415682
v -0.048444341 -0.045656216 0.026212395
v -0.043979582 -0.049698256 0.026056617
v -0.037533132 -0.044758740 0.048075204
v -0.048604133 -0.044053245 0.033300819
v -0.044945429 -0.046895306 0.036102055
v -0.033498632 -0.053027193 0.038532866
v -0.033063176 -0.054607756 0.035041196
v -0.042590362 -0.051332611 0.013262324
v -0.042261521 -0.052062413 0.008728821
v -0.037570265 -0.055979822 0.005799170
v -0.040098272 -0.054417769 0.005803974
v -0.041010820 -0.053791650 0.005803261
v -0.040542719 -0.054120311 0.005803921
v -0.037466027 -0.054378429 0.016160533
v -0.030753440 -0.056398626 0.030279182
v -0.032113425 -0.055531169 0.032677330
v -0.027323691 -0.043061627 0.058959853
v -0.030078280 -0.044762551 0.054743984
v -0.032682869 -0.046911741 0.049438838
v -0.053551442 -0.040423174 0.012345451
v -0.046668130 -0.046497090 0.032224774
v -0.034077824 -0.055306985 0.027599877
v -0.056651454 -0.036761247 0.005543470
v -0.053845029 -0.041005377 0.005636790
v -0.045655625 -0.050042884 0.005777550
v -0.043065944 -0.045982426 0.041033135
v -0.040093413 -0.049747992 0.038166983
v -0.049455152 -0.046418372 0.005734587
v -0.049486955 -0.046247022 0.006171925
v -0.036079486 -0.051040576 0.040360521
v -0.035711526 -0.054014130 0.030805132
v -0.033412049 -0.058592314 0.005792963
v -0.051085151 -0.044412812 0.005698445
v -0.053295397 -0.041801764 0.005653699
v -0.053534703 -0.041495443 0.005647926
v -0.032585496 -0.042289139 0.056055871
v -0.049704553 -0.046120842 0.005729424
v 0.001209834 -0.011624488 0.003040354
f 1 2 3
f 4 5 6
f 7 8 9
f 10 11 12
f 13 14 15
f 16 17 18
f 19 9 20
f 21 11 22
f 23 24 25
f 26 27 28
f 29 30 31
f 32 33 34
f 35 36 37
f 38 39 34
f 40 41 42
f 43 44 45
f 17 46 47
f 27 38 34
f 36 38 27
f 18 17 48
f 49 50 51
f 52 53 54
f 55 56 57
f 58 18 48
f 24 23 59
f 46 48 47
f 60 61 62
f 47 48 17
f 63 64 65
f 50 30 51
f 66 67 54
f 68 24 59
f 69 70 71
f 28 72 73
f 74 75 76
f 77 78 79
f 61 80 81
f 82 83 84
f 85 82 86
f 87 18 88
f 83 82 85
f 89 85 86
f 90 91 92
f 9 19 7
f 93 89 94
f 90 92 95
f 95 92 96
f 96 92 97
f 95 98 90
f 89 93 99
f 100 83 85
f 97 92 101
f 102 95 96
f 103 104 83
f 100 103 83
f 100 85 105
f 102 96 106
f 107 105 99
f 103 100 108
f 101 109 97
f 108 104 103
f 105 108 100
f 107 110 105
f 74 111 112
f 109 113 97
f 114 110 107
f 108 115 104
f 116 102 117
f 110 114 118
f 119 105 110
f 120 113 109
f 121 122 123
f 106 122 124
f 113 125 123
f 126 123 125
f 123 126 121
f 120 127 113
f 128 117 129
f 130 124 122
f 130 122 121
f 127 125 113
f 131 132 115
f 119 118 133
f 91 134 101
f 135 129 124
f 136 137 138
f 120 139 127
f 125 127 140
f 126 125 141
f 120 142 139
f 140 141 125
f 141 143 126
f 144 145 146
f 147 137 136
f 136 148 147
f 149 133 150
f 145 128 135
f 135 128 129
f 141 139 151
f 148 152 147
f 150 153 149
f 124 130 154
f 135 124 154
f 155 156 135
f 151 157 141
f 148 153 158
f 158 152 148
f 159 160 161
f 151 139 142
f 156 155 162
f 163 162 164
f 165 142 166
f 167 168 143
f 163 164 169
f 170 151 171
f 155 172 173
f 162 174 164
f 169 175 158
f 111 175 112
f 165 171 151
f 176 155 173
f 175 177 112
f 178 170 179
f 180 181 165
f 176 173 168
f 182 183 168
f 168 183 176
f 184 182 185
f 177 186 187
f 176 183 188
f 185 179 189
f 188 183 190
f 183 184 189
f 119 108 105
f 183 189 190
f 188 190 191
f 190 192 191
f 193 194 195
f 196 197 198
f 196 198 199
f 200 201 202
f 191 192 203
f 204 205 206
f 207 208 209
f 130 121 126
f 114 145 144
f 163 156 162
f 99 90 98
f 210 211 212
f 213 214 215
f 216 212 217
f 216 218 219
f 220 221 222
f 117 106 129
f 223 224 225
f 226 227 228
f 229 230 231
f 232 233 234
f 235 236 237
f 238 239 240
f 241 242 243
f 244 245 246
f 247 248 249
f 250 251 252
f 248 247 253
f 183 182 184
f 248 254 249
f 247 249 255
f 249 256 255
f 254 248 257
f 258 259 260
f 261 254 257
f 144 146 150
f 257 248 262
f 263 264 221
f 265 266 267
f 221 264 268
f 105 85 89
f 269 270 242
f 271 272 256
f 270 249 254
f 247 273 274
f 220 265 267
f 275 276 277
f 145 135 156
f 278 279 280
f 281 282 283
f 254 261 242
f 270 254 242
f 284 231 285
f 286 287 288
f 231 284 289
f 290 291 287
f 292 293 294
f 92 91 101
f 295 296 297
f 256 298 271
f 270 278 299
f 300 301 302
f 99 116 107
f 303 240 304
f 305 306 307
f 308 309 310
f 311 312 313
f 314 232 234
f 315 286 288
f 316 304 240
f 238 240 312
f 317 318 319
f 298 256 299
f 320 312 311
f 321 202 201
f 240 239 316
f 249 270 256
f 322 269 242
f 323 324 325
f 326 238 327
f 317 319 328
f 320 317 328
f 299 256 270
f 329 330 331
f 332 272 271
f 333 316 239
f 114 107 116
f 334 335 239
f 305 307 271
f 326 327 336
f 242 261 243
f 166 337 180
f 338 300 279
f 278 270 269
f 339 271 298
f 339 305 271
f 307 340 332
f 341 342 343
f 299 339 298
f 328 344 320
f 167 141 157
f 345 328 346
f 347 348 349
f 290 350 351
f 352 334 326
f 322 241 353
f 352 335 334
f 241 322 242
f 354 305 339
f 338 269 322
f 278 280 299
f 279 300 355
f 327 320 356
f 306 305 354
f 279 278 269
f 357 358 359
f 360 200 361
f 322 353 338
f 45 362 43
f 350 290 286
f 159 333 335
f 345 344 328
f 355 280 279
f 363 364 365
f 366 367 368
f 262 248 253
f 369 365 370
f 244 371 372
f 330 327 356
f 58 373 88
f 339 299 354
f 32 34 39
f 374 375 376
f 377 33 32
f 378 48 379
f 338 279 269
f 380 381 13
f 382 377 32
f 289 304 383
f 59 384 68
f 385 386 296
f 387 388 389
f 67 66 390
f 330 391 327
f 392 393 377
f 382 392 377
f 331 344 345
f 394 395 396
f 271 307 332
f 397 43 362
f 398 299 280
f 355 300 302
f 212 216 237
f 399 400 401
f 402 403 404
f 405 406 407
f 408 315 395
f 409 393 410
f 291 290 411
f 145 114 117
f 331 228 329
f 412 413 414
f 415 416 417
f 393 392 418
f 419 420 421
f 336 422 352
f 423 424 425
f 160 352 426
f 427 391 330
f 428 429 430
f 390 431 432
f 433 434 435
f 436 437 438
f 439 23 25
f 440 415 417
f 420 419 441
f 442 443 444
f 118 144 133
f 445 446 447
f 285 303 284
f 448 414 449
f 406 413 441
f 116 117 114
f 450 451 452
f 453 420 454
f 20 455 379
f 221 220 267
f 456 6 457
f 458 10 12
f 428 417 459
f 357 460 461
f 57 296 462
f 444 443 405
f 426 352 422
f 214 463 251
f 464 465 466
f 467 468 325
f 405 469 449
f 441 413 470
f 395 315 226
f 452 413 450
f 465 471 472
f 160 473 161
f 176 188 191
f 176 162 155
f 449 414 405
f 228 331 396
f 460 357 359
f 474 475 450
f 476 427 329
f 97 113 123
f 441 454 420
f 470 452 454
f 421 477 419
f 478 479 359
f 421 453 437
f 480 481 482
f 483 288 287
f 484 391 485
f 473 160 426
f 291 486 483
f 483 486 487
f 453 421 420
f 405 407 444
f 488 476 489
f 228 395 226
f 490 448 449
f 491 452 451
f 492 493 469
f 226 288 227
f 122 106 494
f 165 181 171
f 483 487 495
f 419 406 441
f 453 454 491
f 496 497 453
f 498 485 245
f 469 405 443
f 499 500 501
f 502 77 473
f 503 504 505
f 412 448 506
f 470 454 441
f 496 453 491
f 507 442 444
f 508 509 510
f 511 512 513
f 502 498 77
f 514 245 515
f 408 395 394
f 489 329 516
f 450 413 474
f 197 361 198
f 491 451 496
f 507 444 407
f 228 227 516
f 159 335 160
f 517 518 519
f 520 77 498
f 507 407 477
f 116 99 98
f 178 185 182
f 465 521 466
f 475 451 450
f 522 523 358
f 483 524 227
f 469 493 449
f 525 488 526
f 488 527 514
f 524 495 528
f 529 530 531
f 474 412 532
f 436 533 442
f 169 174 208
f 498 245 244
f 406 414 413
f 534 493 492
f 154 173 172
f 167 143 141
f 442 533 443
f 436 477 421
f 512 535 513
f 245 514 527
f 230 285 231
f 491 454 452
f 490 449 493
f 536 537 538
f 412 474 413
f 539 540 77
f 421 437 436
f 287 291 483
f 473 426 502
f 150 163 153
f 541 540 539
f 542 543 544
f 128 145 117
f 163 150 146
f 526 516 545
f 178 157 170
f 546 119 133
f 372 520 244
f 414 448 412
f 327 391 336
f 520 539 77
f 525 547 548
f 405 414 406
f 507 477 436
f 549 550 551
f 506 532 412
f 436 442 507
f 246 245 527
f 452 470 413
f 136 131 149
f 484 422 336
f 448 490 552
f 438 533 436
f 139 141 140
f 204 206 544
f 419 407 406
f 516 553 545
f 554 555 556
f 477 407 419
f 515 488 514
f 557 558 525
f 520 372 559
f 203 186 207
f 520 559 539
f 527 488 525
f 525 548 527
f 560 561 562
f 560 562 563
f 294 564 565
f 566 567 568
f 566 568 569
f 570 563 562
f 468 571 262
f 569 568 572
f 191 207 209
f 573 358 357
f 561 560 574
f 575 563 570
f 547 525 558
f 576 577 578
f 219 237 216
f 518 517 579
f 69 71 580
f 289 284 304
f 246 581 371
f 526 489 516
f 546 108 119
f 505 282 503
f 582 559 372
f 237 210 212
f 538 251 250
f 523 522 563
f 207 191 203
f 583 584 536
f 288 483 227
f 211 210 585
f 586 357 461
f 587 588 200
f 589 508 510
f 295 355 590
f 513 591 592
f 547 558 593
f 594 595 596
f 371 582 372
f 597 598 513
f 105 89 99
f 599 600 601
f 602 591 513
f 96 494 106
f 603 204 604
f 605 606 582
f 607 291 411
f 585 463 211
f 215 538 537
f 608 609 610
f 194 611 537
f 557 545 612
f 544 370 204
f 179 185 178
f 613 614 215
f 463 213 211
f 536 194 537
f 582 581 615
f 424 616 252
f 367 617 556
f 598 597 618
f 70 205 71
f 619 433 620
f 499 217 500
f 542 544 206
f 463 214 213
f 621 70 622
f 370 604 204
f 623 624 625
f 626 627 628
f 629 630 631
f 632 633 447
f 358 573 522
f 611 613 537
f 513 598 602
f 602 609 591
f 634 605 582
f 508 589 503
f 358 567 359
f 558 612 635
f 90 93 94
f 210 424 585
f 615 581 636
f 637 519 638
f 283 482 639
f 640 543 542
f 566 641 567
f 523 568 358
f 236 424 210
f 642 565 564
f 554 556 643
f 644 645 646
f 275 647 648
f 634 649 650
f 651 503 652
f 593 558 635
f 231 383 229
f 547 653 636
f 476 329 489
f 608 592 609
f 565 642 654
f 655 651 652
f 358 568 567
f 200 309 656
f 657 658 659
f 523 660 572
f 523 572 568
f 593 661 647
f 575 660 523
f 575 523 563
f 582 662 634
f 663 664 665
f 203 666 667
f 348 668 669
f 670 669 671
f 605 634 650
f 214 251 538
f 672 673 674
f 344 331 330
f 643 675 676
f 677 678 679
f 581 548 636
f 363 365 680
f 681 682 668
f 683 684 685
f 252 251 463
f 637 686 519
f 661 593 276
f 687 292 294
f 688 689 690
f 691 638 692
f 693 688 694
f 634 662 649
f 695 696 697
f 695 697 698
f 323 325 253
f 346 394 345
f 699 636 653
f 206 700 542
f 576 628 701
f 593 699 653
f 205 70 702
f 481 267 266
f 666 203 192
f 597 703 618
f 106 117 102
f 154 130 143
f 704 309 705
f 234 260 314
f 126 143 130
f 706 689 688
f 706 688 693
f 648 647 661
f 667 186 203
f 370 707 604
f 708 350 709
f 699 593 647
f 710 711 712
f 713 714 715
f 716 650 341
f 232 717 718
f 426 484 502
f 719 720 721
f 722 723 724
f 246 371 244
f 725 726 727
f 564 610 642
f 609 602 728
f 728 610 609
f 654 642 729
f 311 303 730
f 731 618 732
f 380 642 610
f 554 643 676
f 604 733 624
f 548 547 636
f 734 735 736
f 169 153 163
f 737 738 739
f 726 225 740
f 741 742 743
f 649 744 233
f 745 743 742
f 746 747 748
f 286 315 709
f 710 749 711
f 153 148 149
f 497 750 453
f 751 752 712
f 438 753 754
f 635 612 755
f 635 755 756
f 606 605 757
f 758 759 760
f 761 762 763
f 255 764 273
f 765 766 767
f 768 769 770
f 257 771 261
f 762 772 773
f 729 642 380
f 774 217 499
f 434 619 775
f 775 776 193
f 773 731 732
f 370 365 707
f 767 750 765
f 777 778 774
f 779 780 781
f 782 753 438
f 123 494 97
f 783 784 785
f 751 712 711
f 786 640 542
f 612 528 755
f 236 787 424
f 788 768 770
f 649 789 744
f 790 219 218
f 788 765 768
f 770 766 788
f 497 768 765
f 232 650 233
f 767 791 750
f 750 791 437
f 792 756 755
f 437 791 793
f 437 793 782
f 750 497 765
f 766 765 788
f 257 262 571
f 501 614 613
f 793 753 782
f 437 453 750
f 218 778 777
f 553 516 227
f 794 713 657
f 437 782 438
f 778 216 217
f 754 533 438
f 584 795 434
f 777 796 790
f 797 798 799
f 318 311 730
f 774 778 217
f 250 583 538
f 537 613 215
f 800 795 801
f 217 212 500
f 208 186 177
f 485 515 245
f 620 802 776
f 803 773 760
f 213 500 211
f 167 178 182
f 344 330 356
f 744 789 804
f 501 215 614
f 805 409 806
f 807 808 809
f 319 346 328
f 273 810 811
f 637 812 813
f 96 97 494
f 383 304 316
f 495 487 814
f 792 755 528
f 815 814 487
f 650 232 341
f 135 172 155
f 792 816 756
f 651 260 817
f 804 268 744
f 818 819 726
f 756 816 820
f 246 548 581
f 821 822 823
f 759 332 340
f 528 495 824
f 233 744 268
f 222 275 220
f 792 825 816
f 110 118 119
f 582 615 662
f 665 233 268
f 817 664 504
f 290 351 411
f 826 812 827
f 391 484 336
f 595 828 671
f 595 671 669
f 99 93 90
f 829 435 830
f 807 831 808
f 547 593 653
f 832 809 827
f 752 807 832
f 224 722 724
f 596 595 576
f 596 576 833
f 573 357 586
f 627 701 628
f 717 834 835
f 834 822 835
f 836 837 838
f 836 839 837
f 840 841 836
f 622 70 385
f 842 843 837
f 726 819 223
f 143 168 154
f 657 844 845
f 665 234 233
f 846 224 724
f 737 739 727
f 841 847 836
f 848 849 343
f 850 725 560
f 640 851 543
f 852 838 853
f 840 836 838
f 854 838 852
f 855 837 843
f 604 707 733
f 837 853 838
f 737 727 740
f 837 839 842
f 787 236 235
f 856 224 857
f 853 837 855
f 858 711 859
f 225 726 223
f 739 860 861
f 71 204 603
f 815 862 814
f 749 859 711
f 733 707 364
f 814 863 824
f 844 864 865
f 845 844 860
f 341 343 716
f 719 713 866
f 71 603 580
f 369 544 543
f 726 725 818
f 681 867 861
f 700 786 542
f 724 714 794
f 682 861 860
f 727 868 725
f 869 602 803
f 598 731 602
f 277 220 275
f 365 364 707
f 424 787 425
f 524 612 545
f 306 870 871
f 869 340 872
f 365 369 873
f 221 268 804
f 874 875 876
f 728 872 877
f 615 636 699
f 794 845 846
f 307 872 340
f 718 717 835
f 222 221 804
f 878 868 739
f 728 877 610
f 879 631 880
f 657 713 658
f 306 877 307
f 627 881 882
f 627 882 883
f 559 582 606
f 120 109 884
f 443 885 469
f 886 885 887
f 610 877 381
f 888 889 890
f 851 873 369
f 891 892 893
f 602 869 872
f 787 235 678
f 894 891 893
f 825 528 824
f 680 365 873
f 877 306 871
f 877 895 381
f 631 630 880
f 354 870 306
f 896 888 890
f 616 250 252
f 897 894 91
f 490 891 894
f 890 870 896
f 895 877 898
f 91 893 134
f 490 899 552
f 255 273 247
f 900 62 629
f 901 781 554
f 877 871 898
f 902 534 892
f 173 154 168
f 282 903 904
f 905 897 906
f 907 381 895
f 905 908 899
f 871 870 890
f 193 195 775
f 896 870 354
f 897 899 894
f 902 892 891
f 307 877 872
f 909 910 911
f 728 602 872
f 534 884 892
f 912 871 890
f 725 850 818
f 888 896 398
f 385 296 622
f 556 555 913
f 896 354 299
f 914 280 915
f 889 912 890
f 398 896 299
f 398 914 888
f 914 398 280
f 860 738 845
f 914 915 888
f 915 280 297
f 355 295 280
f 90 906 897
f 916 887 917
f 899 908 918
f 280 295 297
f 109 101 134
f 659 848 864
f 501 500 215
f 919 920 921
f 922 920 923
f 142 120 924
f 536 584 195
f 492 469 885
f 893 892 884
f 195 194 536
f 925 921 886
f 493 902 490
f 919 142 924
f 218 216 778
f 926 159 161
f 927 690 928
f 891 490 902
f 929 930 931
f 296 57 297
f 932 811 810
f 863 814 933
f 934 929 935
f 915 297 57
f 936 816 825
f 937 57 938
f 296 386 462
f 94 939 906
f 885 940 492
f 277 941 265
f 94 906 90
f 731 773 803
f 493 534 902
f 906 939 905
f 929 942 930
f 943 551 944
f 490 894 899
f 552 918 945
f 915 57 937
f 801 946 673
f 884 922 923
f 899 918 552
f 915 889 888
f 868 735 725
f 899 897 905
f 929 947 942
f 171 948 170
f 91 90 897
f 915 937 949
f 718 864 848
f 894 893 91
f 386 69 950
f 13 381 14
f 724 794 846
f 375 374 951
f 952 462 386
f 953 954 955
f 56 938 57
f 637 638 956
f 858 751 711
f 934 947 929
f 721 658 719
f 938 56 937
f 957 798 797
f 958 912 959
f 531 530 960
f 898 958 961
f 962 375 963
f 586 223 819
f 776 775 619
f 729 15 654
f 663 665 264
f 931 964 929
f 965 375 962
f 961 895 898
f 824 863 825
f 462 952 966
f 940 922 492
f 966 57 462
f 947 934 967
f 621 685 702
f 968 969 951
f 56 970 937
f 971 972 973
f 518 579 324
f 974 971 975
f 970 56 976
f 224 977 225
f 959 912 978
f 979 912 889
f 830 600 913
f 654 15 14
f 980 953 981
f 772 982 758
f 423 983 984
f 447 654 445
f 232 342 341
f 985 771 571
f 895 986 907
f 987 952 988
f 989 963 951
f 386 988 952
f 973 975 971
f 977 737 740
f 990 60 974
f 963 953 955
f 263 267 481
f 991 911 992
f 969 989 951
f 861 867 739
f 949 937 970
f 962 963 955
f 949 979 889
f 993 205 994
f 995 969 968
f 761 764 982
f 38 996 39
f 735 734 997
f 735 997 560
f 138 137 998
f 825 999 936
f 969 953 989
f 962 955 1000
f 981 969 1001
f 1002 9 1003
f 1004 1005 511
f 674 1006 971
f 977 740 225
f 981 1001 1007
f 969 981 953
f 764 761 1008
f 533 754 887
f 1009 1010 1011
f 1012 1013 736
f 1012 736 735
f 1014 1015 1016
f 963 989 953
f 52 950 53
f 534 492 922
f 1017 137 147
f 810 1008 761
f 256 758 255
f 887 754 917
f 864 718 865
f 737 977 738
f 885 443 533
f 758 982 255
f 138 998 132
f 1018 362 309
f 1018 309 308
f 550 1019 990
f 810 1020 932
f 682 822 821
f 780 554 781
f 35 996 38
f 152 111 1021
f 550 549 1019
f 972 551 973
f 972 616 423
f 1022 1023 803
f 185 189 184
f 368 1024 366
f 551 984 944
f 866 715 1025
f 730 303 285
f 635 276 593
f 533 887 885
f 884 923 120
f 921 920 940
f 919 921 925
f 944 549 943
f 919 923 920
f 673 601 800
f 1026 1027 35
f 1028 1029 925
f 1030 1031 1032
f 878 739 867
f 893 884 109
f 332 759 272
f 467 985 571
f 1033 936 1034
f 550 990 975
f 1035 1034 999
f 62 630 629
f 919 166 142
f 678 1036 787
f 69 580 53
f 983 423 1036
f 975 990 974
f 696 1032 1031
f 602 731 803
f 936 1033 941
f 380 610 381
f 423 616 424
f 911 901 1037
f 921 940 886
f 1038 1039 132
f 925 916 1028
f 282 508 503
f 1040 925 1029
f 176 174 162
f 923 919 924
f 239 238 334
f 944 1041 1042
f 922 940 920
f 869 1023 340
f 923 924 120
f 690 927 479
f 758 760 772
f 760 1022 803
f 1040 166 919
f 534 922 884
f 893 109 134
f 928 697 696
f 1043 1044 1045
f 35 38 36
f 814 824 495
f 621 683 685
f 1046 1045 1044
f 1047 466 521
f 925 886 887
f 263 481 480
f 1048 1049 1050
f 1036 1027 983
f 925 1040 919
f 1051 1052 1049
f 936 941 816
f 944 1026 1041
f 1017 1053 1038
f 1053 1017 1054
f 472 521 465
f 1011 1055 1005
f 1044 1056 1057
f 1058 53 580
f 1048 1057 1049
f 1027 1026 983
f 396 395 228
f 1036 677 1027
f 277 265 220
f 320 344 356
f 1026 37 1041
f 991 779 911
f 227 524 553
f 482 1059 480
f 1060 991 1061
f 502 484 498
f 486 291 607
f 233 650 649
f 260 234 664
f 276 756 820
f 290 287 286
f 553 524 545
f 1062 834 717
f 186 208 207
f 1027 677 996
f 314 1062 717
f 758 256 272
f 272 759 758
f 163 146 156
f 35 1027 996
f 834 823 822
f 761 982 762
f 479 460 359
f 879 1024 1063
f 733 1039 1038
f 1064 1065 1066
f 1067 1053 1054
f 277 276 820
f 331 345 396
f 1068 1069 54
f 612 524 528
f 821 823 1070
f 587 1030 588
f 337 166 1040
f 1053 1071 1038
f 527 548 246
f 326 334 238
f 327 238 312
f 911 779 901
f 385 70 69
f 1023 869 803
f 234 665 664
f 1072 521 472
f 684 1073 685
f 928 910 927
f 617 366 675
f 326 336 352
f 1053 1074 1075
f 1076 812 826
f 314 259 1062
f 910 928 1031
f 276 275 648
f 586 1077 857
f 858 1078 1079
f 1073 684 1080
f 1081 1082 1083
f 276 648 661
f 318 317 311
f 550 975 551
f 1084 1073 1080
f 152 1054 1017
f 301 684 1085
f 240 313 312
f 969 995 1001
f 169 158 153
f 882 1086 883
f 1087 1088 1071
f 1088 1087 623
f 571 771 257
f 526 488 489
f 294 592 564
f 312 320 327
f 1066 676 1089
f 273 1008 810
f 670 349 348
f 670 348 669
f 1071 1075 1087
f 1090 1091 1092
f 1093 301 300
f 1094 1095 1096
f 1090 1092 1097
f 1098 682 821
f 223 857 224
f 724 723 714
f 1062 259 644
f 503 817 504
f 338 353 300
f 1099 1097 1092
f 772 762 982
f 314 260 259
f 1022 759 340
f 546 131 108
f 1096 1100 1094
f 539 606 541
f 828 595 594
f 942 1051 1049
f 1100 1092 1094
f 1101 1102 1103
f 1104 1074 1069
f 1096 1105 1100
f 1106 1107 1073
f 787 1036 425
f 1108 1072 472
f 1073 1107 702
f 1109 1057 1056
f 360 1110 705
f 360 705 309
f 1044 521 1111
f 170 948 179
f 1056 1044 1111
f 1112 1113 1114
f 1100 1115 1099
f 1115 1116 1099
f 1116 1117 1118
f 844 657 1119
f 1091 1080 1092
f 599 368 913
f 1054 152 1067
f 1049 1109 930
f 1114 1113 1076
f 1120 1121 521
f 353 241 1122
f 964 1123 929
f 1111 1109 1056
f 971 1006 1124
f 1095 301 1096
f 1072 1125 1120
f 1126 1120 1125
f 1123 1127 935
f 1128 1129 1108
f 935 1127 1130
f 243 261 1131
f 1120 1111 1121
f 1111 1132 1109
f 1065 909 1037
f 1111 1133 1132
f 1068 1104 1069
f 1134 1135 1114
f 1049 930 942
f 760 773 772
f 1136 1137 1138
f 982 764 255
f 911 1031 992
f 54 53 1058
f 1071 1088 1038
f 677 679 996
f 166 180 165
f 1126 1139 1111
f 1140 1105 1122
f 985 1141 771
f 1142 813 1113
f 992 1061 991
f 964 1143 1144
f 1145 1134 1076
f 1069 66 54
f 1104 1068 1087
f 1143 931 1132
f 829 555 1146
f 1147 967 1148
f 1149 1150 1151
f 1152 1153 1154
f 1065 1064 460
f 1112 1114 1135
f 1079 1076 1155
f 1057 1048 1046
f 763 810 761
f 311 317 320
f 1118 1156 1157
f 985 1158 1141
f 1159 1090 1097
f 1097 1160 1159
f 810 763 1020
f 1125 1129 1161
f 887 916 925
f 132 131 136
f 1088 623 625
f 1162 1163 1164
f 1144 1102 1165
f 1072 1166 1125
f 1167 1103 1168
f 1169 1170 624
f 1106 1084 1171
f 886 940 885
f 1172 1158 1173
f 1116 1115 1117
f 1174 1175 1176
f 273 764 1008
f 1079 1155 858
f 1115 1100 1177
f 1178 967 1147
f 1165 1130 1127
f 1146 555 780
f 1090 1179 1091
f 1166 1129 1125
f 1159 1180 1090
f 580 603 1170
f 826 809 808
f 656 309 362
f 1181 1182 1183
f 1022 760 759
f 1120 1126 1111
f 1184 703 597
f 1167 1185 1160
f 1186 1187 1129
f 1108 472 1188
f 1189 1190 1191
f 1122 1131 1192
f 1143 1193 1144
f 1194 1195 1196
f 1093 1096 301
f 1161 1197 1125
f 1154 1103 1102
f 858 831 751
f 1184 597 535
f 1198 1171 1084
f 1078 1145 1079
f 1073 1084 1106
f 931 1143 964
f 1199 1200 1171
f 1180 1201 1179
f 1038 132 998
f 1180 1202 1201
f 1141 1158 1203
f 1202 1180 1159
f 935 1130 1157
f 1114 1076 1134
f 1204 1141 1205
f 340 1023 1022
f 1129 1187 1161
f 703 1184 1206
f 1161 1187 1197
f 1207 1137 1208
f 1141 1209 1205
f 1193 1102 1144
f 1139 1208 1136
f 1084 1210 1198
f 865 835 822
f 521 1072 1120
f 1171 1163 1199
f 1167 1168 1153
f 1211 1151 1150
f 1206 1020 1212
f 1213 1141 1203
f 732 703 762
f 1179 1214 1084
f 1215 1203 1172
f 1058 1087 1068
f 1047 1216 1044
f 423 425 1036
f 1177 1192 1183
f 1202 1159 1185
f 1205 1131 1204
f 402 1194 403
f 873 851 1217
f 1179 1201 1214
f 1186 1129 874
f 1218 1211 1181
f 1219 932 1020
f 1220 1176 1221
f 54 1058 1068
f 1171 1200 1106
f 1189 1201 1202
f 1215 403 1222
f 1223 1176 1217
f 1194 1224 403
f 1214 1210 1084
f 1212 1020 763
f 1223 1217 851
f 1212 762 703
f 1225 1226 1227
f 929 1123 935
f 1153 1228 1185
f 1229 1230 1231
f 1156 1148 935
f 1131 1205 1183
f 809 832 807
f 1224 1232 403
f 640 1221 851
f 1213 1209 1141
f 1162 1220 1221
f 1165 1123 964
f 762 1212 763
f 1233 1234 1235
f 1156 1236 1150
f 1231 1186 1237
f 1196 1224 1194
f 1163 1171 1238
f 932 1219 811
f 1137 1207 1225
f 1169 624 623
f 1206 1212 703
f 1203 1222 1235
f 985 1239 1158
f 1126 1125 1208
f 1102 1130 1165
f 1154 1240 1152
f 1121 1111 521
f 1214 1198 1210
f 967 935 1148
f 1241 1050 1052
f 1229 1175 1242
f 1057 1046 1044
f 1242 1174 1191
f 1136 1208 1137
f 967 934 935
f 1177 1182 1236
f 1108 1166 1072
f 1138 1240 1243
f 1095 1094 1080
f 1244 873 1217
f 1197 1230 1226
f 1152 1228 1153
f 1230 1197 1187
f 664 1059 504
f 1236 1182 1150
f 1187 1231 1230
f 1245 1178 1147
f 1246 1181 1234
f 1176 1247 1244
f 1209 1213 1234
f 657 659 1119
f 703 732 618
f 1224 1196 1248
f 1130 1102 1101
f 1226 1225 1207
f 1195 402 404
f 1183 1205 1209
f 1203 1235 1213
f 397 1249 1250
f 397 1250 1251
f 1150 1182 1211
f 1186 1231 1187
f 1209 1234 1181
f 1122 1192 1140
f 1232 1224 1248
f 1143 1132 1133
f 1131 261 1204
f 1207 1208 1125
f 1240 1154 1243
f 1107 1106 1200
f 1252 1253 1254
f 1234 1233 1246
f 1154 1168 1103
f 1243 1193 1136
f 1218 1246 1255
f 402 1195 1194
f 1256 1257 1258
f 1259 1232 1248
f 1087 1170 1169
f 1170 1087 1058
f 1214 1201 1189
f 1179 1090 1180
f 851 1221 1223
f 1231 1237 1260
f 1216 521 1044
f 1261 1251 1250
f 1262 1220 1162
f 1257 1256 1263
f 1198 1214 1262
f 1038 1088 733
f 1222 1232 1259
f 243 1131 241
f 513 535 597
f 1053 1067 1074
f 1122 1093 353
f 1198 1164 1238
f 1233 1255 1246
f 152 1017 147
f 150 133 144
f 1071 1053 1075
f 1160 1185 1159
f 1264 1258 1248
f 427 476 485
f 1104 1075 1074
f 1163 1238 1164
f 1257 1265 1266
f 1149 1151 1245
f 1149 1148 1156
f 1267 1255 1266
f 831 807 751
f 640 786 1199
f 1262 1214 1189
f 1246 1218 1181
f 868 878 1012
f 301 1095 684
f 1245 1147 1149
f 998 1017 1038
f 1249 397 362
f 1249 362 1268
f 1021 1067 152
f 1052 1050 1049
f 1118 1117 1156
f 733 1088 625
f 1138 1243 1136
f 1140 1177 1100
f 137 1017 998
f 1178 1245 1254
f 1216 1047 521
f 1151 1218 1269
f 1143 1136 1193
f 1190 1189 1152
f 1109 931 930
f 1256 1270 1264
f 241 1131 1122
f 1100 1105 1140
f 1198 1262 1164
f 1158 1172 1203
f 1256 1258 1270
f 1258 1264 1270
f 1099 1092 1100
f 1229 1231 1260
f 1217 1176 1244
f 1137 1225 1227
f 1151 1269 1245
f 1228 1202 1185
f 300 353 1093
f 1197 1207 1125
f 1222 403 1232
f 1102 1193 1243
f 1139 1126 1208
f 1175 1229 1260
f 773 732 762
f 1271 1191 1227
f 1096 1093 1105
f 1162 1221 640
f 1136 1133 1139
f 1133 1111 1139
f 1272 1167 1160
f 1099 1160 1097
f 1238 1171 1198
f 1087 1169 623
f 640 1199 1163
f 1211 1218 1151
f 1150 1149 1156
f 1075 1104 1087
f 733 625 624
f 1257 1266 1255
f 1127 1123 1165
f 1133 1136 1143
f 1252 1254 1245
f 1269 1218 1255
f 1173 1215 1172
f 543 851 369
f 663 1059 664
f 1130 1101 1157
f 1215 1222 1203
f 1223 1221 1176
f 1084 1091 1179
f 1242 1175 1174
f 1164 1262 1162
f 1080 1094 1092
f 1267 1252 1245
f 565 633 294
f 1258 1233 1259
f 1177 1183 1182
f 1080 1091 1084
f 1138 1190 1240
f 1242 1230 1229
f 845 738 977
f 1226 1242 1271
f 825 792 528
f 1058 580 1170
f 1167 1272 1103
f 1272 1116 1118
f 1273 1274 1263
f 1181 1211 1182
f 1271 1227 1226
f 1252 1265 1253
f 169 208 175
f 624 1170 603
f 1191 1262 1189
f 1191 1174 1220
f 1176 1175 1247
f 1202 1228 1189
f 1190 1152 1240
f 426 422 484
f 1116 1272 1099
f 1275 266 1033
f 747 746 742
f 1269 1255 1267
f 1109 1049 1057
f 303 304 284
f 1166 1108 1129
f 1122 1105 1093
f 1197 1226 1207
f 1260 1244 1175
f 1233 1235 1259
f 1243 1154 1102
f 1235 1234 1213
f 1236 1156 1115
f 1103 1272 1101
f 640 1163 1162
f 1191 1271 1242
f 699 222 804
f 1220 1174 1176
f 1153 1185 1167
f 131 546 133
f 1247 1175 1244
f 1138 1191 1190
f 1191 1220 1262
f 1189 1228 1152
f 1191 1138 1227
f 1227 1138 1137
f 1165 964 1144
f 1109 1132 931
f 647 275 222
f 702 685 1073
f 1242 1226 1230
f 1043 1047 1044
f 1012 735 868
f 1266 1252 1267
f 1272 1160 1099
f 479 478 690
f 1153 1168 1154
f 1276 1277 1278
f 1279 1280 1281
f 3 1282 1
f 1115 1177 1236
f 1 1280 1283
f 1282 1284 1276
f 1285 1286 1287
f 1282 1280 1
f 1282 1288 1281
f 1289 3 2
f 1287 1290 1285
f 1291 1253 1265
f 1289 1284 3
f 1259 1248 1258
f 1278 1277 1292
f 1288 1286 1293
f 1276 1288 1282
f 1294 833 576
f 1294 576 701
f 1286 1288 1295
f 771 1204 261
f 1296 1281 1293
f 1297 1298 1299
f 1300 1274 1301
f 1282 1281 1280
f 1284 1277 1276
f 563 818 850
f 1287 1302 1290
f 865 860 844
f 1273 1263 1303
f 263 480 264
f 1285 1293 1286
f 941 1033 265
f 820 816 941
f 1295 1304 1286
f 1305 1287 1299
f 1296 1293 1306
f 1306 1293 1285
f 818 573 819
f 1286 1304 1287
f 1295 1297 1299
f 1293 1281 1288
f 1062 823 834
f 1290 1306 1285
f 1290 1307 1306
f 1308 981 1007
f 1304 1295 1299
f 1287 1304 1299
f 1298 1309 1299
f 844 1119 864
f 1278 1308 1276
f 1309 1305 1299
f 1307 1296 1306
f 1257 1263 1274
f 1302 1307 1290
f 779 1060 780
f 1155 808 831
f 646 578 577
f 1233 1258 1255
f 1287 1305 1302
f 1282 3 1284
f 1192 1131 1183
f 1101 1272 1118
f 1310 1311 198
f 1310 198 696
f 260 664 817
f 681 861 682
f 1209 1181 1183
f 1274 1300 1265
f 867 1012 878
f 1157 1101 1118
f 1312 348 347
f 1235 1222 1259
f 1141 1204 771
f 727 739 868
f 849 848 659
f 1313 798 374
f 1033 1035 1275
f 1140 1192 1177
f 1115 1156 1117
f 1257 1255 1258
f 1257 1274 1265
f 376 1313 374
f 1314 1254 1253
f 1245 1269 1267
f 1156 935 1157
f 488 515 476
f 845 794 657
f 1095 1080 684
f 1265 1252 1266
f 1265 1300 1291
f 1303 1263 1256
f 1148 1149 1147
f 1034 1035 1033
f 1239 985 467
f 999 825 863
f 601 368 599
f 783 1315 1316
f 1173 1239 1317
f 1318 1173 1317
f 1317 467 1319
f 343 342 848
f 325 1319 467
f 403 1215 1173
f 1318 1320 1173
f 1317 1319 1321
f 253 468 262
f 1173 1320 403
f 1321 1318 1317
f 551 975 973
f 579 1321 1319
f 1318 1321 1320
f 522 818 563
f 879 1063 631
f 860 865 822
f 403 1320 404
f 1317 1239 467
f 1322 517 1323
f 325 579 1319
f 224 846 977
f 1323 517 1324
f 1322 1321 579
f 1325 512 511
f 1324 517 519
f 992 587 1061
f 863 933 1326
f 813 812 1113
f 1033 266 265
f 1035 999 1326
f 460 1064 461
f 1320 1321 1322
f 1239 1173 1158
f 404 1320 1322
f 503 589 652
f 404 1322 1323
f 348 867 681
f 517 1322 579
f 1241 1052 1327
f 1241 1327 1328
f 258 644 259
f 1329 1241 1328
f 1330 1083 1331
f 1052 1332 1327
f 999 863 1326
f 839 836 1330
f 1333 1330 1331
f 258 260 651
f 1331 1334 1333
f 1334 1327 1333
f 586 819 573
f 1335 1336 1332
f 1337 1314 1338
f 1333 1339 1330
f 1335 947 1340
f 1341 1333 1327
f 658 713 719
f 1291 1342 1338
f 1339 1333 1343
f 941 277 820
f 633 632 687
f 1343 1333 1341
f 208 174 209
f 557 526 545
f 751 807 752
f 60 62 900
f 927 909 479
f 1344 1343 1341
f 1341 1337 1344
f 1336 1335 1340
f 814 862 933
f 1341 1327 1332
f 361 1032 198
f 1345 1336 1340
f 1337 1345 1178
f 504 1059 904
f 1337 1336 1345
f 977 846 845
f 1328 1334 1329
f 860 822 682
f 1335 1051 942
f 1034 936 999
f 1343 1344 1342
f 1178 1345 1346
f 768 1347 769
f 839 1339 1348
f 1349 1291 1301
f 1337 1178 1314
f 1350 1351 1352
f 1346 967 1178
f 1291 1349 1342
f 1314 1178 1254
f 1342 1339 1343
f 1353 1283 1354
f 947 967 1346
f 1339 1342 1348
f 1051 1335 1332
f 1342 1349 1348
f 1355 1356 1357
f 947 1346 1340
f 1358 1359 1360
f 850 560 563
f 1342 1344 1338
f 1332 1336 1341
f 1050 1361 1048
f 1340 1346 1345
f 1334 1362 1329
f 647 222 699
f 1332 1052 1051
f 174 169 164
f 725 735 560
f 859 1078 858
f 1113 1112 1142
f 1330 1339 839
f 628 576 578
f 1291 1300 1301
f 592 294 511
f 1113 812 1076
f 1341 1336 1337
f 733 364 1363
f 1327 1334 1328
f 98 102 116
f 644 258 655
f 557 612 558
f 780 555 554
f 599 913 600
f 942 947 1335
f 1253 1291 1338
f 1364 376 965
f 70 621 702
f 1338 1314 1253
f 1155 1076 826
f 518 691 692
f 376 1364 1365
f 368 601 1366
f 831 858 1155
f 1079 1145 1076
f 836 1083 1330
f 1338 1344 1337
f 808 1155 826
f 1367 1012 867
f 1367 867 1368
f 866 713 715
f 579 325 324
f 1200 786 1107
f 148 136 149
f 817 503 651
f 789 699 804
f 1368 867 348
f 1368 348 1312
f 609 592 591
f 513 592 511
f 739 738 860
f 1294 701 1369
f 668 348 681
f 1370 1055 1011
f 686 637 813
f 686 813 1371
f 1371 1372 686
f 519 1372 1373
f 1324 519 1373
f 813 1142 1371
f 1374 1372 1371
f 615 789 662
f 1375 1369 701
f 1376 1374 1371
f 1372 1374 1377
f 559 606 539
f 1323 1373 1378
f 1376 1142 1379
f 1379 1380 1376
f 1374 1376 1377
f 1373 1377 1381
f 1382 1377 1376
f 1373 1381 1378
f 1383 1378 1381
f 1382 1381 1377
f 1378 1384 1323
f 1070 646 577
f 168 167 182
f 581 582 371
f 1382 1383 1381
f 1098 821 1070
f 1376 1380 1385
f 1380 1386 1385
f 1382 1385 1387
f 1384 1383 1388
f 1383 1382 1387
f 258 651 655
f 1264 1248 1388
f 1303 1256 1264
f 1373 1323 1324
f 1389 1303 1264
f 239 335 333
f 1389 1264 1388
f 1273 1390 1391
f 1387 1392 1388
f 175 111 158
f 1388 1392 1389
f 1393 842 1348
f 1273 1391 1274
f 1349 1393 1348
f 1390 1394 1395
f 1396 1397 1398
f 1399 855 843
f 1395 1400 1399
f 1399 1400 855
f 1401 1402 1403
f 315 288 226
f 1404 1405 1397
f 682 1098 668
f 345 394 396
f 1395 1406 1400
f 482 481 639
f 139 140 127
f 576 1098 577
f 1400 853 855
f 557 525 526
f 881 627 1407
f 881 1407 1408
f 178 167 157
f 515 485 476
f 98 95 102
f 313 303 311
f 627 883 701
f 283 904 482
f 94 89 86
f 589 626 628
f 645 644 655
f 1098 576 595
f 1409 1410 1411
f 1412 908 1413
f 1045 1414 1043
f 494 123 122
f 174 176 209
f 283 282 904
f 668 1098 595
f 383 231 289
f 904 903 504
f 264 1059 663
f 1415 1416 1417
f 106 124 129
f 578 646 645
f 154 172 135
f 115 132 104
f 699 789 615
f 1418 282 281
f 789 649 662
f 577 1098 1070
f 221 267 263
f 644 646 823
f 626 589 510
f 589 628 652
f 645 628 578
f 1419 1420 1421
f 1422 1394 1392
f 63 970 976
f 1039 1423 1424
f 161 1425 926
f 1426 1427 1428
f 1000 955 954
f 963 375 951
f 853 1429 852
f 1430 132 1424
f 1277 1417 1292
f 1411 1431 1432
f 1410 1409 1433
f 1251 43 397
f 829 913 555
f 620 433 1316
f 698 697 1434
f 1026 35 37
f 1367 1013 1012
f 44 201 45
f 1395 1399 1301
f 1119 659 864
f 1435 1364 965
f 1417 1436 1415
f 1277 1437 1438
f 943 549 551
f 1439 1440 1441
f 645 652 628
f 997 574 560
f 1055 1370 1442
f 1432 1443 1444
f 1445 1009 1011
f 224 856 722
f 1066 554 676
f 1417 1438 1446
f 522 573 818
f 567 530 478
f 714 713 794
f 1004 1445 1011
f 1447 1009 1445
f 1444 854 852
f 1448 659 658
f 1449 1444 1443
f 972 984 551
f 687 294 633
f 1357 1046 1361
f 1410 1433 1450
f 1019 60 990
f 1124 616 972
f 374 968 951
f 1444 1449 854
f 1446 1451 1452
f 944 983 1026
f 1142 1376 1371
f 1453 1446 1438
f 1414 1045 1357
f 1446 1453 1454
f 972 971 1124
f 1443 1452 1451
f 1086 1375 701
f 1086 701 883
f 427 330 329
f 1402 1455 1456
f 276 635 756
f 1409 1405 1404
f 1457 1449 1443
f 1451 1446 1454
f 1451 1457 1443
f 509 282 1418
f 1458 768 497
f 1459 840 838
f 496 1458 497
f 1454 1453 1289
f 83 104 1456
f 1039 1460 1423
f 1005 1004 1011
f 1461 1462 2
f 1411 1444 852
f 201 200 656
f 632 1447 1445
f 786 994 1107
f 530 688 478
f 1037 554 1066
f 588 1030 361
f 672 1366 673
f 565 447 633
f 1463 965 962
f 1037 909 911
f 827 809 826
f 1066 1065 1037
f 1055 1325 1005
f 876 1186 874
f 1366 601 673
f 994 205 702
f 1350 873 1351
f 974 674 971
f 1025 719 866
f 687 1445 1004
f 82 1464 1465
f 199 198 1311
f 196 1110 360
f 196 360 197
f 310 309 704
f 1359 1454 1462
f 1445 687 632
f 839 1348 842
f 1440 1081 1441
f 928 689 697
f 1466 1467 1403
f 960 530 567
f 960 567 641
f 1042 549 944
f 1030 1032 361
f 367 556 913
f 643 617 675
f 900 674 974
f 900 629 672
f 637 956 827
f 944 984 983
f 368 1063 1024
f 672 674 900
f 740 727 726
f 60 900 974
f 659 1448 849
f 1468 875 874
f 812 637 827
f 1351 1237 1469
f 830 913 829
f 600 800 601
f 370 544 369
f 994 700 993
f 1469 1237 1186
f 323 274 1470
f 1107 994 702
f 672 629 1366
f 1128 1188 1471
f 1352 1403 1467
f 1472 1473 1474
f 865 718 835
f 721 1448 658
f 479 1065 460
f 779 781 901
f 1391 1301 1274
f 1128 1468 1129
f 1429 1405 1409
f 511 294 293
f 482 904 1059
f 656 362 45
f 556 617 643
f 1407 627 626
f 646 1070 823
f 689 928 690
f 505 903 282
f 1060 1061 784
f 151 142 165
f 823 1062 644
f 498 484 485
f 151 170 157
f 253 247 323
f 1471 1475 1476
f 191 209 176
f 516 329 228
f 282 509 508
f 498 244 520
f 467 571 468
f 1462 1454 1289
f 264 480 1059
f 111 152 158
f 208 177 175
f 108 131 115
f 471 465 1477
f 133 149 131
f 479 909 1065
f 156 146 145
f 273 1478 274
f 1085 683 302
f 1186 876 1469
f 968 374 957
f 132 136 138
f 160 335 352
f 495 524 483
f 1089 1064 1066
f 1188 472 471
f 367 913 368
f 114 144 118
f 236 210 237
f 427 485 391
f 595 669 668
f 1455 84 83
f 309 200 360
f 1479 1355 1357
f 1480 654 14
f 616 1124 250
f 665 268 264
f 1082 1362 1083
f 505 504 903
f 655 652 645
f 654 1480 445
f 303 313 240
f 1481 1482 1483
f 988 1484 432
f 709 350 286
f 374 798 957
f 1043 1485 1047
f 1403 1352 1401
f 1456 1403 1402
f 673 800 801
f 446 1480 1426
f 530 529 694
f 530 694 688
f 957 797 968
f 1276 1308 1007
f 1461 2 1
f 1392 1390 1389
f 790 218 777
f 1063 368 1366
f 1469 1402 1401
f 1430 104 132
f 909 927 910
f 292 687 1004
f 848 342 718
f 296 295 590
f 1031 911 910
f 683 1085 684
f 1486 1487 1488
f 741 743 1489
f 992 1030 587
f 1490 1473 1491
f 223 586 857
f 301 1085 302
f 1379 1142 1112
f 987 988 1492
f 1334 1331 1362
f 1493 1451 1454
f 1031 1030 992
f 538 583 536
f 994 786 700
f 1424 363 1494
f 853 1400 1406
f 464 1413 1477
f 638 519 692
f 1495 1475 1471
f 63 979 970
f 606 1496 1497
f 541 606 1497
f 1441 1498 1439
f 757 1496 606
f 1379 1112 1499
f 854 1459 838
f 1498 1441 1354
f 1485 1500 1047
f 1438 1437 1289
f 214 538 215
f 202 1501 200
f 64 63 976
f 908 905 1413
f 4 1502 1503
f 1422 1397 1394
f 1351 1260 1237
f 1465 1468 1128
f 1504 1413 464
f 200 1501 587
f 1014 1503 1505
f 978 979 1506
f 1507 389 388
f 48 378 58
f 1508 14 1509
f 430 1510 417
f 1490 1491 768
f 84 1468 1464
f 1504 464 1500
f 59 1511 1512
f 363 1460 1363
f 1473 1472 1491
f 1457 1451 1459
f 1504 1412 1413
f 908 1412 918
f 159 1513 333
f 424 252 585
f 1500 1514 1412
f 1393 1301 1399
f 1395 1301 1391
f 1195 1323 1384
f 1515 1459 1451
f 1508 1480 14
f 622 296 590
f 666 1516 667
f 1514 1500 1485
f 1454 1359 1493
f 1195 1384 1196
f 918 1412 1514
f 1517 1518 1511
f 1500 464 466
f 1493 1519 1520
f 1394 1397 1405
f 1516 186 667
f 1429 1406 1405
f 1480 446 445
f 1516 384 1512
f 1458 496 1521
f 177 1518 1522
f 843 842 1399
f 1523 1513 926
f 1514 945 918
f 1524 1514 1525
f 471 1471 1188
f 854 1457 1459
f 584 775 195
f 84 875 1468
f 431 1526 1492
f 432 431 1492
f 87 1513 1523
f 1527 1528 1042
f 1522 112 177
f 620 776 619
f 64 1526 65
f 1511 1518 187
f 1506 63 1529
f 1530 1506 1529
f 1043 1414 1485
f 1516 1511 187
f 9 1002 20
f 1512 384 59
f 323 247 274
f 88 1513 87
f 632 1531 1447
f 159 926 1513
f 316 1513 383
f 1354 1283 1498
f 67 390 432
f 1515 1451 1493
f 186 1516 187
f 5 1014 1016
f 1447 1531 1532
f 1513 229 383
f 1437 1277 1284
f 1484 67 432
f 229 1513 373
f 53 950 69
f 384 1516 1533
f 378 229 373
f 978 912 979
f 1279 1283 1280
f 1530 399 1534
f 81 80 1535
f 1526 431 65
f 384 1533 41
f 1521 496 451
f 1518 177 187
f 1536 1003 9
f 404 1323 1195
f 1506 1530 978
f 65 1529 63
f 41 1533 42
f 1537 1426 1508
f 455 229 378
f 1513 316 333
f 1538 1067 76
f 674 946 1006
f 229 455 1533
f 1067 1021 76
f 455 42 1533
f 1539 76 1021
f 1511 1516 1512
f 1419 1532 1531
f 695 1310 696
f 373 1513 88
f 399 49 1534
f 19 20 806
f 603 604 624
f 431 390 1540
f 65 1540 1529
f 1283 1353 1461
f 399 1530 1541
f 1542 583 946
f 23 439 1517
f 434 775 584
f 915 949 889
f 40 42 1002
f 1003 1536 1015
f 1543 1419 1421
f 1353 1544 1461
f 966 1526 64
f 1032 696 198
f 1492 1526 987
f 432 1492 988
f 34 28 27
f 1545 802 620
f 1124 1006 250
f 1003 40 1002
f 1515 1493 1520
f 1426 1537 1546
f 1419 1543 1532
f 1547 7 418
f 11 440 1510
f 76 1539 74
f 1518 75 1522
f 1510 430 1548
f 1537 49 51
f 458 12 1549
f 112 1522 74
f 1535 80 428
f 415 1425 79
f 678 235 1550
f 1547 1551 7
f 1552 1553 1554
f 41 40 1555
f 1520 841 840
f 88 18 58
f 237 219 1556
f 1557 1507 4
f 1544 1360 1461
f 1558 1549 12
f 1542 795 584
f 24 68 1559
f 9 8 1553
f 1554 8 1551
f 1525 1560 1524
f 378 379 455
f 1268 362 1018
f 795 435 434
f 829 784 1316
f 1555 1505 1559
f 273 811 1478
f 979 63 1506
f 1561 1562 321
f 1069 1074 1563
f 1558 1548 1528
f 1377 1373 1372
f 1555 1014 1505
f 801 795 1542
f 253 325 468
f 680 1350 1467
f 86 1476 1564
f 44 43 1565
f 1315 620 1316
f 1557 29 31
f 1315 1545 620
f 52 67 1484
f 1372 519 686
f 1398 1397 1422
f 805 20 379
f 1560 1525 1414
f 583 1542 584
f 1538 76 1566
f 36 27 26
f 1359 1358 1493
f 946 801 1542
f 67 52 54
f 1396 1404 1397
f 1557 4 1567
f 1568 459 416
f 1432 1444 1411
f 1569 1055 1442
f 795 830 435
f 959 978 961
f 1553 8 1554
f 779 991 1060
f 235 1556 1550
f 1559 1505 24
f 1545 1315 1570
f 583 250 1006
f 1571 1518 1517
f 458 1549 26
f 800 600 795
f 852 1429 1411
f 506 448 945
f 1441 1353 1354
f 1015 1536 1016
f 1424 1423 1460
f 731 598 618
f 600 830 795
f 1358 1360 1544
f 19 410 418
f 1572 1570 1315
f 783 1316 784
f 1420 1427 1426
f 1417 1416 1292
f 1528 1527 1558
f 46 73 72
f 1573 1574 1082
f 1420 456 1421
f 204 71 205
f 1021 111 1539
f 22 926 21
f 1574 1573 1575
f 1503 1502 1505
f 1576 746 748
f 1577 1529 1540
f 1494 1466 1424
f 1362 1082 1574
f 1536 1553 1578
f 1539 111 74
f 745 1579 743
f 1042 1580 1019
f 1362 1574 1329
f 5 1503 1014
f 1530 961 978
f 1241 1575 1050
f 1575 1329 1574
f 1429 1409 1411
f 44 321 201
f 1577 1541 1530
f 1581 1575 1573
f 1329 1575 1241
f 41 1559 68
f 688 690 478
f 1524 532 506
f 386 950 988
f 1428 446 1426
f 1468 1465 1464
f 1356 1414 1357
f 1409 1404 1433
f 51 1546 1537
f 1582 1583 1538
f 785 1572 783
f 1562 785 1501
f 1358 1519 1493
f 1480 1508 1426
f 680 1467 1466
f 1074 1583 1563
f 780 1060 1146
f 832 827 956
f 475 1355 1521
f 1544 1441 1519
f 7 1551 8
f 1467 1350 1352
f 205 993 206
f 1435 965 1463
f 360 361 197
f 656 45 201
f 741 747 742
f 1455 876 875
f 1510 12 11
f 1428 632 446
f 567 478 359
f 901 554 1037
f 1146 784 829
f 1505 25 24
f 418 1584 1547
f 1585 1578 1552
f 381 907 14
f 847 841 1520
f 457 1016 1586
f 1519 1358 1544
f 1042 1019 549
f 1466 104 1430
f 474 532 1560
f 459 417 416
f 430 417 428
f 1479 1361 1490
f 1471 1465 1128
f 1016 6 5
f 31 1587 1588
f 1446 1436 1417
f 1429 853 1406
f 1406 1395 1405
f 429 80 1580
f 1511 59 23
f 1357 1361 1479
f 1502 1507 25
f 1392 1394 1390
f 1351 873 1244
f 1430 1424 1466
f 928 696 1031
f 945 448 552
f 1403 1456 1466
f 72 393 46
f 1556 235 237
f 1081 1520 1519
f 970 979 949
f 86 82 1476
f 1514 1524 945
f 1081 847 1520
f 401 50 49
f 1083 836 847
f 1566 1582 1538
f 212 211 500
f 435 829 433
f 1477 1413 939
f 1283 1461 1
f 1562 1572 785
f 1528 1548 1580
f 1561 1572 1562
f 1585 1586 1578
f 82 1465 1471
f 1546 1420 1426
f 1573 1589 1481
f 1420 1419 1427
f 784 1061 785
f 428 1590 1535
f 21 1425 415
f 447 446 632
f 1590 428 459
f 1540 390 1488
f 410 806 409
f 1015 40 1003
f 790 796 1591
f 87 1523 1592
f 400 389 1587
f 1578 1016 1536
f 1586 1585 1593
f 418 392 1584
f 1510 1548 12
f 21 440 11
f 49 1509 1534
f 20 805 806
f 1303 1389 1390
f 82 1471 1476
f 1494 363 680
f 840 1515 1520
f 1455 1402 1469
f 1387 1422 1392
f 1499 1380 1379
f 1594 1490 1458
f 1410 1450 1431
f 31 30 50
f 1560 1414 1356
f 1541 1540 387
f 621 622 590
f 1479 1490 1594
f 608 564 592
f 1260 1351 1244
f 1495 939 1564
f 73 17 16
f 1525 1514 1485
f 1455 875 84
f 1469 1401 1351
f 1413 905 939
f 962 1595 1463
f 1560 532 1524
f 1573 1082 1589
f 1395 1394 1405
f 451 475 1521
f 777 774 796
f 1425 21 926
f 1129 1468 874
f 23 1517 1511
f 1594 1355 1479
f 132 1039 1424
f 1412 1504 1500
f 1460 363 1424
f 1350 680 873
f 1440 1596 1081
f 293 1004 511
f 1196 1388 1248
f 1483 1597 1581
f 1047 1500 466
f 1108 1188 1128
f 1475 1564 1476
f 1462 1289 2
f 1564 94 86
f 1471 471 1495
f 1039 733 1460
f 1548 429 1580
f 1355 475 1356
f 25 1598 439
f 459 1568 1599
f 1507 1598 25
f 1575 1361 1050
f 958 959 961
f 1599 1568 1600
f 1417 1277 1438
f 1494 680 1466
f 939 94 1564
f 1448 721 1601
f 1602 1600 1603
f 976 56 55
f 1553 1552 1578
f 1535 1604 81
f 1523 926 22
f 72 28 33
f 75 74 1522
f 1604 1535 1605
f 1602 1605 1590
f 1606 1607 540
f 1606 541 1497
f 1608 61 81
f 418 7 19
f 965 376 375
f 1603 1607 1609
f 1463 1595 1610
f 1602 459 1599
f 1611 1606 1497
f 1603 1612 1613
f 1077 1614 856
f 388 1598 1507
f 1564 1475 1495
f 1606 1615 1607
f 1603 1613 1616
f 1602 1599 1600
f 1607 1615 1609
f 733 1363 1460
f 1611 1615 1606
f 1461 1360 1462
f 1383 1387 1388
f 1616 1617 1604
f 946 583 1006
f 1616 1613 1618
f 617 367 366
f 1004 293 292
f 1605 1602 1603
f 4 6 1567
f 1497 1619 1611
f 20 42 455
f 590 302 683
f 630 1608 880
f 588 361 200
f 1507 1557 1588
f 1620 1621 1611
f 1622 1623 1624
f 1617 880 1608
f 880 1625 879
f 1626 1615 1621
f 78 1607 1600
f 586 461 1627
f 1628 1629 1618
f 676 675 1089
f 457 1586 1593
f 457 1593 456
f 390 66 1486
f 1069 1486 66
f 447 565 654
f 829 1316 433
f 610 564 608
f 518 692 519
f 1612 1630 1631
f 1609 1630 1612
f 1608 630 61
f 1617 1616 1629
f 1632 1628 1631
f 1614 722 856
f 1633 1630 1626
f 1621 720 1634
f 1635 1636 1625
f 1616 1618 1629
f 1615 1626 1630
f 720 719 1025
f 1025 1634 720
f 880 1637 1625
f 621 590 683
f 706 1434 697
f 706 697 689
f 1637 1628 1625
f 1315 783 1572
f 463 585 252
f 1638 1628 1632
f 984 972 423
f 1605 1535 1590
f 784 1146 1060
f 1632 1633 1623
f 1633 1634 1639
f 1634 1025 1639
f 1617 81 1604
f 1628 1618 1613
f 1625 1636 879
f 323 1470 324
f 1638 1632 1635
f 1627 1064 1089
f 1410 1431 1411
f 1629 1628 1637
f 1614 1077 1640
f 715 1639 1025
f 956 638 832
f 1635 1625 1638
f 1611 1621 1615
f 1628 1613 1612
f 1631 1633 1632
f 1603 1600 1607
f 1621 1634 1626
f 1625 1628 1638
f 1628 1612 1631
f 1641 1642 1636
f 459 1602 1590
f 366 1024 1642
f 714 723 1643
f 678 677 1036
f 840 1459 1515
f 1615 1630 1609
f 1623 1622 1635
f 1636 1635 1641
f 1622 1643 722
f 1199 786 1200
f 1639 1623 1633
f 366 1640 675
f 1643 715 714
f 1641 1635 1622
f 1623 1639 1624
f 1382 1376 1385
f 1636 1642 879
f 1077 1089 1640
f 1064 1627 461
f 1633 1626 1634
f 722 1643 723
f 675 1640 1089
f 1598 388 1487
f 1606 540 541
f 1617 1629 1637
f 1557 31 1588
f 1601 720 1620
f 1644 1641 1622
f 1641 366 1642
f 631 1366 629
f 82 84 1464
f 1614 1644 1622
f 42 20 1002
f 1642 1024 879
f 1608 81 1617
f 540 1607 78
f 1605 1603 1616
f 26 28 73
f 1624 1643 1622
f 1644 1614 1640
f 1601 721 720
f 1519 1441 1081
f 232 718 342
f 302 590 355
f 1083 1362 1331
f 1366 631 1063
f 1619 1620 1611
f 80 429 428
f 79 1568 416
f 511 1005 1325
f 1505 1502 25
f 1616 1604 1605
f 1570 1572 1561
f 343 849 1645
f 1614 1622 722
f 1627 1089 1077
f 1646 1447 1532
f 1621 1620 720
f 1644 1640 1641
f 314 717 232
f 12 1548 1558
f 33 377 393
f 1588 389 1507
f 1563 1487 1486
f 586 1627 1077
f 1600 1568 78
f 1501 785 587
f 1303 1390 1273
f 715 1643 1624
f 458 16 10
f 1641 1640 366
f 1077 856 857
f 1624 1639 715
f 1360 1359 1462
f 1583 1067 1538
f 1596 1440 1439
f 1526 966 952
f 6 1016 457
f 1081 1083 847
f 1623 1635 1632
f 1612 1603 1609
f 364 363 1363
f 854 1449 1457
f 473 77 79
f 1617 1637 880
f 1631 1630 1633
f 871 912 958
f 1509 907 986
f 78 1568 79
f 1558 1527 1549
f 416 415 79
f 1647 1567 6
f 785 1061 587
f 388 387 1487
f 55 966 64
f 1509 14 907
f 1597 1648 1474
f 57 966 55
f 26 1549 37
f 986 895 961
f 805 48 46
f 439 1571 1517
f 1042 1041 1527
f 1453 1438 1289
f 1082 1596 1589
f 440 417 1510
f 1441 1544 1353
f 1082 1081 1596
f 1649 439 1598
f 1483 1482 1597
f 1481 1483 1573
f 456 1647 6
f 1597 1474 1581
f 1420 1546 30
f 1486 1069 1563
f 1592 11 10
f 1019 1580 60
f 400 399 1541
f 986 961 1534
f 1581 1573 1483
f 46 393 409
f 75 1518 1571
f 1581 1650 1651
f 40 1014 1555
f 1472 1474 1648
f 69 386 385
f 1414 1525 1485
f 1650 1581 1474
f 51 30 1546
f 1425 473 79
f 1524 506 945
f 1487 1563 1598
f 1560 1356 475
f 1649 1598 1563
f 1436 1446 1452
f 1393 1349 1301
f 1587 31 50
f 1289 1437 1284
f 1650 1474 1473
f 387 389 1541
f 1428 1427 1531
f 1503 5 4
f 1347 1491 1472
f 1393 1399 842
f 50 400 1587
f 1347 768 1491
f 380 13 729
f 1484 988 52
f 1586 1016 1578
f 29 1557 1567
f 952 987 1526
f 1571 1649 75
f 384 41 68
f 1390 1395 1391
f 1563 1582 1649
f 1477 1495 471
f 473 1425 161
f 387 1488 1487
f 400 1541 389
f 1528 1580 1042
f 1428 1531 632
f 431 1540 65
f 1567 1647 29
f 1523 22 1592
f 75 1649 1566
f 1501 202 321
f 80 61 1580
f 1488 387 1540
f 1419 1531 1427
f 1540 1541 1577
f 400 50 401
f 456 1420 30
f 418 410 393
f 540 78 77
f 1508 49 1537
f 55 64 976
f 1421 456 1593
f 1529 1577 1530
f 213 215 500
f 729 13 15
f 390 1486 1488
f 389 1588 1587
f 1566 76 75
f 1562 1501 321
f 1582 1566 1649
f 1575 1581 1651
f 30 29 1647
f 1456 104 1466
f 401 49 399
f 1650 1473 1490
f 61 60 1580
f 1380 1499 1386
f 1650 1490 1651
f 1458 1490 768
f 1582 1563 1583
f 410 19 806
f 1455 83 1456
f 1509 986 1534
f 1527 37 1549
f 1361 1046 1048
f 37 1527 1041
f 1014 40 1015
f 464 1477 465
f 1594 1521 1355
f 1652 1653 1654
f 1559 41 1555
f 1384 1388 1196
f 1655 1656 1652
f 1536 9 1553
f 1657 1658 1659
f 33 28 34
f 1521 1594 1458
f 1660 1653 1652
f 1661 1662 1663
f 1655 1664 1665
f 1455 1469 876
f 980 1308 1278
f 748 1652 1654
f 434 433 619
f 1652 1656 1660
f 1656 1655 1665
f 1579 1666 1667
f 743 1667 1489
f 748 1655 1652
f 1660 1656 1450
f 1656 1432 1431
f 409 805 46
f 1668 1665 1669
f 1668 1670 1443
f 1654 1576 748
f 1530 1534 961
f 49 1508 1509
f 48 805 379
f 630 62 61
f 1671 1672 1673
f 1674 1415 1436
f 1675 1450 1433
f 1673 954 953
f 1661 747 741
f 206 993 700
f 946 674 673
f 1074 1067 1583
f 456 30 1647
f 1447 1646 1009
f 73 46 17
f 1674 1668 1658
f 1361 1651 1490
f 373 58 378
f 953 980 1673
f 1619 1601 1620
f 475 474 1560
f 1619 1645 1601
f 1278 1292 980
f 748 747 1655
f 1675 1660 1450
f 1292 1671 980
f 1675 1396 1660
f 1667 1676 1489
f 1645 1619 1497
f 1496 757 716
f 1656 1431 1450
f 1666 1579 1595
f 650 757 605
f 954 1677 1000
f 1678 962 1000
f 1679 1680 1681
f 1661 1655 747
f 1416 1671 1292
f 716 343 1645
f 1675 1404 1396
f 849 1448 1645
f 1645 1496 716
f 1682 1677 954
f 1682 1000 1677
f 1673 1672 954
f 1678 1676 1667
f 1667 743 1579
f 1672 1679 1682
f 1679 1672 1680
f 1000 1676 1678
f 1000 1682 1676
f 1657 1671 1416
f 1433 1404 1675
f 1452 1674 1436
f 1496 1645 1497
f 650 716 757
f 1657 1680 1672
f 1601 1645 1448
f 1666 1678 1667
f 1046 1357 1045
f 1672 1682 954
f 1416 1674 1657
f 1658 1657 1674
f 1676 1682 1683
f 1495 1477 939
f 1378 1383 1384
f 741 1683 1661
f 1656 1668 1432
f 1401 1352 1351
f 1592 10 87
f 1678 1666 1595
f 1657 1659 1684
f 1657 1672 1671
f 37 36 26
f 1685 1681 1680
f 1656 1665 1668
f 1664 1655 1663
f 958 898 871
f 52 988 950
f 1685 1680 1684
f 4 1507 1502
f 1669 1665 1664
f 1661 1663 1655
f 1685 1662 1681
f 10 16 18
f 1443 1432 1668
f 1663 1684 1659
f 1681 1662 1683
f 22 11 1592
f 1681 1682 1679
f 1681 1683 1682
f 18 87 10
f 1659 1686 1663
f 1489 1676 1683
f 980 1671 1673
f 1662 1661 1683
f 16 458 73
f 1678 1595 962
f 1669 1658 1668
f 1571 439 1649
f 1684 1663 1685
f 1664 1686 1669
f 415 440 21
f 1663 1662 1685
f 1684 1680 1657
f 1670 1668 1674
f 981 1308 980
f 1670 1674 1452
f 1664 1663 1686
f 1686 1659 1669
f 1658 1669 1659
f 1416 1415 1674
f 430 429 1548
f 1443 1670 1452
f 73 458 26
f 1683 741 1489
f 1651 1361 1575
f 393 72 33
f 1687 1688 1689
f 1570 1690 1691
f 1692 1693 1694
f 1695 1696 1697
f 1698 501 1699
f 1700 1701 1702
f 1692 1703 1704
f 1705 1706 1707
f 1708 1709 1710
f 1711 1712 1713
f 1714 1715 1716
f 1717 1718 1713
f 1719 1705 1707
f 1720 1721 1722
f 1723 1713 1712
f 1724 1725 1726
f 1727 1691 1728
f 1729 1730 1693
f 1729 1693 1692
f 1731 1732 1733
f 1734 1719 1697
f 1735 1736 1737
f 1738 1739 1740
f 1711 1713 1741
f 1718 1717 1742
f 1743 1545 1570
f 1744 1745 1746
f 1687 1747 1748
f 1749 1688 1750
f 1751 1752 1704
f 1730 1729 1753
f 1737 1754 1755
f 1752 1729 1692
f 1756 1738 1707
f 1705 1719 1757
f 1758 1719 1734
f 1759 1760 1761
f 1762 1758 1763
f 1748 1747 1764
f 1727 1728 1753
f 1442 1765 1569
f 1691 1727 1743
f 1753 1744 1727
f 802 1545 1743
f 1709 1751 1704
f 1729 1752 1751
f 1762 1766 1767
f 1768 1769 1770
f 1766 1771 1772
f 1696 1734 1697
f 1773 1774 1711
f 1775 1776 1777
f 1778 1779 1780
f 1773 1711 1741
f 1742 1781 1718
f 1743 1727 802
f 1782 1751 1709
f 749 710 1783
f 1751 1753 1729
f 1772 1767 1766
f 1784 1775 1785
f 1786 1787 1788
f 1730 1728 1789
f 1758 1734 1763
f 1790 1699 501
f 1746 1791 1792
f 1727 1793 802
f 1751 1782 1753
f 1709 1708 1782
f 1781 1762 1794
f 1767 1794 1762
f 1689 1688 1795
f 1796 1777 1797
f 1798 1799 1800
f 1699 1790 1801
f 1802 1741 1803
f 1750 1688 1804
f 1718 1716 1805
f 1806 1807 1808
f 1809 1807 1806
f 1807 1810 1808
f 1811 1812 1809
f 1813 1814 1815
f 1816 1817 1818
f 1814 1819 1820
f 1821 1822 1823
f 1824 1825 1826
f 1825 1827 1826
f 1744 1828 1793
f 1829 1830 1827
f 1825 1824 1831
f 1832 1833 611
f 1702 1824 1834
f 1827 1830 1835
f 1824 1836 1831
f 1826 1834 1824
f 1702 1834 1700
f 1837 1838 1724
f 1835 1838 1839
f 1839 1827 1835
f 1726 1840 1724
f 1700 1834 1784
f 1827 1839 1826
f 1839 1841 1826
f 1842 1826 1841
f 1725 1843 1844
f 1845 1846 1847
f 1848 1782 1708
f 1724 1840 1837
f 1839 1849 1841
f 1850 1851 1841
f 1776 1775 1784
f 1852 1841 1849
f 1781 1853 1716
f 1783 710 1854
f 1785 1775 1777
f 1855 1856 1857
f 1858 1859 1860
f 1861 1862 1863
f 1864 1774 1855
f 1865 1866 1867
f 1868 1869 1870
f 1442 1871 1765
f 1763 1766 1762
f 1872 1565 1873
f 1690 1789 1691
f 1730 1789 1874
f 1776 1875 1777
f 1876 1877 1878
f 1802 1879 1773
f 1880 1881 1745
f 1792 1828 1744
f 1796 1882 1777
f 1883 1848 1708
f 1884 1793 1828
f 1550 1767 678
f 1738 1697 1707
f 1885 1886 1887
f 1888 1845 1889
f 1781 1742 1757
f 1713 1890 1717
f 1891 1733 1732
f 1881 1746 1745
f 1892 1893 1894
f 1726 1849 1840
f 1844 1843 1895
f 1896 1726 1844
f 1767 1550 1794
f 1803 1741 1718
f 1750 1778 1749
f 1716 1718 1781
f 1695 1697 1738
f 1897 1851 1850
f 1753 1745 1744
f 1802 1803 1898
f 1693 1730 1874
f 1899 1900 1901
f 1716 1715 1805
f 1758 1757 1719
f 1902 1903 1703
f 1828 1904 1905
f 1906 1706 1890
f 1881 1880 1907
f 1872 1690 321
f 1805 1803 1718
f 1892 1883 1908
f 1688 1749 1795
f 1894 1909 1910
f 1894 1860 1892
f 1731 1733 1911
f 1705 1890 1706
f 1912 1860 1910
f 1913 1690 1872
f 1744 1793 1727
f 1779 1914 1780
f 1852 1850 1841
f 1915 1916 1917
f 1556 1794 1550
f 1918 1919 1755
f 1848 1883 1920
f 1722 1770 774
f 1719 1707 1697
f 1921 1922 1923
f 1840 1849 1924
f 1925 1769 1768
f 1926 1927 1928
f 1756 1707 1706
f 43 1917 1565
f 1894 1910 1860
f 1929 1792 1791
f 219 1930 1556
f 1904 1792 1929
f 1692 1902 1703
f 1780 1887 1886
f 776 1884 1905
f 1905 1904 611
f 1931 1881 1907
f 1920 1892 1859
f 1920 1932 1848
f 1720 1933 1721
f 1724 1934 1725
f 1935 1936 1937
f 1715 1714 1938
f 1688 1748 1804
f 1939 1761 1921
f 1714 1930 219
f 1898 1805 1715
f 1906 1940 1787
f 1907 1941 1931
f 1932 1907 1848
f 1942 1943 1944
f 1932 1920 1859
f 712 1882 1796
f 1892 1908 1893
f 1705 1757 1742
f 1927 1926 1879
f 1927 1898 1938
f 1944 1943 1945
f 1902 1694 1946
f 1927 1938 1928
f 1853 1930 1714
f 1898 1715 1938
f 1947 1933 1948
f 1717 1705 1742
f 1949 1950 1833
f 1880 1782 1848
f 1853 1714 1716
f 1888 1689 1846
f 1951 1798 1800
f 1916 1874 1913
f 1888 1846 1845
f 1938 790 1591
f 1832 1791 1931
f 1924 1837 1840
f 1914 1804 1748
f 1721 1925 1768
f 1914 1748 1764
f 1741 1713 1718
f 1737 1736 1754
f 1952 1765 1764
f 1951 1953 1952
f 1755 1954 1918
f 1931 1941 1950
f 1941 1932 1955
f 1859 1955 1932
f 1828 1905 1884
f 1905 611 194
f 1880 1753 1782
f 1881 1791 1746
f 1956 1877 1957
f 1958 1933 1720
f 1930 1853 1794
f 1844 1726 1725
f 1888 1797 1687
f 1902 1946 1959
f 1768 1770 1722
f 1946 1960 1935
f 1961 1801 1950
f 1955 1950 1941
f 1832 1904 1929
f 1788 1787 1940
f 1962 1720 1722
f 1963 1710 1709
f 1694 1693 1874
f 1962 1961 1958
f 1760 1759 1964
f 1965 1966 1967
f 1705 1717 1890
f 1968 1969 1970
f 1829 1970 1969
f 1971 1972 1973
f 1974 1975 1976
f 1977 1969 1978
f 1836 1979 1831
f 1896 1844 1895
f 1731 1980 1981
f 1731 1981 1982
f 1974 1983 832
f 1968 1978 1969
f 1984 1979 1836
f 1983 1974 1976
f 1983 1985 752
f 1967 1829 1986
f 1985 1978 752
f 1979 1978 1968
f 1985 1973 1978
f 1987 1988 1957
f 1591 1989 1928
f 1831 1968 1825
f 1965 1972 1971
f 1978 1973 1977
f 1970 1825 1968
f 832 1983 752
f 1829 1825 1970
f 1990 1985 1976
f 1832 611 1904
f 1990 1976 1975
f 1986 1972 1965
f 1968 1831 1979
f 1986 1969 1972
f 1991 1992 1993
f 1804 1778 1750
f 1978 1984 752
f 1994 1830 1967
f 1986 1965 1967
f 1698 1722 499
f 1971 1973 1990
f 1931 1791 1881
f 1994 1967 1995
f 1591 1928 1938
f 1996 512 1325
f 1977 1973 1972
f 1984 1978 1979
f 1995 1967 1966
f 1720 1962 1958
f 1983 1976 1985
f 1971 1975 1965
f 1990 1973 1985
f 1986 1829 1969
f 1975 1971 1990
f 1972 1969 1977
f 1949 1833 1832
f 1839 1838 1837
f 1769 1591 796
f 613 611 1833
f 1699 1962 1698
f 1757 1758 1781
f 1780 1997 1998
f 1696 1763 1734
f 1884 802 1793
f 1897 1842 1851
f 1949 1832 1931
f 1781 1794 1853
f 1917 1873 1565
f 1788 1754 1786
f 1790 1833 1801
f 1802 1773 1741
f 1932 1941 1907
f 1790 613 1833
f 1891 1999 1733
f 321 44 1872
f 1837 1924 1839
f 1802 1927 1879
f 1931 1950 1949
f 776 802 1884
f 613 1790 501
f 1591 1769 1989
f 1916 1694 1874
f 1962 1699 1961
f 2000 2001 1959
f 1962 1722 1698
f 1950 1801 1833
f 1725 1934 535
f 2002 2003 2004
f 1738 2005 2006
f 1832 1929 1791
f 1011 1010 2007
f 1930 1794 1556
f 1842 1776 1784
f 2008 2009 2010
f 1885 2011 1886
f 1770 1769 796
f 1904 1828 1792
f 2012 1653 2013
f 1721 2014 1925
f 1854 1845 1847
f 1888 1687 1689
f 1898 1927 1802
f 2012 1654 1653
f 2015 2016 2017
f 1722 774 499
f 2012 2013 1576
f 776 1905 193
f 2018 1951 1800
f 1923 1939 1921
f 2019 1940 1712
f 1797 1888 1889
f 1860 1859 1892
f 2017 2020 2021
f 1723 1712 1940
f 1721 1933 1947
f 1901 1936 2022
f 2023 1576 2013
f 1745 1753 1880
f 1769 1925 2014
f 1849 1760 1964
f 1767 1772 1771
f 193 1905 194
f 1704 1752 1692
f 1892 1920 1883
f 1713 1723 1890
f 1722 1721 1768
f 2024 1961 2025
f 1733 2026 2027
f 1733 2027 1911
f 2011 1736 1735
f 1691 1789 1728
f 1847 2028 1854
f 1849 1896 1760
f 2029 2030 2031
f 2025 1950 1955
f 1728 1730 1753
f 1958 2024 1948
f 1842 1841 1851
f 1653 2032 2033
f 1885 2034 1786
f 2025 1955 1859
f 1758 1762 1781
f 1947 2014 1721
f 1704 1963 1709
f 1854 2028 1783
f 1961 1699 1801
f 1848 1907 1880
f 1654 2012 1576
f 1898 1803 1805
f 1873 1917 1916
f 1792 1744 1746
f 1834 1842 1784
f 1961 1950 2025
f 2035 1943 1733
f 1871 1997 1914
f 2036 1901 2022
f 2013 1653 2033
f 790 1938 1714
f 1570 1691 1743
f 2013 2033 2037
f 1961 2024 1958
f 774 1770 796
f 499 501 1698
f 1714 219 790
f 1913 1872 1873
f 1740 1739 2038
f 1935 1915 2022
f 2037 2023 2013
f 1933 1958 1948
f 2039 2029 2031
f 1771 679 1767
f 1997 1871 2040
f 2029 1011 2007
f 2041 2042 2021
f 2039 2040 2029
f 2043 2044 2004
f 1396 2032 1660
f 2040 2039 1997
f 2030 2007 2045
f 2046 2047 2048
f 1595 2010 2009
f 2007 2030 2029
f 2049 2050 1992
f 2051 2030 2045
f 2052 2053 2010
f 2054 2039 2031
f 2031 2043 2054
f 1738 1740 2005
f 2041 2055 2042
f 2023 2037 2056
f 2057 2008 2010
f 1871 1442 2040
f 2058 1909 1876
f 1987 2059 2060
f 2030 2051 2061
f 2031 2030 2061
f 2043 2003 1998
f 2032 2062 2033
f 2010 745 2052
f 1878 1877 1956
f 2063 2064 2028
f 2003 2043 2004
f 1887 1998 2003
f 1261 2065 1251
f 2066 1948 2024
f 2067 2041 2068
f 2069 2016 2042
f 2037 2070 2056
f 2042 2015 2021
f 2071 2072 2073
f 1660 2032 1653
f 2072 2071 2064
f 2074 2075 1206
f 1769 2076 2077
f 1818 2064 2071
f 2078 1219 1020
f 2075 2074 1995
f 2079 2032 1396
f 2080 859 749
f 2062 2070 2033
f 2075 2078 1020
f 1995 2074 1994
f 2075 1020 1206
f 1987 2060 1988
f 2068 2021 2020
f 2032 1819 2062
f 1966 2078 1995
f 2081 2082 2083
f 2075 1995 2078
f 1994 2084 1830
f 1184 2084 2074
f 2074 1206 1184
f 1934 2085 535
f 1835 1830 1838
f 2086 2085 1934
f 2087 1838 1830
f 2085 2087 2084
f 2084 2087 1830
f 1838 2087 2086
f 2070 2062 1819
f 2074 2084 1994
f 2085 1184 535
f 2086 2087 2085
f 2080 749 2088
f 2085 2084 1184
f 2089 2090 2044
f 2003 2002 2038
f 2090 2002 2004
f 2038 2034 1887
f 512 1843 535
f 2034 2038 1739
f 2089 2091 2005
f 1818 2088 2064
f 1740 2002 2005
f 2033 2070 2037
f 2082 1808 2092
f 1878 2093 2094
f 1695 1738 2006
f 1998 1997 2054
f 2002 2089 2005
f 1695 2006 2095
f 2095 2006 2096
f 2096 2097 2095
f 2098 2097 2096
f 2010 2053 2057
f 1696 2095 2099
f 2048 2097 2098
f 2040 1370 2029
f 2097 2047 2099
f 1696 2099 1763
f 2099 2047 2100
f 2100 1763 2099
f 2101 2102 2103
f 2046 2100 2047
f 1766 1763 2100
f 39 2046 32
f 2104 2046 39
f 1771 2100 2104
f 1766 2100 1771
f 996 2104 39
f 1771 2104 679
f 996 679 2104
f 1774 1773 1855
f 2105 2106 2107
f 2108 2109 2110
f 1767 679 678
f 1816 2111 2112
f 1011 2029 1370
f 2043 1998 2054
f 2111 1816 2071
f 2113 2114 1948
f 2044 2043 2031
f 1956 2093 1878
f 1856 1855 1773
f 2115 2116 2117
f 1869 1867 2118
f 2119 2120 2121
f 1910 1909 2058
f 2010 1595 1579
f 2122 2053 2052
f 2053 2122 2123
f 2053 2017 2057
f 1947 2124 2014
f 2123 2067 2053
f 2053 2067 2020
f 2125 2102 2101
f 2053 2020 2017
f 2021 2015 2017
f 2038 2002 1740
f 1991 1993 2126
f 2020 2067 2068
f 2068 2041 2021
f 2042 2016 2015
f 745 742 2127
f 2128 2088 1818
f 2129 2130 2080
f 2131 1912 2094
f 2132 2123 2122
f 2104 2100 2046
f 1910 2058 1912
f 2133 2134 2135
f 2118 2136 2094
f 2137 1870 1956
f 2082 2138 2083
f 2094 1876 1878
f 2139 2126 2140
f 2113 1948 2066
f 2141 2142 1870
f 2136 2131 2094
f 2118 2093 1869
f 2066 2024 2143
f 1843 1725 535
f 2095 2097 2099
f 2144 2036 1251
f 2144 1251 2145
f 2090 2089 2002
f 2006 2005 2146
f 2147 2148 2149
f 2060 2147 2150
f 2147 2151 2148
f 2147 2060 2059
f 2150 2147 2149
f 2147 2059 2152
f 2153 2151 2147
f 2150 1988 2060
f 2152 2059 2154
f 1997 2039 2054
f 2031 2061 2044
f 2038 1887 2003
f 2004 2044 2090
f 2097 2048 2047
f 1010 1009 2007
f 2040 1442 1370
f 1915 43 1251
f 1915 1251 2036
f 1695 2095 1696
f 2144 2155 2036
f 1954 2156 1918
f 2142 2121 2120
f 1009 2045 2007
f 2157 1957 1988
f 2005 2091 2146
f 2113 2131 2136
f 2126 1857 1991
f 1777 1882 1785
f 2158 1926 2159
f 1865 2160 1866
f 2137 1956 1957
f 2161 2083 2138
f 2014 2124 2076
f 2014 2076 1769
f 1870 1869 2093
f 2076 2124 2077
f 1870 2142 1868
f 2114 2113 2136
f 1992 2158 2159
f 1712 2107 2019
f 2113 2143 1858
f 2143 2024 2025
f 1991 1857 2158
f 1877 1987 1957
f 1869 1868 1867
f 2162 2163 2142
f 1879 2158 1856
f 1863 1769 2164
f 2141 1870 2137
f 2114 1867 1948
f 2161 2162 2083
f 2116 2165 2166
f 1863 1862 1928
f 1868 1865 1867
f 2105 1864 2106
f 2025 1859 1858
f 1855 1857 2167
f 2141 2121 2142
f 2160 1947 1866
f 1811 2081 2168
f 1858 1912 2131
f 1934 1724 2086
f 1895 1922 1760
f 1964 1852 1849
f 1842 1897 1776
f 1761 1760 1922
f 2086 1724 1838
f 1896 1849 1726
f 2034 1885 1887
f 2169 1852 1964
f 1852 2169 2018
f 1897 1875 1776
f 1850 2018 1897
f 1761 1922 1921
f 1895 1923 1922
f 1875 1897 2018
f 1923 1895 1996
f 1951 2018 2169
f 1759 1951 1964
f 1796 1889 1845
f 1799 1875 2018
f 1800 1799 2018
f 1797 1889 1796
f 1834 1826 1842
f 1569 1939 1923
f 1760 1896 1895
f 2119 2135 2120
f 1953 1951 1759
f 1055 1569 1923
f 2170 2171 2172
f 1939 1569 1953
f 2107 2106 2166
f 2120 2162 2142
f 1799 1798 1797
f 2166 2156 2107
f 1864 1855 2167
f 1765 1952 1953
f 1982 2171 2173
f 1689 2174 1846
f 1860 1912 1858
f 2094 1912 2058
f 1866 1948 1867
f 1747 1798 1952
f 2027 2175 1911
f 1843 512 1996
f 1747 1687 1798
f 1689 1795 2174
f 1876 2094 2058
f 2176 2177 2173
f 2177 1982 2173
f 1981 2178 1982
f 2178 2179 1982
f 1747 1952 1764
f 1765 1871 1764
f 1865 1868 2163
f 1694 1902 1692
f 2175 1980 1731
f 2175 1731 1911
f 1732 1731 1982
f 2179 2172 2171
f 2179 2171 1982
f 1748 1688 1687
f 1943 1942 2026
f 1943 2026 1733
f 1953 1761 1939
f 1891 1732 2177
f 2028 1847 2063
f 1899 2180 1945
f 1899 1945 1943
f 1798 1687 1797
f 1997 1780 1914
f 1899 1943 2035
f 1901 2181 2180
f 1901 2180 1899
f 1778 1804 1779
f 2145 1251 2065
f 1561 1690 1570
f 1690 1913 1789
f 1789 1913 1874
f 1999 2035 1733
f 2181 1901 2182
f 1871 1914 1764
f 1899 2035 1900
f 1940 1890 1723
f 2183 1532 1543
f 1900 2035 1999
f 1756 1706 1906
f 1919 1737 1755
f 1690 1561 321
f 1918 2101 2103
f 1732 1982 2177
f 1875 1797 1777
f 1940 1906 1890
f 1843 1996 1895
f 2182 1901 2184
f 2114 2118 1867
f 2162 2120 2135
f 1954 1940 2019
f 2161 2163 2162
f 2142 2163 1868
f 1870 2093 1956
f 1759 1761 1953
f 1739 1738 1756
f 1946 1694 1960
f 1916 1960 1694
f 1998 1887 1780
f 1940 1954 1788
f 1785 1701 1784
f 1739 1756 2034
f 2034 1756 1906
f 1903 1902 1959
f 2185 2183 1543
f 1916 1913 1873
f 1999 2186 2000
f 2187 2051 2045
f 2188 2146 2189
f 1646 1532 2183
f 1836 1824 1701
f 1824 1702 1701
f 1836 1701 1785
f 2190 2191 2192
f 2187 1646 2193
f 2034 1906 1787
f 1593 1543 1421
f 1915 1960 1916
f 1903 1959 2001
f 1646 2183 2193
f 2193 2051 2187
f 2194 1584 392
f 2187 1009 1646
f 2195 2196 2185
f 2183 2185 2196
f 2190 2197 2189
f 1951 2169 1964
f 2198 2044 2061
f 2198 2061 2199
f 2188 2096 2146
f 1849 1839 1924
f 2198 2089 2044
f 2199 2200 2198
f 1593 1585 2195
f 2195 1585 2196
f 2201 2199 2193
f 2195 1543 1593
f 1787 1786 2034
f 2098 2188 2194
f 2196 1585 2201
f 1915 1935 1960
f 1585 1552 2202
f 1937 1946 1935
f 2192 2202 1554
f 2091 2200 2203
f 2190 2192 1554
f 2189 2146 2203
f 1850 1852 2018
f 1959 1946 1937
f 1325 1055 1996
f 2203 2146 2091
f 2096 2006 2146
f 1872 44 1565
f 1700 1784 1701
f 1954 1755 1788
f 1547 2197 1551
f 2096 2188 2098
f 1055 1923 1996
f 2160 1865 2163
f 2161 2160 2163
f 2126 2139 1857
f 2081 1808 2082
f 2162 2204 2083
f 1864 2105 1774
f 2188 2189 2197
f 1749 1778 1735
f 2199 2061 2051
f 1917 43 1915
f 2168 2204 2135
f 2197 2194 2188
f 2160 2161 2138
f 2168 2135 2134
f 2083 2204 2081
f 2138 2124 2160
f 2133 2205 2134
f 2077 2124 2082
f 2168 2081 2204
f 1928 1862 2159
f 2168 2134 1812
f 1765 1953 1569
f 2201 1585 2202
f 2098 2194 2048
f 2191 2200 2199
f 1959 1937 2000
f 2194 382 2048
f 2045 1009 2187
f 2082 2124 2138
f 2206 2116 2115
f 2082 2092 2077
f 2077 2092 2164
f 1993 1992 2050
f 1854 710 712
f 1936 2000 1937
f 1769 2077 2164
f 1755 1754 1788
f 1857 1856 2158
f 1808 2081 1806
f 2207 2125 2206
f 2164 2092 2208
f 1806 1811 1809
f 2158 1879 1926
f 1861 2164 2208
f 32 2046 382
f 2092 1808 1810
f 1810 2208 2092
f 2143 2025 1858
f 1804 1914 1779
f 1812 2209 1809
f 1885 1786 2011
f 1812 1811 2168
f 2183 2196 2201
f 1952 1798 1951
f 1806 2081 1811
f 2066 2143 2113
f 2071 2073 2111
f 2118 2094 2093
f 2200 2089 2198
f 2210 1893 1908
f 2211 2212 2213
f 2214 2215 2216
f 2217 2218 2219
f 2210 2220 2213
f 2210 2213 1893
f 1710 2220 2221
f 2211 2213 2218
f 2222 1893 2213
f 2177 2214 1891
f 2223 2224 2225
f 2226 1894 1893
f 1876 1909 2154
f 2221 1908 1883
f 2210 1908 2221
f 2219 2227 2228
f 2229 2230 2231
f 2232 1894 2226
f 2212 2222 2213
f 1894 2232 1909
f 2220 2219 2218
f 2233 2220 1710
f 2234 2235 2212
f 2217 2236 2218
f 2237 1903 2001
f 2211 2218 2236
f 2238 2236 2239
f 1708 2221 1883
f 2222 2152 2232
f 2152 2222 2212
f 1710 1963 2233
f 1708 1710 2221
f 2232 2152 2154
f 2235 2152 2212
f 2234 2212 2240
f 2212 2211 2240
f 2229 2241 2230
f 2214 1999 1891
f 2233 2219 2220
f 1704 2225 1963
f 1876 2059 1987
f 2231 2215 2229
f 2233 2225 2219
f 2242 2240 2211
f 1963 2225 2233
f 2243 2225 2244
f 2244 2225 1704
f 1903 2244 1703
f 2227 2224 2215
f 2236 2217 2228
f 2227 2219 2224
f 2224 2219 2225
f 2152 2235 2147
f 2215 2245 2216
f 2225 2243 2223
f 2226 2222 2232
f 2228 2239 2236
f 2220 2218 2213
f 2240 2235 2234
f 2243 2244 2237
f 2219 2228 2217
f 2154 1909 2232
f 2236 2242 2211
f 2235 2240 2246
f 2242 2246 2240
f 2246 2147 2235
f 2236 2238 2242
f 2228 2227 2231
f 1703 2244 1704
f 2242 2238 2246
f 2147 2246 2153
f 2231 2230 2228
f 1876 2154 2059
f 2238 2239 2247
f 2228 2230 2239
f 2248 2216 2245
f 2215 2231 2227
f 2245 2223 2249
f 2249 2223 2243
f 2223 2245 2224
f 1893 2222 2226
f 2247 2153 2246
f 2247 2246 2238
f 2215 2224 2245
f 2250 2241 2176
f 2249 2243 2237
f 2251 2230 2241
f 2237 2244 1903
f 2215 2214 2229
f 2001 2249 2237
f 2248 2245 2249
f 2249 2001 2248
f 2251 2241 2250
f 2177 2229 2214
f 2216 2248 2252
f 1999 2214 2216
f 2186 2248 2001
f 2176 2241 2229
f 1999 2216 2252
f 2248 2186 2252
f 2176 2229 2177
f 2186 1999 2252
f 2220 2210 2221
f 2253 2254 2255
f 2256 2257 2258
f 2259 2017 2016
f 2260 2261 2262
f 2263 2057 2264
f 2016 2264 2259
f 2069 2265 2266
f 2259 2264 2057
f 2267 2268 2269
f 2270 2271 2272
f 2273 2261 2272
f 2274 2008 2268
f 2264 2069 2266
f 2268 2267 2274
f 2275 2256 2276
f 2112 2111 2277
f 2268 2263 2269
f 2268 2057 2263
f 2277 2278 2265
f 2207 2206 2255
f 2266 2263 2264
f 2017 2259 2057
f 2140 2126 2279
f 2261 2280 2272
f 2272 2271 2273
f 2281 2282 2283
f 2284 2266 2265
f 2270 2272 2285
f 2286 2287 2255
f 2277 2285 2280
f 2280 2260 2277
f 2282 2288 2283
f 2111 2285 2277
f 2289 2260 2262
f 2285 2272 2280
f 2126 1993 2290
f 2291 2292 2283
f 2266 2284 2269
f 2278 2289 2293
f 2268 2008 2057
f 1610 1595 2009
f 2256 2294 2276
f 2277 2265 2295
f 2073 2285 2111
f 2287 2296 2297
f 2298 2276 2299
f 2295 2069 2112
f 2289 2278 2260
f 2073 2270 2285
f 2277 2260 2278
f 2300 2301 2275
f 2269 2284 2278
f 2286 2255 2254
f 2073 2302 2270
f 2296 2257 2297
f 2303 2258 2292
f 2276 2300 2275
f 2278 2293 2269
f 2276 2271 2299
f 2304 2296 2287
f 2298 2300 2276
f 2280 2261 2260
f 2069 2264 2016
f 2270 2302 2299
f 2292 2273 2303
f 2295 2112 2277
f 2305 2290 2306
f 2307 2267 2269
f 2271 2270 2299
f 2265 2278 2284
f 2258 2303 2256
f 2303 2294 2256
f 2307 2269 2293
f 2269 2263 2266
f 2303 2273 2294
f 2306 2290 1993
f 2265 2069 2295
f 2292 2291 2273
f 2261 2291 2308
f 2296 2309 2257
f 2294 2271 2276
f 2261 2273 2291
f 2288 2308 2291
f 2294 2273 2271
f 2283 2292 2258
f 2283 2288 2291
f 2256 2275 2257
f 2275 2301 2257
f 2257 2301 2297
f 2258 2309 2283
f 2309 2258 2257
f 2310 2297 2301
f 2309 2311 2283
f 2311 2281 2283
f 2312 2297 2310
f 2309 2296 2311
f 2281 2311 2304
f 2304 2311 2296
f 2297 2312 2207
f 2304 2287 2313
f 2207 2287 2297
f 2287 2286 2313
f 2255 2287 2207
f 2253 2255 2206
f 2206 2115 2253
f 2254 2253 2314
f 2290 2279 2126
f 2315 2316 2055
f 1861 1863 2164
f 2208 2050 1861
f 1783 2028 2064
f 2317 1813 1815
f 2189 2203 2190
f 1861 2049 1862
f 2132 2109 2123
f 1987 1877 1876
f 2199 2201 2192
f 2318 2106 1864
f 2201 2202 2192
f 1861 2050 2049
f 1928 1989 1863
f 2194 2197 1584
f 1769 1863 1989
f 2050 2208 2306
f 1543 2195 2185
f 2306 1993 2050
f 2159 1862 2049
f 1825 1829 1827
f 1967 1830 1829
f 2049 1992 2159
f 2159 1926 1928
f 1947 2160 2124
f 1991 2158 1992
f 1754 2011 1786
f 1879 1856 1773
f 2036 2022 1915
f 2204 2162 2135
f 2167 1857 2139
f 2118 2114 2136
f 2318 1864 2167
f 2167 2117 2318
f 2105 1711 1774
f 2117 2116 2318
f 1711 2105 1712
f 2131 2113 1858
f 2318 2116 2106
f 2105 2107 1712
f 2019 2107 1954
f 1866 1947 1948
f 1936 1935 2022
f 2166 2106 2116
f 2116 2206 2165
f 2156 2166 2165
f 2156 1954 2107
f 2165 2101 2156
f 2125 2165 2206
f 2101 2165 2125
f 1918 2156 2101
f 2010 1579 745
f 2091 2089 2200
f 1818 2071 1816
f 1783 2064 2088
f 2070 1813 2056
f 742 746 2127
f 2186 2001 2000
f 2088 2128 2319
f 2320 1737 1919
f 1778 2011 1735
f 2073 2072 2302
f 2129 2080 1821
f 1736 2011 1754
f 2197 1547 1584
f 746 2132 2127
f 2319 2080 2088
f 1814 1813 2070
f 2315 2108 1813
f 2127 2052 745
f 2108 2067 2123
f 2127 2132 2122
f 2069 2042 1816
f 1821 2080 1822
f 1936 1901 1900
f 1854 1796 1845
f 2321 2109 2132
f 749 1783 2088
f 1813 2108 2110
f 2000 1936 1900
f 2305 1810 1807
f 2322 2323 2324
f 1815 2325 2317
f 2055 2108 2315
f 2326 2327 2293
f 2328 2329 2330
f 1797 1875 1799
f 2193 2183 2201
f 2110 2056 1813
f 2173 2331 2332
f 2316 2315 1822
f 2194 392 382
f 1819 1814 2070
f 2319 1822 2080
f 2262 2328 2326
f 2333 2334 2335
f 2132 746 2321
f 2128 2316 1822
f 1551 2190 1554
f 2000 1900 1999
f 2336 2337 2338
f 2339 2141 2340
f 2341 2342 2343
f 2344 2345 2121
f 2346 2347 2348
f 2317 1822 2315
f 2056 2110 2023
f 2170 2349 2350
f 2170 2350 2171
f 2351 2352 2353
f 2354 2355 2353
f 2324 2356 2322
f 2041 2067 2108
f 2184 1901 2036
f 2184 2036 2155
f 2130 859 2080
f 2108 2055 2041
f 1817 1816 2042
f 2319 2128 1822
f 1820 1815 1814
f 2108 2123 2109
f 2110 2109 2321
f 2023 2321 1576
f 1817 2128 1818
f 2122 2052 2127
f 2357 2358 2359
f 2321 2023 2110
f 2069 1816 2112
f 2359 2314 2357
f 2316 2128 1817
f 2173 2171 2331
f 2316 2042 2055
f 2325 1822 2317
f 2064 2063 2072
f 2191 2190 2203
f 2316 1817 2042
f 1815 1820 2360
f 2325 1823 1822
f 2343 2254 2359
f 2361 2362 2119
f 2321 746 1576
f 2352 2351 2281
f 2363 2328 2308
f 2192 2191 2199
f 2353 2364 2354
f 2282 2281 2365
f 2103 2102 2310
f 2301 2300 2366
f 2103 2310 2366
f 2317 2315 1813
f 2310 2102 2312
f 2125 2312 2102
f 1737 2320 1735
f 2125 2207 2312
f 2366 2310 2301
f 2103 2367 1919
f 2367 2103 2366
f 2368 2299 2302
f 2369 2370 2371
f 2366 2300 2372
f 2372 2300 2373
f 1847 1846 2374
f 2368 2302 2072
f 2320 1919 2367
f 2374 2375 2376
f 2368 2072 2063
f 1847 2374 2063
f 2377 1735 2378
f 2379 1735 2320
f 2372 2373 2380
f 2372 2367 2366
f 1735 2379 2378
f 2298 2299 2368
f 2380 2373 2369
f 2368 2381 2382
f 2320 2367 2379
f 2371 2375 1795
f 2376 2370 2382
f 2190 1551 2197
f 2370 2373 2382
f 2298 2382 2373
f 1919 1918 2103
f 2381 2376 2382
f 2376 2381 2063
f 2374 2376 2063
f 2378 2379 2380
f 2377 2378 2369
f 1795 2377 2371
f 2382 2298 2368
f 1795 1749 2377
f 2371 2377 2369
f 2380 2367 2372
f 2373 2370 2369
f 1846 2174 2375
f 1846 2375 2374
f 2367 2380 2379
f 2369 2378 2380
f 1749 1735 2377
f 1795 2375 2174
f 2371 2376 2375
f 2063 2381 2368
f 2370 2376 2371
f 2298 2373 2300
f 1836 1785 1882
f 2383 1836 1882
f 2383 712 752
f 1882 712 2383
f 752 1984 2383
f 1836 2383 1984
f 2384 2385 1975
f 518 1470 691
f 518 324 1470
f 2385 1965 1975
f 811 2386 1478
f 2385 2384 2387
f 2388 1385 2389
f 811 1219 2386
f 2384 691 2387
f 1470 274 2387
f 2254 2343 2286
f 2390 2386 2078
f 1387 1385 2388
f 2391 2392 1499
f 2385 2387 2386
f 2390 2385 2386
f 2393 2391 1499
f 2390 1965 2385
f 2384 638 691
f 2079 1398 1422
f 1974 638 2384
f 1478 2386 2387
f 1966 1965 2390
f 1422 1387 2388
f 2384 1975 1974
f 2390 2078 1966
f 2341 2343 2359
f 691 1470 2387
f 2386 1219 2078
f 2389 2394 2388
f 638 1974 832
f 2387 274 1478
f 2328 2262 2308
f 2395 2352 2396
f 2395 2333 2397
f 2324 2398 2399
f 2079 1396 1398
f 2400 2401 2402
f 2395 2396 2342
f 2403 2404 2405
f 2288 2282 2365
f 2394 1422 2388
f 2079 1422 2394
f 2389 2406 2394
f 2338 2337 2405
f 2395 2342 2333
f 2399 2347 2346
f 2407 2157 1988
f 2408 2409 2410
f 2396 2281 2304
f 2176 2173 2332
f 1386 2389 1385
f 2352 2395 2411
f 1386 2406 2389
f 2133 2412 2205
f 2406 2392 2394
f 1386 1499 2406
f 2397 2333 2335
f 1812 2134 2209
f 1499 2392 2406
f 2392 2391 2413
f 2286 2343 2313
f 2324 2361 2398
f 2328 2363 2329
f 2414 2415 2129
f 2416 2360 2417
f 1078 2415 1145
f 2418 2419 2420
f 2413 1819 2032
f 1820 2417 2360
f 2333 2341 2358
f 2416 2421 1823
f 2119 2133 2135
f 2353 2355 2422
f 2393 1112 1135
f 2325 2360 1823
f 2423 1135 2419
f 2391 2424 2413
f 2365 2351 2422
f 2365 2422 2288
f 2420 2419 2414
f 2365 2281 2351
f 2359 2358 2341
f 2416 1823 2360
f 1820 2425 2424
f 2348 2426 2404
f 2347 2427 2348
f 2424 2423 2418
f 2428 2429 2346
f 2129 2421 2414
f 2393 2423 2391
f 2362 2324 2323
f 2418 2417 2424
f 1819 2425 1820
f 2353 2422 2351
f 2304 2313 2396
f 2356 2324 2399
f 1821 1823 2421
f 2420 2416 2418
f 2425 2413 2424
f 2348 2427 2430
f 1112 2393 1499
f 1135 2423 2393
f 2129 1821 2421
f 2427 2347 2398
f 2344 2121 2141
f 2431 1135 1134
f 2431 1145 2415
f 2345 2361 2119
f 2130 1078 859
f 2356 2432 2322
f 2288 2422 2308
f 2422 2433 2363
f 2414 1135 2431
f 2425 1819 2413
f 2048 382 2046
f 2363 2308 2422
f 2434 2157 2405
f 2352 2281 2396
f 2051 2193 2199
f 2394 2413 2032
f 2431 2415 2414
f 2432 2399 2429
f 2401 2435 2436
f 2399 2432 2356
f 2344 2361 2345
f 2344 2398 2361
f 2340 2426 2430
f 2398 2347 2399
f 2308 2262 2261
f 2339 2427 2344
f 2352 2411 2364
f 2344 2427 2398
f 2399 2346 2429
f 2289 2437 2326
f 2435 2346 2348
f 2346 2400 2428
f 2327 2326 2330
f 2326 2328 2330
f 2342 2396 2313
f 2289 2262 2437
f 2346 2435 2401
f 2262 2326 2437
f 2358 2334 2333
f 2427 2339 2430
f 2438 2428 2400
f 2324 2362 2361
f 2339 2340 2430
f 2409 2331 2350
f 2341 2333 2342
f 2339 2344 2141
f 2400 2346 2401
f 2435 2348 2404
f 2289 2326 2293
f 2327 2439 2293
f 2137 2340 2141
f 2402 2438 2400
f 2439 2307 2293
f 2137 1957 2340
f 2348 2430 2426
f 2332 2331 2409
f 2402 2401 2440
f 2440 2401 2436
f 2436 2435 2441
f 2364 2353 2352
f 1957 2157 2340
f 2403 2441 2435
f 2362 2323 2412
f 2436 2441 2440
f 2397 2364 2411
f 2434 2404 2426
f 2435 2404 2403
f 2426 2157 2434
f 2405 2404 2434
f 2362 2412 2119
f 2157 2407 2405
f 2337 2403 2405
f 2338 2405 2407
f 1988 2150 2407
f 2150 2149 2407
f 2254 2314 2359
f 2336 2338 2407
f 2412 2133 2119
f 2336 2407 2149
f 2148 2336 2149
f 2363 2330 2329
f 2208 1810 2306
f 2119 2121 2345
f 2313 2343 2342
f 2395 2397 2411
f 2176 2442 2250
f 2305 2306 1810
f 2176 2332 2442
f 2363 2433 2330
f 2340 2157 2426
f 2410 2409 2350
f 2331 2171 2350
f 2200 2191 2203
f 2325 1815 2360
f 2417 1820 2424
f 2130 2129 2415
f 1135 2414 2419
f 1796 1854 712
f 2419 2418 2423
f 2424 2391 2423
f 2420 2414 2421
f 2420 2421 2416
f 2394 2392 2413
f 2416 2417 2418
f 2394 2032 2079
f 1778 1886 2011
f 1145 2431 1134
f 2415 1078 2130
f 2202 1552 1554
f 1886 1778 1780
f 2443 1283 2444
f 2445 2446 2447
f 2448 2449 2450
f 337 1040 2451
f 2452 2453 2454
f 2455 2456 2457
f 2458 2459 2460
f 2461 2462 2463
f 1807 2464 2465
f 2466 2467 2468
f 319 318 2469
f 2470 2471 2472
f 2449 2473 2474
f 2475 2476 2477
f 2465 2305 1807
f 2478 2479 2480
f 2481 2354 2364
f 2482 753 2483
f 2475 2452 2484
f 2485 2486 2487
f 2478 2488 2489
f 2490 2491 2492
f 2462 2493 2494
f 2479 2495 2480
f 2496 2497 2498
f 181 2499 171
f 2500 2501 2502
f 2503 2504 2505
f 2506 2507 2508
f 2467 2466 2509
f 2510 2511 2512
f 2478 2513 230
f 2514 2448 2450
f 2515 2461 2447
f 2516 2517 2518
f 2519 2454 2520
f 2507 2521 2508
f 2522 2523 2524
f 666 2525 2526
f 2527 2528 2529
f 2530 2531 2481
f 2532 2209 2134
f 2506 2455 2457
f 2447 2463 2445
f 2510 2533 2534
f 2515 2447 2446
f 2535 2534 2536
f 2537 2538 2539
f 2540 2323 2322
f 2323 2540 2541
f 2542 2543 2473
f 2542 2505 2544
f 2545 2546 2354
f 2547 2548 2549
f 2550 2548 2551
f 2354 2546 2355
f 2552 2553 2554
f 2555 2546 2545
f 2556 2557 2558
f 2559 2560 2561
f 2516 2562 2563
f 2564 2330 2565
f 2566 2567 2561
f 2568 2569 2570
f 2555 2571 2546
f 2572 2501 2573
f 2529 2552 2574
f 2483 753 793
f 766 770 2575
f 2480 2495 2455
f 2576 2577 2531
f 2550 2551 2578
f 2547 2578 2551
f 2560 2355 2546
f 2579 2580 2581
f 2535 2536 2582
f 2483 2583 2584
f 2565 2585 2586
f 2587 2588 2589
f 2590 2571 2555
f 2591 2592 2540
f 2322 2432 2593
f 2568 2560 2546
f 2552 2554 2594
f 2499 2595 2596
f 2597 2598 2599
f 2569 2600 2601
f 2601 2472 2471
f 2602 2538 2537
f 2572 2603 2604
f 2605 2606 2547
f 2607 2608 2609
f 2610 2592 2549
f 2593 2597 2582
f 2480 2611 2488
f 2612 2613 2614
f 2615 2616 2617
f 2483 791 2583
f 2618 2600 2571
f 2619 2578 2547
f 2606 2619 2547
f 2576 2530 2481
f 2591 2606 2605
f 2620 2621 2526
f 2622 2510 2534
f 2575 2623 766
f 2496 2624 2625
f 2626 2627 2628
f 2584 2629 2482
f 2560 2559 2433
f 2630 2631 2622
f 2576 2531 2530
f 753 2482 2632
f 2613 2612 2609
f 2633 2580 2579
f 2593 2606 2591
f 2209 2634 2464
f 2528 2499 2635
f 2636 2637 2509
f 2638 2611 2445
f 2639 2607 2640
f 2481 2335 2576
f 2205 2412 2541
f 2641 2642 2267
f 2205 2643 2532
f 2454 2477 2644
f 2558 2645 2532
f 2646 2493 2489
f 2456 2455 2495
f 2314 2612 2614
f 2463 2494 2445
f 2598 2597 2432
f 2647 2648 2649
f 2452 2454 2519
f 2314 2253 2612
f 2650 2267 2642
f 769 2575 770
f 2651 2652 2653
f 2429 2598 2432
f 767 2583 791
f 2654 2253 2115
f 2575 769 2623
f 2623 2583 766
f 2643 2610 2655
f 2572 2656 2657
f 2633 2579 2658
f 2577 2576 2659
f 2561 2585 2559
f 2660 1482 1481
f 2661 2466 2468
f 2570 2566 2568
f 2445 2508 2446
f 2614 2357 2314
f 2640 2609 2612
f 2559 2585 2565
f 2662 2663 2664
f 2665 2666 2667
f 2668 2669 2576
f 2585 2567 2603
f 2670 2582 2597
f 2626 2671 2672
f 2631 2630 2673
f 2617 2616 2674
f 2591 2540 2593
f 2675 2676 2677
f 2274 2678 2009
f 2650 2642 2679
f 2612 2253 2654
f 2465 2464 2680
f 2681 2682 2683
f 2493 2646 2494
f 2572 2573 2684
f 2628 2552 2626
f 2685 2471 2470
f 2686 2687 1365
f 2688 2604 2566
f 1610 2678 2689
f 2690 2639 2640
f 2691 2524 2692
f 2567 2566 2604
f 2433 2422 2560
f 2693 2694 2695
f 2569 2471 2501
f 2634 2696 2697
f 2599 2428 2698
f 2687 2699 1365
f 2539 2700 2701
f 2630 2599 2698
f 2432 2597 2593
f 2618 2472 2601
f 2702 319 2469
f 2445 2611 2508
f 2615 2703 1482
f 2497 2486 2704
f 2603 2586 2585
f 2327 2564 2705
f 2673 2630 2698
f 2525 666 192
f 2706 2562 2518
f 2585 2561 2567
f 2707 2708 2709
f 2670 2630 2535
f 2603 2567 2604
f 2710 2703 2711
f 2705 2564 2586
f 2501 2500 2573
f 2439 2327 2705
f 2712 2713 2714
f 2535 2630 2534
f 2686 2715 2716
f 2606 2593 2582
f 2717 2718 2719
f 2720 2718 2721
f 2690 2139 2639
f 2523 2722 2723
f 2357 2724 2693
f 1589 2660 1481
f 1482 2660 2615
f 2725 2660 1596
f 2687 2726 2727
f 2608 2539 2538
f 2639 2139 2140
f 2720 2721 2728
f 2719 2718 2729
f 2730 2731 2732
f 2732 2733 2734
f 2660 1589 1596
f 2735 2723 2685
f 2639 2140 2700
f 2728 2586 2603
f 2736 2586 2728
f 2735 2692 2523
f 2685 2723 2502
f 2500 2502 2573
f 1364 2715 2686
f 2721 2718 2717
f 2732 2737 2733
f 2738 2739 2740
f 2533 2536 2534
f 2534 2630 2622
f 2733 2741 2742
f 2486 2743 2596
f 2721 2641 2736
f 2744 179 948
f 2723 2738 2573
f 2721 2736 2728
f 2715 1435 2745
f 2640 2607 2609
f 2721 2679 2642
f 2487 2596 2595
f 2641 2439 2736
f 2730 2524 2731
f 2746 2747 2726
f 2748 2727 2749
f 2533 2510 2512
f 2699 2727 2748
f 2686 1365 1364
f 2692 2735 2685
f 2487 2486 2596
f 2743 2635 2499
f 2750 2751 2554
f 2703 2617 2711
f 2641 2721 2642
f 1364 1435 2715
f 2752 2589 2588
f 2589 2695 2587
f 2753 2711 2617
f 2710 1648 1597
f 2711 2753 2754
f 2529 2553 2552
f 2755 2711 2754
f 2750 2756 2757
f 2758 2759 2657
f 1439 2725 1596
f 2717 2719 2715
f 2634 2209 2696
f 2700 2140 2279
f 2669 2695 2760
f 2541 2412 2323
f 2761 2750 2554
f 2568 2546 2571
f 2710 2755 1648
f 2754 1347 1472
f 2722 2523 2762
f 2655 2610 2549
f 2763 2756 2517
f 2445 2646 2638
f 2761 2706 2756
f 2554 2553 2761
f 2569 2688 2570
f 2750 2761 2756
f 2569 2568 2600
f 2764 2695 2589
f 2740 2765 2758
f 2761 2553 2529
f 2549 2592 2547
f 2574 2467 2509
f 2588 2694 2766
f 2767 2768 2766
f 2617 2674 2753
f 2635 2761 2529
f 2556 2655 2549
f 2706 2761 2635
f 2669 2659 2576
f 2706 2517 2756
f 2769 2770 2504
f 2504 2771 2772
f 2443 2773 2725
f 2738 2722 2739
f 2774 2708 2537
f 2641 2267 2307
f 2771 2775 2772
f 2601 2471 2569
f 2775 2771 2776
f 2451 2777 2770
f 2703 2615 2617
f 2461 2463 2447
f 2700 2279 2290
f 192 2636 2778
f 2746 2779 2681
f 2755 2710 2711
f 2679 2721 2717
f 2776 2771 2780
f 2769 2514 2451
f 2592 2591 2605
f 2781 2664 2782
f 2733 2742 2677
f 2783 2708 2680
f 2708 2774 2680
f 2748 1313 2699
f 2452 2475 2453
f 2784 2780 2781
f 2502 2471 2685
f 2439 2705 2736
f 2762 2730 2785
f 2307 2439 2641
f 2780 2771 2777
f 2522 2762 2523
f 2786 2781 2787
f 2779 2788 2758
f 2679 2717 2650
f 2789 2790 2791
f 2428 2599 2429
f 2792 2780 2777
f 2643 2592 2610
f 2780 2787 2781
f 2793 2794 2795
f 2796 2797 2580
f 2322 2593 2540
f 2798 2793 2790
f 2799 2800 2801
f 2780 2784 2776
f 2772 2802 2504
f 2803 2784 2781
f 2792 2786 2787
f 2770 2771 2504
f 2645 2696 2532
f 2605 2547 2592
f 2514 2769 2504
f 2803 2776 2784
f 2736 2705 2586
f 2787 2780 2792
f 916 2786 1028
f 2792 2451 1028
f 2777 2771 2770
f 2785 2734 2676
f 2684 2740 2656
f 2590 2472 2618
f 2804 2472 2590
f 2731 2805 2806
f 2807 2472 2804
f 916 2808 2786
f 2809 2807 2810
f 2811 2812 2804
f 2760 2813 2669
f 2715 2651 2717
f 1040 1029 2451
f 2779 2758 2681
f 2810 2807 2814
f 2815 2809 2810
f 2653 2267 2650
f 2792 2777 2451
f 1029 1028 2451
f 2524 2805 2731
f 2769 2451 2770
f 2808 917 754
f 2816 2817 2818
f 2786 2792 1028
f 2759 2729 2657
f 2808 916 917
f 2786 2664 2781
f 2503 2514 2504
f 2514 2503 2448
f 2762 2682 2739
f 2804 2590 2555
f 2501 2471 2502
f 2746 2675 2747
f 2817 2819 2818
f 2577 2659 2820
f 2818 2821 2813
f 2669 2821 2659
f 2822 2821 2818
f 2758 2765 2823
f 2741 2733 2737
f 1313 1365 2699
f 1498 1283 2443
f 376 1365 1313
f 2820 2822 2818
f 2824 2818 2813
f 1498 2725 1439
f 2524 2691 2805
f 798 1313 2748
f 2443 2725 1498
f 2472 2809 2825
f 2812 2811 2577
f 2737 2731 2806
f 2653 2650 2651
f 2813 2760 2824
f 2813 2821 2669
f 2773 2826 2660
f 2472 2825 2470
f 2444 2827 2826
f 2701 2700 2290
f 2754 2753 1347
f 2443 2444 2773
f 2773 2444 2826
f 2725 2773 2660
f 2740 2684 2573
f 2807 2812 2814
f 2827 2616 2826
f 2660 2826 2615
f 2814 2812 2820
f 2676 2683 2682
f 2823 2681 2758
f 2821 2822 2659
f 1807 1809 2464
f 2788 2716 2758
f 2747 2749 2726
f 2740 2573 2738
f 2811 2804 2555
f 2814 2818 2819
f 2733 2677 2676
f 2779 2746 2788
f 2659 2822 2820
f 2681 2823 2682
f 2577 2820 2812
f 2209 2464 1809
f 2804 2812 2807
f 2657 2603 2572
f 2472 2807 2809
f 2687 2686 2788
f 1482 2703 2710
f 2718 2720 2729
f 2814 2820 2818
f 2715 2745 2651
f 2818 2824 2816
f 2810 2814 2819
f 2746 2726 2788
f 2686 2716 2788
f 2701 2290 2774
f 2726 2687 2788
f 2683 2746 2681
f 2652 2745 2678
f 2745 2652 2651
f 2470 2692 2685
f 2689 1435 1463
f 799 798 2748
f 2828 2730 2732
f 2675 2677 2829
f 2676 2682 2785
f 2759 2716 2719
f 2830 2831 2747
f 2716 2715 2719
f 2828 2785 2730
f 2657 2740 2758
f 2739 2682 2823
f 2690 2654 2167
f 2603 2720 2728
f 2832 2833 2834
f 2729 2759 2719
f 2676 2734 2733
f 2765 2740 2739
f 2727 2726 2749
f 2774 2290 2305
f 2117 2654 2115
f 2684 2656 2572
f 2524 2730 2522
f 2573 2502 2723
f 2139 2690 2167
f 2727 2699 2687
f 2746 2683 2675
f 2117 2167 2654
f 2522 2730 2762
f 2723 2735 2523
f 2835 2831 2836
f 2688 2569 2501
f 2831 799 2748
f 2831 2748 2749
f 2722 2762 2739
f 2599 2598 2429
f 2837 2830 2747
f 2694 2693 2838
f 2009 2678 1610
f 2693 2358 2357
f 1516 2526 2621
f 2839 797 2835
f 2468 2627 2661
f 2835 799 2831
f 2608 2538 2840
f 1279 2827 2444
f 2841 2798 2790
f 2791 2842 2789
f 2537 2708 2602
f 2537 2539 2701
f 2542 2843 2503
f 2503 2843 2448
f 2844 2767 2840
f 2542 2544 2543
f 2845 2613 2608
f 2843 2449 2448
f 337 2451 2450
f 2580 2633 2796
f 2609 2608 2613
f 180 2450 2474
f 2783 2680 2634
f 2450 2449 2474
f 2485 2473 2543
f 2846 2473 2487
f 2798 2833 2847
f 2848 2830 2837
f 181 180 2474
f 2849 2669 2668
f 2847 2616 2827
f 2850 2516 2563
f 2474 2473 2846
f 2516 2850 2851
f 2474 2846 181
f 2570 2688 2566
f 2851 2649 2516
f 2763 2517 2516
f 2852 2847 2853
f 2542 2473 2843
f 2486 2485 2704
f 2517 2706 2518
f 2800 2854 2855
f 2839 2835 2856
f 2496 2563 2562
f 2857 2835 2836
f 1296 2858 2859
f 1297 995 1298
f 2857 2856 2835
f 2860 2695 2849
f 2625 2497 2496
f 189 179 2744
f 2465 2680 2774
f 1296 2861 2858
f 2473 2449 2843
f 2649 2648 2763
f 2562 2706 2624
f 2861 1296 1307
f 2743 2486 2497
f 2588 2862 2752
f 2499 2528 948
f 2623 2832 2863
f 2497 2625 2743
f 2633 2491 2864
f 2852 2853 2859
f 2785 2828 2734
f 1309 1298 2856
f 753 2632 754
f 2595 2499 181
f 2859 2865 1296
f 2330 2564 2327
f 2528 2744 948
f 2859 2853 2865
f 2866 2491 2662
f 1283 1279 2444
f 2647 2484 2648
f 2833 2616 2847
f 2861 2867 2858
f 2795 2801 2791
f 2859 2794 2852
f 1297 1295 2868
f 2869 2834 2870
f 1648 2755 1472
f 2674 2832 2623
f 2624 2706 2635
f 2452 2648 2484
f 2794 2859 2858
f 2870 2834 2841
f 2644 2477 2871
f 2861 1307 2867
f 2491 2633 2658
f 2867 1307 2799
f 2795 2791 2793
f 2635 2743 2624
f 2790 2793 2791
f 2799 1305 2854
f 2636 2744 2527
f 2637 2636 2527
f 2476 2871 2477
f 2744 2636 189
f 2527 2744 2528
f 2452 2519 2648
f 2856 2872 1309
f 2667 2873 2874
f 2875 1347 2753
f 2794 2798 2852
f 2874 2663 2658
f 2858 2795 2794
f 2509 2778 2636
f 2796 2876 2870
f 2497 2704 2498
f 2667 2874 2581
f 2519 2757 2648
f 2832 2674 2833
f 2867 2801 2795
f 2791 2801 2877
f 2877 2842 2791
f 2466 2878 2620
f 2528 2635 2529
f 192 2778 2525
f 2798 2841 2834
f 2879 2877 2800
f 2856 2857 2872
f 2801 2800 2877
f 2880 2757 2519
f 2794 2793 2798
f 2858 2867 2795
f 2855 2857 2881
f 2875 2753 2674
f 1288 1276 1007
f 2866 2629 2492
f 2750 2757 2880
f 2833 2798 2834
f 2666 2665 2797
f 2854 2872 2855
f 2882 2881 2857
f 2644 2883 2520
f 2882 2836 2848
f 2799 2854 2800
f 2832 2834 2869
f 1472 2755 2754
f 2857 2836 2882
f 2750 2880 2751
f 2854 1309 2872
f 2663 2884 2664
f 2483 2584 2482
f 2623 2875 2674
f 2863 2832 2869
f 2666 2885 2667
f 2525 2466 2620
f 2529 2574 2527
f 2886 2887 2797
f 769 1347 2875
f 2623 769 2875
f 2856 1298 995
f 1279 1281 2865
f 2841 2790 2888
f 2837 2675 2829
f 2879 2855 2881
f 2886 2870 2841
f 2525 2620 2526
f 2796 2870 2886
f 2886 2841 2888
f 2527 2509 2637
f 2889 2863 2869
f 2847 2865 2853
f 2889 2583 2863
f 2525 2778 2509
f 2796 2633 2876
f 2790 2789 2888
f 2887 2886 2888
f 2789 2887 2888
f 2506 2519 2520
f 2580 2797 2665
f 2842 2879 2890
f 1305 2799 1302
f 2874 2658 2579
f 2867 2799 2801
f 2789 2842 2887
f 2890 2887 2842
f 2797 2887 2666
f 2574 2509 2527
f 2519 2506 2880
f 2664 2884 2782
f 2506 2520 2507
f 230 2513 285
f 2710 1597 1482
f 2880 2506 2457
f 1309 2854 1305
f 2450 2451 2514
f 2847 1279 2865
f 2874 2873 2663
f 2580 2665 2581
f 2456 2554 2751
f 2482 2629 2632
f 2889 2492 2584
f 2508 2521 2446
f 2611 2455 2508
f 2590 2618 2571
f 2455 2506 2508
f 2595 2846 2487
f 2840 2767 2608
f 2456 2594 2554
f 2887 2890 2891
f 2456 2751 2457
f 2866 2662 2664
f 2521 2515 2446
f 2583 2623 2863
f 2496 2562 2624
f 2468 2467 2628
f 2581 2665 2667
f 2611 2480 2455
f 2892 2460 2893
f 2467 2552 2628
f 2627 2468 2628
f 2662 2658 2663
f 2663 2873 2884
f 2666 2891 2885
f 2594 2626 2552
f 2845 2608 2767
f 2491 2490 2864
f 2488 2611 2638
f 2881 2894 2879
f 2456 2626 2594
f 2480 2488 2478
f 2643 2541 2592
f 2723 2722 2738
f 2556 2558 2655
f 2481 2531 2577
f 2848 2895 2882
f 2495 2671 2456
f 2551 2548 2547
f 2537 2701 2774
f 2357 2614 2724
f 2633 2864 2876
f 2724 2614 2613
f 2488 2638 2489
f 2896 2602 2713
f 2837 2747 2675
f 2700 2539 2639
f 2305 2465 2774
f 2640 2612 2654
f 2783 2634 2709
f 2737 2732 2731
f 2844 2768 2767
f 2632 2866 2808
f 2695 2764 2760
f 2709 2634 2697
f 2616 2833 2674
f 2897 2898 2899
f 2900 2742 2901
f 2902 2903 2498
f 2741 2904 2905
f 2906 2907 2825
f 2908 2909 2910
f 2911 2912 2913
f 2914 2907 2915
f 2916 2917 2918
f 2919 2712 2714
f 2489 2638 2646
f 2742 2904 2901
f 2920 2921 2922
f 2850 2647 2851
f 2923 2924 2925
f 2691 2926 2927
f 2928 2925 2924
f 2922 2929 2920
f 2930 2931 2932
f 2933 2934 2935
f 2932 2931 2936
f 2903 2937 2563
f 2938 2521 2883
f 2939 2940 2941
f 2479 230 2495
f 2942 2943 2944
f 2920 2945 2921
f 2946 2947 2948
f 2949 2950 2951
f 2952 2697 2953
f 2954 2955 2956
f 2943 2957 2958
f 2959 2810 2960
f 2961 2557 2556
f 2478 2489 2513
f 2516 2649 2763
f 2962 2459 2963
f 2964 2965 2966
f 2905 2904 2742
f 2967 2968 2969
f 2970 2919 2971
f 2931 2930 2972
f 2973 2515 2938
f 2974 709 2975
f 2976 2977 2978
f 2978 2977 2979
f 2980 2981 2982
f 2766 2694 2767
f 2909 2983 2984
f 2976 2948 2947
f 2984 2985 2909
f 2980 2986 2981
f 2983 2987 2984
f 2988 2989 2990
f 2991 2990 2992
f 408 2993 2941
f 2994 2862 2995
f 2996 2945 2997
f 2556 2550 2961
f 2981 2986 2913
f 2998 2484 2957
f 2999 3000 2557
f 3001 2992 3002
f 3003 3004 3005
f 3006 2914 2692
f 3007 2764 3008
f 2817 3009 2960
f 3010 3011 2973
f 2940 3012 2941
f 2974 3013 708
f 3014 3007 3015
f 2495 230 2672
f 2829 3016 2895
f 3017 3018 3019
f 862 3020 3021
f 3022 3023 3024
f 3025 3026 3027
f 3028 3029 3030
f 3031 3032 3010
f 3026 3033 3034
f 2945 2996 2921
f 3035 3036 2935
f 3037 2702 2469
f 2991 3038 3039
f 3040 3041 3042
f 3043 3044 2995
f 3045 2961 3046
f 3047 2911 2986
f 2982 3042 2924
f 3048 3049 2917
f 2891 2666 2887
f 2917 3050 2972
f 2995 2768 3043
f 3051 3052 2927
f 2973 3053 2515
f 3054 3055 2976
f 3056 708 3013
f 3026 3025 3057
f 3058 3059 3060
f 3061 3027 3034
f 3062 3063 3064
f 3049 3013 2918
f 3065 3066 3014
f 2606 2582 2897
f 3001 3002 2772
f 2855 2879 2800
f 2803 2782 3067
f 3068 3019 3018
f 2489 2493 318
f 3069 2987 2983
f 2932 3070 3071
f 3072 2977 3073
f 2968 2967 3074
f 2476 2475 2942
f 3075 2644 2871
f 3076 3035 3077
f 2946 3078 2947
f 2898 3029 3079
f 3080 2803 3081
f 2994 3082 3083
f 2972 3050 3084
f 3057 3085 3086
f 3087 2986 2904
f 2462 2469 2493
f 2930 3048 2972
f 2978 3086 3054
f 3088 2512 2511
f 3066 3065 2983
f 3089 3090 3091
f 3092 3080 3081
f 3049 3056 3013
f 2983 3093 3094
f 3095 3065 3015
f 3078 3073 2947
f 2504 2802 2505
f 2550 3096 3046
f 2926 3023 3077
f 2914 2915 2926
f 2996 3097 2921
f 3098 3099 3051
f 3100 2946 2948
f 3091 3090 2927
f 3049 3048 3101
f 3042 3102 2924
f 3092 2891 2890
f 3103 3104 3105
f 3106 2957 3039
f 3107 2937 3108
f 3077 3004 3076
f 3004 3003 3076
f 2798 2847 2852
f 2803 3067 3081
f 2879 2894 2890
f 2981 2912 3040
f 2922 2946 3100
f 2824 3009 2816
f 2485 2543 2544
f 2899 2898 3079
f 2720 2657 2729
f 2680 2464 2634
f 2883 2521 2507
f 3109 3110 3111
f 2942 2944 3058
f 2951 3087 3098
f 2885 2891 3081
f 2521 2938 2515
f 2664 2808 2866
f 2922 3100 2929
f 2627 2626 2672
f 3024 2969 2968
f 351 3105 3112
f 2740 2657 2656
f 2992 3001 3102
f 2772 2925 2928
f 3113 2895 3016
f 2481 2555 2545
f 2952 2936 2971
f 3114 3115 3116
f 2560 2568 2566
f 2602 2896 2538
f 2916 2964 3117
f 2927 3052 2805
f 2785 2682 2762
f 3054 3118 3055
f 2772 2803 2925
f 2720 2603 2657
f 2565 2330 2433
f 2724 2613 2845
f 2921 3119 3021
f 2808 754 2632
f 3120 3121 3005
f 2927 2926 3091
f 3021 2922 2921
f 3036 3121 3064
f 2639 2539 2607
f 2709 2714 2707
f 2952 2971 2714
f 3083 3122 3095
f 2845 2767 2838
f 3123 2912 3124
f 2697 2645 2953
f 2947 3073 2977
f 2577 2811 2481
f 2737 2806 2741
f 3021 3119 933
f 2645 2697 2696
f 3125 3068 3103
f 2884 3067 2782
f 3120 3005 3126
f 2995 2862 2766
f 3127 2850 3128
f 2708 2707 2602
f 2544 2505 3129
f 2810 2959 2815
f 3126 3130 3120
f 3069 2966 2987
f 2781 2782 2803
f 351 350 3105
f 2913 2912 2981
f 3110 3084 3111
f 3131 2953 2645
f 3038 3041 3132
f 1463 1610 2689
f 2433 2559 2565
f 3020 862 815
f 3111 3084 3050
f 3133 3064 3063
f 3072 2979 2977
f 2936 2931 3134
f 2940 3037 3135
f 3062 3121 3120
f 2883 3031 2938
f 3135 2461 3136
f 3131 2645 2557
f 3131 2936 2953
f 3078 3021 3020
f 2334 2358 2849
f 2481 2545 2354
f 3117 3050 2916
f 2463 2462 2494
f 3033 2512 3034
f 2588 2766 2862
f 3047 3087 2951
f 862 3021 933
f 2695 2860 2693
f 2274 2653 2652
f 2970 3137 3110
f 2509 2466 2525
f 2916 3050 2917
f 2982 2924 2923
f 2397 2481 2364
f 3132 3138 3106
f 3089 3091 3077
f 2678 2274 2652
f 3017 3019 3125
f 2654 2690 2640
f 3097 2996 2997
f 2964 2916 2918
f 3139 2505 2802
f 3078 2946 2922
f 2849 2358 2860
f 2556 2549 2548
f 2967 2815 2959
f 2826 2616 2615
f 3051 2927 3090
f 2675 2683 2676
f 2908 3011 2954
f 2572 2604 2688
f 2903 2563 2496
f 2848 2837 2895
f 3067 2884 2873
f 2645 2558 2557
f 3094 3117 2964
f 2989 3140 2992
f 3122 3083 3109
f 2968 3141 3022
f 2745 1435 2689
f 3109 3142 3122
f 2968 3022 3024
f 3082 2995 3044
f 2717 2651 2650
f 2902 2498 2485
f 2600 2618 2601
f 2895 3113 2882
f 2857 2855 2872
f 2989 3139 3140
f 3047 3060 2911
f 3117 3094 3093
f 2922 3021 3078
f 2901 2904 3143
f 2481 2811 2555
f 2459 3112 3104
f 2977 2976 2947
f 2890 2894 3092
f 3092 3113 3144
f 2568 2571 2600
f 3145 3146 2934
f 2986 3143 2904
f 2501 2572 2688
f 2978 3054 2976
f 3060 2933 3058
f 3048 3147 3101
f 3020 3073 3078
f 2669 2849 2695
f 2954 3014 2908
f 2828 2732 2734
f 2815 2906 2825
f 3148 2957 3149
f 2716 2759 2758
f 3072 3073 3020
f 3085 3054 3086
f 3085 3118 3054
f 3029 3057 3030
f 2824 3126 3009
f 2647 2649 2851
f 3072 3020 2893
f 2893 3020 815
f 3085 3088 3118
f 2662 2491 2658
f 2876 2864 2889
f 709 315 2975
f 3008 2752 3150
f 2982 2923 2980
f 2979 3086 2978
f 3085 3057 3025
f 3149 2484 2647
f 2911 3059 2912
f 2893 815 3151
f 3152 3153 3046
f 3088 3085 3061
f 3057 3086 3030
f 3086 2979 3030
f 3041 2912 3123
f 3085 3025 3061
f 3134 3137 2970
f 3007 2955 3126
f 2806 3052 3099
f 2524 2523 2692
f 3036 3064 2935
f 2460 3072 2893
f 2845 2838 2724
f 3125 3019 3068
f 3061 3034 3088
f 3041 3138 3132
f 3072 2460 2979
f 3029 3026 3057
f 3025 3027 3061
f 2962 3030 2979
f 2334 2849 2335
f 2512 3088 3034
f 3034 3027 3026
f 2358 2693 2860
f 2563 2937 2850
f 2767 2694 2838
f 2962 2979 2460
f 3008 2589 2752
f 2960 2810 2819
f 3030 2962 3028
f 3029 2898 3026
f 2512 3033 2533
f 3029 3028 3079
f 2532 2696 2209
f 2898 3033 3026
f 2713 2602 2707
f 2962 2963 3028
f 3068 3104 3103
f 3113 2894 2882
f 3033 2898 2533
f 3079 3028 2899
f 2629 2866 2632
f 3090 3154 3051
f 2739 2823 2765
f 2536 2533 2898
f 3074 2967 2959
f 3083 3082 3155
f 2815 2967 2906
f 2899 3028 3156
f 3156 3028 3157
f 3157 3028 2963
f 3113 3092 2894
f 351 3112 411
f 2899 2619 2897
f 3158 2904 2741
f 2898 2897 2536
f 3159 3156 3157
f 2490 2492 2889
f 3050 3093 3142
f 2606 2897 2619
f 2582 2536 2897
f 3112 2459 411
f 3096 2899 3156
f 2962 2460 2459
f 2599 2670 2597
f 3014 2954 2956
f 2516 2518 2562
f 995 2839 2856
f 2459 3104 2963
f 2459 2458 411
f 2992 3102 3042
f 968 797 2839
f 2578 2619 2899
f 3039 3127 2991
f 3096 2578 2899
f 2422 2355 2560
f 2335 2849 2668
f 2470 2907 3006
f 2775 2776 2772
f 3156 3159 3152
f 968 2839 995
f 2944 3124 3059
f 3157 2963 3159
f 2475 2477 2453
f 3075 2476 3063
f 3160 2934 2933
f 3096 3156 3152
f 2491 2866 2492
f 2892 2458 2460
f 3159 2963 3068
f 2963 3104 3068
f 2454 2644 2520
f 607 2892 3151
f 2772 3002 2802
f 3139 3129 2505
f 2914 2926 2691
f 2544 2902 2485
f 2987 2966 3012
f 3068 3018 3159
f 3024 3023 2926
f 3134 2931 3137
f 2550 2578 3096
f 3152 3046 3096
f 3081 2891 3092
f 3152 3159 3018
f 2970 3044 3043
f 3112 3105 3104
f 2802 3002 3140
f 3153 3152 3018
f 2961 2550 3046
f 2868 1295 1288
f 3106 3039 3132
f 2873 2885 3081
f 3018 3017 3153
f 2873 2667 2885
f 3046 3153 3045
f 2772 2776 2803
f 2903 2902 2544
f 2911 2913 2986
f 3125 3103 3101
f 3045 3153 3017
f 3125 3147 3017
f 3080 3092 3144
f 2672 229 2627
f 3147 3125 3101
f 2925 2803 3080
f 2923 3143 2980
f 3045 3017 3161
f 2928 3001 2772
f 3147 3161 3017
f 3101 3103 708
f 3105 708 3103
f 318 730 2489
f 2544 3129 2988
f 2648 2756 2763
f 2988 2903 2544
f 2999 3045 3161
f 3045 2557 2961
f 3161 3147 2930
f 3144 3113 3115
f 2847 2827 1279
f 3036 3003 3121
f 708 3056 3101
f 708 3105 350
f 2903 2496 2498
f 3139 2989 2988
f 2999 3161 3071
f 2837 2829 2895
f 3108 2903 2988
f 3147 3048 2930
f 2933 3060 3160
f 2458 2892 607
f 3075 3031 2644
f 3130 3032 3120
f 2557 3045 2999
f 3161 2930 3071
f 2988 3129 3139
f 3000 2999 3071
f 3115 3016 3116
f 3016 2829 3116
f 346 319 2702
f 3080 3144 2925
f 3049 3101 3056
f 2134 2205 2532
f 2498 2704 2485
f 2992 2990 2989
f 2972 3048 2917
f 3151 2892 2893
f 2557 3000 3070
f 2930 2932 3071
f 3076 3036 3035
f 3070 3000 3071
f 3003 3036 3076
f 3013 2974 2965
f 708 709 2974
f 2960 2819 2817
f 2743 2499 2596
f 2917 3049 2918
f 3108 2937 2903
f 3070 3131 2557
f 3064 3133 2935
f 2918 3013 2965
f 3070 2936 3131
f 3137 2931 2972
f 3099 2741 2806
f 3151 486 607
f 2933 3133 3058
f 2965 2974 2966
f 3099 3052 3051
f 3001 2928 3102
f 2900 3116 2829
f 2924 3102 2928
f 2936 3070 2932
f 2848 2836 2830
f 2972 3084 3137
f 3041 2992 3042
f 2868 1007 1001
f 3136 2910 2909
f 3162 2974 2975
f 2274 2009 2008
f 487 3151 815
f 2965 2964 2918
f 2975 2941 3162
f 2912 3059 3124
f 2589 3008 2764
f 2672 2671 2495
f 2539 2608 2607
f 3110 3137 3084
f 2467 2574 2552
f 2566 2561 2560
f 2586 2564 2565
f 3162 2941 3012
f 2588 2587 2694
f 2964 2966 3094
f 1288 1007 2868
f 2941 2975 408
f 2831 2830 2836
f 2952 2953 2936
f 2786 2808 2664
f 2879 2842 2877
f 2971 2936 3134
f 3162 3012 2974
f 2507 2520 2883
f 2966 2974 3012
f 2966 3069 3094
f 229 2466 2661
f 2952 2714 2697
f 3111 3050 3142
f 2971 3134 2970
f 2707 2714 2713
f 2829 2677 2900
f 2846 2595 181
f 486 3151 487
f 2558 2532 2643
f 3145 3089 3146
f 2869 2870 2876
f 2998 2943 2942
f 2697 2714 2709
f 3109 3111 3142
f 2941 2993 2702
f 1296 2865 1281
f 3012 2940 2987
f 2923 3144 3115
f 3069 2983 3094
f 2850 2937 3128
f 2993 408 394
f 3093 3050 3117
f 3098 3087 3158
f 2751 2880 2457
f 2970 3110 3044
f 3044 3110 3109
f 2267 2653 2274
f 3133 2933 2935
f 3089 3035 3146
f 2939 2941 2702
f 2993 394 346
f 3108 2988 2990
f 2473 2485 2487
f 3133 3063 2942
f 2629 2584 2492
f 2714 2971 2919
f 2900 2677 2742
f 3007 2956 2955
f 3047 3160 3060
f 3043 2919 2970
f 3044 3109 3155
f 3093 3122 3142
f 3116 2900 3114
f 3107 3108 2990
f 2900 2901 3114
f 2940 2939 3037
f 1516 666 2526
f 3114 3143 3115
f 2987 2940 2985
f 2984 2987 2985
f 346 2702 2993
f 3155 3082 3044
f 2636 190 189
f 2702 3037 2939
f 2878 1516 2621
f 3135 2985 2940
f 2983 3122 3093
f 1001 1297 2868
f 2576 2335 2668
f 3043 2712 2919
f 3109 3083 3155
f 2937 3107 3128
f 2938 3010 2973
f 1307 1302 2799
f 2636 192 190
f 2513 2489 730
f 2991 3107 2990
f 3122 2983 3065
f 2909 3066 2983
f 2802 3140 3139
f 229 2661 2627
f 1533 2466 229
f 3083 3095 2994
f 3038 2991 2992
f 3136 2909 2985
f 2969 2915 2906
f 3066 2909 2908
f 2896 2712 2768
f 2466 1533 2878
f 2713 2712 2896
f 3043 2768 2712
f 2747 2831 2749
f 3082 2994 2995
f 3065 3095 3122
f 2541 2540 2592
f 948 171 2499
f 2582 2670 2535
f 2994 3095 3150
f 3095 3015 3150
f 2693 2724 2838
f 2462 3037 2469
f 3135 3037 2462
f 3136 2985 3135
f 3042 2982 3040
f 2678 2745 2689
f 3115 3143 2923
f 2844 2896 2768
f 230 229 2672
f 2655 2558 2643
f 2969 2926 2915
f 2752 2994 3150
f 2462 2461 3135
f 3066 2908 3014
f 3011 2908 2910
f 411 2458 607
f 2995 2766 2768
f 1533 1516 2878
f 2579 2581 2874
f 2454 2453 2477
f 2862 2994 2752
f 3015 3065 3014
f 3136 3053 2910
f 315 408 2975
f 2494 2646 2445
f 799 2835 797
f 2910 3053 3011
f 2907 2906 2915
f 3053 3136 2461
f 3053 2973 3011
f 3015 3008 3150
f 2873 3081 3067
f 3053 2461 2515
f 3113 3016 3115
f 3014 2956 3007
f 3008 3015 3007
f 2864 2490 2889
f 3158 2741 3099
f 3011 3032 2954
f 3011 3010 3032
f 3107 2991 3128
f 2757 2756 2648
f 3133 2942 3058
f 180 337 2450
f 766 2583 767
f 2955 2954 3130
f 3130 2954 3032
f 3127 3128 2991
f 230 2479 2478
f 3007 2760 2764
f 2824 2760 3007
f 3120 3032 3163
f 3032 3031 3163
f 2955 3130 3126
f 2907 2470 2825
f 3126 2824 3007
f 3062 3120 3163
f 2797 2796 2886
f 3163 3031 3075
f 2938 3031 3010
f 3075 3062 3163
f 2493 2469 318
f 3005 3009 3126
f 3121 3062 3064
f 3031 2883 2644
f 3004 3009 3005
f 3005 3121 3003
f 2876 2889 2869
f 3004 3141 3009
f 3062 3075 3063
f 2871 2476 3075
f 2670 2599 2630
f 3009 2817 2816
f 2982 2981 3040
f 2503 2505 2542
f 3074 3009 3141
f 2476 2942 3063
f 3009 3074 2960
f 3074 3141 2968
f 2912 3041 3040
f 3004 3022 3141
f 2621 2620 2878
f 3023 3022 3004
f 2935 3146 3035
f 2934 3146 2935
f 2959 2960 3074
f 3004 3077 3023
f 3087 2904 3158
f 3038 3132 3039
f 2475 2998 2942
f 3035 3089 3077
f 3160 3145 2934
f 2926 2969 3024
f 3077 3091 2926
f 3154 3145 3160
f 3154 3160 2949
f 285 2513 730
f 3059 3058 2944
f 3145 3090 3089
f 2742 2741 2905
f 3060 3059 2911
f 3090 3145 3154
f 2335 2481 2397
f 2625 2624 2743
f 2475 2484 2998
f 2998 2957 2943
f 3124 2944 2943
f 2881 2882 2894
f 2906 2967 2969
f 1297 1001 995
f 2643 2205 2541
f 2925 3144 2923
f 2583 2889 2584
f 2949 3160 2950
f 2483 793 791
f 2825 2809 2815
f 3160 3047 2950
f 3124 2943 2958
f 2951 2950 3047
f 2694 2587 2695
f 2844 2538 2896
f 2484 3149 2957
f 3140 3002 2992
f 2548 2550 2556
f 2958 3123 3124
f 3154 2949 3098
f 2538 2844 2840
f 3098 2949 2951
f 2456 2671 2626
f 3154 3098 3051
f 2957 3106 2958
f 2958 3138 3123
f 2907 2914 3006
f 2927 2805 2691
f 2691 2692 2914
f 3087 3047 2986
f 3127 3149 2850
f 3039 2957 3148
f 3038 2992 3041
f 3138 2958 3106
f 3143 2986 2980
f 3052 2806 2805
f 3148 3149 3127
f 3148 3127 3039
f 3138 3041 3123
f 3006 2692 2470
f 3143 3114 2901
f 3098 3158 3099
f 2783 2709 2708
f 2647 2850 3149
f 3164 3165 3166
f 3167 3168 3169
f 3170 3171 3172
f 2337 2336 3173
f 3174 3175 3176
f 3177 3178 3179
f 3175 3180 3176
f 3181 3182 3183
f 3184 3185 3186
f 3187 3188 3189
f 3173 2336 3190
f 3172 3191 2337
f 3192 3193 3179
f 3194 3195 3196
f 3197 3173 3198
f 3170 3199 3171
f 3200 2151 3201
f 3184 3186 3202
f 3199 3170 3197
f 3203 3176 3204
f 3205 3206 3207
f 3194 3199 3195
f 3169 3208 3167
f 3209 3210 3211
f 3212 3210 3209
f 3186 3213 3202
f 3199 3197 3214
f 3197 3165 3214
f 3215 3216 3217
f 3198 3190 3218
f 3219 3220 3221
f 3222 2976 3055
f 3223 3224 3225
f 3226 3227 3228
f 3229 3230 3231
f 3232 3195 3199
f 3233 3234 3235
f 3236 3193 3237
f 3238 3239 3192
f 3240 3188 2409
f 3241 3200 3242
f 3243 3244 3245
f 3246 3207 3247
f 3248 2148 3241
f 3217 3249 3250
f 3213 3204 3202
f 3251 3196 3252
f 3253 3254 3203
f 3255 3256 3257
f 3258 3238 3259
f 3232 3252 3196
f 3260 3261 3262
f 3263 3264 3265
f 3235 3266 3233
f 3267 3268 3269
f 3251 3270 3271
f 3272 3273 3211
f 3274 3275 3276
f 3198 3277 3165
f 3221 3278 3246
f 3279 3189 3280
f 3232 3214 3281
f 3261 3266 3282
f 3198 3241 3277
f 3245 3216 3243
f 3283 3284 3236
f 3285 3286 3287
f 3288 3259 3289
f 2151 2153 3290
f 2631 3291 3292
f 3293 3294 3295
f 3296 3297 3298
f 3299 3300 3301
f 3204 3213 3302
f 3303 3249 3217
f 3173 3172 2337
f 3304 3305 3306
f 3167 3307 3308
f 3100 2948 3309
f 3269 3259 3288
f 3262 3310 3311
f 3312 3232 3281
f 3313 3314 3315
f 3281 3316 3317
f 3318 3201 3290
f 3267 3264 3319
f 3290 2153 3320
f 3295 3294 3252
f 3321 3322 3323
f 3294 3251 3252
f 3324 3284 2929
f 3294 3270 3251
f 3317 3312 3281
f 3213 3325 3326
f 3316 3215 3317
f 2440 3327 2402
f 3277 3328 3166
f 3329 3330 3331
f 3201 3332 3200
f 3320 3318 3290
f 3333 3334 3335
f 3333 3335 3336
f 3337 3324 3338
f 3207 3206 3247
f 3339 3340 3341
f 3342 3343 3312
f 3263 3344 3264
f 3345 3270 3294
f 3328 3277 3346
f 3347 3224 3223
f 3241 3242 3277
f 3242 3200 3332
f 3348 3249 3349
f 3286 3285 3350
f 3318 3332 3201
f 3252 3351 3295
f 3352 3312 3317
f 3215 3164 3243
f 3353 3354 3355
f 3356 3357 3358
f 3210 3359 3249
f 3332 3318 3360
f 3189 3361 3187
f 2247 3320 2153
f 3322 3321 3362
f 3230 3342 3231
f 3166 3328 3363
f 3327 2440 3364
f 3365 3366 3367
f 3328 3346 3361
f 3368 3301 3300
f 3209 3211 3273
f 3239 3369 3310
f 3360 3346 3332
f 3320 2247 3370
f 3324 3371 3284
f 3372 3362 3373
f 3247 3357 3356
f 3230 3229 3351
f 3374 3317 3215
f 3328 3244 3363
f 3375 3326 3325
f 3376 3377 3357
f 3308 3362 3372
f 3222 3338 2948
f 3229 3293 3295
f 3242 3346 3277
f 3361 3318 3187
f 3370 3187 3320
f 3208 3231 3307
f 3307 3352 3374
f 3378 3354 3379
f 3338 3309 2948
f 3380 3381 3304
f 3382 3328 3361
f 3312 3231 3342
f 3346 3318 3361
f 3383 3384 3385
f 3169 3377 3376
f 3236 3386 3283
f 3177 3179 3193
f 3310 3315 3387
f 3208 3229 3231
f 3388 3291 2631
f 3376 3206 3293
f 3310 3262 3389
f 3220 3390 3391
f 3392 2997 2945
f 3235 3393 3394
f 3179 3259 3238
f 3180 3184 3202
f 3395 3350 3285
f 3395 3285 3396
f 3303 3217 3216
f 3310 3397 3239
f 3171 3191 3172
f 3398 3399 3382
f 3398 3382 3279
f 3265 3288 3289
f 2631 2673 3388
f 3188 3187 3400
f 3329 3401 3402
f 3329 3402 3403
f 3376 3229 3169
f 3167 3208 3307
f 3308 3307 3322
f 3404 2350 2349
f 3387 3315 3314
f 3322 3307 3405
f 3203 3254 3255
f 3276 3406 3407
f 3276 3407 3274
f 3405 3250 3249
f 3170 3172 3173
f 3408 3239 3397
f 3409 3344 3326
f 3380 3240 3381
f 3410 3411 3412
f 3398 3244 3399
f 3244 3398 3245
f 3187 3318 3320
f 3168 3413 3411
f 3188 3400 2442
f 3414 3228 3227
f 3248 3218 3190
f 3211 3303 3245
f 3415 3240 3380
f 2148 3200 3241
f 3359 3210 3212
f 3168 3167 3413
f 3398 3380 3211
f 3287 3355 3278
f 2409 3188 2332
f 3416 3282 3275
f 3169 3417 3377
f 3297 3278 3418
f 3268 3418 3378
f 3288 3265 3264
f 3266 3261 3260
f 3298 3264 3344
f 3413 3167 3336
f 3419 3321 3348
f 3212 3420 3225
f 3212 3225 3224
f 3308 3336 3167
f 3249 3348 3323
f 3421 3298 3297
f 3422 3345 3205
f 3423 3255 3254
f 3287 3286 3355
f 3286 3350 3424
f 3284 3283 2929
f 3220 3219 3425
f 3426 3427 3408
f 3353 3355 3286
f 3372 3336 3308
f 3222 3337 3338
f 3428 3411 3367
f 3343 3252 3232
f 3429 3373 3362
f 3386 3392 2945
f 3430 3220 3391
f 3431 3385 3384
f 3202 3204 3180
f 3240 3432 3381
f 2409 3432 3240
f 3340 3416 3341
f 3377 3417 3433
f 3179 3238 3192
f 3287 3430 3285
f 3357 3433 3358
f 3100 3309 2929
f 3417 3168 3411
f 3266 3260 3379
f 3430 3221 3220
f 3345 3325 3270
f 3253 3203 3302
f 3283 3386 2920
f 3182 3373 3429
f 3296 3207 3246
f 3175 3291 3301
f 3398 3211 3245
f 3393 3434 3406
f 3393 3406 3276
f 3298 3409 3375
f 3435 3436 3391
f 3250 3374 3215
f 3381 3432 3304
f 3432 2409 2408
f 3219 3356 3437
f 3429 3321 3419
f 3426 3397 3438
f 2408 3304 3432
f 3330 3425 3437
f 3182 3429 3419
f 3341 3416 3439
f 3359 3212 3349
f 3272 3440 3273
f 3272 3304 3306
f 3441 3273 3440
f 3442 3365 3433
f 3342 3230 3252
f 3443 3331 3437
f 3331 3367 3329
f 3428 3442 3411
f 3444 3445 3446
f 3444 3446 3447
f 3448 3449 3411
f 3448 3411 3413
f 3448 3413 3450
f 3451 3182 3419
f 3224 3451 3349
f 3254 3253 3452
f 3440 3272 3306
f 2410 3227 2408
f 2408 3227 3453
f 3428 3365 3442
f 3173 3197 3170
f 3313 3315 3454
f 3350 3395 3455
f 3350 3455 3424
f 3456 3220 3425
f 3331 3443 3365
f 3437 3331 3330
f 3238 3258 3239
f 3408 3397 3426
f 3447 3273 3444
f 3182 3451 3224
f 3224 3347 3183
f 3224 3183 3182
f 3457 3209 3447
f 3457 3447 3458
f 3273 3441 3444
f 3441 3306 3305
f 3218 3248 3241
f 3249 3303 3210
f 3305 3453 3385
f 3423 3337 3256
f 3459 3460 3227
f 3459 3227 2410
f 3461 3462 3463
f 3300 3464 3465
f 3466 3467 3274
f 3428 3367 3366
f 3468 3367 3411
f 3468 3411 3410
f 3458 3447 3469
f 3237 3193 3192
f 3385 3441 3305
f 3344 3470 3326
f 3247 3206 3357
f 3446 3469 3447
f 3276 3275 3394
f 3283 2920 2929
f 3271 3186 3251
f 3404 3471 2350
f 3227 3226 3383
f 3227 3383 3385
f 3211 3210 3303
f 3310 3389 3315
f 3198 3173 3190
f 3423 3254 3337
f 3472 3473 3260
f 3385 3431 3474
f 3385 3474 3441
f 3445 3444 3475
f 3330 3329 3403
f 3206 3205 3345
f 3468 3476 3367
f 3477 3478 3393
f 3178 3177 3254
f 3298 3344 3409
f 3267 3288 3264
f 3266 3353 3286
f 3356 3246 3247
f 3192 3239 3408
f 3479 3274 3467
f 3319 3421 3267
f 3401 3329 3367
f 3401 3367 3476
f 3326 3302 3213
f 3389 3454 3315
f 3319 3298 3421
f 3377 3433 3357
f 3480 3390 3481
f 3480 3481 3482
f 3234 3483 3477
f 3234 3477 3393
f 3269 3268 3378
f 3343 3232 3312
f 3453 3227 3385
f 3393 3276 3394
f 3185 3484 3186
f 3176 3203 3255
f 3178 3289 3179
f 3220 3456 3390
f 3338 3324 3309
f 3387 3438 3397
f 3180 3204 3176
f 3481 3330 3403
f 3260 3473 3379
f 3257 3118 3485
f 3261 3454 3262
f 3285 3430 3391
f 3485 2511 3486
f 3367 3331 3365
f 3408 3427 3237
f 3275 3282 3394
f 3165 3164 3316
f 3487 3434 3393
f 3371 3193 3284
f 3488 3483 3234
f 3488 3234 3424
f 3470 3344 3452
f 3489 3490 3439
f 3489 3439 3275
f 3310 3387 3397
f 3195 3232 3196
f 3258 3491 3311
f 3396 3285 3492
f 3262 3454 3389
f 3462 3426 3463
f 3311 3369 3258
f 3254 3177 3371
f 3323 3348 3321
f 3473 3378 3379
f 3266 3379 3353
f 3465 3464 3493
f 3491 3258 3259
f 3427 3462 3237
f 3472 3491 3269
f 3178 3254 3452
f 3494 3495 3454
f 3392 3237 3462
f 3457 3420 3212
f 3457 3212 3209
f 3463 3426 3438
f 3306 3441 3440
f 3376 3293 3229
f 3403 3496 3497
f 3403 3497 3481
f 3437 3425 3219
f 3349 3249 3359
f 2151 3290 3201
f 3165 3316 3281
f 3272 3380 3304
f 3248 3190 2336
f 3437 3356 3358
f 3185 3194 3484
f 3490 3498 3439
f 3214 3232 3199
f 3204 3302 3203
f 3400 2250 2442
f 3253 3302 3470
f 3465 3194 3185
f 3271 3325 3213
f 3236 3237 3386
f 3452 3263 3178
f 3269 3473 3472
f 2438 3499 2428
f 3375 3422 3296
f 3252 3230 3351
f 3349 3212 3224
f 3494 3339 3495
f 3500 3390 3480
f 3255 3257 3174
f 3494 3261 3339
f 3179 3289 3259
f 3339 3261 3340
f 3253 3470 3452
f 3187 3501 3400
f 3185 3301 3368
f 3118 3088 3485
f 3402 3496 3403
f 3485 3088 2511
f 3324 3337 3254
f 2698 2428 3499
f 3452 3344 3263
f 3288 3267 3269
f 3208 3169 3229
f 3332 3346 3242
f 3502 3373 3182
f 3502 3182 3503
f 3318 3346 3360
f 3374 3405 3307
f 3348 3349 3419
f 3235 3234 3393
f 3257 3055 3118
f 3435 3391 3390
f 3435 3390 3500
f 3460 3414 3227
f 3243 3164 3363
f 3312 3352 3231
f 3191 2441 2403
f 3264 3298 3319
f 3369 3239 3258
f 3486 3174 3257
f 3254 3371 3324
f 3473 3269 3378
f 3280 3188 3240
f 3425 3481 3456
f 3234 3233 3424
f 3222 3256 3337
f 3355 3354 3418
f 3430 3287 3221
f 3375 3296 3298
f 3494 3454 3261
f 3222 2948 2976
f 3221 3287 3278
f 3055 3257 3256
f 3317 3374 3352
f 3375 3409 3326
f 3378 3418 3354
f 3322 3405 3323
f 3296 3205 3207
f 3198 3218 3241
f 3342 3252 3343
f 3361 3189 3279
f 3374 3250 3405
f 3418 3421 3297
f 2622 3292 2510
f 3451 3419 3349
f 3245 3303 3216
f 3221 3246 3219
f 3443 3358 3433
f 3233 3266 3286
f 3462 3461 3504
f 3297 3296 3278
f 3443 3433 3365
f 3277 3166 3165
f 3422 3375 3325
f 3474 3475 3444
f 3474 3444 3441
f 3380 3398 3415
f 3501 3370 2247
f 3489 3275 3274
f 3489 3274 3479
f 3449 3412 3411
f 3373 3333 3336
f 3407 3466 3274
f 3286 3424 3233
f 3296 3246 3278
f 3193 3236 3284
f 3487 3393 3478
f 3299 2673 2698
f 3188 3280 3189
f 3501 3187 3370
f 3196 3251 3186
f 3199 3194 3171
f 3426 3462 3427
f 3486 3291 3175
f 2673 3299 3388
f 3499 3464 2698
f 3345 3422 3325
f 3275 3439 3416
f 3293 3206 3345
f 3299 2698 3464
f 2332 3188 2442
f 3416 3340 3282
f 3309 3324 2929
f 3443 3437 3358
f 3388 3299 3301
f 3176 3255 3174
f 3482 3481 3497
f 3491 3472 3262
f 3356 3219 3246
f 3262 3311 3491
f 3354 3353 3379
f 3399 3328 3382
f 3260 3262 3472
f 3504 2997 3462
f 3394 3266 3235
f 3214 3165 3281
f 3499 2438 3464
f 3355 3418 3278
f 2148 3248 2336
f 3280 3240 3279
f 3216 3215 3243
f 3464 3300 3299
f 2438 3493 3464
f 3423 3256 3255
f 3327 2438 2402
f 3493 2438 3327
f 3250 3215 3217
f 3237 3392 3386
f 3391 3436 3492
f 3391 3492 3285
f 3261 3282 3340
f 3271 3213 3186
f 3471 3459 2410
f 3471 2410 2350
f 2945 2920 3386
f 3198 3165 3197
f 3455 3488 3424
f 3196 3186 3484
f 3417 3169 3168
f 3257 3485 3486
f 3421 3418 3268
f 3231 3352 3307
f 3279 3415 3398
f 3357 3206 3376
f 3237 3192 3408
f 3345 3294 3293
f 3268 3267 3421
f 3470 3302 3326
f 2622 2631 3292
f 3453 3305 2408
f 3364 3493 3327
f 3270 3325 3271
f 3501 2247 2251
f 3191 2440 2441
f 3321 3429 3362
f 3442 3433 3417
f 3295 3351 3229
f 3366 3365 3428
f 2251 2239 2230
f 3368 3300 3465
f 2250 3400 2251
f 3388 3301 3291
f 3296 3422 3205
f 3484 3194 3196
f 3266 3394 3282
f 3291 3486 3292
f 3185 3368 3465
f 3177 3193 3371
f 3364 2440 3191
f 3456 3481 3390
f 3244 3243 3363
f 3442 3417 3411
f 2403 2337 3191
f 3465 3493 3364
f 2511 2510 3292
f 3308 3322 3362
f 3292 3486 2511
f 3505 3333 3373
f 3505 3373 3502
f 3305 3304 2408
f 3336 3372 3373
f 3382 3361 3279
f 3249 3323 3405
f 2251 3400 3501
f 3263 3265 3178
f 3191 3171 3364
f 3222 3055 3256
f 3265 3289 3178
f 3269 3491 3259
f 3279 3240 3415
f 3481 3425 3330
f 2239 2251 2247
f 3175 3301 3180
f 3465 3364 3171
f 3209 3273 3447
f 3328 3399 3244
f 3185 3184 3301
f 3272 3211 3380
f 3310 3369 3311
f 3184 3180 3301
f 3164 3166 3363
f 3465 3171 3194
f 3392 3462 2997
f 3215 3316 3164
f 3486 3175 3174
f 3505 3334 3333
f 3336 3335 3450
f 3336 3450 3413
f 2151 3200 2148
f 3181 3503 3182
f 3506 3507 3508
f 3509 3510 3511
f 266 3512 481
f 3513 3514 3515
f 3516 3517 3518
f 1326 3119 2921
f 3519 3520 3511
f 3521 3522 3523
f 3495 3524 3525
f 3341 3439 3526
f 3526 3527 3341
f 3528 3529 3530
f 1407 626 3531
f 3514 3532 3533
f 3511 3510 3534
f 3535 281 3536
f 3341 3527 3339
f 3522 3537 3538
f 3539 3540 3529
f 3517 3541 3542
f 3517 3542 3508
f 3511 3520 3509
f 3543 3540 3506
f 3543 3506 3544
f 3534 3510 639
f 3439 3517 3526
f 3525 3524 3545
f 3508 3542 3544
f 3508 3544 3506
f 3525 3545 3539
f 3313 3546 3547
f 3548 3461 3549
f 3533 3523 3525
f 3519 3511 3550
f 1407 3531 3551
f 3097 1326 2921
f 3097 2997 1035
f 3514 3539 3515
f 3552 3521 3532
f 1035 3548 1275
f 3531 626 510
f 3504 1035 2997
f 3525 3553 3495
f 281 3535 1418
f 3543 3530 3529
f 3543 3529 3540
f 3513 3551 3531
f 3554 1407 3555
f 3528 3556 3529
f 3387 3314 3537
f 3533 3532 3521
f 3438 3387 3520
f 3339 3527 3524
f 3461 3548 3504
f 3557 3558 3536
f 3558 3537 3522
f 481 3512 3534
f 3554 1408 1407
f 3535 3532 509
f 3529 3556 3559
f 3529 3559 3560
f 3438 3520 3519
f 3557 283 639
f 3545 3524 3527
f 3507 3526 3517
f 3495 3339 3524
f 3509 3561 3558
f 3550 3463 3519
f 3562 3547 3546
f 3557 3536 281
f 3549 3550 3512
f 3506 3540 3539
f 3097 1035 1326
f 3523 3562 3525
f 3549 1275 3548
f 3527 3507 3545
f 3498 3563 3517
f 3498 3517 3439
f 3522 3538 3562
f 3534 639 481
f 3564 3565 3513
f 3564 3513 3560
f 3119 1326 933
f 3546 3313 3454
f 3454 3495 3546
f 3557 3509 3558
f 3525 3562 3553
f 3507 3506 3545
f 3553 3562 3546
f 639 3510 3557
f 3517 3508 3507
f 3532 3513 3531
f 3513 3515 3560
f 3546 3495 3553
f 3314 3538 3537
f 3555 1407 3551
f 3555 3551 3566
f 3521 3558 3522
f 3567 266 1275
f 3461 3463 3549
f 3525 3514 3533
f 3552 3532 3535
f 3568 3564 3560
f 3537 3520 3387
f 3510 3509 3557
f 3513 3532 3514
f 3539 3514 3525
f 3521 3523 3533
f 3568 3560 3559
f 3538 3547 3562
f 3526 3507 3527
f 3537 3558 3561
f 3567 3512 266
f 3534 3550 3511
f 3516 3541 3517
f 3535 3536 3552
f 3522 3562 3523
f 3558 3521 3536
f 3521 3552 3536
f 510 509 3531
f 3561 3520 3537
f 3561 3509 3520
f 3567 1275 3549
f 3463 3550 3549
f 3531 509 3532
f 1035 3504 3548
f 3515 3529 3560
f 3529 3515 3539
f 281 283 3557
f 3438 3519 3463
f 3549 3512 3567
f 3566 3551 3513
f 3566 3513 3565
f 3550 3534 3512
f 3314 3313 3538
f 3535 509 1418
f 3506 3539 3545
f 3518 3517 3563
f 3313 3547 3538
f 3569 828 594
f 3569 671 828
f 3569 670 671
f 3569 349 670
f 3569 347 349
f 3569 1312 347
f 3569 1368 1312
f 3569 1367 1368
f 3569 1013 1367
f 3569 736 1013
f 3569 734 736
f 3569 997 734
f 3569 574 997
f 3569 561 574
f 3569 562 561
f 3569 570 562
f 3569 575 570
f 3569 660 575
f 3569 572 660
f 3569 569 572
f 3569 566 569
f 3569 641 566
f 3569 960 641
f 3569 531 960
f 3569 529 531
f 3569 694 529
f 3569 693 694
f 3569 706 693
f 3569 1434 706
f 3569 698 1434
f 3569 695 698
f 3569 1310 695
f 3569 1311 1310
f 3569 199 1311
f 3569 196 199
f 3569 1110 196
f 3569 705 1110
f 3569 704 705
f 3569 310 704
f 3569 308 310
f 3569 1018 308
f 3569 1268 1018
f 3569 1249 1268
f 3569 1250 1249
f 3569 1261 1250
f 3569 2065 1261
f 3569 2145 2065
f 3569 2144 2145
f 3569 2155 2144
f 3569 2184 2155
f 3569 2182 2184
f 3569 2181 2182
f 3569 2180 2181
f 3569 1945 2180
f 3569 1944 1945
f 3569 1942 1944
f 3569 2026 1942
f 3569 2027 2026
f 3569 2175 2027
f 3569 1980 2175
f 3569 1981 1980
f 3569 2178 1981
f 3569 2179 2178
f 3569 2172 2179
f 3569 2170 2172
f 3569 2349 2170
f 3569 3404 2349
f 3569 3471 3404
f 3569 3459 3471
f 3569 3460 3459
f 3569 3414 3460
f 3569 3228 3414
f 3569 3226 3228
f 3569 3383 3226
f 3569 3384 3383
f 3569 3431 3384
f 3569 3474 3431
f 3569 3475 3474
f 3569 3445 3475
f 3569 3446 3445
f 3569 3469 3446
f 3569 3458 3469
f 3569 3457 3458
f 3569 3420 3457
f 3569 3225 3420
f 3569 3223 3225
f 3569 3347 3223
f 3569 3183 3347
f 3569 3181 3183
f 3569 3503 3181
f 3569 3502 3503
f 3569 3505 3502
f 3569 3334 3505
f 3569 3335 3334
f 3569 3450 3335
f 3569 3448 3450
f 3569 3449 3448
f 3569 3412 3449
f 3569 3410 3412
f 3569 3468 3410
f 3569 3476 3468
f 3569 3401 3476
f 3569 3402 3401
f 3569 3496 3402
f 3569 3497 3496
f 3569 3482 3497
f 3569 3480 3482
f 3569 3500 3480
f 3569 3435 3500
f 3569 3436 3435
f 3569 3492 3436
f 3569 3396 3492
f 3569 3395 3396
f 3569 3455 3395
f 3569 3488 3455
f 3569 3483 3488
f 3569 3477 3483
f 3569 3478 3477
f 3569 3487 3478
f 3569 3434 3487
f 3569 3406 3434
f 3569 3407 3406
f 3569 3466 3407
f 3569 3467 3466
f 3569 3479 3467
f 3569 3489 3479
f 3569 3490 3489
f 3569 3498 3490
f 3569 3563 3498
f 3569 3518 3563
f 3569 3516 3518
f 3569 3541 3516
f 3569 3542 3541
f 3569 3544 3542
f 3569 3543 3544
f 3569 3530 3543
f 3569 3528 3530
f 3569 3556 3528
f 3569 3559 3556
f 3569 3568 3559
f 3569 3564 3568
f 3569 3565 3564
f 3569 3566 3565
f 3569 3555 3566
f 3569 3554 3555
f 3569 1408 3554
f 3569 881 1408
f 3569 882 881
f 3569 1086 882
f 3569 1375 1086
f 3569 1369 1375
f 3569 1294 1369
f 3569 833 1294
f 3569 596 833
f 3569 594 596
